receive_timestamp,scenario_id,device_id,sequence_number,true_attack_type,true_drift_type,known_prediction,decision,raw_decision,drift_aware_decision,confidence,anomaly_score,drift_detected,drift_features,adaptation_allowed,adaptation_updated,adaptation_reason,adaptation_features,adaptation_references,approved_drift_features,feature_extraction_ms,model_inference_ms,total_detection_ms
2026-08-10T16:52:01.768826+00:00,communication_drift_01,meter_01,0,none,none,none,none,none,none,1.0,0.4724298323721194,0,,0,0,calibration_sample_not_trusted,,,,0.1483340747654438,9.412583895027637,9.585249936208129
2026-08-10T16:52:01.778558+00:00,communication_drift_01,meter_02,0,none,none,none,none,none,none,1.0,0.4397626953811676,0,,0,0,calibration_sample_not_trusted,,,,0.0588749535381794,6.387458881363273,6.4682080410420895
2026-08-10T16:52:01.785125+00:00,communication_drift_01,meter_03,0,none,none,none,none,none,none,1.0,0.4710051218189858,0,,0,0,calibration_sample_not_trusted,,,,0.053582945838570595,5.936624947935343,6.0096250381320715
2026-08-10T16:52:02.275831+00:00,communication_drift_01,meter_01,1,none,none,none,none,none,none,0.999969858801968,0.5163550426888058,0,,0,0,calibration_sample_not_trusted,,,,0.7860001642256975,21.80887502618134,22.65283395536244
2026-08-10T16:52:02.298895+00:00,communication_drift_01,meter_02,1,none,none,none,none,none,none,0.9999858576789721,0.4754698706700585,0,,0,0,calibration_sample_not_trusted,,,,0.326832989230752,12.37604208290577,12.728583998978138
2026-08-10T16:52:02.311785+00:00,communication_drift_01,meter_03,1,none,none,none,none,none,none,0.9999955608019496,0.4829702916533611,0,,0,0,calibration_sample_not_trusted,,,,0.1549581065773964,10.084375040605664,10.261165909469128
2026-08-10T16:52:02.781055+00:00,communication_drift_01,meter_01,2,none,none,none,none,none,none,0.9999973318946602,0.47596915836688203,0,,0,0,calibration_sample_not_trusted,,,,1.759875100106001,16.726207919418812,18.527957843616605
2026-08-10T16:52:02.800119+00:00,communication_drift_01,meter_02,2,none,none,none,none,none,none,0.9999589048358779,0.4595493803757297,0,,0,0,calibration_sample_not_trusted,,,,0.37308293394744396,10.623333975672722,11.018665973097086
2026-08-10T16:52:02.811282+00:00,communication_drift_01,meter_03,2,none,none,none,none,none,none,0.9999935082682295,0.4551038110534194,0,,0,0,calibration_sample_not_trusted,,,,0.22858288139104843,9.038875112310052,9.28337499499321
2026-08-10T16:52:03.282535+00:00,communication_drift_01,meter_01,3,none,none,none,none,none,none,0.9993746110185489,0.45205564023403494,0,,0,0,calibration_sample_not_trusted,,,,1.5936249401420355,18.644958036020398,20.26720903813839
2026-08-10T16:52:03.303151+00:00,communication_drift_01,meter_02,3,none,none,none,none,none,none,0.9999971656271208,0.5698561222919677,0,,0,0,calibration_sample_not_trusted,,,,0.35483413375914097,11.615833034738898,11.98650011792779
2026-08-10T16:52:03.315239+00:00,communication_drift_01,meter_03,3,none,none,none,none,none,none,0.9999499158296365,0.5167188246201846,0,,0,0,calibration_sample_not_trusted,,,,0.24174991995096207,9.533083066344261,9.790540905669332
2026-08-10T16:52:03.787516+00:00,communication_drift_01,meter_01,4,none,none,none,none,none,none,0.9999956883705285,0.45805869331879845,0,,0,0,calibration_sample_not_trusted,,,,1.2299579102545977,22.856415947899222,24.12650012411177
2026-08-10T16:52:03.812118+00:00,communication_drift_01,meter_02,4,none,none,none,none,none,none,0.9999919943358266,0.44273467504320657,0,,0,0,calibration_sample_not_trusted,,,,0.5020841490477324,12.264791876077652,12.788916006684303
2026-08-10T16:52:03.825063+00:00,communication_drift_01,meter_03,4,none,none,none,none,none,none,0.999995374741006,0.47723102087054253,0,,0,0,calibration_sample_not_trusted,,,,0.3002909943461418,9.70270810648799,10.028958087787032
2026-08-10T16:52:04.293309+00:00,communication_drift_01,meter_01,5,none,none,none,none,none,none,0.9999967770318084,0.46208322034907146,0,,0,0,calibration_sample_not_trusted,,,,1.1890411842614412,22.079833084717393,23.308957926928997
2026-08-10T16:52:04.317002+00:00,communication_drift_01,meter_02,5,none,none,none,none,none,none,0.9999907647412521,0.527664579576457,0,,0,0,calibration_sample_not_trusted,,,,0.5548328626900911,12.113749980926514,12.6910419203341
2026-08-10T16:52:04.329868+00:00,communication_drift_01,meter_03,5,none,none,none,none,none,none,0.9999980041912779,0.5040896833639682,0,,0,0,calibration_sample_not_trusted,,,,0.3299592062830925,9.498042054474354,9.844166925176978
2026-08-10T16:52:04.797641+00:00,communication_drift_01,meter_01,6,none,none,none,none,none,none,0.9999919122244453,0.5292428924855318,0,,0,0,calibration_sample_not_trusted,,,,1.2869169004261494,22.70658384077251,24.023792007938027
2026-08-10T16:52:04.822126+00:00,communication_drift_01,meter_02,6,none,none,none,none,none,none,0.9999945850121771,0.45599701126271713,0,,0,0,calibration_sample_not_trusted,,,,0.5064171273261309,12.649958953261375,13.174958061426878
2026-08-10T16:52:04.835415+00:00,communication_drift_01,meter_03,6,none,none,none,none,none,none,0.9999891378960123,0.46524801417725903,0,,0,0,calibration_sample_not_trusted,,,,0.3287079744040966,9.85849997960031,10.201874887570739
2026-08-10T16:52:05.301583+00:00,communication_drift_01,meter_01,7,none,none,none,none,none,none,0.9999958475425673,0.46153208553623837,0,,0,0,calibration_sample_not_trusted,,,,1.4078749809414148,22.260459139943123,23.698792094364762
2026-08-10T16:52:05.325609+00:00,communication_drift_01,meter_02,7,none,none,none,none,none,none,0.9999936722026372,0.4434548840368711,0,,0,0,calibration_sample_not_trusted,,,,0.5200828891247511,12.067625066265464,12.605500174686313
2026-08-10T16:52:05.338330+00:00,communication_drift_01,meter_03,7,none,none,none,none,none,none,0.9999954547387482,0.4916613797756554,0,,0,0,calibration_sample_not_trusted,,,,0.36045792512595654,9.558959165588021,9.933667024597526
2026-08-10T16:52:05.803589+00:00,communication_drift_01,meter_01,8,none,none,none,none,none,none,0.9999093781066014,0.4661050071001344,0,,0,0,calibration_sample_not_trusted,,,,1.163541804999113,20.822333870455623,22.01883401721716
2026-08-10T16:52:05.825888+00:00,communication_drift_01,meter_02,8,none,none,none,none,none,none,0.9999932495772289,0.4776985035862511,0,,0,0,calibration_sample_not_trusted,,,,0.552833080291748,13.172291917726398,13.747124932706356
2026-08-10T16:52:05.839748+00:00,communication_drift_01,meter_03,8,none,none,none,none,none,none,0.9999945341774609,0.45805399336219066,0,,0,0,calibration_sample_not_trusted,,,,0.3906658384948969,10.303542017936707,10.70879097096622
2026-08-10T16:52:06.308757+00:00,communication_drift_01,meter_01,9,none,none,none,none,none,none,0.9998392101436263,0.495211394628603,0,,0,0,calibration_sample_not_trusted,,,,1.4473751652985811,22.522708866745234,24.00383399799466
2026-08-10T16:52:06.333108+00:00,communication_drift_01,meter_02,9,none,none,none,none,none,none,0.9999964190562848,0.49301233182962867,0,,0,0,calibration_sample_not_trusted,,,,0.6314169149845839,12.09812518209219,12.750208843499422
2026-08-10T16:52:06.345996+00:00,communication_drift_01,meter_03,9,none,none,none,none,none,none,0.9999959502797878,0.4536007072426606,0,,0,0,calibration_sample_not_trusted,,,,0.3900418523699045,9.55437496304512,9.960083989426494
2026-08-10T16:52:06.813777+00:00,communication_drift_01,meter_01,10,none,none,none,none,none,none,0.999875850315531,0.4427803878918204,0,,0,0,calibration_sample_not_trusted,,,,1.7522911075502634,18.943208968266845,20.721458829939365
2026-08-10T16:52:06.834859+00:00,communication_drift_01,meter_02,10,none,none,none,none,none,none,0.9999921088648022,0.44474149702489585,0,,0,0,calibration_sample_not_trusted,,,,0.48745889216661453,11.65300002321601,12.155958916991949
2026-08-10T16:52:06.847106+00:00,communication_drift_01,meter_03,10,none,none,none,none,none,none,0.9999989587495735,0.4620029533402901,0,,0,0,calibration_sample_not_trusted,,,,0.3616251051425934,9.379124967381358,9.75570804439485
2026-08-10T16:52:07.314224+00:00,communication_drift_01,meter_01,11,none,none,none,none,none,none,0.9999978733414686,0.4497856241264591,0,,0,0,calibration_sample_not_trusted,,,,2.103750128298998,22.699667140841484,24.83379188925028
2026-08-10T16:52:07.339492+00:00,communication_drift_01,meter_02,11,none,none,none,none,none,none,0.999996557871822,0.4801933287447808,0,,0,0,calibration_sample_not_trusted,,,,0.6151669658720493,12.21920782700181,12.8521251026541
2026-08-10T16:52:07.352457+00:00,communication_drift_01,meter_03,11,none,none,none,none,none,none,0.999999558591664,0.5256567423665062,0,,0,0,calibration_sample_not_trusted,,,,0.41945907287299633,9.604332968592644,10.038250125944614
2026-08-10T16:52:07.819389+00:00,communication_drift_01,meter_01,12,none,none,none,unknown,unknown,unknown,0.9997955428634651,0.6491105192016577,0,,0,0,calibration_sample_not_trusted,,,,1.8180420156568289,21.61908312700689,23.466042010113597
2026-08-10T16:52:07.843276+00:00,communication_drift_01,meter_02,12,none,none,none,none,none,none,0.9999980754346509,0.44533163302308737,0,,0,0,calibration_sample_not_trusted,,,,0.6322921253740788,11.836959049105644,12.48654187656939
2026-08-10T16:52:07.855877+00:00,communication_drift_01,meter_03,12,none,none,none,none,none,none,0.999998591824781,0.4662328797395175,0,,0,0,calibration_sample_not_trusted,,,,0.4402080085128546,9.637458948418498,10.091542033478618
2026-08-10T16:52:08.323459+00:00,communication_drift_01,meter_01,13,none,none,none,none,none,none,0.9999953863006255,0.45124909373758,0,,0,0,calibration_sample_not_trusted,,,,1.97554100304842,22.70537498407066,24.708291981369257
2026-08-10T16:52:08.348537+00:00,communication_drift_01,meter_02,13,none,none,none,none,none,none,0.9999985137642831,0.5077234557459471,0,,0,0,calibration_sample_not_trusted,,,,0.6588748656213284,12.043166905641556,12.718667043372989
2026-08-10T16:52:08.361366+00:00,communication_drift_01,meter_03,13,none,none,none,none,none,none,0.9999975088869664,0.4835424171405109,0,,0,0,calibration_sample_not_trusted,,,,0.45079109258949757,9.478916181251407,9.94308409281075
2026-08-10T16:52:08.827854+00:00,communication_drift_01,meter_01,14,none,none,none,none,none,none,0.999998341597932,0.4405278578779772,0,,0,0,calibration_sample_not_trusted,,,,1.9572910387068987,20.002540899440646,21.992750000208616
2026-08-10T16:52:08.850234+00:00,communication_drift_01,meter_02,14,none,none,none,none,none,none,0.9999977436528215,0.4542799493581668,0,,0,0,calibration_sample_not_trusted,,,,0.6382500287145376,11.625375133007765,12.284041848033667
2026-08-10T16:52:08.862638+00:00,communication_drift_01,meter_03,14,none,none,none,none,none,none,0.999999238301793,0.46315636440086116,0,,0,0,calibration_sample_not_trusted,,,,0.4577499348670244,9.50525002554059,9.978999849408865
2026-08-10T16:52:09.330673+00:00,communication_drift_01,meter_01,15,none,none,none,none,none,none,0.9999898154620634,0.46935360746004073,0,,0,0,calibration_sample_not_trusted,,,,1.7719999887049198,22.23820798099041,24.038375122472644
2026-08-10T16:52:09.355109+00:00,communication_drift_01,meter_02,15,none,none,none,none,none,none,0.9999983379067608,0.46046420230807034,0,,0,0,calibration_sample_not_trusted,,,,0.7132918108254671,11.955624911934137,12.686165980994701
2026-08-10T16:52:09.367903+00:00,communication_drift_01,meter_03,15,none,none,none,none,none,none,0.9999908397926565,0.46307133942817363,0,,0,0,calibration_sample_not_trusted,,,,0.4844169598072767,9.463250171393156,9.961583185940981
2026-08-10T16:52:09.835297+00:00,communication_drift_01,meter_01,16,none,none,none,none,none,none,0.9999960602167818,0.44721451375746263,0,,0,0,calibration_sample_not_trusted,,,,2.3997498210519552,20.934208994731307,23.360374849289656
2026-08-10T16:52:09.858987+00:00,communication_drift_01,meter_02,16,none,none,none,none,none,none,0.999997644475921,0.45509970833301416,0,,0,0,calibration_sample_not_trusted,,,,0.6424998864531517,12.00933288782835,12.669292045757174
2026-08-10T16:52:09.871765+00:00,communication_drift_01,meter_03,16,none,none,none,none,none,none,0.9999972980643675,0.4789236929566209,0,,0,0,calibration_sample_not_trusted,,,,0.5013749469071627,9.522417094558477,10.037957923486829
2026-08-10T16:52:10.334760+00:00,communication_drift_01,meter_01,17,none,none,none,none,none,none,0.9999942085437219,0.4494289533108552,0,,0,0,calibration_sample_not_trusted,,,,1.5206250827759504,22.46912498958409,24.01320799253881
2026-08-10T16:52:10.359062+00:00,communication_drift_01,meter_02,17,none,none,none,none,none,none,0.9999988911661539,0.45686433564991813,0,,0,0,calibration_sample_not_trusted,,,,0.7327089551836252,11.980124982073903,12.728750007227063
2026-08-10T16:52:10.371880+00:00,communication_drift_01,meter_03,17,none,none,none,none,none,none,0.9999994569519013,0.4968680585125361,0,,0,0,calibration_sample_not_trusted,,,,0.5012080073356628,9.578124852851033,10.093166958540678
2026-08-10T16:52:10.840529+00:00,communication_drift_01,meter_01,18,none,none,none,none,none,none,0.9999869723268058,0.4691650055406943,0,,0,0,calibration_sample_not_trusted,,,,2.593499841168523,19.0829171333462,21.700124954804778
2026-08-10T16:52:10.862595+00:00,communication_drift_01,meter_02,18,none,none,none,none,none,none,0.9999875002493628,0.4438209257049158,0,,0,0,calibration_sample_not_trusted,,,,0.6587088573724031,11.525458889082074,12.19970895908773
2026-08-10T16:52:10.874890+00:00,communication_drift_01,meter_03,18,none,none,none,none,none,none,0.9999988477697213,0.4515082663593046,0,,0,0,calibration_sample_not_trusted,,,,0.4755828995257616,9.58929187618196,10.078417137265205
2026-08-10T16:52:11.340797+00:00,communication_drift_01,meter_01,19,none,none,none,none,none,none,0.9999932350799241,0.4367571286110284,0,,0,0,calibration_sample_not_trusted,,,,2.1720831282436848,21.82487491518259,24.025541031733155
2026-08-10T16:52:11.365182+00:00,communication_drift_01,meter_02,19,none,none,none,none,none,none,0.999997042409133,0.4524440456466296,0,,0,0,calibration_sample_not_trusted,,,,0.716709066182375,11.9632079731673,12.697209138423204
2026-08-10T16:52:11.377992+00:00,communication_drift_01,meter_03,19,none,none,none,none,none,none,0.9999989770479415,0.46625977242858213,0,,0,0,calibration_sample_not_trusted,,,,0.5524998996406794,9.517916943877935,10.084708919748664
2026-08-10T16:52:11.845895+00:00,communication_drift_01,meter_01,20,none,none,none,none,none,none,0.9999959855840035,0.48029788160155457,0,,0,0,none,,,,3.4680000972002745,18.965041963383555,22.472291020676494
2026-08-10T16:52:11.868733+00:00,communication_drift_01,meter_02,20,none,none,none,none,none,none,0.999998868363689,0.4913635243137696,0,,0,0,none,,,,0.7235838565975428,11.328875087201595,12.069874908775091
2026-08-10T16:52:11.880896+00:00,communication_drift_01,meter_03,20,none,none,none,none,none,none,0.9999982994454282,0.4535418633852783,0,,0,0,none,,,,0.5082499701529741,9.336750023066998,9.860832942649722
2026-08-10T16:52:12.351101+00:00,communication_drift_01,meter_01,21,none,none,none,none,none,none,0.9999911999160803,0.488621771307384,0,,0,0,none,,,,2.3099170066416264,21.406833082437515,23.746582912281156
2026-08-10T16:52:12.375295+00:00,communication_drift_01,meter_02,21,none,none,none,none,none,none,0.999997094273358,0.5139518577054732,0,,0,0,none,,,,0.757874920964241,11.735707987099886,12.512166053056717
2026-08-10T16:52:12.387914+00:00,communication_drift_01,meter_03,21,none,none,none,none,none,none,0.9999974164345038,0.4637213354235022,0,,0,0,none,,,,0.5668750964105129,9.628207888454199,10.210332926362753
2026-08-10T16:52:12.856078+00:00,communication_drift_01,meter_01,22,none,none,none,none,none,none,0.9999947534525284,0.46829233164749173,0,,0,0,none,,,,2.630291972309351,20.342374918982387,23.001166991889477
2026-08-10T16:52:12.879421+00:00,communication_drift_01,meter_02,22,none,none,none,none,none,none,0.9999938841352229,0.44340332861558057,0,,0,0,none,,,,0.7396659348160028,11.649207910522819,12.406124966219068
2026-08-10T16:52:12.891924+00:00,communication_drift_01,meter_03,22,none,none,none,none,none,none,0.999998980744144,0.4758208707347191,0,,0,0,none,,,,0.5581669975072145,9.616499999538064,10.189707856625319
2026-08-10T16:52:13.361271+00:00,communication_drift_01,meter_01,23,none,none,none,none,none,none,0.999996397991674,0.45238274575631643,0,,0,0,none,,,,1.9673749338835478,20.849999971687794,22.85041706636548
2026-08-10T16:52:13.384451+00:00,communication_drift_01,meter_02,23,none,none,none,none,none,none,0.9999969600300675,0.4626973954677294,0,,0,0,none,,,,0.7505831308662891,11.742250062525272,12.510042171925306
2026-08-10T16:52:13.397048+00:00,communication_drift_01,meter_03,23,none,none,none,none,none,none,0.9999989887528317,0.45890544755250356,0,,0,0,none,,,,0.5549590568989515,9.65641695074737,10.225625010207295
2026-08-10T16:52:13.865175+00:00,communication_drift_01,meter_01,24,none,none,none,none,none,none,0.9999852085146764,0.4495344744570024,0,,0,0,none,,,,1.5878749545663595,22.193375043570995,23.815875174477696
2026-08-10T16:52:13.889233+00:00,communication_drift_01,meter_02,24,none,none,none,none,none,none,0.9999961555909855,0.46037487499189284,0,,0,0,none,,,,0.8459580130875111,12.612999882549047,13.480250025168061
2026-08-10T16:52:13.902839+00:00,communication_drift_01,meter_03,24,none,none,none,none,none,none,0.9999975754438594,0.5112703847681314,0,,0,0,none,,,,0.5761249922215939,9.671667125076056,10.262625059112906
2026-08-10T16:52:14.370551+00:00,communication_drift_01,meter_01,25,none,none,none,none,none,none,0.9999958191713214,0.5041236811340625,0,,0,0,none,,,,2.118875039741397,21.7484999448061,23.89499987475574
2026-08-10T16:52:14.394820+00:00,communication_drift_01,meter_02,25,none,none,none,none,none,none,0.9999974202016682,0.5449663894303863,0,,0,0,none,,,,0.6979589816182852,12.106625130400062,12.821999844163656
2026-08-10T16:52:14.407744+00:00,communication_drift_01,meter_03,25,none,none,none,none,none,none,0.999999463072185,0.5089417333961267,0,,0,0,none,,,,0.5610419902950525,9.607667103409767,10.182415833696723
2026-08-10T16:52:14.874326+00:00,communication_drift_01,meter_01,26,none,none,none,none,none,none,0.999994607632824,0.4505691792725144,0,,0,0,none,,,,2.029250143095851,21.91929193213582,23.984208004549146
2026-08-10T16:52:14.898601+00:00,communication_drift_01,meter_02,26,none,none,none,none,none,none,0.9999970626062927,0.4553043110827449,0,,0,0,none,,,,0.8586668409407139,12.156165903434157,13.03445897065103
2026-08-10T16:52:14.911756+00:00,communication_drift_01,meter_03,26,none,none,none,none,none,none,0.9999971312640681,0.46513918023447154,0,,0,0,none,,,,0.5498749669641256,9.56274988129735,10.1282917894423
2026-08-10T16:52:15.379638+00:00,communication_drift_01,meter_01,27,none,none,none,none,none,none,0.9999868513215858,0.4459707722353602,0,,0,0,none,,,,2.6213328819721937,20.618499955162406,23.271291982382536
2026-08-10T16:52:15.403264+00:00,communication_drift_01,meter_02,27,none,none,none,none,none,none,0.9999872067926724,0.44660348752030105,0,,0,0,none,,,,0.7227091118693352,11.66824996471405,12.408958049491048
2026-08-10T16:52:15.415771+00:00,communication_drift_01,meter_03,27,none,none,none,none,none,none,0.9999987078974781,0.44885119477147517,0,,0,0,none,,,,0.5773329176008701,9.514499921351671,10.10604202747345
2026-08-10T16:52:15.884619+00:00,communication_drift_01,meter_01,28,none,none,none,none,none,none,0.9999941656955996,0.5274012624263632,0,,0,0,none,,,,2.2159582003951073,22.173125064000487,24.414292071014643
2026-08-10T16:52:15.909403+00:00,communication_drift_01,meter_02,28,none,none,none,none,none,none,0.9999901162722337,0.46507942886144943,0,,0,0,none,,,,0.8217499125748873,11.981957824900746,12.820875039324164
2026-08-10T16:52:15.922313+00:00,communication_drift_01,meter_03,28,none,none,none,none,none,none,0.9999978541851746,0.5592823424219139,0,,0,0,none,,,,0.5620832089334726,9.450708981603384,10.026583913713694
2026-08-10T16:52:16.389649+00:00,communication_drift_01,meter_01,29,none,none,none,none,none,none,0.9999844148355664,0.46285008055513444,0,,0,0,none,,,,1.9994161557406187,21.62700006738305,23.651791037991643
2026-08-10T16:52:16.413591+00:00,communication_drift_01,meter_02,29,none,none,none,none,none,none,0.9999973244664904,0.5007754056464303,0,,0,0,none,,,,0.8062920533120632,11.948083061724901,12.77212519198656
2026-08-10T16:52:16.426454+00:00,communication_drift_01,meter_03,29,none,none,none,none,none,none,0.9999976068074212,0.466800460841993,0,,0,0,none,,,,0.583958113566041,9.550374932587147,10.148833971470594
2026-08-10T16:52:16.894360+00:00,communication_drift_01,meter_01,30,none,none,none,none,none,none,0.9999893362303448,0.44527413128703636,0,,0,0,none,,,,2.064500004053116,21.785042015835643,23.877416970208287
2026-08-10T16:52:16.918526+00:00,communication_drift_01,meter_02,30,none,none,none,none,none,none,0.9999971204235478,0.4446211138768691,0,,0,0,none,,,,0.7859158795326948,11.888208100572228,12.691166950389743
2026-08-10T16:52:16.931305+00:00,communication_drift_01,meter_03,30,none,none,none,none,none,none,0.9999973771293783,0.5702067320937281,0,,0,0,none,,,,0.5790831055492163,9.458000073209405,10.051042074337602
2026-08-10T16:52:17.394638+00:00,communication_drift_01,meter_01,31,none,none,none,none,none,none,0.99999196047369,0.5217961249974076,0,,0,0,none,,,,1.3432078994810581,20.970625104382634,22.34708284959197
2026-08-10T16:52:17.417258+00:00,communication_drift_01,meter_02,31,none,none,none,none,none,none,0.9999981431770869,0.548595011874346,0,,0,0,none,,,,0.8745419327169657,13.062292011454701,13.954750029370189
2026-08-10T16:52:17.431316+00:00,communication_drift_01,meter_03,31,none,none,none,none,none,none,0.9999990593191503,0.4765703104604036,0,,0,0,none,,,,0.6004590541124344,10.09920914657414,10.718416888266802
2026-08-10T16:52:17.900598+00:00,communication_drift_01,meter_01,32,none,none,none,none,none,none,0.9999893586572504,0.46255331228205115,0,,0,0,none,,,,2.471041865646839,19.081874983385205,21.57487510703504
2026-08-10T16:52:17.922535+00:00,communication_drift_01,meter_02,32,none,none,none,none,none,none,0.9999946114611253,0.46862016960594266,0,,0,0,none,,,,0.6697499193251133,11.538333026692271,12.223208090290427
2026-08-10T16:52:17.934836+00:00,communication_drift_01,meter_03,32,none,none,none,none,none,none,0.9999964627817752,0.4451747701194502,0,,0,0,none,,,,0.5224999040365219,9.376917034387589,9.9135828204453
2026-08-10T16:52:18.403387+00:00,communication_drift_01,meter_01,33,none,none,none,none,none,none,0.9999795737357619,0.5962366075015645,0,,0,0,none,,,,2.466083038598299,22.345916833728552,24.842833168804646
2026-08-10T16:52:18.428590+00:00,communication_drift_01,meter_02,33,none,none,none,none,none,none,0.9999971090638207,0.45630351475241837,0,,0,0,none,,,,0.8460839744657278,12.212000088766217,13.075541937723756
2026-08-10T16:52:18.441778+00:00,communication_drift_01,meter_03,33,none,none,none,none,none,none,0.9999932187095525,0.4622665627074763,0,,0,0,none,,,,0.585832865908742,10.023500071838498,10.623374953866005
2026-08-10T16:52:18.908571+00:00,communication_drift_01,meter_01,34,none,none,none,none,none,none,0.9999088802303987,0.47914314404964076,0,,0,0,none,,,,2.136124996468425,22.175916004925966,24.343041935935616
2026-08-10T16:52:18.933284+00:00,communication_drift_01,meter_02,34,none,none,none,none,none,none,0.9999907014969264,0.4512321352726818,0,,0,0,none,,,,0.8926251903176308,11.938666924834251,12.850125087425113
2026-08-10T16:52:18.946257+00:00,communication_drift_01,meter_03,34,none,none,none,none,none,none,0.9999986860354829,0.5190066969100097,0,,0,0,none,,,,0.5861669778823853,9.498291881754994,10.099833132699132
2026-08-10T16:52:19.413426+00:00,communication_drift_01,meter_01,35,none,none,none,none,none,none,0.9999634474050297,0.5211887949456724,0,,0,0,none,,,,2.2414999548345804,22.39191601984203,24.66170908883214
2026-08-10T16:52:19.438420+00:00,communication_drift_01,meter_02,35,none,none,none,none,none,none,0.9999952143949893,0.4647028619410868,0,,0,0,none,,,,0.8386669214814901,12.095666956156492,12.952249962836504
2026-08-10T16:52:19.451480+00:00,communication_drift_01,meter_03,35,none,none,none,none,none,none,0.9999961902145483,0.5620444485177625,0,,0,0,none,,,,0.6032499950379133,9.526167064905167,10.14362508431077
2026-08-10T16:52:19.915775+00:00,communication_drift_01,meter_01,36,none,none,none,none,none,none,0.999994902185285,0.45488194514127056,0,,0,0,none,,,,2.0325840450823307,21.78400009870529,23.85187498293817
2026-08-10T16:52:19.939945+00:00,communication_drift_01,meter_02,36,none,none,none,none,none,none,0.9999987576454754,0.4837552175975694,0,,0,0,none,,,,0.8702080231159925,11.875040829181671,12.764125131070614
2026-08-10T16:52:19.952840+00:00,communication_drift_01,meter_03,36,none,none,none,none,none,none,0.9999969326849707,0.433796759042996,0,,0,0,none,,,,0.5395000334829092,9.502874920144677,10.058291954919696
2026-08-10T16:52:20.421090+00:00,communication_drift_01,meter_01,37,none,none,none,none,none,none,0.9999828220179512,0.5794985830432271,0,,0,0,none,,,,2.6370419654995203,20.725333131849766,23.385749896988273
2026-08-10T16:52:20.444840+00:00,communication_drift_01,meter_02,37,none,none,none,none,none,none,0.9999993343314016,0.4374309963101371,0,,0,0,none,,,,0.6959158927202225,11.604166124016047,12.318083085119724
2026-08-10T16:52:20.457250+00:00,communication_drift_01,meter_03,37,none,none,none,none,none,none,0.9999947172916396,0.540348652807185,0,,0,0,none,,,,0.5937919486314058,9.515540907159448,10.124665917828679
2026-08-10T16:52:20.926142+00:00,communication_drift_01,meter_01,38,none,none,none,none,none,none,0.999989536307148,0.5019064469727489,0,,0,0,none,,,,2.0459580700844526,21.71283308416605,23.789791157469153
2026-08-10T16:52:20.950233+00:00,communication_drift_01,meter_02,38,none,none,none,none,none,none,0.9999990499292704,0.49267978491596454,0,,0,0,none,,,,0.7914169691503048,11.94970915094018,12.758083175867796
2026-08-10T16:52:20.963094+00:00,communication_drift_01,meter_03,38,none,none,none,none,none,none,0.9999970740028751,0.4905126258040405,0,,0,0,none,,,,0.5630829837173223,9.462291141971946,10.039957938715816
2026-08-10T16:52:21.431279+00:00,communication_drift_01,meter_01,39,none,none,none,none,none,none,0.9999923052363967,0.5099209204895403,0,,0,0,none,,,,2.370499772951007,18.309833947569132,20.703834015876055
2026-08-10T16:52:21.452324+00:00,communication_drift_01,meter_02,39,none,none,none,none,none,none,0.9999995663523564,0.4787871331158218,0,,0,0,none,,,,0.6995829753577709,11.51141687296331,12.226915918290615
2026-08-10T16:52:21.464643+00:00,communication_drift_01,meter_03,39,none,none,none,none,none,none,0.9999988417285557,0.5182275342970936,0,,0,0,none,,,,0.5171250086277723,9.456499945372343,9.987541940063238
2026-08-10T16:52:21.936463+00:00,communication_drift_01,meter_01,40,none,none,none,none,none,none,0.999996295204956,0.4382051031735633,0,,0,0,none,,,,2.1861668210476637,22.3793329205364,24.594333954155445
2026-08-10T16:52:21.961441+00:00,communication_drift_01,meter_02,40,none,none,none,none,none,none,0.9999992557166837,0.44628439633941214,0,,0,0,none,,,,0.808333046734333,11.850582901388407,12.680792016908526
2026-08-10T16:52:21.974219+00:00,communication_drift_01,meter_03,40,none,none,none,none,none,none,0.9999981085896573,0.4398437724728154,0,,0,0,none,,,,0.5873749032616615,9.404417127370834,10.006958851590753
2026-08-10T16:52:22.441717+00:00,communication_drift_01,meter_01,41,none,none,none,none,none,none,0.9999979556382516,0.5475284107072872,0,,0,0,none,,,,1.9999579526484013,21.51474985294044,23.539333138614893
2026-08-10T16:52:22.465530+00:00,communication_drift_01,meter_02,41,none,none,none,none,none,none,0.9999994948541704,0.4840916104043057,0,,0,0,none,,,,0.691042048856616,11.681457981467247,12.389833107590675
2026-08-10T16:52:22.478012+00:00,communication_drift_01,meter_03,41,none,none,none,none,none,none,0.99999770334671,0.46431197060089485,0,,0,0,none,,,,0.5780002102255821,9.623500052839518,10.216250084340572
2026-08-10T16:52:22.942945+00:00,communication_drift_01,meter_01,42,none,none,none,none,none,none,0.9999947306139466,0.4519530979441879,0,,0,0,none,,,,1.9947919063270092,22.52204203978181,24.54862487502396
2026-08-10T16:52:22.967800+00:00,communication_drift_01,meter_02,42,none,none,none,none,none,none,0.999998773446165,0.43924671404524884,0,,0,0,none,,,,0.8245420176535845,12.278500013053417,13.122209114953876
2026-08-10T16:52:22.981025+00:00,communication_drift_01,meter_03,42,none,none,none,none,none,none,0.9999987755702231,0.5118365137188879,0,,0,0,none,,,,0.5708748940378428,9.638540912419558,10.223875055089593
2026-08-10T16:52:23.448590+00:00,communication_drift_01,meter_01,43,none,none,none,none,none,none,0.9999965578026311,0.45654073467188666,0,,0,0,none,,,,2.4217499885708094,21.624083863571286,24.07395886257291
2026-08-10T16:52:23.473031+00:00,communication_drift_01,meter_02,43,none,none,none,none,none,none,0.99999880301812,0.44185077985705234,0,,0,0,none,,,,0.7812501862645149,11.924833059310913,12.723041931167245
2026-08-10T16:52:23.485856+00:00,communication_drift_01,meter_03,43,none,none,none,none,none,none,0.999989901279904,0.45869562355676935,0,,0,0,none,,,,0.5808749701827765,9.756166022270918,10.3517088573426
2026-08-10T16:52:23.953596+00:00,communication_drift_01,meter_01,44,none,none,none,none,none,none,0.9999977019876183,0.4492298571395301,0,,0,0,none,,,,2.5390409864485264,21.800959017127752,24.370416067540646
2026-08-10T16:52:23.978346+00:00,communication_drift_01,meter_02,44,none,none,none,none,none,none,0.9999990791879382,0.44054424685552235,0,,0,0,none,,,,0.8182090241461992,12.117208912968636,12.95345788821578
2026-08-10T16:52:23.991412+00:00,communication_drift_01,meter_03,44,none,none,none,none,none,none,0.9999973004837731,0.4421351352094402,0,,0,0,none,,,,0.599999912083149,9.59291704930365,10.2077079936862
2026-08-10T16:52:24.453708+00:00,communication_drift_01,meter_01,45,none,none,none,none,none,none,0.9999949811108906,0.5003059024858786,0,,0,0,none,,,,1.3637919910252094,20.706208888441324,22.098832996562123
2026-08-10T16:52:24.476082+00:00,communication_drift_01,meter_02,45,none,none,none,none,none,none,0.9999988566594484,0.48686355967312206,0,,0,0,none,,,,0.8714168798178434,13.112041866406798,14.001625124365091
2026-08-10T16:52:24.490191+00:00,communication_drift_01,meter_03,45,none,none,none,none,none,none,0.9999993772759855,0.44338533548137005,0,,0,0,none,,,,0.6089590024203062,10.203916113823652,10.827874997630715
2026-08-10T16:52:24.959657+00:00,communication_drift_01,meter_01,46,none,none,none,none,none,none,0.9999966872948517,0.483300813626959,0,,0,0,none,,,,2.1122919861227274,21.84054208919406,23.9821660798043
2026-08-10T16:52:24.983933+00:00,communication_drift_01,meter_02,46,none,none,none,none,none,none,0.999998856857025,0.4806284263803439,0,,0,0,none,,,,0.8262908086180687,11.85166696086526,12.695791898295283
2026-08-10T16:52:24.996731+00:00,communication_drift_01,meter_03,46,none,none,none,none,none,none,0.9999900058580695,0.45866545428187044,0,,0,0,none,,,,0.5318750627338886,9.521458065137267,10.06754208356142
2026-08-10T16:52:25.461760+00:00,communication_drift_01,meter_01,47,none,none,none,none,none,none,0.9999978798365348,0.4559527230905601,0,,0,0,none,,,,2.0271658431738615,21.514000138267875,23.56587490066886
2026-08-10T16:52:25.485613+00:00,communication_drift_01,meter_02,47,none,none,none,none,none,none,0.9999990825482779,0.4467539867600488,0,,0,0,none,,,,0.7127090357244015,11.65366591885686,12.385167181491852
2026-08-10T16:52:25.498092+00:00,communication_drift_01,meter_03,47,none,none,none,none,none,none,0.9999975361673812,0.520265608427051,0,,0,0,none,,,,0.5698329769074917,9.574583964422345,10.159374913200736
2026-08-10T16:52:25.967035+00:00,communication_drift_01,meter_01,48,none,none,none,none,none,none,0.9999805770425773,0.5034642692903446,0,,0,0,none,,,,2.198917092755437,21.193666150793433,23.42037484049797
2026-08-10T16:52:25.990838+00:00,communication_drift_01,meter_02,48,none,none,none,none,none,none,0.9999995856779176,0.4986941785145831,0,,0,0,none,,,,0.6950420793145895,11.622542049735785,12.334750033915043
2026-08-10T16:52:26.003266+00:00,communication_drift_01,meter_03,48,none,none,none,none,none,none,0.9999982876448356,0.44203563506012683,0,,0,0,none,,,,0.5579579155892134,9.555916069075465,10.128416121006012
2026-08-10T16:52:26.470867+00:00,communication_drift_01,meter_01,49,none,none,none,none,none,none,0.9999974974058972,0.4629490044170878,0,,0,0,none,,,,2.225958975031972,21.442667115479708,23.700749967247248
2026-08-10T16:52:26.494867+00:00,communication_drift_01,meter_02,49,none,none,none,none,none,none,0.9999988882592777,0.443955749895275,0,,0,0,none,,,,0.8267080411314964,12.226999970152974,13.070875080302358
2026-08-10T16:52:26.508054+00:00,communication_drift_01,meter_03,49,none,none,none,none,none,none,0.9999945948128042,0.4754372565093399,0,,0,0,none,,,,0.5481250118464231,9.458125103265047,10.020541958510876
2026-08-10T16:52:26.976236+00:00,communication_drift_01,meter_01,50,none,none,none,none,none,none,0.99999875722844,0.4645760306427362,0,,0,0,none,,,,2.0161669235676527,21.870499942451715,23.91745802015066
2026-08-10T16:52:27.000457+00:00,communication_drift_01,meter_02,50,none,none,none,none,none,none,0.9999989213241611,0.5220485098920552,0,,0,0,none,,,,0.828166026622057,11.937750037759542,12.783874990418553
2026-08-10T16:52:27.013341+00:00,communication_drift_01,meter_03,50,none,none,none,none,none,none,0.9999983610356967,0.43820843619742456,0,,0,0,none,,,,0.571124954149127,9.500750107690692,10.086083086207509
2026-08-10T16:52:27.481318+00:00,communication_drift_01,meter_01,51,none,none,none,none,none,none,0.9999986600206406,0.511768597418537,0,,0,0,none,,,,2.5216659996658564,22.450041957199574,25.002999929711223
2026-08-10T16:52:27.506693+00:00,communication_drift_01,meter_02,51,none,none,none,none,none,none,0.9999867090914792,0.43998916829189794,0,,0,0,none,,,,0.8291660342365503,12.086375150829554,12.933999998494983
2026-08-10T16:52:27.519739+00:00,communication_drift_01,meter_03,51,none,none,none,none,none,none,0.9999988676272651,0.5019463524231782,0,,0,0,none,,,,0.5897909868508577,9.431916987523437,10.036916937679052
2026-08-10T16:52:27.985311+00:00,communication_drift_01,meter_01,52,none,none,none,none,none,none,0.9999987611673254,0.49088272051564186,0,,0,0,none,,,,1.170916948467493,20.03129106014967,21.256749983876944
2026-08-10T16:52:28.006940+00:00,communication_drift_01,meter_02,52,none,none,none,none,none,none,0.999998822971471,0.48688794610470676,0,,0,0,none,,,,0.9417498949915171,13.346833875402808,14.318250119686127
2026-08-10T16:52:28.021445+00:00,communication_drift_01,meter_03,52,none,none,none,none,none,none,0.9999980698622017,0.467957812816228,0,,0,0,none,,,,0.6380828563123941,9.862374980002642,10.518790921196342
2026-08-10T16:52:28.492156+00:00,communication_drift_01,meter_01,53,none,none,none,none,none,none,0.9999972186241002,0.45715431289933833,0,,0,0,none,,,,2.0711671095341444,21.777499932795763,23.877874948084354
2026-08-10T16:52:28.516290+00:00,communication_drift_01,meter_02,53,none,none,none,none,none,none,0.9999983870217477,0.439987241064518,0,,0,0,none,,,,0.8071248885244131,12.016624910756946,12.842874974012375
2026-08-10T16:52:28.529260+00:00,communication_drift_01,meter_03,53,none,none,none,none,none,none,0.9999986205474121,0.43758176015081546,0,,0,0,none,,,,0.539666973054409,9.513666154816747,10.067833121865988
2026-08-10T16:52:28.992077+00:00,communication_drift_01,meter_01,54,none,none,none,none,none,none,0.9999992714872317,0.46579760841175216,0,,0,0,none,,,,1.2592091225087643,14.981417218223214,16.273916931822896
2026-08-10T16:52:29.008630+00:00,communication_drift_01,meter_02,54,none,none,none,none,none,none,0.9999997362555916,0.5622438420484605,0,,0,0,none,,,,0.6327498704195023,10.549291037023067,11.200750013813376
2026-08-10T16:52:29.019953+00:00,communication_drift_01,meter_03,54,none,none,none,none,none,none,0.9999997533158287,0.44585162480282653,0,,0,0,none,,,,0.5235830321907997,9.224209003150463,9.764290880411863
2026-08-10T16:52:29.498059+00:00,communication_drift_01,meter_01,55,none,none,none,none,none,none,0.9999934238579887,0.4737531284134715,0,,0,0,none,,,,2.458249917253852,18.340084003284574,20.83099982701242
2026-08-10T16:52:29.519306+00:00,communication_drift_01,meter_02,55,none,none,none,none,none,none,0.9999990630321476,0.4544303923774282,0,,0,0,none,,,,0.7343748584389687,11.386374942958355,12.137542013078928
2026-08-10T16:52:29.531543+00:00,communication_drift_01,meter_03,55,none,none,none,none,none,none,0.9999982055363374,0.46989527431593214,0,,0,0,none,,,,0.5234999116510153,9.33929206803441,9.878666140139103
2026-08-10T16:52:30.003124+00:00,communication_drift_01,meter_01,56,none,none,none,none,none,none,0.9999965528435326,0.522424525679324,0,,0,0,none,,,,2.387499902397394,19.239458022639155,21.64962491951883
2026-08-10T16:52:30.025160+00:00,communication_drift_01,meter_02,56,none,none,none,none,none,none,0.999999720845165,0.4613279540479601,0,,0,0,none,,,,0.708332983776927,11.500000022351742,12.22641603089869
2026-08-10T16:52:30.037481+00:00,communication_drift_01,meter_03,56,none,none,none,none,none,none,0.9999991138219201,0.433655276004708,0,,0,0,none,,,,0.5423750262707472,9.45208314806223,10.009125107899308
2026-08-10T16:52:30.507821+00:00,communication_drift_01,meter_01,57,none,none,none,none,none,none,0.9999961087250842,0.4734462753354574,0,,0,0,none,,,,2.1899170242249966,19.70766601152718,21.946665830910206
2026-08-10T16:52:30.530211+00:00,communication_drift_01,meter_02,57,none,none,none,none,none,none,0.9999991467537477,0.541484746879379,0,,0,0,none,,,,0.7822499610483646,11.92041696049273,12.727125082165003
2026-08-10T16:52:30.543082+00:00,communication_drift_01,meter_03,57,none,none,none,none,none,none,0.9999994609743771,0.4369254698062192,0,,0,0,none,,,,0.5719170439988375,9.49704204685986,10.085707996040583
2026-08-10T16:52:31.013178+00:00,communication_drift_01,meter_01,58,none,none,none,none,none,none,0.9999934220692522,0.5020308119395908,0,,0,0,none,,,,1.9569171126931906,21.61483303643763,23.60295900143683
2026-08-10T16:52:31.037058+00:00,communication_drift_01,meter_02,58,none,none,none,none,none,none,0.9999987091503485,0.5092037360617186,0,,0,0,none,,,,0.8302920032292604,11.973042041063309,12.821790995076299
2026-08-10T16:52:31.049982+00:00,communication_drift_01,meter_03,58,none,none,none,none,none,none,0.9999955579362008,0.5174046111104733,0,,0,0,none,,,,0.5902920383960009,9.804333094507456,10.40958403609693
2026-08-10T16:52:31.513568+00:00,communication_drift_01,meter_01,59,none,none,none,none,none,none,0.9999993936716581,0.46403743760019606,0,,0,0,none,,,,1.9937078468501568,22.029458079487085,24.05879204161465
2026-08-10T16:52:31.538057+00:00,communication_drift_01,meter_02,59,none,none,none,none,none,none,0.999999504036029,0.4557541194607453,0,,0,0,none,,,,0.8814579341560602,12.121249921619892,13.023291947320104
2026-08-10T16:52:31.551209+00:00,communication_drift_01,meter_03,59,none,none,none,none,none,none,0.9999993513897464,0.4385681594374967,0,,0,0,none,,,,0.5505001172423363,9.598792064934969,10.164625011384487
2026-08-10T16:52:32.018898+00:00,communication_drift_01,meter_01,60,none,none,none,none,none,none,0.9999982433519369,0.44691164755033935,0,,0,0,none,,,,3.1129580456763506,16.92695915699005,20.066082943230867
2026-08-10T16:52:32.039308+00:00,communication_drift_01,meter_02,60,none,none,none,none,none,none,0.9999994697467017,0.5344502287806229,0,,0,0,none,,,,0.6965419743210077,10.805124882608652,11.51820900849998
2026-08-10T16:52:32.050929+00:00,communication_drift_01,meter_03,60,none,none,none,none,none,none,0.9999989383499972,0.4499450459883611,0,,0,0,none,,,,0.5224170163273811,9.162707952782512,9.699916001409292
2026-08-10T16:52:32.523075+00:00,communication_drift_01,meter_01,61,none,none,none,none,none,none,0.999998496770697,0.45377109161348955,0,,0,0,none,,,,2.4482090957462788,17.69041595980525,20.15737514011562
2026-08-10T16:52:32.543478+00:00,communication_drift_01,meter_02,61,none,none,none,none,none,none,0.9999997474479055,0.47788415156442227,0,,0,0,none,,,,0.4009590484201908,6.415874930098653,6.828209152445197
2026-08-10T16:52:32.550377+00:00,communication_drift_01,meter_03,61,none,none,none,none,none,none,0.999999218724686,0.4313829567153798,0,,0,0,none,,,,0.32762507908046246,6.459790980443358,6.799332797527313
2026-08-10T16:52:33.028651+00:00,communication_drift_01,meter_01,62,none,none,none,none,none,none,0.9999985053683861,0.4530844151005276,0,,0,0,none,,,,1.7753748688846827,21.65870787575841,23.487291065976024
2026-08-10T16:52:33.052608+00:00,communication_drift_01,meter_02,62,none,none,none,none,none,none,0.9999989391806945,0.44136378517195646,0,,0,0,none,,,,0.9437499102205038,12.70899991504848,13.677791925147176
2026-08-10T16:52:33.066474+00:00,communication_drift_01,meter_03,62,none,none,none,none,none,none,0.9999850529162531,0.5121768497713836,0,,0,0,none,,,,0.5467920564115047,9.45387501269579,10.018125176429749
2026-08-10T16:52:33.533728+00:00,communication_drift_01,meter_01,63,none,none,none,none,none,none,0.9999995295001123,0.5977098794232124,0,,0,0,none,,,,1.8830830231308937,21.9691249076277,23.890750017017126
2026-08-10T16:52:33.557991+00:00,communication_drift_01,meter_02,63,none,none,none,none,none,none,0.9999994661267461,0.4374242376743785,0,,0,0,none,,,,0.8907080627977848,12.362040812149644,13.274999801069498
2026-08-10T16:52:33.571404+00:00,communication_drift_01,meter_03,63,none,none,none,none,none,none,0.9999988087062591,0.45851009711365825,0,,0,0,none,,,,0.5366248078644276,9.558707941323519,10.112249990925193
2026-08-10T16:52:34.038658+00:00,communication_drift_01,meter_01,64,none,none,none,none,none,none,0.9999987111908443,0.43640184046688346,0,,0,0,none,,,,2.6214157696813345,23.87466700747609,26.54300001449883
2026-08-10T16:52:34.065662+00:00,communication_drift_01,meter_02,64,none,none,none,none,none,none,0.9999948902675425,0.443638266882132,0,,0,0,none,,,,0.822416041046381,12.009375030174851,12.855709064751863
2026-08-10T16:52:34.078674+00:00,communication_drift_01,meter_03,64,none,none,none,none,none,none,0.9999974711161993,0.46379708323170415,0,,0,0,none,,,,0.6007910706102848,9.574083145707846,10.192374931648374
2026-08-10T16:52:34.540122+00:00,communication_drift_01,meter_01,65,none,none,none,none,none,none,0.9999981658038942,0.4390377023124519,0,,0,0,none,,,,2.0072918850928545,22.06162502989173,24.10541707649827
2026-08-10T16:52:34.564566+00:00,communication_drift_01,meter_02,65,none,none,none,none,none,none,0.9999991171387382,0.4418249217805315,0,,0,0,none,,,,0.8872910402715206,11.936916969716549,12.843958800658584
2026-08-10T16:52:34.577533+00:00,communication_drift_01,meter_03,65,none,none,none,none,none,none,0.999999113842223,0.4388622525158902,0,,0,0,none,,,,0.5230840761214495,9.568125009536743,10.112375020980835
2026-08-10T16:52:35.045525+00:00,communication_drift_01,meter_01,66,none,none,none,none,none,none,0.9999979017551656,0.5607122333567608,0,,0,0,none,,,,2.595040947198868,18.41745781712234,21.047082962468266
2026-08-10T16:52:35.066973+00:00,communication_drift_01,meter_02,66,none,none,none,none,none,none,0.9999998215930394,0.5951743735203234,0,,0,0,none,,,,0.7635829970240593,11.376833077520132,12.157541932538152
2026-08-10T16:52:35.079236+00:00,communication_drift_01,meter_03,66,none,none,none,none,none,none,0.9999992060476104,0.43618987299823686,0,,0,0,none,,,,0.538625055924058,9.399666916579008,9.952499996870756
2026-08-10T16:52:35.546086+00:00,communication_drift_01,meter_01,67,none,none,none,none,none,none,0.9999991949116369,0.4535739668310172,0,,0,0,none,,,,2.135458169505,18.925959011539817,21.090291906148195
2026-08-10T16:52:35.567542+00:00,communication_drift_01,meter_02,67,none,none,none,none,none,none,0.9999996701056633,0.4771171780973559,0,,0,0,none,,,,0.7688750047236681,11.466457974165678,12.253624852746725
2026-08-10T16:52:35.579902+00:00,communication_drift_01,meter_03,67,none,none,none,unknown,unknown,unknown,0.9999993308001527,0.646995328572149,0,,0,0,none,,,,0.5192081443965435,9.407208999618888,9.94291715323925
2026-08-10T16:52:36.051370+00:00,communication_drift_01,meter_01,68,none,none,none,none,none,none,0.9999993514120239,0.44244225460790726,0,,0,0,none,,,,2.2952910512685776,19.274833146482706,21.601832937449217
2026-08-10T16:52:36.073369+00:00,communication_drift_01,meter_02,68,none,none,none,none,none,none,0.9999991945762067,0.4451373662612042,0,,0,0,none,,,,0.762042123824358,11.677749920636415,12.457042001187801
2026-08-10T16:52:36.085934+00:00,communication_drift_01,meter_03,68,none,none,none,none,none,none,0.9999984342801956,0.4827736022119733,0,,0,0,none,,,,0.5237080622464418,9.467332856729627,10.006374912336469
2026-08-10T16:52:36.556233+00:00,communication_drift_01,meter_01,69,none,none,none,none,none,none,0.9999994813508098,0.4400990319272763,0,,0,0,reference_calibrated,,voltage_rolling_mean=231.644142;source_publish_interval=0.504311,,2.2652079351246357,20.102416863664985,22.43516710586846
2026-08-10T16:52:36.579045+00:00,communication_drift_01,meter_02,69,none,none,none,none,none,none,0.9999989553828129,0.4829816766306761,0,,0,0,reference_calibrated,,voltage_rolling_mean=231.450462;source_publish_interval=0.504311,,0.6953338161110878,11.658082948997617,12.382667046040297
2026-08-10T16:52:36.591517+00:00,communication_drift_01,meter_03,69,none,none,none,none,none,none,0.9999988621528149,0.49477573616354625,0,,0,0,reference_calibrated,,voltage_rolling_mean=230.658893;source_publish_interval=0.504311,,0.5716672167181969,9.515041951090097,10.109666036441922
2026-08-10T16:52:37.060981+00:00,communication_drift_01,meter_01,70,none,none,none,none,none,none,0.9999986276732381,0.4321416633058078,0,,0,0,drift_not_confirmed,,voltage_rolling_mean=231.644142;source_publish_interval=0.504311,,2.2912919521331787,19.31174984201789,21.649417001754045
2026-08-10T16:52:37.082969+00:00,communication_drift_01,meter_02,70,none,none,none,none,none,none,0.9999995147402333,0.4519523275285161,0,,0,0,drift_not_confirmed,,voltage_rolling_mean=231.450462;source_publish_interval=0.504311,,0.7165409624576569,11.243209009990096,11.983165983110666
2026-08-10T16:52:37.095059+00:00,communication_drift_01,meter_03,70,none,none,none,none,none,none,0.9999987120813641,0.44707807038483127,0,,0,0,drift_not_confirmed,,voltage_rolling_mean=230.658893;source_publish_interval=0.504311,,0.5162081215530634,9.360458934679627,9.897083044052124
2026-08-10T16:52:37.566041+00:00,communication_drift_01,meter_01,71,none,none,none,none,none,none,0.9999994436800503,0.4416695410457091,0,,0,0,drift_not_confirmed,,voltage_rolling_mean=231.644142;source_publish_interval=0.504311,,2.576041966676712,18.65645800717175,21.27991709858179
2026-08-10T16:52:37.587677+00:00,communication_drift_01,meter_02,71,none,none,none,none,none,none,0.9999991534194835,0.46634975537546586,0,,0,0,drift_not_confirmed,,voltage_rolling_mean=231.450462;source_publish_interval=0.504311,,0.7309580687433481,11.451290920376778,12.20537512563169
2026-08-10T16:52:37.599996+00:00,communication_drift_01,meter_03,71,none,none,none,none,none,none,0.9999879464599444,0.4366993305513749,0,,0,0,drift_not_confirmed,,voltage_rolling_mean=230.658893;source_publish_interval=0.504311,,0.529375160112977,9.480249835178256,10.030834004282951
2026-08-10T16:52:38.071223+00:00,communication_drift_01,meter_01,72,none,none,none,none,none,none,0.999999560064521,0.44300178604250606,0,,0,0,drift_not_confirmed,,voltage_rolling_mean=231.644142;source_publish_interval=0.504311,,2.31141597032547,17.790958052501082,20.13275003992021
2026-08-10T16:52:38.091701+00:00,communication_drift_01,meter_02,72,none,none,none,none,none,none,0.999999547401213,0.5939321104474568,0,,0,0,drift_not_confirmed,,voltage_rolling_mean=231.450462;source_publish_interval=0.504311,,0.6851670332252979,11.366874910891056,12.0748330373317
2026-08-10T16:52:38.103866+00:00,communication_drift_01,meter_03,72,none,none,none,none,none,none,0.9999985910175838,0.5336628680766674,0,,0,0,drift_not_confirmed,,voltage_rolling_mean=230.658893;source_publish_interval=0.504311,,0.5073749925941229,9.346958016976714,9.874084033071995
2026-08-10T16:52:38.575516+00:00,communication_drift_01,meter_01,73,none,none,none,none,none,none,0.9999995889735263,0.45405037434923723,0,,0,0,drift_not_confirmed,,voltage_rolling_mean=231.644142;source_publish_interval=0.504311,,2.8270829934626818,22.70666602998972,25.56962496601045
2026-08-10T16:52:38.601362+00:00,communication_drift_01,meter_02,73,none,none,none,none,none,none,0.9999978081893873,0.46329691240725435,0,,0,0,drift_not_confirmed,,voltage_rolling_mean=231.450462;source_publish_interval=0.504311,,0.8445000275969505,12.251000152900815,13.117708032950759
2026-08-10T16:52:38.614580+00:00,communication_drift_01,meter_03,73,none,none,none,none,none,none,0.999991355487156,0.45371550793022236,0,,0,0,drift_not_confirmed,,voltage_rolling_mean=230.658893;source_publish_interval=0.504311,,0.5749999545514584,9.527500020340085,10.120541090145707
2026-08-10T16:52:39.081320+00:00,communication_drift_01,meter_01,74,none,none,none,none,none,none,0.9999992502399261,0.4560338248567162,0,,0,0,drift_not_confirmed,,voltage_rolling_mean=231.644142;source_publish_interval=0.504311,,1.737167127430439,23.837999906390905,25.619375053793192
2026-08-10T16:52:39.107179+00:00,communication_drift_01,meter_02,74,none,none,none,none,none,none,0.9999996050471981,0.5228532606536449,0,,0,0,drift_not_confirmed,,voltage_rolling_mean=231.450462;source_publish_interval=0.504311,,0.8216660935431719,12.403999920934439,13.248957926407456
2026-08-10T16:52:39.120543+00:00,communication_drift_01,meter_03,74,none,none,none,none,none,none,0.9999969162836932,0.4405690431333152,0,,0,0,drift_not_confirmed,,voltage_rolling_mean=230.658893;source_publish_interval=0.504311,,0.5913339555263519,9.968874976038933,10.579084046185017
2026-08-10T16:52:39.586083+00:00,communication_drift_01,meter_01,75,none,none,none,none,none,none,0.9999994744000544,0.45790374845350795,0,,0,0,drift_not_confirmed,,voltage_rolling_mean=231.644142;source_publish_interval=0.504311,,2.0260419696569443,21.66300010867417,23.723459104076028
2026-08-10T16:52:39.610079+00:00,communication_drift_01,meter_02,75,none,none,none,none,none,none,0.9999991508261273,0.4398365851238858,0,,0,0,drift_not_confirmed,,voltage_rolling_mean=231.450462;source_publish_interval=0.504311,,0.7985408883541822,11.936750030145049,12.758082943037152
2026-08-10T16:52:39.622930+00:00,communication_drift_01,meter_03,75,none,none,none,none,none,none,0.9999933257170412,0.49041485971655574,0,,0,0,drift_not_confirmed,,voltage_rolling_mean=230.658893;source_publish_interval=0.504311,,0.5776660982519388,9.401292074471712,9.996999986469746
2026-08-10T16:52:40.091054+00:00,communication_drift_01,meter_01,76,none,none,none,none,none,none,0.9999996814310366,0.43841680524259574,0,,0,0,drift_not_confirmed,,voltage_rolling_mean=231.644142;source_publish_interval=0.504311,,2.108291955664754,21.77295903675258,23.922207998111844
2026-08-10T16:52:40.115240+00:00,communication_drift_01,meter_02,76,none,none,none,none,none,none,0.9999990053853738,0.46660217174006763,0,,0,0,drift_not_confirmed,,voltage_rolling_mean=231.450462;source_publish_interval=0.504311,,0.771624967455864,11.87887485139072,12.671625008806586
2026-08-10T16:52:40.128007+00:00,communication_drift_01,meter_03,76,none,none,none,none,none,none,0.9999964542567619,0.44325623316193885,0,,0,0,drift_not_confirmed,,voltage_rolling_mean=230.658893;source_publish_interval=0.504311,,0.5745000671595335,9.443040937185287,10.035084094852209
2026-08-10T16:52:40.596274+00:00,communication_drift_01,meter_01,77,none,none,none,none,none,none,0.9999998144655893,0.5375948370668867,0,,0,0,drift_not_confirmed,,voltage_rolling_mean=231.644142;source_publish_interval=0.504311,,2.5789588689804077,17.435833113268018,20.043750060722232
2026-08-10T16:52:40.616655+00:00,communication_drift_01,meter_02,77,none,none,none,none,none,none,0.9999996013428943,0.4562662928304116,0,,0,0,drift_not_confirmed,,voltage_rolling_mean=231.450462;source_publish_interval=0.504311,,0.6720831152051687,11.323875049129128,12.016375083476305
2026-08-10T16:52:40.628752+00:00,communication_drift_01,meter_03,77,none,none,none,none,none,none,0.999997022368193,0.4450726732352673,0,,0,0,drift_not_confirmed,,voltage_rolling_mean=230.658893;source_publish_interval=0.504311,,0.5189171060919762,9.227041155099869,9.76304104551673
2026-08-10T16:52:41.100772+00:00,communication_drift_01,meter_01,78,none,none,none,none,none,none,0.9999996252872047,0.4374765780269601,0,,0,0,drift_not_confirmed,,voltage_rolling_mean=231.644142;source_publish_interval=0.504311,,2.6866670232266188,20.02129191532731,22.740541025996208
2026-08-10T16:52:41.123856+00:00,communication_drift_01,meter_02,78,none,none,none,none,none,none,0.9999995091723146,0.5443823797415068,0,,0,0,drift_not_confirmed,,voltage_rolling_mean=231.450462;source_publish_interval=0.504311,,0.7452499121427536,11.639875127002597,12.404624838382006
2026-08-10T16:52:41.136358+00:00,communication_drift_01,meter_03,78,none,none,none,none,none,none,0.9999945826065246,0.6078989640711575,0,,0,0,drift_not_confirmed,,voltage_rolling_mean=230.658893;source_publish_interval=0.504311,,0.5204998888075352,9.380915900692344,9.918875060975552
2026-08-10T16:52:41.601966+00:00,communication_drift_01,meter_01,79,none,none,none,none,none,none,0.9999728323627873,0.43532149928895075,0,,0,0,drift_not_confirmed,,voltage_rolling_mean=231.644142;source_publish_interval=0.504311,,2.196625107899308,21.335208090022206,23.565375013276935
2026-08-10T16:52:41.625896+00:00,communication_drift_01,meter_02,79,none,none,none,none,none,none,0.9999981464037152,0.436654007450821,0,,0,0,drift_not_confirmed,,voltage_rolling_mean=231.450462;source_publish_interval=0.504311,,0.7857917807996273,11.774207931011915,12.58137496188283
2026-08-10T16:52:41.638578+00:00,communication_drift_01,meter_03,79,none,none,none,none,none,none,0.999986448321917,0.44718580868604313,0,,0,0,drift_not_confirmed,,voltage_rolling_mean=230.658893;source_publish_interval=0.504311,,0.5787499248981476,9.577958146110177,10.174083057790995
2026-08-10T16:52:42.107096+00:00,communication_drift_01,meter_01,80,none,none,none,none,none,none,0.9999976110235671,0.48623356553314895,0,,0,0,drift_not_confirmed,,voltage_rolling_mean=231.644142;source_publish_interval=0.504311,,2.061333041638136,21.543583134189248,23.6410410143435
2026-08-10T16:52:42.131025+00:00,communication_drift_01,meter_02,80,none,none,none,none,none,none,0.9999989090523824,0.46741201110056274,0,,0,0,drift_not_confirmed,,voltage_rolling_mean=231.450462;source_publish_interval=0.504311,,0.6956250872462988,12.088959105312824,12.80829100869596
2026-08-10T16:52:42.143936+00:00,communication_drift_01,meter_03,80,none,none,none,none,none,none,0.9999907802694008,0.4638509948845333,0,,0,0,drift_not_confirmed,,voltage_rolling_mean=230.658893;source_publish_interval=0.504311,,0.5959998816251755,9.551625000312924,10.16720780171454
2026-08-10T16:52:42.612282+00:00,communication_drift_01,meter_01,81,none,none,none,none,none,none,0.9999992273255955,0.47339505208873606,0,,0,0,drift_not_confirmed,,voltage_rolling_mean=231.644142;source_publish_interval=0.504311,,1.9854169804602861,21.479208022356033,23.5036660451442
2026-08-10T16:52:42.636085+00:00,communication_drift_01,meter_02,81,none,none,none,none,none,none,0.9999991162175242,0.4545031117359435,0,,0,0,drift_not_confirmed,,voltage_rolling_mean=231.450462;source_publish_interval=0.504311,,0.828250078484416,12.126874877139926,12.978249927982688
2026-08-10T16:52:42.649155+00:00,communication_drift_01,meter_03,81,none,none,none,none,none,none,0.9999933224955092,0.44200113023378773,0,,0,0,drift_not_confirmed,,voltage_rolling_mean=230.658893;source_publish_interval=0.504311,,0.5787089467048645,9.514499921351671,10.111208073794842
2026-08-10T16:52:43.114319+00:00,communication_drift_01,meter_01,82,none,none,none,none,none,none,0.9999998023208863,0.4915927086785765,0,,0,0,drift_not_confirmed,,voltage_rolling_mean=231.644142;source_publish_interval=0.504311,,2.0005409605801105,21.47883316501975,23.513708962127566
2026-08-10T16:52:43.138113+00:00,communication_drift_01,meter_02,82,none,none,none,none,none,none,0.9999993623592569,0.45251476311150335,0,,0,0,drift_not_confirmed,,voltage_rolling_mean=231.450462;source_publish_interval=0.504311,,0.6920420564711094,12.032750062644482,12.746124994009733
2026-08-10T16:52:43.150958+00:00,communication_drift_01,meter_03,82,none,none,none,none,none,none,0.9999972110883844,0.47910018010566185,0,,0,0,drift_not_confirmed,,voltage_rolling_mean=230.658893;source_publish_interval=0.504311,,0.5876249633729458,9.544500149786472,10.14987495727837
2026-08-10T16:52:43.618169+00:00,communication_drift_01,meter_01,83,none,none,none,none,none,none,0.999999631088758,0.4677679043480362,0,,0,0,drift_not_confirmed,,voltage_rolling_mean=231.644142;source_publish_interval=0.504311,,2.0309160463511944,21.953459130600095,24.020958924666047
2026-08-10T16:52:43.642472+00:00,communication_drift_01,meter_02,83,none,none,none,none,none,none,0.9999981586574566,0.4586277195246968,0,,0,0,drift_not_confirmed,,voltage_rolling_mean=231.450462;source_publish_interval=0.504311,,0.8084590081125498,11.919374810531735,12.750207912176847
2026-08-10T16:52:43.655329+00:00,communication_drift_01,meter_03,83,none,none,none,none,none,none,0.99997984385642,0.45125033527852415,0,,0,0,drift_not_confirmed,,voltage_rolling_mean=230.658893;source_publish_interval=0.504311,,0.5850410088896751,9.403165895491838,10.006084106862545
2026-08-10T16:52:44.121510+00:00,communication_drift_01,meter_01,84,none,none,none,none,none,none,0.999999791103419,0.46576454640894815,0,,0,0,drift_not_confirmed,,voltage_rolling_mean=231.644142;source_publish_interval=0.504311,,2.033500000834465,21.94179082289338,24.017333053052425
2026-08-10T16:52:44.145903+00:00,communication_drift_01,meter_02,84,none,none,none,none,none,none,0.9999976885553468,0.4579374290804226,0,,0,0,drift_not_confirmed,,voltage_rolling_mean=231.450462;source_publish_interval=0.504311,,0.8238342124968767,12.012541992589831,12.85929186269641
2026-08-10T16:52:44.158877+00:00,communication_drift_01,meter_03,84,none,none,none,none,none,none,0.9999891828507077,0.4998495141431881,0,,0,0,drift_not_confirmed,,voltage_rolling_mean=230.658893;source_publish_interval=0.504311,,0.6000418215990067,9.641125099733472,10.261541930958629
2026-08-10T16:52:44.622206+00:00,communication_drift_01,meter_01,85,none,none,none,none,none,none,0.9999998279575496,0.44513756300023977,0,,0,0,drift_not_confirmed,,voltage_rolling_mean=231.644142;source_publish_interval=0.504311,,3.478792030364275,16.667791875079274,20.194292068481445
2026-08-10T16:52:44.642740+00:00,communication_drift_01,meter_02,85,none,none,none,none,none,none,0.9999994022376024,0.4645269032273399,0,,0,0,drift_not_confirmed,,voltage_rolling_mean=231.450462;source_publish_interval=0.504311,,0.7245840970426798,10.868499986827374,11.611666996032
2026-08-10T16:52:44.654432+00:00,communication_drift_01,meter_03,85,none,none,none,none,none,none,0.9999785370323764,0.4772181474679533,0,,0,0,drift_not_confirmed,,voltage_rolling_mean=230.658893;source_publish_interval=0.504311,,0.528082950040698,9.338874835520983,9.883624967187643
2026-08-10T16:52:45.125798+00:00,communication_drift_01,meter_01,86,none,none,none,none,none,none,0.9999997657038251,0.456944327153497,0,,0,0,drift_not_confirmed,,voltage_rolling_mean=231.644142;source_publish_interval=0.504311,,2.4051249492913485,19.79829207994044,22.245791973546147
2026-08-10T16:52:45.148428+00:00,communication_drift_01,meter_02,86,none,none,none,none,none,none,0.999997119060902,0.43442826059058615,0,,0,0,drift_not_confirmed,,voltage_rolling_mean=231.450462;source_publish_interval=0.504311,,0.7341660093516111,11.644207872450352,12.39787507802248
2026-08-10T16:52:45.160920+00:00,communication_drift_01,meter_03,86,none,none,none,none,none,none,0.9999464452120232,0.502600592637286,0,,0,0,drift_not_confirmed,,voltage_rolling_mean=230.658893;source_publish_interval=0.504311,,0.5270000547170639,9.33995796367526,9.885041043162346
2026-08-10T16:52:45.631034+00:00,communication_drift_01,meter_01,87,none,none,none,none,none,none,0.9999993010002465,0.44903266118919305,0,,0,0,drift_not_confirmed,,voltage_rolling_mean=231.644142;source_publish_interval=0.504311,,2.090167021378875,21.774375112727284,23.897500010207295
2026-08-10T16:52:45.655256+00:00,communication_drift_01,meter_02,87,none,none,none,none,none,none,0.9999094220993123,0.5722603860390358,0,,0,0,drift_not_confirmed,,voltage_rolling_mean=231.450462;source_publish_interval=0.504311,,0.796083128079772,11.887917062267661,12.705124914646149
2026-08-10T16:52:45.668062+00:00,communication_drift_01,meter_03,87,none,none,none,none,none,none,0.9998487454381149,0.4742167937292288,0,,0,0,drift_not_confirmed,,voltage_rolling_mean=230.658893;source_publish_interval=0.504311,,0.5828330758959055,9.491499979048967,10.09183400310576
2026-08-10T16:52:46.135971+00:00,communication_drift_01,meter_01,88,none,none,none,none,none,none,0.9999987100266543,0.44675180770893697,0,,0,0,drift_not_confirmed,,voltage_rolling_mean=231.644142;source_publish_interval=0.504311,,2.1625831723213196,22.130124969407916,24.330583168193698
2026-08-10T16:52:46.160797+00:00,communication_drift_01,meter_02,88,none,none,none,none,none,none,0.999997702937696,0.4417761761122149,0,,0,0,drift_not_confirmed,,voltage_rolling_mean=231.450462;source_publish_interval=0.504311,,0.811208039522171,12.018708046525717,12.854458065703511
2026-08-10T16:52:46.173761+00:00,communication_drift_01,meter_03,88,none,none,none,none,none,none,0.9999745321717589,0.45083344264379616,0,,0,0,drift_not_confirmed,,voltage_rolling_mean=230.658893;source_publish_interval=0.504311,,0.59487484395504,9.519832907244563,10.133542120456696
2026-08-10T16:52:46.640977+00:00,communication_drift_01,meter_01,89,none,none,none,none,none,none,0.9999996041269175,0.4452712799936072,0,,0,0,drift_not_confirmed,,voltage_rolling_mean=231.644142;source_publish_interval=0.504311,,2.7571250684559345,19.02933418750763,21.81404083967209
2026-08-10T16:52:46.663123+00:00,communication_drift_01,meter_02,89,none,none,none,none,none,none,0.9999835497926821,0.4465056986496019,0,,0,0,drift_not_confirmed,,voltage_rolling_mean=231.450462;source_publish_interval=0.504311,,0.6873342208564281,11.607791995629668,12.31441693380475
2026-08-10T16:52:46.675517+00:00,communication_drift_01,meter_03,89,none,none,none,none,none,none,0.9999802055052153,0.4477175424555934,0,,0,0,drift_not_confirmed,,voltage_rolling_mean=230.658893;source_publish_interval=0.504311,,0.5366669502109289,9.385750163346529,9.940040996298194
2026-08-10T16:52:47.145455+00:00,communication_drift_01,meter_01,90,none,none,none,none,none,none,0.9999997969589419,0.4425223034230602,0,,0,0,drift_not_confirmed,,voltage_rolling_mean=231.644142;source_publish_interval=0.504311,,1.610583160072565,22.225082851946354,23.86987511999905
2026-08-10T16:52:47.169575+00:00,communication_drift_01,meter_02,90,none,none,none,none,none,none,0.999993617993824,0.4366524372057964,0,,0,0,drift_not_confirmed,,voltage_rolling_mean=231.450462;source_publish_interval=0.504311,,0.8110420312732458,12.597874971106648,13.431541854515672
2026-08-10T16:52:47.183100+00:00,communication_drift_01,meter_03,90,none,none,none,none,none,none,0.9999636525099753,0.4531436624086979,0,,0,0,drift_not_confirmed,,voltage_rolling_mean=230.658893;source_publish_interval=0.504311,,0.5893749184906483,9.70512512139976,10.31200005672872
2026-08-10T16:52:47.651129+00:00,communication_drift_01,meter_01,91,none,none,none,none,none,none,0.9999993475346818,0.4504498859136638,0,,0,0,drift_not_confirmed,,voltage_rolling_mean=231.644142;source_publish_interval=0.504311,,2.844874979928136,18.7134169973433,21.594875026494265
2026-08-10T16:52:47.673059+00:00,communication_drift_01,meter_02,91,none,none,none,none,none,none,0.9999963592323707,0.44182198479303053,0,,0,0,drift_not_confirmed,,voltage_rolling_mean=231.450462;source_publish_interval=0.504311,,0.6765411235392094,11.419708142057061,12.117584003135562
2026-08-10T16:52:47.685267+00:00,communication_drift_01,meter_03,91,none,none,none,none,none,none,0.9999915444334566,0.451890623207845,0,,0,0,drift_not_confirmed,,voltage_rolling_mean=230.658893;source_publish_interval=0.504311,,0.5105410236865282,9.36708296649158,9.895207826048136
2026-08-10T16:52:48.156016+00:00,communication_drift_01,meter_01,92,none,none,none,none,none,none,0.9999995456985719,0.55496546917564,0,,0,0,drift_not_confirmed,,voltage_rolling_mean=231.644142;source_publish_interval=0.504311,,2.001750050112605,21.557082887738943,23.59858388081193
2026-08-10T16:52:48.179961+00:00,communication_drift_01,meter_02,92,none,none,none,none,none,none,0.9999984645243778,0.4916974801765947,0,,0,0,drift_not_confirmed,,voltage_rolling_mean=231.450462;source_publish_interval=0.504311,,0.7116661872714758,11.82500016875565,12.558916816487908
2026-08-10T16:52:48.192617+00:00,communication_drift_01,meter_03,92,none,none,none,none,none,none,0.9999804526739402,0.4523206722325572,0,,0,0,drift_not_confirmed,,voltage_rolling_mean=230.658893;source_publish_interval=0.504311,,0.5736660677939653,9.553250158205628,10.14525000937283
2026-08-10T16:52:48.660117+00:00,communication_drift_01,meter_01,93,none,none,none,none,none,none,0.9999995767212349,0.4422910817768917,0,,0,0,drift_not_confirmed,,voltage_rolling_mean=231.644142;source_publish_interval=0.504311,,2.8967089019715786,19.665749976411462,22.589375032112002
2026-08-10T16:52:48.683041+00:00,communication_drift_01,meter_02,93,none,none,none,none,none,none,0.9999967080629633,0.4592438037089857,0,,0,0,drift_not_confirmed,,voltage_rolling_mean=231.450462;source_publish_interval=0.504311,,0.679834047332406,11.521582957357168,12.222375022247434
2026-08-10T16:52:48.695355+00:00,communication_drift_01,meter_03,93,none,none,none,none,none,none,0.9999899095928358,0.4834752468382253,0,,0,0,drift_not_confirmed,,voltage_rolling_mean=230.658893;source_publish_interval=0.504311,,0.5709170363843441,9.578542085364461,10.166832944378257
2026-08-10T16:52:49.165414+00:00,communication_drift_01,meter_01,94,none,none,none,none,none,none,0.9999986764114199,0.4393822685048823,0,,0,0,drift_not_confirmed,,voltage_rolling_mean=231.644142;source_publish_interval=0.504311,,2.0902089308947325,21.215541986748576,23.347832961007953
2026-08-10T16:52:49.189112+00:00,communication_drift_01,meter_02,94,none,none,none,none,none,none,0.9999912145616748,0.4482414466734807,0,,0,0,drift_not_confirmed,,voltage_rolling_mean=231.450462;source_publish_interval=0.504311,,0.8378748316317797,12.131249997764826,12.991582974791527
2026-08-10T16:52:49.202205+00:00,communication_drift_01,meter_03,94,none,none,none,none,none,none,0.9999681324039107,0.46084288885252145,0,,0,0,drift_not_confirmed,,voltage_rolling_mean=230.658893;source_publish_interval=0.504311,,0.572750112041831,9.537250036373734,10.129415895789862
2026-08-10T16:52:49.670325+00:00,communication_drift_01,meter_01,95,none,none,none,none,none,none,0.9999997117935044,0.4506967415499341,0,,0,0,drift_not_confirmed,,voltage_rolling_mean=231.644142;source_publish_interval=0.504311,,2.76158400811255,18.590250052511692,21.388041088357568
2026-08-10T16:52:49.692067+00:00,communication_drift_01,meter_02,95,none,none,none,none,none,none,0.9999972676459354,0.45126021014662826,0,,0,0,drift_not_confirmed,,voltage_rolling_mean=231.450462;source_publish_interval=0.504311,,0.6994998548179865,11.396917048841715,12.11729203350842
2026-08-10T16:52:49.704278+00:00,communication_drift_01,meter_03,95,none,none,none,none,none,none,0.9999779188236892,0.45346222618399107,0,,0,0,drift_not_confirmed,,voltage_rolling_mean=230.658893;source_publish_interval=0.504311,,0.5222500767558813,9.469334036111832,10.01104200258851
2026-08-10T16:52:50.172660+00:00,communication_drift_01,meter_01,96,none,none,none,none,none,none,0.9999996855241057,0.5130814068300651,0,,0,0,drift_not_confirmed,,voltage_rolling_mean=231.644142;source_publish_interval=0.504311,,2.048082882538438,22.2269999794662,24.30808381177485
2026-08-10T16:52:50.197246+00:00,communication_drift_01,meter_02,96,none,none,none,none,none,none,0.9999980576476946,0.46043398904521243,0,,0,0,drift_not_confirmed,,voltage_rolling_mean=231.450462;source_publish_interval=0.504311,,0.8432092145085335,11.989375110715628,12.853749794885516
2026-08-10T16:52:50.210189+00:00,communication_drift_01,meter_03,96,none,none,none,none,none,none,0.9999876122181279,0.481753879338061,0,,0,0,drift_not_confirmed,,voltage_rolling_mean=230.658893;source_publish_interval=0.504311,,0.5711659323424101,9.511540876701474,10.10012486949563
2026-08-10T16:52:50.675250+00:00,communication_drift_01,meter_01,97,none,none,none,none,none,none,0.999999721774831,0.5319899158999501,0,,0,0,drift_not_confirmed,,voltage_rolling_mean=231.644142;source_publish_interval=0.504311,,3.5099592059850693,19.630041206255555,23.16854102537036
2026-08-10T16:52:50.698758+00:00,communication_drift_01,meter_02,97,none,none,none,none,none,none,0.9999981753360186,0.45337800403292,0,,0,0,drift_not_confirmed,,voltage_rolling_mean=231.450462;source_publish_interval=0.504311,,0.7156250067055225,11.61012495867908,12.345208087936044
2026-08-10T16:52:50.711184+00:00,communication_drift_01,meter_03,97,none,none,none,none,none,none,0.9999817241792919,0.4604856824685541,0,,0,0,drift_not_confirmed,,voltage_rolling_mean=230.658893;source_publish_interval=0.504311,,0.5126670002937317,9.34483390301466,9.87483304925263
2026-08-10T16:52:51.180162+00:00,communication_drift_01,meter_01,98,none,none,none,none,none,none,0.999997254159866,0.45123555326697107,0,,0,0,drift_not_confirmed,,voltage_rolling_mean=231.644142;source_publish_interval=0.504311,,3.212540876120329,17.08929194137454,20.33316600136459
2026-08-10T16:52:51.200825+00:00,communication_drift_01,meter_02,98,none,none,none,none,none,none,0.9999773865030368,0.49109895609924764,0,,0,0,drift_not_confirmed,,voltage_rolling_mean=231.450462;source_publish_interval=0.504311,,0.6988751702010632,11.2101249396801,11.930374894291162
2026-08-10T16:52:51.212832+00:00,communication_drift_01,meter_03,98,none,none,none,none,none,none,0.9999815308114813,0.48341901500289514,0,,0,0,drift_not_confirmed,,voltage_rolling_mean=230.658893;source_publish_interval=0.504311,,0.5141659639775753,9.275624994188547,9.807500056922436
2026-08-10T16:52:51.682604+00:00,communication_drift_01,meter_01,99,none,none,none,none,none,none,0.9999992743282077,0.4395082139811116,0,,0,0,drift_not_confirmed,,voltage_rolling_mean=231.644142;source_publish_interval=0.504311,,2.4479590356349945,22.22237503156066,24.702790891751647
2026-08-10T16:52:51.707701+00:00,communication_drift_01,meter_02,99,none,none,none,none,none,none,0.9999949759178902,0.4720468245416867,0,,0,0,drift_not_confirmed,,voltage_rolling_mean=231.450462;source_publish_interval=0.504311,,0.846249982714653,12.472499860450625,13.342042220756412
2026-08-10T16:52:51.721131+00:00,communication_drift_01,meter_03,99,none,none,none,none,none,none,0.9997849487715726,0.4507783264114434,0,,0,0,drift_not_confirmed,,voltage_rolling_mean=230.658893;source_publish_interval=0.504311,,0.5997910629957914,9.53920790925622,10.15687477774918
2026-08-10T16:52:52.183642+00:00,communication_drift_01,meter_01,100,none,none,none,none,none,none,0.9999998455647706,0.45712144570750735,0,,0,0,drift_not_confirmed,,voltage_rolling_mean=231.644142;source_publish_interval=0.504311,,2.6027499698102474,23.52599985897541,26.17133315652609
2026-08-10T16:52:52.210116+00:00,communication_drift_01,meter_02,100,none,none,none,none,none,none,0.9999983224039292,0.44793318393613635,0,,0,0,drift_not_confirmed,,voltage_rolling_mean=231.450462;source_publish_interval=0.504311,,0.8515419904142618,12.333333026617765,13.206499861553311
2026-08-10T16:52:52.223425+00:00,communication_drift_01,meter_03,100,none,none,none,none,none,none,0.9999273289170256,0.46652587327947426,0,,0,0,drift_not_confirmed,,voltage_rolling_mean=230.658893;source_publish_interval=0.504311,,0.591666903346777,9.739208035171032,10.348082985728979
2026-08-10T16:52:52.688801+00:00,communication_drift_01,meter_01,101,none,none,none,none,none,none,0.9999996924130801,0.4363954250556161,0,,0,0,drift_not_confirmed,,voltage_rolling_mean=231.644142;source_publish_interval=0.504311,,2.070625079795718,22.03816594555974,24.142000125721097
2026-08-10T16:52:52.713209+00:00,communication_drift_01,meter_02,101,none,none,none,none,none,none,0.9999974682208644,0.45211043170551957,0,,0,0,drift_not_confirmed,,voltage_rolling_mean=231.450462;source_publish_interval=0.504311,,0.8309581317007542,12.368541210889816,13.221083208918571
2026-08-10T16:52:52.726534+00:00,communication_drift_01,meter_03,101,none,none,none,none,none,none,0.9998779724350089,0.447431804120612,0,,0,0,drift_not_confirmed,,voltage_rolling_mean=230.658893;source_publish_interval=0.504311,,0.5848750006407499,9.651958011090755,10.25429181754589
2026-08-10T16:52:53.191720+00:00,communication_drift_01,meter_01,102,none,none,none,none,none,none,0.9999995256110353,0.4507471520684619,0,,0,0,drift_not_confirmed,,voltage_rolling_mean=231.644142;source_publish_interval=0.504311,,2.4910420179367065,19.247374963015318,21.769249811768532
2026-08-10T16:52:53.213827+00:00,communication_drift_01,meter_02,102,none,none,none,none,none,none,0.9999976398079161,0.4720213686135683,0,,0,0,drift_not_confirmed,,voltage_rolling_mean=231.450462;source_publish_interval=0.504311,,0.7022919598966837,11.611874913796782,12.337167048826814
2026-08-10T16:52:53.226269+00:00,communication_drift_01,meter_03,102,none,none,none,none,none,none,0.9997738564994744,0.5165981628077297,0,,0,0,drift_not_confirmed,,voltage_rolling_mean=230.658893;source_publish_interval=0.504311,,0.5924999713897705,9.534042095765471,10.144708910956979
2026-08-10T16:52:53.696689+00:00,communication_drift_01,meter_01,103,none,none,none,none,none,none,0.9999997904053175,0.4676721370017651,0,,0,0,drift_not_confirmed,,voltage_rolling_mean=231.644142;source_publish_interval=0.504311,,2.041707979515195,21.909207804128528,24.00125004351139
2026-08-10T16:52:53.721005+00:00,communication_drift_01,meter_02,103,none,none,none,none,none,none,0.9999949291074792,0.5094521182949402,0,,0,0,drift_not_confirmed,,voltage_rolling_mean=231.450462;source_publish_interval=0.504311,,0.8992499206215143,12.137541780248284,13.059624936431646
2026-08-10T16:52:53.734173+00:00,communication_drift_01,meter_03,103,none,none,none,none,none,none,0.9996308675794447,0.46168903388475496,0,,0,0,drift_not_confirmed,,voltage_rolling_mean=230.658893;source_publish_interval=0.504311,,0.5259579047560692,9.593957802280784,10.139165911823511
2026-08-10T16:52:54.201194+00:00,communication_drift_01,meter_01,104,none,none,none,none,none,none,0.9999994695573975,0.43558420691980854,0,,0,0,drift_not_confirmed,,voltage_rolling_mean=231.644142;source_publish_interval=0.504311,,2.3576661478728056,19.044874934479594,21.43629197962582
2026-08-10T16:52:54.222991+00:00,communication_drift_01,meter_02,104,none,none,none,none,none,none,0.9999994053360485,0.4728498364241761,0,,0,0,drift_not_confirmed,,voltage_rolling_mean=231.450462;source_publish_interval=0.504311,,0.7082498632371426,11.673791101202369,12.401208048686385
2026-08-10T16:52:54.235483+00:00,communication_drift_01,meter_03,104,none,none,none,none,none,none,0.9998750767618604,0.5157687275093101,0,,0,0,drift_not_confirmed,,voltage_rolling_mean=230.658893;source_publish_interval=0.504311,,0.5384169053286314,9.429625002667308,9.985415963456035
2026-08-10T16:52:54.706225+00:00,communication_drift_01,meter_01,105,none,none,none,none,none,none,0.9999996709417404,0.5061513393351844,0,,0,0,drift_not_confirmed,,voltage_rolling_mean=231.644142;source_publish_interval=0.504311,,2.326374873518944,18.904208904132247,21.266750060021877
2026-08-10T16:52:54.727879+00:00,communication_drift_01,meter_02,105,none,none,none,none,none,none,0.9999975025065606,0.4624858716188021,0,,0,0,drift_not_confirmed,,voltage_rolling_mean=231.450462;source_publish_interval=0.504311,,0.7227079477161169,11.561708990484476,12.304415926337242
2026-08-10T16:52:54.740284+00:00,communication_drift_01,meter_03,105,none,none,none,none,none,none,0.9995968502595534,0.4541224239969674,0,,0,0,drift_not_confirmed,,voltage_rolling_mean=230.658893;source_publish_interval=0.504311,,0.5248330999165773,9.493667166680098,10.036832885816693
2026-08-10T16:52:55.210556+00:00,communication_drift_01,meter_01,106,none,none,none,none,none,none,0.9999989668779456,0.5099919814100583,0,,0,0,drift_not_confirmed,,voltage_rolling_mean=231.644142;source_publish_interval=0.504311,,2.0225001499056816,21.040874999016523,23.097958881407976
2026-08-10T16:52:55.233943+00:00,communication_drift_01,meter_02,106,none,none,none,none,none,none,0.9999878601286779,0.5168318093497957,0,,0,0,drift_not_confirmed,,voltage_rolling_mean=231.450462;source_publish_interval=0.504311,,0.7545000407844782,11.812957935035229,12.589124962687492
2026-08-10T16:52:55.246629+00:00,communication_drift_01,meter_03,106,none,none,none,none,none,none,0.9973901404095732,0.4664606783180294,0,,0,0,drift_not_confirmed,,voltage_rolling_mean=230.658893;source_publish_interval=0.504311,,0.5718329921364784,9.812208823859692,10.402875021100044
2026-08-10T16:52:55.715655+00:00,communication_drift_01,meter_01,107,none,none,none,none,none,none,0.9999978415115894,0.4599377899254161,0,,0,0,drift_not_confirmed,,voltage_rolling_mean=231.644142;source_publish_interval=0.504311,,2.3490421008318663,18.14083312638104,20.52166685461998
2026-08-10T16:52:55.736620+00:00,communication_drift_01,meter_02,107,none,none,none,none,none,none,0.9999982489806566,0.4756129497250601,0,,0,0,drift_not_confirmed,,voltage_rolling_mean=231.450462;source_publish_interval=0.504311,,0.7047918625175953,11.342375073581934,12.06737500615418
2026-08-10T16:52:55.748777+00:00,communication_drift_01,meter_03,107,none,none,none,none,none,none,0.9978781943030456,0.5017801102823831,0,,0,0,drift_not_confirmed,,voltage_rolling_mean=230.658893;source_publish_interval=0.504311,,0.5234170239418745,9.294791845604777,9.837999939918518
2026-08-10T16:52:56.220714+00:00,communication_drift_01,meter_01,108,none,none,none,none,none,none,0.9999992302476003,0.468647533821496,0,,0,0,drift_not_confirmed,,voltage_rolling_mean=231.644142;source_publish_interval=0.504311,,2.72966711781919,22.58529094979167,25.350708048790693
2026-08-10T16:52:56.246430+00:00,communication_drift_01,meter_02,108,none,none,none,none,none,none,0.9999937167909613,0.5827995126540857,0,,0,0,drift_not_confirmed,,voltage_rolling_mean=231.450462;source_publish_interval=0.504311,,0.825042137876153,12.08100002259016,12.928334064781666
2026-08-10T16:52:56.259463+00:00,communication_drift_01,meter_03,108,none,none,none,none,none,none,0.9938739992468,0.44328274410158397,0,,0,0,drift_not_confirmed,,voltage_rolling_mean=230.658893;source_publish_interval=0.504311,,0.592667143791914,9.499583160504699,10.109917027875781
2026-08-10T16:52:56.725790+00:00,communication_drift_01,meter_01,109,none,none,none,none,none,none,0.9999995530023913,0.4462029503282287,0,,0,0,drift_not_confirmed,,voltage_rolling_mean=231.644142;source_publish_interval=0.504311,,2.017041202634573,20.885667065158486,22.94133394025266
2026-08-10T16:52:56.749040+00:00,communication_drift_01,meter_02,109,none,none,none,none,none,none,0.9999890831873789,0.4694827128013942,0,,0,0,drift_not_confirmed,,voltage_rolling_mean=231.450462;source_publish_interval=0.504311,,0.7496250327676535,11.757124913856387,12.527917046099901
2026-08-10T16:52:56.761667+00:00,communication_drift_01,meter_03,109,none,none,none,none,none,none,0.9994784273929028,0.5236297613735238,0,,0,0,drift_not_confirmed,,voltage_rolling_mean=230.658893;source_publish_interval=0.504311,,0.5486658774316311,9.722624905407429,10.289292084053159
2026-08-10T16:52:57.229460+00:00,communication_drift_01,meter_01,110,none,none,none,none,none,none,0.9999987035350033,0.4534793750770841,0,,0,0,drift_not_confirmed,,voltage_rolling_mean=231.644142;source_publish_interval=0.504311,,2.185957971960306,22.339124931022525,24.56333301961422
2026-08-10T16:52:57.254343+00:00,communication_drift_01,meter_02,110,none,none,none,none,none,none,0.9999818312705183,0.4688521511355956,0,,0,0,drift_not_confirmed,,voltage_rolling_mean=231.450462;source_publish_interval=0.504311,,0.817666994407773,12.053707847371697,12.894124956801534
2026-08-10T16:52:57.267344+00:00,communication_drift_01,meter_03,110,none,none,none,none,none,none,0.9953254030816064,0.447402593676361,0,,0,0,drift_not_confirmed,,voltage_rolling_mean=230.658893;source_publish_interval=0.504311,,0.5956669338047504,9.491000091657043,10.104750050231814
2026-08-10T16:52:57.734121+00:00,communication_drift_01,meter_01,111,none,none,none,none,none,none,0.9999988399760943,0.4494093318206828,0,,0,0,drift_not_confirmed,,voltage_rolling_mean=231.644142;source_publish_interval=0.504311,,2.143333898857236,21.92691690288484,24.107499979436398
2026-08-10T16:52:57.758489+00:00,communication_drift_01,meter_02,111,none,none,none,none,none,none,0.9999828361274871,0.4996894339180396,0,,0,0,drift_not_confirmed,,voltage_rolling_mean=231.450462;source_publish_interval=0.504311,,0.8306249510496855,11.884334031492472,12.737832963466644
2026-08-10T16:52:57.771338+00:00,communication_drift_01,meter_03,111,none,none,none,none,none,none,0.9976350749797469,0.4441877107936711,0,,0,0,drift_not_confirmed,,voltage_rolling_mean=230.658893;source_publish_interval=0.504311,,0.5691670812666416,9.525166125968099,10.112375020980835
2026-08-10T16:52:58.238880+00:00,communication_drift_01,meter_01,112,none,none,none,none,none,none,0.9999992711937846,0.4965271080043577,0,,0,0,drift_not_confirmed,,voltage_rolling_mean=231.644142;source_publish_interval=0.504311,,2.641625003889203,19.411541987210512,22.085374919697642
2026-08-10T16:52:58.261330+00:00,communication_drift_01,meter_02,112,none,none,none,none,none,none,0.999996469876697,0.4620467293253198,0,,0,0,drift_not_confirmed,,voltage_rolling_mean=231.450462;source_publish_interval=0.504311,,0.6930411327630281,11.565540917217731,12.281917035579681
2026-08-10T16:52:58.273706+00:00,communication_drift_01,meter_03,112,none,none,none,none,none,none,0.9911069533699273,0.4958102587822992,0,,0,0,drift_not_confirmed,,voltage_rolling_mean=230.658893;source_publish_interval=0.504311,,0.5703750066459179,9.512500138953328,10.101750027388334
2026-08-10T16:52:58.744044+00:00,communication_drift_01,meter_01,113,none,none,none,none,none,none,0.9999987310665354,0.49644930498277534,0,,0,0,drift_not_confirmed,,voltage_rolling_mean=231.644142;source_publish_interval=0.504311,,2.07929196767509,22.160917054861784,24.27599998190999
2026-08-10T16:52:58.768689+00:00,communication_drift_01,meter_02,113,none,none,none,none,none,none,0.9999639946762425,0.45848360266012866,0,,0,0,drift_not_confirmed,,voltage_rolling_mean=231.450462;source_publish_interval=0.504311,,0.8096669334918261,11.897915974259377,12.729249894618988
2026-08-10T16:52:58.781515+00:00,communication_drift_01,meter_03,113,none,none,none,none,none,none,0.9849841808335172,0.4601706205115448,0,,0,0,drift_not_confirmed,,voltage_rolling_mean=230.658893;source_publish_interval=0.504311,,0.5944999866187572,9.46383411064744,10.075957980006933
2026-08-10T16:52:59.244691+00:00,communication_drift_01,meter_01,114,none,none,none,none,none,none,0.9999994492083458,0.4810496887517522,0,,0,0,drift_not_confirmed,,voltage_rolling_mean=231.644142;source_publish_interval=0.504311,,0.7550830487161875,11.902666883543134,12.683707987889647
2026-08-10T16:52:59.257488+00:00,communication_drift_01,meter_02,114,none,none,none,none,none,none,0.999997499006384,0.4911471693833371,0,,0,0,drift_not_confirmed,,voltage_rolling_mean=231.450462;source_publish_interval=0.504311,,0.5448330193758011,9.412792045623064,9.97687503695488
2026-08-10T16:52:59.267538+00:00,communication_drift_01,meter_03,114,none,none,none,none,none,none,0.9995364537342513,0.4616429688613463,0,,0,0,drift_not_confirmed,,voltage_rolling_mean=230.658893;source_publish_interval=0.504311,,0.49758399836719036,8.460290962830186,8.974166121333838
2026-08-10T16:52:59.750723+00:00,communication_drift_01,meter_01,115,none,none,none,none,none,none,0.9999988887059736,0.49724142676617955,0,,0,0,drift_not_confirmed,,voltage_rolling_mean=231.644142;source_publish_interval=0.504311,,1.5062908641994,21.07466710731387,22.631290834397078
2026-08-10T16:52:59.773661+00:00,communication_drift_01,meter_02,115,none,none,none,none,none,none,0.9998433130752563,0.4898643453115313,0,,0,0,drift_not_confirmed,,voltage_rolling_mean=231.450462;source_publish_interval=0.504311,,0.8678340818732977,12.705458095297217,13.599583879113197
2026-08-10T16:52:59.787388+00:00,communication_drift_01,meter_03,115,none,none,none,unknown,unknown,unknown,0.9296052417699487,0.45023979363039607,0,,0,0,drift_not_confirmed,,voltage_rolling_mean=230.658893;source_publish_interval=0.504311,,0.6065410561859608,9.917333023622632,10.542667005211115
2026-08-10T16:53:00.256277+00:00,communication_drift_01,meter_01,116,none,none,none,none,none,none,0.9999977822057889,0.4574170457327817,0,,0,0,drift_not_confirmed,,voltage_rolling_mean=231.644142;source_publish_interval=0.504311,,2.423333004117012,22.888375213369727,25.346416980028152
2026-08-10T16:53:00.281989+00:00,communication_drift_01,meter_02,116,none,none,none,none,none,none,0.9998294737462234,0.468865695772248,0,,0,0,drift_not_confirmed,,voltage_rolling_mean=231.450462;source_publish_interval=0.504311,,0.8235420100390911,12.037083972245455,12.88345898501575
2026-08-10T16:53:00.294978+00:00,communication_drift_01,meter_03,116,none,none,none,unknown,unknown,unknown,0.7819776355604446,0.4837416801177366,0,,0,0,drift_not_confirmed,,voltage_rolling_mean=230.658893;source_publish_interval=0.504311,,0.5841669626533985,9.511874988675117,10.114958044141531
2026-08-10T16:53:00.761391+00:00,communication_drift_01,meter_01,117,none,none,none,none,none,none,0.9999971690006998,0.47276101761157985,0,,0,0,drift_not_confirmed,,voltage_rolling_mean=231.644142;source_publish_interval=0.504311,,2.0690420642495155,21.853291895240545,23.960917023941875
2026-08-10T16:53:00.785688+00:00,communication_drift_01,meter_02,117,none,none,none,none,none,none,0.9999459299460023,0.4865162582946705,0,,0,0,drift_not_confirmed,,voltage_rolling_mean=231.450462;source_publish_interval=0.504311,,0.8639171719551086,12.032125145196915,12.91966694407165
2026-08-10T16:53:00.798728+00:00,communication_drift_01,meter_03,117,none,none,none,none,none,none,0.964122149655619,0.4519044184647527,0,,0,0,drift_not_confirmed,,voltage_rolling_mean=230.658893;source_publish_interval=0.504311,,0.5718329921364784,9.521458065137267,10.112290969118476
2026-08-10T16:53:01.262907+00:00,communication_drift_01,meter_01,118,none,none,none,none,none,none,0.9999987340505375,0.49182308754663584,0,,0,0,drift_not_confirmed,,voltage_rolling_mean=231.644142;source_publish_interval=0.504311,,2.0300839096307755,22.256667027249932,24.322208017110825
2026-08-10T16:53:01.287523+00:00,communication_drift_01,meter_02,118,none,none,none,none,none,none,0.9998642836599296,0.48265868629340447,0,,0,0,drift_not_confirmed,,voltage_rolling_mean=231.450462;source_publish_interval=0.504311,,0.8212500251829624,11.89624983817339,12.740040896460414
2026-08-10T16:53:01.300363+00:00,communication_drift_01,meter_03,118,none,none,none,none,none,none,0.9941400453875259,0.4691859839799734,0,,0,0,drift_not_confirmed,,voltage_rolling_mean=230.658893;source_publish_interval=0.504311,,0.5988329648971558,8.709709160029888,9.327250067144632
2026-08-10T16:53:01.768174+00:00,communication_drift_01,meter_01,119,none,none,none,none,none,none,0.9999981478576269,0.45427724635336675,0,,0,0,drift_not_confirmed,,voltage_rolling_mean=231.644142;source_publish_interval=0.504311,,2.0201250445097685,21.75375004298985,23.80958292633295
2026-08-10T16:53:01.792292+00:00,communication_drift_01,meter_02,119,none,none,none,none,none,none,0.999792454322894,0.45819414584748114,0,,0,0,drift_not_confirmed,,voltage_rolling_mean=231.450462;source_publish_interval=0.504311,,0.8177079726010561,12.01404188759625,12.854208005592227
2026-08-10T16:53:01.805249+00:00,communication_drift_01,meter_03,119,none,none,none,unknown,unknown,unknown,0.9247259604536914,0.44322712143269394,0,,0,0,drift_not_confirmed,,voltage_rolling_mean=230.658893;source_publish_interval=0.504311,,0.5796670448035002,9.479250060394406,10.07733284495771
2026-08-10T16:53:02.271723+00:00,communication_drift_01,meter_01,120,none,none,none,none,none,none,0.9999953586214294,0.4743149893668332,0,,0,0,drift_not_confirmed,,voltage_rolling_mean=231.644142;source_publish_interval=0.504311,,2.9381669592112303,19.661167170852423,22.629667073488235
2026-08-10T16:53:02.294731+00:00,communication_drift_01,meter_02,120,none,none,none,none,none,none,0.9999249937309479,0.5595567709102319,0,,0,0,drift_not_confirmed,,voltage_rolling_mean=231.450462;source_publish_interval=0.504311,,0.7349159568548203,11.794958030804992,12.55116704851389
2026-08-10T16:53:02.307390+00:00,communication_drift_01,meter_03,120,none,none,none,none,none,none,0.9931846499515992,0.46614763336270254,0,,0,0,drift_not_confirmed,,voltage_rolling_mean=230.658893;source_publish_interval=0.504311,,0.5676248110830784,9.456333937123418,10.041834088042378
2026-08-10T16:53:02.776896+00:00,communication_drift_01,meter_01,121,none,none,none,none,none,none,0.9999910623259758,0.46181459594983754,0,,0,0,drift_not_confirmed,,voltage_rolling_mean=231.644142;source_publish_interval=0.504311,,2.169082872569561,22.116041975095868,24.320834083482623
2026-08-10T16:53:02.801660+00:00,communication_drift_01,meter_02,121,none,none,none,none,none,none,0.9952809822718304,0.46532938916243816,0,,0,0,drift_not_confirmed,,voltage_rolling_mean=231.450462;source_publish_interval=0.504311,,0.7807922083884478,12.403208995237947,13.206749921664596
2026-08-10T16:53:02.814965+00:00,communication_drift_01,meter_03,121,none,none,none,unknown,unknown,unknown,0.9347505133108658,0.4419952282167563,0,,0,0,drift_not_confirmed,,voltage_rolling_mean=230.658893;source_publish_interval=0.504311,,0.5869169253855944,9.47725004516542,10.081833926960826
2026-08-10T16:53:03.281465+00:00,communication_drift_01,meter_01,122,none,none,none,none,none,none,0.9999961121399756,0.4665350956815394,0,,0,0,drift_not_confirmed,,voltage_rolling_mean=231.644142;source_publish_interval=0.504311,,2.239250112324953,21.982667036354542,24.273040937259793
2026-08-10T16:53:03.306141+00:00,communication_drift_01,meter_02,122,none,none,none,none,none,none,0.9992325044564947,0.5996999719637087,0,,0,0,drift_not_confirmed,,voltage_rolling_mean=231.450462;source_publish_interval=0.504311,,0.8880828972905874,12.707083020359278,13.62137496471405
2026-08-10T16:53:03.319917+00:00,communication_drift_01,meter_03,122,none,none,none,unknown,unknown,unknown,0.9753983004907331,0.6406204466666292,0,,0,0,drift_not_confirmed,,voltage_rolling_mean=230.658893;source_publish_interval=0.504311,,0.6131657864898443,10.015374980866909,10.64845803193748
2026-08-10T16:53:03.786928+00:00,communication_drift_01,meter_01,123,none,none,none,none,none,none,0.9999946750742433,0.4688982350571227,0,,0,0,drift_not_confirmed,,voltage_rolling_mean=231.644142;source_publish_interval=0.504311,,1.7768328543752432,21.980541991069913,23.822457995265722
2026-08-10T16:53:03.811189+00:00,communication_drift_01,meter_02,123,none,none,none,none,none,none,0.9991989387084924,0.4834899086348742,0,,0,0,drift_not_confirmed,,voltage_rolling_mean=231.450462;source_publish_interval=0.504311,,0.893500167876482,12.30320893228054,13.227083021774888
2026-08-10T16:53:03.824579+00:00,communication_drift_01,meter_03,123,none,none,none,none,none,none,0.9842872399500868,0.4860180923654079,0,,0,0,drift_not_confirmed,,voltage_rolling_mean=230.658893;source_publish_interval=0.504311,,0.5520828999578953,9.62729100137949,10.199374984949827
2026-08-10T16:53:04.288133+00:00,communication_drift_01,meter_01,124,none,none,none,none,none,none,0.999982948540622,0.4594023083073304,0,,0,0,drift_not_confirmed,,voltage_rolling_mean=231.644142;source_publish_interval=0.504311,,1.875125104561448,21.35300007648766,23.266582982614636
2026-08-10T16:53:04.311711+00:00,communication_drift_01,meter_02,124,none,none,none,none,none,none,0.9987973939196109,0.4625005936862654,0,,0,0,drift_not_confirmed,,voltage_rolling_mean=231.450462;source_publish_interval=0.504311,,0.711292028427124,11.951291002333164,12.687500100582838
2026-08-10T16:53:04.324518+00:00,communication_drift_01,meter_03,124,none,none,none,none,none,none,0.9916835022385775,0.46185218994884336,0,,0,0,drift_not_confirmed,,voltage_rolling_mean=230.658893;source_publish_interval=0.504311,,0.5986669566482306,9.717333130538464,10.334999999031425
2026-08-10T16:53:04.788483+00:00,communication_drift_01,meter_01,125,none,none,none,none,none,none,0.9999990302582031,0.606793835033162,0,,0,0,drift_not_confirmed,,voltage_rolling_mean=231.644142;source_publish_interval=0.504311,,1.9946671091020107,22.409250028431416,24.45370890200138
2026-08-10T16:53:04.813304+00:00,communication_drift_01,meter_02,125,none,none,none,none,none,none,0.9963393394664726,0.4732496514000168,0,,0,0,drift_not_confirmed,,voltage_rolling_mean=231.450462;source_publish_interval=0.504311,,0.898249913007021,12.20562495291233,13.130957959219813
2026-08-10T16:53:04.826580+00:00,communication_drift_01,meter_03,125,none,none,none,none,none,none,0.9743767881977284,0.45199981185685795,0,,0,0,drift_not_confirmed,,voltage_rolling_mean=230.658893;source_publish_interval=0.504311,,0.5525408778339624,9.736333042383194,10.321332840248942
2026-08-10T16:53:05.293625+00:00,communication_drift_01,meter_01,126,none,none,none,none,none,none,0.9999942253176421,0.4739522384619359,0,,0,0,drift_not_confirmed,,voltage_rolling_mean=231.644142;source_publish_interval=0.504311,,1.9823750481009483,22.482041968032718,24.517291923984885
2026-08-10T16:53:05.318554+00:00,communication_drift_01,meter_02,126,none,none,none,none,none,none,0.9988179735439346,0.4544026018675097,0,,0,0,drift_not_confirmed,,voltage_rolling_mean=231.450462;source_publish_interval=0.504311,,0.9025831241160631,12.373041827231646,13.30433296971023
2026-08-10T16:53:05.332030+00:00,communication_drift_01,meter_03,126,none,none,none,none,none,none,0.9594773498986765,0.47228829384199345,0,,0,0,drift_not_confirmed,,voltage_rolling_mean=230.658893;source_publish_interval=0.504311,,0.6141250487416983,9.753334103152156,10.389208095148206
2026-08-10T16:53:05.799064+00:00,communication_drift_01,meter_01,127,none,none,none,none,none,none,0.9999893000997147,0.48217530996175983,0,,0,0,drift_not_confirmed,,voltage_rolling_mean=231.644142;source_publish_interval=0.504311,,1.8932498060166836,20.90954198502004,22.841791855171323
2026-08-10T16:53:05.822215+00:00,communication_drift_01,meter_02,127,none,none,none,none,none,none,0.9968969006734217,0.4475622255017443,0,,0,0,drift_not_confirmed,,voltage_rolling_mean=231.450462;source_publish_interval=0.504311,,0.7583748083561659,11.945958016440272,12.726000044494867
2026-08-10T16:53:05.835051+00:00,communication_drift_01,meter_03,127,none,none,none,none,none,none,0.9923608653742543,0.47330533895433896,0,,0,0,drift_not_confirmed,,voltage_rolling_mean=230.658893;source_publish_interval=0.504311,,0.5255411379039288,9.552250150591135,10.096334153786302
2026-08-10T16:53:06.303295+00:00,communication_drift_01,meter_01,128,none,none,none,none,none,none,0.9999931064509362,0.5342219114005428,0,,0,0,drift_not_confirmed,,voltage_rolling_mean=231.644142;source_publish_interval=0.504311,,2.2671660408377647,18.22233386337757,20.526666892692447
2026-08-10T16:53:06.324212+00:00,communication_drift_01,meter_02,128,none,none,none,none,none,none,0.9970254413409573,0.46678239327892085,0,,0,0,drift_not_confirmed,,voltage_rolling_mean=231.450462;source_publish_interval=0.504311,,0.7238329853862524,11.288749985396862,12.033958220854402
2026-08-10T16:53:06.336357+00:00,communication_drift_01,meter_03,128,none,none,none,none,none,none,0.99437988807507,0.49767468167715506,0,,0,0,drift_not_confirmed,,voltage_rolling_mean=230.658893;source_publish_interval=0.504311,,0.510666985064745,9.475792059674859,10.006415890529752
2026-08-10T16:53:06.805191+00:00,communication_drift_01,meter_01,129,none,none,none,none,none,none,0.9999746990551238,0.4591719693430477,0,,0,0,drift_not_confirmed,,voltage_rolling_mean=231.644142;source_publish_interval=0.504311,,2.7832500636577606,19.185208017006516,21.997458999976516
2026-08-10T16:53:06.827542+00:00,communication_drift_01,meter_02,129,none,none,none,none,none,none,0.9972018496733626,0.5309687107026833,0,,0,0,drift_not_confirmed,,voltage_rolling_mean=231.450462;source_publish_interval=0.504311,,0.7492909207940102,11.677291942760348,12.447583954781294
2026-08-10T16:53:06.840083+00:00,communication_drift_01,meter_03,129,none,none,none,none,none,none,0.9898120083744333,0.4771502711843154,0,,0,0,drift_not_confirmed,,voltage_rolling_mean=230.658893;source_publish_interval=0.504311,,0.5212500691413879,9.511041920632124,10.0509999319911
2026-08-10T16:53:07.310158+00:00,communication_drift_01,meter_01,130,none,none,none,none,none,none,0.9999359556374697,0.45926044513844927,0,,0,0,drift_not_confirmed,,voltage_rolling_mean=231.644142;source_publish_interval=0.504311,,1.9478329923003912,22.0955410040915,24.086291203275323
2026-08-10T16:53:07.334664+00:00,communication_drift_01,meter_02,130,none,none,none,none,none,none,0.9971459376573654,0.44851004449480214,0,,0,0,drift_not_confirmed,,voltage_rolling_mean=231.450462;source_publish_interval=0.504311,,0.8987090550363064,12.04145816154778,12.965332949534059
2026-08-10T16:53:07.347768+00:00,communication_drift_01,meter_03,130,none,none,none,unknown,unknown,unknown,0.9358994882329077,0.45848255061188403,0,,0,0,drift_not_confirmed,,voltage_rolling_mean=230.658893;source_publish_interval=0.504311,,0.5737920291721821,9.728833101689816,10.321957990527153
2026-08-10T16:53:07.815254+00:00,communication_drift_01,meter_01,131,none,none,none,none,none,none,0.9998362356527062,0.47993011655701845,0,,0,0,drift_not_confirmed,,voltage_rolling_mean=231.644142;source_publish_interval=0.504311,,1.9616670906543732,22.100541042163968,24.125041905790567
2026-08-10T16:53:07.839808+00:00,communication_drift_01,meter_02,131,none,none,none,none,none,none,0.9935356655650135,0.5314206732259014,0,,0,0,drift_not_confirmed,,voltage_rolling_mean=231.450462;source_publish_interval=0.504311,,0.9300420060753822,12.282249983400106,13.234624871984124
2026-08-10T16:53:07.853170+00:00,communication_drift_01,meter_03,131,none,none,none,none,none,none,0.9959537340028128,0.5248440908828621,0,,0,0,drift_not_confirmed,,voltage_rolling_mean=230.658893;source_publish_interval=0.504311,,0.5362501833587885,9.693375090137124,10.24787500500679
2026-08-10T16:53:08.320607+00:00,communication_drift_01,meter_01,132,none,none,none,none,none,none,0.9998161112021824,0.45739546689497845,0,,0,0,drift_not_confirmed,,voltage_rolling_mean=231.644142;source_publish_interval=0.504311,,2.435749862343073,18.864958081394434,21.332165924832225
2026-08-10T16:53:08.342289+00:00,communication_drift_01,meter_02,132,none,none,none,none,none,none,0.996893014503404,0.4613116620508789,0,,0,0,drift_not_confirmed,,voltage_rolling_mean=231.450462;source_publish_interval=0.504311,,0.726083992049098,11.621959041804075,12.368916999548674
2026-08-10T16:53:08.354771+00:00,communication_drift_01,meter_03,132,none,none,none,none,none,none,0.9959435045165799,0.45977669894117584,0,,0,0,drift_not_confirmed,,voltage_rolling_mean=230.658893;source_publish_interval=0.504311,,0.5108329933136702,9.635417023673654,10.16724994406104
2026-08-10T16:53:08.825434+00:00,communication_drift_01,meter_01,133,none,none,none,none,none,none,0.9998184876600819,0.4602823714132423,0,,0,0,drift_not_confirmed,,voltage_rolling_mean=231.644142;source_publish_interval=0.504311,,2.709875116124749,17.546707997098565,20.291208056733012
2026-08-10T16:53:08.846111+00:00,communication_drift_01,meter_02,133,none,none,none,none,none,none,0.9995187773647997,0.47631776678668125,0,,0,0,drift_not_confirmed,,voltage_rolling_mean=231.450462;source_publish_interval=0.504311,,0.749124912545085,11.126791825518012,11.896040989086032
2026-08-10T16:53:08.858114+00:00,communication_drift_01,meter_03,133,none,none,none,none,none,none,0.9949584981378694,0.5563779207693872,0,,0,0,drift_not_confirmed,,voltage_rolling_mean=230.658893;source_publish_interval=0.504311,,0.5039169918745756,9.314291179180145,9.840375045314431
2026-08-10T16:53:09.330781+00:00,communication_drift_01,meter_01,134,none,none,none,none,none,none,0.9997893943399957,0.4928701129182395,0,,0,0,drift_not_confirmed,,voltage_rolling_mean=231.644142;source_publish_interval=0.504311,,2.0242908503860235,22.183624794706702,24.248083122074604
2026-08-10T16:53:09.355441+00:00,communication_drift_01,meter_02,134,none,none,none,none,none,none,0.9895055116170228,0.465335885588968,0,,0,0,drift_not_confirmed,,voltage_rolling_mean=231.450462;source_publish_interval=0.504311,,0.8906659204512835,12.083958135917783,12.999249855056405
2026-08-10T16:53:09.368573+00:00,communication_drift_01,meter_03,134,none,none,none,unknown,unknown,unknown,0.6093023008245326,0.4428165116971397,0,,0,0,drift_not_confirmed,,voltage_rolling_mean=230.658893;source_publish_interval=0.504311,,0.5532500799745321,9.566333843395114,10.140249971300364
2026-08-10T16:53:09.835352+00:00,communication_drift_01,meter_01,135,none,none,none,none,none,none,0.9997747765677333,0.5200740591569338,0,,0,0,drift_not_confirmed,,voltage_rolling_mean=231.644142;source_publish_interval=0.504311,,1.9231250043958426,22.066208068281412,24.037749972194433
2026-08-10T16:53:09.859814+00:00,communication_drift_01,meter_02,135,none,none,none,none,none,none,0.9992994966211095,0.5226652787009902,0,,0,0,drift_not_confirmed,,voltage_rolling_mean=231.450462;source_publish_interval=0.504311,,0.9245839901268482,12.26912485435605,13.215875020250678
2026-08-10T16:53:09.873157+00:00,communication_drift_01,meter_03,135,none,none,none,none,none,none,0.9713426902020712,0.46355618856224984,0,,0,0,drift_not_confirmed,,voltage_rolling_mean=230.658893;source_publish_interval=0.504311,,0.5263749044388533,9.525167057290673,10.070458985865116
2026-08-10T16:53:10.340430+00:00,communication_drift_01,meter_01,136,none,none,none,none,none,none,0.9998475452790926,0.4511142485397704,0,,0,0,drift_not_confirmed,,voltage_rolling_mean=231.644142;source_publish_interval=0.504311,,2.4136248975992203,22.702834103256464,25.1583328936249
2026-08-10T16:53:10.366005+00:00,communication_drift_01,meter_02,136,none,none,none,none,none,none,0.9965191357459868,0.4545676354028676,0,,0,0,drift_not_confirmed,,voltage_rolling_mean=231.450462;source_publish_interval=0.504311,,0.8732909336686134,12.112375115975738,13.009040849283338
2026-08-10T16:53:10.379126+00:00,communication_drift_01,meter_03,136,none,none,none,unknown,unknown,unknown,0.5475367882218982,0.4767117045942156,0,,0,0,drift_not_confirmed,,voltage_rolling_mean=230.658893;source_publish_interval=0.504311,,0.5172919481992722,9.534707991406322,10.070458054542542
2026-08-10T16:53:10.845482+00:00,communication_drift_01,meter_01,137,none,none,none,none,none,none,0.9997980362434395,0.4535533904571027,0,,0,0,drift_not_confirmed,,voltage_rolling_mean=231.644142;source_publish_interval=0.504311,,3.1519581098109484,16.05595787987113,19.24704108387232
2026-08-10T16:53:10.865149+00:00,communication_drift_01,meter_02,137,none,none,none,none,none,none,0.9977442616644691,0.44197817585935806,0,,0,0,drift_not_confirmed,,voltage_rolling_mean=231.450462;source_publish_interval=0.504311,,0.7334998808801174,10.62312489375472,11.379291070625186
2026-08-10T16:53:10.876658+00:00,communication_drift_01,meter_03,137,none,none,none,none,none,none,0.9924160105049352,0.5329191428477111,0,,0,0,drift_not_confirmed,,voltage_rolling_mean=230.658893;source_publish_interval=0.504311,,0.5137498956173658,9.186916053295135,9.719416964799166
2026-08-10T16:53:11.350395+00:00,communication_drift_01,meter_01,138,none,none,none,none,none,none,0.9997971863592184,0.46226697145314594,0,,0,0,drift_not_confirmed,,voltage_rolling_mean=231.644142;source_publish_interval=0.504311,,1.8919589929282665,22.126624826341867,24.057665839791298
2026-08-10T16:53:11.374794+00:00,communication_drift_01,meter_02,138,none,none,none,none,none,none,0.9842752474647404,0.4707067124517709,0,,0,0,drift_not_confirmed,,voltage_rolling_mean=231.450462;source_publish_interval=0.504311,,0.8696659933775663,12.154958909377456,13.048874912783504
2026-08-10T16:53:11.387964+00:00,communication_drift_01,meter_03,138,none,none,none,none,none,none,0.9879985283873904,0.4385844732355985,0,,0,0,drift_not_confirmed,,voltage_rolling_mean=230.658893;source_publish_interval=0.504311,,0.533499987795949,9.49479197151959,10.046542156487703
2026-08-10T16:53:11.854739+00:00,communication_drift_01,meter_01,139,none,none,none,none,none,none,0.99988155956439,0.46417507569298155,0,,0,0,drift_not_confirmed,,voltage_rolling_mean=231.644142;source_publish_interval=0.504311,,1.8587498925626278,21.664374973624945,23.56133284047246
2026-08-10T16:53:11.878644+00:00,communication_drift_01,meter_02,139,none,none,none,none,none,none,0.9980078197115702,0.47005277445327664,0,,0,0,drift_not_confirmed,,voltage_rolling_mean=231.450462;source_publish_interval=0.504311,,0.8806660771369934,12.441291939467192,13.346125138923526
2026-08-10T16:53:11.892108+00:00,communication_drift_01,meter_03,139,none,none,none,none,none,none,0.9851840974307069,0.43454062500330043,0,,0,0,drift_not_confirmed,,voltage_rolling_mean=230.658893;source_publish_interval=0.504311,,0.5474169738590717,9.712542174383998,10.283916024491191
2026-08-10T16:53:12.359841+00:00,communication_drift_01,meter_01,140,none,none,none,none,none,none,0.9997744123004253,0.4512352469639849,0,,0,0,drift_not_confirmed,,voltage_rolling_mean=231.644142;source_publish_interval=0.504311,,2.011665841564536,21.8965420499444,23.952458053827286
2026-08-10T16:53:12.384156+00:00,communication_drift_01,meter_02,140,none,none,none,none,none,none,0.9965948652879056,0.47086739449845694,0,,0,0,drift_not_confirmed,,voltage_rolling_mean=231.450462;source_publish_interval=0.504311,,0.8824171964079142,12.203082907944918,13.109874911606312
2026-08-10T16:53:12.397383+00:00,communication_drift_01,meter_03,140,none,none,none,unknown,unknown,unknown,0.878768309210084,0.47264272813682434,0,,0,0,drift_not_confirmed,,voltage_rolling_mean=230.658893;source_publish_interval=0.504311,,0.5229581147432327,9.710832964628935,10.256167035549879
2026-08-10T16:53:12.865032+00:00,communication_drift_01,meter_01,141,none,none,none,none,none,none,0.9997005751486663,0.45174491981986586,0,,0,0,drift_not_confirmed,,voltage_rolling_mean=231.644142;source_publish_interval=0.504311,,2.6090838946402073,19.21108295209706,21.85666700825095
2026-08-10T16:53:12.887332+00:00,communication_drift_01,meter_02,141,none,none,none,none,none,none,0.9918465219289894,0.4497938297983643,0,,0,0,drift_not_confirmed,,voltage_rolling_mean=231.450462;source_publish_interval=0.504311,,0.7656658999621868,11.982958065345883,12.76995800435543
2026-08-10T16:53:12.900219+00:00,communication_drift_01,meter_03,141,none,none,none,unknown,unknown,unknown,0.9400901804832377,0.4952046211098276,0,,0,0,drift_not_confirmed,,voltage_rolling_mean=230.658893;source_publish_interval=0.504311,,0.5257080774754286,9.599792072549462,10.14445791952312
2026-08-10T16:53:13.367452+00:00,communication_drift_01,meter_01,142,none,none,none,none,none,none,0.9997695316718053,0.4627436005738064,0,,0,0,drift_not_confirmed,,voltage_rolling_mean=231.644142;source_publish_interval=0.504311,,1.8928330391645432,21.986292209476233,23.922207998111844
2026-08-10T16:53:13.391765+00:00,communication_drift_01,meter_02,142,none,none,none,none,none,none,0.9888828409543329,0.5102993193927251,0,,0,0,drift_not_confirmed,,voltage_rolling_mean=231.450462;source_publish_interval=0.504311,,0.9322920814156532,12.247083941474557,13.20162508636713
2026-08-10T16:53:13.405091+00:00,communication_drift_01,meter_03,142,none,none,none,unknown,unknown,unknown,0.9309423330215082,0.5689310074784364,0,,0,0,drift_not_confirmed,,voltage_rolling_mean=230.658893;source_publish_interval=0.504311,,0.5316669121384621,9.580457815900445,10.130584007129073
2026-08-10T16:53:13.870702+00:00,communication_drift_01,meter_01,143,none,none,none,none,none,none,0.9996698548343125,0.5766086200892752,0,,0,0,drift_not_confirmed,,voltage_rolling_mean=231.644142;source_publish_interval=0.504311,,2.0414998289197683,22.20200002193451,24.2811250500381
2026-08-10T16:53:13.895333+00:00,communication_drift_01,meter_02,143,none,none,none,none,none,none,0.9926383205975596,0.500777737359961,0,,0,0,drift_not_confirmed,,voltage_rolling_mean=231.450462;source_publish_interval=0.504311,,0.8693751879036427,12.515250127762556,13.407957972958684
2026-08-10T16:53:13.908857+00:00,communication_drift_01,meter_03,143,none,none,none,none,none,none,0.9890284884208925,0.5291825536473517,0,,0,0,drift_not_confirmed,,voltage_rolling_mean=230.658893;source_publish_interval=0.504311,,0.5746250972151756,9.526375215500593,10.119332931935787
2026-08-10T16:53:14.375402+00:00,communication_drift_01,meter_01,144,none,none,none,none,none,none,0.9995637150467129,0.4522112230461609,0,,0,0,drift_not_confirmed,,voltage_rolling_mean=231.644142;source_publish_interval=0.504311,,1.943750074133277,21.9416250474751,23.924499982967973
2026-08-10T16:53:14.399663+00:00,communication_drift_01,meter_02,144,none,none,none,none,none,none,0.9942170487617296,0.5203305087805307,0,,0,0,drift_not_confirmed,,voltage_rolling_mean=231.450462;source_publish_interval=0.504311,,0.8775000460445881,12.072042096406221,12.97462498769164
2026-08-10T16:53:14.412762+00:00,communication_drift_01,meter_03,144,none,none,none,none,none,none,0.9886743695875807,0.4741169537791689,0,,0,0,drift_not_confirmed,,voltage_rolling_mean=230.658893;source_publish_interval=0.504311,,0.569791067391634,9.636583039537072,10.226333979517221
2026-08-10T16:53:14.880054+00:00,communication_drift_01,meter_01,145,none,none,none,none,none,none,0.9999186614016142,0.5638578606737943,0,,0,0,drift_not_confirmed,,voltage_rolling_mean=231.644142;source_publish_interval=0.504311,,3.1100839842110872,22.299374919384718,25.44395811855793
2026-08-10T16:53:14.905859+00:00,communication_drift_01,meter_02,145,none,none,none,none,none,none,0.9675069483852925,0.48032702963782276,0,,0,0,drift_not_confirmed,,voltage_rolling_mean=231.450462;source_publish_interval=0.504311,,0.8080420084297657,12.070166878402233,12.899833964183927
2026-08-10T16:53:14.918864+00:00,communication_drift_01,meter_03,145,none,none,none,none,none,none,0.972133394981415,0.4702668382812834,0,,0,0,drift_not_confirmed,,voltage_rolling_mean=230.658893;source_publish_interval=0.504311,,0.578584149479866,9.52141615562141,10.118375066667795
2026-08-10T16:53:15.384827+00:00,communication_drift_01,meter_01,146,none,none,none,none,none,none,0.9975877372185249,0.44483027114316853,0,,0,0,drift_not_confirmed,,voltage_rolling_mean=231.644142;source_publish_interval=0.504311,,2.407082822173834,19.038042053580284,21.47858403623104
2026-08-10T16:53:15.406663+00:00,communication_drift_01,meter_02,146,none,none,none,none,none,none,0.996814181580608,0.46098221693748004,0,,0,0,drift_not_confirmed,,voltage_rolling_mean=231.450462;source_publish_interval=0.504311,,0.6935831625014544,11.454541934654117,12.167915934696794
2026-08-10T16:53:15.418917+00:00,communication_drift_01,meter_03,146,none,none,none,none,none,none,0.976447590530199,0.4508980364344782,0,,0,0,drift_not_confirmed,,voltage_rolling_mean=230.658893;source_publish_interval=0.504311,,0.5514170043170452,9.53837507404387,10.107832960784435
2026-08-10T16:53:15.886727+00:00,communication_drift_01,meter_01,147,none,none,none,none,none,none,0.9991770507145661,0.4838977031469273,0,,0,0,drift_not_confirmed,,voltage_rolling_mean=231.644142;source_publish_interval=0.504311,,1.95012497715652,21.24658296816051,23.235457949340343
2026-08-10T16:53:15.910313+00:00,communication_drift_01,meter_02,147,none,none,none,unknown,unknown,unknown,0.9330404590893736,0.49791685508743294,0,,0,0,drift_not_confirmed,,voltage_rolling_mean=231.450462;source_publish_interval=0.504311,,0.7787079084664583,11.935624992474914,12.737042037770152
2026-08-10T16:53:15.923184+00:00,communication_drift_01,meter_03,147,none,none,none,none,none,none,0.9821281753217034,0.43521483454627413,0,,0,0,drift_not_confirmed,,voltage_rolling_mean=230.658893;source_publish_interval=0.504311,,0.6095420103520155,9.654292138293386,10.282875038683414
2026-08-10T16:53:16.391397+00:00,communication_drift_01,meter_01,148,none,none,none,none,none,none,0.9989062015974652,0.45368799469923066,0,,0,0,drift_not_confirmed,,voltage_rolling_mean=231.644142;source_publish_interval=0.504311,,1.9728748593479395,20.929583115503192,22.94900012202561
2026-08-10T16:53:16.414673+00:00,communication_drift_01,meter_02,148,none,none,none,none,none,none,0.9993803470353559,0.5664661760153888,0,,0,0,drift_not_confirmed,,voltage_rolling_mean=231.450462;source_publish_interval=0.504311,,0.7216671947389841,12.017332948744297,12.761708116158843
2026-08-10T16:53:16.427552+00:00,communication_drift_01,meter_03,148,none,none,none,none,none,none,0.9955246046319582,0.44192997729792405,0,,0,0,drift_not_confirmed,,voltage_rolling_mean=230.658893;source_publish_interval=0.504311,,0.6106661166995764,9.81691712513566,10.446333093568683
2026-08-10T16:53:16.894696+00:00,communication_drift_01,meter_01,149,none,none,none,none,none,none,0.9993957779946049,0.4518374980163338,0,,0,0,drift_not_confirmed,,voltage_rolling_mean=231.644142;source_publish_interval=0.504311,,3.2992500346153975,21.441458025947213,24.776750011369586
2026-08-10T16:53:16.919837+00:00,communication_drift_01,meter_02,149,none,none,none,none,none,none,0.9859952907180086,0.4369353644070562,0,,0,0,drift_not_confirmed,,voltage_rolling_mean=231.450462;source_publish_interval=0.504311,,0.7292910013347864,11.751584010198712,12.503250036388636
2026-08-10T16:53:16.932442+00:00,communication_drift_01,meter_03,149,none,none,none,none,none,none,0.9998669052985214,0.48535158982295906,0,,0,0,drift_not_confirmed,,voltage_rolling_mean=230.658893;source_publish_interval=0.504311,,0.5933749489486217,9.699624963104725,10.311249876394868
2026-08-10T16:53:17.399778+00:00,communication_drift_01,meter_01,150,none,publish_interval,none,none,none,none,0.9975527088785853,0.48604116284213467,0,,0,0,drift_not_confirmed,,voltage_rolling_mean=231.644142;source_publish_interval=0.504311,,1.962166978046298,22.16416713781655,24.169292068108916
2026-08-10T16:53:17.424259+00:00,communication_drift_01,meter_02,150,none,publish_interval,none,none,none,none,0.9991726293409743,0.5850715371041657,0,,0,0,drift_not_confirmed,,voltage_rolling_mean=231.450462;source_publish_interval=0.504311,,0.7899589836597443,12.061666930094361,12.875125044956803
2026-08-10T16:53:17.437254+00:00,communication_drift_01,meter_03,150,none,publish_interval,none,none,none,none,0.999292703188884,0.43971084715779896,0,,0,0,drift_not_confirmed,,voltage_rolling_mean=230.658893;source_publish_interval=0.504311,,0.5559579003602266,9.746291907504201,10.322249960154295
2026-08-10T16:53:18.203270+00:00,communication_drift_01,meter_01,151,none,publish_interval,random,random,random,random,0.9999999999298481,0.5471897347272203,0,,0,0,drift_not_confirmed,,voltage_rolling_mean=231.644142;source_publish_interval=0.504311,,1.2445410247892141,23.628833005204797,24.907917017117143
2026-08-10T16:53:18.228447+00:00,communication_drift_01,meter_02,151,none,publish_interval,random,random,random,random,0.9999999999969769,0.4550511723626873,0,,0,0,drift_not_confirmed,,voltage_rolling_mean=231.450462;source_publish_interval=0.504311,,0.7887920364737511,12.210458051413298,13.022625120356679
2026-08-10T16:53:18.241608+00:00,communication_drift_01,meter_03,151,none,publish_interval,random,random,random,random,0.999999999970504,0.4380089561594022,0,,0,0,drift_not_confirmed,,voltage_rolling_mean=230.658893;source_publish_interval=0.504311,,0.609958078712225,9.915833827108145,10.545624885708094
2026-08-10T16:53:19.010138+00:00,communication_drift_01,meter_01,152,none,publish_interval,random,random,random,random,0.9999999999739928,0.47300135375740726,0,,0,0,drift_not_confirmed,,voltage_rolling_mean=231.644142;source_publish_interval=0.504311,,2.2358749993145466,21.925833076238632,24.19604198075831
2026-08-10T16:53:19.034741+00:00,communication_drift_01,meter_02,152,none,publish_interval,random,random,random,random,0.9999999999955986,0.5083824679708054,0,,0,0,drift_not_confirmed,,voltage_rolling_mean=231.450462;source_publish_interval=0.504311,,0.7057501934468746,11.814959114417434,12.543125078082085
2026-08-10T16:53:19.047410+00:00,communication_drift_01,meter_03,152,none,publish_interval,random,random,random,random,0.999999999964591,0.43899907089953744,0,,0,0,drift_not_confirmed,,voltage_rolling_mean=230.658893;source_publish_interval=0.504311,,0.616749981418252,9.684749878942966,10.319959139451385
2026-08-10T16:53:19.813355+00:00,communication_drift_01,meter_01,153,none,publish_interval,random,random,random,random,0.9999999998404816,0.6794495666069219,0,,0,0,drift_not_confirmed,,voltage_rolling_mean=231.644142;source_publish_interval=0.504311,,2.2080419585108757,21.798082860186696,24.07595911063254
2026-08-10T16:53:19.837974+00:00,communication_drift_01,meter_02,153,none,publish_interval,random,random,random,random,0.9999999999778335,0.5106755669317441,0,,0,0,drift_not_confirmed,,voltage_rolling_mean=231.450462;source_publish_interval=0.504311,,0.7704580202698708,12.154374970123172,12.95458315871656
2026-08-10T16:53:19.851108+00:00,communication_drift_01,meter_03,153,none,publish_interval,random,random,random,random,0.9999999999802187,0.47832887943617647,0,,0,0,drift_not_confirmed,,voltage_rolling_mean=230.658893;source_publish_interval=0.504311,,0.6407499313354492,9.516834048554301,10.177040938287973
2026-08-10T16:53:20.618655+00:00,communication_drift_01,meter_01,154,none,publish_interval,random,random,random,random,0.9999999997615969,0.5245704618120103,0,,0,0,drift_not_confirmed,,voltage_rolling_mean=231.644142;source_publish_interval=0.504311,,2.4493751116096973,21.07012504711747,23.56604184024036
2026-08-10T16:53:20.642678+00:00,communication_drift_01,meter_02,154,none,publish_interval,random,random,random,random,0.99999999999446,0.48105796874797774,0,,0,0,drift_not_confirmed,,voltage_rolling_mean=231.450462;source_publish_interval=0.504311,,0.7295419927686453,11.941915843635798,12.699459213763475
2026-08-10T16:53:20.655521+00:00,communication_drift_01,meter_03,154,none,publish_interval,random,random,random,random,0.9999999999762934,0.447152883144114,0,,0,0,drift_not_confirmed,,voltage_rolling_mean=230.658893;source_publish_interval=0.504311,,0.5879160016775131,9.571708971634507,10.1821250282228
2026-08-10T16:53:21.421756+00:00,communication_drift_01,meter_01,155,none,publish_interval,random,random,random,normal_drift,0.9999999999957743,0.49323015526434016,1,source_publish_interval,1,0,collecting_candidates;drift_not_confirmed,source_publish_interval,voltage_rolling_mean=231.644142;source_publish_interval=0.504311,source_publish_interval,3.2885000109672546,21.275166887789965,24.616832844913006
2026-08-10T16:53:21.446781+00:00,communication_drift_01,meter_02,155,none,publish_interval,random,random,random,normal_drift,0.9999999999972209,0.43813358855189655,1,source_publish_interval,1,0,collecting_candidates;drift_not_confirmed,source_publish_interval,voltage_rolling_mean=231.450462;source_publish_interval=0.504311,source_publish_interval,0.6844170857220888,11.723625008016825,12.437166878953576
2026-08-10T16:53:21.459360+00:00,communication_drift_01,meter_03,155,none,publish_interval,random,random,random,normal_drift,0.999999999887889,0.5471981857250461,1,source_publish_interval,1,0,collecting_candidates;drift_not_confirmed,source_publish_interval,voltage_rolling_mean=230.658893;source_publish_interval=0.504311,source_publish_interval,0.6207921542227268,9.602708043530583,10.244540870189667
2026-08-10T16:53:22.226849+00:00,communication_drift_01,meter_01,156,none,publish_interval,random,random,random,normal_drift,0.9999999999847509,0.45918522006499957,0,,1,0,collecting_candidates;drift_not_confirmed,source_publish_interval,voltage_rolling_mean=231.644142;source_publish_interval=0.504311,source_publish_interval,2.2471670527011156,22.415915969759226,24.70620791427791
2026-08-10T16:53:22.251974+00:00,communication_drift_01,meter_02,156,none,publish_interval,random,random,random,normal_drift,0.9999999999988616,0.44424104467361225,0,,1,0,collecting_candidates;drift_not_confirmed,source_publish_interval,voltage_rolling_mean=231.450462;source_publish_interval=0.504311,source_publish_interval,0.8057910017669201,12.070124968886375,12.905166018754244
2026-08-10T16:53:22.265008+00:00,communication_drift_01,meter_03,156,none,publish_interval,random,random,random,normal_drift,0.9999999999251972,0.4400291054267696,0,,1,0,collecting_candidates;drift_not_confirmed,source_publish_interval,voltage_rolling_mean=230.658893;source_publish_interval=0.504311,source_publish_interval,0.5969579797238111,9.531165938824415,10.14833408407867
2026-08-10T16:53:23.031994+00:00,communication_drift_01,meter_01,157,none,publish_interval,random,random,random,normal_drift,0.9999999999780231,0.5346386512982984,0,,1,0,collecting_candidates;drift_not_confirmed,source_publish_interval,voltage_rolling_mean=231.644142;source_publish_interval=0.504311,source_publish_interval,2.374290954321623,20.697459112852812,23.116457974538207
2026-08-10T16:53:23.055559+00:00,communication_drift_01,meter_02,157,none,publish_interval,random,random,random,normal_drift,0.9999999999950449,0.4365660734237794,0,,1,0,collecting_candidates;drift_not_confirmed,source_publish_interval,voltage_rolling_mean=231.450462;source_publish_interval=0.504311,source_publish_interval,0.7254160009324551,11.648708954453468,12.398292077705264
2026-08-10T16:53:23.068096+00:00,communication_drift_01,meter_03,157,none,publish_interval,random,random,random,normal_drift,0.9999999996897859,0.4748481114256864,0,,1,0,collecting_candidates;drift_not_confirmed,source_publish_interval,voltage_rolling_mean=230.658893;source_publish_interval=0.504311,source_publish_interval,0.5644590128213167,9.35666705481708,9.942332981154323
2026-08-10T16:53:23.836969+00:00,communication_drift_01,meter_01,158,none,publish_interval,random,random,random,normal_drift,0.9999999999904117,0.5397156251522021,0,,1,0,collecting_candidates;drift_not_confirmed,source_publish_interval,voltage_rolling_mean=231.644142;source_publish_interval=0.504311,source_publish_interval,2.4419580586254597,19.9642910156399,22.441917099058628
2026-08-10T16:53:23.859866+00:00,communication_drift_01,meter_02,158,none,publish_interval,random,random,random,normal_drift,0.9999999999941609,0.45150993696113545,0,,1,0,collecting_candidates;drift_not_confirmed,source_publish_interval,voltage_rolling_mean=231.450462;source_publish_interval=0.504311,source_publish_interval,0.6808750331401825,11.272958014160395,11.976541951298714
2026-08-10T16:53:23.871956+00:00,communication_drift_01,meter_03,158,none,publish_interval,random,random,random,normal_drift,0.9999999999205589,0.44920064617219213,0,,1,0,collecting_candidates;drift_not_confirmed,source_publish_interval,voltage_rolling_mean=230.658893;source_publish_interval=0.504311,source_publish_interval,0.544083071872592,9.30658308789134,9.870124980807304
2026-08-10T16:53:24.641219+00:00,communication_drift_01,meter_01,159,none,publish_interval,random,random,random,normal_drift,0.9999999999668849,0.4935519635073687,0,,1,0,collecting_candidates;drift_not_confirmed,source_publish_interval,voltage_rolling_mean=231.644142;source_publish_interval=0.504311,source_publish_interval,1.3602909166365862,20.794249838218093,22.19783398322761
2026-08-10T16:53:24.663735+00:00,communication_drift_01,meter_02,159,none,publish_interval,random,random,random,normal_drift,0.9999999999895299,0.5617006290491339,0,,1,0,collecting_candidates;drift_not_confirmed,source_publish_interval,voltage_rolling_mean=231.450462;source_publish_interval=0.504311,source_publish_interval,0.8599159773439169,13.509250013157725,14.39637504518032
2026-08-10T16:53:24.678275+00:00,communication_drift_01,meter_03,159,none,publish_interval,random,random,random,normal_drift,0.9999999998122202,0.5254409870850352,0,,1,0,collecting_candidates;drift_not_confirmed,source_publish_interval,voltage_rolling_mean=230.658893;source_publish_interval=0.504311,source_publish_interval,0.6572909187525511,10.18437510356307,10.86320891045034
2026-08-10T16:53:25.446775+00:00,communication_drift_01,meter_01,160,none,publish_interval,random,random,random,normal_drift,0.9999999999911293,0.4490107579089484,0,,1,0,collecting_candidates;drift_not_confirmed,source_publish_interval,voltage_rolling_mean=231.644142;source_publish_interval=0.504311,source_publish_interval,2.0305421203374863,22.164917085319757,24.235208053141832
2026-08-10T16:53:25.471354+00:00,communication_drift_01,meter_02,160,none,publish_interval,random,random,random,normal_drift,0.999999999995882,0.43377615030667044,0,,1,0,collecting_candidates;drift_not_confirmed,source_publish_interval,voltage_rolling_mean=231.450462;source_publish_interval=0.504311,source_publish_interval,0.8085840381681919,11.738374829292297,12.571250088512897
2026-08-10T16:53:25.484047+00:00,communication_drift_01,meter_03,160,none,publish_interval,random,random,random,normal_drift,0.9999999998837343,0.43854017847603505,0,,1,0,collecting_candidates;drift_not_confirmed,source_publish_interval,voltage_rolling_mean=230.658893;source_publish_interval=0.504311,source_publish_interval,0.6059580482542515,9.730666875839233,10.356666054576635
2026-08-10T16:53:26.249885+00:00,communication_drift_01,meter_01,161,none,publish_interval,random,random,random,normal_drift,0.9999999999917235,0.4505429878181759,0,,1,0,collecting_candidates;drift_not_confirmed,source_publish_interval,voltage_rolling_mean=231.644142;source_publish_interval=0.504311,source_publish_interval,2.0034590270370245,21.80979191325605,23.851375095546246
2026-08-10T16:53:26.274060+00:00,communication_drift_01,meter_02,161,none,publish_interval,random,random,random,normal_drift,0.9999999999769664,0.45358817386645306,0,,1,0,collecting_candidates;drift_not_confirmed,source_publish_interval,voltage_rolling_mean=231.450462;source_publish_interval=0.504311,source_publish_interval,0.7998328655958176,11.951250024139881,12.776165967807174
2026-08-10T16:53:26.286969+00:00,communication_drift_01,meter_03,161,none,publish_interval,random,random,random,normal_drift,0.9999999997233842,0.4490235443663136,0,,1,0,collecting_candidates;drift_not_confirmed,source_publish_interval,voltage_rolling_mean=230.658893;source_publish_interval=0.504311,source_publish_interval,0.6010418292135,9.476125007495284,10.098416125401855
2026-08-10T16:53:27.052625+00:00,communication_drift_01,meter_01,162,none,publish_interval,random,random,random,normal_drift,0.9999999999927287,0.44575386475233625,0,,1,0,collecting_candidates;drift_not_confirmed,source_publish_interval,voltage_rolling_mean=231.644142;source_publish_interval=0.504311,source_publish_interval,2.2938339971005917,21.918207872658968,24.24737485125661
2026-08-10T16:53:27.077384+00:00,communication_drift_01,meter_02,162,none,publish_interval,random,random,random,normal_drift,0.9999999999555889,0.5044934984883807,0,,1,0,collecting_candidates;drift_not_confirmed,source_publish_interval,voltage_rolling_mean=231.450462;source_publish_interval=0.504311,source_publish_interval,0.8209168445318937,11.941291857510805,12.786709005013108
2026-08-10T16:53:27.090285+00:00,communication_drift_01,meter_03,162,none,publish_interval,random,random,random,normal_drift,0.9999999997144242,0.4810949819430877,0,,1,0,collecting_candidates;drift_not_confirmed,source_publish_interval,voltage_rolling_mean=230.658893;source_publish_interval=0.504311,source_publish_interval,0.5785829853266478,9.534667013213038,10.132791008800268
2026-08-10T16:53:27.853839+00:00,communication_drift_01,meter_01,163,none,publish_interval,random,random,random,normal_drift,0.9999999999979501,0.4406807766754931,0,,1,0,collecting_candidates;drift_not_confirmed,source_publish_interval,voltage_rolling_mean=231.644142;source_publish_interval=0.504311,source_publish_interval,2.3625828325748444,15.833041863515973,18.2303749024868
2026-08-10T16:53:27.872439+00:00,communication_drift_01,meter_02,163,none,publish_interval,random,random,random,normal_drift,0.9999999999745621,0.4413184544444018,0,,1,0,collecting_candidates;drift_not_confirmed,source_publish_interval,voltage_rolling_mean=231.450462;source_publish_interval=0.504311,source_publish_interval,0.6982500199228525,10.684916051104665,11.40462514013052
2026-08-10T16:53:27.883941+00:00,communication_drift_01,meter_03,163,none,publish_interval,random,random,random,normal_drift,0.9999999996023403,0.465309461735291,0,,1,0,collecting_candidates;drift_not_confirmed,source_publish_interval,voltage_rolling_mean=230.658893;source_publish_interval=0.504311,source_publish_interval,0.5346250254660845,9.125167038291693,9.678540984168649
2026-08-10T16:53:28.658288+00:00,communication_drift_01,meter_01,164,none,publish_interval,random,random,random,normal_drift,0.9999999999946598,0.4680883287578079,0,,1,0,collecting_candidates;drift_not_confirmed,source_publish_interval,voltage_rolling_mean=231.644142;source_publish_interval=0.504311,source_publish_interval,2.3700420279055834,21.964458050206304,24.374083150178194
2026-08-10T16:53:28.683072+00:00,communication_drift_01,meter_02,164,none,publish_interval,random,random,random,normal_drift,0.9999999999874918,0.43859564068192963,0,,1,0,collecting_candidates;drift_not_confirmed,source_publish_interval,voltage_rolling_mean=231.450462;source_publish_interval=0.504311,source_publish_interval,0.8249999955296516,11.990749975666404,12.843000004068017
2026-08-10T16:53:28.696050+00:00,communication_drift_01,meter_03,164,none,publish_interval,random,random,random,normal_drift,0.9999999997331186,0.46330466650939384,0,,1,0,collecting_candidates;drift_not_confirmed,source_publish_interval,voltage_rolling_mean=230.658893;source_publish_interval=0.504311,source_publish_interval,0.621250132098794,9.456542087718844,10.097292019054294
2026-08-10T16:53:29.462222+00:00,communication_drift_01,meter_01,165,none,publish_interval,random,random,random,normal_drift,0.99999999999748,0.44003410242073765,0,,1,0,collecting_candidates;drift_not_confirmed,source_publish_interval,voltage_rolling_mean=231.644142;source_publish_interval=0.504311,source_publish_interval,1.5765831340104342,21.478416165336967,23.094333009794354
2026-08-10T16:53:29.485614+00:00,communication_drift_01,meter_02,165,none,publish_interval,random,random,random,normal_drift,0.9999999999746225,0.4375623105216546,0,,1,0,collecting_candidates;drift_not_confirmed,source_publish_interval,voltage_rolling_mean=231.450462;source_publish_interval=0.504311,source_publish_interval,0.8075418882071972,12.79724994674325,13.629290973767638
2026-08-10T16:53:29.499357+00:00,communication_drift_01,meter_03,165,none,publish_interval,random,random,random,normal_drift,0.9999999989836834,0.44960841360179016,0,,1,0,collecting_candidates;drift_not_confirmed,source_publish_interval,voltage_rolling_mean=230.658893;source_publish_interval=0.504311,source_publish_interval,0.6013328675180674,9.904667036607862,10.525667108595371
2026-08-10T16:53:30.268116+00:00,communication_drift_01,meter_01,166,none,publish_interval,random,random,random,normal_drift,0.9999999999938742,0.44901384279306455,0,,1,0,collecting_candidates;drift_not_confirmed,source_publish_interval,voltage_rolling_mean=231.644142;source_publish_interval=0.504311,source_publish_interval,2.063458086922765,21.970625035464764,24.071041960269213
2026-08-10T16:53:30.292517+00:00,communication_drift_01,meter_02,166,none,publish_interval,random,random,random,normal_drift,0.9999999999853233,0.44367915079557885,0,,1,0,collecting_candidates;drift_not_confirmed,source_publish_interval,voltage_rolling_mean=231.450462;source_publish_interval=0.504311,source_publish_interval,0.8202919270843267,11.939584044739604,12.783334124833345
2026-08-10T16:53:30.305416+00:00,communication_drift_01,meter_03,166,none,publish_interval,random,random,random,normal_drift,0.9999999998489433,0.4565908915381442,0,,1,0,collecting_candidates;drift_not_confirmed,source_publish_interval,voltage_rolling_mean=230.658893;source_publish_interval=0.504311,source_publish_interval,0.552792102098465,9.577875025570393,10.15058415941894
2026-08-10T16:53:31.072972+00:00,communication_drift_01,meter_01,167,none,publish_interval,random,random,random,normal_drift,0.9999999999973601,0.4612965497927276,0,,1,0,collecting_candidates;drift_not_confirmed,source_publish_interval,voltage_rolling_mean=231.644142;source_publish_interval=0.504311,source_publish_interval,2.3203748278319836,22.15966605581343,24.541041115298867
2026-08-10T16:53:31.097872+00:00,communication_drift_01,meter_02,167,none,publish_interval,random,random,random,normal_drift,0.9999999999845979,0.4372964428896312,0,,1,0,collecting_candidates;drift_not_confirmed,source_publish_interval,voltage_rolling_mean=231.450462;source_publish_interval=0.504311,source_publish_interval,0.8182500023394823,11.867957888171077,12.710207840427756
2026-08-10T16:53:31.110725+00:00,communication_drift_01,meter_03,167,none,publish_interval,random,random,random,normal_drift,0.9999999998607874,0.4485475558324697,0,,1,0,collecting_candidates;drift_not_confirmed,source_publish_interval,voltage_rolling_mean=230.658893;source_publish_interval=0.504311,source_publish_interval,0.5433340556919575,9.524124907329679,10.088125010952353
2026-08-10T16:53:31.876580+00:00,communication_drift_01,meter_01,168,none,publish_interval,random,random,random,normal_drift,0.9999999999943403,0.4510301009262106,0,,1,0,collecting_candidates;drift_not_confirmed,source_publish_interval,voltage_rolling_mean=231.644142;source_publish_interval=0.504311,source_publish_interval,2.505709184333682,22.59729104116559,25.142791913822293
2026-08-10T16:53:31.902117+00:00,communication_drift_01,meter_02,168,none,publish_interval,random,random,random,normal_drift,0.9999999999746161,0.515321674784267,0,,1,0,collecting_candidates;drift_not_confirmed,source_publish_interval,voltage_rolling_mean=231.450462;source_publish_interval=0.504311,source_publish_interval,0.8521659765392542,12.153040850535035,13.030124828219414
2026-08-10T16:53:31.915295+00:00,communication_drift_01,meter_03,168,none,publish_interval,random,random,random,normal_drift,0.999999995460968,0.4863121696347488,0,,1,0,collecting_candidates;drift_not_confirmed,source_publish_interval,voltage_rolling_mean=230.658893;source_publish_interval=0.504311,source_publish_interval,0.523833092302084,9.742791997268796,10.286875069141388
2026-08-10T16:53:32.681450+00:00,communication_drift_01,meter_01,169,none,publish_interval,random,random,random,normal_drift,0.9999999999969171,0.5852103931788786,0,,1,0,collecting_candidates;drift_not_confirmed,source_publish_interval,voltage_rolling_mean=231.644142;source_publish_interval=0.504311,source_publish_interval,2.609959105029702,22.661666152998805,25.333500001579523
2026-08-10T16:53:32.707220+00:00,communication_drift_01,meter_02,169,none,publish_interval,random,random,random,normal_drift,0.9999999998673679,0.45284278994270405,0,,1,0,collecting_candidates;drift_not_confirmed,source_publish_interval,voltage_rolling_mean=231.450462;source_publish_interval=0.504311,source_publish_interval,0.9078748989850283,12.061291141435504,12.999291997402906
2026-08-10T16:53:32.720372+00:00,communication_drift_01,meter_03,169,none,publish_interval,random,random,random,normal_drift,0.9999999992878446,0.4476377581438845,0,,1,0,collecting_candidates;drift_not_confirmed,source_publish_interval,voltage_rolling_mean=230.658893;source_publish_interval=0.504311,source_publish_interval,0.5804169923067093,9.506416972726583,10.10983414016664
2026-08-10T16:53:33.486454+00:00,communication_drift_01,meter_01,170,none,publish_interval,random,random,random,normal_drift,0.999999999994283,0.44758979196611187,0,,1,0,collecting_candidates;drift_not_confirmed,source_publish_interval,voltage_rolling_mean=231.644142;source_publish_interval=0.504311,source_publish_interval,2.121458062902093,22.06358313560486,24.24962492659688
2026-08-10T16:53:33.511281+00:00,communication_drift_01,meter_02,170,none,publish_interval,random,random,random,normal_drift,0.9999999999887867,0.43871293325667415,0,,1,0,collecting_candidates;drift_not_confirmed,source_publish_interval,voltage_rolling_mean=231.450462;source_publish_interval=0.504311,source_publish_interval,0.8086659945547581,12.292667059227824,13.13391700387001
2026-08-10T16:53:33.524590+00:00,communication_drift_01,meter_03,170,none,publish_interval,random,random,random,normal_drift,0.9999999997384035,0.45291709470379066,0,,1,0,collecting_candidates;drift_not_confirmed,source_publish_interval,voltage_rolling_mean=230.658893;source_publish_interval=0.504311,source_publish_interval,0.578167149797082,9.59733291529119,10.199417127296329
2026-08-10T16:53:34.291549+00:00,communication_drift_01,meter_01,171,none,publish_interval,random,random,random,normal_drift,0.9999999999987972,0.4426127646319514,0,,1,0,collecting_candidates;drift_not_confirmed,source_publish_interval,voltage_rolling_mean=231.644142;source_publish_interval=0.504311,source_publish_interval,2.475959016010165,22.43395894765854,24.9528749845922
2026-08-10T16:53:34.316873+00:00,communication_drift_01,meter_02,171,none,publish_interval,random,random,random,normal_drift,0.9999999999851066,0.4753325714389979,0,,1,0,collecting_candidates;drift_not_confirmed,source_publish_interval,voltage_rolling_mean=231.450462;source_publish_interval=0.504311,source_publish_interval,0.8897499646991491,12.059292057529092,12.974874814972281
2026-08-10T16:53:34.329986+00:00,communication_drift_01,meter_03,171,none,publish_interval,random,random,random,normal_drift,0.9999999991928925,0.44899673991843103,0,,1,0,collecting_candidates;drift_not_confirmed,source_publish_interval,voltage_rolling_mean=230.658893;source_publish_interval=0.504311,source_publish_interval,0.5589581560343504,9.501625085249543,10.080792009830475
2026-08-10T16:53:35.096826+00:00,communication_drift_01,meter_01,172,none,publish_interval,random,random,random,normal_drift,0.9999999999873002,0.49436537984713136,0,,1,0,collecting_candidates;drift_not_confirmed,source_publish_interval,voltage_rolling_mean=231.644142;source_publish_interval=0.504311,source_publish_interval,3.0877499375492334,23.135666036978364,26.29612502641976
2026-08-10T16:53:35.123639+00:00,communication_drift_01,meter_02,172,none,publish_interval,random,random,random,normal_drift,0.9999999999738085,0.4549086884070176,0,,1,0,collecting_candidates;drift_not_confirmed,source_publish_interval,voltage_rolling_mean=231.450462;source_publish_interval=0.504311,source_publish_interval,0.9510831441730261,12.464000144973397,13.448999961838126
2026-08-10T16:53:35.137287+00:00,communication_drift_01,meter_03,172,none,publish_interval,random,random,random,normal_drift,0.9999999991591011,0.47432125444728823,0,,1,0,collecting_candidates;drift_not_confirmed,source_publish_interval,voltage_rolling_mean=230.658893;source_publish_interval=0.504311,source_publish_interval,0.5727910902351141,9.795458987355232,10.397042147815228
2026-08-10T16:53:35.900827+00:00,communication_drift_01,meter_01,173,none,publish_interval,random,random,random,normal_drift,0.9999999999862155,0.48085200361811314,0,,1,0,collecting_candidates;drift_not_confirmed,source_publish_interval,voltage_rolling_mean=231.644142;source_publish_interval=0.504311,source_publish_interval,2.5488329119980335,16.6120829526335,19.209375139325857
2026-08-10T16:53:35.920507+00:00,communication_drift_01,meter_02,173,none,publish_interval,random,random,random,normal_drift,0.9999999999219293,0.4394194847394787,0,,1,0,collecting_candidates;drift_not_confirmed,source_publish_interval,voltage_rolling_mean=231.450462;source_publish_interval=0.504311,source_publish_interval,0.7742918096482754,10.815291898325086,11.615041876211762
2026-08-10T16:53:35.932277+00:00,communication_drift_01,meter_03,173,none,publish_interval,random,random,random,normal_drift,0.9999999985498853,0.45317848574778496,0,,1,0,collecting_candidates;drift_not_confirmed,source_publish_interval,voltage_rolling_mean=230.658893;source_publish_interval=0.504311,source_publish_interval,0.5277919117361307,9.105124976485968,9.652374777942896
2026-08-10T16:53:36.706054+00:00,communication_drift_01,meter_01,174,none,publish_interval,random,random,random,normal_drift,0.999999999998036,0.43254220704787366,0,,1,1,drift_not_confirmed;reference_updated,source_publish_interval,voltage_rolling_mean=231.644142;source_publish_interval=0.654343,source_publish_interval,2.485542092472315,20.333250053226948,22.887540981173515
2026-08-10T16:53:36.729437+00:00,communication_drift_01,meter_02,174,none,publish_interval,random,random,random,normal_drift,0.9999999999432125,0.45537162706565854,0,,1,1,drift_not_confirmed;reference_updated,source_publish_interval,voltage_rolling_mean=231.450462;source_publish_interval=0.654340,source_publish_interval,0.7878749165683985,11.646709172055125,12.46454194188118
2026-08-10T16:53:36.742066+00:00,communication_drift_01,meter_03,174,none,publish_interval,random,random,random,normal_drift,0.9999998429514478,0.49637522558807684,0,,1,1,drift_not_confirmed;reference_updated,source_publish_interval,voltage_rolling_mean=230.658893;source_publish_interval=0.654338,source_publish_interval,0.5525420419871807,9.491333970800042,10.07737498730421
2026-08-10T16:53:37.508408+00:00,communication_drift_01,meter_01,175,none,publish_interval,random,random,random,normal_drift,0.9999999999751359,0.4401914151302548,0,,1,0,collecting_candidates;drift_not_confirmed,source_publish_interval,voltage_rolling_mean=231.644142;source_publish_interval=0.654343,source_publish_interval,2.403999911621213,22.16391614638269,24.61649989709258
2026-08-10T16:53:37.533479+00:00,communication_drift_01,meter_02,175,none,publish_interval,random,random,random,normal_drift,0.9999999997616293,0.47753272380496664,0,,1,0,collecting_candidates;drift_not_confirmed,source_publish_interval,voltage_rolling_mean=231.450462;source_publish_interval=0.654340,source_publish_interval,0.8922501001507044,11.99170807376504,12.911415891721845
2026-08-10T16:53:37.546532+00:00,communication_drift_01,meter_03,175,none,publish_interval,random,random,random,normal_drift,0.9999999989964672,0.45623528772513805,0,,1,0,collecting_candidates;drift_not_confirmed,source_publish_interval,voltage_rolling_mean=230.658893;source_publish_interval=0.654338,source_publish_interval,0.5535420496016741,9.517084108665586,10.095416801050305
2026-08-10T16:53:38.313135+00:00,communication_drift_01,meter_01,176,none,publish_interval,random,random,random,normal_drift,0.99999999999746,0.5135954707727978,0,,1,0,collecting_candidates;drift_not_confirmed,source_publish_interval,voltage_rolling_mean=231.644142;source_publish_interval=0.654343,source_publish_interval,2.159625058993697,22.5000421050936,24.711458012461662
2026-08-10T16:53:38.338265+00:00,communication_drift_01,meter_02,176,none,publish_interval,random,random,random,normal_drift,0.9999999998923419,0.44254291907743937,0,,1,0,collecting_candidates;drift_not_confirmed,source_publish_interval,voltage_rolling_mean=231.450462;source_publish_interval=0.654340,source_publish_interval,0.9491669479757547,12.190750101581216,13.16754100844264
2026-08-10T16:53:38.351594+00:00,communication_drift_01,meter_03,176,none,publish_interval,random,random,random,normal_drift,0.9999999927309302,0.4880229589070659,0,,1,0,collecting_candidates;drift_not_confirmed,source_publish_interval,voltage_rolling_mean=230.658893;source_publish_interval=0.654338,source_publish_interval,0.5607500206679106,9.611083194613457,10.194750037044287
2026-08-10T16:53:39.118439+00:00,communication_drift_01,meter_01,177,none,publish_interval,random,random,random,normal_drift,0.9999999999861895,0.466588936227207,0,,1,0,collecting_candidates;drift_not_confirmed,source_publish_interval,voltage_rolling_mean=231.644142;source_publish_interval=0.654343,source_publish_interval,2.644292078912258,18.06191587820649,20.743124885484576
2026-08-10T16:53:39.139584+00:00,communication_drift_01,meter_02,177,none,publish_interval,random,random,random,normal_drift,0.9999999998108922,0.4533986690083915,0,,1,0,collecting_candidates;drift_not_confirmed,source_publish_interval,voltage_rolling_mean=231.450462;source_publish_interval=0.654340,source_publish_interval,0.7437500171363354,11.284167179837823,12.049874989315867
2026-08-10T16:53:39.151747+00:00,communication_drift_01,meter_03,177,none,publish_interval,random,random,random,normal_drift,0.9999999559338763,0.5027251776955716,0,,1,0,collecting_candidates;drift_not_confirmed,source_publish_interval,voltage_rolling_mean=230.658893;source_publish_interval=0.654338,source_publish_interval,0.5137091502547264,9.467291180044413,10.004124836996198
2026-08-10T16:53:39.923433+00:00,communication_drift_01,meter_01,178,none,publish_interval,random,random,random,normal_drift,0.9999999999953053,0.4450509608916482,0,,1,0,collecting_candidates;drift_not_confirmed,source_publish_interval,voltage_rolling_mean=231.644142;source_publish_interval=0.654343,source_publish_interval,2.062042010948062,21.95979212410748,24.060583906248212
2026-08-10T16:53:39.947837+00:00,communication_drift_01,meter_02,178,none,publish_interval,random,random,random,normal_drift,0.9999999999434837,0.4858108987282096,0,,1,0,collecting_candidates;drift_not_confirmed,source_publish_interval,voltage_rolling_mean=231.450462;source_publish_interval=0.654340,source_publish_interval,0.8314591832458973,11.874584015458822,12.728832894936204
2026-08-10T16:53:39.960679+00:00,communication_drift_01,meter_03,178,none,publish_interval,random,random,random,normal_drift,0.9999999890446855,0.47240391455912817,0,,1,0,collecting_candidates;drift_not_confirmed,source_publish_interval,voltage_rolling_mean=230.658893;source_publish_interval=0.654338,source_publish_interval,0.5118749104440212,9.656124981120229,10.188041953369975
2026-08-10T16:53:40.726286+00:00,communication_drift_01,meter_01,179,none,publish_interval,random,random,random,normal_drift,0.999999999994454,0.4395703323295618,0,,1,0,collecting_candidates;drift_not_confirmed,source_publish_interval,voltage_rolling_mean=231.644142;source_publish_interval=0.654343,source_publish_interval,2.1116670686751604,22.006124956533313,24.154750164598227
2026-08-10T16:53:40.750780+00:00,communication_drift_01,meter_02,179,none,publish_interval,random,random,random,normal_drift,0.9999999997725979,0.47325089573166057,0,,1,0,collecting_candidates;drift_not_confirmed,source_publish_interval,voltage_rolling_mean=231.450462;source_publish_interval=0.654340,source_publish_interval,0.8347921539098024,11.872833129018545,12.73195818066597
2026-08-10T16:53:40.763632+00:00,communication_drift_01,meter_03,179,none,publish_interval,random,random,random,normal_drift,0.9999999774866567,0.5893406641936161,0,,1,0,collecting_candidates;drift_not_confirmed,source_publish_interval,voltage_rolling_mean=230.658893;source_publish_interval=0.654338,source_publish_interval,0.5188751965761185,9.515207959339023,10.052874917164445
2026-08-10T16:53:41.531371+00:00,communication_drift_01,meter_01,180,none,publish_interval,random,random,random,normal_drift,0.9999999999969118,0.5016525294821494,0,,1,0,collecting_candidates;drift_not_confirmed,source_publish_interval,voltage_rolling_mean=231.644142;source_publish_interval=0.654343,source_publish_interval,2.1027501206845045,22.101291920989752,24.237458128482103
2026-08-10T16:53:41.555928+00:00,communication_drift_01,meter_02,180,none,publish_interval,random,random,random,normal_drift,0.9999999995945816,0.47597194494998285,0,,1,0,collecting_candidates;drift_not_confirmed,source_publish_interval,voltage_rolling_mean=231.450462;source_publish_interval=0.654340,source_publish_interval,0.7271249778568745,11.978166876360774,12.729291105642915
2026-08-10T16:53:41.568776+00:00,communication_drift_01,meter_03,180,none,publish_interval,random,random,random,normal_drift,0.9999999916326227,0.4394857001608383,0,,1,0,collecting_candidates;drift_not_confirmed,source_publish_interval,voltage_rolling_mean=230.658893;source_publish_interval=0.654338,source_publish_interval,0.5141659639775753,9.507500100880861,10.04083314910531
2026-08-10T16:53:42.335895+00:00,communication_drift_01,meter_01,181,none,publish_interval,random,random,random,normal_drift,0.9999999999919416,0.4381487421490867,0,,1,0,collecting_candidates;drift_not_confirmed,source_publish_interval,voltage_rolling_mean=231.644142;source_publish_interval=0.654343,source_publish_interval,1.3699999544769526,21.73629100434482,23.161208955571055
2026-08-10T16:53:42.359359+00:00,communication_drift_01,meter_02,181,none,publish_interval,random,random,random,normal_drift,0.9999999991462227,0.45833926991467544,0,,1,0,collecting_candidates;drift_not_confirmed,source_publish_interval,voltage_rolling_mean=231.450462;source_publish_interval=0.654340,source_publish_interval,0.900584040209651,12.767457868903875,13.695125002413988
2026-08-10T16:53:42.373217+00:00,communication_drift_01,meter_03,181,none,publish_interval,random,random,random,normal_drift,0.9999999949297269,0.4561607282348125,0,,1,0,collecting_candidates;drift_not_confirmed,source_publish_interval,voltage_rolling_mean=230.658893;source_publish_interval=0.654338,source_publish_interval,0.5819590296596289,9.765834081918001,10.368166957050562
2026-08-10T16:53:43.141738+00:00,communication_drift_01,meter_01,182,none,publish_interval,random,random,random,normal_drift,0.9999999999351734,0.5092186020995101,0,,1,0,collecting_candidates;drift_not_confirmed,source_publish_interval,voltage_rolling_mean=231.644142;source_publish_interval=0.654343,source_publish_interval,2.330917166545987,22.022875025868416,24.390249978750944
2026-08-10T16:53:43.166519+00:00,communication_drift_01,meter_02,182,none,publish_interval,random,random,random,normal_drift,0.9999999999085221,0.4535685902020163,0,,1,0,collecting_candidates;drift_not_confirmed,source_publish_interval,voltage_rolling_mean=231.450462;source_publish_interval=0.654340,source_publish_interval,0.7379997987300158,12.106041889637709,12.871999992057681
2026-08-10T16:53:43.179507+00:00,communication_drift_01,meter_03,182,none,publish_interval,random,random,random,normal_drift,0.9999999940375255,0.46911250891875395,0,,1,0,collecting_candidates;drift_not_confirmed,source_publish_interval,voltage_rolling_mean=230.658893;source_publish_interval=0.654338,source_publish_interval,0.5822081584483385,9.777667000889778,10.382791981101036
2026-08-10T16:53:43.944805+00:00,communication_drift_01,meter_01,183,none,publish_interval,random,random,random,normal_drift,0.9999999954745002,0.610313473760464,0,,1,0,collecting_candidates;drift_not_confirmed,source_publish_interval,voltage_rolling_mean=231.644142;source_publish_interval=0.654343,source_publish_interval,1.9674578215926886,22.812874987721443,24.82858393341303
2026-08-10T16:53:43.970001+00:00,communication_drift_01,meter_02,183,none,publish_interval,random,random,random,normal_drift,0.9999999993120248,0.4469228775401859,0,,1,0,collecting_candidates;drift_not_confirmed,source_publish_interval,voltage_rolling_mean=231.450462;source_publish_interval=0.654340,source_publish_interval,0.9619591291993856,13.35279201157391,14.347084099426866
2026-08-10T16:53:43.984497+00:00,communication_drift_01,meter_03,183,none,publish_interval,random,random,random,normal_drift,0.9999999942148412,0.43898442017330996,0,,1,0,collecting_candidates;drift_not_confirmed,source_publish_interval,voltage_rolling_mean=230.658893;source_publish_interval=0.654338,source_publish_interval,0.6401659920811653,10.395291959866881,11.057791067287326
2026-08-10T16:53:44.750748+00:00,communication_drift_01,meter_01,184,none,publish_interval,random,random,random,normal_drift,0.9999999999603086,0.4632146759165232,0,,1,0,collecting_candidates;drift_not_confirmed,source_publish_interval,voltage_rolling_mean=231.644142;source_publish_interval=0.654343,source_publish_interval,2.081457991153002,22.329708095639944,24.45816691033542
2026-08-10T16:53:44.775571+00:00,communication_drift_01,meter_02,184,none,publish_interval,random,random,random,normal_drift,0.9999999996337696,0.4457106875312757,0,,1,0,collecting_candidates;drift_not_confirmed,source_publish_interval,voltage_rolling_mean=231.450462;source_publish_interval=0.654340,source_publish_interval,0.9375410154461861,12.06208299845457,13.026542030274868
2026-08-10T16:53:44.788758+00:00,communication_drift_01,meter_03,184,none,publish_interval,random,random,random,normal_drift,0.9999999947240528,0.4514449380385987,0,,1,0,collecting_candidates;drift_not_confirmed,source_publish_interval,voltage_rolling_mean=230.658893;source_publish_interval=0.654338,source_publish_interval,0.5495829973369837,9.525583125650883,10.09774999693036
2026-08-10T16:53:45.555908+00:00,communication_drift_01,meter_01,185,none,publish_interval,random,random,random,normal_drift,0.9999999999877012,0.45519637782619293,0,,1,0,collecting_candidates;drift_not_confirmed,source_publish_interval,voltage_rolling_mean=231.644142;source_publish_interval=0.654343,source_publish_interval,3.3889159094542265,15.404458856210113,18.837542040273547
2026-08-10T16:53:45.575196+00:00,communication_drift_01,meter_02,185,none,publish_interval,random,random,random,normal_drift,0.9999999995148765,0.44718205343259576,0,,1,0,collecting_candidates;drift_not_confirmed,source_publish_interval,voltage_rolling_mean=231.450462;source_publish_interval=0.654340,source_publish_interval,0.7108750287443399,10.647583985701203,11.381540913134813
2026-08-10T16:53:45.586698+00:00,communication_drift_01,meter_03,185,none,publish_interval,random,random,random,normal_drift,0.9999999660336816,0.48122893978107806,0,,1,0,collecting_candidates;drift_not_confirmed,source_publish_interval,voltage_rolling_mean=230.658893;source_publish_interval=0.654338,source_publish_interval,0.5230831447988749,9.077334078028798,9.620750090107322
2026-08-10T16:53:46.361060+00:00,communication_drift_01,meter_01,186,none,publish_interval,random,random,random,normal_drift,0.9999999999843898,0.43887395937244006,0,,1,0,collecting_candidates;drift_not_confirmed,source_publish_interval,voltage_rolling_mean=231.644142;source_publish_interval=0.654343,source_publish_interval,3.137625055387616,17.31558400206268,20.49216697923839
2026-08-10T16:53:46.381942+00:00,communication_drift_01,meter_02,186,none,publish_interval,random,random,random,normal_drift,0.9999999995671358,0.4528513558005374,0,,1,0,collecting_candidates;drift_not_confirmed,source_publish_interval,voltage_rolling_mean=231.450462;source_publish_interval=0.654340,source_publish_interval,0.7463330402970314,11.09254197217524,11.860499856993556
2026-08-10T16:53:46.393913+00:00,communication_drift_01,meter_03,186,none,publish_interval,random,random,random,normal_drift,0.9999999831389389,0.434579212212349,0,,1,0,collecting_candidates;drift_not_confirmed,source_publish_interval,voltage_rolling_mean=230.658893;source_publish_interval=0.654338,source_publish_interval,0.5134590901434422,9.274832904338837,9.808541974052787
2026-08-10T16:53:47.163418+00:00,communication_drift_01,meter_01,187,none,publish_interval,random,random,random,normal_drift,0.999999999972895,0.4647099604108002,0,,1,0,collecting_candidates;drift_not_confirmed,source_publish_interval,voltage_rolling_mean=231.644142;source_publish_interval=0.654343,source_publish_interval,3.1464581843465567,22.427374962717295,25.61108418740332
2026-08-10T16:53:47.189440+00:00,communication_drift_01,meter_02,187,none,publish_interval,random,random,random,normal_drift,0.9999999995393198,0.4483517902121117,0,,1,0,collecting_candidates;drift_not_confirmed,source_publish_interval,voltage_rolling_mean=231.450462;source_publish_interval=0.654340,source_publish_interval,0.8605830371379852,12.286500073969364,13.172541977837682
2026-08-10T16:53:47.202733+00:00,communication_drift_01,meter_03,187,none,publish_interval,random,random,random,normal_drift,0.9999999947915967,0.43891678900963416,0,,1,0,collecting_candidates;drift_not_confirmed,source_publish_interval,voltage_rolling_mean=230.658893;source_publish_interval=0.654338,source_publish_interval,0.5812919698655605,9.490457829087973,10.092749958857894
2026-08-10T16:53:47.966848+00:00,communication_drift_01,meter_01,188,none,publish_interval,random,random,random,normal_drift,0.9999999999220281,0.47085138843112206,0,,1,0,collecting_candidates;drift_not_confirmed,source_publish_interval,voltage_rolling_mean=231.644142;source_publish_interval=0.654343,source_publish_interval,2.6277918368577957,22.682749899104238,25.346833979710937
2026-08-10T16:53:47.992591+00:00,communication_drift_01,meter_02,188,none,publish_interval,random,random,random,normal_drift,0.9999999983056427,0.4467905009242653,0,,1,0,collecting_candidates;drift_not_confirmed,source_publish_interval,voltage_rolling_mean=231.450462;source_publish_interval=0.654340,source_publish_interval,0.843374989926815,12.010165955871344,12.878084089607
2026-08-10T16:53:48.005582+00:00,communication_drift_01,meter_03,188,none,publish_interval,random,random,random,normal_drift,0.9999999953094787,0.5944030052585964,0,,1,0,collecting_candidates;drift_not_confirmed,source_publish_interval,voltage_rolling_mean=230.658893;source_publish_interval=0.654338,source_publish_interval,0.5710411351174116,9.489750023931265,10.07974985986948
2026-08-10T16:53:48.771365+00:00,communication_drift_01,meter_01,189,none,publish_interval,random,random,random,normal_drift,0.9999999997888982,0.4772176364170092,0,,1,0,collecting_candidates;drift_not_confirmed,source_publish_interval,voltage_rolling_mean=231.644142;source_publish_interval=0.654343,source_publish_interval,1.403415808454156,20.958082983270288,22.407833021134138
2026-08-10T16:53:48.794030+00:00,communication_drift_01,meter_02,189,none,publish_interval,random,random,random,normal_drift,0.9999999990673196,0.44122543897819794,0,,1,0,collecting_candidates;drift_not_confirmed,source_publish_interval,voltage_rolling_mean=231.450462;source_publish_interval=0.654340,source_publish_interval,0.9011670481413603,12.89150002412498,13.83204199373722
2026-08-10T16:53:48.808024+00:00,communication_drift_01,meter_03,189,none,publish_interval,random,random,random,normal_drift,0.9999999897573094,0.4433953663170404,0,,1,0,collecting_candidates;drift_not_confirmed,source_publish_interval,voltage_rolling_mean=230.658893;source_publish_interval=0.654338,source_publish_interval,0.6025410257279873,9.77137521840632,10.395250050351024
2026-08-10T16:53:49.574523+00:00,communication_drift_01,meter_01,190,none,publish_interval,random,random,random,normal_drift,0.9999999999795135,0.4393008385203049,0,,1,0,collecting_candidates;drift_not_confirmed,source_publish_interval,voltage_rolling_mean=231.644142;source_publish_interval=0.654343,source_publish_interval,2.0048748701810837,21.8965420499444,23.948749992996454
2026-08-10T16:53:49.598891+00:00,communication_drift_01,meter_02,190,none,publish_interval,random,random,random,normal_drift,0.9999999979533363,0.4526790580284108,0,,1,0,collecting_candidates;drift_not_confirmed,source_publish_interval,voltage_rolling_mean=231.450462;source_publish_interval=0.654340,source_publish_interval,0.900499988347292,12.132458854466677,13.057083124294877
2026-08-10T16:53:49.612074+00:00,communication_drift_01,meter_03,190,none,publish_interval,random,random,random,normal_drift,0.9999999886057344,0.5165307513665757,0,,1,0,collecting_candidates;drift_not_confirmed,source_publish_interval,voltage_rolling_mean=230.658893;source_publish_interval=0.654338,source_publish_interval,0.5748330149799585,9.500750107690692,10.096249869093299
2026-08-10T16:53:50.379506+00:00,communication_drift_01,meter_01,191,none,publish_interval,random,random,random,normal_drift,0.9999999998404889,0.5069743939346142,0,,1,0,collecting_candidates;drift_not_confirmed,source_publish_interval,voltage_rolling_mean=231.644142;source_publish_interval=0.654343,source_publish_interval,2.082749968394637,21.927291993051767,24.050167063251138
2026-08-10T16:53:50.403891+00:00,communication_drift_01,meter_02,191,none,publish_interval,random,random,random,normal_drift,0.9999999989465962,0.4944078316245246,0,,1,0,collecting_candidates;drift_not_confirmed,source_publish_interval,voltage_rolling_mean=231.450462;source_publish_interval=0.654340,source_publish_interval,0.8863338734954596,11.862708954140544,12.773666996508837
2026-08-10T16:53:50.416785+00:00,communication_drift_01,meter_03,191,none,publish_interval,random,random,random,normal_drift,0.999999987878372,0.4524197669145404,0,,1,0,collecting_candidates;drift_not_confirmed,source_publish_interval,voltage_rolling_mean=230.658893;source_publish_interval=0.654338,source_publish_interval,0.5211669486016035,9.582000086084008,10.122708044946194
2026-08-10T16:53:51.184210+00:00,communication_drift_01,meter_01,192,none,publish_interval,random,random,random,normal_drift,0.9999999998670455,0.4915214698727208,0,,1,0,collecting_candidates;drift_not_confirmed,source_publish_interval,voltage_rolling_mean=231.644142;source_publish_interval=0.654343,source_publish_interval,2.680417150259018,22.40445907227695,25.119624799117446
2026-08-10T16:53:51.209721+00:00,communication_drift_01,meter_02,192,none,publish_interval,random,random,random,normal_drift,0.9999999654277466,0.5585611269589249,0,,1,0,collecting_candidates;drift_not_confirmed,source_publish_interval,voltage_rolling_mean=231.450462;source_publish_interval=0.654340,source_publish_interval,0.8637499995529652,12.183374958112836,13.071667170152068
2026-08-10T16:53:51.222914+00:00,communication_drift_01,meter_03,192,none,publish_interval,random,random,random,normal_drift,0.9999999968400843,0.43095600053207317,0,,1,0,collecting_candidates;drift_not_confirmed,source_publish_interval,voltage_rolling_mean=230.658893;source_publish_interval=0.654338,source_publish_interval,0.5770830903202295,9.551416151225567,10.148041881620884
2026-08-10T16:53:51.988041+00:00,communication_drift_01,meter_01,193,none,publish_interval,random,random,random,normal_drift,0.9999999999511311,0.5048852549099343,0,,1,0,collecting_candidates;drift_not_confirmed,source_publish_interval,voltage_rolling_mean=231.644142;source_publish_interval=0.654343,source_publish_interval,2.1263749804347754,21.645083092153072,23.81283394061029
2026-08-10T16:53:52.012321+00:00,communication_drift_01,meter_02,193,none,publish_interval,random,random,random,normal_drift,0.9999999992754534,0.5229997256701934,0,,1,0,collecting_candidates;drift_not_confirmed,source_publish_interval,voltage_rolling_mean=231.450462;source_publish_interval=0.654340,source_publish_interval,0.777415931224823,11.820750078186393,12.622833950445056
2026-08-10T16:53:52.025058+00:00,communication_drift_01,meter_03,193,none,publish_interval,random,random,random,normal_drift,0.9999999888454228,0.49104863535541504,0,,1,0,collecting_candidates;drift_not_confirmed,source_publish_interval,voltage_rolling_mean=230.658893;source_publish_interval=0.654338,source_publish_interval,0.6000411231070757,9.670916944742203,10.289832949638367
2026-08-10T16:53:52.792761+00:00,communication_drift_01,meter_01,194,none,publish_interval,random,random,random,normal_drift,0.9999999999104823,0.44720921178517403,0,,1,1,drift_not_confirmed;reference_updated,source_publish_interval,voltage_rolling_mean=231.644142;source_publish_interval=0.729348,source_publish_interval,2.017917111515999,22.599207935854793,24.661000119522214
2026-08-10T16:53:52.817796+00:00,communication_drift_01,meter_02,194,none,publish_interval,random,random,random,normal_drift,0.9999999986352397,0.4503313643088662,0,,1,1,drift_not_confirmed;reference_updated,source_publish_interval,voltage_rolling_mean=231.450462;source_publish_interval=0.729344,source_publish_interval,0.8972089271992445,11.91929099150002,12.844624929130077
2026-08-10T16:53:52.830766+00:00,communication_drift_01,meter_03,194,none,publish_interval,random,random,random,normal_drift,0.9999999877504965,0.4386692851439802,0,,1,1,drift_not_confirmed;reference_updated,source_publish_interval,voltage_rolling_mean=230.658893;source_publish_interval=0.729340,source_publish_interval,0.5264589563012123,9.634957881644368,10.184667073190212
2026-08-10T16:53:53.595905+00:00,communication_drift_01,meter_01,195,none,publish_interval,random,random,random,normal_drift,0.9999999996622047,0.4728059148052459,0,,1,0,collecting_candidates;drift_not_confirmed,source_publish_interval,voltage_rolling_mean=231.644142;source_publish_interval=0.729348,source_publish_interval,2.204541116952896,21.807832876220345,24.07350018620491
2026-08-10T16:53:53.620390+00:00,communication_drift_01,meter_02,195,none,publish_interval,random,random,random,normal_drift,0.9999999755227508,0.5520763060008781,0,,1,0,collecting_candidates;drift_not_confirmed,source_publish_interval,voltage_rolling_mean=231.450462;source_publish_interval=0.729344,source_publish_interval,0.7740408182144165,11.91570796072483,12.714792042970657
2026-08-10T16:53:53.633226+00:00,communication_drift_01,meter_03,195,none,publish_interval,random,random,random,normal_drift,0.9999999942788516,0.4404343542986781,0,,1,0,collecting_candidates;drift_not_confirmed,source_publish_interval,voltage_rolling_mean=230.658893;source_publish_interval=0.729340,source_publish_interval,0.5844999104738235,9.675082983449101,10.279500158503652
2026-08-10T16:53:54.395907+00:00,communication_drift_01,meter_01,196,none,publish_interval,random,random,random,normal_drift,0.9999999998357592,0.44052195188313237,0,,1,0,collecting_candidates;drift_not_confirmed,source_publish_interval,voltage_rolling_mean=231.644142;source_publish_interval=0.729348,source_publish_interval,1.372958067804575,21.01787505671382,22.433083038777113
2026-08-10T16:53:54.418660+00:00,communication_drift_01,meter_02,196,none,publish_interval,random,random,random,normal_drift,0.9999999933969628,0.4531460185404465,0,,1,0,collecting_candidates;drift_not_confirmed,source_publish_interval,voltage_rolling_mean=231.450462;source_publish_interval=0.729344,source_publish_interval,0.970583176240325,13.040916062891483,14.036832842975855
2026-08-10T16:53:54.432837+00:00,communication_drift_01,meter_03,196,none,publish_interval,random,random,random,normal_drift,0.9999999934257524,0.4629897334842151,0,,1,0,collecting_candidates;drift_not_confirmed,source_publish_interval,voltage_rolling_mean=230.658893;source_publish_interval=0.729340,source_publish_interval,0.5865001585334539,10.164958192035556,10.771166998893023
2026-08-10T16:53:55.201751+00:00,communication_drift_01,meter_01,197,none,publish_interval,random,random,random,normal_drift,0.9999999998130014,0.4522911185270472,0,,1,0,collecting_candidates;drift_not_confirmed,source_publish_interval,voltage_rolling_mean=231.644142;source_publish_interval=0.729348,source_publish_interval,2.1012909710407257,22.226208122447133,24.36841605231166
2026-08-10T16:53:55.226761+00:00,communication_drift_01,meter_02,197,none,publish_interval,random,random,random,normal_drift,0.9999999983615644,0.4553372188233949,0,,1,0,collecting_candidates;drift_not_confirmed,source_publish_interval,voltage_rolling_mean=231.450462;source_publish_interval=0.729344,source_publish_interval,0.920125050470233,12.051915982738137,13.001250103116035
2026-08-10T16:53:55.239891+00:00,communication_drift_01,meter_03,197,none,publish_interval,random,random,random,normal_drift,0.9999999930954659,0.44388471754772185,0,,1,0,collecting_candidates;drift_not_confirmed,source_publish_interval,voltage_rolling_mean=230.658893;source_publish_interval=0.729340,source_publish_interval,0.5228749942034483,9.507833048701286,10.050708893686533
2026-08-10T16:53:56.006919+00:00,communication_drift_01,meter_01,198,none,publish_interval,random,random,random,normal_drift,0.9999999996722209,0.4671458456455394,0,,1,0,collecting_candidates;drift_not_confirmed,source_publish_interval,voltage_rolling_mean=231.644142;source_publish_interval=0.729348,source_publish_interval,1.7891661264002323,21.975875133648515,23.802833864465356
2026-08-10T16:53:56.031048+00:00,communication_drift_01,meter_02,198,none,publish_interval,random,random,random,normal_drift,0.9999999952519527,0.4501422124818245,0,,1,0,collecting_candidates;drift_not_confirmed,source_publish_interval,voltage_rolling_mean=231.450462;source_publish_interval=0.729344,source_publish_interval,0.9048748761415482,12.145291082561016,13.077333103865385
2026-08-10T16:53:56.044255+00:00,communication_drift_01,meter_03,198,none,publish_interval,random,random,random,normal_drift,0.9999999252370495,0.46303596983451445,0,,1,0,collecting_candidates;drift_not_confirmed,source_publish_interval,voltage_rolling_mean=230.658893;source_publish_interval=0.729340,source_publish_interval,0.5263339262455702,9.545832872390747,10.092375101521611
2026-08-10T16:53:56.806042+00:00,communication_drift_01,meter_01,199,none,publish_interval,random,random,random,normal_drift,0.9999999995279552,0.476244158451098,0,,1,0,collecting_candidates;drift_not_confirmed,source_publish_interval,voltage_rolling_mean=231.644142;source_publish_interval=0.729348,source_publish_interval,1.3768330682069063,21.8449579551816,23.26158294454217
2026-08-10T16:53:56.829580+00:00,communication_drift_01,meter_02,199,none,publish_interval,random,random,random,normal_drift,0.9999999972436473,0.4895515364052813,0,,1,0,collecting_candidates;drift_not_confirmed,source_publish_interval,voltage_rolling_mean=231.450462;source_publish_interval=0.729344,source_publish_interval,0.8885839488357306,12.457416858524084,13.369916938245296
2026-08-10T16:53:56.843083+00:00,communication_drift_01,meter_03,199,none,publish_interval,random,random,random,normal_drift,0.9999999957004952,0.4573603904341024,0,,1,0,collecting_candidates;drift_not_confirmed,source_publish_interval,voltage_rolling_mean=230.658893;source_publish_interval=0.729340,source_publish_interval,0.5689999088644981,10.034708073362708,10.623957961797714
2026-08-10T16:53:57.609666+00:00,communication_drift_01,meter_01,200,none,publish_interval,random,random,random,normal_drift,0.9999999998991074,0.46869789782497423,0,,1,0,collecting_candidates;drift_not_confirmed,source_publish_interval,voltage_rolling_mean=231.644142;source_publish_interval=0.729348,source_publish_interval,2.284166868776083,22.467457922175527,24.796542013064027
2026-08-10T16:53:57.634901+00:00,communication_drift_01,meter_02,200,none,publish_interval,random,random,random,normal_drift,0.9999999974030334,0.49781505499104367,0,,1,0,collecting_candidates;drift_not_confirmed,source_publish_interval,voltage_rolling_mean=231.450462;source_publish_interval=0.729344,source_publish_interval,0.9059999138116837,11.991250095888972,12.922041118144989
2026-08-10T16:53:57.647964+00:00,communication_drift_01,meter_03,200,none,publish_interval,random,random,random,normal_drift,0.99999998923848,0.5368636597104585,0,,1,0,collecting_candidates;drift_not_confirmed,source_publish_interval,voltage_rolling_mean=230.658893;source_publish_interval=0.729340,source_publish_interval,0.5318331532180309,9.520791936665773,10.073249926790595
2026-08-10T16:53:58.412075+00:00,communication_drift_01,meter_01,201,none,publish_interval,random,random,random,normal_drift,0.9999999996664428,0.4479128001485904,0,,1,0,collecting_candidates;drift_not_confirmed,source_publish_interval,voltage_rolling_mean=231.644142;source_publish_interval=0.729348,source_publish_interval,1.3181250542402267,20.74745809659362,22.099874913692474
2026-08-10T16:53:58.434436+00:00,communication_drift_01,meter_02,201,none,publish_interval,random,random,random,normal_drift,0.9999999283878296,0.49750595400761727,0,,1,0,collecting_candidates;drift_not_confirmed,source_publish_interval,voltage_rolling_mean=231.450462;source_publish_interval=0.729344,source_publish_interval,0.9114998392760754,13.215958140790462,14.150291914120317
2026-08-10T16:53:58.448702+00:00,communication_drift_01,meter_03,201,none,publish_interval,random,random,random,normal_drift,0.999999961059755,0.4515101330341487,0,,1,0,collecting_candidates;drift_not_confirmed,source_publish_interval,voltage_rolling_mean=230.658893;source_publish_interval=0.729340,source_publish_interval,0.5782919470220804,9.676750050857663,10.274125030264258
2026-08-10T16:53:59.217953+00:00,communication_drift_01,meter_01,202,none,publish_interval,random,random,random,normal_drift,0.9999999988381256,0.481165486415348,0,,1,0,collecting_candidates;drift_not_confirmed,source_publish_interval,voltage_rolling_mean=231.644142;source_publish_interval=0.729348,source_publish_interval,3.048625076189637,21.214916137978435,24.32279195636511
2026-08-10T16:53:59.242725+00:00,communication_drift_01,meter_02,202,none,publish_interval,random,random,random,normal_drift,0.9999999983497561,0.4593145197296907,0,,1,0,collecting_candidates;drift_not_confirmed,source_publish_interval,voltage_rolling_mean=231.450462;source_publish_interval=0.729344,source_publish_interval,0.7434592116624117,11.748583056032658,12.514208909124136
2026-08-10T16:53:59.255361+00:00,communication_drift_01,meter_03,202,none,publish_interval,random,random,random,normal_drift,0.9999999819310382,0.5782521122487377,0,,1,0,collecting_candidates;drift_not_confirmed,source_publish_interval,voltage_rolling_mean=230.658893;source_publish_interval=0.729340,source_publish_interval,0.5204579792916775,9.407541947439313,9.947333950549364
2026-08-10T16:54:00.022848+00:00,communication_drift_01,meter_01,203,none,publish_interval,random,random,random,normal_drift,0.9999999893937092,0.4950706073050894,0,,1,0,collecting_candidates;drift_not_confirmed,source_publish_interval,voltage_rolling_mean=231.644142;source_publish_interval=0.729348,source_publish_interval,2.474250039085746,19.336665980517864,21.84579079039395
2026-08-10T16:54:00.045021+00:00,communication_drift_01,meter_02,203,none,publish_interval,random,random,random,normal_drift,0.9999999924932993,0.43466870986025025,0,,1,0,collecting_candidates;drift_not_confirmed,source_publish_interval,voltage_rolling_mean=231.450462;source_publish_interval=0.729344,source_publish_interval,0.7499170023947954,11.640832992270589,12.41404190659523
2026-08-10T16:54:00.057542+00:00,communication_drift_01,meter_03,203,none,publish_interval,random,random,random,normal_drift,0.9999999874655542,0.4408109212143466,0,,1,0,collecting_candidates;drift_not_confirmed,source_publish_interval,voltage_rolling_mean=230.658893;source_publish_interval=0.729340,source_publish_interval,0.5305830854922533,9.347582934424281,9.898791089653969
2026-08-10T16:54:00.828168+00:00,communication_drift_01,meter_01,204,none,publish_interval,random,random,random,normal_drift,0.9999999982942089,0.5630373089595506,0,,1,0,collecting_candidates;drift_not_confirmed,source_publish_interval,voltage_rolling_mean=231.644142;source_publish_interval=0.729348,source_publish_interval,2.574124839156866,23.063624976202846,25.68824985064566
2026-08-10T16:54:00.854304+00:00,communication_drift_01,meter_02,204,none,publish_interval,random,random,random,normal_drift,0.999999985581415,0.4421545847289712,0,,1,0,collecting_candidates;drift_not_confirmed,source_publish_interval,voltage_rolling_mean=231.450462;source_publish_interval=0.729344,source_publish_interval,0.9402499999850988,12.180167017504573,13.149374863132834
2026-08-10T16:54:00.867608+00:00,communication_drift_01,meter_03,204,none,publish_interval,random,random,random,normal_drift,0.9999999956014518,0.4459505689821709,0,,1,0,collecting_candidates;drift_not_confirmed,source_publish_interval,voltage_rolling_mean=230.658893;source_publish_interval=0.729340,source_publish_interval,0.5375000182539225,9.576375130563974,10.136540979146957
2026-08-10T16:54:01.627513+00:00,communication_drift_01,meter_01,205,none,publish_interval,random,random,random,normal_drift,0.9999999992747193,0.45024116954250637,0,,1,0,collecting_candidates;drift_not_confirmed,source_publish_interval,voltage_rolling_mean=231.644142;source_publish_interval=0.729348,source_publish_interval,1.3302089646458626,20.8471252117306,22.224290994927287
2026-08-10T16:54:01.650016+00:00,communication_drift_01,meter_02,205,none,publish_interval,random,random,random,normal_drift,0.9999999935402668,0.4697907720182716,0,,1,0,collecting_candidates;drift_not_confirmed,source_publish_interval,voltage_rolling_mean=231.450462;source_publish_interval=0.729344,source_publish_interval,0.9460418950766325,13.339041965082288,14.309792080894113
2026-08-10T16:54:01.664453+00:00,communication_drift_01,meter_03,205,none,publish_interval,random,random,random,normal_drift,0.9999999447060433,0.4472576489432069,0,,1,0,collecting_candidates;drift_not_confirmed,source_publish_interval,voltage_rolling_mean=230.658893;source_publish_interval=0.729340,source_publish_interval,0.5926669109612703,9.864083956927061,10.47633308917284
2026-08-10T16:54:02.433254+00:00,communication_drift_01,meter_01,206,none,publish_interval,random,random,random,normal_drift,0.9999999996196547,0.44479832305623196,0,,1,0,collecting_candidates;drift_not_confirmed,source_publish_interval,voltage_rolling_mean=231.644142;source_publish_interval=0.729348,source_publish_interval,2.0497909281402826,21.96204219944775,24.052750086411834
2026-08-10T16:54:02.457709+00:00,communication_drift_01,meter_02,206,none,publish_interval,random,random,random,normal_drift,0.9999999709814038,0.4687147608993762,0,,1,0,collecting_candidates;drift_not_confirmed,source_publish_interval,voltage_rolling_mean=231.450462;source_publish_interval=0.729344,source_publish_interval,0.8954999502748251,11.918375035747886,12.838583905249834
2026-08-10T16:54:02.470669+00:00,communication_drift_01,meter_03,206,none,publish_interval,random,random,random,normal_drift,0.9999999917655876,0.46832485926741513,0,,1,0,collecting_candidates;drift_not_confirmed,source_publish_interval,voltage_rolling_mean=230.658893;source_publish_interval=0.729340,source_publish_interval,0.5559159908443689,9.541209088638425,10.116790886968374
2026-08-10T16:54:03.234230+00:00,communication_drift_01,meter_01,207,none,publish_interval,random,random,random,normal_drift,0.9999999971676772,0.4532111904201377,0,,1,0,collecting_candidates;drift_not_confirmed,source_publish_interval,voltage_rolling_mean=231.644142;source_publish_interval=0.729348,source_publish_interval,2.198583912104368,22.187167080119252,24.419916095212102
2026-08-10T16:54:03.259036+00:00,communication_drift_01,meter_02,207,none,publish_interval,random,random,random,normal_drift,0.9999999969957012,0.4609252401633844,0,,1,0,collecting_candidates;drift_not_confirmed,source_publish_interval,voltage_rolling_mean=231.450462;source_publish_interval=0.729344,source_publish_interval,0.7596248760819435,12.053458951413631,12.838874943554401
2026-08-10T16:54:03.271997+00:00,communication_drift_01,meter_03,207,none,publish_interval,random,random,random,normal_drift,0.9999999796654013,0.5034975734101981,0,,1,0,collecting_candidates;drift_not_confirmed,source_publish_interval,voltage_rolling_mean=230.658893;source_publish_interval=0.729340,source_publish_interval,0.5854170303791761,9.5571659039706,10.162792168557644
2026-08-10T16:54:04.035157+00:00,communication_drift_01,meter_01,208,none,publish_interval,random,random,random,normal_drift,0.9999999997924138,0.46198222911766584,0,,1,0,collecting_candidates;drift_not_confirmed,source_publish_interval,voltage_rolling_mean=231.644142;source_publish_interval=0.729348,source_publish_interval,1.5052498783916235,20.967040909454226,22.514167008921504
2026-08-10T16:54:04.057941+00:00,communication_drift_01,meter_02,208,none,publish_interval,random,random,random,normal_drift,0.9999999980436207,0.5145288447610262,0,,1,0,collecting_candidates;drift_not_confirmed,source_publish_interval,voltage_rolling_mean=231.450462;source_publish_interval=0.729344,source_publish_interval,0.9366250596940517,13.235708000138402,14.196416130289435
2026-08-10T16:54:04.072277+00:00,communication_drift_01,meter_03,208,none,publish_interval,random,random,random,normal_drift,0.9999999770736739,0.4340362650829265,0,,1,0,collecting_candidates;drift_not_confirmed,source_publish_interval,voltage_rolling_mean=230.658893;source_publish_interval=0.729340,source_publish_interval,0.5860410165041685,10.163875063881278,10.769375134259462
2026-08-10T16:54:04.840905+00:00,communication_drift_01,meter_01,209,none,publish_interval,random,random,random,normal_drift,0.999999997509869,0.4684775426647113,0,,1,0,collecting_candidates;drift_not_confirmed,source_publish_interval,voltage_rolling_mean=231.644142;source_publish_interval=0.729348,source_publish_interval,2.0671668462455273,22.491708863526583,24.597375188022852
2026-08-10T16:54:04.865913+00:00,communication_drift_01,meter_02,209,none,publish_interval,random,random,random,normal_drift,0.9999999984221968,0.45032377633989196,0,,1,0,collecting_candidates;drift_not_confirmed,source_publish_interval,voltage_rolling_mean=231.450462;source_publish_interval=0.729344,source_publish_interval,0.8666669018566608,12.21612491644919,13.109416933730245
2026-08-10T16:54:04.879147+00:00,communication_drift_01,meter_03,209,none,publish_interval,random,random,random,normal_drift,0.9999998277115291,0.595851265187081,0,,1,0,collecting_candidates;drift_not_confirmed,source_publish_interval,voltage_rolling_mean=230.658893;source_publish_interval=0.729340,source_publish_interval,0.5349589046090841,9.505332913249731,10.06050012074411
2026-08-10T16:54:05.642709+00:00,communication_drift_01,meter_01,210,none,publish_interval,random,random,random,normal_drift,0.9999999990430264,0.4579975815810008,0,,1,0,collecting_candidates;drift_not_confirmed,source_publish_interval,voltage_rolling_mean=231.644142;source_publish_interval=0.729348,source_publish_interval,2.444540848955512,22.57270785048604,25.058541912585497
2026-08-10T16:54:05.668187+00:00,communication_drift_01,meter_02,210,none,publish_interval,random,random,random,normal_drift,0.9999999893676496,0.4423891796731885,0,,1,0,collecting_candidates;drift_not_confirmed,source_publish_interval,voltage_rolling_mean=231.450462;source_publish_interval=0.729344,source_publish_interval,0.8773338049650192,12.14716606773436,13.049874920397997
2026-08-10T16:54:05.681379+00:00,communication_drift_01,meter_03,210,none,publish_interval,random,random,random,normal_drift,0.9999999830654956,0.44612628258022385,0,,1,0,collecting_candidates;drift_not_confirmed,source_publish_interval,voltage_rolling_mean=230.658893;source_publish_interval=0.729340,source_publish_interval,0.5635409615933895,9.495040867477655,10.078542167320848
2026-08-10T16:54:06.447796+00:00,communication_drift_01,meter_01,211,none,publish_interval,random,random,random,normal_drift,0.9999999997271305,0.48929181462365906,0,,1,0,collecting_candidates;drift_not_confirmed,source_publish_interval,voltage_rolling_mean=231.644142;source_publish_interval=0.729348,source_publish_interval,1.9445419311523438,22.136041894555092,24.122999981045723
2026-08-10T16:54:06.472273+00:00,communication_drift_01,meter_02,211,none,publish_interval,random,random,random,normal_drift,0.999999996811348,0.45708709566409095,0,,1,0,collecting_candidates;drift_not_confirmed,source_publish_interval,voltage_rolling_mean=231.450462;source_publish_interval=0.729344,source_publish_interval,0.8710830006748438,11.985915945842862,12.881749775260687
2026-08-10T16:54:06.485283+00:00,communication_drift_01,meter_03,211,none,publish_interval,random,random,random,normal_drift,0.999999994513064,0.4786944412386152,0,,1,0,collecting_candidates;drift_not_confirmed,source_publish_interval,voltage_rolling_mean=230.658893;source_publish_interval=0.729340,source_publish_interval,0.5252498667687178,9.504707995802164,10.049416916444898
2026-08-10T16:54:07.252694+00:00,communication_drift_01,meter_01,212,none,publish_interval,random,random,random,normal_drift,0.9999999997352844,0.5062663312908399,0,,1,0,collecting_candidates;drift_not_confirmed,source_publish_interval,voltage_rolling_mean=231.644142;source_publish_interval=0.729348,source_publish_interval,1.742625143378973,22.660915972664952,24.438791209831834
2026-08-10T16:54:07.277443+00:00,communication_drift_01,meter_02,212,none,publish_interval,random,random,random,normal_drift,0.9999999839124714,0.5275152499607518,0,,1,0,collecting_candidates;drift_not_confirmed,source_publish_interval,voltage_rolling_mean=231.450462;source_publish_interval=0.729344,source_publish_interval,0.8695418946444988,12.216291856020689,13.10858316719532
2026-08-10T16:54:07.290675+00:00,communication_drift_01,meter_03,212,none,publish_interval,random,random,random,normal_drift,0.9999999965358946,0.4647436045700559,0,,1,0,collecting_candidates;drift_not_confirmed,source_publish_interval,voltage_rolling_mean=230.658893;source_publish_interval=0.729340,source_publish_interval,0.5601248703896999,9.705208940431476,10.284916963428259
2026-08-10T16:54:08.057803+00:00,communication_drift_01,meter_01,213,none,publish_interval,random,random,random,normal_drift,0.9999999795447438,0.5806747415044736,0,,1,0,collecting_candidates;drift_not_confirmed,source_publish_interval,voltage_rolling_mean=231.644142;source_publish_interval=0.729348,source_publish_interval,1.9182090181857347,22.41112501360476,24.402291979640722
2026-08-10T16:54:08.082699+00:00,communication_drift_01,meter_02,213,none,publish_interval,random,random,random,normal_drift,0.9999999978161975,0.4798261970107479,0,,1,0,collecting_candidates;drift_not_confirmed,source_publish_interval,voltage_rolling_mean=231.450462;source_publish_interval=0.729344,source_publish_interval,0.9658329654484987,12.3150828294456,13.312666909769177
2026-08-10T16:54:08.096179+00:00,communication_drift_01,meter_03,213,none,publish_interval,random,random,random,normal_drift,0.9999999947132006,0.4747093736377123,0,,1,0,collecting_candidates;drift_not_confirmed,source_publish_interval,voltage_rolling_mean=230.658893;source_publish_interval=0.729340,source_publish_interval,0.5728329997509718,9.485999820753932,10.0811249576509
2026-08-10T16:54:08.863152+00:00,communication_drift_01,meter_01,214,none,publish_interval,random,random,random,normal_drift,0.9999999997339564,0.47322195182992716,0,,1,1,drift_not_confirmed;reference_updated,source_publish_interval,voltage_rolling_mean=231.644142;source_publish_interval=0.766422,source_publish_interval,2.404833910986781,22.89412496611476,25.368457892909646
2026-08-10T16:54:08.889024+00:00,communication_drift_01,meter_02,214,none,publish_interval,random,random,random,normal_drift,0.9999999991741577,0.456416249818396,0,,1,1,drift_not_confirmed;reference_updated,source_publish_interval,voltage_rolling_mean=231.450462;source_publish_interval=0.766423,source_publish_interval,0.9348748717457056,12.182499980553985,13.147291960194707
2026-08-10T16:54:08.902327+00:00,communication_drift_01,meter_03,214,none,publish_interval,random,random,random,normal_drift,0.999999959096329,0.4610120729875383,0,,1,1,drift_not_confirmed;reference_updated,source_publish_interval,voltage_rolling_mean=230.658893;source_publish_interval=0.766425,source_publish_interval,0.555708073079586,9.54275019466877,10.122874984517694
2026-08-10T16:54:09.663238+00:00,communication_drift_01,meter_01,215,none,publish_interval,random,random,random,normal_drift,0.9999999988034316,0.4446256813082245,0,,1,0,collecting_candidates;drift_not_confirmed,source_publish_interval,voltage_rolling_mean=231.644142;source_publish_interval=0.766422,source_publish_interval,1.9834169652312994,22.02245802618563,24.05104204080999
2026-08-10T16:54:09.687662+00:00,communication_drift_01,meter_02,215,none,publish_interval,random,random,random,normal_drift,0.9999999978205958,0.4445233572033948,0,,1,0,collecting_candidates;drift_not_confirmed,source_publish_interval,voltage_rolling_mean=231.450462;source_publish_interval=0.766423,source_publish_interval,0.885708024725318,12.03358406201005,12.947750044986606
2026-08-10T16:54:09.700752+00:00,communication_drift_01,meter_03,215,none,publish_interval,random,random,random,normal_drift,0.999999957053549,0.4953564037193379,0,,1,0,collecting_candidates;drift_not_confirmed,source_publish_interval,voltage_rolling_mean=230.658893;source_publish_interval=0.766425,source_publish_interval,0.5443331319838762,9.571374859660864,10.136749828234315
2026-08-10T16:54:10.462981+00:00,communication_drift_01,meter_01,216,none,publish_interval,random,random,random,normal_drift,0.9999999981783247,0.5564534638205731,0,,1,0,collecting_candidates;drift_not_confirmed,source_publish_interval,voltage_rolling_mean=231.644142;source_publish_interval=0.766422,source_publish_interval,2.0225830376148224,21.75508299842477,23.818750167265534
2026-08-10T16:54:10.487179+00:00,communication_drift_01,meter_02,216,none,publish_interval,random,random,random,normal_drift,0.9999999882065288,0.4420614721746659,0,,1,0,collecting_candidates;drift_not_confirmed,source_publish_interval,voltage_rolling_mean=231.450462;source_publish_interval=0.766423,source_publish_interval,0.8424590341746807,12.081458931788802,12.94987485744059
2026-08-10T16:54:10.500267+00:00,communication_drift_01,meter_03,216,none,publish_interval,random,random,random,normal_drift,0.999999992661823,0.44929644056001755,0,,1,0,collecting_candidates;drift_not_confirmed,source_publish_interval,voltage_rolling_mean=230.658893;source_publish_interval=0.766425,source_publish_interval,0.5796249024569988,9.666207944974303,10.266917059198022
2026-08-10T16:54:11.264675+00:00,communication_drift_01,meter_01,217,none,publish_interval,random,random,random,normal_drift,0.9999999990448969,0.4364817480935859,0,,1,0,collecting_candidates;drift_not_confirmed,source_publish_interval,voltage_rolling_mean=231.644142;source_publish_interval=0.766422,source_publish_interval,3.3166250213980675,16.00454095751047,19.367000088095665
2026-08-10T16:54:11.284458+00:00,communication_drift_01,meter_02,217,none,publish_interval,random,random,random,normal_drift,0.9999999945134803,0.4368460388458865,0,,1,0,collecting_candidates;drift_not_confirmed,source_publish_interval,voltage_rolling_mean=231.450462;source_publish_interval=0.766423,source_publish_interval,0.7287908811122179,10.72616595774889,11.477499967440963
2026-08-10T16:54:11.296052+00:00,communication_drift_01,meter_03,217,none,publish_interval,random,random,random,normal_drift,0.9999999479518793,0.6050885429895828,0,,1,0,collecting_candidates;drift_not_confirmed,source_publish_interval,voltage_rolling_mean=230.658893;source_publish_interval=0.766425,source_publish_interval,0.519708963111043,9.166792035102844,9.707416873425245
2026-08-10T16:54:12.067445+00:00,communication_drift_01,meter_01,218,none,publish_interval,random,random,random,normal_drift,0.9999999964900683,0.43658978356957034,0,,1,0,collecting_candidates;drift_not_confirmed,source_publish_interval,voltage_rolling_mean=231.644142;source_publish_interval=0.766422,source_publish_interval,1.2777920346707106,20.478666992858052,21.81804203428328
2026-08-10T16:54:12.089603+00:00,communication_drift_01,meter_02,218,none,publish_interval,random,random,random,normal_drift,0.9999999962311212,0.43558362751298624,0,,1,0,collecting_candidates;drift_not_confirmed,source_publish_interval,voltage_rolling_mean=231.450462;source_publish_interval=0.766423,source_publish_interval,0.8997919503599405,13.859374914318323,14.790457906201482
2026-08-10T16:54:12.104554+00:00,communication_drift_01,meter_03,218,none,publish_interval,random,random,random,normal_drift,0.9999999944130604,0.43948874313574965,0,,1,0,collecting_candidates;drift_not_confirmed,source_publish_interval,voltage_rolling_mean=230.658893;source_publish_interval=0.766425,source_publish_interval,0.6062909960746765,9.916124865412712,10.544707998633385
2026-08-10T16:54:12.873544+00:00,communication_drift_01,meter_01,219,none,publish_interval,random,random,random,normal_drift,0.9999999991698669,0.49303328005243685,0,,1,0,collecting_candidates;drift_not_confirmed,source_publish_interval,voltage_rolling_mean=231.644142;source_publish_interval=0.766422,source_publish_interval,2.4717499036341906,20.626333076506853,23.132999893277884
2026-08-10T16:54:12.897059+00:00,communication_drift_01,meter_02,219,none,publish_interval,random,random,random,normal_drift,0.9999999993038118,0.6163760162077931,0,,1,0,collecting_candidates;drift_not_confirmed,source_publish_interval,voltage_rolling_mean=231.450462;source_publish_interval=0.766423,source_publish_interval,0.7157919462770224,11.635333066806197,12.376041850075126
2026-08-10T16:54:12.909562+00:00,communication_drift_01,meter_03,219,none,publish_interval,random,random,random,normal_drift,0.9999999457010856,0.4698598352133733,0,,1,0,collecting_candidates;drift_not_confirmed,source_publish_interval,voltage_rolling_mean=230.658893;source_publish_interval=0.766425,source_publish_interval,0.5995000246912241,9.529416915029287,10.149125009775162
2026-08-10T16:54:13.678421+00:00,communication_drift_01,meter_01,220,none,publish_interval,random,random,random,normal_drift,0.9999999942523261,0.48732441420370326,0,,1,0,collecting_candidates;drift_not_confirmed,source_publish_interval,voltage_rolling_mean=231.644142;source_publish_interval=0.766422,source_publish_interval,2.0537080708891153,22.212249925360084,24.30549985729158
2026-08-10T16:54:13.703114+00:00,communication_drift_01,meter_02,220,none,publish_interval,random,random,random,normal_drift,0.9999999613679288,0.5817971329236271,0,,1,0,collecting_candidates;drift_not_confirmed,source_publish_interval,voltage_rolling_mean=231.450462;source_publish_interval=0.766423,source_publish_interval,0.8352501317858696,11.946208076551557,12.805999955162406
2026-08-10T16:54:13.716042+00:00,communication_drift_01,meter_03,220,none,publish_interval,random,random,random,normal_drift,0.999999975235035,0.464140442793055,0,,1,0,collecting_candidates;drift_not_confirmed,source_publish_interval,voltage_rolling_mean=230.658893;source_publish_interval=0.766425,source_publish_interval,0.5496670491993427,9.559207828715444,10.129124857485294
2026-08-10T16:54:14.480901+00:00,communication_drift_01,meter_01,221,none,publish_interval,random,random,random,normal_drift,0.9999999996180491,0.4635712859330264,0,,1,0,collecting_candidates;drift_not_confirmed,source_publish_interval,voltage_rolling_mean=231.644142;source_publish_interval=0.766422,source_publish_interval,2.1732919849455357,22.03079196624458,24.249332956969738
2026-08-10T16:54:14.505593+00:00,communication_drift_01,meter_02,221,none,publish_interval,random,random,random,normal_drift,0.9999999925178528,0.4614103529542501,0,,1,0,collecting_candidates;drift_not_confirmed,source_publish_interval,voltage_rolling_mean=231.450462;source_publish_interval=0.766423,source_publish_interval,0.8542500436306,11.978457914665341,12.856083922088146
2026-08-10T16:54:14.518575+00:00,communication_drift_01,meter_03,221,none,publish_interval,random,random,random,normal_drift,0.999999975595233,0.4409024582432451,0,,1,0,collecting_candidates;drift_not_confirmed,source_publish_interval,voltage_rolling_mean=230.658893;source_publish_interval=0.766425,source_publish_interval,0.5290410481393337,9.570457972586155,10.120125021785498
2026-08-10T16:54:15.284954+00:00,communication_drift_01,meter_01,222,none,publish_interval,random,random,random,normal_drift,0.9999999986685304,0.47901089146587433,0,,1,0,collecting_candidates;drift_not_confirmed,source_publish_interval,voltage_rolling_mean=231.644142;source_publish_interval=0.766422,source_publish_interval,2.388708060607314,22.791041992604733,25.222084019333124
2026-08-10T16:54:15.310595+00:00,communication_drift_01,meter_02,222,none,publish_interval,random,random,random,normal_drift,0.9999999968586095,0.4830741636876864,0,,1,0,collecting_candidates;drift_not_confirmed,source_publish_interval,voltage_rolling_mean=231.450462;source_publish_interval=0.766423,source_publish_interval,0.8342498913407326,11.968875071033835,12.828833889216185
2026-08-10T16:54:15.323551+00:00,communication_drift_01,meter_03,222,none,publish_interval,random,random,random,normal_drift,0.9999999705668972,0.47040321351295017,0,,1,0,collecting_candidates;drift_not_confirmed,source_publish_interval,voltage_rolling_mean=230.658893;source_publish_interval=0.766425,source_publish_interval,0.5372499581426382,9.579666890203953,10.136625031009316
2026-08-10T16:54:16.090033+00:00,communication_drift_01,meter_01,223,none,publish_interval,random,random,random,normal_drift,0.9999999906602527,0.48290643235356717,0,,1,0,collecting_candidates;drift_not_confirmed,source_publish_interval,voltage_rolling_mean=231.644142;source_publish_interval=0.766422,source_publish_interval,2.2256250958889723,18.744707806035876,21.00520790554583
2026-08-10T16:54:16.111444+00:00,communication_drift_01,meter_02,223,none,publish_interval,random,random,random,normal_drift,0.9999999915676815,0.45314240134440714,0,,1,0,collecting_candidates;drift_not_confirmed,source_publish_interval,voltage_rolling_mean=231.450462;source_publish_interval=0.766423,source_publish_interval,0.6993748247623444,11.425582924857736,12.146790977567434
2026-08-10T16:54:16.123697+00:00,communication_drift_01,meter_03,223,none,publish_interval,random,random,random,normal_drift,0.9999999465254514,0.4822162273040651,0,,1,0,collecting_candidates;drift_not_confirmed,source_publish_interval,voltage_rolling_mean=230.658893;source_publish_interval=0.766425,source_publish_interval,0.5392080638557673,9.379166876897216,9.937874972820282
2026-08-10T16:54:16.895091+00:00,communication_drift_01,meter_01,224,none,publish_interval,random,random,random,normal_drift,0.9999999987240744,0.4471191535041913,0,,1,0,collecting_candidates;drift_not_confirmed,source_publish_interval,voltage_rolling_mean=231.644142;source_publish_interval=0.766422,source_publish_interval,2.2360419388860464,22.08200003951788,24.356249952688813
2026-08-10T16:54:16.919848+00:00,communication_drift_01,meter_02,224,none,publish_interval,random,random,random,normal_drift,0.9999999977299361,0.4404838827190181,0,,1,0,collecting_candidates;drift_not_confirmed,source_publish_interval,voltage_rolling_mean=231.450462;source_publish_interval=0.766423,source_publish_interval,0.6853751838207245,11.779332999140024,12.489750050008297
2026-08-10T16:54:16.932450+00:00,communication_drift_01,meter_03,224,none,publish_interval,random,random,random,normal_drift,0.9999999956931409,0.44747448715488025,0,,1,0,collecting_candidates;drift_not_confirmed,source_publish_interval,voltage_rolling_mean=230.658893;source_publish_interval=0.766425,source_publish_interval,0.5933749489486217,9.621042059734464,10.233999928459525
2026-08-10T16:54:17.696059+00:00,communication_drift_01,meter_01,225,none,publish_interval,random,random,random,normal_drift,0.9999999985917771,0.4302687415248109,0,,1,0,collecting_candidates;drift_not_confirmed,source_publish_interval,voltage_rolling_mean=231.644142;source_publish_interval=0.766422,source_publish_interval,2.6099998503923416,22.70170906558633,25.35345801152289
2026-08-10T16:54:17.721846+00:00,communication_drift_01,meter_02,225,none,publish_interval,random,random,random,normal_drift,0.9999999932019867,0.44874551391796524,0,,1,0,collecting_candidates;drift_not_confirmed,source_publish_interval,voltage_rolling_mean=231.450462;source_publish_interval=0.766423,source_publish_interval,0.8181249722838402,12.079332955181599,12.92258407920599
2026-08-10T16:54:17.734909+00:00,communication_drift_01,meter_03,225,none,publish_interval,random,random,random,normal_drift,0.9999999924432671,0.4770729122288985,0,,1,0,collecting_candidates;drift_not_confirmed,source_publish_interval,voltage_rolling_mean=230.658893;source_publish_interval=0.766425,source_publish_interval,0.5533751100301743,9.562917053699493,10.135582881048322
2026-08-10T16:54:18.500836+00:00,communication_drift_01,meter_01,226,none,publish_interval,random,random,random,normal_drift,0.9999999994151372,0.4640990812862772,0,,1,0,collecting_candidates;drift_not_confirmed,source_publish_interval,voltage_rolling_mean=231.644142;source_publish_interval=0.766422,source_publish_interval,2.4634581059217453,19.894749857485294,22.397832944989204
2026-08-10T16:54:18.523625+00:00,communication_drift_01,meter_02,226,none,publish_interval,random,random,random,normal_drift,0.9999999934087798,0.4358155689797523,0,,1,0,collecting_candidates;drift_not_confirmed,source_publish_interval,voltage_rolling_mean=231.450462;source_publish_interval=0.766423,source_publish_interval,0.7111250888556242,11.718792142346501,12.455832911655307
2026-08-10T16:54:18.536204+00:00,communication_drift_01,meter_03,226,none,publish_interval,random,random,random,normal_drift,0.9999999781447579,0.4396658768559313,0,,1,0,collecting_candidates;drift_not_confirmed,source_publish_interval,voltage_rolling_mean=230.658893;source_publish_interval=0.766425,source_publish_interval,0.5465419963002205,9.504832793027163,10.070791933685541
2026-08-10T16:54:19.304416+00:00,communication_drift_01,meter_01,227,none,publish_interval,random,random,random,normal_drift,0.9999999992550539,0.4577907620675193,0,,1,0,collecting_candidates;drift_not_confirmed,source_publish_interval,voltage_rolling_mean=231.644142;source_publish_interval=0.766422,source_publish_interval,2.21429206430912,21.906999871134758,24.165375158190727
2026-08-10T16:54:19.328960+00:00,communication_drift_01,meter_02,227,none,publish_interval,random,random,random,normal_drift,0.999999966172858,0.5822933793749758,0,,1,0,collecting_candidates;drift_not_confirmed,source_publish_interval,voltage_rolling_mean=231.450462;source_publish_interval=0.766423,source_publish_interval,0.8383751846849918,12.166750151664019,13.033124851062894
2026-08-10T16:54:19.342109+00:00,communication_drift_01,meter_03,227,none,publish_interval,random,random,random,normal_drift,0.9999999857360922,0.44046349492569975,0,,1,0,collecting_candidates;drift_not_confirmed,source_publish_interval,voltage_rolling_mean=230.658893;source_publish_interval=0.766425,source_publish_interval,0.6032921373844147,9.535915916785598,10.158499935641885
2026-08-10T16:54:20.108867+00:00,communication_drift_01,meter_01,228,none,publish_interval,random,random,random,normal_drift,0.9999999968650712,0.44641631590002356,0,,1,0,collecting_candidates;drift_not_confirmed,source_publish_interval,voltage_rolling_mean=231.644142;source_publish_interval=0.766422,source_publish_interval,2.1982090547680855,22.521874867379665,24.75899993441999
2026-08-10T16:54:20.134015+00:00,communication_drift_01,meter_02,228,none,publish_interval,random,random,random,normal_drift,0.9999999954958152,0.4956008191099335,0,,1,0,collecting_candidates;drift_not_confirmed,source_publish_interval,voltage_rolling_mean=231.450462;source_publish_interval=0.766423,source_publish_interval,0.8556658867746592,12.10299995727837,12.983541004359722
2026-08-10T16:54:20.147118+00:00,communication_drift_01,meter_03,228,none,publish_interval,random,random,random,normal_drift,0.9999999885231804,0.46091422195661147,0,,1,0,collecting_candidates;drift_not_confirmed,source_publish_interval,voltage_rolling_mean=230.658893;source_publish_interval=0.766425,source_publish_interval,0.5605840124189854,9.525959147140384,10.106250178068876
2026-08-10T16:54:20.913861+00:00,communication_drift_01,meter_01,229,none,publish_interval,random,random,random,normal_drift,0.9999999994768809,0.4684815385036548,0,,1,0,collecting_candidates;drift_not_confirmed,source_publish_interval,voltage_rolling_mean=231.644142;source_publish_interval=0.766422,source_publish_interval,2.3945001885294914,22.253124974668026,24.693333078175783
2026-08-10T16:54:20.938986+00:00,communication_drift_01,meter_02,229,none,publish_interval,random,random,random,normal_drift,0.9999999981606054,0.44119499835080994,0,,1,0,collecting_candidates;drift_not_confirmed,source_publish_interval,voltage_rolling_mean=231.450462;source_publish_interval=0.766423,source_publish_interval,0.8870000019669533,12.037582928314805,12.950416887179017
2026-08-10T16:54:20.952068+00:00,communication_drift_01,meter_03,229,none,publish_interval,random,random,random,normal_drift,0.9999999898432689,0.4485799084452859,0,,1,0,collecting_candidates;drift_not_confirmed,source_publish_interval,voltage_rolling_mean=230.658893;source_publish_interval=0.766425,source_publish_interval,0.5457079969346523,9.492958895862103,10.058083105832338
2026-08-10T16:54:21.719087+00:00,communication_drift_01,meter_01,230,none,publish_interval,random,random,random,normal_drift,0.9999999923551263,0.556319500631168,0,,1,0,collecting_candidates;drift_not_confirmed,source_publish_interval,voltage_rolling_mean=231.644142;source_publish_interval=0.766422,source_publish_interval,2.679416909813881,17.792750149965286,20.504457876086235
2026-08-10T16:54:21.739953+00:00,communication_drift_01,meter_02,230,none,publish_interval,random,random,random,normal_drift,0.9999999654347383,0.5811447654206384,0,,1,0,collecting_candidates;drift_not_confirmed,source_publish_interval,voltage_rolling_mean=231.450462;source_publish_interval=0.766423,source_publish_interval,0.6990418769419193,11.235666926950216,11.955375084653497
2026-08-10T16:54:21.752004+00:00,communication_drift_01,meter_03,230,none,publish_interval,random,random,random,normal_drift,0.9999999851773547,0.47889817891801667,0,,1,0,collecting_candidates;drift_not_confirmed,source_publish_interval,voltage_rolling_mean=230.658893;source_publish_interval=0.766425,source_publish_interval,0.518083106726408,9.321540826931596,9.858208941295743
2026-08-10T16:54:22.523634+00:00,communication_drift_01,meter_01,231,none,publish_interval,random,random,random,normal_drift,0.9999999977274807,0.4415100866353508,0,,1,0,collecting_candidates;drift_not_confirmed,source_publish_interval,voltage_rolling_mean=231.644142;source_publish_interval=0.766422,source_publish_interval,2.3235830012708902,22.998832864686847,25.374457938596606
2026-08-10T16:54:22.549404+00:00,communication_drift_01,meter_02,231,none,publish_interval,random,random,random,normal_drift,0.9999999960338899,0.44232944163889054,0,,1,0,collecting_candidates;drift_not_confirmed,source_publish_interval,voltage_rolling_mean=231.450462;source_publish_interval=0.766423,source_publish_interval,0.931750051677227,12.70054210908711,13.662083074450493
2026-08-10T16:54:22.563223+00:00,communication_drift_01,meter_03,231,none,publish_interval,random,random,random,normal_drift,0.9999999687547639,0.4617491640887,0,,1,0,collecting_candidates;drift_not_confirmed,source_publish_interval,voltage_rolling_mean=230.658893;source_publish_interval=0.766425,source_publish_interval,0.570167088881135,9.655291913077235,10.247667087242007
2026-08-10T16:54:23.327746+00:00,communication_drift_01,meter_01,232,none,publish_interval,random,random,random,normal_drift,0.9999999972178903,0.4696695282599147,0,,1,0,collecting_candidates;drift_not_confirmed,source_publish_interval,voltage_rolling_mean=231.644142;source_publish_interval=0.766422,source_publish_interval,2.5065841618925333,22.664792137220502,25.210791965946555
2026-08-10T16:54:23.353370+00:00,communication_drift_01,meter_02,232,none,publish_interval,random,random,random,normal_drift,0.999999992456294,0.6215824733782147,0,,1,0,collecting_candidates;drift_not_confirmed,source_publish_interval,voltage_rolling_mean=231.450462;source_publish_interval=0.766423,source_publish_interval,0.8140420541167259,11.979583883658051,12.817915994673967
2026-08-10T16:54:23.366296+00:00,communication_drift_01,meter_03,232,none,publish_interval,random,random,random,normal_drift,0.9999999939822612,0.47506757871453587,0,,1,0,collecting_candidates;drift_not_confirmed,source_publish_interval,voltage_rolling_mean=230.658893;source_publish_interval=0.766425,source_publish_interval,0.5642920732498169,9.556124918162823,10.140165919438004
2026-08-10T16:54:24.132386+00:00,communication_drift_01,meter_01,233,none,publish_interval,random,random,random,normal_drift,0.9999999805159213,0.5678329969974859,0,,1,0,collecting_candidates;drift_not_confirmed,source_publish_interval,voltage_rolling_mean=231.644142;source_publish_interval=0.766422,source_publish_interval,2.032083924859762,22.067832993343472,24.146458134055138
2026-08-10T16:54:24.156963+00:00,communication_drift_01,meter_02,233,none,publish_interval,random,random,random,normal_drift,0.9999999978131697,0.4578838533562002,0,,1,0,collecting_candidates;drift_not_confirmed,source_publish_interval,voltage_rolling_mean=231.450462;source_publish_interval=0.766423,source_publish_interval,0.8422909304499626,12.105874950066209,12.976540951058269
2026-08-10T16:54:24.170083+00:00,communication_drift_01,meter_03,233,none,publish_interval,random,random,random,normal_drift,0.9999999891415966,0.440991259974438,0,,1,0,collecting_candidates;drift_not_confirmed,source_publish_interval,voltage_rolling_mean=230.658893;source_publish_interval=0.766425,source_publish_interval,0.569458119571209,9.564416017383337,10.153959039598703
2026-08-10T16:54:24.937912+00:00,communication_drift_01,meter_01,234,none,publish_interval,random,random,random,normal_drift,0.9999999993940596,0.4817638702166592,0,,1,1,drift_not_confirmed;reference_updated,source_publish_interval,voltage_rolling_mean=231.644142;source_publish_interval=0.785085,source_publish_interval,2.533124992623925,19.480958115309477,22.050749976187944
2026-08-10T16:54:24.960355+00:00,communication_drift_01,meter_02,234,none,publish_interval,random,random,random,normal_drift,0.9999999966958766,0.46638269773642266,0,,1,1,drift_not_confirmed;reference_updated,source_publish_interval,voltage_rolling_mean=231.450462;source_publish_interval=0.785085,source_publish_interval,0.7199998944997787,11.559958104044199,12.30604201555252
2026-08-10T16:54:24.972778+00:00,communication_drift_01,meter_03,234,none,publish_interval,random,random,random,normal_drift,0.9999999769005684,0.4950873962606176,0,,1,1,drift_not_confirmed;reference_updated,source_publish_interval,voltage_rolling_mean=230.658893;source_publish_interval=0.785086,source_publish_interval,0.5440840031951666,9.555791970342398,10.120833059772849
2026-08-10T16:54:25.743050+00:00,communication_drift_01,meter_01,235,none,publish_interval,random,random,random,normal_drift,0.9999999994260678,0.44738721164738304,0,,1,0,collecting_candidates;drift_not_confirmed,source_publish_interval,voltage_rolling_mean=231.644142;source_publish_interval=0.785085,source_publish_interval,2.0450418815016747,22.45154185220599,24.535540957003832
2026-08-10T16:54:25.768000+00:00,communication_drift_01,meter_02,235,none,publish_interval,random,random,random,normal_drift,0.9999999983287382,0.4403581262382755,0,,1,0,collecting_candidates;drift_not_confirmed,source_publish_interval,voltage_rolling_mean=231.450462;source_publish_interval=0.785085,source_publish_interval,0.8393749594688416,11.971957981586456,12.834624852985144
2026-08-10T16:54:25.780945+00:00,communication_drift_01,meter_03,235,none,publish_interval,random,random,random,normal_drift,0.9999999829322931,0.48186519031112895,0,,1,0,collecting_candidates;drift_not_confirmed,source_publish_interval,voltage_rolling_mean=230.658893;source_publish_interval=0.785086,source_publish_interval,0.5422909744083881,9.512040996924043,10.073583107441664
2026-08-10T16:54:26.547861+00:00,communication_drift_01,meter_01,236,none,publish_interval,random,random,random,normal_drift,0.9999999993706021,0.4720265552643885,0,,1,0,collecting_candidates;drift_not_confirmed,source_publish_interval,voltage_rolling_mean=231.644142;source_publish_interval=0.785085,source_publish_interval,2.4005831219255924,20.334542030468583,22.772209020331502
2026-08-10T16:54:26.571028+00:00,communication_drift_01,meter_02,236,none,publish_interval,random,random,random,normal_drift,0.9999999960683876,0.445801839412088,0,,1,0,collecting_candidates;drift_not_confirmed,source_publish_interval,voltage_rolling_mean=231.450462;source_publish_interval=0.785085,source_publish_interval,0.706374878063798,11.54866605065763,12.276625027880073
2026-08-10T16:54:26.583403+00:00,communication_drift_01,meter_03,236,none,publish_interval,random,random,random,normal_drift,0.9999999808631471,0.44252748997657715,0,,1,0,collecting_candidates;drift_not_confirmed,source_publish_interval,voltage_rolling_mean=230.658893;source_publish_interval=0.785086,source_publish_interval,0.5047079175710678,9.564375039190054,10.088625131174922
2026-08-10T16:54:27.353115+00:00,communication_drift_01,meter_01,237,none,publish_interval,random,random,random,normal_drift,0.9999999982664758,0.46685620559850693,0,,1,0,collecting_candidates;drift_not_confirmed,source_publish_interval,voltage_rolling_mean=231.644142;source_publish_interval=0.785085,source_publish_interval,2.1709580905735493,22.177958162501454,24.38891609199345
2026-08-10T16:54:27.377894+00:00,communication_drift_01,meter_02,237,none,publish_interval,random,random,random,normal_drift,0.9999999932047023,0.4596745118649187,0,,1,0,collecting_candidates;drift_not_confirmed,source_publish_interval,voltage_rolling_mean=231.450462;source_publish_interval=0.785085,source_publish_interval,0.8625418413430452,12.076999992132187,12.963959015905857
2026-08-10T16:54:27.390981+00:00,communication_drift_01,meter_03,237,none,publish_interval,random,random,random,normal_drift,0.9999999392068438,0.47936466127603694,0,,1,0,collecting_candidates;drift_not_confirmed,source_publish_interval,voltage_rolling_mean=230.658893;source_publish_interval=0.785086,source_publish_interval,0.559499952942133,9.499083971604705,10.078541934490204
2026-08-10T16:54:28.158281+00:00,communication_drift_01,meter_01,238,none,publish_interval,random,random,random,normal_drift,0.9999999997807065,0.4483269182833029,0,,1,0,collecting_candidates;drift_not_confirmed,source_publish_interval,voltage_rolling_mean=231.644142;source_publish_interval=0.785085,source_publish_interval,1.9870421383529902,21.342250052839518,23.368166061118245
2026-08-10T16:54:28.182065+00:00,communication_drift_01,meter_02,238,none,publish_interval,random,random,random,normal_drift,0.9999999934267576,0.4408189575633269,0,,1,0,collecting_candidates;drift_not_confirmed,source_publish_interval,voltage_rolling_mean=231.450462;source_publish_interval=0.785085,source_publish_interval,0.7529160939157009,11.739790905267,12.517665978521109
2026-08-10T16:54:28.194710+00:00,communication_drift_01,meter_03,238,none,publish_interval,random,random,random,normal_drift,0.9999999775348071,0.44690987429332857,0,,1,0,collecting_candidates;drift_not_confirmed,source_publish_interval,voltage_rolling_mean=230.658893;source_publish_interval=0.785086,source_publish_interval,0.5899169482290745,9.819875005632639,10.431332979351282
2026-08-10T16:54:28.962524+00:00,communication_drift_01,meter_01,239,none,publish_interval,random,random,random,normal_drift,0.9999999978314844,0.44247404525611417,0,,1,0,collecting_candidates;drift_not_confirmed,source_publish_interval,voltage_rolling_mean=231.644142;source_publish_interval=0.785085,source_publish_interval,2.034208970144391,21.80183306336403,23.876750143244863
2026-08-10T16:54:28.986757+00:00,communication_drift_01,meter_02,239,none,publish_interval,random,random,random,normal_drift,0.9999999968023494,0.43723433045450727,0,,1,0,collecting_candidates;drift_not_confirmed,source_publish_interval,voltage_rolling_mean=231.450462;source_publish_interval=0.785085,source_publish_interval,0.7624581921845675,12.098667211830616,12.88720779120922
2026-08-10T16:54:28.999780+00:00,communication_drift_01,meter_03,239,none,publish_interval,random,random,random,normal_drift,0.9999999720732061,0.4433134534681807,0,,1,0,collecting_candidates;drift_not_confirmed,source_publish_interval,voltage_rolling_mean=230.658893;source_publish_interval=0.785086,source_publish_interval,0.6078749429434538,9.626457933336496,10.253750020638108
2026-08-10T16:54:29.767490+00:00,communication_drift_01,meter_01,240,none,publish_interval,random,random,random,normal_drift,0.9999999989143222,0.43407721396785653,0,,1,0,collecting_candidates;drift_not_confirmed,source_publish_interval,voltage_rolling_mean=231.644142;source_publish_interval=0.785085,source_publish_interval,2.0491250324994326,22.486000088974833,24.578541982918978
2026-08-10T16:54:29.792441+00:00,communication_drift_01,meter_02,240,none,publish_interval,random,random,random,normal_drift,0.9999999982961036,0.4724619571207336,0,,1,0,collecting_candidates;drift_not_confirmed,source_publish_interval,voltage_rolling_mean=231.450462;source_publish_interval=0.785085,source_publish_interval,0.8479999378323555,12.067582923918962,12.94087478891015
2026-08-10T16:54:29.805515+00:00,communication_drift_01,meter_03,240,none,publish_interval,random,random,random,normal_drift,0.9999999808489618,0.47973673724083465,0,,1,0,collecting_candidates;drift_not_confirmed,source_publish_interval,voltage_rolling_mean=230.658893;source_publish_interval=0.785086,source_publish_interval,0.5492500495165586,9.507667040452361,10.076917009428144
2026-08-10T16:54:30.572459+00:00,communication_drift_01,meter_01,241,none,publish_interval,random,random,random,normal_drift,0.9999999995536268,0.5366097891872473,0,,1,0,collecting_candidates;drift_not_confirmed,source_publish_interval,voltage_rolling_mean=231.644142;source_publish_interval=0.785085,source_publish_interval,2.738292096182704,18.520083045586944,21.29195793531835
2026-08-10T16:54:30.594136+00:00,communication_drift_01,meter_02,241,none,publish_interval,random,random,random,normal_drift,0.9999999908527014,0.45354538779742254,0,,1,0,collecting_candidates;drift_not_confirmed,source_publish_interval,voltage_rolling_mean=231.450462;source_publish_interval=0.785085,source_publish_interval,0.7056249305605888,11.844540946185589,12.571749975904822
2026-08-10T16:54:30.606809+00:00,communication_drift_01,meter_03,241,none,publish_interval,random,random,random,normal_drift,0.9999999735966667,0.4751172958362579,0,,1,0,collecting_candidates;drift_not_confirmed,source_publish_interval,voltage_rolling_mean=230.658893;source_publish_interval=0.785086,source_publish_interval,0.5291670095175505,9.41716693341732,9.965583914890885
2026-08-10T16:54:31.373650+00:00,communication_drift_01,meter_01,242,none,publish_interval,random,random,random,normal_drift,0.99999999935688,0.4362467730076333,0,,1,0,collecting_candidates;drift_not_confirmed,source_publish_interval,voltage_rolling_mean=231.644142;source_publish_interval=0.785085,source_publish_interval,1.9952920265495777,21.99170901440084,24.026624858379364
2026-08-10T16:54:31.397996+00:00,communication_drift_01,meter_02,242,none,publish_interval,random,random,random,normal_drift,0.9999999973595886,0.44035474590168455,0,,1,0,collecting_candidates;drift_not_confirmed,source_publish_interval,voltage_rolling_mean=231.450462;source_publish_interval=0.785085,source_publish_interval,0.8511669002473354,12.172415852546692,13.047292130067945
2026-08-10T16:54:31.411151+00:00,communication_drift_01,meter_03,242,none,publish_interval,random,random,random,normal_drift,0.9999999694136914,0.4457278524818366,0,,1,0,collecting_candidates;drift_not_confirmed,source_publish_interval,voltage_rolling_mean=230.658893;source_publish_interval=0.785086,source_publish_interval,0.5284999497234821,9.51599981635809,10.064458008855581
2026-08-10T16:54:32.178866+00:00,communication_drift_01,meter_01,243,none,publish_interval,random,random,random,normal_drift,0.9999999996705455,0.478414646114316,0,,1,0,collecting_candidates;drift_not_confirmed,source_publish_interval,voltage_rolling_mean=231.644142;source_publish_interval=0.785085,source_publish_interval,2.7769580483436584,19.104624865576625,21.916249999776483
2026-08-10T16:54:32.201150+00:00,communication_drift_01,meter_02,243,none,publish_interval,random,random,random,normal_drift,0.9999999873023725,0.4856208577848142,0,,1,0,collecting_candidates;drift_not_confirmed,source_publish_interval,voltage_rolling_mean=231.450462;source_publish_interval=0.785085,source_publish_interval,0.7067080587148666,11.761792004108429,12.489625019952655
2026-08-10T16:54:32.213747+00:00,communication_drift_01,meter_03,243,none,publish_interval,random,random,random,normal_drift,0.9999996826309027,0.652105248759053,0,,1,0,collecting_candidates;drift_not_confirmed,source_publish_interval,voltage_rolling_mean=230.658893;source_publish_interval=0.785086,source_publish_interval,0.5282501224428415,9.494083002209663,10.04199986346066
2026-08-10T16:54:32.979092+00:00,communication_drift_01,meter_01,244,none,publish_interval,random,random,random,normal_drift,0.9999999979197638,0.44570808263354345,0,,1,0,collecting_candidates;drift_not_confirmed,source_publish_interval,voltage_rolling_mean=231.644142;source_publish_interval=0.785085,source_publish_interval,2.874749945476651,18.55529099702835,21.4843328576535
2026-08-10T16:54:33.001038+00:00,communication_drift_01,meter_02,244,none,publish_interval,random,random,random,normal_drift,0.9999999823742415,0.4974350550957865,0,,1,0,collecting_candidates;drift_not_confirmed,source_publish_interval,voltage_rolling_mean=231.450462;source_publish_interval=0.785085,source_publish_interval,0.7855410221964121,11.666999896988273,12.482125079259276
2026-08-10T16:54:33.013682+00:00,communication_drift_01,meter_03,244,none,publish_interval,random,random,random,normal_drift,0.999999973808466,0.45124391432380656,0,,1,0,collecting_candidates;drift_not_confirmed,source_publish_interval,voltage_rolling_mean=230.658893;source_publish_interval=0.785086,source_publish_interval,0.5492090713232756,9.595333831384778,10.169833898544312
2026-08-10T16:54:33.784467+00:00,communication_drift_01,meter_01,245,none,publish_interval,random,random,random,normal_drift,0.9999999982109895,0.45126282914411675,0,,1,0,collecting_candidates;drift_not_confirmed,source_publish_interval,voltage_rolling_mean=231.644142;source_publish_interval=0.785085,source_publish_interval,2.8280001133680344,18.584749894216657,21.457458147779107
2026-08-10T16:54:33.806345+00:00,communication_drift_01,meter_02,245,none,publish_interval,random,random,random,normal_drift,0.9999999957997903,0.4382796466110949,0,,1,0,collecting_candidates;drift_not_confirmed,source_publish_interval,voltage_rolling_mean=231.450462;source_publish_interval=0.785085,source_publish_interval,0.7363329641520977,11.59250014461577,12.351624900475144
2026-08-10T16:54:33.818806+00:00,communication_drift_01,meter_03,245,none,publish_interval,random,random,random,normal_drift,0.9999999829296021,0.4578683311263292,0,,1,0,collecting_candidates;drift_not_confirmed,source_publish_interval,voltage_rolling_mean=230.658893;source_publish_interval=0.785086,source_publish_interval,0.5223748739808798,9.382667019963264,9.925917023792863
2026-08-10T16:54:34.588318+00:00,communication_drift_01,meter_01,246,none,publish_interval,random,random,random,normal_drift,0.999999998887005,0.4335191692554618,0,,1,0,collecting_candidates;drift_not_confirmed,source_publish_interval,voltage_rolling_mean=231.644142;source_publish_interval=0.785085,source_publish_interval,1.9986249972134829,22.554958937689662,24.604541016742587
2026-08-10T16:54:34.613305+00:00,communication_drift_01,meter_02,246,none,publish_interval,random,random,random,normal_drift,0.9999999969176607,0.4417234802610067,0,,1,0,collecting_candidates;drift_not_confirmed,source_publish_interval,voltage_rolling_mean=231.450462;source_publish_interval=0.785085,source_publish_interval,0.8566249161958694,12.002292089164257,12.894249986857176
2026-08-10T16:54:34.626350+00:00,communication_drift_01,meter_03,246,none,publish_interval,random,random,random,normal_drift,0.9999999914683845,0.4665054442213738,0,,1,0,collecting_candidates;drift_not_confirmed,source_publish_interval,voltage_rolling_mean=230.658893;source_publish_interval=0.785086,source_publish_interval,0.5367498379200697,9.578207973390818,10.137334000319242
2026-08-10T16:54:35.390079+00:00,communication_drift_01,meter_01,247,none,publish_interval,random,random,random,normal_drift,0.9999999994757371,0.4355546475641215,0,,1,0,collecting_candidates;drift_not_confirmed,source_publish_interval,voltage_rolling_mean=231.644142;source_publish_interval=0.785085,source_publish_interval,2.5234168861061335,21.915041841566563,24.48845817707479
2026-08-10T16:54:35.415045+00:00,communication_drift_01,meter_02,247,none,publish_interval,random,random,random,normal_drift,0.9999999849556105,0.4555527401784107,0,,1,0,collecting_candidates;drift_not_confirmed,source_publish_interval,voltage_rolling_mean=231.450462;source_publish_interval=0.785085,source_publish_interval,0.7974579930305481,11.93225011229515,12.757792137563229
2026-08-10T16:54:35.427947+00:00,communication_drift_01,meter_03,247,none,publish_interval,random,random,random,normal_drift,0.9999999651906194,0.47212585040566213,0,,1,0,collecting_candidates;drift_not_confirmed,source_publish_interval,voltage_rolling_mean=230.658893;source_publish_interval=0.785086,source_publish_interval,0.5847499705851078,9.697417030110955,10.305584175512195
2026-08-10T16:54:36.195320+00:00,communication_drift_01,meter_01,248,none,publish_interval,random,random,random,normal_drift,0.9999999989549524,0.4369347904831855,0,,1,0,collecting_candidates;drift_not_confirmed,source_publish_interval,voltage_rolling_mean=231.644142;source_publish_interval=0.785085,source_publish_interval,2.0878328941762447,22.004874888807535,24.134917184710503
2026-08-10T16:54:36.220046+00:00,communication_drift_01,meter_02,248,none,publish_interval,random,random,random,normal_drift,0.999999992344501,0.44446212589048256,0,,1,0,collecting_candidates;drift_not_confirmed,source_publish_interval,voltage_rolling_mean=231.450462;source_publish_interval=0.785085,source_publish_interval,0.8258330635726452,12.024291791021824,12.876000022515655
2026-08-10T16:54:36.233059+00:00,communication_drift_01,meter_03,248,none,publish_interval,random,random,random,normal_drift,0.9999999909110889,0.47662135485672547,0,,1,0,collecting_candidates;drift_not_confirmed,source_publish_interval,voltage_rolling_mean=230.658893;source_publish_interval=0.785086,source_publish_interval,0.5742500070482492,9.4954171217978,10.092749958857894
2026-08-10T16:54:36.995080+00:00,communication_drift_01,meter_01,249,none,publish_interval,random,random,random,normal_drift,0.999999996249729,0.4326001518100802,0,,1,0,collecting_candidates;drift_not_confirmed,source_publish_interval,voltage_rolling_mean=231.644142;source_publish_interval=0.785085,source_publish_interval,2.130917040631175,20.809500012546778,22.97966694459319
2026-08-10T16:54:37.018448+00:00,communication_drift_01,meter_02,249,none,publish_interval,random,random,random,normal_drift,0.999999980220917,0.4565599731885769,0,,1,0,collecting_candidates;drift_not_confirmed,source_publish_interval,voltage_rolling_mean=231.450462;source_publish_interval=0.785085,source_publish_interval,0.8441249374300241,11.832042131572962,12.701916042715311
2026-08-10T16:54:37.031276+00:00,communication_drift_01,meter_03,249,none,publish_interval,random,random,random,normal_drift,0.9999999598845353,0.4831665908103176,0,,1,0,collecting_candidates;drift_not_confirmed,source_publish_interval,voltage_rolling_mean=230.658893;source_publish_interval=0.785086,source_publish_interval,0.5444169510155916,9.422082919627428,9.986832970753312
2026-08-10T16:54:37.799307+00:00,communication_drift_01,meter_01,250,none,publish_interval,random,random,random,normal_drift,0.9999999855509605,0.4802713497591414,0,,1,0,collecting_candidates;drift_not_confirmed,source_publish_interval,voltage_rolling_mean=231.644142;source_publish_interval=0.785085,source_publish_interval,2.166082849726081,21.94079104810953,24.137707892805338
2026-08-10T16:54:37.823814+00:00,communication_drift_01,meter_02,250,none,publish_interval,random,random,random,normal_drift,0.9999999907463059,0.5380284074539207,0,,1,0,collecting_candidates;drift_not_confirmed,source_publish_interval,voltage_rolling_mean=231.450462;source_publish_interval=0.785085,source_publish_interval,0.6846250034868717,11.849500006064773,12.558458838611841
2026-08-10T16:54:37.836488+00:00,communication_drift_01,meter_03,250,none,publish_interval,random,random,random,normal_drift,0.9999999644559708,0.47699858743521245,0,,1,0,collecting_candidates;drift_not_confirmed,source_publish_interval,voltage_rolling_mean=230.658893;source_publish_interval=0.785086,source_publish_interval,0.599415972828865,9.589332854375243,10.209959000349045
2026-08-10T16:54:38.603813+00:00,communication_drift_01,meter_01,251,none,publish_interval,random,random,random,normal_drift,0.9999999794069112,0.5637797421877012,0,,1,0,collecting_candidates;drift_not_confirmed,source_publish_interval,voltage_rolling_mean=231.644142;source_publish_interval=0.785085,source_publish_interval,1.6742500010877848,22.125292103737593,23.841458139941096
2026-08-10T16:54:38.628108+00:00,communication_drift_01,meter_02,251,none,publish_interval,random,random,random,normal_drift,0.9999999904123648,0.4458095499726986,0,,1,0,collecting_candidates;drift_not_confirmed,source_publish_interval,voltage_rolling_mean=231.450462;source_publish_interval=0.785085,source_publish_interval,0.8329581469297409,12.14725011959672,13.005999848246574
2026-08-10T16:54:38.641244+00:00,communication_drift_01,meter_03,251,none,publish_interval,random,random,random,normal_drift,0.999999995600257,0.49693583114519113,0,,1,0,collecting_candidates;drift_not_confirmed,source_publish_interval,voltage_rolling_mean=230.658893;source_publish_interval=0.785086,source_publish_interval,0.5990408826619387,9.52629093080759,10.146999964490533
2026-08-10T16:54:39.409209+00:00,communication_drift_01,meter_01,252,none,publish_interval,random,random,random,normal_drift,0.9999999847405794,0.5462526847950979,0,,1,0,collecting_candidates;drift_not_confirmed,source_publish_interval,voltage_rolling_mean=231.644142;source_publish_interval=0.785085,source_publish_interval,2.383457962423563,22.187000140547752,24.611915927380323
2026-08-10T16:54:39.434203+00:00,communication_drift_01,meter_02,252,none,publish_interval,random,random,random,normal_drift,0.9999999872969386,0.48595658422373855,0,,1,0,collecting_candidates;drift_not_confirmed,source_publish_interval,voltage_rolling_mean=231.450462;source_publish_interval=0.785085,source_publish_interval,0.7940831128507853,11.97529211640358,12.79329089447856
2026-08-10T16:54:39.447113+00:00,communication_drift_01,meter_03,252,none,publish_interval,random,random,random,normal_drift,0.999999957933511,0.5251886317414721,0,,1,0,collecting_candidates;drift_not_confirmed,source_publish_interval,voltage_rolling_mean=230.658893;source_publish_interval=0.785086,source_publish_interval,0.5871669854968786,9.568167151883245,10.17512520775199
2026-08-10T16:54:40.214105+00:00,communication_drift_01,meter_01,253,none,publish_interval,random,random,random,normal_drift,0.9999999843970864,0.6170108172138077,0,,1,0,collecting_candidates;drift_not_confirmed,source_publish_interval,voltage_rolling_mean=231.644142;source_publish_interval=0.785085,source_publish_interval,2.923874882981181,20.75774990953505,23.715042043477297
2026-08-10T16:54:40.238214+00:00,communication_drift_01,meter_02,253,none,publish_interval,random,random,random,normal_drift,0.9999999972347644,0.46254102787328444,0,,1,0,collecting_candidates;drift_not_confirmed,source_publish_interval,voltage_rolling_mean=231.450462;source_publish_interval=0.785085,source_publish_interval,0.6972909905016422,40.932334028184414,41.6635419242084
2026-08-10T16:54:40.280027+00:00,communication_drift_01,meter_03,253,none,publish_interval,random,random,random,normal_drift,0.9999999968621458,0.4556616619484499,0,,1,0,collecting_candidates;drift_not_confirmed,source_publish_interval,voltage_rolling_mean=230.658893;source_publish_interval=0.785086,source_publish_interval,0.44783297926187515,7.300167111679912,7.766667054966092
2026-08-10T16:54:41.017811+00:00,communication_drift_01,meter_01,254,none,publish_interval,random,random,random,normal_drift,0.9999999988268302,0.45041899636803867,0,,1,1,drift_not_confirmed;reference_updated,source_publish_interval,voltage_rolling_mean=231.644142;source_publish_interval=0.794547,source_publish_interval,1.8861668650060892,21.81158307939768,23.742042016237974
2026-08-10T16:54:41.041877+00:00,communication_drift_01,meter_02,254,none,publish_interval,random,random,random,normal_drift,0.9999999956790147,0.45971697528276567,0,,1,1,drift_not_confirmed;reference_updated,source_publish_interval,voltage_rolling_mean=231.450462;source_publish_interval=0.794547,source_publish_interval,0.8474171627312899,11.933833127841353,12.808874947950244
2026-08-10T16:54:41.054828+00:00,communication_drift_01,meter_03,254,none,publish_interval,random,random,random,normal_drift,0.9999999627172568,0.4940935244493886,0,,1,1,drift_not_confirmed;reference_updated,source_publish_interval,voltage_rolling_mean=230.658893;source_publish_interval=0.794546,source_publish_interval,0.5598340649157763,9.780124993994832,10.36170800216496
2026-08-10T16:54:41.818424+00:00,communication_drift_01,meter_01,255,none,publish_interval,random,random,random,normal_drift,0.999999997477786,0.4515425818784636,0,,1,0,collecting_candidates;drift_not_confirmed,source_publish_interval,voltage_rolling_mean=231.644142;source_publish_interval=0.794547,source_publish_interval,1.9586249254643917,21.709042135626078,23.703208891674876
2026-08-10T16:54:41.842427+00:00,communication_drift_01,meter_02,255,none,publish_interval,random,random,random,normal_drift,0.9999999930250614,0.4748879035140135,0,,1,0,collecting_candidates;drift_not_confirmed,source_publish_interval,voltage_rolling_mean=231.450462;source_publish_interval=0.794547,source_publish_interval,0.8120408747345209,11.915083974599838,12.75195786729455
2026-08-10T16:54:41.855293+00:00,communication_drift_01,meter_03,255,none,publish_interval,random,random,random,normal_drift,0.9999999881980447,0.4931260292950593,0,,1,0,collecting_candidates;drift_not_confirmed,source_publish_interval,voltage_rolling_mean=230.658893;source_publish_interval=0.794546,source_publish_interval,0.5871250759810209,9.470541961491108,10.07787510752678
2026-08-10T16:54:42.622875+00:00,communication_drift_01,meter_01,256,none,publish_interval,random,random,random,normal_drift,0.999999998182989,0.4835495619220724,0,,1,0,collecting_candidates;drift_not_confirmed,source_publish_interval,voltage_rolling_mean=231.644142;source_publish_interval=0.794547,source_publish_interval,3.314125118777156,17.98875001259148,21.33479085750878
2026-08-10T16:54:42.644584+00:00,communication_drift_01,meter_02,256,none,publish_interval,random,random,random,normal_drift,0.9999999938709774,0.452836774137934,0,,1,0,collecting_candidates;drift_not_confirmed,source_publish_interval,voltage_rolling_mean=231.450462;source_publish_interval=0.794547,source_publish_interval,0.6892920937389135,11.343792080879211,12.05324986949563
2026-08-10T16:54:42.656732+00:00,communication_drift_01,meter_03,256,none,publish_interval,random,random,random,normal_drift,0.999999993629944,0.45731255577092567,0,,1,0,collecting_candidates;drift_not_confirmed,source_publish_interval,voltage_rolling_mean=230.658893;source_publish_interval=0.794546,source_publish_interval,0.51716691814363,9.328250074759126,9.86345880664885
2026-08-10T16:54:43.424447+00:00,communication_drift_01,meter_01,257,none,publish_interval,random,random,random,normal_drift,0.9999998293647809,0.6119842998348249,0,,1,0,collecting_candidates;drift_not_confirmed,source_publish_interval,voltage_rolling_mean=231.644142;source_publish_interval=0.794547,source_publish_interval,2.4377908557653427,21.12537482753396,23.604874964803457
2026-08-10T16:54:43.448446+00:00,communication_drift_01,meter_02,257,none,publish_interval,random,random,random,normal_drift,0.9999999919016566,0.475863895776927,0,,1,0,collecting_candidates;drift_not_confirmed,source_publish_interval,voltage_rolling_mean=231.450462;source_publish_interval=0.794547,source_publish_interval,0.7052500732243061,12.09170906804502,12.822209158912301
2026-08-10T16:54:43.461386+00:00,communication_drift_01,meter_03,257,none,publish_interval,random,random,random,normal_drift,0.9999999908565876,0.4520934466180048,0,,1,0,collecting_candidates;drift_not_confirmed,source_publish_interval,voltage_rolling_mean=230.658893;source_publish_interval=0.794546,source_publish_interval,0.5574999377131462,9.54074994660914,10.118375066667795
2026-08-10T16:54:44.229124+00:00,communication_drift_01,meter_01,258,none,publish_interval,random,random,random,normal_drift,0.9999999961786434,0.5489990006595564,0,,1,0,collecting_candidates;drift_not_confirmed,source_publish_interval,voltage_rolling_mean=231.644142;source_publish_interval=0.794547,source_publish_interval,2.463832963258028,19.36083403415978,21.8554160092026
2026-08-10T16:54:44.251345+00:00,communication_drift_01,meter_02,258,none,publish_interval,random,random,random,normal_drift,0.9999999944495743,0.5692945704118426,0,,1,0,collecting_candidates;drift_not_confirmed,source_publish_interval,voltage_rolling_mean=231.450462;source_publish_interval=0.794547,source_publish_interval,0.6689999718219042,11.546999914571643,12.240916956216097
2026-08-10T16:54:44.263693+00:00,communication_drift_01,meter_03,258,none,publish_interval,random,random,random,normal_drift,0.9999999731625786,0.529651451945239,0,,1,0,collecting_candidates;drift_not_confirmed,source_publish_interval,voltage_rolling_mean=230.658893;source_publish_interval=0.794546,source_publish_interval,0.6066660862416029,9.650917025282979,10.27800003066659
2026-08-10T16:54:45.034146+00:00,communication_drift_01,meter_01,259,none,publish_interval,random,random,random,normal_drift,0.9999999975752449,0.46105749358637854,0,,1,0,collecting_candidates;drift_not_confirmed,source_publish_interval,voltage_rolling_mean=231.644142;source_publish_interval=0.794547,source_publish_interval,2.27179192006588,18.479458056390285,20.79454204067588
2026-08-10T16:54:45.055342+00:00,communication_drift_01,meter_02,259,none,publish_interval,random,random,random,normal_drift,0.9999999435039196,0.4789161234676428,0,,1,0,collecting_candidates;drift_not_confirmed,source_publish_interval,voltage_rolling_mean=231.450462;source_publish_interval=0.794547,source_publish_interval,0.6689170841127634,11.540791019797325,12.23054202273488
2026-08-10T16:54:45.067666+00:00,communication_drift_01,meter_03,259,none,publish_interval,random,random,random,normal_drift,0.9999999902750948,0.49709508099676597,0,,1,0,collecting_candidates;drift_not_confirmed,source_publish_interval,voltage_rolling_mean=230.658893;source_publish_interval=0.794546,source_publish_interval,0.5155419930815697,9.463999886065722,9.999416070058942
2026-08-10T16:54:45.838752+00:00,communication_drift_01,meter_01,260,none,publish_interval,random,random,random,normal_drift,0.999999995115251,0.44760237296703154,0,,1,0,collecting_candidates;drift_not_confirmed,source_publish_interval,voltage_rolling_mean=231.644142;source_publish_interval=0.794547,source_publish_interval,3.320333082228899,20.18474997021258,23.547499906271696
2026-08-10T16:54:45.862677+00:00,communication_drift_01,meter_02,260,none,publish_interval,random,random,random,normal_drift,0.9999999988812109,0.45587250299679455,0,,1,0,collecting_candidates;drift_not_confirmed,source_publish_interval,voltage_rolling_mean=231.450462;source_publish_interval=0.794547,source_publish_interval,0.6869591306895018,11.405415832996368,12.11429201066494
2026-08-10T16:54:45.874907+00:00,communication_drift_01,meter_03,260,none,publish_interval,random,random,random,normal_drift,0.9999999958739683,0.44798772806817355,0,,1,0,collecting_candidates;drift_not_confirmed,source_publish_interval,voltage_rolling_mean=230.658893;source_publish_interval=0.794546,source_publish_interval,0.5246251821517944,9.463625028729439,10.008666897192597
2026-08-10T16:54:46.640050+00:00,communication_drift_01,meter_01,261,none,publish_interval,random,random,random,normal_drift,0.9999999968096083,0.4579538280961172,0,,1,0,collecting_candidates;drift_not_confirmed,source_publish_interval,voltage_rolling_mean=231.644142;source_publish_interval=0.794547,source_publish_interval,1.9960000645369291,20.851208129897714,22.896082838997245
2026-08-10T16:54:46.663313+00:00,communication_drift_01,meter_02,261,none,publish_interval,random,random,random,normal_drift,0.9999999735820038,0.466663314083298,0,,1,0,collecting_candidates;drift_not_confirmed,source_publish_interval,voltage_rolling_mean=231.450462;source_publish_interval=0.794547,source_publish_interval,0.7480410858988762,11.923499871045351,12.693540891632438
2026-08-10T16:54:46.676114+00:00,communication_drift_01,meter_03,261,none,publish_interval,random,random,random,normal_drift,0.9999999949994098,0.47258397018443693,0,,1,0,collecting_candidates;drift_not_confirmed,source_publish_interval,voltage_rolling_mean=230.658893;source_publish_interval=0.794546,source_publish_interval,0.5341670475900173,9.462499991059303,10.01608301885426
2026-08-10T16:54:47.445520+00:00,communication_drift_01,meter_01,262,none,publish_interval,random,random,random,normal_drift,0.9999999966955264,0.43891939385160195,0,,1,0,collecting_candidates;drift_not_confirmed,source_publish_interval,voltage_rolling_mean=231.644142;source_publish_interval=0.794547,source_publish_interval,2.399916062131524,21.331708878278732,23.771208012476563
2026-08-10T16:54:47.469703+00:00,communication_drift_01,meter_02,262,none,publish_interval,random,random,random,normal_drift,0.9999999580098802,0.5108298292496646,0,,1,0,collecting_candidates;drift_not_confirmed,source_publish_interval,voltage_rolling_mean=231.450462;source_publish_interval=0.794547,source_publish_interval,0.8074999786913395,11.963625205680728,12.794374953955412
2026-08-10T16:54:47.482617+00:00,communication_drift_01,meter_03,262,none,publish_interval,random,random,random,normal_drift,0.9999999940097375,0.4853603677110926,0,,1,0,collecting_candidates;drift_not_confirmed,source_publish_interval,voltage_rolling_mean=230.658893;source_publish_interval=0.794546,source_publish_interval,0.5158751737326384,9.493458084762096,10.029083117842674
2026-08-10T16:54:48.250501+00:00,communication_drift_01,meter_01,263,none,publish_interval,random,random,random,normal_drift,0.9999999953471306,0.5216013672908738,0,,1,0,collecting_candidates;drift_not_confirmed,source_publish_interval,voltage_rolling_mean=231.644142;source_publish_interval=0.794547,source_publish_interval,2.988457912579179,22.713332902640104,25.747417006641626
2026-08-10T16:54:48.276710+00:00,communication_drift_01,meter_02,263,none,publish_interval,random,random,random,normal_drift,0.9999999900401478,0.4681171308715261,0,,1,0,collecting_candidates;drift_not_confirmed,source_publish_interval,voltage_rolling_mean=231.450462;source_publish_interval=0.794547,source_publish_interval,0.8777088951319456,12.3133750166744,13.21754208765924
2026-08-10T16:54:48.290067+00:00,communication_drift_01,meter_03,263,none,publish_interval,random,random,random,normal_drift,0.9999999976435032,0.45137854962054846,0,,1,0,collecting_candidates;drift_not_confirmed,source_publish_interval,voltage_rolling_mean=230.658893;source_publish_interval=0.794546,source_publish_interval,0.5950001068413258,9.632290806621313,10.247041936963797
2026-08-10T16:54:49.054829+00:00,communication_drift_01,meter_01,264,none,publish_interval,random,random,random,normal_drift,0.9999999949439382,0.4425184233302296,0,,1,0,collecting_candidates;drift_not_confirmed,source_publish_interval,voltage_rolling_mean=231.644142;source_publish_interval=0.794547,source_publish_interval,2.51225009560585,17.656916985288262,20.22637496702373
2026-08-10T16:54:49.075448+00:00,communication_drift_01,meter_02,264,none,publish_interval,random,random,random,normal_drift,0.9999999533586856,0.48242139198077044,0,,1,0,collecting_candidates;drift_not_confirmed,source_publish_interval,voltage_rolling_mean=231.450462;source_publish_interval=0.794547,source_publish_interval,0.7564160041511059,11.217167135328054,11.998375179246068
2026-08-10T16:54:49.087564+00:00,communication_drift_01,meter_03,264,none,publish_interval,random,random,random,normal_drift,0.9999999956737184,0.4744905541308213,0,,1,0,collecting_candidates;drift_not_confirmed,source_publish_interval,voltage_rolling_mean=230.658893;source_publish_interval=0.794546,source_publish_interval,0.5255830474197865,9.332458954304457,9.879916906356812
2026-08-10T16:54:49.859974+00:00,communication_drift_01,meter_01,265,none,publish_interval,random,random,random,normal_drift,0.9999999943975504,0.4702343923382228,0,,1,0,collecting_candidates;drift_not_confirmed,source_publish_interval,voltage_rolling_mean=231.644142;source_publish_interval=0.794547,source_publish_interval,2.4484170135110617,19.33008385822177,21.81337494403124
2026-08-10T16:54:49.882185+00:00,communication_drift_01,meter_02,265,none,publish_interval,random,random,random,normal_drift,0.9999999475827687,0.4761933575338846,0,,1,0,collecting_candidates;drift_not_confirmed,source_publish_interval,voltage_rolling_mean=231.450462;source_publish_interval=0.794547,source_publish_interval,0.708417035639286,11.504792142659426,12.234791880473495
2026-08-10T16:54:49.894526+00:00,communication_drift_01,meter_03,265,none,publish_interval,random,random,random,normal_drift,0.9999999946022538,0.47994613344222026,0,,1,0,collecting_candidates;drift_not_confirmed,source_publish_interval,voltage_rolling_mean=230.658893;source_publish_interval=0.794546,source_publish_interval,0.5223329644650221,9.414207888767123,9.95591701939702
2026-08-10T16:54:50.659481+00:00,communication_drift_01,meter_01,266,none,publish_interval,random,random,random,normal_drift,0.9999999823457256,0.4701549562662001,0,,1,0,collecting_candidates;drift_not_confirmed,source_publish_interval,voltage_rolling_mean=231.644142;source_publish_interval=0.794547,source_publish_interval,1.3507921248674393,22.692166035994887,24.082417134195566
2026-08-10T16:54:50.683883+00:00,communication_drift_01,meter_02,266,none,publish_interval,random,random,random,normal_drift,0.9999999519746646,0.5174843404523487,0,,1,0,collecting_candidates;drift_not_confirmed,source_publish_interval,voltage_rolling_mean=231.450462;source_publish_interval=0.794547,source_publish_interval,0.8659998420625925,12.208292027935386,13.099540956318378
2026-08-10T16:54:50.697110+00:00,communication_drift_01,meter_03,266,none,publish_interval,random,random,random,normal_drift,0.999999992378439,0.44732625659533914,0,,1,0,collecting_candidates;drift_not_confirmed,source_publish_interval,voltage_rolling_mean=230.658893;source_publish_interval=0.794546,source_publish_interval,0.5714998114854097,9.700790978968143,10.292791994288564
2026-08-10T16:54:51.465207+00:00,communication_drift_01,meter_01,267,none,publish_interval,random,random,random,normal_drift,0.9999999816197299,0.44870716353659656,0,,1,0,collecting_candidates;drift_not_confirmed,source_publish_interval,voltage_rolling_mean=231.644142;source_publish_interval=0.794547,source_publish_interval,1.9950829446315765,22.098165936768055,24.13337491452694
2026-08-10T16:54:51.489755+00:00,communication_drift_01,meter_02,267,none,publish_interval,random,random,random,normal_drift,0.9999999940521751,0.45986856604086274,0,,1,0,collecting_candidates;drift_not_confirmed,source_publish_interval,voltage_rolling_mean=231.450462;source_publish_interval=0.794547,source_publish_interval,0.858750194311142,12.415083823725581,13.301457976922393
2026-08-10T16:54:51.503182+00:00,communication_drift_01,meter_03,267,none,publish_interval,random,random,random,normal_drift,0.9999999917746772,0.4483540381046735,0,,1,0,collecting_candidates;drift_not_confirmed,source_publish_interval,voltage_rolling_mean=230.658893;source_publish_interval=0.794546,source_publish_interval,0.5339160561561584,9.567583911120892,10.123124811798334
2026-08-10T16:54:52.270411+00:00,communication_drift_01,meter_01,268,none,publish_interval,random,random,random,normal_drift,0.9999999902600832,0.4474360434835438,0,,1,0,collecting_candidates;drift_not_confirmed,source_publish_interval,voltage_rolling_mean=231.644142;source_publish_interval=0.794547,source_publish_interval,2.2793749812990427,21.07012504711747,23.38708401657641
2026-08-10T16:54:52.294262+00:00,communication_drift_01,meter_02,268,none,publish_interval,random,random,random,normal_drift,0.9999999908058687,0.45073604077419954,0,,1,0,collecting_candidates;drift_not_confirmed,source_publish_interval,voltage_rolling_mean=231.450462;source_publish_interval=0.794547,source_publish_interval,0.7348328363150358,11.922209057956934,12.681290972977877
2026-08-10T16:54:52.307043+00:00,communication_drift_01,meter_03,268,none,publish_interval,random,random,random,normal_drift,0.9999999859047417,0.48014667384756893,0,,1,0,collecting_candidates;drift_not_confirmed,source_publish_interval,voltage_rolling_mean=230.658893;source_publish_interval=0.794546,source_publish_interval,0.5433750338852406,9.636875009164214,10.201958008110523
2026-08-10T16:54:53.075180+00:00,communication_drift_01,meter_01,269,none,publish_interval,random,random,random,normal_drift,0.9999999963485611,0.590760848957523,0,,1,0,collecting_candidates;drift_not_confirmed,source_publish_interval,voltage_rolling_mean=231.644142;source_publish_interval=0.794547,source_publish_interval,2.059167018160224,22.361540934070945,24.45999998599291
2026-08-10T16:54:53.100026+00:00,communication_drift_01,meter_02,269,none,publish_interval,random,random,random,normal_drift,0.9999999716775717,0.47953326378828764,0,,1,0,collecting_candidates;drift_not_confirmed,source_publish_interval,voltage_rolling_mean=231.450462;source_publish_interval=0.794547,source_publish_interval,0.8849578443914652,12.109542032703757,13.018541038036346
2026-08-10T16:54:53.113165+00:00,communication_drift_01,meter_03,269,none,publish_interval,random,random,random,normal_drift,0.9999999923797095,0.46670036846239044,0,,1,0,collecting_candidates;drift_not_confirmed,source_publish_interval,voltage_rolling_mean=230.658893;source_publish_interval=0.794546,source_publish_interval,0.5600419826805592,9.584540966898203,10.164292063564062
2026-08-10T16:54:53.880540+00:00,communication_drift_01,meter_01,270,none,publish_interval,random,random,random,normal_drift,0.9999999486869802,0.5543438829286654,0,,1,0,collecting_candidates;drift_not_confirmed,source_publish_interval,voltage_rolling_mean=231.644142;source_publish_interval=0.794547,source_publish_interval,2.1881251595914364,21.572750061750412,23.803082993254066
2026-08-10T16:54:53.904759+00:00,communication_drift_01,meter_02,270,none,publish_interval,random,random,random,normal_drift,0.9999999923046782,0.46285026082558256,0,,1,0,collecting_candidates;drift_not_confirmed,source_publish_interval,voltage_rolling_mean=231.450462;source_publish_interval=0.794547,source_publish_interval,0.827958807349205,11.892166920006275,12.745999963954091
2026-08-10T16:54:53.917637+00:00,communication_drift_01,meter_03,270,none,publish_interval,random,random,random,normal_drift,0.9999999875932827,0.4641197852762633,0,,1,0,collecting_candidates;drift_not_confirmed,source_publish_interval,voltage_rolling_mean=230.658893;source_publish_interval=0.794546,source_publish_interval,0.5945421289652586,9.721166919916868,10.336499894037843
2026-08-10T16:54:54.685590+00:00,communication_drift_01,meter_01,271,none,publish_interval,random,random,random,normal_drift,0.9999999938653656,0.44301116851287553,0,,1,0,collecting_candidates;drift_not_confirmed,source_publish_interval,voltage_rolling_mean=231.644142;source_publish_interval=0.794547,source_publish_interval,2.0472921896725893,22.352541098371148,24.43741704337299
2026-08-10T16:54:54.710414+00:00,communication_drift_01,meter_02,271,none,publish_interval,random,random,random,normal_drift,0.9999999762347972,0.4747289390165675,0,,1,0,collecting_candidates;drift_not_confirmed,source_publish_interval,voltage_rolling_mean=231.450462;source_publish_interval=0.794547,source_publish_interval,0.8879168890416622,12.003291863948107,12.914958875626326
2026-08-10T16:54:54.723441+00:00,communication_drift_01,meter_03,271,none,publish_interval,random,random,random,normal_drift,0.9999999889991854,0.4608440386755352,0,,1,0,collecting_candidates;drift_not_confirmed,source_publish_interval,voltage_rolling_mean=230.658893;source_publish_interval=0.794546,source_publish_interval,0.5839590448886156,9.604790946468711,10.208041872829199
2026-08-10T16:54:55.489061+00:00,communication_drift_01,meter_01,272,none,publish_interval,random,random,random,normal_drift,0.9999999634377903,0.4667679280038713,0,,1,0,collecting_candidates;drift_not_confirmed,source_publish_interval,voltage_rolling_mean=231.644142;source_publish_interval=0.794547,source_publish_interval,1.9317499827593565,22.19995902851224,24.167750030755997
2026-08-10T16:54:55.513563+00:00,communication_drift_01,meter_02,272,none,publish_interval,random,random,random,normal_drift,0.9999999783514042,0.4595223054680111,0,,1,0,collecting_candidates;drift_not_confirmed,source_publish_interval,voltage_rolling_mean=231.450462;source_publish_interval=0.794547,source_publish_interval,0.8821249939501286,12.005334021523595,12.913207989186049
2026-08-10T16:54:55.526600+00:00,communication_drift_01,meter_03,272,none,publish_interval,random,random,random,normal_drift,0.9999999974862561,0.4488938087815954,0,,1,0,collecting_candidates;drift_not_confirmed,source_publish_interval,voltage_rolling_mean=230.658893;source_publish_interval=0.794546,source_publish_interval,0.5475420039147139,9.522582869976759,10.091000003740191
2026-08-10T16:54:56.292581+00:00,communication_drift_01,meter_01,273,none,publish_interval,random,random,random,normal_drift,0.9999999904194309,0.4406329411929438,0,,1,0,collecting_candidates;drift_not_confirmed,source_publish_interval,voltage_rolling_mean=231.644142;source_publish_interval=0.794547,source_publish_interval,2.301374915987253,22.626582998782396,24.97129188850522
2026-08-10T16:54:56.317990+00:00,communication_drift_01,meter_02,273,none,publish_interval,random,random,random,normal_drift,0.9999999932702568,0.5172885218979286,0,,1,0,collecting_candidates;drift_not_confirmed,source_publish_interval,voltage_rolling_mean=231.450462;source_publish_interval=0.794547,source_publish_interval,0.914083095267415,12.1396251488477,13.07954196818173
2026-08-10T16:54:56.331214+00:00,communication_drift_01,meter_03,273,none,publish_interval,random,random,random,normal_drift,0.9999999970400217,0.5655475158117041,0,,1,0,collecting_candidates;drift_not_confirmed,source_publish_interval,voltage_rolling_mean=230.658893;source_publish_interval=0.794546,source_publish_interval,0.5574158858507872,9.519249899312854,10.095709003508091
2026-08-10T16:54:57.097877+00:00,communication_drift_01,meter_01,274,none,publish_interval,random,random,random,normal_drift,0.9999999948592115,0.4829675781818503,0,,1,1,drift_not_confirmed;reference_updated,source_publish_interval,voltage_rolling_mean=231.644142;source_publish_interval=0.799263,source_publish_interval,1.9433330744504929,22.172125056385994,24.16187501512468
2026-08-10T16:54:57.122370+00:00,communication_drift_01,meter_02,274,none,publish_interval,random,random,random,normal_drift,0.9999999941872741,0.4557234967553765,0,,1,1,drift_not_confirmed;reference_updated,source_publish_interval,voltage_rolling_mean=231.450462;source_publish_interval=0.799264,source_publish_interval,0.8600419387221336,12.069874908775091,12.957791797816753
2026-08-10T16:54:57.135453+00:00,communication_drift_01,meter_03,274,none,publish_interval,random,random,random,normal_drift,0.9999999983450356,0.45163971704897715,0,,1,1,drift_not_confirmed;reference_updated,source_publish_interval,voltage_rolling_mean=230.658893;source_publish_interval=0.799266,source_publish_interval,0.5442500114440918,9.759542066603899,10.32933290116489
2026-08-10T16:54:57.902802+00:00,communication_drift_01,meter_01,275,none,publish_interval,random,random,random,normal_drift,0.9999999939102389,0.4651562491792498,0,,1,0,collecting_candidates;drift_not_confirmed,source_publish_interval,voltage_rolling_mean=231.644142;source_publish_interval=0.799263,source_publish_interval,2.04016687348485,21.940958919003606,24.022000143304467
2026-08-10T16:54:57.927162+00:00,communication_drift_01,meter_02,275,none,publish_interval,random,random,random,normal_drift,0.9999999912883945,0.5038007702176482,0,,1,0,collecting_candidates;drift_not_confirmed,source_publish_interval,voltage_rolling_mean=231.450462;source_publish_interval=0.799264,source_publish_interval,0.8650410454720259,11.937374947592616,12.827582890167832
2026-08-10T16:54:57.940122+00:00,communication_drift_01,meter_03,275,none,publish_interval,random,random,random,normal_drift,0.9999999940712698,0.46505202604752754,0,,1,0,collecting_candidates;drift_not_confirmed,source_publish_interval,voltage_rolling_mean=230.658893;source_publish_interval=0.799266,source_publish_interval,0.5563749000430107,9.598291013389826,10.174666065722704
2026-08-10T16:54:58.707702+00:00,communication_drift_01,meter_01,276,none,publish_interval,random,random,random,normal_drift,0.999999958890054,0.4879392156059573,0,,1,0,collecting_candidates;drift_not_confirmed,source_publish_interval,voltage_rolling_mean=231.644142;source_publish_interval=0.799263,source_publish_interval,1.3065829407423735,22.92979182675481,24.277999997138977
2026-08-10T16:54:58.732273+00:00,communication_drift_01,meter_02,276,none,publish_interval,random,random,random,normal_drift,0.9999999183291508,0.6079319295591367,0,,1,0,collecting_candidates;drift_not_confirmed,source_publish_interval,voltage_rolling_mean=231.450462;source_publish_interval=0.799264,source_publish_interval,0.8752918802201748,12.400540988892317,13.300959020853043
2026-08-10T16:54:58.745692+00:00,communication_drift_01,meter_03,276,none,publish_interval,random,random,random,normal_drift,0.9999999966995408,0.4669263336513777,0,,1,0,collecting_candidates;drift_not_confirmed,source_publish_interval,voltage_rolling_mean=230.658893;source_publish_interval=0.799266,source_publish_interval,0.60224998742342,9.812749922275543,10.434458032250404
2026-08-10T16:54:59.510049+00:00,communication_drift_01,meter_01,277,none,publish_interval,random,random,random,normal_drift,0.9999999496647364,0.48175242786672307,0,,1,0,collecting_candidates;drift_not_confirmed,source_publish_interval,voltage_rolling_mean=231.644142;source_publish_interval=0.799263,source_publish_interval,1.9197920337319374,22.10329193621874,24.06783401966095
2026-08-10T16:54:59.534495+00:00,communication_drift_01,meter_02,277,none,publish_interval,random,random,random,normal_drift,0.9999999923629906,0.44744429974039196,0,,1,0,collecting_candidates;drift_not_confirmed,source_publish_interval,voltage_rolling_mean=231.450462;source_publish_interval=0.799264,source_publish_interval,0.8641660679131746,12.122292071580887,13.010499998927116
2026-08-10T16:54:59.547615+00:00,communication_drift_01,meter_03,277,none,publish_interval,random,random,random,normal_drift,0.9999999902793794,0.44756294610899705,0,,1,0,collecting_candidates;drift_not_confirmed,source_publish_interval,voltage_rolling_mean=230.658893;source_publish_interval=0.799266,source_publish_interval,0.5392080638557673,9.496415965259075,10.05470915697515
2026-08-10T16:55:00.315624+00:00,communication_drift_01,meter_01,278,none,publish_interval,random,random,random,normal_drift,0.9999999868903975,0.44575911608389446,0,,1,0,collecting_candidates;drift_not_confirmed,source_publish_interval,voltage_rolling_mean=231.644142;source_publish_interval=0.799263,source_publish_interval,2.518082968890667,22.148541873320937,24.706667056307197
2026-08-10T16:55:00.340747+00:00,communication_drift_01,meter_02,278,none,publish_interval,random,random,random,normal_drift,0.9999999496678632,0.5089774559322752,0,,1,0,collecting_candidates;drift_not_confirmed,source_publish_interval,voltage_rolling_mean=231.450462;source_publish_interval=0.799264,source_publish_interval,0.7747088093310595,12.002708157524467,12.802500044927001
2026-08-10T16:55:00.353675+00:00,communication_drift_01,meter_03,278,none,publish_interval,random,random,random,normal_drift,0.9999998540210957,0.5241235071822339,0,,1,0,collecting_candidates;drift_not_confirmed,source_publish_interval,voltage_rolling_mean=230.658893;source_publish_interval=0.799266,source_publish_interval,0.6009589415043592,9.777541039511561,10.398583021014929
2026-08-10T16:55:01.120320+00:00,communication_drift_01,meter_01,279,none,publish_interval,random,random,random,normal_drift,0.999999980070611,0.4435570766217253,0,,1,0,collecting_candidates;drift_not_confirmed,source_publish_interval,voltage_rolling_mean=231.644142;source_publish_interval=0.799263,source_publish_interval,1.9419160671532154,21.947915898635983,23.928415961563587
2026-08-10T16:55:01.144614+00:00,communication_drift_01,meter_02,279,none,publish_interval,random,random,random,normal_drift,0.9999999713946638,0.48868234346793366,0,,1,0,collecting_candidates;drift_not_confirmed,source_publish_interval,voltage_rolling_mean=231.450462;source_publish_interval=0.799264,source_publish_interval,0.8533750660717487,12.21666601486504,13.093458022922277
2026-08-10T16:55:01.157818+00:00,communication_drift_01,meter_03,279,none,publish_interval,random,random,random,normal_drift,0.9999999984412149,0.4982603444237793,0,,1,0,collecting_candidates;drift_not_confirmed,source_publish_interval,voltage_rolling_mean=230.658893;source_publish_interval=0.799266,source_publish_interval,0.5568331107497215,9.484957903623581,10.061666835099459
2026-08-10T16:55:01.925587+00:00,communication_drift_01,meter_01,280,none,publish_interval,random,random,random,normal_drift,0.9999999797783201,0.4928069165796407,0,,1,0,collecting_candidates;drift_not_confirmed,source_publish_interval,voltage_rolling_mean=231.644142;source_publish_interval=0.799263,source_publish_interval,1.955999992787838,22.02037489041686,24.016625015065074
2026-08-10T16:55:01.949951+00:00,communication_drift_01,meter_02,280,none,publish_interval,random,random,random,normal_drift,0.9999999834841826,0.5040452409166565,0,,1,0,collecting_candidates;drift_not_confirmed,source_publish_interval,voltage_rolling_mean=231.450462;source_publish_interval=0.799264,source_publish_interval,0.891542062163353,12.099625077098608,13.015249976888299
2026-08-10T16:55:01.963102+00:00,communication_drift_01,meter_03,280,none,publish_interval,random,random,random,normal_drift,0.9999999954066754,0.542831540272595,0,,1,0,collecting_candidates;drift_not_confirmed,source_publish_interval,voltage_rolling_mean=230.658893;source_publish_interval=0.799266,source_publish_interval,0.5610829684883356,9.546332992613316,10.127291083335876
2026-08-10T16:55:02.730583+00:00,communication_drift_01,meter_01,281,none,publish_interval,random,random,random,normal_drift,0.9999999935428747,0.4743964568106266,0,,1,0,collecting_candidates;drift_not_confirmed,source_publish_interval,voltage_rolling_mean=231.644142;source_publish_interval=0.799263,source_publish_interval,2.371540991589427,19.261500099673867,21.66995801962912
2026-08-10T16:55:02.752657+00:00,communication_drift_01,meter_02,281,none,publish_interval,random,random,random,normal_drift,0.9999999919132562,0.4628904000929249,0,,1,0,collecting_candidates;drift_not_confirmed,source_publish_interval,voltage_rolling_mean=231.450462;source_publish_interval=0.799264,source_publish_interval,0.7867501117289066,11.61766704171896,12.43045786395669
2026-08-10T16:55:02.765215+00:00,communication_drift_01,meter_03,281,none,publish_interval,random,random,random,normal_drift,0.9999999974645226,0.4574383079175246,0,,1,0,collecting_candidates;drift_not_confirmed,source_publish_interval,voltage_rolling_mean=230.658893;source_publish_interval=0.799266,source_publish_interval,0.5578750278800726,9.401125134900212,9.979915805161
2026-08-10T16:55:03.535096+00:00,communication_drift_01,meter_01,282,none,publish_interval,random,random,random,normal_drift,0.9999999871440256,0.46935684344722794,0,,1,0,collecting_candidates;drift_not_confirmed,source_publish_interval,voltage_rolling_mean=231.644142;source_publish_interval=0.799263,source_publish_interval,2.2974160965532064,18.8444999512285,21.17620804347098
2026-08-10T16:55:03.556645+00:00,communication_drift_01,meter_02,282,none,publish_interval,random,random,random,normal_drift,0.9999999890489891,0.4901992813351371,0,,1,0,collecting_candidates;drift_not_confirmed,source_publish_interval,voltage_rolling_mean=231.450462;source_publish_interval=0.799264,source_publish_interval,0.7442079950124025,11.412499938160181,12.178957927972078
2026-08-10T16:55:03.568928+00:00,communication_drift_01,meter_03,282,none,publish_interval,random,random,random,normal_drift,0.9999999895584532,0.5533336999575754,0,,1,0,collecting_candidates;drift_not_confirmed,source_publish_interval,voltage_rolling_mean=230.658893;source_publish_interval=0.799266,source_publish_interval,0.5352080333977938,9.4305828679353,9.983958909288049
2026-08-10T16:55:04.340398+00:00,communication_drift_01,meter_01,283,none,publish_interval,random,random,random,normal_drift,0.9999999906207139,0.4537221889078978,0,,1,0,collecting_candidates;drift_not_confirmed,source_publish_interval,voltage_rolling_mean=231.644142;source_publish_interval=0.799263,source_publish_interval,1.9482499919831753,21.93804201669991,23.926291149109602
2026-08-10T16:55:04.364685+00:00,communication_drift_01,meter_02,283,none,publish_interval,random,random,random,normal_drift,0.9999999582098527,0.5699751934379972,0,,1,0,collecting_candidates;drift_not_confirmed,source_publish_interval,voltage_rolling_mean=231.450462;source_publish_interval=0.799264,source_publish_interval,0.8879171218723059,12.170334113761783,13.081166194751859
2026-08-10T16:55:04.377878+00:00,communication_drift_01,meter_03,283,none,publish_interval,random,random,random,normal_drift,0.9999999990030357,0.4501408565381469,0,,1,0,collecting_candidates;drift_not_confirmed,source_publish_interval,voltage_rolling_mean=230.658893;source_publish_interval=0.799266,source_publish_interval,0.5348750855773687,9.63270803913474,10.187374893575907
2026-08-10T16:55:05.139857+00:00,communication_drift_01,meter_01,284,none,publish_interval,random,random,random,normal_drift,0.9999999666441504,0.4635871498904281,0,,1,0,collecting_candidates;drift_not_confirmed,source_publish_interval,voltage_rolling_mean=231.644142;source_publish_interval=0.799263,source_publish_interval,1.58445886336267,22.5079997908324,24.136333027854562
2026-08-10T16:55:05.164308+00:00,communication_drift_01,meter_02,284,none,publish_interval,random,random,random,normal_drift,0.9999999673678217,0.46117586660438165,0,,1,0,collecting_candidates;drift_not_confirmed,source_publish_interval,voltage_rolling_mean=231.450462;source_publish_interval=0.799264,source_publish_interval,0.8634580299258232,12.626375071704388,13.513625133782625
2026-08-10T16:55:05.177935+00:00,communication_drift_01,meter_03,284,none,publish_interval,random,random,random,normal_drift,0.9999999944991316,0.4698364773114625,0,,1,0,collecting_candidates;drift_not_confirmed,source_publish_interval,voltage_rolling_mean=230.658893;source_publish_interval=0.799266,source_publish_interval,0.6023331079632044,9.767834097146988,10.390166891738772
2026-08-10T16:55:05.941903+00:00,communication_drift_01,meter_01,285,none,publish_interval,random,random,random,normal_drift,0.9999999674516113,0.4700983386281528,0,,1,0,collecting_candidates;drift_not_confirmed,source_publish_interval,voltage_rolling_mean=231.644142;source_publish_interval=0.799263,source_publish_interval,1.3137920759618282,21.32899989373982,22.69274997524917
2026-08-10T16:55:05.964889+00:00,communication_drift_01,meter_02,285,none,publish_interval,random,random,random,normal_drift,0.999999975274958,0.4662342797748076,0,,1,0,collecting_candidates;drift_not_confirmed,source_publish_interval,voltage_rolling_mean=231.450462;source_publish_interval=0.799264,source_publish_interval,0.8216670248657465,12.65612500719726,13.502166839316487
2026-08-10T16:55:05.978503+00:00,communication_drift_01,meter_03,285,none,publish_interval,random,random,random,normal_drift,0.999999997898481,0.46256609739605853,0,,1,0,collecting_candidates;drift_not_confirmed,source_publish_interval,voltage_rolling_mean=230.658893;source_publish_interval=0.799266,source_publish_interval,0.5882920231670141,9.816958103328943,10.423833038657904
2026-08-10T16:55:06.747668+00:00,communication_drift_01,meter_01,286,none,publish_interval,random,random,random,normal_drift,0.9999999500406753,0.5096731678142328,0,,1,0,collecting_candidates;drift_not_confirmed,source_publish_interval,voltage_rolling_mean=231.644142;source_publish_interval=0.799263,source_publish_interval,2.4501660373061895,19.813582999631763,22.304082987830043
2026-08-10T16:55:06.770365+00:00,communication_drift_01,meter_02,286,none,publish_interval,random,random,random,normal_drift,0.9999999900555788,0.44907856036351046,0,,1,0,collecting_candidates;drift_not_confirmed,source_publish_interval,voltage_rolling_mean=231.450462;source_publish_interval=0.799264,source_publish_interval,0.7211659103631973,11.913208058103919,12.655917089432478
2026-08-10T16:55:06.783122+00:00,communication_drift_01,meter_03,286,none,publish_interval,random,random,random,normal_drift,0.9999999915599728,0.45892723259425305,0,,1,0,collecting_candidates;drift_not_confirmed,source_publish_interval,voltage_rolling_mean=230.658893;source_publish_interval=0.799266,source_publish_interval,0.5333328153938055,9.501958033069968,10.056416969746351
2026-08-10T16:55:07.550431+00:00,communication_drift_01,meter_01,287,none,publish_interval,random,random,random,normal_drift,0.9999999761832762,0.4501886397354232,0,,1,0,collecting_candidates;drift_not_confirmed,source_publish_interval,voltage_rolling_mean=231.644142;source_publish_interval=0.799263,source_publish_interval,2.476166933774948,20.78999998047948,23.306500166654587
2026-08-10T16:55:07.574170+00:00,communication_drift_01,meter_02,287,none,publish_interval,random,random,random,normal_drift,0.9999997221133807,0.5842681869171148,0,,1,0,collecting_candidates;drift_not_confirmed,source_publish_interval,voltage_rolling_mean=231.450462;source_publish_interval=0.799264,source_publish_interval,0.7251249626278877,11.895874980837107,12.645208043977618
2026-08-10T16:55:07.586928+00:00,communication_drift_01,meter_03,287,none,publish_interval,random,random,random,normal_drift,0.9999999985613113,0.46934541928040224,0,,1,0,collecting_candidates;drift_not_confirmed,source_publish_interval,voltage_rolling_mean=230.658893;source_publish_interval=0.799266,source_publish_interval,0.5954999942332506,9.684083983302116,10.29920787550509
2026-08-10T16:55:08.355473+00:00,communication_drift_01,meter_01,288,none,publish_interval,random,random,random,normal_drift,0.9999999948082472,0.47274844763230384,0,,1,0,collecting_candidates;drift_not_confirmed,source_publish_interval,voltage_rolling_mean=231.644142;source_publish_interval=0.799263,source_publish_interval,1.9492919091135263,21.850667195394635,23.843459086492658
2026-08-10T16:55:08.379624+00:00,communication_drift_01,meter_02,288,none,publish_interval,random,random,random,normal_drift,0.9999999718366183,0.5025516690054801,0,,1,0,collecting_candidates;drift_not_confirmed,source_publish_interval,voltage_rolling_mean=231.450462;source_publish_interval=0.799264,source_publish_interval,0.8325411472469568,12.113833101466298,12.9700000397861
2026-08-10T16:55:08.392708+00:00,communication_drift_01,meter_03,288,none,publish_interval,random,random,random,normal_drift,0.9999999988358816,0.45515071413739927,0,,1,0,collecting_candidates;drift_not_confirmed,source_publish_interval,voltage_rolling_mean=230.658893;source_publish_interval=0.799266,source_publish_interval,0.5384590476751328,9.517875034362078,10.076125152409077
2026-08-10T16:55:09.160422+00:00,communication_drift_01,meter_01,289,none,publish_interval,random,random,random,normal_drift,0.9999999749860011,0.4534454595116681,0,,1,0,collecting_candidates;drift_not_confirmed,source_publish_interval,voltage_rolling_mean=231.644142;source_publish_interval=0.799263,source_publish_interval,2.006583148613572,21.922083105891943,23.972166934981942
2026-08-10T16:55:09.184707+00:00,communication_drift_01,meter_02,289,none,publish_interval,random,random,random,normal_drift,0.9999999949680696,0.4776160341088396,0,,1,0,collecting_candidates;drift_not_confirmed,source_publish_interval,voltage_rolling_mean=231.450462;source_publish_interval=0.799264,source_publish_interval,0.8304589428007603,12.440416030585766,13.296667020767927
2026-08-10T16:55:09.198120+00:00,communication_drift_01,meter_03,289,none,publish_interval,random,random,random,normal_drift,0.9999999922027688,0.5035887383433868,0,,1,0,collecting_candidates;drift_not_confirmed,source_publish_interval,voltage_rolling_mean=230.658893;source_publish_interval=0.799266,source_publish_interval,0.5393330939114094,9.590666042640805,10.151249822229147
2026-08-10T16:55:09.965583+00:00,communication_drift_01,meter_01,290,none,publish_interval,random,random,random,normal_drift,0.9999999768873985,0.4812807229418604,0,,1,0,collecting_candidates;drift_not_confirmed,source_publish_interval,voltage_rolling_mean=231.644142;source_publish_interval=0.799263,source_publish_interval,2.5140829384326935,15.246083028614521,17.788375029340386
2026-08-10T16:55:09.983729+00:00,communication_drift_01,meter_02,290,none,publish_interval,random,random,random,normal_drift,0.9999999755484507,0.510640744095815,0,,1,0,collecting_candidates;drift_not_confirmed,source_publish_interval,voltage_rolling_mean=231.450462;source_publish_interval=0.799264,source_publish_interval,0.6770419422537088,10.731457965448499,11.43037504516542
2026-08-10T16:55:09.995262+00:00,communication_drift_01,meter_03,290,none,publish_interval,random,random,random,normal_drift,0.9999999784136337,0.5252745609574525,0,,1,0,collecting_candidates;drift_not_confirmed,source_publish_interval,voltage_rolling_mean=230.658893;source_publish_interval=0.799266,source_publish_interval,0.5152919329702854,9.09112486988306,9.626832790672779
2026-08-10T16:55:10.769926+00:00,communication_drift_01,meter_01,291,none,publish_interval,random,random,random,normal_drift,0.9999999651620274,0.4570870187930829,0,,1,0,collecting_candidates;drift_not_confirmed,source_publish_interval,voltage_rolling_mean=231.644142;source_publish_interval=0.799263,source_publish_interval,1.3257910031825304,23.430166067555547,24.79358296841383
2026-08-10T16:55:10.795001+00:00,communication_drift_01,meter_02,291,none,publish_interval,random,random,random,normal_drift,0.9999999933242372,0.44287861905953085,0,,1,0,collecting_candidates;drift_not_confirmed,source_publish_interval,voltage_rolling_mean=231.450462;source_publish_interval=0.799264,source_publish_interval,0.8299171458929777,12.345416937023401,13.198541942983866
2026-08-10T16:55:10.808309+00:00,communication_drift_01,meter_03,291,none,publish_interval,random,random,random,normal_drift,0.9999999715081173,0.44415906906413416,0,,1,0,collecting_candidates;drift_not_confirmed,source_publish_interval,voltage_rolling_mean=230.658893;source_publish_interval=0.799266,source_publish_interval,0.5787499248981476,9.602083126083016,10.201000142842531
2026-08-10T16:55:11.571052+00:00,communication_drift_01,meter_01,292,none,publish_interval,random,random,random,normal_drift,0.9999999780727535,0.4540876082329873,0,,1,0,collecting_candidates;drift_not_confirmed,source_publish_interval,voltage_rolling_mean=231.644142;source_publish_interval=0.799263,source_publish_interval,1.9657919183373451,21.921374835073948,23.93054193817079
2026-08-10T16:55:11.595301+00:00,communication_drift_01,meter_02,292,none,publish_interval,random,random,random,normal_drift,0.9999999671601969,0.46704068383907055,0,,1,0,collecting_candidates;drift_not_confirmed,source_publish_interval,voltage_rolling_mean=231.450462;source_publish_interval=0.799264,source_publish_interval,0.8472921326756477,12.101999949663877,12.97358307056129
2026-08-10T16:55:11.608389+00:00,communication_drift_01,meter_03,292,none,publish_interval,random,random,random,normal_drift,0.9999999981203043,0.5107050847078465,0,,1,0,collecting_candidates;drift_not_confirmed,source_publish_interval,voltage_rolling_mean=230.658893;source_publish_interval=0.799266,source_publish_interval,0.5491250194609165,9.500457905232906,10.068916017189622
2026-08-10T16:55:12.376106+00:00,communication_drift_01,meter_01,293,none,publish_interval,random,random,random,normal_drift,0.9999999807006091,0.4509272002283331,0,,1,0,collecting_candidates;drift_not_confirmed,source_publish_interval,voltage_rolling_mean=231.644142;source_publish_interval=0.799263,source_publish_interval,2.3238330613821745,18.91912496648729,21.291250130161643
2026-08-10T16:55:12.397822+00:00,communication_drift_01,meter_02,293,none,publish_interval,random,random,random,normal_drift,0.9999999946144968,0.448236115738014,0,,1,0,collecting_candidates;drift_not_confirmed,source_publish_interval,voltage_rolling_mean=231.450462;source_publish_interval=0.799264,source_publish_interval,0.7411250844597816,11.72791700810194,12.495083967223763
2026-08-10T16:55:12.410438+00:00,communication_drift_01,meter_03,293,none,publish_interval,random,random,random,normal_drift,0.9999999913658429,0.4780812673927475,0,,1,0,collecting_candidates;drift_not_confirmed,source_publish_interval,voltage_rolling_mean=230.658893;source_publish_interval=0.799266,source_publish_interval,0.538041815161705,9.59479110315442,10.154375107958913
2026-08-10T16:55:13.180898+00:00,communication_drift_01,meter_01,294,none,publish_interval,random,random,random,normal_drift,0.9999999718819778,0.46980999821009667,0,,1,1,drift_not_confirmed;reference_updated,source_publish_interval,voltage_rolling_mean=231.644142;source_publish_interval=0.801729,source_publish_interval,2.0030830055475235,21.82008302770555,23.872208083048463
2026-08-10T16:55:13.205118+00:00,communication_drift_01,meter_02,294,none,publish_interval,random,random,random,normal_drift,0.9999999949320615,0.4610474612738975,0,,1,1,drift_not_confirmed;reference_updated,source_publish_interval,voltage_rolling_mean=231.450462;source_publish_interval=0.801724,source_publish_interval,0.8762499783188105,12.341666966676712,13.249624986201525
2026-08-10T16:55:13.218514+00:00,communication_drift_01,meter_03,294,none,publish_interval,random,random,random,normal_drift,0.9999999948435532,0.46334524687633893,0,,1,1,drift_not_confirmed;reference_updated,source_publish_interval,voltage_rolling_mean=230.658893;source_publish_interval=0.801720,source_publish_interval,0.5845418199896812,9.668832877650857,10.276749962940812
2026-08-10T16:55:13.985364+00:00,communication_drift_01,meter_01,295,none,publish_interval,random,random,random,normal_drift,0.9999997796310586,0.5080564287733232,0,,1,0,collecting_candidates;drift_not_confirmed,source_publish_interval,voltage_rolling_mean=231.644142;source_publish_interval=0.801729,source_publish_interval,3.0704159289598465,17.05566607415676,20.15983290039003
2026-08-10T16:55:14.005891+00:00,communication_drift_01,meter_02,295,none,publish_interval,random,random,random,normal_drift,0.9999999916155514,0.44833952305334446,0,,1,0,collecting_candidates;drift_not_confirmed,source_publish_interval,voltage_rolling_mean=231.450462;source_publish_interval=0.801724,source_publish_interval,0.7029999978840351,10.976457968354225,11.700917035341263
2026-08-10T16:55:14.017691+00:00,communication_drift_01,meter_03,295,none,publish_interval,random,random,random,normal_drift,0.9999999961119179,0.4619675461683004,0,,1,0,collecting_candidates;drift_not_confirmed,source_publish_interval,voltage_rolling_mean=230.658893;source_publish_interval=0.801720,source_publish_interval,0.5067498423159122,9.391000028699636,9.919249918311834
2026-08-10T16:55:14.790418+00:00,communication_drift_01,meter_01,296,none,publish_interval,random,random,random,normal_drift,0.9999999781986408,0.4562617356961118,0,,1,0,collecting_candidates;drift_not_confirmed,source_publish_interval,voltage_rolling_mean=231.644142;source_publish_interval=0.801729,source_publish_interval,2.7341251261532307,21.84608392417431,24.624499958008528
2026-08-10T16:55:14.815428+00:00,communication_drift_01,meter_02,296,none,publish_interval,random,random,random,normal_drift,0.9999999636566446,0.4843641517791946,0,,1,0,collecting_candidates;drift_not_confirmed,source_publish_interval,voltage_rolling_mean=231.450462;source_publish_interval=0.801724,source_publish_interval,0.840082997456193,12.117416830733418,12.981999898329377
2026-08-10T16:55:14.828526+00:00,communication_drift_01,meter_03,296,none,publish_interval,random,random,random,normal_drift,0.9999999974551705,0.4471695921895503,0,,1,0,collecting_candidates;drift_not_confirmed,source_publish_interval,voltage_rolling_mean=230.658893;source_publish_interval=0.801720,source_publish_interval,0.5779999773949385,9.980709059163928,10.580625152215362
2026-08-10T16:55:15.595700+00:00,communication_drift_01,meter_01,297,none,publish_interval,random,random,random,normal_drift,0.999999958628082,0.46625755764852317,0,,1,0,collecting_candidates;drift_not_confirmed,source_publish_interval,voltage_rolling_mean=231.644142;source_publish_interval=0.801729,source_publish_interval,3.393832826986909,19.565625116229057,22.995874984189868
2026-08-10T16:55:15.619080+00:00,communication_drift_01,meter_02,297,none,publish_interval,random,random,random,normal_drift,0.9999999884771761,0.4492383585879206,0,,1,0,collecting_candidates;drift_not_confirmed,source_publish_interval,voltage_rolling_mean=231.450462;source_publish_interval=0.801724,source_publish_interval,0.7110000587999821,11.583834188058972,12.320665875449777
2026-08-10T16:55:15.631518+00:00,communication_drift_01,meter_03,297,none,publish_interval,random,random,random,normal_drift,0.9999999942572153,0.43691181409923463,0,,1,0,collecting_candidates;drift_not_confirmed,source_publish_interval,voltage_rolling_mean=230.658893;source_publish_interval=0.801720,source_publish_interval,0.5257921293377876,9.520750027149916,10.06733300164342
2026-08-10T16:55:16.400772+00:00,communication_drift_01,meter_01,298,none,publish_interval,random,random,random,normal_drift,0.9999999752331343,0.49187981891981425,0,,1,0,collecting_candidates;drift_not_confirmed,source_publish_interval,voltage_rolling_mean=231.644142;source_publish_interval=0.801729,source_publish_interval,1.9692920614033937,22.08800008520484,24.0940828807652
2026-08-10T16:55:16.425195+00:00,communication_drift_01,meter_02,298,none,publish_interval,random,random,random,normal_drift,0.9999999927837067,0.459593857388217,0,,1,0,collecting_candidates;drift_not_confirmed,source_publish_interval,voltage_rolling_mean=231.450462;source_publish_interval=0.801724,source_publish_interval,0.8342498913407326,12.098124949261546,12.955541023984551
2026-08-10T16:55:16.438267+00:00,communication_drift_01,meter_03,298,none,publish_interval,random,random,random,normal_drift,0.9999999834751563,0.5486316451462089,0,,1,0,collecting_candidates;drift_not_confirmed,source_publish_interval,voltage_rolling_mean=230.658893;source_publish_interval=0.801720,source_publish_interval,0.5491659976541996,9.651208063587546,10.221125092357397
2026-08-10T16:55:17.205637+00:00,communication_drift_01,meter_01,299,none,publish_interval,random,random,random,normal_drift,0.9999999230508906,0.47849375865472643,0,,1,0,collecting_candidates;drift_not_confirmed,source_publish_interval,voltage_rolling_mean=231.644142;source_publish_interval=0.801729,source_publish_interval,3.330791834741831,22.311083041131496,25.69124987348914
2026-08-10T16:55:17.231729+00:00,communication_drift_01,meter_02,299,none,publish_interval,random,random,random,normal_drift,0.9999999946358282,0.45192570170452456,0,,1,0,collecting_candidates;drift_not_confirmed,source_publish_interval,voltage_rolling_mean=231.450462;source_publish_interval=0.801724,source_publish_interval,0.8640410378575325,12.21854193136096,13.108165934681892
2026-08-10T16:55:17.244958+00:00,communication_drift_01,meter_03,299,none,publish_interval,random,random,random,normal_drift,0.9999999978350675,0.4367045237707398,0,,1,0,collecting_candidates;drift_not_confirmed,source_publish_interval,voltage_rolling_mean=230.658893;source_publish_interval=0.801720,source_publish_interval,0.5574999377131462,9.642999852076173,10.22149994969368
2026-08-10T16:55:18.010877+00:00,communication_drift_01,meter_01,300,none,publish_interval,random,random,random,normal_drift,0.9999999124261768,0.4808972690811062,0,,1,0,collecting_candidates;drift_not_confirmed,source_publish_interval,voltage_rolling_mean=231.644142;source_publish_interval=0.801729,source_publish_interval,1.9398340955376625,21.993415895849466,23.96887494251132
2026-08-10T16:55:18.035147+00:00,communication_drift_01,meter_02,300,none,publish_interval,random,random,random,normal_drift,0.9999999887476482,0.44644941565556384,0,,1,0,collecting_candidates;drift_not_confirmed,source_publish_interval,voltage_rolling_mean=231.450462;source_publish_interval=0.801724,source_publish_interval,0.8185841143131256,12.313083047047257,13.155125081539154
2026-08-10T16:55:18.048406+00:00,communication_drift_01,meter_03,300,none,publish_interval,random,random,random,normal_drift,0.9999999976117904,0.557153884332126,0,,1,0,collecting_candidates;drift_not_confirmed,source_publish_interval,voltage_rolling_mean=230.658893;source_publish_interval=0.801720,source_publish_interval,0.5295420996844769,9.883583057671785,10.432625189423561
2026-08-10T16:55:18.815986+00:00,communication_drift_01,meter_01,301,none,publish_interval,random,random,random,normal_drift,0.9999999409735062,0.5389600705071517,0,,1,0,collecting_candidates;drift_not_confirmed,source_publish_interval,voltage_rolling_mean=231.644142;source_publish_interval=0.801729,source_publish_interval,1.9420408643782139,22.076916880905628,24.061708012595773
2026-08-10T16:55:18.840359+00:00,communication_drift_01,meter_02,301,none,publish_interval,random,random,random,normal_drift,0.9999999937928759,0.449829953280042,0,,1,0,collecting_candidates;drift_not_confirmed,source_publish_interval,voltage_rolling_mean=231.450462;source_publish_interval=0.801724,source_publish_interval,0.8283748757094145,12.163874926045537,13.015416916459799
2026-08-10T16:55:18.853483+00:00,communication_drift_01,meter_03,301,none,publish_interval,random,random,random,normal_drift,0.9999999990501856,0.49226016864930416,0,,1,0,collecting_candidates;drift_not_confirmed,source_publish_interval,voltage_rolling_mean=230.658893;source_publish_interval=0.801720,source_publish_interval,0.5659169983118773,9.593874914571643,10.17999998293817
2026-08-10T16:55:19.621051+00:00,communication_drift_01,meter_01,302,none,publish_interval,random,random,random,normal_drift,0.999999967530416,0.46806722814097707,0,,1,0,collecting_candidates;drift_not_confirmed,source_publish_interval,voltage_rolling_mean=231.644142;source_publish_interval=0.801729,source_publish_interval,2.4822920095175505,22.30891608633101,24.827291956171393
2026-08-10T16:55:19.646281+00:00,communication_drift_01,meter_02,302,none,publish_interval,random,random,random,normal_drift,0.9999999797489036,0.49564031971065675,0,,1,0,collecting_candidates;drift_not_confirmed,source_publish_interval,voltage_rolling_mean=231.450462;source_publish_interval=0.801724,source_publish_interval,0.8235410787165165,12.257375055924058,13.107417151331902
2026-08-10T16:55:19.659509+00:00,communication_drift_01,meter_03,302,none,publish_interval,random,random,random,normal_drift,0.9999999996217945,0.4352811065526842,0,,1,0,collecting_candidates;drift_not_confirmed,source_publish_interval,voltage_rolling_mean=230.658893;source_publish_interval=0.801720,source_publish_interval,0.5920410621911287,9.631207911297679,10.242125019431114
2026-08-10T16:55:20.425566+00:00,communication_drift_01,meter_01,303,none,publish_interval,random,random,random,normal_drift,0.999999978583076,0.47876444745430036,0,,1,0,collecting_candidates;drift_not_confirmed,source_publish_interval,voltage_rolling_mean=231.644142;source_publish_interval=0.801729,source_publish_interval,1.9717919640243053,21.06237504631281,23.0709589086473
2026-08-10T16:55:20.448922+00:00,communication_drift_01,meter_02,303,none,publish_interval,random,random,random,normal_drift,0.9999999914297596,0.5030554655126827,0,,1,0,collecting_candidates;drift_not_confirmed,source_publish_interval,voltage_rolling_mean=231.450462;source_publish_interval=0.801724,source_publish_interval,0.799959059804678,12.466791085898876,13.289334019646049
2026-08-10T16:55:20.462316+00:00,communication_drift_01,meter_03,303,none,publish_interval,random,random,random,normal_drift,0.9999999982945893,0.4566560542998939,0,,1,0,collecting_candidates;drift_not_confirmed,source_publish_interval,voltage_rolling_mean=230.658893;source_publish_interval=0.801720,source_publish_interval,0.586208887398243,9.668624959886074,10.2740831207484
2026-08-10T16:55:21.231126+00:00,communication_drift_01,meter_01,304,none,publish_interval,random,random,random,normal_drift,0.9999985538473483,0.6054887870343179,0,,1,0,collecting_candidates;drift_not_confirmed,source_publish_interval,voltage_rolling_mean=231.644142;source_publish_interval=0.801729,source_publish_interval,2.3839171044528484,23.348083021119237,25.776415830478072
2026-08-10T16:55:21.257271+00:00,communication_drift_01,meter_02,304,none,publish_interval,random,random,random,normal_drift,0.9999999326978587,0.5364826536622086,0,,1,0,collecting_candidates;drift_not_confirmed,source_publish_interval,voltage_rolling_mean=231.450462;source_publish_interval=0.801724,source_publish_interval,0.8646252099424601,12.32025003992021,13.210791861638427
2026-08-10T16:55:21.270599+00:00,communication_drift_01,meter_03,304,none,publish_interval,random,random,random,normal_drift,0.9999999997882911,0.5009636111236829,0,,1,0,collecting_candidates;drift_not_confirmed,source_publish_interval,voltage_rolling_mean=230.658893;source_publish_interval=0.801720,source_publish_interval,0.5452909972518682,9.665583027526736,10.231666034087539
2026-08-10T16:55:22.036060+00:00,communication_drift_01,meter_01,305,none,publish_interval,random,random,random,normal_drift,0.9999997804265386,0.4799808076018631,0,,1,0,collecting_candidates;drift_not_confirmed,source_publish_interval,voltage_rolling_mean=231.644142;source_publish_interval=0.801729,source_publish_interval,3.197999903932214,19.340375205501914,22.57041702978313
2026-08-10T16:55:22.059002+00:00,communication_drift_01,meter_02,305,none,publish_interval,random,random,random,normal_drift,0.9999998065953356,0.5736275808461543,0,,1,0,collecting_candidates;drift_not_confirmed,source_publish_interval,voltage_rolling_mean=231.450462;source_publish_interval=0.801724,source_publish_interval,0.7055839523673058,11.815625010058284,12.542250100523233
2026-08-10T16:55:22.071648+00:00,communication_drift_01,meter_03,305,none,publish_interval,random,random,random,normal_drift,0.9999999983894787,0.4733527595846674,0,,1,0,collecting_candidates;drift_not_confirmed,source_publish_interval,voltage_rolling_mean=230.658893;source_publish_interval=0.801720,source_publish_interval,0.5370001308619976,9.52775008045137,10.085041867569089
2026-08-10T16:55:22.837658+00:00,communication_drift_01,meter_01,306,none,publish_interval,random,random,random,normal_drift,0.9999998741383803,0.479087210483772,0,,1,0,collecting_candidates;drift_not_confirmed,source_publish_interval,voltage_rolling_mean=231.644142;source_publish_interval=0.801729,source_publish_interval,2.194457920268178,22.432917030528188,24.69712495803833
2026-08-10T16:55:22.862781+00:00,communication_drift_01,meter_02,306,none,publish_interval,random,random,random,normal_drift,0.9999999714201203,0.4572155824921396,0,,1,0,collecting_candidates;drift_not_confirmed,source_publish_interval,voltage_rolling_mean=231.450462;source_publish_interval=0.801724,source_publish_interval,0.9445000905543566,12.588749872520566,13.564374996349216
2026-08-10T16:55:22.876510+00:00,communication_drift_01,meter_03,306,none,publish_interval,random,random,random,normal_drift,0.9999999978990943,0.5343904378578096,0,,1,0,collecting_candidates;drift_not_confirmed,source_publish_interval,voltage_rolling_mean=230.658893;source_publish_interval=0.801720,source_publish_interval,0.6179159972816706,9.818874998018146,10.457666125148535
2026-08-10T16:55:23.643408+00:00,communication_drift_01,meter_01,307,none,publish_interval,random,random,random,normal_drift,0.9999998963213853,0.44625609808406164,0,,1,0,collecting_candidates;drift_not_confirmed,source_publish_interval,voltage_rolling_mean=231.644142;source_publish_interval=0.801729,source_publish_interval,2.2198751103132963,19.359374884516,21.62416698411107
2026-08-10T16:55:23.665415+00:00,communication_drift_01,meter_02,307,none,publish_interval,random,random,random,normal_drift,0.9999999540814953,0.5149967761871158,0,,1,0,collecting_candidates;drift_not_confirmed,source_publish_interval,voltage_rolling_mean=231.450462;source_publish_interval=0.801724,source_publish_interval,0.7242080755531788,11.756084160879254,12.510791886597872
2026-08-10T16:55:23.678058+00:00,communication_drift_01,meter_03,307,none,publish_interval,random,random,random,normal_drift,0.9999999996362381,0.45655840321643293,0,,1,0,collecting_candidates;drift_not_confirmed,source_publish_interval,voltage_rolling_mean=230.658893;source_publish_interval=0.801720,source_publish_interval,0.563416862860322,9.682375006377697,10.266416938975453
2026-08-10T16:55:24.446512+00:00,communication_drift_01,meter_01,308,none,publish_interval,random,random,random,normal_drift,0.9999998799346097,0.4501992949967137,0,,1,0,collecting_candidates;drift_not_confirmed,source_publish_interval,voltage_rolling_mean=231.644142;source_publish_interval=0.801729,source_publish_interval,2.5624579284340143,17.441874835640192,20.039709052070975
2026-08-10T16:55:24.466907+00:00,communication_drift_01,meter_02,308,none,publish_interval,random,random,random,normal_drift,0.9999999529172803,0.4649380275268737,0,,1,0,collecting_candidates;drift_not_confirmed,source_publish_interval,voltage_rolling_mean=231.450462;source_publish_interval=0.801724,source_publish_interval,0.6890001241117716,11.155500076711178,11.865624925121665
2026-08-10T16:55:24.478868+00:00,communication_drift_01,meter_03,308,none,publish_interval,random,random,random,normal_drift,0.9999999995803268,0.43907568713820416,0,,1,0,collecting_candidates;drift_not_confirmed,source_publish_interval,voltage_rolling_mean=230.658893;source_publish_interval=0.801720,source_publish_interval,0.5327081307768822,9.40337497740984,9.955042041838169
2026-08-10T16:55:25.249936+00:00,communication_drift_01,meter_01,309,none,publish_interval,random,random,random,normal_drift,0.9999998661475659,0.4516477187183846,0,,1,0,collecting_candidates;drift_not_confirmed,source_publish_interval,voltage_rolling_mean=231.644142;source_publish_interval=0.801729,source_publish_interval,2.6368750259280205,17.025250010192394,19.696166971698403
2026-08-10T16:55:25.270021+00:00,communication_drift_01,meter_02,309,none,publish_interval,random,random,random,normal_drift,0.9999999951318641,0.45760168650451555,0,,1,0,collecting_candidates;drift_not_confirmed,source_publish_interval,voltage_rolling_mean=231.450462;source_publish_interval=0.801724,source_publish_interval,0.7464580703526735,11.093749897554517,11.861125007271767
2026-08-10T16:55:25.281987+00:00,communication_drift_01,meter_03,309,none,publish_interval,random,random,random,normal_drift,0.9999999996439997,0.5276622681240469,0,,1,0,collecting_candidates;drift_not_confirmed,source_publish_interval,voltage_rolling_mean=230.658893;source_publish_interval=0.801720,source_publish_interval,0.5272498819977045,9.399875067174435,9.94820799678564
2026-08-10T16:55:26.054969+00:00,communication_drift_01,meter_01,310,none,publish_interval,random,random,random,normal_drift,0.999999965567152,0.4499242619307943,0,,1,0,collecting_candidates;drift_not_confirmed,source_publish_interval,voltage_rolling_mean=231.644142;source_publish_interval=0.801729,source_publish_interval,2.714957809075713,18.9470830373466,21.71183400787413
2026-08-10T16:55:26.077111+00:00,communication_drift_01,meter_02,310,none,publish_interval,random,random,random,normal_drift,0.9999999945467308,0.4520212951350406,0,,1,0,collecting_candidates;drift_not_confirmed,source_publish_interval,voltage_rolling_mean=231.450462;source_publish_interval=0.801724,source_publish_interval,0.7882080972194672,11.837749974802136,12.649916112422943
2026-08-10T16:55:26.089886+00:00,communication_drift_01,meter_03,310,none,publish_interval,random,random,random,normal_drift,0.9999999993014659,0.44434194391179016,0,,1,0,collecting_candidates;drift_not_confirmed,source_publish_interval,voltage_rolling_mean=230.658893;source_publish_interval=0.801720,source_publish_interval,0.5509159527719021,9.569291956722736,10.139584075659513
2026-08-10T16:55:26.860171+00:00,communication_drift_01,meter_01,311,none,publish_interval,random,random,random,normal_drift,0.9999999489368515,0.572111249542098,0,,1,0,collecting_candidates;drift_not_confirmed,source_publish_interval,voltage_rolling_mean=231.644142;source_publish_interval=0.801729,source_publish_interval,3.366083838045597,13.542291009798646,16.943583032116294
2026-08-10T16:55:26.877484+00:00,communication_drift_01,meter_02,311,none,publish_interval,random,random,random,normal_drift,0.9999999953073202,0.45041341143493036,0,,1,0,collecting_candidates;drift_not_confirmed,source_publish_interval,voltage_rolling_mean=231.450462;source_publish_interval=0.801724,source_publish_interval,0.6341661792248487,10.552375111728907,11.208708863705397
2026-08-10T16:55:26.888784+00:00,communication_drift_01,meter_03,311,none,publish_interval,random,random,random,normal_drift,0.9999999997905231,0.45331711807717534,0,,1,0,collecting_candidates;drift_not_confirmed,source_publish_interval,voltage_rolling_mean=230.658893;source_publish_interval=0.801720,source_publish_interval,0.5147920455783606,8.649957831948996,9.18312487192452
2026-08-10T16:55:27.662732+00:00,communication_drift_01,meter_01,312,none,publish_interval,random,random,random,normal_drift,0.9999999675026221,0.47271397497768153,0,,1,0,collecting_candidates;drift_not_confirmed,source_publish_interval,voltage_rolling_mean=231.644142;source_publish_interval=0.801729,source_publish_interval,2.0121668931096792,21.767167141661048,23.82483403198421
2026-08-10T16:55:27.686881+00:00,communication_drift_01,meter_02,312,none,publish_interval,random,random,random,normal_drift,0.9999999666128119,0.4595817285811474,0,,1,0,collecting_candidates;drift_not_confirmed,source_publish_interval,voltage_rolling_mean=231.450462;source_publish_interval=0.801724,source_publish_interval,0.8717922028154135,13.40858405455947,14.307249803096056
2026-08-10T16:55:27.701313+00:00,communication_drift_01,meter_03,312,none,publish_interval,random,random,random,normal_drift,0.9999999998632267,0.4397186252206312,0,,1,0,collecting_candidates;drift_not_confirmed,source_publish_interval,voltage_rolling_mean=230.658893;source_publish_interval=0.801720,source_publish_interval,0.6224168464541435,10.124458000063896,10.7678750064224
2026-08-10T16:55:28.465180+00:00,communication_drift_01,meter_01,313,none,publish_interval,random,random,random,normal_drift,0.9999998686974846,0.4880552519882628,0,,1,0,collecting_candidates;drift_not_confirmed,source_publish_interval,voltage_rolling_mean=231.644142;source_publish_interval=0.801729,source_publish_interval,2.4006671737879515,19.085000036284328,21.537124877795577
2026-08-10T16:55:28.487128+00:00,communication_drift_01,meter_02,313,none,publish_interval,random,random,random,normal_drift,0.9999999954868604,0.42892757062383474,0,,1,0,collecting_candidates;drift_not_confirmed,source_publish_interval,voltage_rolling_mean=231.450462;source_publish_interval=0.801724,source_publish_interval,0.775541877374053,11.450625024735928,12.251625070348382
2026-08-10T16:55:28.499505+00:00,communication_drift_01,meter_03,313,none,publish_interval,random,random,random,normal_drift,0.9999999967658142,0.4954353696617505,0,,1,0,collecting_candidates;drift_not_confirmed,source_publish_interval,voltage_rolling_mean=230.658893;source_publish_interval=0.801720,source_publish_interval,0.5581250879913568,9.36341704800725,9.944916004315019
2026-08-10T16:55:29.270145+00:00,communication_drift_01,meter_01,314,none,publish_interval,random,random,random,normal_drift,0.9999999643541605,0.5423851541758841,0,,1,1,drift_not_confirmed;reference_updated,source_publish_interval,voltage_rolling_mean=231.644142;source_publish_interval=0.803086,source_publish_interval,3.0638750176876783,16.55379217118025,19.65241599828005
2026-08-10T16:55:29.290174+00:00,communication_drift_01,meter_02,314,none,publish_interval,random,random,random,normal_drift,0.9999999963383555,0.5274910735784452,0,,1,1,drift_not_confirmed;reference_updated,source_publish_interval,voltage_rolling_mean=231.450462;source_publish_interval=0.803086,source_publish_interval,0.7262078579515219,10.914874961599708,11.664750054478645
2026-08-10T16:55:29.301939+00:00,communication_drift_01,meter_03,314,none,publish_interval,random,random,random,normal_drift,0.9999999999506142,0.4568228734038176,0,,1,1,drift_not_confirmed;reference_updated,source_publish_interval,voltage_rolling_mean=230.658893;source_publish_interval=0.803087,source_publish_interval,0.5499999970197678,9.188625030219555,9.760374901816249
2026-08-10T16:55:30.074908+00:00,communication_drift_01,meter_01,315,none,publish_interval,random,random,random,normal_drift,0.9999996159794824,0.5250170682817078,0,,1,0,collecting_candidates;drift_not_confirmed,source_publish_interval,voltage_rolling_mean=231.644142;source_publish_interval=0.803086,source_publish_interval,3.384415991604328,20.73104097507894,24.156457977369428
2026-08-10T16:55:30.099470+00:00,communication_drift_01,meter_02,315,none,publish_interval,random,random,random,normal_drift,0.9999999962409114,0.4678615732002741,0,,1,0,collecting_candidates;drift_not_confirmed,source_publish_interval,voltage_rolling_mean=231.450462;source_publish_interval=0.803086,source_publish_interval,0.7634169887751341,11.752499965950847,12.539709219709039
2026-08-10T16:55:30.112132+00:00,communication_drift_01,meter_03,315,none,publish_interval,random,random,random,normal_drift,0.9999999999620213,0.48743504215904154,0,,1,0,collecting_candidates;drift_not_confirmed,source_publish_interval,voltage_rolling_mean=230.658893;source_publish_interval=0.803087,source_publish_interval,0.5474579520523548,9.417957859113812,9.985124925151467
2026-08-10T16:55:30.880100+00:00,communication_drift_01,meter_01,316,none,publish_interval,random,random,random,normal_drift,0.9999997901611818,0.4701037758942969,0,,1,0,collecting_candidates;drift_not_confirmed,source_publish_interval,voltage_rolling_mean=231.644142;source_publish_interval=0.803086,source_publish_interval,2.19075009226799,22.284291917458177,24.516958044841886
2026-08-10T16:55:30.905044+00:00,communication_drift_01,meter_02,316,none,publish_interval,random,random,random,normal_drift,0.9999999605541658,0.4374637967984424,0,,1,0,collecting_candidates;drift_not_confirmed,source_publish_interval,voltage_rolling_mean=231.450462;source_publish_interval=0.803086,source_publish_interval,0.9020420257002115,12.285375036299229,13.211916899308562
2026-08-10T16:55:30.918380+00:00,communication_drift_01,meter_03,316,none,publish_interval,random,random,random,normal_drift,0.9999999999437255,0.5089863071094732,0,,1,0,collecting_candidates;drift_not_confirmed,source_publish_interval,voltage_rolling_mean=230.658893;source_publish_interval=0.803087,source_publish_interval,0.5277090240269899,9.626250015571713,10.174124967306852
2026-08-10T16:55:31.683805+00:00,communication_drift_01,meter_01,317,none,publish_interval,random,random,random,normal_drift,0.999999373560477,0.547823236199668,0,,1,0,collecting_candidates;drift_not_confirmed,source_publish_interval,voltage_rolling_mean=231.644142;source_publish_interval=0.803086,source_publish_interval,1.9060000777244568,22.138166008517146,24.09112500026822
2026-08-10T16:55:31.708250+00:00,communication_drift_01,meter_02,317,none,publish_interval,random,random,random,normal_drift,0.9999999882759337,0.5148846666576286,0,,1,0,collecting_candidates;drift_not_confirmed,source_publish_interval,voltage_rolling_mean=231.450462;source_publish_interval=0.803086,source_publish_interval,0.879625091329217,12.166416039690375,13.07058404199779
2026-08-10T16:55:31.721448+00:00,communication_drift_01,meter_03,317,none,publish_interval,random,random,random,normal_drift,0.999999999935391,0.4860354745342513,0,,1,0,collecting_candidates;drift_not_confirmed,source_publish_interval,voltage_rolling_mean=230.658893;source_publish_interval=0.803087,source_publish_interval,0.5471250042319298,9.584082989022136,10.150416987016797
2026-08-10T16:55:32.488794+00:00,communication_drift_01,meter_01,318,none,publish_interval,random,random,random,normal_drift,0.9999999690582183,0.44149822096538077,0,,1,0,collecting_candidates;drift_not_confirmed,source_publish_interval,voltage_rolling_mean=231.644142;source_publish_interval=0.803086,source_publish_interval,2.00224993750453,21.738999988883734,23.774582892656326
2026-08-10T16:55:32.512849+00:00,communication_drift_01,meter_02,318,none,publish_interval,random,random,random,normal_drift,0.9999999880303244,0.43801805517133025,0,,1,0,collecting_candidates;drift_not_confirmed,source_publish_interval,voltage_rolling_mean=231.450462;source_publish_interval=0.803086,source_publish_interval,0.7375001441687346,12.238832889124751,13.000624952837825
2026-08-10T16:55:32.525959+00:00,communication_drift_01,meter_03,318,none,publish_interval,random,random,random,normal_drift,0.9999999991195891,0.6126960112981734,0,,1,0,collecting_candidates;drift_not_confirmed,source_publish_interval,voltage_rolling_mean=230.658893;source_publish_interval=0.803087,source_publish_interval,0.5487499292939901,9.877000004053116,10.447333101183176
2026-08-10T16:55:33.293600+00:00,communication_drift_01,meter_01,319,none,publish_interval,random,random,random,normal_drift,0.9999999245277563,0.44195662307539346,0,,1,0,collecting_candidates;drift_not_confirmed,source_publish_interval,voltage_rolling_mean=231.644142;source_publish_interval=0.803086,source_publish_interval,1.1636249255388975,18.52470892481506,19.759166054427624
2026-08-10T16:55:33.313719+00:00,communication_drift_01,meter_02,319,none,publish_interval,random,random,random,normal_drift,0.9999999979291236,0.4674541298263953,0,,1,0,collecting_candidates;drift_not_confirmed,source_publish_interval,voltage_rolling_mean=231.450462;source_publish_interval=0.803086,source_publish_interval,0.8335830643773079,11.704083066433668,12.565125012770295
2026-08-10T16:55:33.326430+00:00,communication_drift_01,meter_03,319,none,publish_interval,random,random,random,normal_drift,0.999999997502115,0.4806807194326143,0,,1,0,collecting_candidates;drift_not_confirmed,source_publish_interval,voltage_rolling_mean=230.658893;source_publish_interval=0.803087,source_publish_interval,0.5256659351289272,9.39962500706315,9.947416139766574
2026-08-10T16:55:34.096509+00:00,communication_drift_01,meter_01,320,none,publish_interval,random,random,random,normal_drift,0.9999999435989909,0.526210003985721,0,,1,0,collecting_candidates;drift_not_confirmed,source_publish_interval,voltage_rolling_mean=231.644142;source_publish_interval=0.803086,source_publish_interval,1.2305001728236675,20.07324993610382,21.359624806791544
2026-08-10T16:55:34.118154+00:00,communication_drift_01,meter_02,320,none,publish_interval,random,random,random,normal_drift,0.9999999991298749,0.5440490885233729,0,,1,0,collecting_candidates;drift_not_confirmed,source_publish_interval,voltage_rolling_mean=231.450462;source_publish_interval=0.803086,source_publish_interval,0.958082964643836,13.106249971315265,14.094915939494967
2026-08-10T16:55:34.132449+00:00,communication_drift_01,meter_03,320,none,publish_interval,random,random,random,normal_drift,0.9999999999932776,0.5113558042686229,0,,1,0,collecting_candidates;drift_not_confirmed,source_publish_interval,voltage_rolling_mean=230.658893;source_publish_interval=0.803087,source_publish_interval,0.6069580558687449,9.937375085428357,10.567541001364589
2026-08-10T16:55:34.900661+00:00,communication_drift_01,meter_01,321,none,publish_interval,random,random,random,normal_drift,0.9999999408970511,0.4695829217163437,0,,1,0,collecting_candidates;drift_not_confirmed,source_publish_interval,voltage_rolling_mean=231.644142;source_publish_interval=0.803086,source_publish_interval,2.3329160176217556,22.497709142044187,24.872458074241877
2026-08-10T16:55:34.925907+00:00,communication_drift_01,meter_02,321,none,publish_interval,random,random,random,normal_drift,0.999999998981207,0.4488117023451617,0,,1,0,collecting_candidates;drift_not_confirmed,source_publish_interval,voltage_rolling_mean=231.450462;source_publish_interval=0.803086,source_publish_interval,0.9180412162095308,12.399875093251467,13.344999868422747
2026-08-10T16:55:34.939396+00:00,communication_drift_01,meter_03,321,none,publish_interval,random,random,random,normal_drift,0.9999999999735962,0.460732250483564,0,,1,0,collecting_candidates;drift_not_confirmed,source_publish_interval,voltage_rolling_mean=230.658893;source_publish_interval=0.803087,source_publish_interval,0.5935418885201216,9.600832825526595,10.214624926447868
2026-08-10T16:55:35.705809+00:00,communication_drift_01,meter_01,322,none,publish_interval,random,random,random,normal_drift,0.9999999729439256,0.4699707613545869,0,,1,0,collecting_candidates;drift_not_confirmed,source_publish_interval,voltage_rolling_mean=231.644142;source_publish_interval=0.803086,source_publish_interval,3.2575831282883883,22.04383397474885,25.345916859805584
2026-08-10T16:55:35.731573+00:00,communication_drift_01,meter_02,322,none,publish_interval,random,random,random,normal_drift,0.9999999972648792,0.48719263064434987,0,,1,0,collecting_candidates;drift_not_confirmed,source_publish_interval,voltage_rolling_mean=231.450462;source_publish_interval=0.803086,source_publish_interval,0.8862910326570272,12.180125107988715,13.090291991829872
2026-08-10T16:55:35.744790+00:00,communication_drift_01,meter_03,322,none,publish_interval,random,random,random,normal_drift,0.9999999999416578,0.4794330254856128,0,,1,0,collecting_candidates;drift_not_confirmed,source_publish_interval,voltage_rolling_mean=230.658893;source_publish_interval=0.803087,source_publish_interval,0.5145419854670763,9.707833174616098,10.243665892630816
2026-08-10T16:55:36.510892+00:00,communication_drift_01,meter_01,323,none,publish_interval,random,random,random,normal_drift,0.9999999690829672,0.4676101917603952,0,,1,0,collecting_candidates;drift_not_confirmed,source_publish_interval,voltage_rolling_mean=231.644142;source_publish_interval=0.803086,source_publish_interval,2.3044159170240164,18.487208057194948,20.83312487229705
2026-08-10T16:55:36.532132+00:00,communication_drift_01,meter_02,323,none,publish_interval,random,random,random,normal_drift,0.9999999997372488,0.465635765479715,0,,1,0,collecting_candidates;drift_not_confirmed,source_publish_interval,voltage_rolling_mean=231.450462;source_publish_interval=0.803086,source_publish_interval,0.7831249386072159,11.288207955658436,12.093791970983148
2026-08-10T16:55:36.544337+00:00,communication_drift_01,meter_03,323,none,publish_interval,random,random,random,normal_drift,0.999999999867158,0.48752592885643803,0,,1,0,collecting_candidates;drift_not_confirmed,source_publish_interval,voltage_rolling_mean=230.658893;source_publish_interval=0.803087,source_publish_interval,0.5277909804135561,9.38437506556511,9.931250009685755
2026-08-10T16:55:37.315724+00:00,communication_drift_01,meter_01,324,none,publish_interval,random,random,random,normal_drift,0.9999993504532207,0.5635595514488703,0,,1,0,collecting_candidates;drift_not_confirmed,source_publish_interval,voltage_rolling_mean=231.644142;source_publish_interval=0.803086,source_publish_interval,2.559124957770109,23.481457959860563,26.111042127013206
2026-08-10T16:55:37.342285+00:00,communication_drift_01,meter_02,324,none,publish_interval,random,random,random,normal_drift,0.9999999997755282,0.4791000808434813,0,,1,0,collecting_candidates;drift_not_confirmed,source_publish_interval,voltage_rolling_mean=231.450462;source_publish_interval=0.803086,source_publish_interval,0.9942089673131704,12.504500104114413,13.5297910310328
2026-08-10T16:55:37.355991+00:00,communication_drift_01,meter_03,324,none,publish_interval,random,random,random,normal_drift,0.9999999999517231,0.47327367053663855,0,,1,0,collecting_candidates;drift_not_confirmed,source_publish_interval,voltage_rolling_mean=230.658893;source_publish_interval=0.803087,source_publish_interval,0.5828749854117632,9.63208288885653,10.236875154078007
2026-08-10T16:55:38.120515+00:00,communication_drift_01,meter_01,325,none,publish_interval,random,random,random,normal_drift,0.9999999269734015,0.5370831195368412,0,,1,0,collecting_candidates;drift_not_confirmed,source_publish_interval,voltage_rolling_mean=231.644142;source_publish_interval=0.803086,source_publish_interval,2.7462919242680073,19.943667110055685,22.72362494841218
2026-08-10T16:55:38.143624+00:00,communication_drift_01,meter_02,325,none,publish_interval,random,random,random,normal_drift,0.9999996532013443,0.49926465874778525,0,,1,0,collecting_candidates;drift_not_confirmed,source_publish_interval,voltage_rolling_mean=231.450462;source_publish_interval=0.803086,source_publish_interval,0.7444578222930431,11.658832896500826,12.427707901224494
2026-08-10T16:55:38.156181+00:00,communication_drift_01,meter_03,325,none,publish_interval,random,random,random,normal_drift,0.9999999999944331,0.4597156465820772,0,,1,0,collecting_candidates;drift_not_confirmed,source_publish_interval,voltage_rolling_mean=230.658893;source_publish_interval=0.803087,source_publish_interval,0.5410828161984682,9.574207942932844,10.135625023394823
2026-08-10T16:55:38.925649+00:00,communication_drift_01,meter_01,326,none,publish_interval,random,random,random,normal_drift,0.9999999801615156,0.44085275392987255,0,,1,0,collecting_candidates;drift_not_confirmed,source_publish_interval,voltage_rolling_mean=231.644142;source_publish_interval=0.803086,source_publish_interval,1.9873748533427715,21.648332942277193,23.67483382113278
2026-08-10T16:55:38.949677+00:00,communication_drift_01,meter_02,326,none,publish_interval,random,random,random,normal_drift,0.9999999999272369,0.46304804075233597,0,,1,0,collecting_candidates;drift_not_confirmed,source_publish_interval,voltage_rolling_mean=231.450462;source_publish_interval=0.803086,source_publish_interval,0.7508329581469297,11.882958002388477,12.662291992455721
2026-08-10T16:55:38.962484+00:00,communication_drift_01,meter_03,326,none,publish_interval,random,random,random,normal_drift,0.999999999970721,0.47844048893431007,0,,1,0,collecting_candidates;drift_not_confirmed,source_publish_interval,voltage_rolling_mean=230.658893;source_publish_interval=0.803087,source_publish_interval,0.6049592047929764,9.67841618694365,10.305041912943125
2026-08-10T16:55:39.729728+00:00,communication_drift_01,meter_01,327,none,publish_interval,random,random,random,normal_drift,0.9999999780061963,0.49481432713399437,0,,1,0,collecting_candidates;drift_not_confirmed,source_publish_interval,voltage_rolling_mean=231.644142;source_publish_interval=0.803086,source_publish_interval,2.0887909922748804,22.447125054895878,24.580958066508174
2026-08-10T16:55:39.754743+00:00,communication_drift_01,meter_02,327,none,publish_interval,random,random,random,normal_drift,0.9999999996539808,0.4466370953436165,0,,1,0,collecting_candidates;drift_not_confirmed,source_publish_interval,voltage_rolling_mean=231.450462;source_publish_interval=0.803086,source_publish_interval,0.8788749109953642,12.014790903776884,12.920957989990711
2026-08-10T16:55:39.767817+00:00,communication_drift_01,meter_03,327,none,publish_interval,random,random,random,normal_drift,0.9999999999706972,0.46026152727636016,0,,1,0,collecting_candidates;drift_not_confirmed,source_publish_interval,voltage_rolling_mean=230.658893;source_publish_interval=0.803087,source_publish_interval,0.5395419429987669,9.55512491054833,10.116083081811666
2026-08-10T16:55:40.534830+00:00,communication_drift_01,meter_01,328,none,publish_interval,random,random,random,normal_drift,0.9999999414050366,0.43828553482136534,0,,1,0,collecting_candidates;drift_not_confirmed,source_publish_interval,voltage_rolling_mean=231.644142;source_publish_interval=0.803086,source_publish_interval,2.3725831415504217,22.280832985416055,24.702042108401656
2026-08-10T16:55:40.559958+00:00,communication_drift_01,meter_02,328,none,publish_interval,random,random,random,normal_drift,0.9999999996410638,0.45290705327745745,0,,1,0,collecting_candidates;drift_not_confirmed,source_publish_interval,voltage_rolling_mean=231.450462;source_publish_interval=0.803086,source_publish_interval,0.8660841267555952,11.940208030864596,12.83037499524653
2026-08-10T16:55:40.572923+00:00,communication_drift_01,meter_03,328,none,publish_interval,random,random,random,normal_drift,0.9999999999903582,0.4600228232584788,0,,1,0,collecting_candidates;drift_not_confirmed,source_publish_interval,voltage_rolling_mean=230.658893;source_publish_interval=0.803087,source_publish_interval,0.5300829652696848,9.562833933159709,10.113083990290761
2026-08-10T16:55:41.338635+00:00,communication_drift_01,meter_01,329,none,publish_interval,random,random,random,normal_drift,0.9999999939210653,0.6151600898261665,0,,1,0,collecting_candidates;drift_not_confirmed,source_publish_interval,voltage_rolling_mean=231.644142;source_publish_interval=0.803086,source_publish_interval,2.456249902024865,21.586333168670535,24.08520900644362
2026-08-10T16:55:41.363153+00:00,communication_drift_01,meter_02,329,none,publish_interval,random,random,random,normal_drift,0.999999998931973,0.4715780693204603,0,,1,0,collecting_candidates;drift_not_confirmed,source_publish_interval,voltage_rolling_mean=231.450462;source_publish_interval=0.803086,source_publish_interval,0.809958903118968,12.027750024572015,12.860124930739403
2026-08-10T16:55:41.376141+00:00,communication_drift_01,meter_03,329,none,publish_interval,random,random,random,normal_drift,0.999999999986285,0.46681167886963126,0,,1,0,collecting_candidates;drift_not_confirmed,source_publish_interval,voltage_rolling_mean=230.658893;source_publish_interval=0.803087,source_publish_interval,0.5237499717622995,9.585791965946555,10.129707865417004
2026-08-10T16:55:42.140616+00:00,communication_drift_01,meter_01,330,none,publish_interval,random,random,random,normal_drift,0.9999999941407973,0.4423093046180936,0,,1,0,collecting_candidates;drift_not_confirmed,source_publish_interval,voltage_rolling_mean=231.644142;source_publish_interval=0.803086,source_publish_interval,2.0241669844835997,21.92408312112093,23.985000094398856
2026-08-10T16:55:42.164931+00:00,communication_drift_01,meter_02,330,none,publish_interval,random,random,random,normal_drift,0.9999999998361526,0.45957763285538894,0,,1,0,collecting_candidates;drift_not_confirmed,source_publish_interval,voltage_rolling_mean=231.450462;source_publish_interval=0.803086,source_publish_interval,0.9211248252540827,12.644750066101551,13.588666915893555
2026-08-10T16:55:42.178631+00:00,communication_drift_01,meter_03,330,none,publish_interval,random,random,random,normal_drift,0.9999999999661993,0.4949207391466067,0,,1,0,collecting_candidates;drift_not_confirmed,source_publish_interval,voltage_rolling_mean=230.658893;source_publish_interval=0.803087,source_publish_interval,0.5320829804986715,9.824750013649464,10.376708814874291
2026-08-10T16:55:42.945381+00:00,communication_drift_01,meter_01,331,none,publish_interval,random,random,random,normal_drift,0.9999999374887972,0.4899218858913362,0,,1,0,collecting_candidates;drift_not_confirmed,source_publish_interval,voltage_rolling_mean=231.644142;source_publish_interval=0.803086,source_publish_interval,1.4756249729543924,22.28350006043911,23.823499912396073
2026-08-10T16:55:42.969594+00:00,communication_drift_01,meter_02,331,none,publish_interval,random,random,random,normal_drift,0.9999999998572269,0.477826196995463,0,,1,0,collecting_candidates;drift_not_confirmed,source_publish_interval,voltage_rolling_mean=231.450462;source_publish_interval=0.803086,source_publish_interval,0.9829169139266014,12.619457906112075,13.635959010571241
2026-08-10T16:55:42.983438+00:00,communication_drift_01,meter_03,331,none,publish_interval,random,random,random,normal_drift,0.9999999999881288,0.4803106586842599,0,,1,0,collecting_candidates;drift_not_confirmed,source_publish_interval,voltage_rolling_mean=230.658893;source_publish_interval=0.803087,source_publish_interval,0.6083748303353786,9.764041984453797,10.397790931165218
2026-08-10T16:55:43.749948+00:00,communication_drift_01,meter_01,332,none,publish_interval,random,random,random,normal_drift,0.9999999942169273,0.5077493076171316,0,,1,0,collecting_candidates;drift_not_confirmed,source_publish_interval,voltage_rolling_mean=231.644142;source_publish_interval=0.803086,source_publish_interval,2.0210000220686197,22.227666107937694,24.29395797662437
2026-08-10T16:55:43.774655+00:00,communication_drift_01,meter_02,332,none,publish_interval,random,random,random,normal_drift,0.9999999997648652,0.43888544784969874,0,,1,0,collecting_candidates;drift_not_confirmed,source_publish_interval,voltage_rolling_mean=231.450462;source_publish_interval=0.803086,source_publish_interval,0.8651250973343849,12.067707953974605,12.963749933987856
2026-08-10T16:55:43.787755+00:00,communication_drift_01,meter_03,332,none,publish_interval,random,random,random,normal_drift,0.9999999999954141,0.44964380808440824,0,,1,0,collecting_candidates;drift_not_confirmed,source_publish_interval,voltage_rolling_mean=230.658893;source_publish_interval=0.803087,source_publish_interval,0.5470418836921453,9.490333963185549,10.058166924864054
2026-08-10T16:55:44.550954+00:00,communication_drift_01,meter_01,333,none,publish_interval,random,random,random,normal_drift,0.9999999929346901,0.454613622900037,0,,1,0,collecting_candidates;drift_not_confirmed,source_publish_interval,voltage_rolling_mean=231.644142;source_publish_interval=0.803086,source_publish_interval,2.709208056330681,18.537000054493546,21.287749987095594
2026-08-10T16:55:44.572683+00:00,communication_drift_01,meter_02,333,none,publish_interval,random,random,random,normal_drift,0.9999999994007711,0.4876054429204449,0,,1,0,collecting_candidates;drift_not_confirmed,source_publish_interval,voltage_rolling_mean=231.450462;source_publish_interval=0.803086,source_publish_interval,0.753958011046052,11.671291897073388,12.450417038053274
2026-08-10T16:55:44.585274+00:00,communication_drift_01,meter_03,333,none,publish_interval,random,random,random,normal_drift,0.9999999998327438,0.5965221440495384,0,,1,0,collecting_candidates;drift_not_confirmed,source_publish_interval,voltage_rolling_mean=230.658893;source_publish_interval=0.803087,source_publish_interval,0.5398329813033342,9.415667038410902,9.975624969229102
2026-08-10T16:55:45.354173+00:00,communication_drift_01,meter_01,334,none,publish_interval,random,random,random,normal_drift,0.9999999785076847,0.44426306221615075,0,,1,1,drift_not_confirmed;reference_updated,source_publish_interval,voltage_rolling_mean=231.644142;source_publish_interval=0.803638,source_publish_interval,2.6622500736266375,20.50733403302729,23.217458045110106
2026-08-10T16:55:45.377805+00:00,communication_drift_01,meter_02,334,none,publish_interval,random,random,random,normal_drift,0.9999999993902304,0.4611147104643867,0,,1,1,drift_not_confirmed;reference_updated,source_publish_interval,voltage_rolling_mean=231.450462;source_publish_interval=0.803640,source_publish_interval,0.757874920964241,11.819584062322974,12.60508387349546
2026-08-10T16:55:45.390546+00:00,communication_drift_01,meter_03,334,none,publish_interval,random,random,random,normal_drift,0.999999999917865,0.46708440262270234,0,,1,1,drift_not_confirmed;reference_updated,source_publish_interval,voltage_rolling_mean=230.658893;source_publish_interval=0.803640,source_publish_interval,0.5311251152306795,9.486375143751502,10.041582863777876
2026-08-10T16:55:46.159211+00:00,communication_drift_01,meter_01,335,none,publish_interval,random,random,random,normal_drift,0.9999999991575126,0.4672400327772565,0,,1,0,collecting_candidates;drift_not_confirmed,source_publish_interval,voltage_rolling_mean=231.644142;source_publish_interval=0.803638,source_publish_interval,2.3129999171942472,22.439999971538782,24.804040789604187
2026-08-10T16:55:46.184451+00:00,communication_drift_01,meter_02,335,none,publish_interval,random,random,random,normal_drift,0.9999999993344881,0.5016752646277152,0,,1,0,collecting_candidates;drift_not_confirmed,source_publish_interval,voltage_rolling_mean=231.450462;source_publish_interval=0.803640,source_publish_interval,0.8938750252127647,12.151916045695543,13.075374998152256
2026-08-10T16:55:46.197679+00:00,communication_drift_01,meter_03,335,none,publish_interval,random,random,random,normal_drift,0.9999999999982914,0.47458307286375045,0,,1,0,collecting_candidates;drift_not_confirmed,source_publish_interval,voltage_rolling_mean=230.658893;source_publish_interval=0.803640,source_publish_interval,0.5513750948011875,9.48341703042388,10.058209067210555
2026-08-10T16:55:46.964311+00:00,communication_drift_01,meter_01,336,none,publish_interval,random,random,random,normal_drift,0.9999999983086951,0.4385128288580097,0,,1,0,collecting_candidates;drift_not_confirmed,source_publish_interval,voltage_rolling_mean=231.644142;source_publish_interval=0.803638,source_publish_interval,2.33308388851583,22.228833055123687,24.611500091850758
2026-08-10T16:55:46.989317+00:00,communication_drift_01,meter_02,336,none,publish_interval,random,random,random,normal_drift,0.9999999999054985,0.44588861748887226,0,,1,0,collecting_candidates;drift_not_confirmed,source_publish_interval,voltage_rolling_mean=231.450462;source_publish_interval=0.803640,source_publish_interval,0.8440420497208834,11.965167010203004,12.834375025704503
2026-08-10T16:55:47.002276+00:00,communication_drift_01,meter_03,336,none,publish_interval,random,random,random,normal_drift,0.999999999996372,0.48779869127642395,0,,1,0,collecting_candidates;drift_not_confirmed,source_publish_interval,voltage_rolling_mean=230.658893;source_publish_interval=0.803640,source_publish_interval,0.5676660221070051,9.485249873250723,10.07291697897017
2026-08-10T16:55:47.769322+00:00,communication_drift_01,meter_01,337,none,publish_interval,random,random,random,normal_drift,0.9999999987922812,0.4584731187788596,0,,1,0,collecting_candidates;drift_not_confirmed,source_publish_interval,voltage_rolling_mean=231.644142;source_publish_interval=0.803638,source_publish_interval,2.9727912042289972,17.34037511050701,20.35104180686176
2026-08-10T16:55:47.790203+00:00,communication_drift_01,meter_02,337,none,publish_interval,random,random,random,normal_drift,0.9999999999621878,0.488398229239703,0,,1,0,collecting_candidates;drift_not_confirmed,source_publish_interval,voltage_rolling_mean=231.450462;source_publish_interval=0.803640,source_publish_interval,0.7346249185502529,10.915208142250776,11.673625092953444
2026-08-10T16:55:47.801993+00:00,communication_drift_01,meter_03,337,none,publish_interval,random,random,random,normal_drift,0.9999999999875464,0.4469779548417364,0,,1,0,collecting_candidates;drift_not_confirmed,source_publish_interval,voltage_rolling_mean=230.658893;source_publish_interval=0.803640,source_publish_interval,0.5277080927044153,9.339000098407269,9.8879998549819
2026-08-10T16:55:48.575021+00:00,communication_drift_01,meter_01,338,none,publish_interval,random,random,random,normal_drift,0.999999964304931,0.4890531432764903,0,,1,0,collecting_candidates;drift_not_confirmed,source_publish_interval,voltage_rolling_mean=231.644142;source_publish_interval=0.803638,source_publish_interval,2.0004999823868275,22.244124906137586,24.290416156873107
2026-08-10T16:55:48.599846+00:00,communication_drift_01,meter_02,338,none,publish_interval,random,random,random,normal_drift,0.9999999999408287,0.4745637852983109,0,,1,0,collecting_candidates;drift_not_confirmed,source_publish_interval,voltage_rolling_mean=231.450462;source_publish_interval=0.803640,source_publish_interval,0.8995840325951576,12.09975010715425,13.026166008785367
2026-08-10T16:55:48.613012+00:00,communication_drift_01,meter_03,338,none,publish_interval,random,random,random,normal_drift,0.9999999999982692,0.4642678594867782,0,,1,0,collecting_candidates;drift_not_confirmed,source_publish_interval,voltage_rolling_mean=230.658893;source_publish_interval=0.803640,source_publish_interval,0.5434171762317419,9.55500011332333,10.11904189363122
2026-08-10T16:55:49.376838+00:00,communication_drift_01,meter_01,339,none,publish_interval,random,random,random,normal_drift,0.9999999963228712,0.5154532207148409,0,,1,0,collecting_candidates;drift_not_confirmed,source_publish_interval,voltage_rolling_mean=231.644142;source_publish_interval=0.803638,source_publish_interval,1.9812500104308128,21.937166806310415,23.95945810712874
2026-08-10T16:55:49.401164+00:00,communication_drift_01,meter_02,339,none,publish_interval,random,random,random,normal_drift,0.9999999998218332,0.4539589752089588,0,,1,0,collecting_candidates;drift_not_confirmed,source_publish_interval,voltage_rolling_mean=231.450462;source_publish_interval=0.803640,source_publish_interval,0.8637090213596821,12.052291072905064,12.941166060045362
2026-08-10T16:55:49.414243+00:00,communication_drift_01,meter_03,339,none,publish_interval,random,random,random,normal_drift,0.9999999999982983,0.4729250224601678,0,,1,0,collecting_candidates;drift_not_confirmed,source_publish_interval,voltage_rolling_mean=230.658893;source_publish_interval=0.803640,source_publish_interval,0.5457920487970114,9.466791991144419,10.032582795247436
2026-08-10T16:55:50.179755+00:00,communication_drift_01,meter_01,340,none,publish_interval,random,random,random,normal_drift,0.9999999993544733,0.44999908987045156,0,,1,0,collecting_candidates;drift_not_confirmed,source_publish_interval,voltage_rolling_mean=231.644142;source_publish_interval=0.803638,source_publish_interval,2.4615000002086163,19.238000037148595,21.73816692084074
2026-08-10T16:55:50.201925+00:00,communication_drift_01,meter_02,340,none,publish_interval,random,random,random,normal_drift,0.999999999923606,0.45953597507416194,0,,1,0,collecting_candidates;drift_not_confirmed,source_publish_interval,voltage_rolling_mean=231.450462;source_publish_interval=0.803640,source_publish_interval,0.7278330158442259,11.428582947701216,12.17841706238687
2026-08-10T16:55:50.214212+00:00,communication_drift_01,meter_03,340,none,publish_interval,random,random,random,normal_drift,0.9999999999926608,0.45079433089127136,0,,1,0,collecting_candidates;drift_not_confirmed,source_publish_interval,voltage_rolling_mean=230.658893;source_publish_interval=0.803640,source_publish_interval,0.5068331956863403,9.831707924604416,10.35983394831419
2026-08-10T16:55:50.980224+00:00,communication_drift_01,meter_01,341,none,publish_interval,random,random,random,normal_drift,0.9999999854463337,0.4955031440895341,0,,1,0,collecting_candidates;drift_not_confirmed,source_publish_interval,voltage_rolling_mean=231.644142;source_publish_interval=0.803638,source_publish_interval,3.065458033233881,23.25550001114607,26.367082959041
2026-08-10T16:55:51.007047+00:00,communication_drift_01,meter_02,341,none,publish_interval,random,random,random,normal_drift,0.999999999636773,0.5557779265241606,0,,1,0,collecting_candidates;drift_not_confirmed,source_publish_interval,voltage_rolling_mean=231.450462;source_publish_interval=0.803640,source_publish_interval,0.869707902893424,12.275333050638437,13.17241694778204
2026-08-10T16:55:51.020362+00:00,communication_drift_01,meter_03,341,none,publish_interval,random,random,random,normal_drift,0.9999999999977132,0.44586934717434906,0,,1,0,collecting_candidates;drift_not_confirmed,source_publish_interval,voltage_rolling_mean=230.658893;source_publish_interval=0.803640,source_publish_interval,0.5267499946057796,9.602040983736515,10.151249822229147
2026-08-10T16:55:51.785259+00:00,communication_drift_01,meter_01,342,none,publish_interval,random,random,random,normal_drift,0.9999999997988869,0.45536613577891183,0,,1,0,collecting_candidates;drift_not_confirmed,source_publish_interval,voltage_rolling_mean=231.644142;source_publish_interval=0.803638,source_publish_interval,2.5577081833034754,22.621999960392714,25.220457930117846
2026-08-10T16:55:51.810899+00:00,communication_drift_01,meter_02,342,none,publish_interval,random,random,random,normal_drift,0.9999999999091584,0.45083602594254824,0,,1,0,collecting_candidates;drift_not_confirmed,source_publish_interval,voltage_rolling_mean=231.450462;source_publish_interval=0.803640,source_publish_interval,0.843915855512023,12.029875069856644,12.8989580553025
2026-08-10T16:55:51.823918+00:00,communication_drift_01,meter_03,342,none,publish_interval,random,random,random,normal_drift,0.9999999999936078,0.4503032374857963,0,,1,0,collecting_candidates;drift_not_confirmed,source_publish_interval,voltage_rolling_mean=230.658893;source_publish_interval=0.803640,source_publish_interval,0.5487909074872732,9.552625007927418,10.1217080373317
2026-08-10T16:55:52.587840+00:00,communication_drift_01,meter_01,343,none,publish_interval,random,random,random,normal_drift,0.9999999988328172,0.4739001726596932,0,,1,0,collecting_candidates;drift_not_confirmed,source_publish_interval,voltage_rolling_mean=231.644142;source_publish_interval=0.803638,source_publish_interval,1.294582849368453,20.868667168542743,22.210249910131097
2026-08-10T16:55:52.610393+00:00,communication_drift_01,meter_02,343,none,publish_interval,random,random,random,normal_drift,0.9999999999206346,0.4905793878601622,0,,1,0,collecting_candidates;drift_not_confirmed,source_publish_interval,voltage_rolling_mean=231.450462;source_publish_interval=0.803640,source_publish_interval,0.8435419294983149,13.251000083982944,14.120624866336584
2026-08-10T16:55:52.624633+00:00,communication_drift_01,meter_03,343,none,publish_interval,random,random,random,normal_drift,0.9999999999939657,0.4989414455715237,0,,1,0,collecting_candidates;drift_not_confirmed,source_publish_interval,voltage_rolling_mean=230.658893;source_publish_interval=0.803640,source_publish_interval,0.5701659247279167,10.155332973226905,10.74749999679625
2026-08-10T16:55:53.390672+00:00,communication_drift_01,meter_01,344,none,publish_interval,random,random,random,normal_drift,0.9999999993104147,0.44397517075542337,0,,1,0,collecting_candidates;drift_not_confirmed,source_publish_interval,voltage_rolling_mean=231.644142;source_publish_interval=0.803638,source_publish_interval,2.0781669300049543,21.864750189706683,23.97870901040733
2026-08-10T16:55:53.414954+00:00,communication_drift_01,meter_02,344,none,publish_interval,random,random,random,normal_drift,0.9999999999619165,0.4451727789921575,0,,1,0,collecting_candidates;drift_not_confirmed,source_publish_interval,voltage_rolling_mean=231.450462;source_publish_interval=0.803640,source_publish_interval,0.8351660799235106,11.845708126202226,12.704834109172225
2026-08-10T16:55:53.427771+00:00,communication_drift_01,meter_03,344,none,publish_interval,random,random,random,normal_drift,0.9999999999965856,0.43296789659184687,0,,1,0,collecting_candidates;drift_not_confirmed,source_publish_interval,voltage_rolling_mean=230.658893;source_publish_interval=0.803640,source_publish_interval,0.5558340344578028,9.760957909747958,10.336749954149127
2026-08-10T16:55:54.195865+00:00,communication_drift_01,meter_01,345,none,publish_interval,random,random,random,normal_drift,0.9999999989594224,0.4487175238772668,0,,1,0,collecting_candidates;drift_not_confirmed,source_publish_interval,voltage_rolling_mean=231.644142;source_publish_interval=0.803638,source_publish_interval,2.0549579057842493,22.113250102847815,24.203540990129113
2026-08-10T16:55:54.220397+00:00,communication_drift_01,meter_02,345,none,publish_interval,random,random,random,normal_drift,0.9999999999860414,0.4477913301316132,0,,1,0,collecting_candidates;drift_not_confirmed,source_publish_interval,voltage_rolling_mean=231.450462;source_publish_interval=0.803640,source_publish_interval,0.8164169266819954,11.95833389647305,12.798208044841886
2026-08-10T16:55:54.233306+00:00,communication_drift_01,meter_03,345,none,publish_interval,random,random,random,normal_drift,0.9999999999937308,0.45538458569145357,0,,1,0,collecting_candidates;drift_not_confirmed,source_publish_interval,voltage_rolling_mean=230.658893;source_publish_interval=0.803640,source_publish_interval,0.5224589258432388,9.57533298060298,10.116791818290949
2026-08-10T16:55:54.997832+00:00,communication_drift_01,meter_01,346,none,publish_interval,random,random,random,normal_drift,0.9999999782701392,0.5950917782091317,0,,1,0,collecting_candidates;drift_not_confirmed,source_publish_interval,voltage_rolling_mean=231.644142;source_publish_interval=0.803638,source_publish_interval,2.014374826103449,22.46408397331834,24.52270803041756
2026-08-10T16:55:55.022691+00:00,communication_drift_01,meter_02,346,none,publish_interval,random,random,random,normal_drift,0.9999999999307616,0.47667447813281283,0,,1,0,collecting_candidates;drift_not_confirmed,source_publish_interval,voltage_rolling_mean=231.450462;source_publish_interval=0.803640,source_publish_interval,0.8181671146303415,11.898667085915804,12.740917038172483
2026-08-10T16:55:55.035566+00:00,communication_drift_01,meter_03,346,none,publish_interval,random,random,random,normal_drift,0.9999999999980693,0.45821581403296235,0,,1,0,collecting_candidates;drift_not_confirmed,source_publish_interval,voltage_rolling_mean=230.658893;source_publish_interval=0.803640,source_publish_interval,0.5159589927643538,9.521125117316842,10.058833053335547
2026-08-10T16:55:55.801282+00:00,communication_drift_01,meter_01,347,none,publish_interval,random,random,random,normal_drift,0.9999999910394811,0.4942064051857924,0,,1,0,collecting_candidates;drift_not_confirmed,source_publish_interval,voltage_rolling_mean=231.644142;source_publish_interval=0.803638,source_publish_interval,2.5609158910810947,22.54129177890718,25.152250193059444
2026-08-10T16:55:55.826824+00:00,communication_drift_01,meter_02,347,none,publish_interval,random,random,random,normal_drift,0.9999999999849807,0.479225010570981,0,,1,0,collecting_candidates;drift_not_confirmed,source_publish_interval,voltage_rolling_mean=231.450462;source_publish_interval=0.803640,source_publish_interval,0.8371248841285706,12.098792009055614,12.959958985447884
2026-08-10T16:55:55.839895+00:00,communication_drift_01,meter_03,347,none,publish_interval,random,random,random,normal_drift,0.9999999999818692,0.44619705716754765,0,,1,0,collecting_candidates;drift_not_confirmed,source_publish_interval,voltage_rolling_mean=230.658893;source_publish_interval=0.803640,source_publish_interval,0.5372080486267805,9.590415982529521,10.147250024601817
2026-08-10T16:55:56.601880+00:00,communication_drift_01,meter_01,348,none,publish_interval,random,random,random,normal_drift,0.9999999914820495,0.5039788404873352,0,,1,0,collecting_candidates;drift_not_confirmed,source_publish_interval,voltage_rolling_mean=231.644142;source_publish_interval=0.803638,source_publish_interval,1.3630830217152834,20.801292033866048,22.20954210497439
2026-08-10T16:55:56.624384+00:00,communication_drift_01,meter_02,348,none,publish_interval,random,random,random,normal_drift,0.9999999999685998,0.4560281829575912,0,,1,0,collecting_candidates;drift_not_confirmed,source_publish_interval,voltage_rolling_mean=231.450462;source_publish_interval=0.803640,source_publish_interval,0.8490418549627066,12.590707978233695,13.465875061228871
2026-08-10T16:55:56.637968+00:00,communication_drift_01,meter_03,348,none,publish_interval,random,random,random,normal_drift,0.9999999999951121,0.4599115896288565,0,,1,0,collecting_candidates;drift_not_confirmed,source_publish_interval,voltage_rolling_mean=230.658893;source_publish_interval=0.803640,source_publish_interval,0.5672911647707224,9.943166049197316,10.534666944295168
2026-08-10T16:55:57.407595+00:00,communication_drift_01,meter_01,349,none,publish_interval,random,random,random,normal_drift,0.999999999889303,0.4575372815737211,0,,1,0,collecting_candidates;drift_not_confirmed,source_publish_interval,voltage_rolling_mean=231.644142;source_publish_interval=0.803638,source_publish_interval,2.0307088270783424,21.81145898066461,23.881457978859544
2026-08-10T16:55:57.431799+00:00,communication_drift_01,meter_02,349,none,publish_interval,random,random,random,normal_drift,0.9999999999616893,0.44571192014296246,0,,1,0,collecting_candidates;drift_not_confirmed,source_publish_interval,voltage_rolling_mean=231.450462;source_publish_interval=0.803640,source_publish_interval,0.8363751694560051,11.935499962419271,12.796666007488966
2026-08-10T16:55:57.444715+00:00,communication_drift_01,meter_03,349,none,publish_interval,random,random,random,normal_drift,0.9999999999989775,0.4823756287766156,0,,1,0,collecting_candidates;drift_not_confirmed,source_publish_interval,voltage_rolling_mean=230.658893;source_publish_interval=0.803640,source_publish_interval,0.5522090941667557,9.473874932155013,10.046625044196844
2026-08-10T16:55:58.212878+00:00,communication_drift_01,meter_01,350,none,publish_interval,random,random,random,normal_drift,0.9999999997865141,0.4374596595797849,0,,1,0,collecting_candidates;drift_not_confirmed,source_publish_interval,voltage_rolling_mean=231.644142;source_publish_interval=0.803638,source_publish_interval,2.854290883988142,22.582834120839834,25.472332956269383
2026-08-10T16:55:58.238736+00:00,communication_drift_01,meter_02,350,none,publish_interval,random,random,random,normal_drift,0.9999999995719804,0.6478028163882388,0,,1,0,collecting_candidates;drift_not_confirmed,source_publish_interval,voltage_rolling_mean=231.450462;source_publish_interval=0.803640,source_publish_interval,0.8089160546660423,12.130958028137684,12.965666130185127
2026-08-10T16:55:58.251825+00:00,communication_drift_01,meter_03,350,none,publish_interval,random,random,random,normal_drift,0.9999999999913722,0.4322522679902211,0,,1,0,collecting_candidates;drift_not_confirmed,source_publish_interval,voltage_rolling_mean=230.658893;source_publish_interval=0.803640,source_publish_interval,0.5690839607268572,9.498917032033205,10.086665861308575
2026-08-10T16:55:59.016889+00:00,communication_drift_01,meter_01,351,none,publish_interval,random,random,random,normal_drift,0.9999999998334608,0.5168300668229934,0,,1,0,collecting_candidates;drift_not_confirmed,source_publish_interval,voltage_rolling_mean=231.644142;source_publish_interval=0.803638,source_publish_interval,1.42241595312953,20.91912506148219,22.38466707058251
2026-08-10T16:55:59.039595+00:00,communication_drift_01,meter_02,351,none,publish_interval,random,random,random,normal_drift,0.9999999999475584,0.4699856056081145,0,,1,0,collecting_candidates;drift_not_confirmed,source_publish_interval,voltage_rolling_mean=231.450462;source_publish_interval=0.803640,source_publish_interval,0.8827089332044125,13.145708944648504,14.055209001526237
2026-08-10T16:55:59.053776+00:00,communication_drift_01,meter_03,351,none,publish_interval,random,random,random,normal_drift,0.9999999999940761,0.46965567824458476,0,,1,0,collecting_candidates;drift_not_confirmed,source_publish_interval,voltage_rolling_mean=230.658893;source_publish_interval=0.803640,source_publish_interval,0.6010411307215691,10.167749831452966,10.788958985358477
2026-08-10T16:55:59.822297+00:00,communication_drift_01,meter_01,352,none,publish_interval,random,random,random,normal_drift,0.9999999997720634,0.44488244929313847,0,,1,0,collecting_candidates;drift_not_confirmed,source_publish_interval,voltage_rolling_mean=231.644142;source_publish_interval=0.803638,source_publish_interval,2.4338329676538706,21.451791981235147,23.92704109661281
2026-08-10T16:55:59.846649+00:00,communication_drift_01,meter_02,352,none,publish_interval,random,random,random,normal_drift,0.9999999999625875,0.4485011698504114,0,,1,0,collecting_candidates;drift_not_confirmed,source_publish_interval,voltage_rolling_mean=231.450462;source_publish_interval=0.803640,source_publish_interval,0.7964579854160547,11.94299990311265,12.764167040586472
2026-08-10T16:55:59.859530+00:00,communication_drift_01,meter_03,352,none,publish_interval,random,random,random,normal_drift,0.9999999999976834,0.43806829272219644,0,,1,0,collecting_candidates;drift_not_confirmed,source_publish_interval,voltage_rolling_mean=230.658893;source_publish_interval=0.803640,source_publish_interval,0.5222498439252377,9.486917173489928,10.029332945123315
2026-08-10T16:56:00.625048+00:00,communication_drift_01,meter_01,353,none,publish_interval,random,random,random,normal_drift,0.9999999996854658,0.462341007073448,0,,1,0,collecting_candidates;drift_not_confirmed,source_publish_interval,voltage_rolling_mean=231.644142;source_publish_interval=0.803638,source_publish_interval,2.2309168707579374,22.14208315126598,24.412125116214156
2026-08-10T16:56:00.649862+00:00,communication_drift_01,meter_02,353,none,publish_interval,random,random,random,normal_drift,0.9999999999824274,0.4620855733290971,0,,1,0,collecting_candidates;drift_not_confirmed,source_publish_interval,voltage_rolling_mean=231.450462;source_publish_interval=0.803640,source_publish_interval,0.8241671603173018,12.111916905269027,12.9610828589648
2026-08-10T16:56:00.662946+00:00,communication_drift_01,meter_03,353,none,publish_interval,random,random,random,normal_drift,0.9999999999984313,0.437726007373786,0,,1,0,collecting_candidates;drift_not_confirmed,source_publish_interval,voltage_rolling_mean=230.658893;source_publish_interval=0.803640,source_publish_interval,0.5671249236911535,9.560124948620796,10.147958993911743
2026-08-10T16:56:01.429942+00:00,communication_drift_01,meter_01,354,none,publish_interval,random,random,random,normal_drift,0.9999999996335849,0.46218085254773916,0,,1,1,drift_not_confirmed;reference_updated,source_publish_interval,voltage_rolling_mean=231.644142;source_publish_interval=0.803713,source_publish_interval,2.3104578722268343,22.864666068926454,25.22537508048117
2026-08-10T16:56:01.455620+00:00,communication_drift_01,meter_02,354,none,publish_interval,random,random,random,normal_drift,0.9999999999805651,0.44396238529176796,0,,1,1,drift_not_confirmed;reference_updated,source_publish_interval,voltage_rolling_mean=231.450462;source_publish_interval=0.803713,source_publish_interval,0.8458748925477266,12.077708030119538,12.949292082339525
2026-08-10T16:56:01.468693+00:00,communication_drift_01,meter_03,354,none,publish_interval,random,random,random,normal_drift,0.9999999999974871,0.4344943549028863,0,,1,1,drift_not_confirmed;reference_updated,source_publish_interval,voltage_rolling_mean=230.658893;source_publish_interval=0.803714,source_publish_interval,0.5318750627338886,9.563458152115345,10.117209050804377
2026-08-10T16:56:02.234380+00:00,communication_drift_01,meter_01,355,none,publish_interval,random,random,random,normal_drift,0.9999999998472586,0.4842552241508737,0,,1,0,collecting_candidates;drift_not_confirmed,source_publish_interval,voltage_rolling_mean=231.644142;source_publish_interval=0.803713,source_publish_interval,1.340291928499937,21.034042118117213,22.412332938984036
2026-08-10T16:56:02.257031+00:00,communication_drift_01,meter_02,355,none,publish_interval,random,random,random,normal_drift,0.9999999999559028,0.4634626689037215,0,,1,0,collecting_candidates;drift_not_confirmed,source_publish_interval,voltage_rolling_mean=231.450462;source_publish_interval=0.803713,source_publish_interval,0.8731249254196882,13.81166698411107,14.713624957948923
2026-08-10T16:56:02.271912+00:00,communication_drift_01,meter_03,355,none,publish_interval,random,random,random,normal_drift,0.9999999999912736,0.45505360099091885,0,,1,0,collecting_candidates;drift_not_confirmed,source_publish_interval,voltage_rolling_mean=230.658893;source_publish_interval=0.803714,source_publish_interval,0.6224168464541435,10.318542132154107,10.962208034470677
2026-08-10T16:56:03.037581+00:00,communication_drift_01,meter_01,356,none,publish_interval,random,random,random,normal_drift,0.9999999998697653,0.4338813028430526,0,,1,0,collecting_candidates;drift_not_confirmed,source_publish_interval,voltage_rolling_mean=231.644142;source_publish_interval=0.803713,source_publish_interval,2.102457918226719,22.583667188882828,24.7338330373168
2026-08-10T16:56:03.062613+00:00,communication_drift_01,meter_02,356,none,publish_interval,random,random,random,normal_drift,0.9999999999783913,0.4525485193071215,0,,1,0,collecting_candidates;drift_not_confirmed,source_publish_interval,voltage_rolling_mean=231.450462;source_publish_interval=0.803713,source_publish_interval,0.8627499919384718,12.237209128215909,13.125791912898421
2026-08-10T16:56:03.075889+00:00,communication_drift_01,meter_03,356,none,publish_interval,random,random,random,normal_drift,0.9999999999936637,0.48218099712357815,0,,1,0,collecting_candidates;drift_not_confirmed,source_publish_interval,voltage_rolling_mean=230.658893;source_publish_interval=0.803714,source_publish_interval,0.573999946936965,9.637125069275498,10.231083957478404
2026-08-10T16:56:03.841681+00:00,communication_drift_01,meter_01,357,none,publish_interval,random,random,random,normal_drift,0.9999999997854006,0.4715022439922566,0,,1,0,collecting_candidates;drift_not_confirmed,source_publish_interval,voltage_rolling_mean=231.644142;source_publish_interval=0.803713,source_publish_interval,2.0138751715421677,22.165833041071892,24.230499984696507
2026-08-10T16:56:03.866276+00:00,communication_drift_01,meter_02,357,none,publish_interval,random,random,random,normal_drift,0.9999999999665652,0.4627422142857512,0,,1,0,collecting_candidates;drift_not_confirmed,source_publish_interval,voltage_rolling_mean=231.450462;source_publish_interval=0.803713,source_publish_interval,0.8522919379174709,11.895667063072324,12.773000169545412
2026-08-10T16:56:03.879173+00:00,communication_drift_01,meter_03,357,none,publish_interval,random,random,random,normal_drift,0.9999999999977642,0.4864475005130466,0,,1,0,collecting_candidates;drift_not_confirmed,source_publish_interval,voltage_rolling_mean=230.658893;source_publish_interval=0.803714,source_publish_interval,0.5433750338852406,9.498166851699352,10.062165791168809
2026-08-10T16:56:04.646493+00:00,communication_drift_01,meter_01,358,none,publish_interval,random,random,random,normal_drift,0.9999999998811719,0.44566150535598065,0,,1,0,collecting_candidates;drift_not_confirmed,source_publish_interval,voltage_rolling_mean=231.644142;source_publish_interval=0.803713,source_publish_interval,2.5590418372303247,22.830875124782324,25.435290997847915
2026-08-10T16:56:04.672370+00:00,communication_drift_01,meter_02,358,none,publish_interval,random,random,random,normal_drift,0.9999999999568858,0.5735206826878578,0,,1,0,collecting_candidates;drift_not_confirmed,source_publish_interval,voltage_rolling_mean=231.450462;source_publish_interval=0.803713,source_publish_interval,0.8486248552799225,11.99129200540483,12.866124976426363
2026-08-10T16:56:04.685370+00:00,communication_drift_01,meter_03,358,none,publish_interval,random,random,random,normal_drift,0.9999999999971314,0.46178133961991175,0,,1,0,collecting_candidates;drift_not_confirmed,source_publish_interval,voltage_rolling_mean=230.658893;source_publish_interval=0.803714,source_publish_interval,0.5021658726036549,9.449666133150458,9.972374886274338
2026-08-10T16:56:05.447830+00:00,communication_drift_01,meter_01,359,none,publish_interval,random,random,random,normal_drift,0.9999999999629641,0.45766556863727265,0,,1,0,collecting_candidates;drift_not_confirmed,source_publish_interval,voltage_rolling_mean=231.644142;source_publish_interval=0.803713,source_publish_interval,2.001166110858321,23.22237496264279,25.265415897592902
2026-08-10T16:56:05.473421+00:00,communication_drift_01,meter_02,359,none,publish_interval,random,random,random,normal_drift,0.9999999999818576,0.43493333468287537,0,,1,0,collecting_candidates;drift_not_confirmed,source_publish_interval,voltage_rolling_mean=231.450462;source_publish_interval=0.803713,source_publish_interval,0.8554582018405199,12.183374958112836,13.064750004559755
2026-08-10T16:56:05.486622+00:00,communication_drift_01,meter_03,359,none,publish_interval,random,random,random,normal_drift,0.999999999996289,0.4307821766504069,0,,1,0,collecting_candidates;drift_not_confirmed,source_publish_interval,voltage_rolling_mean=230.658893;source_publish_interval=0.803714,source_publish_interval,0.5744171794503927,9.917750023305416,10.513208108022809
2026-08-10T16:56:06.253563+00:00,communication_drift_01,meter_01,360,none,publish_interval,random,random,random,normal_drift,0.9999999997070479,0.5681149488834458,0,,1,0,collecting_candidates;drift_not_confirmed,source_publish_interval,voltage_rolling_mean=231.644142;source_publish_interval=0.803713,source_publish_interval,2.600915962830186,20.548040978610516,23.190833162516356
2026-08-10T16:56:06.277194+00:00,communication_drift_01,meter_02,360,none,publish_interval,random,random,random,normal_drift,0.999999999972941,0.43628551914257047,0,,1,0,collecting_candidates;drift_not_confirmed,source_publish_interval,voltage_rolling_mean=231.450462;source_publish_interval=0.803713,source_publish_interval,0.7184168789535761,11.68620795942843,12.42720801383257
2026-08-10T16:56:06.289749+00:00,communication_drift_01,meter_03,360,none,publish_interval,random,random,random,normal_drift,0.9999999999975544,0.47476058069093974,0,,1,0,collecting_candidates;drift_not_confirmed,source_publish_interval,voltage_rolling_mean=230.658893;source_publish_interval=0.803714,source_publish_interval,0.5071659106761217,9.38137504272163,9.908209089189768
2026-08-10T16:56:07.058576+00:00,communication_drift_01,meter_01,361,none,publish_interval,random,random,random,normal_drift,0.9999999999366975,0.46103668414161353,0,,1,0,collecting_candidates;drift_not_confirmed,source_publish_interval,voltage_rolling_mean=231.644142;source_publish_interval=0.803713,source_publish_interval,1.9956249743700027,22.642500000074506,24.678625166416168
2026-08-10T16:56:07.083604+00:00,communication_drift_01,meter_02,361,none,publish_interval,random,random,random,normal_drift,0.9999999998988791,0.6149152836373964,0,,1,0,collecting_candidates;drift_not_confirmed,source_publish_interval,voltage_rolling_mean=231.450462;source_publish_interval=0.803713,source_publish_interval,0.7817500736564398,11.85658317990601,12.66183308325708
2026-08-10T16:56:07.096384+00:00,communication_drift_01,meter_03,361,none,publish_interval,random,random,random,normal_drift,0.9999999999981573,0.47503259020944666,0,,1,0,collecting_candidates;drift_not_confirmed,source_publish_interval,voltage_rolling_mean=230.658893;source_publish_interval=0.803714,source_publish_interval,0.5120839923620224,9.511583019047976,10.044500231742859
2026-08-10T16:56:07.863507+00:00,communication_drift_01,meter_01,362,none,publish_interval,random,random,random,normal_drift,0.9999999999862608,0.4508484055852609,0,,1,0,collecting_candidates;drift_not_confirmed,source_publish_interval,voltage_rolling_mean=231.644142;source_publish_interval=0.803713,source_publish_interval,1.9080410711467266,21.68737491592765,23.652708856388927
2026-08-10T16:56:07.887577+00:00,communication_drift_01,meter_02,362,none,publish_interval,random,random,random,normal_drift,0.9999999999932663,0.50967376478265,0,,1,0,collecting_candidates;drift_not_confirmed,source_publish_interval,voltage_rolling_mean=231.450462;source_publish_interval=0.803713,source_publish_interval,0.8863748516887426,12.063957983627915,12.978874845430255
2026-08-10T16:56:07.900702+00:00,communication_drift_01,meter_03,362,none,publish_interval,random,random,random,normal_drift,0.9999999999949662,0.44733762457825255,0,,1,0,collecting_candidates;drift_not_confirmed,source_publish_interval,voltage_rolling_mean=230.658893;source_publish_interval=0.803714,source_publish_interval,0.530916964635253,9.661999996751547,10.214833077043295
2026-08-10T16:56:08.668615+00:00,communication_drift_01,meter_01,363,none,publish_interval,random,random,random,normal_drift,0.9999999997892031,0.504562009882621,0,,1,0,collecting_candidates;drift_not_confirmed,source_publish_interval,voltage_rolling_mean=231.644142;source_publish_interval=0.803713,source_publish_interval,1.9051670096814632,21.959833800792694,23.92424992285669
2026-08-10T16:56:08.692854+00:00,communication_drift_01,meter_02,363,none,publish_interval,random,random,random,normal_drift,0.9999999999921843,0.5298418815874666,0,,1,0,collecting_candidates;drift_not_confirmed,source_publish_interval,voltage_rolling_mean=231.450462;source_publish_interval=0.803713,source_publish_interval,0.8563750889152288,11.904207989573479,12.786541134119034
2026-08-10T16:56:08.705763+00:00,communication_drift_01,meter_03,363,none,publish_interval,random,random,random,normal_drift,0.9999999999939642,0.5995673610955456,0,,1,0,collecting_candidates;drift_not_confirmed,source_publish_interval,voltage_rolling_mean=230.658893;source_publish_interval=0.803714,source_publish_interval,0.5575830582529306,9.42391692660749,10.00204193405807
2026-08-10T16:56:09.473812+00:00,communication_drift_01,meter_01,364,none,publish_interval,random,random,random,normal_drift,0.999999999995334,0.46664774524020264,0,,1,0,collecting_candidates;drift_not_confirmed,source_publish_interval,voltage_rolling_mean=231.644142;source_publish_interval=0.803713,source_publish_interval,2.2523750085383654,22.378541994839907,24.67050007544458
2026-08-10T16:56:09.498908+00:00,communication_drift_01,meter_02,364,none,publish_interval,random,random,random,normal_drift,0.9999999999975415,0.4973369945978959,0,,1,0,collecting_candidates;drift_not_confirmed,source_publish_interval,voltage_rolling_mean=231.450462;source_publish_interval=0.803713,source_publish_interval,0.8044170681387186,12.057207990437746,12.886625016108155
2026-08-10T16:56:09.511911+00:00,communication_drift_01,meter_03,364,none,publish_interval,random,random,random,normal_drift,0.9999999999930458,0.4538856654999987,0,,1,0,collecting_candidates;drift_not_confirmed,source_publish_interval,voltage_rolling_mean=230.658893;source_publish_interval=0.803714,source_publish_interval,0.5368338897824287,9.52304108068347,10.079958941787481
2026-08-10T16:56:10.278712+00:00,communication_drift_01,meter_01,365,none,publish_interval,random,random,random,normal_drift,0.9999999999571256,0.48204504494937267,0,,1,0,collecting_candidates;drift_not_confirmed,source_publish_interval,voltage_rolling_mean=231.644142;source_publish_interval=0.803713,source_publish_interval,2.007042057812214,21.36570797301829,23.414290975779295
2026-08-10T16:56:10.302469+00:00,communication_drift_01,meter_02,365,none,publish_interval,random,random,random,normal_drift,0.9999999999823088,0.46044302160559264,0,,1,0,collecting_candidates;drift_not_confirmed,source_publish_interval,voltage_rolling_mean=231.450462;source_publish_interval=0.803713,source_publish_interval,0.7117078639566898,11.724875075742602,12.461666949093342
2026-08-10T16:56:10.315063+00:00,communication_drift_01,meter_03,365,none,publish_interval,random,random,random,normal_drift,0.9999999999709102,0.587405315268511,0,,1,0,collecting_candidates;drift_not_confirmed,source_publish_interval,voltage_rolling_mean=230.658893;source_publish_interval=0.803714,source_publish_interval,0.5855411291122437,9.638958144932985,10.244958102703094
2026-08-10T16:56:11.083663+00:00,communication_drift_01,meter_01,366,none,publish_interval,random,random,random,normal_drift,0.9999999999513569,0.48069941085972,0,,1,0,collecting_candidates;drift_not_confirmed,source_publish_interval,voltage_rolling_mean=231.644142;source_publish_interval=0.803713,source_publish_interval,2.222415991127491,22.191416937857866,24.449832970276475
2026-08-10T16:56:11.108516+00:00,communication_drift_01,meter_02,366,none,publish_interval,random,random,random,normal_drift,0.9999999999941394,0.46898763416087774,0,,1,0,collecting_candidates;drift_not_confirmed,source_publish_interval,voltage_rolling_mean=231.450462;source_publish_interval=0.803713,source_publish_interval,0.8218749426305294,11.970083927735686,12.817250099033117
2026-08-10T16:56:11.121477+00:00,communication_drift_01,meter_03,366,none,publish_interval,random,random,random,normal_drift,0.9999999999979357,0.49235603775498804,0,,1,0,collecting_candidates;drift_not_confirmed,source_publish_interval,voltage_rolling_mean=230.658893;source_publish_interval=0.803714,source_publish_interval,0.5633749533444643,9.466458112001419,10.060625150799751
2026-08-10T16:56:11.888657+00:00,communication_drift_01,meter_01,367,none,publish_interval,random,random,random,normal_drift,0.9999999999907632,0.4583923285336887,0,,1,0,collecting_candidates;drift_not_confirmed,source_publish_interval,voltage_rolling_mean=231.644142;source_publish_interval=0.803713,source_publish_interval,2.1902499720454216,21.001999964937568,23.22687511332333
2026-08-10T16:56:11.912252+00:00,communication_drift_01,meter_02,367,none,publish_interval,random,random,random,normal_drift,0.9999999999941662,0.43621821932436566,0,,1,0,collecting_candidates;drift_not_confirmed,source_publish_interval,voltage_rolling_mean=231.450462;source_publish_interval=0.803713,source_publish_interval,0.7087918929755688,11.840624967589974,12.574041029438376
2026-08-10T16:56:11.924942+00:00,communication_drift_01,meter_03,367,none,publish_interval,random,random,random,normal_drift,0.9999999999593678,0.5126083437179276,0,,1,0,collecting_candidates;drift_not_confirmed,source_publish_interval,voltage_rolling_mean=230.658893;source_publish_interval=0.803714,source_publish_interval,0.53191720508039,9.55958291888237,10.111749870702624
2026-08-10T16:56:12.693443+00:00,communication_drift_01,meter_01,368,none,publish_interval,random,random,random,normal_drift,0.9999999999409175,0.5951024062889356,0,,1,0,collecting_candidates;drift_not_confirmed,source_publish_interval,voltage_rolling_mean=231.644142;source_publish_interval=0.803713,source_publish_interval,2.6455000042915344,22.225792054086924,24.90933402441442
2026-08-10T16:56:12.718847+00:00,communication_drift_01,meter_02,368,none,publish_interval,random,random,random,normal_drift,0.9999999999971889,0.44675929349283394,0,,1,0,collecting_candidates;drift_not_confirmed,source_publish_interval,voltage_rolling_mean=231.450462;source_publish_interval=0.803713,source_publish_interval,0.8331669960170984,11.962249875068665,12.819292023777962
2026-08-10T16:56:12.731782+00:00,communication_drift_01,meter_03,368,none,publish_interval,random,random,random,normal_drift,0.9999999999989193,0.4412456927015055,0,,1,0,collecting_candidates;drift_not_confirmed,source_publish_interval,voltage_rolling_mean=230.658893;source_publish_interval=0.803714,source_publish_interval,0.587458023801446,9.413083083927631,10.020041139796376
2026-08-10T16:56:13.498240+00:00,communication_drift_01,meter_01,369,none,publish_interval,random,random,random,normal_drift,0.9999999999702918,0.47483322344948514,0,,1,0,collecting_candidates;drift_not_confirmed,source_publish_interval,voltage_rolling_mean=231.644142;source_publish_interval=0.803713,source_publish_interval,2.0433750469237566,22.77979184873402,24.862624937668443
2026-08-10T16:56:13.523405+00:00,communication_drift_01,meter_02,369,none,publish_interval,random,random,random,normal_drift,0.9999999999987794,0.4372536183341505,0,,1,0,collecting_candidates;drift_not_confirmed,source_publish_interval,voltage_rolling_mean=231.450462;source_publish_interval=0.803713,source_publish_interval,0.84304204210639,12.10275012999773,12.970332987606525
2026-08-10T16:56:13.536509+00:00,communication_drift_01,meter_03,369,none,publish_interval,random,random,random,normal_drift,0.9999999999858575,0.4406609493002753,0,,1,0,collecting_candidates;drift_not_confirmed,source_publish_interval,voltage_rolling_mean=230.658893;source_publish_interval=0.803714,source_publish_interval,0.5487501621246338,9.5119159668684,10.08037501014769
2026-08-10T16:56:14.303383+00:00,communication_drift_01,meter_01,370,none,publish_interval,random,random,random,normal_drift,0.9999999999948737,0.4541548997844077,0,,1,0,collecting_candidates;drift_not_confirmed,source_publish_interval,voltage_rolling_mean=231.644142;source_publish_interval=0.803713,source_publish_interval,2.2208751179277897,22.49191701412201,24.786584079265594
2026-08-10T16:56:14.328546+00:00,communication_drift_01,meter_02,370,none,publish_interval,random,random,random,normal_drift,0.9999999999968232,0.47680415533487835,0,,1,0,collecting_candidates;drift_not_confirmed,source_publish_interval,voltage_rolling_mean=231.450462;source_publish_interval=0.803713,source_publish_interval,0.84491609595716,12.07695808261633,12.951666954904795
2026-08-10T16:56:14.341700+00:00,communication_drift_01,meter_03,370,none,publish_interval,random,random,random,normal_drift,0.9999999999850899,0.4938735077516753,0,,1,0,collecting_candidates;drift_not_confirmed,source_publish_interval,voltage_rolling_mean=230.658893;source_publish_interval=0.803714,source_publish_interval,0.55508385412395,9.605959057807922,10.185624938458204
2026-08-10T16:56:15.107572+00:00,communication_drift_01,meter_01,371,none,publish_interval,random,random,random,normal_drift,0.9999999999956604,0.5083580586831377,0,,1,0,collecting_candidates;drift_not_confirmed,source_publish_interval,voltage_rolling_mean=231.644142;source_publish_interval=0.803713,source_publish_interval,2.1056660916656256,21.894915960729122,24.056500056758523
2026-08-10T16:56:15.132051+00:00,communication_drift_01,meter_02,371,none,publish_interval,random,random,random,normal_drift,0.9999999999866265,0.47871348255015705,0,,1,0,collecting_candidates;drift_not_confirmed,source_publish_interval,voltage_rolling_mean=231.450462;source_publish_interval=0.803713,source_publish_interval,0.7525419350713491,11.921457946300507,12.704459019005299
2026-08-10T16:56:15.144913+00:00,communication_drift_01,meter_03,371,none,publish_interval,random,random,random,normal_drift,0.999999999993773,0.4338061190001812,0,,1,0,collecting_candidates;drift_not_confirmed,source_publish_interval,voltage_rolling_mean=230.658893;source_publish_interval=0.803714,source_publish_interval,0.6204999517649412,9.667916921898723,10.311415884643793
2026-08-10T16:56:15.912994+00:00,communication_drift_01,meter_01,372,none,publish_interval,random,random,random,normal_drift,0.9999999998970106,0.45700303164636497,0,,1,0,collecting_candidates;drift_not_confirmed,source_publish_interval,voltage_rolling_mean=231.644142;source_publish_interval=0.803713,source_publish_interval,2.4463748559355736,19.637833116576076,22.121625021100044
2026-08-10T16:56:15.935546+00:00,communication_drift_01,meter_02,372,none,publish_interval,random,random,random,normal_drift,0.9999999999885547,0.4636050154460531,0,,1,0,collecting_candidates;drift_not_confirmed,source_publish_interval,voltage_rolling_mean=231.450462;source_publish_interval=0.803713,source_publish_interval,0.7204159628599882,11.678165988996625,12.42287503555417
2026-08-10T16:56:15.948103+00:00,communication_drift_01,meter_03,372,none,publish_interval,random,random,random,normal_drift,0.9999999999934226,0.4378734455383714,0,,1,0,collecting_candidates;drift_not_confirmed,source_publish_interval,voltage_rolling_mean=230.658893;source_publish_interval=0.803714,source_publish_interval,0.5376250483095646,9.48349991813302,10.040792170912027
2026-08-10T16:56:16.716484+00:00,communication_drift_01,meter_01,373,none,publish_interval,random,random,random,normal_drift,0.9999999999888318,0.4641994347222005,0,,1,0,collecting_candidates;drift_not_confirmed,source_publish_interval,voltage_rolling_mean=231.644142;source_publish_interval=0.803713,source_publish_interval,2.3209580685943365,18.488541012629867,20.840291865170002
2026-08-10T16:56:16.737686+00:00,communication_drift_01,meter_02,373,none,publish_interval,random,random,random,normal_drift,0.9999999999973468,0.47495775074376534,0,,1,0,collecting_candidates;drift_not_confirmed,source_publish_interval,voltage_rolling_mean=231.450462;source_publish_interval=0.803713,source_publish_interval,0.6550420075654984,11.471250094473362,12.147207977250218
2026-08-10T16:56:16.749925+00:00,communication_drift_01,meter_03,373,none,publish_interval,random,random,random,normal_drift,0.9999999999907523,0.4360843830351607,0,,1,0,collecting_candidates;drift_not_confirmed,source_publish_interval,voltage_rolling_mean=230.658893;source_publish_interval=0.803714,source_publish_interval,0.521042151376605,9.531666990369558,10.073750047013164
2026-08-10T16:56:17.520033+00:00,communication_drift_01,meter_01,374,none,publish_interval,random,random,random,normal_drift,0.999999999872349,0.5735117102114545,0,,1,1,drift_not_confirmed;reference_updated,source_publish_interval,voltage_rolling_mean=231.644142;source_publish_interval=0.804127,source_publish_interval,1.3774170074611902,21.19708387181163,22.617709124460816
2026-08-10T16:56:17.542971+00:00,communication_drift_01,meter_02,374,none,publish_interval,random,random,random,normal_drift,0.999999999994871,0.5070553047685395,0,,1,1,drift_not_confirmed;reference_updated,source_publish_interval,voltage_rolling_mean=231.450462;source_publish_interval=0.804120,source_publish_interval,0.8467917796224356,13.28924996778369,14.162542065605521
2026-08-10T16:56:17.557253+00:00,communication_drift_01,meter_03,374,none,publish_interval,random,random,random,normal_drift,0.9999999999934035,0.43423423662439387,0,,1,1,drift_not_confirmed;reference_updated,source_publish_interval,voltage_rolling_mean=230.658893;source_publish_interval=0.804119,source_publish_interval,0.6004578899592161,9.950707899406552,10.57270891033113
2026-08-10T16:56:18.321165+00:00,communication_drift_01,meter_01,375,none,publish_interval,random,random,random,normal_drift,0.9999999999925699,0.4520056309047914,0,,1,0,collecting_candidates;drift_not_confirmed,source_publish_interval,voltage_rolling_mean=231.644142;source_publish_interval=0.804127,source_publish_interval,2.1862920839339495,21.02529094554484,23.251417092978954
2026-08-10T16:56:18.344820+00:00,communication_drift_01,meter_02,375,none,publish_interval,random,random,random,normal_drift,0.9999999999980111,0.45972056421322305,0,,1,0,collecting_candidates;drift_not_confirmed,source_publish_interval,voltage_rolling_mean=231.450462;source_publish_interval=0.804120,source_publish_interval,0.7037920877337456,11.925125028938055,12.652375036850572
2026-08-10T16:56:18.357590+00:00,communication_drift_01,meter_03,375,none,publish_interval,random,random,random,normal_drift,0.9999999999793396,0.43438820931471794,0,,1,0,collecting_candidates;drift_not_confirmed,source_publish_interval,voltage_rolling_mean=230.658893;source_publish_interval=0.804119,source_publish_interval,0.5358750931918621,9.459582855924964,10.01624995842576
2026-08-10T16:56:19.126054+00:00,communication_drift_01,meter_01,376,none,publish_interval,random,random,random,normal_drift,0.999999999987288,0.46500367212589044,0,,1,0,collecting_candidates;drift_not_confirmed,source_publish_interval,voltage_rolling_mean=231.644142;source_publish_interval=0.804127,source_publish_interval,2.645708154886961,17.550749937072396,20.2329580206424
2026-08-10T16:56:19.146732+00:00,communication_drift_01,meter_02,376,none,publish_interval,random,random,random,normal_drift,0.9999999999906972,0.45606623363087784,0,,1,0,collecting_candidates;drift_not_confirmed,source_publish_interval,voltage_rolling_mean=231.450462;source_publish_interval=0.804120,source_publish_interval,0.7245407905429602,11.100791161879897,11.846042005345225
2026-08-10T16:56:19.158681+00:00,communication_drift_01,meter_03,376,none,publish_interval,random,random,random,normal_drift,0.9999999999816,0.4376698573587295,0,,1,0,collecting_candidates;drift_not_confirmed,source_publish_interval,voltage_rolling_mean=230.658893;source_publish_interval=0.804119,source_publish_interval,0.5212079267948866,9.25837503746152,9.799708845093846
2026-08-10T16:56:19.926877+00:00,communication_drift_01,meter_01,377,none,publish_interval,random,random,random,normal_drift,0.9999999999955738,0.48543706064208586,0,,1,0,collecting_candidates;drift_not_confirmed,source_publish_interval,voltage_rolling_mean=231.644142;source_publish_interval=0.804127,source_publish_interval,3.0490830540657043,15.47845802269876,18.558874959126115
2026-08-10T16:56:19.945838+00:00,communication_drift_01,meter_02,377,none,publish_interval,random,random,random,normal_drift,0.999999999990663,0.4755445085604187,0,,1,0,collecting_candidates;drift_not_confirmed,source_publish_interval,voltage_rolling_mean=231.450462;source_publish_interval=0.804120,source_publish_interval,0.7059578783810139,10.959667153656483,11.689082952216268
2026-08-10T16:56:19.957635+00:00,communication_drift_01,meter_03,377,none,publish_interval,random,random,random,normal_drift,0.9999999999821994,0.4419557512528029,0,,1,0,collecting_candidates;drift_not_confirmed,source_publish_interval,voltage_rolling_mean=230.658893;source_publish_interval=0.804119,source_publish_interval,0.5257921293377876,9.105290984734893,9.652415988966823
2026-08-10T16:56:20.728899+00:00,communication_drift_01,meter_01,378,none,publish_interval,random,random,random,normal_drift,0.9999999999683911,0.4665563991310371,0,,1,0,collecting_candidates;drift_not_confirmed,source_publish_interval,voltage_rolling_mean=231.644142;source_publish_interval=0.804127,source_publish_interval,2.534917090088129,22.15070789679885,24.728875141590834
2026-08-10T16:56:20.754043+00:00,communication_drift_01,meter_02,378,none,publish_interval,random,random,random,normal_drift,0.9999999999977356,0.43904055292701444,0,,1,0,collecting_candidates;drift_not_confirmed,source_publish_interval,voltage_rolling_mean=231.450462;source_publish_interval=0.804120,source_publish_interval,0.887041911482811,12.238041032105684,13.15041584894061
2026-08-10T16:56:20.767327+00:00,communication_drift_01,meter_03,378,none,publish_interval,random,random,random,normal_drift,0.9999999999359972,0.49726165954669777,0,,1,0,collecting_candidates;drift_not_confirmed,source_publish_interval,voltage_rolling_mean=230.658893;source_publish_interval=0.804119,source_publish_interval,0.5835408810526133,9.593290975317359,10.197417112067342
2026-08-10T16:56:21.534042+00:00,communication_drift_01,meter_01,379,none,publish_interval,random,random,random,normal_drift,0.9999999999671749,0.4642138375196642,0,,1,0,collecting_candidates;drift_not_confirmed,source_publish_interval,voltage_rolling_mean=231.644142;source_publish_interval=0.804127,source_publish_interval,1.9972079899162054,22.002875106409192,24.049042025581002
2026-08-10T16:56:21.558442+00:00,communication_drift_01,meter_02,379,none,publish_interval,random,random,random,normal_drift,0.9999999999834734,0.5243836936700852,0,,1,0,collecting_candidates;drift_not_confirmed,source_publish_interval,voltage_rolling_mean=231.450462;source_publish_interval=0.804120,source_publish_interval,0.9284999687224627,12.017749948427081,12.97383289784193
2026-08-10T16:56:21.571562+00:00,communication_drift_01,meter_03,379,none,publish_interval,random,random,random,normal_drift,0.9999999999242783,0.45314841964306024,0,,1,0,collecting_candidates;drift_not_confirmed,source_publish_interval,voltage_rolling_mean=230.658893;source_publish_interval=0.804119,source_publish_interval,0.5577921401709318,9.560584090650082,10.141375008970499
2026-08-10T16:56:22.338204+00:00,communication_drift_01,meter_01,380,none,publish_interval,random,random,random,normal_drift,0.9999999999970679,0.49000730632379724,0,,1,0,collecting_candidates;drift_not_confirmed,source_publish_interval,voltage_rolling_mean=231.644142;source_publish_interval=0.804127,source_publish_interval,2.0435829646885395,21.917042089626193,23.9978339523077
2026-08-10T16:56:22.362501+00:00,communication_drift_01,meter_02,380,none,publish_interval,random,random,random,normal_drift,0.9999999999967808,0.4424238596103694,0,,1,0,collecting_candidates;drift_not_confirmed,source_publish_interval,voltage_rolling_mean=231.450462;source_publish_interval=0.804120,source_publish_interval,0.8604589384049177,11.975874891504645,12.861874885857105
2026-08-10T16:56:22.375495+00:00,communication_drift_01,meter_03,380,none,publish_interval,random,random,random,normal_drift,0.9999999999819491,0.4767842052592623,0,,1,0,collecting_candidates;drift_not_confirmed,source_publish_interval,voltage_rolling_mean=230.658893;source_publish_interval=0.804119,source_publish_interval,0.5444998387247324,9.51120792888105,10.07554098032415
2026-08-10T16:56:23.141872+00:00,communication_drift_01,meter_01,381,none,publish_interval,random,random,random,normal_drift,0.9999999999759699,0.48234746122162336,0,,1,0,collecting_candidates;drift_not_confirmed,source_publish_interval,voltage_rolling_mean=231.644142;source_publish_interval=0.804127,source_publish_interval,2.0077500957995653,21.75691700540483,23.80591700784862
2026-08-10T16:56:23.166043+00:00,communication_drift_01,meter_02,381,none,publish_interval,random,random,random,normal_drift,0.9999999999932723,0.4355808055050823,0,,1,0,collecting_candidates;drift_not_confirmed,source_publish_interval,voltage_rolling_mean=231.450462;source_publish_interval=0.804120,source_publish_interval,0.8975830860435963,12.112792115658522,13.037124881520867
2026-08-10T16:56:23.179214+00:00,communication_drift_01,meter_03,381,none,publish_interval,random,random,random,normal_drift,0.9999999999749905,0.4669661775395392,0,,1,0,collecting_candidates;drift_not_confirmed,source_publish_interval,voltage_rolling_mean=230.658893;source_publish_interval=0.804119,source_publish_interval,0.5230000242590904,9.778833016753197,10.327625088393688
2026-08-10T16:56:23.946685+00:00,communication_drift_01,meter_01,382,none,publish_interval,random,random,random,normal_drift,0.9999999999768867,0.5253570730817507,0,,1,0,collecting_candidates;drift_not_confirmed,source_publish_interval,voltage_rolling_mean=231.644142;source_publish_interval=0.804127,source_publish_interval,1.9597080536186695,22.10929081775248,24.136874824762344
2026-08-10T16:56:23.971271+00:00,communication_drift_01,meter_02,382,none,publish_interval,random,random,random,normal_drift,0.9999999999991709,0.47622638041753435,0,,1,0,collecting_candidates;drift_not_confirmed,source_publish_interval,voltage_rolling_mean=231.450462;source_publish_interval=0.804120,source_publish_interval,0.9649579878896475,12.35337508842349,13.34458403289318
2026-08-10T16:56:23.984780+00:00,communication_drift_01,meter_03,382,none,publish_interval,random,random,random,normal_drift,0.9999999999722178,0.5317847001838405,0,,1,0,collecting_candidates;drift_not_confirmed,source_publish_interval,voltage_rolling_mean=230.658893;source_publish_interval=0.804119,source_publish_interval,0.529375160112977,9.525292087346315,10.075874859467149
2026-08-10T16:56:24.747361+00:00,communication_drift_01,meter_01,383,none,publish_interval,random,random,random,normal_drift,0.9999999999853417,0.530488361391482,0,,1,0,collecting_candidates;drift_not_confirmed,source_publish_interval,voltage_rolling_mean=231.644142;source_publish_interval=0.804127,source_publish_interval,2.0777920726686716,22.005749866366386,24.129792116582394
2026-08-10T16:56:24.771889+00:00,communication_drift_01,meter_02,383,none,publish_interval,random,random,random,normal_drift,0.9999999999968145,0.5260508760011765,0,,1,0,collecting_candidates;drift_not_confirmed,source_publish_interval,voltage_rolling_mean=231.450462;source_publish_interval=0.804120,source_publish_interval,0.8753330912441015,12.162165949121118,13.062542071565986
2026-08-10T16:56:24.785069+00:00,communication_drift_01,meter_03,383,none,publish_interval,random,random,random,normal_drift,0.9999999999545817,0.4614049481828627,0,,1,0,collecting_candidates;drift_not_confirmed,source_publish_interval,voltage_rolling_mean=230.658893;source_publish_interval=0.804119,source_publish_interval,0.5120411515235901,9.925500024110079,10.46470901928842
2026-08-10T16:56:25.551748+00:00,communication_drift_01,meter_01,384,none,publish_interval,random,random,random,normal_drift,0.9999999999770455,0.5356975497974656,0,,1,0,collecting_candidates;drift_not_confirmed,source_publish_interval,voltage_rolling_mean=231.644142;source_publish_interval=0.804127,source_publish_interval,2.926332876086235,18.640500027686357,21.616916172206402
2026-08-10T16:56:25.573802+00:00,communication_drift_01,meter_02,384,none,publish_interval,random,random,random,normal_drift,0.9999999999992482,0.44642169760584755,0,,1,0,collecting_candidates;drift_not_confirmed,source_publish_interval,voltage_rolling_mean=231.450462;source_publish_interval=0.804120,source_publish_interval,0.7833749987185001,11.55783305875957,12.366415932774544
2026-08-10T16:56:25.586289+00:00,communication_drift_01,meter_03,384,none,publish_interval,random,random,random,normal_drift,0.9999999999399563,0.4378498356100735,0,,1,0,collecting_candidates;drift_not_confirmed,source_publish_interval,voltage_rolling_mean=230.658893;source_publish_interval=0.804119,source_publish_interval,0.513250008225441,9.620584081858397,10.154791176319122
2026-08-10T16:56:26.356873+00:00,communication_drift_01,meter_01,385,none,publish_interval,random,random,random,normal_drift,0.9999999999973757,0.4616294015578166,0,,1,0,collecting_candidates;drift_not_confirmed,source_publish_interval,voltage_rolling_mean=231.644142;source_publish_interval=0.804127,source_publish_interval,2.093167044222355,22.00504089705646,24.145957781001925
2026-08-10T16:56:26.381448+00:00,communication_drift_01,meter_02,385,none,publish_interval,random,random,random,normal_drift,0.9999999999963771,0.43852846350273494,0,,1,0,collecting_candidates;drift_not_confirmed,source_publish_interval,voltage_rolling_mean=231.450462;source_publish_interval=0.804120,source_publish_interval,0.9061249438673258,12.150292051956058,13.083708938211203
2026-08-10T16:56:26.394670+00:00,communication_drift_01,meter_03,385,none,publish_interval,random,random,random,normal_drift,0.9999999996516615,0.5367684576250313,0,,1,0,collecting_candidates;drift_not_confirmed,source_publish_interval,voltage_rolling_mean=230.658893;source_publish_interval=0.804119,source_publish_interval,0.5551669746637344,9.728000033646822,10.305957868695259
2026-08-10T16:56:27.158913+00:00,communication_drift_01,meter_01,386,none,publish_interval,random,random,random,normal_drift,0.9999999999429696,0.6082028940952305,0,,1,0,collecting_candidates;drift_not_confirmed,source_publish_interval,voltage_rolling_mean=231.644142;source_publish_interval=0.804127,source_publish_interval,2.0979580003768206,22.158790845423937,24.29424994625151
2026-08-10T16:56:27.183609+00:00,communication_drift_01,meter_02,386,none,publish_interval,random,random,random,normal_drift,0.9999999999966609,0.43102350738091666,0,,1,0,collecting_candidates;drift_not_confirmed,source_publish_interval,voltage_rolling_mean=231.450462;source_publish_interval=0.804120,source_publish_interval,0.8852081373333931,12.092916993424296,13.003208208829165
2026-08-10T16:56:27.196742+00:00,communication_drift_01,meter_03,386,none,publish_interval,random,random,random,normal_drift,0.9999999973951943,0.6090405212479784,0,,1,0,collecting_candidates;drift_not_confirmed,source_publish_interval,voltage_rolling_mean=230.658893;source_publish_interval=0.804119,source_publish_interval,0.515833031386137,9.507290786132216,10.042584035545588
2026-08-10T16:56:27.963688+00:00,communication_drift_01,meter_01,387,none,publish_interval,random,random,random,normal_drift,0.9999999999860496,0.505729948737948,0,,1,0,collecting_candidates;drift_not_confirmed,source_publish_interval,voltage_rolling_mean=231.644142;source_publish_interval=0.804127,source_publish_interval,2.0500419195741415,22.068958031013608,24.167167022824287
2026-08-10T16:56:27.988261+00:00,communication_drift_01,meter_02,387,none,publish_interval,random,random,random,normal_drift,0.9999999999993283,0.4868490171236729,0,,1,0,collecting_candidates;drift_not_confirmed,source_publish_interval,voltage_rolling_mean=231.450462;source_publish_interval=0.804120,source_publish_interval,0.9064171463251114,11.96895819157362,12.900999980047345
2026-08-10T16:56:28.001308+00:00,communication_drift_01,meter_03,387,none,publish_interval,random,random,random,normal_drift,0.9999999998887878,0.4488859175893885,0,,1,0,collecting_candidates;drift_not_confirmed,source_publish_interval,voltage_rolling_mean=230.658893;source_publish_interval=0.804119,source_publish_interval,0.5212500691413879,9.570416994392872,10.11212496086955
2026-08-10T16:56:28.768751+00:00,communication_drift_01,meter_01,388,none,publish_interval,random,random,random,normal_drift,0.9999999999970723,0.4686577884083399,0,,1,0,collecting_candidates;drift_not_confirmed,source_publish_interval,voltage_rolling_mean=231.644142;source_publish_interval=0.804127,source_publish_interval,2.4486251641064882,20.81929100677371,23.30729109235108
2026-08-10T16:56:28.792489+00:00,communication_drift_01,meter_02,388,none,publish_interval,random,random,random,normal_drift,0.9999999999965612,0.43924207589654324,0,,1,0,collecting_candidates;drift_not_confirmed,source_publish_interval,voltage_rolling_mean=231.450462;source_publish_interval=0.804120,source_publish_interval,0.7760000880807638,11.7807078640908,12.581250164657831
2026-08-10T16:56:28.805196+00:00,communication_drift_01,meter_03,388,none,publish_interval,random,random,random,normal_drift,0.9999999990554431,0.4518577466386465,0,,1,0,collecting_candidates;drift_not_confirmed,source_publish_interval,voltage_rolling_mean=230.658893;source_publish_interval=0.804119,source_publish_interval,0.5721249617636204,9.588874876499176,10.180833050981164
2026-08-10T16:56:29.571943+00:00,communication_drift_01,meter_01,389,none,publish_interval,random,random,random,normal_drift,0.9999999999948344,0.4407109656701909,0,,1,0,collecting_candidates;drift_not_confirmed,source_publish_interval,voltage_rolling_mean=231.644142;source_publish_interval=0.804127,source_publish_interval,2.5408752262592316,22.19020784832537,24.77237512357533
2026-08-10T16:56:29.597105+00:00,communication_drift_01,meter_02,389,none,publish_interval,random,random,random,normal_drift,0.9999999999678038,0.5938128096390944,0,,1,0,collecting_candidates;drift_not_confirmed,source_publish_interval,voltage_rolling_mean=231.450462;source_publish_interval=0.804120,source_publish_interval,0.8881250396370888,12.097958009690046,13.01150000654161
2026-08-10T16:56:29.610242+00:00,communication_drift_01,meter_03,389,none,publish_interval,random,random,random,normal_drift,0.9999999996391482,0.45040674633855887,0,,1,0,collecting_candidates;drift_not_confirmed,source_publish_interval,voltage_rolling_mean=230.658893;source_publish_interval=0.804119,source_publish_interval,0.5545001477003098,9.494999889284372,10.069000069051981
2026-08-10T16:56:30.377158+00:00,communication_drift_01,meter_01,390,none,publish_interval,random,random,random,normal_drift,0.9999999999981068,0.43592266857213574,0,,1,0,collecting_candidates;drift_not_confirmed,source_publish_interval,voltage_rolling_mean=231.644142;source_publish_interval=0.804127,source_publish_interval,2.013416960835457,21.51912497356534,23.570291930809617
2026-08-10T16:56:30.401038+00:00,communication_drift_01,meter_02,390,none,publish_interval,random,random,random,normal_drift,0.9999999999896947,0.4537455157673323,0,,1,0,collecting_candidates;drift_not_confirmed,source_publish_interval,voltage_rolling_mean=231.450462;source_publish_interval=0.804120,source_publish_interval,0.7832909468561411,11.818167055025697,12.6288749743253
2026-08-10T16:56:30.413810+00:00,communication_drift_01,meter_03,390,none,publish_interval,random,random,random,normal_drift,0.9999999996338271,0.4617954540210597,0,,1,0,collecting_candidates;drift_not_confirmed,source_publish_interval,voltage_rolling_mean=230.658893;source_publish_interval=0.804119,source_publish_interval,0.6025419570505619,9.619541000574827,10.24487498216331
2026-08-10T16:56:31.182187+00:00,communication_drift_01,meter_01,391,none,publish_interval,random,random,random,normal_drift,0.9999999999993012,0.4533375741864747,0,,1,0,collecting_candidates;drift_not_confirmed,source_publish_interval,voltage_rolling_mean=231.644142;source_publish_interval=0.804127,source_publish_interval,2.315749879926443,21.6173748485744,23.997625103220344
2026-08-10T16:56:31.206702+00:00,communication_drift_01,meter_02,391,none,publish_interval,random,random,random,normal_drift,0.9999999999904641,0.4475299231766753,0,,1,0,collecting_candidates;drift_not_confirmed,source_publish_interval,voltage_rolling_mean=231.450462;source_publish_interval=0.804120,source_publish_interval,0.9473750833421946,12.143833097070456,13.12095788307488
2026-08-10T16:56:31.220002+00:00,communication_drift_01,meter_03,391,none,publish_interval,random,random,random,normal_drift,0.9999999994824005,0.44275520830703574,0,,1,0,collecting_candidates;drift_not_confirmed,source_publish_interval,voltage_rolling_mean=230.658893;source_publish_interval=0.804119,source_publish_interval,0.5589581560343504,9.547292022034526,10.130041046068072
2026-08-10T16:56:31.985225+00:00,communication_drift_01,meter_01,392,none,publish_interval,random,random,random,normal_drift,0.9999999999974416,0.45320730018764266,0,,1,0,collecting_candidates;drift_not_confirmed,source_publish_interval,voltage_rolling_mean=231.644142;source_publish_interval=0.804127,source_publish_interval,1.2767501175403595,21.37787500396371,22.71516597829759
2026-08-10T16:56:32.008263+00:00,communication_drift_01,meter_02,392,none,publish_interval,random,random,random,normal_drift,0.9999999999951692,0.446330017559062,0,,1,0,collecting_candidates;drift_not_confirmed,source_publish_interval,voltage_rolling_mean=231.450462;source_publish_interval=0.804120,source_publish_interval,1.0294581297785044,13.022457947954535,14.084041118621826
2026-08-10T16:56:32.022540+00:00,communication_drift_01,meter_03,392,none,publish_interval,random,random,random,normal_drift,0.9999999994900814,0.4793957572978939,0,,1,0,collecting_candidates;drift_not_confirmed,source_publish_interval,voltage_rolling_mean=230.658893;source_publish_interval=0.804119,source_publish_interval,0.633083051070571,9.827959118410945,10.486541083082557
2026-08-10T16:56:32.791584+00:00,communication_drift_01,meter_01,393,none,publish_interval,random,random,random,normal_drift,0.999999999998824,0.43886876118504203,0,,1,0,collecting_candidates;drift_not_confirmed,source_publish_interval,voltage_rolling_mean=231.644142;source_publish_interval=0.804127,source_publish_interval,2.0529998000711203,22.259374847635627,24.354040855541825
2026-08-10T16:56:32.816348+00:00,communication_drift_01,meter_02,393,none,publish_interval,random,random,random,normal_drift,0.999999999996374,0.4431950950006056,0,,1,0,collecting_candidates;drift_not_confirmed,source_publish_interval,voltage_rolling_mean=231.450462;source_publish_interval=0.804120,source_publish_interval,0.8909578900784254,11.969208950176835,12.889167061075568
2026-08-10T16:56:32.829384+00:00,communication_drift_01,meter_03,393,none,publish_interval,random,random,random,normal_drift,0.9999999995928908,0.4856356793321807,0,,1,0,collecting_candidates;drift_not_confirmed,source_publish_interval,voltage_rolling_mean=230.658893;source_publish_interval=0.804119,source_publish_interval,0.5996250547468662,9.43566719070077,10.056416969746351
2026-08-10T16:56:33.596449+00:00,communication_drift_01,meter_01,394,none,publish_interval,random,random,random,normal_drift,0.9999999999917262,0.4915075885569251,0,,1,1,drift_not_confirmed;reference_updated,source_publish_interval,voltage_rolling_mean=231.644142;source_publish_interval=0.803952,source_publish_interval,1.9012498669326305,22.31075009331107,24.297166848555207
2026-08-10T16:56:33.621267+00:00,communication_drift_01,meter_02,394,none,publish_interval,random,random,random,normal_drift,0.999999999993763,0.5997640750797912,0,,1,1,drift_not_confirmed;reference_updated,source_publish_interval,voltage_rolling_mean=231.450462;source_publish_interval=0.803956,source_publish_interval,0.9524999186396599,12.235083151608706,13.22095887735486
2026-08-10T16:56:33.634676+00:00,communication_drift_01,meter_03,394,none,publish_interval,random,random,random,normal_drift,0.9999999998680689,0.4557037839309942,0,,1,1,drift_not_confirmed;reference_updated,source_publish_interval,voltage_rolling_mean=230.658893;source_publish_interval=0.803958,source_publish_interval,0.5735000595450401,9.63824987411499,10.237541981041431
2026-08-10T16:56:34.401141+00:00,communication_drift_01,meter_01,395,none,publish_interval,random,random,random,normal_drift,0.9999999999992522,0.45419049038448833,0,,1,0,collecting_candidates;drift_not_confirmed,source_publish_interval,voltage_rolling_mean=231.644142;source_publish_interval=0.803952,source_publish_interval,1.9340419676154852,21.870458032935858,23.845208110287786
2026-08-10T16:56:34.425315+00:00,communication_drift_01,meter_02,395,none,publish_interval,random,random,random,normal_drift,0.9999999999883051,0.43769819020967504,0,,1,0,collecting_candidates;drift_not_confirmed,source_publish_interval,voltage_rolling_mean=231.450462;source_publish_interval=0.803956,source_publish_interval,0.8644578047096729,12.04625004902482,12.942916946485639
2026-08-10T16:56:34.438404+00:00,communication_drift_01,meter_03,395,none,publish_interval,random,random,random,normal_drift,0.9999999982954804,0.46080584246473555,0,,1,0,collecting_candidates;drift_not_confirmed,source_publish_interval,voltage_rolling_mean=230.658893;source_publish_interval=0.803958,source_publish_interval,0.5809578578919172,9.578750003129244,10.18279092386365
2026-08-10T16:56:35.206387+00:00,communication_drift_01,meter_01,396,none,publish_interval,random,random,random,normal_drift,0.9999999999948512,0.44534645640914305,0,,1,0,collecting_candidates;drift_not_confirmed,source_publish_interval,voltage_rolling_mean=231.644142;source_publish_interval=0.803952,source_publish_interval,2.3581250570714474,22.972000064328313,25.379291037097573
2026-08-10T16:56:35.232220+00:00,communication_drift_01,meter_02,396,none,publish_interval,random,random,random,normal_drift,0.999999999967143,0.4582253799305314,0,,1,0,collecting_candidates;drift_not_confirmed,source_publish_interval,voltage_rolling_mean=231.450462;source_publish_interval=0.803956,source_publish_interval,0.906915869563818,12.199500110000372,13.136457884684205
2026-08-10T16:56:35.245511+00:00,communication_drift_01,meter_03,396,none,publish_interval,random,random,random,normal_drift,0.999999999311395,0.4504821966804143,0,,1,0,collecting_candidates;drift_not_confirmed,source_publish_interval,voltage_rolling_mean=230.658893;source_publish_interval=0.803958,source_publish_interval,0.5626250058412552,9.509416995570064,10.094375116750598
2026-08-10T16:56:36.011279+00:00,communication_drift_01,meter_01,397,none,publish_interval,random,random,random,normal_drift,0.9999999999995339,0.44743821107510634,0,,1,0,collecting_candidates;drift_not_confirmed,source_publish_interval,voltage_rolling_mean=231.644142;source_publish_interval=0.803952,source_publish_interval,2.6616251561790705,20.867875078693032,23.5792079474777
2026-08-10T16:56:36.035257+00:00,communication_drift_01,meter_02,397,none,publish_interval,random,random,random,normal_drift,0.9999999999837565,0.45420650893881975,0,,1,0,collecting_candidates;drift_not_confirmed,source_publish_interval,voltage_rolling_mean=231.450462;source_publish_interval=0.803956,source_publish_interval,0.7588339503854513,11.694374959915876,12.478834018111229
2026-08-10T16:56:36.047876+00:00,communication_drift_01,meter_03,397,none,publish_interval,random,random,random,normal_drift,0.9999999990511088,0.5186798346682919,0,,1,0,collecting_candidates;drift_not_confirmed,source_publish_interval,voltage_rolling_mean=230.658893;source_publish_interval=0.803958,source_publish_interval,0.5622908938676119,9.601166006177664,10.185582796111703
2026-08-10T16:56:36.816170+00:00,communication_drift_01,meter_01,398,none,publish_interval,random,random,random,normal_drift,0.9999999999971005,0.4297761962875554,0,,1,0,collecting_candidates;drift_not_confirmed,source_publish_interval,voltage_rolling_mean=231.644142;source_publish_interval=0.803952,source_publish_interval,1.9317499827593565,21.878834115341306,23.849249817430973
2026-08-10T16:56:36.840337+00:00,communication_drift_01,meter_02,398,none,publish_interval,random,random,random,normal_drift,0.9999999999629572,0.47595464915188107,0,,1,0,collecting_candidates;drift_not_confirmed,source_publish_interval,voltage_rolling_mean=231.450462;source_publish_interval=0.803956,source_publish_interval,0.8529159240424633,12.166749918833375,13.04550003260374
2026-08-10T16:56:36.853501+00:00,communication_drift_01,meter_03,398,none,publish_interval,random,random,random,normal_drift,0.9999999951091672,0.45786621539076044,0,,1,0,collecting_candidates;drift_not_confirmed,source_publish_interval,voltage_rolling_mean=230.658893;source_publish_interval=0.803958,source_publish_interval,0.5875828210264444,9.581082966178656,10.189082939177752
2026-08-10T16:56:37.618100+00:00,communication_drift_01,meter_01,399,none,publish_interval,random,random,random,normal_drift,0.9999999999979738,0.46623163560585107,0,,1,0,collecting_candidates;drift_not_confirmed,source_publish_interval,voltage_rolling_mean=231.644142;source_publish_interval=0.803952,source_publish_interval,2.046917099505663,22.37558295018971,24.47154209949076
2026-08-10T16:56:37.642935+00:00,communication_drift_01,meter_02,399,none,publish_interval,random,random,random,normal_drift,0.9999999999324498,0.45016667493448115,0,,1,0,collecting_candidates;drift_not_confirmed,source_publish_interval,voltage_rolling_mean=231.450462;source_publish_interval=0.803956,source_publish_interval,0.8680419996380806,12.3135419562459,13.20699998177588
2026-08-10T16:56:37.656271+00:00,communication_drift_01,meter_03,399,none,publish_interval,random,random,random,normal_drift,0.9999999974817639,0.4481133079080721,0,,1,0,collecting_candidates;drift_not_confirmed,source_publish_interval,voltage_rolling_mean=230.658893;source_publish_interval=0.803958,source_publish_interval,0.5611670203506947,9.587958920747042,10.170958004891872
2026-08-10T16:56:38.423251+00:00,communication_drift_01,meter_01,400,none,publish_interval,random,random,random,normal_drift,0.9999999999978666,0.43813745557432804,0,,1,0,collecting_candidates;drift_not_confirmed,source_publish_interval,voltage_rolling_mean=231.644142;source_publish_interval=0.803952,source_publish_interval,2.112208167091012,19.118750002235174,21.27587515860796
2026-08-10T16:56:38.444974+00:00,communication_drift_01,meter_02,400,none,publish_interval,random,random,random,normal_drift,0.9999999999493614,0.45492486194194276,0,,1,0,collecting_candidates;drift_not_confirmed,source_publish_interval,voltage_rolling_mean=231.450462;source_publish_interval=0.803956,source_publish_interval,0.7774168625473976,11.639083037152886,12.443667044863105
2026-08-10T16:56:38.457563+00:00,communication_drift_01,meter_03,400,none,publish_interval,random,random,random,normal_drift,0.9999999889944428,0.4660565549654823,0,,1,0,collecting_candidates;drift_not_confirmed,source_publish_interval,voltage_rolling_mean=230.658893;source_publish_interval=0.803958,source_publish_interval,0.5827920977026224,9.488000068813562,10.093499906361103
2026-08-10T16:56:39.228404+00:00,communication_drift_01,meter_01,401,none,publish_interval,random,random,random,normal_drift,0.9999999999713964,0.5056600501304044,0,,1,0,collecting_candidates;drift_not_confirmed,source_publish_interval,voltage_rolling_mean=231.644142;source_publish_interval=0.803952,source_publish_interval,2.3807911202311516,18.900042166933417,21.314166951924562
2026-08-10T16:56:39.250095+00:00,communication_drift_01,meter_02,401,none,publish_interval,random,random,random,normal_drift,0.9999999999843872,0.4428932704091379,0,,1,0,collecting_candidates;drift_not_confirmed,source_publish_interval,voltage_rolling_mean=231.450462;source_publish_interval=0.803956,source_publish_interval,0.7262500002980232,11.437416076660156,12.186750071123242
2026-08-10T16:56:39.262390+00:00,communication_drift_01,meter_03,401,none,publish_interval,random,random,random,normal_drift,0.999999991689163,0.47975861432537287,0,,1,0,collecting_candidates;drift_not_confirmed,source_publish_interval,voltage_rolling_mean=230.658893;source_publish_interval=0.803958,source_publish_interval,0.5595418624579906,9.452291997149587,10.04791702143848
2026-08-10T16:56:40.033353+00:00,communication_drift_01,meter_01,402,none,publish_interval,random,random,random,normal_drift,0.9999999999972558,0.6096844237902918,0,,1,0,collecting_candidates;drift_not_confirmed,source_publish_interval,voltage_rolling_mean=231.644142;source_publish_interval=0.803952,source_publish_interval,2.4758330546319485,22.50491688027978,25.04491712898016
2026-08-10T16:56:40.058873+00:00,communication_drift_01,meter_02,402,none,publish_interval,random,random,random,normal_drift,0.9999999999222537,0.4381727089883413,0,,1,0,collecting_candidates;drift_not_confirmed,source_publish_interval,voltage_rolling_mean=231.450462;source_publish_interval=0.803956,source_publish_interval,0.8903329726308584,12.194457929581404,13.111332897096872
2026-08-10T16:56:40.072134+00:00,communication_drift_01,meter_03,402,none,publish_interval,random,random,random,normal_drift,0.9999999961239496,0.46222870564609203,0,,1,0,collecting_candidates;drift_not_confirmed,source_publish_interval,voltage_rolling_mean=230.658893;source_publish_interval=0.803958,source_publish_interval,0.5943328142166138,9.558083023875952,10.17399993725121
2026-08-10T16:56:40.837807+00:00,communication_drift_01,meter_01,403,none,publish_interval,random,random,random,normal_drift,0.9999999999799605,0.46150104670542336,0,,1,0,collecting_candidates;drift_not_confirmed,source_publish_interval,voltage_rolling_mean=231.644142;source_publish_interval=0.803952,source_publish_interval,1.3486670795828104,24.818707956001163,26.209792122244835
2026-08-10T16:56:40.864310+00:00,communication_drift_01,meter_02,403,none,publish_interval,random,random,random,normal_drift,0.9999999999116023,0.4409304609614412,0,,1,0,collecting_candidates;drift_not_confirmed,source_publish_interval,voltage_rolling_mean=231.450462;source_publish_interval=0.803956,source_publish_interval,0.849416945129633,12.60733394883573,13.48179206252098
2026-08-10T16:56:40.877916+00:00,communication_drift_01,meter_03,403,none,publish_interval,random,random,random,normal_drift,0.999999984207004,0.4662955373551637,0,,1,0,collecting_candidates;drift_not_confirmed,source_publish_interval,voltage_rolling_mean=230.658893;source_publish_interval=0.803958,source_publish_interval,0.6121250335127115,9.7289162222296,10.360999964177608
2026-08-10T16:56:41.642719+00:00,communication_drift_01,meter_01,404,none,publish_interval,random,random,random,normal_drift,0.9999999999951321,0.4358785346426501,0,,1,0,collecting_candidates;drift_not_confirmed,source_publish_interval,voltage_rolling_mean=231.644142;source_publish_interval=0.803952,source_publish_interval,2.67837499268353,23.517291992902756,26.241332991048694
2026-08-10T16:56:41.669379+00:00,communication_drift_01,meter_02,404,none,publish_interval,random,random,random,normal_drift,0.9999999998266818,0.4508490641943801,0,,1,0,collecting_candidates;drift_not_confirmed,source_publish_interval,voltage_rolling_mean=231.450462;source_publish_interval=0.803956,source_publish_interval,0.8549168705940247,12.227999977767467,13.111625099554658
2026-08-10T16:56:41.682632+00:00,communication_drift_01,meter_03,404,none,publish_interval,random,random,random,normal_drift,0.9999999981669196,0.46740726204467536,0,,1,0,collecting_candidates;drift_not_confirmed,source_publish_interval,voltage_rolling_mean=230.658893;source_publish_interval=0.803958,source_publish_interval,0.6027501076459885,9.679541923105717,10.305082891136408
2026-08-10T16:56:42.446438+00:00,communication_drift_01,meter_01,405,none,publish_interval,random,random,random,normal_drift,0.9999999999932334,0.4310650367416758,0,,1,0,collecting_candidates;drift_not_confirmed,source_publish_interval,voltage_rolling_mean=231.644142;source_publish_interval=0.803952,source_publish_interval,2.443708013743162,21.923042135313153,24.411833845078945
2026-08-10T16:56:42.471270+00:00,communication_drift_01,meter_02,405,none,publish_interval,random,random,random,normal_drift,0.9999999998227935,0.44084159619074514,0,,1,0,collecting_candidates;drift_not_confirmed,source_publish_interval,voltage_rolling_mean=231.450462;source_publish_interval=0.803956,source_publish_interval,0.74562500230968,11.874832911416888,12.645832961425185
2026-08-10T16:56:42.484055+00:00,communication_drift_01,meter_03,405,none,publish_interval,random,random,random,normal_drift,0.9999999874445552,0.45030386514886916,0,,1,0,collecting_candidates;drift_not_confirmed,source_publish_interval,voltage_rolling_mean=230.658893;source_publish_interval=0.803958,source_publish_interval,0.6220410577952862,9.701750008389354,10.343917179852724
2026-08-10T16:56:43.251106+00:00,communication_drift_01,meter_01,406,none,publish_interval,random,random,random,normal_drift,0.9999999999686986,0.531379286373927,0,,1,0,collecting_candidates;drift_not_confirmed,source_publish_interval,voltage_rolling_mean=231.644142;source_publish_interval=0.803952,source_publish_interval,2.1054998505860567,22.1458338201046,24.28858308121562
2026-08-10T16:56:43.275719+00:00,communication_drift_01,meter_02,406,none,publish_interval,random,random,random,normal_drift,0.9999999998965783,0.43735226704019836,0,,1,0,collecting_candidates;drift_not_confirmed,source_publish_interval,voltage_rolling_mean=231.450462;source_publish_interval=0.803956,source_publish_interval,0.9273749310523272,12.486458057537675,13.443459058180451
2026-08-10T16:56:43.289288+00:00,communication_drift_01,meter_03,406,none,publish_interval,random,random,random,normal_drift,0.9999999976140082,0.5739602386556698,0,,1,0,collecting_candidates;drift_not_confirmed,source_publish_interval,voltage_rolling_mean=230.658893;source_publish_interval=0.803958,source_publish_interval,0.640916870906949,10.231749853119254,10.894709033891559
2026-08-10T16:56:44.056461+00:00,communication_drift_01,meter_01,407,none,publish_interval,random,random,random,normal_drift,0.9999999999862854,0.5213654688025964,0,,1,0,collecting_candidates;drift_not_confirmed,source_publish_interval,voltage_rolling_mean=231.644142;source_publish_interval=0.803952,source_publish_interval,2.0649160724133253,21.862083114683628,23.969833040609956
2026-08-10T16:56:44.080755+00:00,communication_drift_01,meter_02,407,none,publish_interval,random,random,random,normal_drift,0.9999999997838385,0.45019945344922996,0,,1,0,collecting_candidates;drift_not_confirmed,source_publish_interval,voltage_rolling_mean=231.450462;source_publish_interval=0.803956,source_publish_interval,0.8657500147819519,11.932249879464507,12.823958182707429
2026-08-10T16:56:44.093703+00:00,communication_drift_01,meter_03,407,none,publish_interval,random,random,random,normal_drift,0.9999999936677335,0.45884109436726067,0,,1,0,collecting_candidates;drift_not_confirmed,source_publish_interval,voltage_rolling_mean=230.658893;source_publish_interval=0.803958,source_publish_interval,0.5487918388098478,9.599125012755394,10.168999899178743
2026-08-10T16:56:44.860972+00:00,communication_drift_01,meter_01,408,none,publish_interval,random,random,random,normal_drift,0.9999999999663358,0.5492191914452568,0,,1,0,collecting_candidates;drift_not_confirmed,source_publish_interval,voltage_rolling_mean=231.644142;source_publish_interval=0.803952,source_publish_interval,1.4414580073207617,20.769125083461404,22.247917018830776
2026-08-10T16:56:44.883489+00:00,communication_drift_01,meter_02,408,none,publish_interval,random,random,random,normal_drift,0.999999999524471,0.5061492136878164,0,,1,0,collecting_candidates;drift_not_confirmed,source_publish_interval,voltage_rolling_mean=231.450462;source_publish_interval=0.803956,source_publish_interval,0.8906670846045017,13.460041023790836,14.37520794570446
2026-08-10T16:56:44.897999+00:00,communication_drift_01,meter_03,408,none,publish_interval,random,random,random,normal_drift,0.9999999891177448,0.4489464831377123,0,,1,0,collecting_candidates;drift_not_confirmed,source_publish_interval,voltage_rolling_mean=230.658893;source_publish_interval=0.803958,source_publish_interval,0.6091250106692314,10.169208981096745,10.798708070069551
2026-08-10T16:56:45.666736+00:00,communication_drift_01,meter_01,409,none,publish_interval,random,random,random,normal_drift,0.9999999999891935,0.44054864208105626,0,,1,0,collecting_candidates;drift_not_confirmed,source_publish_interval,voltage_rolling_mean=231.644142;source_publish_interval=0.803952,source_publish_interval,3.2954581547528505,23.061499930918217,26.40204201452434
2026-08-10T16:56:45.693544+00:00,communication_drift_01,meter_02,409,none,publish_interval,random,random,random,normal_drift,0.9999999999098588,0.4404086507756993,0,,1,0,collecting_candidates;drift_not_confirmed,source_publish_interval,voltage_rolling_mean=231.450462;source_publish_interval=0.803956,source_publish_interval,0.8829589933156967,12.227374827489257,13.135917019098997
2026-08-10T16:56:45.706808+00:00,communication_drift_01,meter_03,409,none,publish_interval,random,random,random,normal_drift,0.9999999955223575,0.4454147930770964,0,,1,0,collecting_candidates;drift_not_confirmed,source_publish_interval,voltage_rolling_mean=230.658893;source_publish_interval=0.803958,source_publish_interval,0.6037089042365551,9.495750069618225,10.120958089828491
2026-08-10T16:56:46.467254+00:00,communication_drift_01,meter_01,410,none,publish_interval,random,random,random,normal_drift,0.9999999999686673,0.44786085828714234,0,,1,0,collecting_candidates;drift_not_confirmed,source_publish_interval,voltage_rolling_mean=231.644142;source_publish_interval=0.803952,source_publish_interval,1.319749979302287,20.703834015876055,22.06037496216595
2026-08-10T16:56:46.489599+00:00,communication_drift_01,meter_02,410,none,publish_interval,random,random,random,normal_drift,0.9999999997069668,0.4712499313607047,0,,1,0,collecting_candidates;drift_not_confirmed,source_publish_interval,voltage_rolling_mean=231.450462;source_publish_interval=0.803956,source_publish_interval,0.8815000765025616,13.135667191818357,14.045958174392581
2026-08-10T16:56:46.503761+00:00,communication_drift_01,meter_03,410,none,publish_interval,random,random,random,normal_drift,0.9999999895578059,0.4540795803206077,0,,1,0,collecting_candidates;drift_not_confirmed,source_publish_interval,voltage_rolling_mean=230.658893;source_publish_interval=0.803958,source_publish_interval,0.628374982625246,10.085624875500798,10.733000002801418
2026-08-10T16:56:47.270825+00:00,communication_drift_01,meter_01,411,none,publish_interval,random,random,random,normal_drift,0.9999999999819322,0.452946785983251,0,,1,0,collecting_candidates;drift_not_confirmed,source_publish_interval,voltage_rolling_mean=231.644142;source_publish_interval=0.803952,source_publish_interval,2.6539999525994062,21.90462499856949,24.59791605360806
2026-08-10T16:56:47.295807+00:00,communication_drift_01,meter_02,411,none,publish_interval,random,random,random,normal_drift,0.9999999996821456,0.4429580771893058,0,,1,0,collecting_candidates;drift_not_confirmed,source_publish_interval,voltage_rolling_mean=231.450462;source_publish_interval=0.803956,source_publish_interval,0.8111670613288879,11.810292024165392,12.645957991480827
2026-08-10T16:56:47.308568+00:00,communication_drift_01,meter_03,411,none,publish_interval,random,random,random,normal_drift,0.9999999933307462,0.4573401212410123,0,,1,0,collecting_candidates;drift_not_confirmed,source_publish_interval,voltage_rolling_mean=230.658893;source_publish_interval=0.803958,source_publish_interval,0.5928331520408392,9.689249796792865,10.302874958142638
2026-08-10T16:56:48.075828+00:00,communication_drift_01,meter_01,412,none,publish_interval,random,random,random,normal_drift,0.9999999999710016,0.4538599158959125,0,,1,0,collecting_candidates;drift_not_confirmed,source_publish_interval,voltage_rolling_mean=231.644142;source_publish_interval=0.803952,source_publish_interval,2.2881249897181988,22.144332993775606,24.46945896372199
2026-08-10T16:56:48.100661+00:00,communication_drift_01,meter_02,412,none,publish_interval,random,random,random,normal_drift,0.999999999332233,0.45703363829953086,0,,1,0,collecting_candidates;drift_not_confirmed,source_publish_interval,voltage_rolling_mean=231.450462;source_publish_interval=0.803956,source_publish_interval,0.8390841539949179,11.990416795015335,12.85437517799437
2026-08-10T16:56:48.113634+00:00,communication_drift_01,meter_03,412,none,publish_interval,random,random,random,normal_drift,0.9999999953268666,0.4487982745028678,0,,1,0,collecting_candidates;drift_not_confirmed,source_publish_interval,voltage_rolling_mean=230.658893;source_publish_interval=0.803958,source_publish_interval,0.5957919638603926,9.511667070910335,10.126582812517881
2026-08-10T16:56:48.880781+00:00,communication_drift_01,meter_01,413,none,publish_interval,random,random,random,normal_drift,0.9999999999850173,0.4397204557432824,0,,1,0,collecting_candidates;drift_not_confirmed,source_publish_interval,voltage_rolling_mean=231.644142;source_publish_interval=0.803952,source_publish_interval,2.156917005777359,21.950041875243187,24.144833208993077
2026-08-10T16:56:48.905381+00:00,communication_drift_01,meter_02,413,none,publish_interval,random,random,random,normal_drift,0.9999999994920454,0.5900529326897267,0,,1,0,collecting_candidates;drift_not_confirmed,source_publish_interval,voltage_rolling_mean=231.450462;source_publish_interval=0.803956,source_publish_interval,0.7272078655660152,11.8305420037359,12.582041090354323
2026-08-10T16:56:48.918083+00:00,communication_drift_01,meter_03,413,none,publish_interval,random,random,random,normal_drift,0.9999999818657591,0.4483560685452389,0,,1,0,collecting_candidates;drift_not_confirmed,source_publish_interval,voltage_rolling_mean=230.658893;source_publish_interval=0.803958,source_publish_interval,0.5823750980198383,9.615915827453136,10.218542069196701
2026-08-10T16:56:49.684288+00:00,communication_drift_01,meter_01,414,none,publish_interval,random,random,random,normal_drift,0.999999999993342,0.5252776888289324,0,,1,1,drift_not_confirmed;reference_updated,source_publish_interval,voltage_rolling_mean=231.644142;source_publish_interval=0.804178,source_publish_interval,3.1313749495893717,23.360167164355516,26.547749992460012
2026-08-10T16:56:49.711256+00:00,communication_drift_01,meter_02,414,none,publish_interval,random,random,random,normal_drift,0.9999999994596915,0.5848050202208865,0,,1,1,drift_not_confirmed;reference_updated,source_publish_interval,voltage_rolling_mean=231.450462;source_publish_interval=0.804180,source_publish_interval,0.8584579918533564,11.954708024859428,12.841499876230955
2026-08-10T16:56:49.724224+00:00,communication_drift_01,meter_03,414,none,publish_interval,random,random,random,normal_drift,0.9999999892716117,0.44724549418799797,0,,1,1,drift_not_confirmed;reference_updated,source_publish_interval,voltage_rolling_mean=230.658893;source_publish_interval=0.804180,source_publish_interval,0.5808330606669188,9.501582942903042,10.104208020493388
2026-08-10T16:56:50.484910+00:00,communication_drift_01,meter_01,415,none,publish_interval,random,random,random,normal_drift,0.999999999972113,0.43792787048981596,0,,1,0,collecting_candidates;drift_not_confirmed,source_publish_interval,voltage_rolling_mean=231.644142;source_publish_interval=0.804178,source_publish_interval,3.0571669340133667,19.4560419768095,22.547083906829357
2026-08-10T16:56:50.507845+00:00,communication_drift_01,meter_02,415,none,publish_interval,random,random,random,normal_drift,0.9999999981137315,0.4534472065010014,0,,1,0,collecting_candidates;drift_not_confirmed,source_publish_interval,voltage_rolling_mean=231.450462;source_publish_interval=0.804180,source_publish_interval,0.7127081044018269,11.466166004538536,12.20237510278821
2026-08-10T16:56:50.520154+00:00,communication_drift_01,meter_03,415,none,publish_interval,random,random,random,normal_drift,0.9999999746288184,0.4631365786987826,0,,1,0,collecting_candidates;drift_not_confirmed,source_publish_interval,voltage_rolling_mean=230.658893;source_publish_interval=0.804180,source_publish_interval,0.5198339931666851,9.4201669562608,9.960041847079992
2026-08-10T16:56:51.290057+00:00,communication_drift_01,meter_01,416,none,publish_interval,random,random,random,normal_drift,0.9999999999811564,0.4394963828439129,0,,1,0,collecting_candidates;drift_not_confirmed,source_publish_interval,voltage_rolling_mean=231.644142;source_publish_interval=0.804178,source_publish_interval,2.09212489426136,21.570124896243215,23.697583004832268
2026-08-10T16:56:51.314063+00:00,communication_drift_01,meter_02,416,none,publish_interval,random,random,random,normal_drift,0.9999999985596102,0.45143608861269796,0,,1,0,collecting_candidates;drift_not_confirmed,source_publish_interval,voltage_rolling_mean=231.450462;source_publish_interval=0.804180,source_publish_interval,0.8268749807029963,11.945208068937063,12.796249939128757
2026-08-10T16:56:51.326978+00:00,communication_drift_01,meter_03,416,none,publish_interval,random,random,random,normal_drift,0.9999999882800451,0.4555098936812504,0,,1,0,collecting_candidates;drift_not_confirmed,source_publish_interval,voltage_rolling_mean=230.658893;source_publish_interval=0.804180,source_publish_interval,0.5391251761466265,9.477708023041487,10.037000058218837
2026-08-10T16:56:52.094662+00:00,communication_drift_01,meter_01,417,none,publish_interval,random,random,random,normal_drift,0.9999999999865798,0.4507160737389072,0,,1,0,collecting_candidates;drift_not_confirmed,source_publish_interval,voltage_rolling_mean=231.644142;source_publish_interval=0.804178,source_publish_interval,2.037833910435438,21.272124955430627,23.35054217837751
2026-08-10T16:56:52.118332+00:00,communication_drift_01,meter_02,417,none,publish_interval,random,random,random,normal_drift,0.9999999996538851,0.4711606564696084,0,,1,0,collecting_candidates;drift_not_confirmed,source_publish_interval,voltage_rolling_mean=231.450462;source_publish_interval=0.804180,source_publish_interval,0.7334579713642597,11.688790982589126,12.447125045582652
2026-08-10T16:56:52.130901+00:00,communication_drift_01,meter_03,417,none,publish_interval,random,random,random,normal_drift,0.9999999536868333,0.4717971258954814,0,,1,0,collecting_candidates;drift_not_confirmed,source_publish_interval,voltage_rolling_mean=230.658893;source_publish_interval=0.804180,source_publish_interval,0.5697919987142086,9.723167167976499,10.31337515451014
2026-08-10T16:56:52.899864+00:00,communication_drift_01,meter_01,418,none,publish_interval,random,random,random,normal_drift,0.9999999999189872,0.45771483926684153,0,,1,0,collecting_candidates;drift_not_confirmed,source_publish_interval,voltage_rolling_mean=231.644142;source_publish_interval=0.804178,source_publish_interval,2.025374909862876,21.413249894976616,23.47174985334277
2026-08-10T16:56:52.923669+00:00,communication_drift_01,meter_02,418,none,publish_interval,random,random,random,normal_drift,0.9999999988194213,0.5442490981115254,0,,1,0,collecting_candidates;drift_not_confirmed,source_publish_interval,voltage_rolling_mean=231.450462;source_publish_interval=0.804180,source_publish_interval,0.7099159993231297,11.800500098615885,12.53433316014707
2026-08-10T16:56:52.936298+00:00,communication_drift_01,meter_03,418,none,publish_interval,random,random,random,normal_drift,0.9999999559340539,0.48339811825357265,0,,1,0,collecting_candidates;drift_not_confirmed,source_publish_interval,voltage_rolling_mean=230.658893;source_publish_interval=0.804180,source_publish_interval,0.5742909852415323,9.580374928191304,10.174374794587493
2026-08-10T16:56:53.705226+00:00,communication_drift_01,meter_01,419,none,publish_interval,random,random,random,normal_drift,0.9999999999742806,0.44406792734820977,0,,1,0,collecting_candidates;drift_not_confirmed,source_publish_interval,voltage_rolling_mean=231.644142;source_publish_interval=0.804178,source_publish_interval,2.1233749575912952,22.262666141614318,24.425707990303636
2026-08-10T16:56:53.730049+00:00,communication_drift_01,meter_02,419,none,publish_interval,random,random,random,normal_drift,0.9999999974523295,0.46778563095802755,0,,1,0,collecting_candidates;drift_not_confirmed,source_publish_interval,voltage_rolling_mean=231.450462;source_publish_interval=0.804180,source_publish_interval,0.8465000428259373,12.126999907195568,12.998291989788413
2026-08-10T16:56:53.743172+00:00,communication_drift_01,meter_03,419,none,publish_interval,random,random,random,normal_drift,0.9999999939394202,0.4665525989165983,0,,1,0,collecting_candidates;drift_not_confirmed,source_publish_interval,voltage_rolling_mean=230.658893;source_publish_interval=0.804180,source_publish_interval,0.5289579275995493,9.578583063557744,10.127416113391519
2026-08-10T16:56:54.508576+00:00,communication_drift_01,meter_01,420,none,publish_interval,random,random,random,normal_drift,0.9999999999748239,0.4755610581454199,0,,1,0,collecting_candidates;drift_not_confirmed,source_publish_interval,voltage_rolling_mean=231.644142;source_publish_interval=0.804178,source_publish_interval,2.077374840155244,21.30041690543294,23.422832833603024
2026-08-10T16:56:54.532378+00:00,communication_drift_01,meter_02,420,none,publish_interval,random,random,random,normal_drift,0.999999998467717,0.4573093922092959,0,,1,0,collecting_candidates;drift_not_confirmed,source_publish_interval,voltage_rolling_mean=231.450462;source_publish_interval=0.804180,source_publish_interval,0.7446249946951866,11.842499952763319,12.613416882231832
2026-08-10T16:56:54.545117+00:00,communication_drift_01,meter_03,420,none,publish_interval,random,random,random,normal_drift,0.9999999482480395,0.49392801863949554,0,,1,0,collecting_candidates;drift_not_confirmed,source_publish_interval,voltage_rolling_mean=230.658893;source_publish_interval=0.804180,source_publish_interval,0.5826251581311226,9.684166871011257,10.287499986588955
2026-08-10T16:56:55.313584+00:00,communication_drift_01,meter_01,421,none,publish_interval,random,random,random,normal_drift,0.9999999999050844,0.461465015372153,0,,1,0,collecting_candidates;drift_not_confirmed,source_publish_interval,voltage_rolling_mean=231.644142;source_publish_interval=0.804178,source_publish_interval,1.9338340498507023,21.964416140690446,23.93966680392623
2026-08-10T16:56:55.337878+00:00,communication_drift_01,meter_02,421,none,publish_interval,random,random,random,normal_drift,0.999999988760646,0.5095168926328176,0,,1,0,collecting_candidates;drift_not_confirmed,source_publish_interval,voltage_rolling_mean=231.450462;source_publish_interval=0.804180,source_publish_interval,0.8525000885128975,12.207041960209608,13.08666612021625
2026-08-10T16:56:55.351084+00:00,communication_drift_01,meter_03,421,none,publish_interval,random,random,random,normal_drift,0.999999981472958,0.4816219218126692,0,,1,0,collecting_candidates;drift_not_confirmed,source_publish_interval,voltage_rolling_mean=230.658893;source_publish_interval=0.804180,source_publish_interval,0.5236659198999405,9.532040916383266,10.077083017677069
2026-08-10T16:56:56.118034+00:00,communication_drift_01,meter_01,422,none,publish_interval,random,random,random,normal_drift,0.9999999998274747,0.4860972113593907,0,,1,0,collecting_candidates;drift_not_confirmed,source_publish_interval,voltage_rolling_mean=231.644142;source_publish_interval=0.804178,source_publish_interval,2.6509580202400684,21.617707796394825,24.305999977514148
2026-08-10T16:56:56.142750+00:00,communication_drift_01,meter_02,422,none,publish_interval,random,random,random,normal_drift,0.9999999958225627,0.4530214756223586,0,,1,0,collecting_candidates;drift_not_confirmed,source_publish_interval,voltage_rolling_mean=231.450462;source_publish_interval=0.804180,source_publish_interval,0.8004580158740282,11.815542122349143,12.6394999679178
2026-08-10T16:56:56.155513+00:00,communication_drift_01,meter_03,422,none,publish_interval,random,random,random,normal_drift,0.9999999888641652,0.4571488699839816,0,,1,0,collecting_candidates;drift_not_confirmed,source_publish_interval,voltage_rolling_mean=230.658893;source_publish_interval=0.804180,source_publish_interval,0.5220829043537378,9.59491590037942,10.136541910469532
2026-08-10T16:56:56.923101+00:00,communication_drift_01,meter_01,423,none,publish_interval,random,random,random,normal_drift,0.9999999999072449,0.43659858373773874,0,,1,0,collecting_candidates;drift_not_confirmed,source_publish_interval,voltage_rolling_mean=231.644142;source_publish_interval=0.804178,source_publish_interval,2.4913339875638485,18.594166031107306,21.12016687169671
2026-08-10T16:56:56.944647+00:00,communication_drift_01,meter_02,423,none,publish_interval,random,random,random,normal_drift,0.9999999972081948,0.4596579851140933,0,,1,0,collecting_candidates;drift_not_confirmed,source_publish_interval,voltage_rolling_mean=231.450462;source_publish_interval=0.804180,source_publish_interval,0.7056670729070902,11.357709066942334,12.085708091035485
2026-08-10T16:56:56.956840+00:00,communication_drift_01,meter_03,423,none,publish_interval,random,random,random,normal_drift,0.99999994210564,0.4580635548285437,0,,1,0,collecting_candidates;drift_not_confirmed,source_publish_interval,voltage_rolling_mean=230.658893;source_publish_interval=0.804180,source_publish_interval,0.5111668724566698,9.491583099588752,10.023917071521282
2026-08-10T16:56:57.728036+00:00,communication_drift_01,meter_01,424,none,publish_interval,random,random,random,normal_drift,0.9999999997475904,0.4832905071025305,0,,1,0,collecting_candidates;drift_not_confirmed,source_publish_interval,voltage_rolling_mean=231.644142;source_publish_interval=0.804178,source_publish_interval,2.696000039577484,19.422457786276937,22.157249972224236
2026-08-10T16:56:57.750610+00:00,communication_drift_01,meter_02,424,none,publish_interval,random,random,random,normal_drift,0.9999999990738277,0.4735135414013431,0,,1,0,collecting_candidates;drift_not_confirmed,source_publish_interval,voltage_rolling_mean=231.450462;source_publish_interval=0.804180,source_publish_interval,0.7443339563906193,11.631416855379939,12.399292085319757
2026-08-10T16:56:57.763137+00:00,communication_drift_01,meter_03,424,none,publish_interval,random,random,random,normal_drift,0.9999999620900443,0.455911243381112,0,,1,0,collecting_candidates;drift_not_confirmed,source_publish_interval,voltage_rolling_mean=230.658893;source_publish_interval=0.804180,source_publish_interval,0.5199171137064695,9.392667096108198,9.935583919286728
2026-08-10T16:56:58.532328+00:00,communication_drift_01,meter_01,425,none,publish_interval,random,random,random,normal_drift,0.9999999997507132,0.45316306154311314,0,,1,0,collecting_candidates;drift_not_confirmed,source_publish_interval,voltage_rolling_mean=231.644142;source_publish_interval=0.804178,source_publish_interval,1.3587498106062412,21.116500021889806,22.51858403906226
2026-08-10T16:56:58.555203+00:00,communication_drift_01,meter_02,425,none,publish_interval,random,random,random,normal_drift,0.9999999945478273,0.4531377347464089,0,,1,0,collecting_candidates;drift_not_confirmed,source_publish_interval,voltage_rolling_mean=231.450462;source_publish_interval=0.804180,source_publish_interval,0.8994999807327986,12.577665969729424,13.505000155419111
2026-08-10T16:56:58.568859+00:00,communication_drift_01,meter_03,425,none,publish_interval,random,random,random,normal_drift,0.9999999891048225,0.4596871182735264,0,,1,0,collecting_candidates;drift_not_confirmed,source_publish_interval,voltage_rolling_mean=230.658893;source_publish_interval=0.804180,source_publish_interval,0.572750112041831,9.750957833603024,10.349833173677325
2026-08-10T16:56:59.337411+00:00,communication_drift_01,meter_01,426,none,publish_interval,random,random,random,normal_drift,0.9999999991720476,0.49790528295777287,0,,1,0,collecting_candidates;drift_not_confirmed,source_publish_interval,voltage_rolling_mean=231.644142;source_publish_interval=0.804178,source_publish_interval,2.029166091233492,20.24441584944725,22.310000145807862
2026-08-10T16:56:59.360067+00:00,communication_drift_01,meter_02,426,none,publish_interval,random,random,random,normal_drift,0.9999999986130588,0.46283782179576377,0,,1,0,collecting_candidates;drift_not_confirmed,source_publish_interval,voltage_rolling_mean=231.450462;source_publish_interval=0.804180,source_publish_interval,0.7075839675962925,11.757707921788096,12.490459019318223
2026-08-10T16:56:59.372671+00:00,communication_drift_01,meter_03,426,none,publish_interval,random,random,random,normal_drift,0.9999999754737844,0.4680697959917008,0,,1,0,collecting_candidates;drift_not_confirmed,source_publish_interval,voltage_rolling_mean=230.658893;source_publish_interval=0.804180,source_publish_interval,0.5629588849842548,9.604375110939145,10.188666870817542
2026-08-10T16:57:00.142481+00:00,communication_drift_01,meter_01,427,none,publish_interval,random,random,random,normal_drift,0.9999999993783399,0.4489725476048876,0,,1,0,collecting_candidates;drift_not_confirmed,source_publish_interval,voltage_rolling_mean=231.644142;source_publish_interval=0.804178,source_publish_interval,2.1244159433990717,22.24066690541804,24.41987511701882
2026-08-10T16:57:00.167293+00:00,communication_drift_01,meter_02,427,none,publish_interval,random,random,random,normal_drift,0.9999999977104532,0.4665106803881649,0,,1,0,collecting_candidates;drift_not_confirmed,source_publish_interval,voltage_rolling_mean=231.450462;source_publish_interval=0.804180,source_publish_interval,0.8485419675707817,12.06162478774786,12.938084080815315
2026-08-10T16:57:00.180379+00:00,communication_drift_01,meter_03,427,none,publish_interval,random,random,random,normal_drift,0.999999990625455,0.48100502997014116,0,,1,0,collecting_candidates;drift_not_confirmed,source_publish_interval,voltage_rolling_mean=230.658893;source_publish_interval=0.804180,source_publish_interval,0.5282501224428415,9.606000036001205,10.155957890674472
2026-08-10T16:57:00.947308+00:00,communication_drift_01,meter_01,428,none,publish_interval,random,random,random,normal_drift,0.9999999998681817,0.4747105929719772,0,,1,0,collecting_candidates;drift_not_confirmed,source_publish_interval,voltage_rolling_mean=231.644142;source_publish_interval=0.804178,source_publish_interval,1.9602910615503788,22.35745801590383,24.359083967283368
2026-08-10T16:57:00.972074+00:00,communication_drift_01,meter_02,428,none,publish_interval,random,random,random,normal_drift,0.9999999851423755,0.472466922886145,0,,1,0,collecting_candidates;drift_not_confirmed,source_publish_interval,voltage_rolling_mean=231.450462;source_publish_interval=0.804180,source_publish_interval,0.8142921142280102,12.11958285421133,12.9593750461936
2026-08-10T16:57:00.985151+00:00,communication_drift_01,meter_03,428,none,publish_interval,random,random,random,normal_drift,0.99999978980902,0.4671051521035778,0,,1,0,collecting_candidates;drift_not_confirmed,source_publish_interval,voltage_rolling_mean=230.658893;source_publish_interval=0.804180,source_publish_interval,0.5323339719325304,9.90079203620553,10.455582989379764
2026-08-10T16:57:01.752024+00:00,communication_drift_01,meter_01,429,none,publish_interval,random,random,random,normal_drift,0.9999999995387086,0.4416143071644769,0,,1,0,collecting_candidates;drift_not_confirmed,source_publish_interval,voltage_rolling_mean=231.644142;source_publish_interval=0.804178,source_publish_interval,2.4856668896973133,21.986166946589947,24.513750104233623
2026-08-10T16:57:01.776955+00:00,communication_drift_01,meter_02,429,none,publish_interval,random,random,random,normal_drift,0.9999999970906663,0.44890509221947567,0,,1,0,collecting_candidates;drift_not_confirmed,source_publish_interval,voltage_rolling_mean=231.450462;source_publish_interval=0.804180,source_publish_interval,0.7251668721437454,11.626417050138116,12.376083061099052
2026-08-10T16:57:01.789450+00:00,communication_drift_01,meter_03,429,none,publish_interval,random,random,random,normal_drift,0.999999891391468,0.4907740204833787,0,,1,0,collecting_candidates;drift_not_confirmed,source_publish_interval,voltage_rolling_mean=230.658893;source_publish_interval=0.804180,source_publish_interval,0.5729168187826872,9.371499996632338,9.96454106643796
2026-08-10T16:57:02.562372+00:00,communication_drift_01,meter_01,430,none,publish_interval,random,random,random,normal_drift,0.9999999998360425,0.47035380280703676,0,,1,0,collecting_candidates;drift_not_confirmed,source_publish_interval,voltage_rolling_mean=231.644142;source_publish_interval=0.804178,source_publish_interval,2.5767500046640635,19.094084156677127,21.702250000089407
2026-08-10T16:57:02.584441+00:00,communication_drift_01,meter_02,430,none,publish_interval,random,random,random,normal_drift,0.9999999954414296,0.4612752998305161,0,,1,0,collecting_candidates;drift_not_confirmed,source_publish_interval,voltage_rolling_mean=231.450462;source_publish_interval=0.804180,source_publish_interval,0.7000418845564127,11.615958996117115,12.336541898548603
2026-08-10T16:57:02.596880+00:00,communication_drift_01,meter_03,430,none,publish_interval,random,random,random,normal_drift,0.9999999723721092,0.4471001158131919,0,,1,0,collecting_candidates;drift_not_confirmed,source_publish_interval,voltage_rolling_mean=230.658893;source_publish_interval=0.804180,source_publish_interval,0.5175829865038395,9.495625039562583,10.033790953457355
2026-08-10T16:57:03.362492+00:00,communication_drift_01,meter_01,431,none,publish_interval,random,random,random,normal_drift,0.999999999047871,0.47362135691548685,0,,1,0,collecting_candidates;drift_not_confirmed,source_publish_interval,voltage_rolling_mean=231.644142;source_publish_interval=0.804178,source_publish_interval,2.613708144053817,20.926374942064285,23.57804193161428
2026-08-10T16:57:03.386471+00:00,communication_drift_01,meter_02,431,none,publish_interval,random,random,random,normal_drift,0.9999999410095607,0.5075966016506012,0,,1,0,collecting_candidates;drift_not_confirmed,source_publish_interval,voltage_rolling_mean=231.450462;source_publish_interval=0.804180,source_publish_interval,0.7253331132233143,11.853457894176245,12.601499911397696
2026-08-10T16:57:03.399185+00:00,communication_drift_01,meter_03,431,none,publish_interval,random,random,random,normal_drift,0.9999998915723021,0.4475710009502488,0,,1,0,collecting_candidates;drift_not_confirmed,source_publish_interval,voltage_rolling_mean=230.658893;source_publish_interval=0.804180,source_publish_interval,0.5234999116510153,9.6386659424752,10.181666817516088
2026-08-10T16:57:04.172862+00:00,communication_drift_01,meter_01,432,none,publish_interval,random,random,random,normal_drift,0.9999999925415518,0.4995515688177452,0,,1,0,collecting_candidates;drift_not_confirmed,source_publish_interval,voltage_rolling_mean=231.644142;source_publish_interval=0.804178,source_publish_interval,3.4127498511224985,20.60145791620016,24.05324997380376
2026-08-10T16:57:04.197312+00:00,communication_drift_01,meter_02,432,none,publish_interval,random,random,random,normal_drift,0.9999999014890452,0.49919413131470447,0,,1,0,collecting_candidates;drift_not_confirmed,source_publish_interval,voltage_rolling_mean=231.450462;source_publish_interval=0.804180,source_publish_interval,0.7925000973045826,11.557708028703928,12.372624827548862
2026-08-10T16:57:04.209803+00:00,communication_drift_01,meter_03,432,none,publish_interval,random,random,random,normal_drift,0.9999999333182688,0.5265354540746104,0,,1,0,collecting_candidates;drift_not_confirmed,source_publish_interval,voltage_rolling_mean=230.658893;source_publish_interval=0.804180,source_publish_interval,0.5231250543147326,9.443166898563504,9.985291864722967
2026-08-10T16:57:04.976999+00:00,communication_drift_01,meter_01,433,none,publish_interval,random,random,random,normal_drift,0.999999999858441,0.4517321894421446,0,,1,0,collecting_candidates;drift_not_confirmed,source_publish_interval,voltage_rolling_mean=231.644142;source_publish_interval=0.804178,source_publish_interval,3.127041971310973,17.923791892826557,21.10466593876481
2026-08-10T16:57:04.998522+00:00,communication_drift_01,meter_02,433,none,publish_interval,random,random,random,normal_drift,0.999999996271083,0.4484062110677818,0,,1,0,collecting_candidates;drift_not_confirmed,source_publish_interval,voltage_rolling_mean=231.450462;source_publish_interval=0.804180,source_publish_interval,0.7508329581469297,11.291999835520983,12.066749855875969
2026-08-10T16:57:05.010705+00:00,communication_drift_01,meter_03,433,none,publish_interval,random,random,random,normal_drift,0.999999965727899,0.45550169340085805,0,,1,0,collecting_candidates;drift_not_confirmed,source_publish_interval,voltage_rolling_mean=230.658893;source_publish_interval=0.804180,source_publish_interval,0.5235830321907997,9.328583953902125,9.873708942905068
2026-08-10T16:57:05.787077+00:00,communication_drift_01,meter_01,434,none,publish_interval,random,random,random,normal_drift,0.9999999993414834,0.4743233379395428,0,,1,1,drift_not_confirmed;reference_updated,source_publish_interval,voltage_rolling_mean=231.644142;source_publish_interval=0.804660,source_publish_interval,2.0173750817775726,21.77504193969071,23.83662504144013
2026-08-10T16:57:05.811283+00:00,communication_drift_01,meter_02,434,none,publish_interval,random,random,random,normal_drift,0.9999999981856869,0.5749404243222879,0,,1,1,drift_not_confirmed;reference_updated,source_publish_interval,voltage_rolling_mean=231.450462;source_publish_interval=0.804660,source_publish_interval,0.8746669627726078,12.432416900992393,13.334500137716532
2026-08-10T16:57:05.824756+00:00,communication_drift_01,meter_03,434,none,publish_interval,random,random,random,normal_drift,0.9999999969819189,0.4779656048993451,0,,1,1,drift_not_confirmed;reference_updated,source_publish_interval,voltage_rolling_mean=230.658893;source_publish_interval=0.804660,source_publish_interval,0.5821660161018372,9.650290943682194,10.253458051010966
2026-08-10T16:57:06.596826+00:00,communication_drift_01,meter_01,435,none,publish_interval,random,random,random,normal_drift,0.9999999993186985,0.44856172707996805,0,,1,0,collecting_candidates;drift_not_confirmed,source_publish_interval,voltage_rolling_mean=231.644142;source_publish_interval=0.804660,source_publish_interval,2.8765839524567127,14.74158396013081,17.645959043875337
2026-08-10T16:57:06.614821+00:00,communication_drift_01,meter_02,435,none,publish_interval,random,random,random,normal_drift,0.9999999871098574,0.4457610021932542,0,,1,0,collecting_candidates;drift_not_confirmed,source_publish_interval,voltage_rolling_mean=231.450462;source_publish_interval=0.804660,source_publish_interval,0.665958970785141,10.601625079289079,11.288541834801435
2026-08-10T16:57:06.626203+00:00,communication_drift_01,meter_03,435,none,publish_interval,random,random,random,normal_drift,0.9999999718858493,0.4509100563382714,0,,1,0,collecting_candidates;drift_not_confirmed,source_publish_interval,voltage_rolling_mean=230.658893;source_publish_interval=0.804660,source_publish_interval,0.5222910549491644,9.10591590218246,9.646709077060223
2026-08-10T16:57:07.397198+00:00,communication_drift_01,meter_01,436,none,publish_interval,random,random,random,normal_drift,0.9999999968048245,0.4480938851636919,0,,1,0,collecting_candidates;drift_not_confirmed,source_publish_interval,voltage_rolling_mean=231.644142;source_publish_interval=0.804660,source_publish_interval,1.239582896232605,21.711583016440272,23.0059998575598
2026-08-10T16:57:07.420478+00:00,communication_drift_01,meter_02,436,none,publish_interval,random,random,random,normal_drift,0.9999999779896844,0.4887378197259515,0,,1,0,collecting_candidates;drift_not_confirmed,source_publish_interval,voltage_rolling_mean=231.450462;source_publish_interval=0.804660,source_publish_interval,0.7822080515325069,12.09733309224248,12.918333988636732
2026-08-10T16:57:07.433574+00:00,communication_drift_01,meter_03,436,none,publish_interval,random,random,random,normal_drift,0.999999964232009,0.530211123267518,0,,1,0,collecting_candidates;drift_not_confirmed,source_publish_interval,voltage_rolling_mean=230.658893;source_publish_interval=0.804660,source_publish_interval,0.5734160076826811,9.747875155881047,10.348167037591338
2026-08-10T16:57:08.208550+00:00,communication_drift_01,meter_01,437,none,publish_interval,random,random,random,normal_drift,0.9999999993001047,0.4700081450620982,0,,1,0,collecting_candidates;drift_not_confirmed,source_publish_interval,voltage_rolling_mean=231.644142;source_publish_interval=0.804660,source_publish_interval,2.325583016499877,22.18112489208579,24.587542051449418
2026-08-10T16:57:08.233608+00:00,communication_drift_01,meter_02,437,none,publish_interval,random,random,random,normal_drift,0.9999999960905406,0.4908814021628174,0,,1,0,collecting_candidates;drift_not_confirmed,source_publish_interval,voltage_rolling_mean=231.450462;source_publish_interval=0.804660,source_publish_interval,0.8850828744471073,12.491583125665784,13.408582890406251
2026-08-10T16:57:08.247192+00:00,communication_drift_01,meter_03,437,none,publish_interval,random,random,random,normal_drift,0.9999999954054222,0.46418263320667935,0,,1,0,collecting_candidates;drift_not_confirmed,source_publish_interval,voltage_rolling_mean=230.658893;source_publish_interval=0.804660,source_publish_interval,0.5461659748107195,9.730000048875809,10.30316692776978
2026-08-10T16:57:09.015715+00:00,communication_drift_01,meter_01,438,none,publish_interval,random,random,random,normal_drift,0.9999999931549748,0.49328795640241374,0,,1,0,collecting_candidates;drift_not_confirmed,source_publish_interval,voltage_rolling_mean=231.644142;source_publish_interval=0.804660,source_publish_interval,3.0575001146644354,16.40829211100936,19.507667049765587
2026-08-10T16:57:09.035646+00:00,communication_drift_01,meter_02,438,none,publish_interval,random,random,random,normal_drift,0.9999999956664118,0.48483015515165184,0,,1,0,collecting_candidates;drift_not_confirmed,source_publish_interval,voltage_rolling_mean=231.450462;source_publish_interval=0.804660,source_publish_interval,0.7324169855564833,10.86654094979167,11.622124817222357
2026-08-10T16:57:09.047388+00:00,communication_drift_01,meter_03,438,none,publish_interval,random,random,random,normal_drift,0.9999999765013222,0.45338737362095655,0,,1,0,collecting_candidates;drift_not_confirmed,source_publish_interval,voltage_rolling_mean=230.658893;source_publish_interval=0.804660,source_publish_interval,0.5302079953253269,9.122165851294994,9.672334184870124
2026-08-10T16:57:09.823027+00:00,communication_drift_01,meter_01,439,none,publish_interval,random,random,random,normal_drift,0.9999999982995613,0.4567177104416519,0,,1,0,collecting_candidates;drift_not_confirmed,source_publish_interval,voltage_rolling_mean=231.644142;source_publish_interval=0.804660,source_publish_interval,1.407042145729065,21.224624942988157,22.67683297395706
2026-08-10T16:57:09.845990+00:00,communication_drift_01,meter_02,439,none,publish_interval,random,random,random,normal_drift,0.9999999769733755,0.504007794303167,0,,1,0,collecting_candidates;drift_not_confirmed,source_publish_interval,voltage_rolling_mean=231.450462;source_publish_interval=0.804660,source_publish_interval,0.7760419975966215,12.169125024229288,12.969749979674816
2026-08-10T16:57:09.859122+00:00,communication_drift_01,meter_03,439,none,publish_interval,random,random,random,normal_drift,0.9999999949231744,0.4490282921869988,0,,1,0,collecting_candidates;drift_not_confirmed,source_publish_interval,voltage_rolling_mean=230.658893;source_publish_interval=0.804660,source_publish_interval,0.5459999665617943,9.576749987900257,10.143124964088202
2026-08-10T16:57:10.632404+00:00,communication_drift_01,meter_01,440,none,publish_interval,random,random,random,normal_drift,0.999999998182695,0.4822813570593924,0,,1,0,collecting_candidates;drift_not_confirmed,source_publish_interval,voltage_rolling_mean=231.644142;source_publish_interval=0.804660,source_publish_interval,2.4934581015259027,22.663624957203865,25.216374779120088
2026-08-10T16:57:10.658109+00:00,communication_drift_01,meter_02,440,none,publish_interval,random,random,random,normal_drift,0.9999999972884042,0.4625933719526718,0,,1,0,collecting_candidates;drift_not_confirmed,source_publish_interval,voltage_rolling_mean=231.450462;source_publish_interval=0.804660,source_publish_interval,0.957125099375844,12.291874969378114,13.281084131449461
2026-08-10T16:57:10.671571+00:00,communication_drift_01,meter_03,440,none,publish_interval,random,random,random,normal_drift,0.9999999689754363,0.48144597703191155,0,,1,0,collecting_candidates;drift_not_confirmed,source_publish_interval,voltage_rolling_mean=230.658893;source_publish_interval=0.804660,source_publish_interval,0.6102500483393669,9.78445797227323,10.418291902169585
2026-08-10T16:57:11.433255+00:00,communication_drift_01,meter_01,441,none,publish_interval,random,random,random,normal_drift,0.9999999913173331,0.4710508689712528,0,,1,0,collecting_candidates;drift_not_confirmed,source_publish_interval,voltage_rolling_mean=231.644142;source_publish_interval=0.804660,source_publish_interval,2.6295408606529236,22.331624990329146,25.005332892760634
2026-08-10T16:57:11.458706+00:00,communication_drift_01,meter_02,441,none,publish_interval,random,random,random,normal_drift,0.9999999824109042,0.46531963170566654,0,,1,0,collecting_candidates;drift_not_confirmed,source_publish_interval,voltage_rolling_mean=231.450462;source_publish_interval=0.804660,source_publish_interval,0.8672080002725124,12.140874983742833,13.034667121246457
2026-08-10T16:57:11.471876+00:00,communication_drift_01,meter_03,441,none,publish_interval,random,random,random,normal_drift,0.9999999753231444,0.4820374162918739,0,,1,0,collecting_candidates;drift_not_confirmed,source_publish_interval,voltage_rolling_mean=230.658893;source_publish_interval=0.804660,source_publish_interval,0.5761659704148769,9.771915851160884,10.368792107328773
2026-08-10T16:57:12.243484+00:00,communication_drift_01,meter_01,442,none,publish_interval,random,random,random,normal_drift,0.9999999923713815,0.45678340782625554,0,,1,0,collecting_candidates;drift_not_confirmed,source_publish_interval,voltage_rolling_mean=231.644142;source_publish_interval=0.804660,source_publish_interval,2.5012497790157795,18.29841686412692,20.86291601881385
2026-08-10T16:57:12.264789+00:00,communication_drift_01,meter_02,442,none,publish_interval,random,random,random,normal_drift,0.9999999928092915,0.4410873634924572,0,,1,0,collecting_candidates;drift_not_confirmed,source_publish_interval,voltage_rolling_mean=231.450462;source_publish_interval=0.804660,source_publish_interval,0.7864159997552633,11.558749945834279,12.375291204079986
2026-08-10T16:57:12.277313+00:00,communication_drift_01,meter_03,442,none,publish_interval,random,random,random,normal_drift,0.9999999789573635,0.44408606371719944,0,,1,0,collecting_candidates;drift_not_confirmed,source_publish_interval,voltage_rolling_mean=230.658893;source_publish_interval=0.804660,source_publish_interval,0.530624995008111,9.487540926784277,10.040249908342957
2026-08-10T16:57:13.047335+00:00,communication_drift_01,meter_01,443,none,publish_interval,random,random,random,normal_drift,0.9999999990124375,0.46210119877285943,0,,1,0,collecting_candidates;drift_not_confirmed,source_publish_interval,voltage_rolling_mean=231.644142;source_publish_interval=0.804660,source_publish_interval,3.2883340027183294,14.062540838494897,17.377750016748905
2026-08-10T16:57:13.065074+00:00,communication_drift_01,meter_02,443,none,publish_interval,random,random,random,normal_drift,0.9999999826428835,0.4608373043732585,0,,1,0,collecting_candidates;drift_not_confirmed,source_publish_interval,voltage_rolling_mean=231.450462;source_publish_interval=0.804660,source_publish_interval,0.6250420119613409,10.50629187375307,11.1540830694139
2026-08-10T16:57:13.076328+00:00,communication_drift_01,meter_03,443,none,publish_interval,random,random,random,normal_drift,0.9999998613329312,0.48818157472808643,0,,1,0,collecting_candidates;drift_not_confirmed,source_publish_interval,voltage_rolling_mean=230.658893;source_publish_interval=0.804660,source_publish_interval,0.5211250390857458,8.94233281724155,9.48349991813302
2026-08-10T16:57:13.855590+00:00,communication_drift_01,meter_01,444,none,publish_interval,random,random,random,normal_drift,0.9999999869046678,0.5409085574601131,0,,1,0,collecting_candidates;drift_not_confirmed,source_publish_interval,voltage_rolling_mean=231.644142;source_publish_interval=0.804660,source_publish_interval,2.298041945323348,22.174332989379764,24.51575011946261
2026-08-10T16:57:13.880542+00:00,communication_drift_01,meter_02,444,none,publish_interval,random,random,random,normal_drift,0.9999999971016391,0.4492298643950507,0,,1,0,collecting_candidates;drift_not_confirmed,source_publish_interval,voltage_rolling_mean=231.450462;source_publish_interval=0.804660,source_publish_interval,0.8817499037832022,12.219374999403954,13.127417070791125
2026-08-10T16:57:13.893816+00:00,communication_drift_01,meter_03,444,none,publish_interval,random,random,random,normal_drift,0.9999999917508201,0.47321316671340286,0,,1,0,collecting_candidates;drift_not_confirmed,source_publish_interval,voltage_rolling_mean=230.658893;source_publish_interval=0.804660,source_publish_interval,0.5850840825587511,9.763374924659729,10.37029200233519
2026-08-10T16:57:14.658610+00:00,communication_drift_01,meter_01,445,none,publish_interval,random,random,random,normal_drift,0.9999999974272904,0.4530983110950674,0,,1,0,collecting_candidates;drift_not_confirmed,source_publish_interval,voltage_rolling_mean=231.644142;source_publish_interval=0.804660,source_publish_interval,2.240625210106373,20.39324981160462,22.675457876175642
2026-08-10T16:57:14.681693+00:00,communication_drift_01,meter_02,445,none,publish_interval,random,random,random,normal_drift,0.9999999760966641,0.45193022001307287,0,,1,0,collecting_candidates;drift_not_confirmed,source_publish_interval,voltage_rolling_mean=231.450462;source_publish_interval=0.804660,source_publish_interval,0.7278749253600836,11.920290999114513,12.673374963924289
2026-08-10T16:57:14.694482+00:00,communication_drift_01,meter_03,445,none,publish_interval,random,random,random,normal_drift,0.9999997703188498,0.4959732530085971,0,,1,0,collecting_candidates;drift_not_confirmed,source_publish_interval,voltage_rolling_mean=230.658893;source_publish_interval=0.804660,source_publish_interval,0.5441249813884497,9.621625067666173,10.185417020693421
2026-08-10T16:57:15.461618+00:00,communication_drift_01,meter_01,446,none,publish_interval,random,random,random,normal_drift,0.9999999983640155,0.4715353836837392,0,,1,0,collecting_candidates;drift_not_confirmed,source_publish_interval,voltage_rolling_mean=231.644142;source_publish_interval=0.804660,source_publish_interval,1.6130420845001936,19.59941699169576,21.270500030368567
2026-08-10T16:57:15.483208+00:00,communication_drift_01,meter_02,446,none,publish_interval,random,random,random,normal_drift,0.9999999562519833,0.4932683040216097,0,,1,0,collecting_candidates;drift_not_confirmed,source_publish_interval,voltage_rolling_mean=231.450462;source_publish_interval=0.804660,source_publish_interval,0.7517090998589993,11.805040994659066,12.58058287203312
2026-08-10T16:57:15.495922+00:00,communication_drift_01,meter_03,446,none,publish_interval,random,random,random,normal_drift,0.9999999803412106,0.48387971265719365,0,,1,0,collecting_candidates;drift_not_confirmed,source_publish_interval,voltage_rolling_mean=230.658893;source_publish_interval=0.804660,source_publish_interval,0.5114581435918808,9.539457969367504,10.073374956846237
2026-08-10T16:57:16.270390+00:00,communication_drift_01,meter_01,447,none,publish_interval,random,random,random,normal_drift,0.9999999982421881,0.4760436393693995,0,,1,0,collecting_candidates;drift_not_confirmed,source_publish_interval,voltage_rolling_mean=231.644142;source_publish_interval=0.804660,source_publish_interval,1.7938329838216305,21.705958992242813,23.5657908488065
2026-08-10T16:57:16.294448+00:00,communication_drift_01,meter_02,447,none,publish_interval,random,random,random,normal_drift,0.999999991141782,0.45927036455769416,0,,1,0,collecting_candidates;drift_not_confirmed,source_publish_interval,voltage_rolling_mean=231.450462;source_publish_interval=0.804660,source_publish_interval,0.9432921651750803,12.708208058029413,13.688208069652319
2026-08-10T16:57:16.308328+00:00,communication_drift_01,meter_03,447,none,publish_interval,random,random,random,normal_drift,0.9999999767851856,0.48764841590584274,0,,1,0,collecting_candidates;drift_not_confirmed,source_publish_interval,voltage_rolling_mean=230.658893;source_publish_interval=0.804660,source_publish_interval,0.6273752078413963,9.667250094935298,10.316249914467335
2026-08-10T16:57:17.071386+00:00,communication_drift_01,meter_01,448,none,publish_interval,random,random,random,normal_drift,0.9999999957892798,0.48718439686684545,0,,1,0,collecting_candidates;drift_not_confirmed,source_publish_interval,voltage_rolling_mean=231.644142;source_publish_interval=0.804660,source_publish_interval,2.709041116759181,15.151666942983866,17.89995888248086
2026-08-10T16:57:17.089698+00:00,communication_drift_01,meter_02,448,none,publish_interval,random,random,random,normal_drift,0.9999999885440521,0.5256498086672226,0,,1,0,collecting_candidates;drift_not_confirmed,source_publish_interval,voltage_rolling_mean=231.450462;source_publish_interval=0.804660,source_publish_interval,0.7123339455574751,10.778500000014901,11.51529187336564
2026-08-10T16:57:17.101345+00:00,communication_drift_01,meter_03,448,none,publish_interval,random,random,random,normal_drift,0.9999999078104483,0.4844267770972079,0,,1,0,collecting_candidates;drift_not_confirmed,source_publish_interval,voltage_rolling_mean=230.658893;source_publish_interval=0.804660,source_publish_interval,0.5087500903755426,9.133584098890424,9.664332959800959
2026-08-10T16:57:17.881623+00:00,communication_drift_01,meter_01,449,none,publish_interval,random,random,random,normal_drift,0.9999999969791471,0.4615615999094175,0,,1,0,collecting_candidates;drift_not_confirmed,source_publish_interval,voltage_rolling_mean=231.644142;source_publish_interval=0.804660,source_publish_interval,2.0363330841064453,21.85850008390844,23.939457954838872
2026-08-10T16:57:17.905949+00:00,communication_drift_01,meter_02,449,none,publish_interval,random,random,random,normal_drift,0.9999999981073602,0.45520534009106284,0,,1,0,collecting_candidates;drift_not_confirmed,source_publish_interval,voltage_rolling_mean=231.450462;source_publish_interval=0.804660,source_publish_interval,0.9102921467274427,12.015249812975526,12.952750083059072
2026-08-10T16:57:17.919043+00:00,communication_drift_01,meter_03,449,none,publish_interval,random,random,random,normal_drift,0.9999999937382671,0.4407977711847371,0,,1,0,collecting_candidates;drift_not_confirmed,source_publish_interval,voltage_rolling_mean=230.658893;source_publish_interval=0.804660,source_publish_interval,0.5640829913318157,9.664666838943958,10.249624960124493
2026-08-10T16:57:18.691575+00:00,communication_drift_01,meter_01,450,none,publish_interval,random,random,random,normal_drift,0.9999999989894486,0.46051573149932185,0,,1,0,collecting_candidates;drift_not_confirmed,source_publish_interval,voltage_rolling_mean=231.644142;source_publish_interval=0.804660,source_publish_interval,2.030584029853344,21.75145805813372,23.822000017389655
2026-08-10T16:57:18.715748+00:00,communication_drift_01,meter_02,450,none,publish_interval,random,random,random,normal_drift,0.9999999983079302,0.47208464306133,0,,1,0,collecting_candidates;drift_not_confirmed,source_publish_interval,voltage_rolling_mean=231.450462;source_publish_interval=0.804660,source_publish_interval,0.8592919912189245,11.98891713283956,12.872959021478891
2026-08-10T16:57:18.728747+00:00,communication_drift_01,meter_03,450,none,publish_interval,random,random,random,normal_drift,0.999999966359945,0.46750151528906037,0,,1,0,collecting_candidates;drift_not_confirmed,source_publish_interval,voltage_rolling_mean=230.658893;source_publish_interval=0.804660,source_publish_interval,0.5752090364694595,9.99441696330905,10.590750025585294
2026-08-10T16:57:19.501700+00:00,communication_drift_01,meter_01,451,none,publish_interval,random,random,random,normal_drift,0.9999999981224243,0.5226256832980265,0,,1,0,collecting_candidates;drift_not_confirmed,source_publish_interval,voltage_rolling_mean=231.644142;source_publish_interval=0.804660,source_publish_interval,3.4119999036192894,17.93379196897149,21.38483407907188
2026-08-10T16:57:19.523514+00:00,communication_drift_01,meter_02,451,none,publish_interval,random,random,random,normal_drift,0.9999999878794069,0.5539348033241334,0,,1,0,collecting_candidates;drift_not_confirmed,source_publish_interval,voltage_rolling_mean=231.450462;source_publish_interval=0.804660,source_publish_interval,0.7327499333769083,11.203249916434288,11.958916205912828
2026-08-10T16:57:19.535590+00:00,communication_drift_01,meter_03,451,none,publish_interval,random,random,random,normal_drift,0.9999999753136625,0.4378178444170125,0,,1,0,collecting_candidates;drift_not_confirmed,source_publish_interval,voltage_rolling_mean=230.658893;source_publish_interval=0.804660,source_publish_interval,0.5114588420838118,9.41099994815886,9.942958829924464
2026-08-10T16:57:20.311631+00:00,communication_drift_01,meter_01,452,none,publish_interval,random,random,random,normal_drift,0.9999999696756361,0.49473900721851605,0,,1,0,collecting_candidates;drift_not_confirmed,source_publish_interval,voltage_rolling_mean=231.644142;source_publish_interval=0.804660,source_publish_interval,2.557500032708049,16.020749928429723,18.616874935105443
2026-08-10T16:57:20.330662+00:00,communication_drift_01,meter_02,452,none,publish_interval,random,random,random,normal_drift,0.9999999924695716,0.4428156413048164,0,,1,0,collecting_candidates;drift_not_confirmed,source_publish_interval,voltage_rolling_mean=231.450462;source_publish_interval=0.804660,source_publish_interval,0.751707935705781,10.893417056649923,11.669582920148969
2026-08-10T16:57:20.342433+00:00,communication_drift_01,meter_03,452,none,publish_interval,random,random,random,normal_drift,0.9999999435738917,0.4915424450756494,0,,1,0,collecting_candidates;drift_not_confirmed,source_publish_interval,voltage_rolling_mean=230.658893;source_publish_interval=0.804660,source_publish_interval,0.5131661891937256,9.196833008900285,9.730832884088159
2026-08-10T16:57:21.120449+00:00,communication_drift_01,meter_01,453,none,publish_interval,random,random,random,normal_drift,0.9999999957507939,0.4829462743361771,0,,1,0,collecting_candidates;drift_not_confirmed,source_publish_interval,voltage_rolling_mean=231.644142;source_publish_interval=0.804660,source_publish_interval,2.071583876386285,22.282041842117906,24.404583033174276
2026-08-10T16:57:21.145407+00:00,communication_drift_01,meter_02,453,none,publish_interval,random,random,random,normal_drift,0.9999999967030895,0.4633300774911451,0,,1,0,collecting_candidates;drift_not_confirmed,source_publish_interval,voltage_rolling_mean=231.450462;source_publish_interval=0.804660,source_publish_interval,0.9060408920049667,12.08262494765222,13.01691704429686
2026-08-10T16:57:21.158574+00:00,communication_drift_01,meter_03,453,none,publish_interval,random,random,random,normal_drift,0.999999998611705,0.4735465232022581,0,,1,0,collecting_candidates;drift_not_confirmed,source_publish_interval,voltage_rolling_mean=230.658893;source_publish_interval=0.804660,source_publish_interval,0.615124823525548,9.68550005927682,10.322042042389512
2026-08-10T16:57:21.929254+00:00,communication_drift_01,meter_01,454,none,publish_interval,random,random,random,normal_drift,0.9999999866854443,0.5608372625100723,0,,1,1,drift_not_confirmed;reference_updated,source_publish_interval,voltage_rolling_mean=231.644142;source_publish_interval=0.805883,source_publish_interval,3.374833147972822,19.02820891700685,22.442375076934695
2026-08-10T16:57:21.952094+00:00,communication_drift_01,meter_02,454,none,publish_interval,random,random,random,normal_drift,0.9999999970419975,0.4757739315064899,0,,1,1,drift_not_confirmed;reference_updated,source_publish_interval,voltage_rolling_mean=231.450462;source_publish_interval=0.805883,source_publish_interval,0.7234581280499697,11.615958996117115,12.36258284188807
2026-08-10T16:57:21.964568+00:00,communication_drift_01,meter_03,454,none,publish_interval,random,random,random,normal_drift,0.9999999882240943,0.4476732207410659,0,,1,1,drift_not_confirmed;reference_updated,source_publish_interval,voltage_rolling_mean=230.658893;source_publish_interval=0.805883,source_publish_interval,0.5194589029997587,9.262332925572991,9.80337499640882
2026-08-10T16:57:22.731585+00:00,communication_drift_01,meter_01,455,none,publish_interval,random,random,random,normal_drift,0.999999997134795,0.4877713434551018,0,,1,0,collecting_candidates;drift_not_confirmed,source_publish_interval,voltage_rolling_mean=231.644142;source_publish_interval=0.805883,source_publish_interval,2.972041955217719,18.3207921218127,21.335750119760633
2026-08-10T16:57:22.753327+00:00,communication_drift_01,meter_02,455,none,publish_interval,random,random,random,normal_drift,0.9999999755028101,0.4611998136843615,0,,1,0,collecting_candidates;drift_not_confirmed,source_publish_interval,voltage_rolling_mean=231.450462;source_publish_interval=0.805883,source_publish_interval,0.7052079308778048,11.245082831010222,11.97254192084074
2026-08-10T16:57:22.765402+00:00,communication_drift_01,meter_03,455,none,publish_interval,random,random,random,normal_drift,0.9999999594644754,0.4431127978021392,0,,1,0,collecting_candidates;drift_not_confirmed,source_publish_interval,voltage_rolling_mean=230.658893;source_publish_interval=0.805883,source_publish_interval,0.5134169477969408,9.346375009045005,9.880749974399805
2026-08-10T16:57:23.540989+00:00,communication_drift_01,meter_01,456,none,publish_interval,random,random,random,normal_drift,0.9999999911208425,0.5160793649848202,0,,1,0,collecting_candidates;drift_not_confirmed,source_publish_interval,voltage_rolling_mean=231.644142;source_publish_interval=0.805883,source_publish_interval,1.7743331845849752,20.639250054955482,22.463833913207054
2026-08-10T16:57:23.563832+00:00,communication_drift_01,meter_02,456,none,publish_interval,random,random,random,normal_drift,0.9999999941246815,0.4437680627480574,0,,1,0,collecting_candidates;drift_not_confirmed,source_publish_interval,voltage_rolling_mean=231.450462;source_publish_interval=0.805883,source_publish_interval,0.7949590217322111,12.087207986041903,12.90458394214511
2026-08-10T16:57:23.576862+00:00,communication_drift_01,meter_03,456,none,publish_interval,random,random,random,normal_drift,0.9999999958459744,0.5441950938481728,0,,1,0,collecting_candidates;drift_not_confirmed,source_publish_interval,voltage_rolling_mean=230.658893;source_publish_interval=0.805883,source_publish_interval,0.5276671145111322,9.57370805554092,10.121832834556699
2026-08-10T16:57:24.351271+00:00,communication_drift_01,meter_01,457,none,publish_interval,random,random,random,normal_drift,0.999999974436256,0.47126838308792224,0,,1,0,collecting_candidates;drift_not_confirmed,source_publish_interval,voltage_rolling_mean=231.644142;source_publish_interval=0.805883,source_publish_interval,2.0754579454660416,20.715084159746766,22.826540982350707
2026-08-10T16:57:24.374468+00:00,communication_drift_01,meter_02,457,none,publish_interval,random,random,random,normal_drift,0.999999994911765,0.43703614441875416,0,,1,0,collecting_candidates;drift_not_confirmed,source_publish_interval,voltage_rolling_mean=231.450462;source_publish_interval=0.805883,source_publish_interval,0.738541828468442,11.704416945576668,12.464874889701605
2026-08-10T16:57:24.387035+00:00,communication_drift_01,meter_03,457,none,publish_interval,random,random,random,normal_drift,0.9999999869987626,0.4540153337554625,0,,1,0,collecting_candidates;drift_not_confirmed,source_publish_interval,voltage_rolling_mean=230.658893;source_publish_interval=0.805883,source_publish_interval,0.5071659106761217,9.52862505801022,10.055874940007925
2026-08-10T16:57:25.158650+00:00,communication_drift_01,meter_01,458,none,publish_interval,random,random,random,normal_drift,0.9999999996803479,0.45776884731092476,0,,1,0,collecting_candidates;drift_not_confirmed,source_publish_interval,voltage_rolling_mean=231.644142;source_publish_interval=0.805883,source_publish_interval,2.05137487500906,22.47045817784965,24.56550020724535
2026-08-10T16:57:25.183602+00:00,communication_drift_01,meter_02,458,none,publish_interval,random,random,random,normal_drift,0.9999999905127149,0.4409937053864414,0,,1,0,collecting_candidates;drift_not_confirmed,source_publish_interval,voltage_rolling_mean=231.450462;source_publish_interval=0.805883,source_publish_interval,0.9164588991552591,12.27112510241568,13.21537490002811
2026-08-10T16:57:25.196971+00:00,communication_drift_01,meter_03,458,none,publish_interval,random,random,random,normal_drift,0.9999999774133924,0.4619161338746515,0,,1,0,collecting_candidates;drift_not_confirmed,source_publish_interval,voltage_rolling_mean=230.658893;source_publish_interval=0.805883,source_publish_interval,0.5760840140283108,9.585375199094415,10.183499893173575
2026-08-10T16:57:25.968426+00:00,communication_drift_01,meter_01,459,none,publish_interval,random,random,random,normal_drift,0.9999999908054878,0.47193991924203554,0,,1,0,collecting_candidates;drift_not_confirmed,source_publish_interval,voltage_rolling_mean=231.644142;source_publish_interval=0.805883,source_publish_interval,2.32795812189579,20.23237501271069,22.600957890972495
2026-08-10T16:57:25.991435+00:00,communication_drift_01,meter_02,459,none,publish_interval,random,random,random,normal_drift,0.9999999873353534,0.4391556109625646,0,,1,0,collecting_candidates;drift_not_confirmed,source_publish_interval,voltage_rolling_mean=231.450462;source_publish_interval=0.805883,source_publish_interval,0.7603338453918695,12.003791984170675,12.789207976311445
2026-08-10T16:57:26.004355+00:00,communication_drift_01,meter_03,459,none,publish_interval,random,random,random,normal_drift,0.9999999308590207,0.548631611946647,0,,1,0,collecting_candidates;drift_not_confirmed,source_publish_interval,voltage_rolling_mean=230.658893;source_publish_interval=0.805883,source_publish_interval,0.5129589699208736,9.627334075048566,10.161041049286723
2026-08-10T16:57:26.776922+00:00,communication_drift_01,meter_01,460,none,publish_interval,random,random,random,normal_drift,0.9999999924791004,0.521468597295532,0,,1,0,collecting_candidates;drift_not_confirmed,source_publish_interval,voltage_rolling_mean=231.644142;source_publish_interval=0.805883,source_publish_interval,2.513208193704486,18.43787496909499,20.98687505349517
2026-08-10T16:57:26.798285+00:00,communication_drift_01,meter_02,460,none,publish_interval,random,random,random,normal_drift,0.9999999523651302,0.5487304749141416,0,,1,0,collecting_candidates;drift_not_confirmed,source_publish_interval,voltage_rolling_mean=231.450462;source_publish_interval=0.805883,source_publish_interval,0.7012500427663326,11.461082845926285,12.184042017906904
2026-08-10T16:57:26.810572+00:00,communication_drift_01,meter_03,460,none,publish_interval,random,random,random,normal_drift,0.9999999777513895,0.4506874576753527,0,,1,0,collecting_candidates;drift_not_confirmed,source_publish_interval,voltage_rolling_mean=230.658893;source_publish_interval=0.805883,source_publish_interval,0.49704196862876415,9.544583968818188,10.06074994802475
2026-08-10T16:57:27.582875+00:00,communication_drift_01,meter_01,461,none,publish_interval,random,random,random,normal_drift,0.9999999849262446,0.49571827512853617,0,,1,0,collecting_candidates;drift_not_confirmed,source_publish_interval,voltage_rolling_mean=231.644142;source_publish_interval=0.805883,source_publish_interval,2.240374917164445,22.09945791400969,24.38891609199345
2026-08-10T16:57:27.607652+00:00,communication_drift_01,meter_02,461,none,publish_interval,random,random,random,normal_drift,0.9999999863966109,0.5172408552623928,0,,1,0,collecting_candidates;drift_not_confirmed,source_publish_interval,voltage_rolling_mean=231.450462;source_publish_interval=0.805883,source_publish_interval,0.8397500496357679,12.280542170628905,13.144833035767078
2026-08-10T16:57:27.620909+00:00,communication_drift_01,meter_03,461,none,publish_interval,random,random,random,normal_drift,0.9999999823806526,0.4552075466169604,0,,1,0,collecting_candidates;drift_not_confirmed,source_publish_interval,voltage_rolling_mean=230.658893;source_publish_interval=0.805883,source_publish_interval,0.5608329083770514,9.695624932646751,10.27645799331367
2026-08-10T16:57:28.389340+00:00,communication_drift_01,meter_01,462,none,publish_interval,random,random,random,normal_drift,0.9999999988979924,0.47568075742556576,0,,1,0,collecting_candidates;drift_not_confirmed,source_publish_interval,voltage_rolling_mean=231.644142;source_publish_interval=0.805883,source_publish_interval,2.268041018396616,21.98758302256465,24.293666006997228
2026-08-10T16:57:28.414288+00:00,communication_drift_01,meter_02,462,none,publish_interval,random,random,random,normal_drift,0.999999925020547,0.5182322426669614,0,,1,0,collecting_candidates;drift_not_confirmed,source_publish_interval,voltage_rolling_mean=231.450462;source_publish_interval=0.805883,source_publish_interval,0.8210828527808189,11.978625087067485,12.825208017602563
2026-08-10T16:57:28.427234+00:00,communication_drift_01,meter_03,462,none,publish_interval,random,random,random,normal_drift,0.9999997570556052,0.5577672165450979,0,,1,0,collecting_candidates;drift_not_confirmed,source_publish_interval,voltage_rolling_mean=230.658893;source_publish_interval=0.805883,source_publish_interval,0.5491250194609165,9.572540875524282,10.143332881852984
2026-08-10T16:57:29.192610+00:00,communication_drift_01,meter_01,463,none,publish_interval,random,random,random,normal_drift,0.9999999938011284,0.4694972470506026,0,,1,0,collecting_candidates;drift_not_confirmed,source_publish_interval,voltage_rolling_mean=231.644142;source_publish_interval=0.805883,source_publish_interval,2.1195420995354652,22.489667171612382,24.65395792387426
2026-08-10T16:57:29.217675+00:00,communication_drift_01,meter_02,463,none,publish_interval,random,random,random,normal_drift,0.9999999906408178,0.43858541257367056,0,,1,0,collecting_candidates;drift_not_confirmed,source_publish_interval,voltage_rolling_mean=231.450462;source_publish_interval=0.805883,source_publish_interval,0.8506251033395529,11.962708085775375,12.838334077969193
2026-08-10T16:57:29.230631+00:00,communication_drift_01,meter_03,463,none,publish_interval,random,random,random,normal_drift,0.9999999796678889,0.49747085980967987,0,,1,0,collecting_candidates;drift_not_confirmed,source_publish_interval,voltage_rolling_mean=230.658893;source_publish_interval=0.805883,source_publish_interval,0.5146251060068607,9.573958115652204,10.109166847541928
2026-08-10T16:57:30.001586+00:00,communication_drift_01,meter_01,464,none,publish_interval,random,random,random,normal_drift,0.9999999926992296,0.4676807475678208,0,,1,0,collecting_candidates;drift_not_confirmed,source_publish_interval,voltage_rolling_mean=231.644142;source_publish_interval=0.805883,source_publish_interval,2.3384999949485064,22.80083391815424,25.178833166137338
2026-08-10T16:57:30.027170+00:00,communication_drift_01,meter_02,464,none,publish_interval,random,random,random,normal_drift,0.9999999271323003,0.5556863060808016,0,,1,0,collecting_candidates;drift_not_confirmed,source_publish_interval,voltage_rolling_mean=231.450462;source_publish_interval=0.805883,source_publish_interval,0.848792027682066,12.04170798882842,12.915166094899178
2026-08-10T16:57:30.040206+00:00,communication_drift_01,meter_03,464,none,publish_interval,random,random,random,normal_drift,0.9999999830781062,0.49393294347908306,0,,1,0,collecting_candidates;drift_not_confirmed,source_publish_interval,voltage_rolling_mean=230.658893;source_publish_interval=0.805883,source_publish_interval,0.553749967366457,9.715500054880977,10.289500001817942
2026-08-10T16:57:30.811311+00:00,communication_drift_01,meter_01,465,none,publish_interval,random,random,random,normal_drift,0.9999999862464313,0.5323855093156697,0,,1,0,collecting_candidates;drift_not_confirmed,source_publish_interval,voltage_rolling_mean=231.644142;source_publish_interval=0.805883,source_publish_interval,2.3637909907847643,22.097457898780704,24.499249877408147
2026-08-10T16:57:30.836233+00:00,communication_drift_01,meter_02,465,none,publish_interval,random,random,random,normal_drift,0.9999999896125488,0.4432323260015247,0,,1,0,collecting_candidates;drift_not_confirmed,source_publish_interval,voltage_rolling_mean=231.450462;source_publish_interval=0.805883,source_publish_interval,0.7152091711759567,12.217875104397535,12.960291001945734
2026-08-10T16:57:30.849319+00:00,communication_drift_01,meter_03,465,none,publish_interval,random,random,random,normal_drift,0.9999999111376009,0.5756272840014197,0,,1,0,collecting_candidates;drift_not_confirmed,source_publish_interval,voltage_rolling_mean=230.658893;source_publish_interval=0.805883,source_publish_interval,0.5308340769261122,9.658082854002714,10.210542008280754
2026-08-10T16:57:31.621441+00:00,communication_drift_01,meter_01,466,none,publish_interval,random,random,random,normal_drift,0.9999999915233305,0.49393468221438924,0,,1,0,collecting_candidates;drift_not_confirmed,source_publish_interval,voltage_rolling_mean=231.644142;source_publish_interval=0.805883,source_publish_interval,2.0542920101433992,21.71520795673132,23.80804205313325
2026-08-10T16:57:31.645572+00:00,communication_drift_01,meter_02,466,none,publish_interval,random,random,random,normal_drift,0.9999999756427594,0.4616505426488402,0,,1,0,collecting_candidates;drift_not_confirmed,source_publish_interval,voltage_rolling_mean=231.450462;source_publish_interval=0.805883,source_publish_interval,0.8206670172512531,11.928166029974818,12.774000177159905
2026-08-10T16:57:31.658465+00:00,communication_drift_01,meter_03,466,none,publish_interval,random,random,random,normal_drift,0.9999999933551216,0.47006232058279235,0,,1,0,collecting_candidates;drift_not_confirmed,source_publish_interval,voltage_rolling_mean=230.658893;source_publish_interval=0.805883,source_publish_interval,0.5687919910997152,9.7806251142174,10.36925008520484
2026-08-10T16:57:32.426286+00:00,communication_drift_01,meter_01,467,none,publish_interval,random,random,random,normal_drift,0.9999993113763724,0.5884224838636308,0,,1,0,collecting_candidates;drift_not_confirmed,source_publish_interval,voltage_rolling_mean=231.644142;source_publish_interval=0.805883,source_publish_interval,1.3721671421080828,20.633041858673096,22.042083088308573
2026-08-10T16:57:32.448590+00:00,communication_drift_01,meter_02,467,none,publish_interval,random,random,random,normal_drift,0.9999999882237182,0.4481335165172442,0,,1,0,collecting_candidates;drift_not_confirmed,source_publish_interval,voltage_rolling_mean=231.450462;source_publish_interval=0.805883,source_publish_interval,0.8863329421728849,12.647334020584822,13.557584024965763
2026-08-10T16:57:32.462269+00:00,communication_drift_01,meter_03,467,none,publish_interval,random,random,random,normal_drift,0.9999999904538969,0.44724673190976033,0,,1,0,collecting_candidates;drift_not_confirmed,source_publish_interval,voltage_rolling_mean=230.658893;source_publish_interval=0.805883,source_publish_interval,0.5828330758959055,9.786957874894142,10.389457922428846
2026-08-10T16:57:33.233876+00:00,communication_drift_01,meter_01,468,none,publish_interval,random,random,random,normal_drift,0.9999999994529705,0.4412928035651523,0,,1,0,collecting_candidates;drift_not_confirmed,source_publish_interval,voltage_rolling_mean=231.644142;source_publish_interval=0.805883,source_publish_interval,1.089292112737894,19.499375019222498,20.663458155468106
2026-08-10T16:57:33.254846+00:00,communication_drift_01,meter_02,468,none,publish_interval,random,random,random,normal_drift,0.9999999949272815,0.458023181604771,0,,1,0,collecting_candidates;drift_not_confirmed,source_publish_interval,voltage_rolling_mean=231.450462;source_publish_interval=0.805883,source_publish_interval,0.7922500371932983,12.981917010620236,13.806541915982962
2026-08-10T16:57:33.268833+00:00,communication_drift_01,meter_03,468,none,publish_interval,random,random,random,normal_drift,0.9999999930505896,0.47157481050139555,0,,1,0,collecting_candidates;drift_not_confirmed,source_publish_interval,voltage_rolling_mean=230.658893;source_publish_interval=0.805883,source_publish_interval,0.5759999621659517,10.06374997086823,10.665500070899725
2026-08-10T16:57:34.043235+00:00,communication_drift_01,meter_01,469,none,publish_interval,random,random,random,normal_drift,0.9999999969984574,0.5607452147989204,0,,1,0,collecting_candidates;drift_not_confirmed,source_publish_interval,voltage_rolling_mean=231.644142;source_publish_interval=0.805883,source_publish_interval,2.348833018913865,22.960583912208676,25.358583079650998
2026-08-10T16:57:34.069002+00:00,communication_drift_01,meter_02,469,none,publish_interval,random,random,random,normal_drift,0.9999999953966612,0.43894974474750387,0,,1,0,collecting_candidates;drift_not_confirmed,source_publish_interval,voltage_rolling_mean=231.450462;source_publish_interval=0.805883,source_publish_interval,0.8023749105632305,11.491250013932586,12.321292189881206
2026-08-10T16:57:34.081479+00:00,communication_drift_01,meter_03,469,none,publish_interval,random,random,random,normal_drift,0.9999999931914338,0.44595551624358043,0,,1,0,collecting_candidates;drift_not_confirmed,source_publish_interval,voltage_rolling_mean=230.658893;source_publish_interval=0.805883,source_publish_interval,0.5149580538272858,9.49550000950694,10.033374885097146
2026-08-10T16:57:34.853535+00:00,communication_drift_01,meter_01,470,none,publish_interval,random,random,random,normal_drift,0.999999993661995,0.46434543628986913,0,,1,0,collecting_candidates;drift_not_confirmed,source_publish_interval,voltage_rolling_mean=231.644142;source_publish_interval=0.805883,source_publish_interval,2.496708882972598,20.22304106503725,22.76349999010563
2026-08-10T16:57:34.876699+00:00,communication_drift_01,meter_02,470,none,publish_interval,random,random,random,normal_drift,0.9999999942464843,0.46246602303517764,0,,1,0,collecting_candidates;drift_not_confirmed,source_publish_interval,voltage_rolling_mean=231.450462;source_publish_interval=0.805883,source_publish_interval,0.7257501129060984,11.878333985805511,12.629624921828508
2026-08-10T16:57:34.889452+00:00,communication_drift_01,meter_03,470,none,publish_interval,random,random,random,normal_drift,0.9999999972039064,0.44410993296714746,0,,1,0,collecting_candidates;drift_not_confirmed,source_publish_interval,voltage_rolling_mean=230.658893;source_publish_interval=0.805883,source_publish_interval,0.5314999725669622,9.561708895489573,10.113249998539686
2026-08-10T16:57:35.663504+00:00,communication_drift_01,meter_01,471,none,publish_interval,random,random,random,normal_drift,0.999999997120171,0.46447844561356405,0,,1,0,collecting_candidates;drift_not_confirmed,source_publish_interval,voltage_rolling_mean=231.644142;source_publish_interval=0.805883,source_publish_interval,2.074457937851548,22.034458117559552,24.160540895536542
2026-08-10T16:57:35.688122+00:00,communication_drift_01,meter_02,471,none,publish_interval,random,random,random,normal_drift,0.9999999948471334,0.43871048753888753,0,,1,0,collecting_candidates;drift_not_confirmed,source_publish_interval,voltage_rolling_mean=231.450462;source_publish_interval=0.805883,source_publish_interval,0.9026669431477785,12.12612516246736,13.055749936029315
2026-08-10T16:57:35.701325+00:00,communication_drift_01,meter_03,471,none,publish_interval,random,random,random,normal_drift,0.9999999826178133,0.4513415289340589,0,,1,0,collecting_candidates;drift_not_confirmed,source_publish_interval,voltage_rolling_mean=230.658893;source_publish_interval=0.805883,source_publish_interval,0.5223329644650221,9.671624982729554,10.215250076726079
2026-08-10T16:57:36.465676+00:00,communication_drift_01,meter_01,472,none,publish_interval,random,random,random,normal_drift,0.9999999737160206,0.4897403891126566,0,,1,0,collecting_candidates;drift_not_confirmed,source_publish_interval,voltage_rolling_mean=231.644142;source_publish_interval=0.805883,source_publish_interval,1.7260829918086529,22.14858401566744,23.91433296725154
2026-08-10T16:57:36.489890+00:00,communication_drift_01,meter_02,472,none,publish_interval,random,random,random,normal_drift,0.9999999026866576,0.5421828502527504,0,,1,0,collecting_candidates;drift_not_confirmed,source_publish_interval,voltage_rolling_mean=231.450462;source_publish_interval=0.805883,source_publish_interval,0.8916670922189951,12.129834154620767,13.046792009845376
2026-08-10T16:57:36.503056+00:00,communication_drift_01,meter_03,472,none,publish_interval,random,random,random,normal_drift,0.9999999898159172,0.4441142697800728,0,,1,0,collecting_candidates;drift_not_confirmed,source_publish_interval,voltage_rolling_mean=230.658893;source_publish_interval=0.805883,source_publish_interval,0.557958148419857,9.934167144820094,10.514291003346443
2026-08-10T16:57:37.273709+00:00,communication_drift_01,meter_01,473,none,publish_interval,random,random,random,normal_drift,0.9999999907220752,0.49593853118486314,0,,1,0,collecting_candidates;drift_not_confirmed,source_publish_interval,voltage_rolling_mean=231.644142;source_publish_interval=0.805883,source_publish_interval,2.541916910558939,21.21337503194809,23.788042133674026
2026-08-10T16:57:37.297859+00:00,communication_drift_01,meter_02,473,none,publish_interval,random,random,random,normal_drift,0.9999999923152126,0.45201161760592296,0,,1,0,collecting_candidates;drift_not_confirmed,source_publish_interval,voltage_rolling_mean=231.450462;source_publish_interval=0.805883,source_publish_interval,0.7435830775648355,11.697957990691066,12.463917024433613
2026-08-10T16:57:37.310432+00:00,communication_drift_01,meter_03,473,none,publish_interval,random,random,random,normal_drift,0.9999999935424175,0.44362399587484364,0,,1,0,collecting_candidates;drift_not_confirmed,source_publish_interval,voltage_rolling_mean=230.658893;source_publish_interval=0.805883,source_publish_interval,0.5077910609543324,9.510665899142623,10.039166081696749
2026-08-10T16:57:38.083343+00:00,communication_drift_01,meter_01,474,none,publish_interval,random,random,random,normal_drift,0.9999999940914974,0.463677888827417,0,,1,1,drift_not_confirmed;reference_updated,source_publish_interval,voltage_rolling_mean=231.644142;source_publish_interval=0.806804,source_publish_interval,2.0383328665047884,21.95958304218948,24.044624995440245
2026-08-10T16:57:38.107780+00:00,communication_drift_01,meter_02,474,none,publish_interval,random,random,random,normal_drift,0.999999958770824,0.6047811623021679,0,,1,1,drift_not_confirmed;reference_updated,source_publish_interval,voltage_rolling_mean=231.450462;source_publish_interval=0.806803,source_publish_interval,0.8606251794844866,12.11333298124373,13.002375140786171
2026-08-10T16:57:38.120917+00:00,communication_drift_01,meter_03,474,none,publish_interval,random,random,random,normal_drift,0.9999999530726265,0.5108596713674539,0,,1,1,drift_not_confirmed;reference_updated,source_publish_interval,voltage_rolling_mean=230.658893;source_publish_interval=0.806800,source_publish_interval,0.5825420375913382,9.766541887074709,10.37150016054511
2026-08-10T16:57:38.888929+00:00,communication_drift_01,meter_01,475,none,publish_interval,random,random,random,normal_drift,0.9999999962947828,0.505703351197042,0,,1,0,collecting_candidates;drift_not_confirmed,source_publish_interval,voltage_rolling_mean=231.644142;source_publish_interval=0.806804,source_publish_interval,2.008457900956273,21.99000003747642,24.038915988057852
2026-08-10T16:57:38.913301+00:00,communication_drift_01,meter_02,475,none,publish_interval,random,random,random,normal_drift,0.9999999918454846,0.45060946154539766,0,,1,0,collecting_candidates;drift_not_confirmed,source_publish_interval,voltage_rolling_mean=231.450462;source_publish_interval=0.806803,source_publish_interval,0.8764169178903103,12.025832897052169,12.927250005304813
2026-08-10T16:57:38.926365+00:00,communication_drift_01,meter_03,475,none,publish_interval,random,random,random,normal_drift,0.9999999906420544,0.44887369496372015,0,,1,0,collecting_candidates;drift_not_confirmed,source_publish_interval,voltage_rolling_mean=230.658893;source_publish_interval=0.806800,source_publish_interval,0.5728329997509718,9.668375132605433,10.26129093952477
2026-08-10T16:57:39.698676+00:00,communication_drift_01,meter_01,476,none,publish_interval,random,random,random,normal_drift,0.999999974842986,0.623985326499991,0,,1,0,collecting_candidates;drift_not_confirmed,source_publish_interval,voltage_rolling_mean=231.644142;source_publish_interval=0.806804,source_publish_interval,2.012041863054037,21.935083903372288,23.991917027160525
2026-08-10T16:57:39.722986+00:00,communication_drift_01,meter_02,476,none,publish_interval,random,random,random,normal_drift,0.9999999784810416,0.48536187672736786,0,,1,0,collecting_candidates;drift_not_confirmed,source_publish_interval,voltage_rolling_mean=231.450462;source_publish_interval=0.806803,source_publish_interval,0.8528749458491802,12.022665934637189,12.900999980047345
2026-08-10T16:57:39.736018+00:00,communication_drift_01,meter_03,476,none,publish_interval,random,random,random,normal_drift,0.999999991034226,0.45829083020522515,0,,1,0,collecting_candidates;drift_not_confirmed,source_publish_interval,voltage_rolling_mean=230.658893;source_publish_interval=0.806800,source_publish_interval,0.5787911359220743,9.714666986837983,10.314666898921132
2026-08-10T16:57:40.508470+00:00,communication_drift_01,meter_01,477,none,publish_interval,random,random,random,normal_drift,0.9999999985055643,0.46148517736313066,0,,1,0,collecting_candidates;drift_not_confirmed,source_publish_interval,voltage_rolling_mean=231.644142;source_publish_interval=0.806804,source_publish_interval,2.0046248100697994,22.435916820541024,24.49612505733967
2026-08-10T16:57:40.533426+00:00,communication_drift_01,meter_02,477,none,publish_interval,random,random,random,normal_drift,0.9999999937597737,0.44556917070640356,0,,1,0,collecting_candidates;drift_not_confirmed,source_publish_interval,voltage_rolling_mean=231.450462;source_publish_interval=0.806803,source_publish_interval,0.96670794300735,12.070666998624802,13.070541899651289
2026-08-10T16:57:40.546672+00:00,communication_drift_01,meter_03,477,none,publish_interval,random,random,random,normal_drift,0.9999999968587594,0.4560853434470729,0,,1,0,collecting_candidates;drift_not_confirmed,source_publish_interval,voltage_rolling_mean=230.658893;source_publish_interval=0.806800,source_publish_interval,0.6061659660190344,9.55529185011983,10.18395903520286
2026-08-10T16:57:41.319073+00:00,communication_drift_01,meter_01,478,none,publish_interval,random,random,random,normal_drift,0.9999999959080934,0.4499305879693444,0,,1,0,collecting_candidates;drift_not_confirmed,source_publish_interval,voltage_rolling_mean=231.644142;source_publish_interval=0.806804,source_publish_interval,2.063250169157982,22.26579189300537,24.374041939154267
2026-08-10T16:57:41.343891+00:00,communication_drift_01,meter_02,478,none,publish_interval,random,random,random,normal_drift,0.9999999962745312,0.489192890485708,0,,1,0,collecting_candidates;drift_not_confirmed,source_publish_interval,voltage_rolling_mean=231.450462;source_publish_interval=0.806803,source_publish_interval,0.8862079121172428,12.025624979287386,12.941624969244003
2026-08-10T16:57:41.356971+00:00,communication_drift_01,meter_03,478,none,publish_interval,random,random,random,normal_drift,0.9999999974130072,0.4760120631218461,0,,1,0,collecting_candidates;drift_not_confirmed,source_publish_interval,voltage_rolling_mean=230.658893;source_publish_interval=0.806800,source_publish_interval,0.5754171870648861,9.710708865895867,10.307250078767538
2026-08-10T16:57:42.127045+00:00,communication_drift_01,meter_01,479,none,publish_interval,random,random,random,normal_drift,0.9999999970733173,0.4824839088343799,0,,1,0,collecting_candidates;drift_not_confirmed,source_publish_interval,voltage_rolling_mean=231.644142;source_publish_interval=0.806804,source_publish_interval,1.9487908575683832,20.96212492324412,22.95595803298056
2026-08-10T16:57:42.150393+00:00,communication_drift_01,meter_02,479,none,publish_interval,random,random,random,normal_drift,0.9999999917900014,0.4389368415647876,0,,1,0,collecting_candidates;drift_not_confirmed,source_publish_interval,voltage_rolling_mean=231.450462;source_publish_interval=0.806803,source_publish_interval,0.8645001798868179,11.990250088274479,12.881416827440262
2026-08-10T16:57:42.163411+00:00,communication_drift_01,meter_03,479,none,publish_interval,random,random,random,normal_drift,0.9999997963021672,0.5337758782629095,0,,1,0,collecting_candidates;drift_not_confirmed,source_publish_interval,voltage_rolling_mean=230.658893;source_publish_interval=0.806800,source_publish_interval,0.5793329328298569,9.506250033155084,10.10645809583366
2026-08-10T16:57:42.928011+00:00,communication_drift_01,meter_01,480,none,publish_interval,random,random,random,normal_drift,0.9999999944789342,0.5437035709978135,0,,1,0,collecting_candidates;drift_not_confirmed,source_publish_interval,voltage_rolling_mean=231.644142;source_publish_interval=0.806804,source_publish_interval,1.3323330786079168,21.24729100614786,22.629000013694167
2026-08-10T16:57:42.950895+00:00,communication_drift_01,meter_02,480,none,publish_interval,random,random,random,normal_drift,0.9999999270255195,0.5850740205193241,0,,1,0,collecting_candidates;drift_not_confirmed,source_publish_interval,voltage_rolling_mean=231.450462;source_publish_interval=0.806803,source_publish_interval,0.9158330503851175,13.238791842013597,14.1803331207484
2026-08-10T16:57:42.965214+00:00,communication_drift_01,meter_03,480,none,publish_interval,random,random,random,normal_drift,0.9999999983625574,0.4925394699645268,0,,1,0,collecting_candidates;drift_not_confirmed,source_publish_interval,voltage_rolling_mean=230.658893;source_publish_interval=0.806800,source_publish_interval,0.579833984375,10.414999909698963,11.016584001481533
2026-08-10T16:57:43.729949+00:00,communication_drift_01,meter_01,481,none,publish_interval,random,random,random,normal_drift,0.9999999915595051,0.4444603071012558,0,,1,0,collecting_candidates;drift_not_confirmed,source_publish_interval,voltage_rolling_mean=231.644142;source_publish_interval=0.806804,source_publish_interval,2.0157918334007263,22.16416597366333,24.22600006684661
2026-08-10T16:57:43.754568+00:00,communication_drift_01,meter_02,481,none,publish_interval,random,random,random,normal_drift,0.9999999947168334,0.436754378764124,0,,1,0,collecting_candidates;drift_not_confirmed,source_publish_interval,voltage_rolling_mean=231.450462;source_publish_interval=0.806803,source_publish_interval,0.9159159380942583,12.024542083963752,12.966209091246128
2026-08-10T16:57:43.767680+00:00,communication_drift_01,meter_03,481,none,publish_interval,random,random,random,normal_drift,0.9999999781013691,0.4687556431979172,0,,1,0,collecting_candidates;drift_not_confirmed,source_publish_interval,voltage_rolling_mean=230.658893;source_publish_interval=0.806800,source_publish_interval,0.5904999561607838,9.688833029940724,10.300791123881936
2026-08-10T16:57:44.533112+00:00,communication_drift_01,meter_01,482,none,publish_interval,random,random,random,normal_drift,0.9999999923449622,0.44123349915060045,0,,1,0,collecting_candidates;drift_not_confirmed,source_publish_interval,voltage_rolling_mean=231.644142;source_publish_interval=0.806804,source_publish_interval,2.0210840739309788,20.79162490554154,22.847791202366352
2026-08-10T16:57:44.556318+00:00,communication_drift_01,meter_02,482,none,publish_interval,random,random,random,normal_drift,0.9999999882841545,0.4428397579644007,0,,1,0,collecting_candidates;drift_not_confirmed,source_publish_interval,voltage_rolling_mean=231.450462;source_publish_interval=0.806803,source_publish_interval,0.7407499942928553,11.574750067666173,12.338584056124091
2026-08-10T16:57:44.568769+00:00,communication_drift_01,meter_03,482,none,publish_interval,random,random,random,normal_drift,0.999999995466216,0.4554322691318116,0,,1,0,collecting_candidates;drift_not_confirmed,source_publish_interval,voltage_rolling_mean=230.658893;source_publish_interval=0.806800,source_publish_interval,0.5258331075310707,9.521292056888342,10.067916009575129
2026-08-10T16:57:45.340168+00:00,communication_drift_01,meter_01,483,none,publish_interval,random,random,random,normal_drift,0.9999999916708023,0.4839835103558116,0,,1,0,collecting_candidates;drift_not_confirmed,source_publish_interval,voltage_rolling_mean=231.644142;source_publish_interval=0.806804,source_publish_interval,2.6627921033650637,17.427165992558002,20.128582837060094
2026-08-10T16:57:45.360700+00:00,communication_drift_01,meter_02,483,none,publish_interval,random,random,random,normal_drift,0.9999999906352829,0.44943877997372217,0,,1,0,collecting_candidates;drift_not_confirmed,source_publish_interval,voltage_rolling_mean=231.450462;source_publish_interval=0.806803,source_publish_interval,0.7397090084850788,11.143250158056617,11.90524990670383
2026-08-10T16:57:45.372713+00:00,communication_drift_01,meter_03,483,none,publish_interval,random,random,random,normal_drift,0.9999999969466531,0.45317544542352745,0,,1,0,collecting_candidates;drift_not_confirmed,source_publish_interval,voltage_rolling_mean=230.658893;source_publish_interval=0.806800,source_publish_interval,0.5210828967392445,9.292792063206434,9.833624819293618
2026-08-10T16:57:46.146096+00:00,communication_drift_01,meter_01,484,none,publish_interval,random,random,random,normal_drift,0.9999999927190779,0.47101338135091814,0,,1,0,collecting_candidates;drift_not_confirmed,source_publish_interval,voltage_rolling_mean=231.644142;source_publish_interval=0.806804,source_publish_interval,2.838999964296818,19.37645790167153,22.254832787439227
2026-08-10T16:57:46.168761+00:00,communication_drift_01,meter_02,484,none,publish_interval,random,random,random,normal_drift,0.9999999919998036,0.47947649382134416,0,,1,0,collecting_candidates;drift_not_confirmed,source_publish_interval,voltage_rolling_mean=231.450462;source_publish_interval=0.806803,source_publish_interval,0.7600001990795135,11.83112501166761,12.616499792784452
2026-08-10T16:57:46.181494+00:00,communication_drift_01,meter_03,484,none,publish_interval,random,random,random,normal_drift,0.9999999931183072,0.4568158615987627,0,,1,0,collecting_candidates;drift_not_confirmed,source_publish_interval,voltage_rolling_mean=230.658893;source_publish_interval=0.806800,source_publish_interval,0.5238750018179417,9.402999887242913,9.94766689836979
2026-08-10T16:57:46.948666+00:00,communication_drift_01,meter_01,485,none,publish_interval,random,random,random,normal_drift,0.9999999505043466,0.5332135132359237,0,,1,0,collecting_candidates;drift_not_confirmed,source_publish_interval,voltage_rolling_mean=231.644142;source_publish_interval=0.806804,source_publish_interval,3.183458000421524,16.427750000730157,19.653499824926257
2026-08-10T16:57:46.968744+00:00,communication_drift_01,meter_02,485,none,publish_interval,random,random,random,normal_drift,0.999999960347449,0.44145125438633853,0,,1,0,collecting_candidates;drift_not_confirmed,source_publish_interval,voltage_rolling_mean=231.450462;source_publish_interval=0.806803,source_publish_interval,0.7400831673294306,10.865375166758895,11.627041036263108
2026-08-10T16:57:46.980490+00:00,communication_drift_01,meter_03,485,none,publish_interval,random,random,random,normal_drift,0.9999999909407463,0.48537801065698244,0,,1,0,collecting_candidates;drift_not_confirmed,source_publish_interval,voltage_rolling_mean=230.658893;source_publish_interval=0.806800,source_publish_interval,0.5065000150352716,9.089292027056217,9.614999871701002
2026-08-10T16:57:47.758613+00:00,communication_drift_01,meter_01,486,none,publish_interval,random,random,random,normal_drift,0.9999999963436506,0.43615210424995926,0,,1,0,collecting_candidates;drift_not_confirmed,source_publish_interval,voltage_rolling_mean=231.644142;source_publish_interval=0.806804,source_publish_interval,2.0598340779542923,21.96816704235971,24.072624975815415
2026-08-10T16:57:47.783078+00:00,communication_drift_01,meter_02,486,none,publish_interval,random,random,random,normal_drift,0.9999999924422168,0.5409849972750745,0,,1,0,collecting_candidates;drift_not_confirmed,source_publish_interval,voltage_rolling_mean=231.450462;source_publish_interval=0.806803,source_publish_interval,0.9268750436604023,12.116333935409784,13.068292057141662
2026-08-10T16:57:47.796272+00:00,communication_drift_01,meter_03,486,none,publish_interval,random,random,random,normal_drift,0.9999999967257482,0.48927771440360773,0,,1,0,collecting_candidates;drift_not_confirmed,source_publish_interval,voltage_rolling_mean=230.658893;source_publish_interval=0.806800,source_publish_interval,0.5757908802479506,9.689791826531291,10.28545806184411
2026-08-10T16:57:48.566237+00:00,communication_drift_01,meter_01,487,none,publish_interval,random,random,random,normal_drift,0.9999999424204402,0.4926974230194099,0,,1,0,collecting_candidates;drift_not_confirmed,source_publish_interval,voltage_rolling_mean=231.644142;source_publish_interval=0.806804,source_publish_interval,1.6275830566883087,20.225916989147663,21.894583012908697
2026-08-10T16:57:48.588438+00:00,communication_drift_01,meter_02,487,none,publish_interval,random,random,random,normal_drift,0.9999999505393815,0.4500996620299848,0,,1,0,collecting_candidates;drift_not_confirmed,source_publish_interval,voltage_rolling_mean=231.450462;source_publish_interval=0.806803,source_publish_interval,0.8170411456376314,12.173667084425688,13.016624841839075
2026-08-10T16:57:48.601573+00:00,communication_drift_01,meter_03,487,none,publish_interval,random,random,random,normal_drift,0.999999988487191,0.48563081409525993,0,,1,0,collecting_candidates;drift_not_confirmed,source_publish_interval,voltage_rolling_mean=230.658893;source_publish_interval=0.806800,source_publish_interval,0.5769578274339437,9.549250127747655,10.147708002477884
2026-08-10T16:57:49.377011+00:00,communication_drift_01,meter_01,488,none,publish_interval,random,random,random,normal_drift,0.9999998347619266,0.5182803982054995,0,,1,0,collecting_candidates;drift_not_confirmed,source_publish_interval,voltage_rolling_mean=231.644142;source_publish_interval=0.806804,source_publish_interval,2.136124996468425,22.329166997224092,24.514542194083333
2026-08-10T16:57:49.401914+00:00,communication_drift_01,meter_02,488,none,publish_interval,random,random,random,normal_drift,0.9999999984140551,0.44063018909995055,0,,1,0,collecting_candidates;drift_not_confirmed,source_publish_interval,voltage_rolling_mean=231.450462;source_publish_interval=0.806803,source_publish_interval,0.9044171310961246,12.210291111841798,13.142667012289166
2026-08-10T16:57:49.415212+00:00,communication_drift_01,meter_03,488,none,publish_interval,random,random,random,normal_drift,0.9999999980699463,0.5358500518417634,0,,1,0,collecting_candidates;drift_not_confirmed,source_publish_interval,voltage_rolling_mean=230.658893;source_publish_interval=0.806800,source_publish_interval,0.5840829107910395,9.572249837219715,10.179250035434961
2026-08-10T16:57:50.183873+00:00,communication_drift_01,meter_01,489,none,publish_interval,random,random,random,normal_drift,0.9999999980518655,0.46886975825834015,0,,1,0,collecting_candidates;drift_not_confirmed,source_publish_interval,voltage_rolling_mean=231.644142;source_publish_interval=0.806804,source_publish_interval,2.714416943490505,21.359500009566545,24.11200013011694
2026-08-10T16:57:50.208392+00:00,communication_drift_01,meter_02,489,none,publish_interval,random,random,random,normal_drift,0.9999999718217109,0.46962042921089814,0,,1,0,collecting_candidates;drift_not_confirmed,source_publish_interval,voltage_rolling_mean=231.450462;source_publish_interval=0.806803,source_publish_interval,0.8667500223964453,11.86708314344287,12.758709024637938
2026-08-10T16:57:50.221271+00:00,communication_drift_01,meter_03,489,none,publish_interval,random,random,random,normal_drift,0.9999999970521223,0.4606011594617333,0,,1,0,collecting_candidates;drift_not_confirmed,source_publish_interval,voltage_rolling_mean=230.658893;source_publish_interval=0.806800,source_publish_interval,0.5699580069631338,9.617957985028625,10.208165971562266
2026-08-10T16:57:50.993098+00:00,communication_drift_01,meter_01,490,none,publish_interval,random,random,random,normal_drift,0.9999999901396234,0.4645469989070536,0,,1,0,collecting_candidates;drift_not_confirmed,source_publish_interval,voltage_rolling_mean=231.644142;source_publish_interval=0.806804,source_publish_interval,2.536499872803688,19.879915984347463,22.44795812293887
2026-08-10T16:57:51.015917+00:00,communication_drift_01,meter_02,490,none,publish_interval,random,random,random,normal_drift,0.9999999899998945,0.4552207621710645,0,,1,0,collecting_candidates;drift_not_confirmed,source_publish_interval,voltage_rolling_mean=231.450462;source_publish_interval=0.806803,source_publish_interval,0.7373341359198093,11.600166093558073,12.361416826024652
2026-08-10T16:57:51.028376+00:00,communication_drift_01,meter_03,490,none,publish_interval,random,random,random,normal_drift,0.9999999980115362,0.45081271261728445,0,,1,0,collecting_candidates;drift_not_confirmed,source_publish_interval,voltage_rolling_mean=230.658893;source_publish_interval=0.806800,source_publish_interval,0.5142500158399343,9.551999857649207,10.086582973599434
2026-08-10T16:57:51.802405+00:00,communication_drift_01,meter_01,491,none,publish_interval,random,random,random,normal_drift,0.9999999829691993,0.474384676556266,0,,1,0,collecting_candidates;drift_not_confirmed,source_publish_interval,voltage_rolling_mean=231.644142;source_publish_interval=0.806804,source_publish_interval,1.9835419952869415,21.34549990296364,23.37516681291163
2026-08-10T16:57:51.826147+00:00,communication_drift_01,meter_02,491,none,publish_interval,random,random,random,normal_drift,0.9999999964741986,0.44622892823224963,0,,1,0,collecting_candidates;drift_not_confirmed,source_publish_interval,voltage_rolling_mean=231.450462;source_publish_interval=0.806803,source_publish_interval,0.8620419539511204,12.008458841592073,12.895792024210095
2026-08-10T16:57:51.839172+00:00,communication_drift_01,meter_03,491,none,publish_interval,random,random,random,normal_drift,0.9999999945994622,0.47118551912503687,0,,1,0,collecting_candidates;drift_not_confirmed,source_publish_interval,voltage_rolling_mean=230.658893;source_publish_interval=0.806800,source_publish_interval,0.5766248796135187,9.621749864891171,10.219583055004478
2026-08-10T16:57:52.612550+00:00,communication_drift_01,meter_01,492,none,publish_interval,random,random,random,normal_drift,0.9999999674344757,0.47101720734973046,0,,1,0,collecting_candidates;drift_not_confirmed,source_publish_interval,voltage_rolling_mean=231.644142;source_publish_interval=0.806804,source_publish_interval,2.9525840654969215,17.979792086407542,20.969207864254713
2026-08-10T16:57:52.633955+00:00,communication_drift_01,meter_02,492,none,publish_interval,random,random,random,normal_drift,0.9999999903940137,0.44886764421316044,0,,1,0,collecting_candidates;drift_not_confirmed,source_publish_interval,voltage_rolling_mean=231.450462;source_publish_interval=0.806803,source_publish_interval,0.804124865680933,11.120874900370836,11.947083054110408
2026-08-10T16:57:52.646022+00:00,communication_drift_01,meter_03,492,none,publish_interval,random,random,random,normal_drift,0.9999999980470677,0.447037376683391,0,,1,0,collecting_candidates;drift_not_confirmed,source_publish_interval,voltage_rolling_mean=230.658893;source_publish_interval=0.806800,source_publish_interval,0.5127908661961555,9.471000172197819,10.004709009081125
2026-08-10T16:57:53.416963+00:00,communication_drift_01,meter_01,493,none,publish_interval,random,random,random,normal_drift,0.9999999944844558,0.4597570646795551,0,,1,0,collecting_candidates;drift_not_confirmed,source_publish_interval,voltage_rolling_mean=231.644142;source_publish_interval=0.806804,source_publish_interval,1.9529999699443579,21.964875049889088,23.95633398555219
2026-08-10T16:57:53.441288+00:00,communication_drift_01,meter_02,493,none,publish_interval,random,random,random,normal_drift,0.999999990018828,0.4994830687731621,0,,1,0,collecting_candidates;drift_not_confirmed,source_publish_interval,voltage_rolling_mean=231.450462;source_publish_interval=0.806803,source_publish_interval,0.7686249446123838,11.960875010117888,12.755417032167315
2026-08-10T16:57:53.454156+00:00,communication_drift_01,meter_03,493,none,publish_interval,random,random,random,normal_drift,0.9999999968388238,0.5372657221676825,0,,1,0,collecting_candidates;drift_not_confirmed,source_publish_interval,voltage_rolling_mean=230.658893;source_publish_interval=0.806800,source_publish_interval,0.5459589883685112,9.623083053156734,10.189125081524253
2026-08-10T16:57:54.222295+00:00,communication_drift_01,meter_01,494,none,publish_interval,random,random,random,normal_drift,0.9999999875872624,0.4358373355188687,0,,1,1,drift_not_confirmed;reference_updated,source_publish_interval,voltage_rolling_mean=231.644142;source_publish_interval=0.806867,source_publish_interval,3.457666840404272,13.173582963645458,16.6678330861032
2026-08-10T16:57:54.239331+00:00,communication_drift_01,meter_02,494,none,publish_interval,random,random,random,normal_drift,0.999999988189359,0.4427233186166995,0,,1,1,drift_not_confirmed;reference_updated,source_publish_interval,voltage_rolling_mean=231.450462;source_publish_interval=0.806867,source_publish_interval,0.6839579436928034,9.859707904979587,10.564290918409824
2026-08-10T16:57:54.249991+00:00,communication_drift_01,meter_03,494,none,publish_interval,random,random,random,normal_drift,0.9999999889128007,0.5213780404863885,0,,1,1,drift_not_confirmed;reference_updated,source_publish_interval,voltage_rolling_mean=230.658893;source_publish_interval=0.806869,source_publish_interval,0.4719172138720751,8.736124960705638,9.229208109900355
2026-08-10T16:57:55.029407+00:00,communication_drift_01,meter_01,495,none,publish_interval,random,random,random,normal_drift,0.9999999948610052,0.4626343572517942,0,,1,0,collecting_candidates;drift_not_confirmed,source_publish_interval,voltage_rolling_mean=231.644142;source_publish_interval=0.806867,source_publish_interval,3.067083889618516,14.492749935016036,17.59087503887713
2026-08-10T16:57:55.047400+00:00,communication_drift_01,meter_02,495,none,publish_interval,random,random,random,normal_drift,0.9999999903944791,0.465164540634506,0,,1,0,collecting_candidates;drift_not_confirmed,source_publish_interval,voltage_rolling_mean=231.450462;source_publish_interval=0.806867,source_publish_interval,0.6852908991277218,10.611915960907936,11.319291079416871
2026-08-10T16:57:55.058837+00:00,communication_drift_01,meter_03,495,none,publish_interval,random,random,random,normal_drift,0.99999999925462,0.44147811311841,0,,1,0,collecting_candidates;drift_not_confirmed,source_publish_interval,voltage_rolling_mean=230.658893;source_publish_interval=0.806869,source_publish_interval,0.5171250086277723,9.0743328910321,9.611875051632524
2026-08-10T16:57:55.831946+00:00,communication_drift_01,meter_01,496,none,publish_interval,random,random,random,normal_drift,0.9999999855694703,0.4375055301119933,0,,1,0,collecting_candidates;drift_not_confirmed,source_publish_interval,voltage_rolling_mean=231.644142;source_publish_interval=0.806867,source_publish_interval,1.9340000580996275,20.71691700257361,22.683707997202873
2026-08-10T16:57:55.855010+00:00,communication_drift_01,meter_02,496,none,publish_interval,random,random,random,normal_drift,0.9999999868940794,0.49766729627908135,0,,1,0,collecting_candidates;drift_not_confirmed,source_publish_interval,voltage_rolling_mean=231.450462;source_publish_interval=0.806867,source_publish_interval,0.75562484562397,11.854375014081597,12.635000050067902
2026-08-10T16:57:55.867776+00:00,communication_drift_01,meter_03,496,none,publish_interval,random,random,random,normal_drift,0.9999999981457692,0.4376199320954589,0,,1,0,collecting_candidates;drift_not_confirmed,source_publish_interval,voltage_rolling_mean=230.658893;source_publish_interval=0.806869,source_publish_interval,0.5675421562045813,9.563958970829844,10.154583025723696
2026-08-10T16:57:56.638410+00:00,communication_drift_01,meter_01,497,none,publish_interval,random,random,random,normal_drift,0.9999999773875853,0.5101703640465193,0,,1,0,collecting_candidates;drift_not_confirmed,source_publish_interval,voltage_rolling_mean=231.644142;source_publish_interval=0.806867,source_publish_interval,1.9955839961767197,22.089792182669044,24.123125011101365
2026-08-10T16:57:56.662843+00:00,communication_drift_01,meter_02,497,none,publish_interval,random,random,random,normal_drift,0.9999999958428032,0.4520566562244625,0,,1,0,collecting_candidates;drift_not_confirmed,source_publish_interval,voltage_rolling_mean=231.450462;source_publish_interval=0.806867,source_publish_interval,0.8778749033808708,11.987083125859499,12.889540987089276
2026-08-10T16:57:56.675847+00:00,communication_drift_01,meter_03,497,none,publish_interval,random,random,random,normal_drift,0.9999999991890265,0.4940978278734675,0,,1,0,collecting_candidates;drift_not_confirmed,source_publish_interval,voltage_rolling_mean=230.658893;source_publish_interval=0.806869,source_publish_interval,0.5649160593748093,9.676665998995304,10.262833209708333
2026-08-10T16:57:57.446986+00:00,communication_drift_01,meter_01,498,none,publish_interval,random,random,random,normal_drift,0.9999999346569051,0.6374368118705153,0,,1,0,collecting_candidates;drift_not_confirmed,source_publish_interval,voltage_rolling_mean=231.644142;source_publish_interval=0.806867,source_publish_interval,2.1994588896632195,21.854250226169825,24.096166947856545
2026-08-10T16:57:57.471409+00:00,communication_drift_01,meter_02,498,none,publish_interval,random,random,random,normal_drift,0.9999999980203853,0.4664766135098607,0,,1,0,collecting_candidates;drift_not_confirmed,source_publish_interval,voltage_rolling_mean=231.450462;source_publish_interval=0.806867,source_publish_interval,0.9215411264449358,12.093874858692288,13.041666941717267
2026-08-10T16:57:57.484611+00:00,communication_drift_01,meter_03,498,none,publish_interval,random,random,random,normal_drift,0.9999999994952822,0.4500871972992348,0,,1,0,collecting_candidates;drift_not_confirmed,source_publish_interval,voltage_rolling_mean=230.658893;source_publish_interval=0.806869,source_publish_interval,0.5645828787237406,9.533042088150978,10.118666104972363
2026-08-10T16:57:58.252197+00:00,communication_drift_01,meter_01,499,none,publish_interval,random,random,random,normal_drift,0.9999999680496626,0.537170918136733,0,,1,0,collecting_candidates;drift_not_confirmed,source_publish_interval,voltage_rolling_mean=231.644142;source_publish_interval=0.806867,source_publish_interval,2.003875095397234,21.905874833464622,23.950333008542657
2026-08-10T16:57:58.276469+00:00,communication_drift_01,meter_02,499,none,publish_interval,random,random,random,normal_drift,0.9999999957525252,0.4418682043253426,0,,1,0,collecting_candidates;drift_not_confirmed,source_publish_interval,voltage_rolling_mean=231.450462;source_publish_interval=0.806867,source_publish_interval,0.7486250251531601,11.854583164677024,12.630749959498644
2026-08-10T16:57:58.289222+00:00,communication_drift_01,meter_03,499,none,publish_interval,random,random,random,normal_drift,0.9999999990496762,0.4427950538785071,0,,1,0,collecting_candidates;drift_not_confirmed,source_publish_interval,voltage_rolling_mean=230.658893;source_publish_interval=0.806869,source_publish_interval,0.5251250695437193,9.584458079189062,10.129875037819147
2026-08-10T16:57:59.062175+00:00,communication_drift_01,meter_01,500,none,publish_interval,random,random,random,normal_drift,0.9999999778614324,0.4688353102642986,0,,1,0,collecting_candidates;drift_not_confirmed,source_publish_interval,voltage_rolling_mean=231.644142;source_publish_interval=0.806867,source_publish_interval,1.9512500148266554,22.25112495943904,24.24533385783434
2026-08-10T16:57:59.086762+00:00,communication_drift_01,meter_02,500,none,publish_interval,random,random,random,normal_drift,0.9999999965569772,0.44714083098331897,0,,1,0,collecting_candidates;drift_not_confirmed,source_publish_interval,voltage_rolling_mean=231.450462;source_publish_interval=0.806867,source_publish_interval,0.8934580255299807,11.8259999435395,12.744500068947673
2026-08-10T16:57:59.099629+00:00,communication_drift_01,meter_03,500,none,publish_interval,random,random,random,normal_drift,0.9999999982422771,0.4843646291832144,0,,1,0,collecting_candidates;drift_not_confirmed,source_publish_interval,voltage_rolling_mean=230.658893;source_publish_interval=0.806869,source_publish_interval,0.5725000519305468,9.621332865208387,10.213665897026658
2026-08-10T16:57:59.872168+00:00,communication_drift_01,meter_01,501,none,publish_interval,random,random,random,normal_drift,0.9999999546332462,0.5197469828510624,0,,1,0,collecting_candidates;drift_not_confirmed,source_publish_interval,voltage_rolling_mean=231.644142;source_publish_interval=0.806867,source_publish_interval,3.1840000301599503,21.458624862134457,24.722083006054163
2026-08-10T16:57:59.897451+00:00,communication_drift_01,meter_02,501,none,publish_interval,random,random,random,normal_drift,0.9999999932780397,0.5393061510038643,0,,1,0,collecting_candidates;drift_not_confirmed,source_publish_interval,voltage_rolling_mean=231.450462;source_publish_interval=0.806867,source_publish_interval,0.9618750773370266,12.326624942943454,13.319791993126273
2026-08-10T16:57:59.910946+00:00,communication_drift_01,meter_03,501,none,publish_interval,random,random,random,normal_drift,0.9999999956406955,0.43806085553282886,0,,1,0,collecting_candidates;drift_not_confirmed,source_publish_interval,voltage_rolling_mean=230.658893;source_publish_interval=0.806869,source_publish_interval,0.5281248595565557,9.569540852680802,10.124374879524112
2026-08-10T16:58:00.680289+00:00,communication_drift_01,meter_01,502,none,publish_interval,random,random,random,normal_drift,0.9999999571469559,0.48726830069966615,0,,1,0,collecting_candidates;drift_not_confirmed,source_publish_interval,voltage_rolling_mean=231.644142;source_publish_interval=0.806867,source_publish_interval,2.3304170463234186,18.778415862470865,21.158291958272457
2026-08-10T16:58:00.701908+00:00,communication_drift_01,meter_02,502,none,publish_interval,random,random,random,normal_drift,0.9999999968679181,0.45756316443446293,0,,1,0,collecting_candidates;drift_not_confirmed,source_publish_interval,voltage_rolling_mean=231.450462;source_publish_interval=0.806867,source_publish_interval,0.8198341820389032,11.352125089615583,12.194833951070905
2026-08-10T16:58:00.714231+00:00,communication_drift_01,meter_03,502,none,publish_interval,random,random,random,normal_drift,0.9999999962552626,0.4354194526458026,0,,1,0,collecting_candidates;drift_not_confirmed,source_publish_interval,voltage_rolling_mean=230.658893;source_publish_interval=0.806869,source_publish_interval,0.5106250755488873,9.463833179324865,9.994207881391048
2026-08-10T16:58:01.488649+00:00,communication_drift_01,meter_01,503,none,publish_interval,random,random,random,normal_drift,0.9999999941727398,0.4404768283662114,0,,1,0,collecting_candidates;drift_not_confirmed,source_publish_interval,voltage_rolling_mean=231.644142;source_publish_interval=0.806867,source_publish_interval,1.9998750649392605,22.170749958604574,24.22162494622171
2026-08-10T16:58:01.513279+00:00,communication_drift_01,meter_02,503,none,publish_interval,random,random,random,normal_drift,0.9999999958978032,0.4503694359907321,0,,1,0,collecting_candidates;drift_not_confirmed,source_publish_interval,voltage_rolling_mean=231.450462;source_publish_interval=0.806867,source_publish_interval,0.9535409044474363,12.365707894787192,13.34516704082489
2026-08-10T16:58:01.526774+00:00,communication_drift_01,meter_03,503,none,publish_interval,random,random,random,normal_drift,0.9999999996962197,0.4535648618761124,0,,1,0,collecting_candidates;drift_not_confirmed,source_publish_interval,voltage_rolling_mean=230.658893;source_publish_interval=0.806869,source_publish_interval,0.5771671421825886,9.741791058331728,10.3405830450356
2026-08-10T16:58:02.298580+00:00,communication_drift_01,meter_01,504,none,publish_interval,random,random,random,normal_drift,0.9999999965815407,0.5464086447240784,0,,1,0,collecting_candidates;drift_not_confirmed,source_publish_interval,voltage_rolling_mean=231.644142;source_publish_interval=0.806867,source_publish_interval,2.0006669219583273,22.116707870736718,24.151582969352603
2026-08-10T16:58:02.323074+00:00,communication_drift_01,meter_02,504,none,publish_interval,random,random,random,normal_drift,0.9999999851846626,0.4968986274992774,0,,1,0,collecting_candidates;drift_not_confirmed,source_publish_interval,voltage_rolling_mean=231.450462;source_publish_interval=0.806867,source_publish_interval,0.7456671446561813,12.021416798233986,12.791417073458433
2026-08-10T16:58:02.335977+00:00,communication_drift_01,meter_03,504,none,publish_interval,random,random,random,normal_drift,0.9999999863531439,0.4787990451225209,0,,1,0,collecting_candidates;drift_not_confirmed,source_publish_interval,voltage_rolling_mean=230.658893;source_publish_interval=0.806869,source_publish_interval,0.5152910016477108,9.599582990631461,10.135291842743754
2026-08-10T16:58:03.101511+00:00,communication_drift_01,meter_01,505,none,publish_interval,random,random,random,normal_drift,0.9999999914619996,0.44571311435029987,0,,1,0,collecting_candidates;drift_not_confirmed,source_publish_interval,voltage_rolling_mean=231.644142;source_publish_interval=0.806867,source_publish_interval,2.007415983825922,22.173708071932197,24.233708158135414
2026-08-10T16:58:03.126210+00:00,communication_drift_01,meter_02,505,none,publish_interval,random,random,random,normal_drift,0.9999999431540877,0.46325706537261685,0,,1,0,collecting_candidates;drift_not_confirmed,source_publish_interval,voltage_rolling_mean=231.450462;source_publish_interval=0.806867,source_publish_interval,0.935582909733057,12.105332920327783,13.06883292272687
2026-08-10T16:58:03.139441+00:00,communication_drift_01,meter_03,505,none,publish_interval,random,random,random,normal_drift,0.9999999991655522,0.4558850378266376,0,,1,0,collecting_candidates;drift_not_confirmed,source_publish_interval,voltage_rolling_mean=230.658893;source_publish_interval=0.806869,source_publish_interval,0.5946250166743994,9.66162490658462,10.278624948114157
2026-08-10T16:58:03.909916+00:00,communication_drift_01,meter_01,506,none,publish_interval,random,random,random,normal_drift,0.9999999831400556,0.4506943186463367,0,,1,0,collecting_candidates;drift_not_confirmed,source_publish_interval,voltage_rolling_mean=231.644142;source_publish_interval=0.806867,source_publish_interval,2.57154181599617,23.733874782919884,26.353458873927593
2026-08-10T16:58:03.936802+00:00,communication_drift_01,meter_02,506,none,publish_interval,random,random,random,normal_drift,0.9999999979531689,0.44490807361571005,0,,1,0,collecting_candidates;drift_not_confirmed,source_publish_interval,voltage_rolling_mean=231.450462;source_publish_interval=0.806867,source_publish_interval,0.8830840233713388,12.490333057940006,13.39933299459517
2026-08-10T16:58:03.950348+00:00,communication_drift_01,meter_03,506,none,publish_interval,random,random,random,normal_drift,0.9999999979636267,0.5834723367789875,0,,1,0,collecting_candidates;drift_not_confirmed,source_publish_interval,voltage_rolling_mean=230.658893;source_publish_interval=0.806869,source_publish_interval,0.5867918953299522,9.853834053501487,10.462624952197075
2026-08-10T16:58:04.710487+00:00,communication_drift_01,meter_01,507,none,publish_interval,random,random,random,normal_drift,0.9999999903371161,0.44282340412653287,0,,1,0,collecting_candidates;drift_not_confirmed,source_publish_interval,voltage_rolling_mean=231.644142;source_publish_interval=0.806867,source_publish_interval,2.0487909205257893,20.61804197728634,22.707750089466572
2026-08-10T16:58:04.733541+00:00,communication_drift_01,meter_02,507,none,publish_interval,random,random,random,normal_drift,0.9999999959990202,0.47766829593241944,0,,1,0,collecting_candidates;drift_not_confirmed,source_publish_interval,voltage_rolling_mean=231.450462;source_publish_interval=0.806867,source_publish_interval,0.8717498276382685,11.99983386322856,12.895792024210095
2026-08-10T16:58:04.746568+00:00,communication_drift_01,meter_03,507,none,publish_interval,random,random,random,normal_drift,0.9999999984195398,0.44029084775960947,0,,1,0,collecting_candidates;drift_not_confirmed,source_publish_interval,voltage_rolling_mean=230.658893;source_publish_interval=0.806869,source_publish_interval,0.5781659856438637,9.607125073671341,10.204958962276578
2026-08-10T16:58:05.521051+00:00,communication_drift_01,meter_01,508,none,publish_interval,random,random,random,normal_drift,0.9999999963300361,0.45955640144707904,0,,1,0,collecting_candidates;drift_not_confirmed,source_publish_interval,voltage_rolling_mean=231.644142;source_publish_interval=0.806867,source_publish_interval,2.012917073443532,22.082624956965446,24.143208051100373
2026-08-10T16:58:05.545610+00:00,communication_drift_01,meter_02,508,none,publish_interval,random,random,random,normal_drift,0.9999999807862044,0.4924181039119075,0,,1,0,collecting_candidates;drift_not_confirmed,source_publish_interval,voltage_rolling_mean=231.450462;source_publish_interval=0.806867,source_publish_interval,0.7912919390946627,12.212291825562716,13.029792113229632
2026-08-10T16:58:05.558783+00:00,communication_drift_01,meter_03,508,none,publish_interval,random,random,random,normal_drift,0.9999999986827293,0.4438863650529926,0,,1,0,collecting_candidates;drift_not_confirmed,source_publish_interval,voltage_rolling_mean=230.658893;source_publish_interval=0.806869,source_publish_interval,0.5444579292088747,9.616957977414131,10.182500118389726
2026-08-10T16:58:06.331104+00:00,communication_drift_01,meter_01,509,none,publish_interval,random,random,random,normal_drift,0.9999999978973353,0.45273061438963325,0,,1,0,collecting_candidates;drift_not_confirmed,source_publish_interval,voltage_rolling_mean=231.644142;source_publish_interval=0.806867,source_publish_interval,3.408958902582526,16.628000186756253,20.0745000038296
2026-08-10T16:58:06.351559+00:00,communication_drift_01,meter_02,509,none,publish_interval,random,random,random,normal_drift,0.9999999942952442,0.4450481684060614,0,,1,0,collecting_candidates;drift_not_confirmed,source_publish_interval,voltage_rolling_mean=231.450462;source_publish_interval=0.806867,source_publish_interval,0.7174578495323658,10.865041054785252,11.605541920289397
2026-08-10T16:58:06.363282+00:00,communication_drift_01,meter_03,509,none,publish_interval,random,random,random,normal_drift,0.9999999975324831,0.4802601636758859,0,,1,0,collecting_candidates;drift_not_confirmed,source_publish_interval,voltage_rolling_mean=230.658893;source_publish_interval=0.806869,source_publish_interval,0.530624995008111,9.402083000168204,9.970540879294276
2026-08-10T16:58:07.140953+00:00,communication_drift_01,meter_01,510,none,publish_interval,random,random,random,normal_drift,0.9999999817820119,0.47489800123548637,0,,1,0,collecting_candidates;drift_not_confirmed,source_publish_interval,voltage_rolling_mean=231.644142;source_publish_interval=0.806867,source_publish_interval,3.374833846464753,17.102666897699237,20.516582997515798
2026-08-10T16:58:07.161882+00:00,communication_drift_01,meter_02,510,none,publish_interval,random,random,random,normal_drift,0.9999999982465035,0.48055458975482546,0,,1,0,collecting_candidates;drift_not_confirmed,source_publish_interval,voltage_rolling_mean=231.450462;source_publish_interval=0.806867,source_publish_interval,0.7326670456677675,10.822916869074106,11.577707948163152
2026-08-10T16:58:07.173570+00:00,communication_drift_01,meter_03,510,none,publish_interval,random,random,random,normal_drift,0.9999999988420398,0.4404710866602235,0,,1,0,collecting_candidates;drift_not_confirmed,source_publish_interval,voltage_rolling_mean=230.658893;source_publish_interval=0.806869,source_publish_interval,0.5372921004891396,9.024583036080003,9.580792160704732
2026-08-10T16:58:07.941698+00:00,communication_drift_01,meter_01,511,none,publish_interval,random,random,random,normal_drift,0.9999999822099929,0.44865261259622086,0,,1,0,collecting_candidates;drift_not_confirmed,source_publish_interval,voltage_rolling_mean=231.644142;source_publish_interval=0.806867,source_publish_interval,1.9348340574651957,20.2587079256773,22.270375164225698
2026-08-10T16:58:07.964297+00:00,communication_drift_01,meter_02,511,none,publish_interval,random,random,random,normal_drift,0.9999999933825345,0.44773576078340727,0,,1,0,collecting_candidates;drift_not_confirmed,source_publish_interval,voltage_rolling_mean=231.450462;source_publish_interval=0.806867,source_publish_interval,0.9612080175429583,12.610000092536211,13.608000008389354
2026-08-10T16:58:07.978168+00:00,communication_drift_01,meter_03,511,none,publish_interval,random,random,random,normal_drift,0.9999999982761367,0.44135051513331847,0,,1,0,collecting_candidates;drift_not_confirmed,source_publish_interval,voltage_rolling_mean=230.658893;source_publish_interval=0.806869,source_publish_interval,0.6261251401156187,10.075042024254799,10.746249929070473
2026-08-10T16:58:08.749021+00:00,communication_drift_01,meter_01,512,none,publish_interval,random,random,random,normal_drift,0.9999999932503738,0.552431152292477,0,,1,0,collecting_candidates;drift_not_confirmed,source_publish_interval,voltage_rolling_mean=231.644142;source_publish_interval=0.806867,source_publish_interval,2.4673331063240767,19.92379198782146,22.461166838184
2026-08-10T16:58:08.771874+00:00,communication_drift_01,meter_02,512,none,publish_interval,random,random,random,normal_drift,0.9999999932426471,0.5554570790661594,0,,1,0,collecting_candidates;drift_not_confirmed,source_publish_interval,voltage_rolling_mean=231.450462;source_publish_interval=0.806867,source_publish_interval,0.8255001157522202,11.944500030949712,12.828333070501685
2026-08-10T16:58:08.785210+00:00,communication_drift_01,meter_03,512,none,publish_interval,random,random,random,normal_drift,0.9999999981180536,0.4783266755220974,0,,1,0,collecting_candidates;drift_not_confirmed,source_publish_interval,voltage_rolling_mean=230.658893;source_publish_interval=0.806869,source_publish_interval,0.657333992421627,10.876042069867253,11.589833069592714
2026-08-10T16:58:09.552809+00:00,communication_drift_01,meter_01,513,none,publish_interval,random,random,random,normal_drift,0.9999999941004345,0.4523357239378297,0,,1,0,collecting_candidates;drift_not_confirmed,source_publish_interval,voltage_rolling_mean=231.644142;source_publish_interval=0.806867,source_publish_interval,0.8973339572548866,16.442958964034915,17.372334143146873
2026-08-10T16:58:09.570384+00:00,communication_drift_01,meter_02,513,none,publish_interval,random,random,random,normal_drift,0.999999997384073,0.4557925565759794,0,,1,0,collecting_candidates;drift_not_confirmed,source_publish_interval,voltage_rolling_mean=231.450462;source_publish_interval=0.806867,source_publish_interval,0.42004184797406197,7.126957876607776,7.578625110909343
2026-08-10T16:58:09.578134+00:00,communication_drift_01,meter_03,513,none,publish_interval,random,random,random,normal_drift,0.9999999981900836,0.5093253270012732,0,,1,0,collecting_candidates;drift_not_confirmed,source_publish_interval,voltage_rolling_mean=230.658893;source_publish_interval=0.806869,source_publish_interval,0.44183293357491493,7.171750068664551,7.644791854545474
2026-08-10T16:58:10.363000+00:00,communication_drift_01,meter_01,514,none,publish_interval,random,random,random,normal_drift,0.9999999372658145,0.5035821253268898,0,,1,1,drift_not_confirmed;reference_updated,source_publish_interval,voltage_rolling_mean=231.644142;source_publish_interval=0.806985,source_publish_interval,1.3750409707427025,16.09579101204872,17.5161671359092
2026-08-10T16:58:10.380805+00:00,communication_drift_01,meter_02,514,none,publish_interval,random,random,random,normal_drift,0.9999999949034022,0.43441251383407814,0,,1,1,drift_not_confirmed;reference_updated,source_publish_interval,voltage_rolling_mean=231.450462;source_publish_interval=0.806972,source_publish_interval,0.4121670499444008,6.7812500055879354,7.214166922494769
2026-08-10T16:58:10.388120+00:00,communication_drift_01,meter_03,514,none,publish_interval,random,random,random,normal_drift,0.9999999955621839,0.4721523343462193,0,,1,1,drift_not_confirmed;reference_updated,source_publish_interval,voltage_rolling_mean=230.658893;source_publish_interval=0.806965,source_publish_interval,0.3619999624788761,6.586290895938873,6.965999957174063
2026-08-10T16:58:11.163329+00:00,communication_drift_01,meter_01,515,none,publish_interval,random,random,random,normal_drift,0.9999999549170246,0.4611408017537228,0,,1,0,collecting_candidates;drift_not_confirmed,source_publish_interval,voltage_rolling_mean=231.644142;source_publish_interval=0.806985,source_publish_interval,1.623040996491909,16.21391694061458,17.871915828436613
2026-08-10T16:58:11.181433+00:00,communication_drift_01,meter_02,515,none,publish_interval,random,random,random,normal_drift,0.9999999971461222,0.4518333545774422,0,,1,0,collecting_candidates;drift_not_confirmed,source_publish_interval,voltage_rolling_mean=231.450462;source_publish_interval=0.806972,source_publish_interval,0.43400004506111145,6.980875041335821,7.436749991029501
2026-08-10T16:58:11.188995+00:00,communication_drift_01,meter_03,515,none,publish_interval,random,random,random,normal_drift,0.9999999921452255,0.47598786895926143,0,,1,0,collecting_candidates;drift_not_confirmed,source_publish_interval,voltage_rolling_mean=230.658893;source_publish_interval=0.806965,source_publish_interval,0.37974980659782887,6.870707962661982,7.273708004504442
2026-08-10T16:58:11.971513+00:00,communication_drift_01,meter_01,516,none,publish_interval,random,random,random,normal_drift,0.9999998008911298,0.5366008702802695,0,,1,0,collecting_candidates;drift_not_confirmed,source_publish_interval,voltage_rolling_mean=231.644142;source_publish_interval=0.806985,source_publish_interval,0.9999999310821295,16.16587513126433,17.195583088323474
2026-08-10T16:58:11.988935+00:00,communication_drift_01,meter_02,516,none,publish_interval,random,random,random,normal_drift,0.9999999981755798,0.478652502237509,0,,1,0,collecting_candidates;drift_not_confirmed,source_publish_interval,voltage_rolling_mean=231.450462;source_publish_interval=0.806972,source_publish_interval,0.42979209683835506,7.845916086807847,8.29833303578198
2026-08-10T16:58:11.997351+00:00,communication_drift_01,meter_03,516,none,publish_interval,random,random,random,normal_drift,0.9999999984742587,0.44555960087410196,0,,1,0,collecting_candidates;drift_not_confirmed,source_publish_interval,voltage_rolling_mean=230.658893;source_publish_interval=0.806965,source_publish_interval,0.3794159274548292,8.421124890446663,8.821832947432995
2026-08-10T16:58:12.781533+00:00,communication_drift_01,meter_01,517,none,publish_interval,random,random,random,normal_drift,0.9999999871087123,0.4661728010070935,0,,1,0,collecting_candidates;drift_not_confirmed,source_publish_interval,voltage_rolling_mean=231.644142;source_publish_interval=0.806985,source_publish_interval,2.850540913641453,16.174540854990482,19.057333935052156
2026-08-10T16:58:12.801127+00:00,communication_drift_01,meter_02,517,none,publish_interval,random,random,random,normal_drift,0.9999999976424667,0.4398082910261103,0,,1,0,collecting_candidates;drift_not_confirmed,source_publish_interval,voltage_rolling_mean=231.450462;source_publish_interval=0.806972,source_publish_interval,0.39062509313225746,8.386875037103891,8.796541951596737
2026-08-10T16:58:12.810032+00:00,communication_drift_01,meter_03,517,none,publish_interval,random,random,random,normal_drift,0.9999999978027163,0.4375805109961789,0,,1,0,collecting_candidates;drift_not_confirmed,source_publish_interval,voltage_rolling_mean=230.658893;source_publish_interval=0.806965,source_publish_interval,0.3646251279860735,6.831750040873885,7.215665886178613
2026-08-10T16:58:13.591383+00:00,communication_drift_01,meter_01,518,none,publish_interval,random,random,random,normal_drift,0.9999999807093486,0.4635099741386751,0,,1,0,collecting_candidates;drift_not_confirmed,source_publish_interval,voltage_rolling_mean=231.644142;source_publish_interval=0.806985,source_publish_interval,1.415500184521079,22.73941715247929,24.235083954408765
2026-08-10T16:58:13.615987+00:00,communication_drift_01,meter_02,518,none,publish_interval,random,random,random,normal_drift,0.9999999991008266,0.4540715567745369,0,,1,0,collecting_candidates;drift_not_confirmed,source_publish_interval,voltage_rolling_mean=231.450462;source_publish_interval=0.806972,source_publish_interval,0.9840419515967369,12.42387481033802,13.45137506723404
2026-08-10T16:58:13.629691+00:00,communication_drift_01,meter_03,518,none,publish_interval,random,random,random,normal_drift,0.999999999411773,0.5266089668605419,0,,1,0,collecting_candidates;drift_not_confirmed,source_publish_interval,voltage_rolling_mean=230.658893;source_publish_interval=0.806965,source_publish_interval,0.6455420516431332,9.94816585443914,10.624292073771358
2026-08-10T16:58:14.401955+00:00,communication_drift_01,meter_01,519,none,publish_interval,random,random,random,normal_drift,0.9999999114122314,0.48013788061933993,0,,1,0,collecting_candidates;drift_not_confirmed,source_publish_interval,voltage_rolling_mean=231.644142;source_publish_interval=0.806985,source_publish_interval,1.8305000849068165,21.23024989850819,23.13337498344481
2026-08-10T16:58:14.425689+00:00,communication_drift_01,meter_02,519,none,publish_interval,random,random,random,normal_drift,0.9999999954527057,0.44719542517346694,0,,1,0,collecting_candidates;drift_not_confirmed,source_publish_interval,voltage_rolling_mean=231.450462;source_publish_interval=0.806972,source_publish_interval,0.9565418586134911,12.554166838526726,13.54425004683435
2026-08-10T16:58:14.439429+00:00,communication_drift_01,meter_03,519,none,publish_interval,random,random,random,normal_drift,0.9999999980728376,0.4352314157750709,0,,1,0,collecting_candidates;drift_not_confirmed,source_publish_interval,voltage_rolling_mean=230.658893;source_publish_interval=0.806965,source_publish_interval,0.6191669963300228,9.710040874779224,10.353249963372946
2026-08-10T16:58:15.212667+00:00,communication_drift_01,meter_01,520,none,publish_interval,random,random,random,normal_drift,0.9999935190061593,0.5694703013426892,0,,1,0,collecting_candidates;drift_not_confirmed,source_publish_interval,voltage_rolling_mean=231.644142;source_publish_interval=0.806985,source_publish_interval,1.9726669415831566,21.824207855388522,23.852833081036806
2026-08-10T16:58:15.236951+00:00,communication_drift_01,meter_02,520,none,publish_interval,random,random,random,normal_drift,0.9999999987541812,0.47394867202971785,0,,1,0,collecting_candidates;drift_not_confirmed,source_publish_interval,voltage_rolling_mean=231.450462;source_publish_interval=0.806972,source_publish_interval,0.8228749502450228,11.985542019829154,12.837874935939908
2026-08-10T16:58:15.249959+00:00,communication_drift_01,meter_03,520,none,publish_interval,random,random,random,normal_drift,0.9999999990683506,0.4468594949994274,0,,1,0,collecting_candidates;drift_not_confirmed,source_publish_interval,voltage_rolling_mean=230.658893;source_publish_interval=0.806965,source_publish_interval,0.5547499749809504,9.618583135306835,10.1971251424402
2026-08-10T16:58:16.022772+00:00,communication_drift_01,meter_01,521,none,publish_interval,random,random,random,normal_drift,0.9999999817213966,0.4941154837352047,0,,1,0,collecting_candidates;drift_not_confirmed,source_publish_interval,voltage_rolling_mean=231.644142;source_publish_interval=0.806985,source_publish_interval,2.4058339186012745,22.726125083863735,25.211541913449764
2026-08-10T16:58:16.048542+00:00,communication_drift_01,meter_02,521,none,publish_interval,random,random,random,normal_drift,0.9999999797844403,0.470306026083468,0,,1,0,collecting_candidates;drift_not_confirmed,source_publish_interval,voltage_rolling_mean=231.450462;source_publish_interval=0.806972,source_publish_interval,0.9576249867677689,11.97750004939735,12.964457971975207
2026-08-10T16:58:16.061685+00:00,communication_drift_01,meter_03,521,none,publish_interval,random,random,random,normal_drift,0.9999999991121351,0.43636659432327485,0,,1,0,collecting_candidates;drift_not_confirmed,source_publish_interval,voltage_rolling_mean=230.658893;source_publish_interval=0.806965,source_publish_interval,0.5562501028180122,9.453000035136938,10.033125057816505
2026-08-10T16:58:16.832362+00:00,communication_drift_01,meter_01,522,none,publish_interval,random,random,random,normal_drift,0.9999999731087733,0.45865326430982944,0,,1,0,collecting_candidates;drift_not_confirmed,source_publish_interval,voltage_rolling_mean=231.644142;source_publish_interval=0.806985,source_publish_interval,2.7506661135703325,19.237417029216886,22.0488749910146
2026-08-10T16:58:16.854921+00:00,communication_drift_01,meter_02,522,none,publish_interval,random,random,random,normal_drift,0.9999999985906782,0.43650417342320486,0,,1,0,collecting_candidates;drift_not_confirmed,source_publish_interval,voltage_rolling_mean=231.450462;source_publish_interval=0.806972,source_publish_interval,0.8043341804295778,11.898791184648871,12.730791931971908
2026-08-10T16:58:16.867830+00:00,communication_drift_01,meter_03,522,none,publish_interval,random,random,random,normal_drift,0.9999999994888666,0.49485145781371664,0,,1,0,collecting_candidates;drift_not_confirmed,source_publish_interval,voltage_rolling_mean=230.658893;source_publish_interval=0.806965,source_publish_interval,0.5484579596668482,9.594166884198785,10.17162506468594
2026-08-10T16:58:17.632547+00:00,communication_drift_01,meter_01,523,none,publish_interval,random,random,random,normal_drift,0.9999998983147095,0.46627282791998115,0,,1,0,collecting_candidates;drift_not_confirmed,source_publish_interval,voltage_rolling_mean=231.644142;source_publish_interval=0.806985,source_publish_interval,1.2590419501066208,20.079500041902065,21.412082947790623
2026-08-10T16:58:17.654315+00:00,communication_drift_01,meter_02,523,none,publish_interval,random,random,random,normal_drift,0.999999980757433,0.4451902622172372,0,,1,0,collecting_candidates;drift_not_confirmed,source_publish_interval,voltage_rolling_mean=231.450462;source_publish_interval=0.806972,source_publish_interval,0.948708038777113,12.493249960243702,13.485250063240528
2026-08-10T16:58:17.668067+00:00,communication_drift_01,meter_03,523,none,publish_interval,random,random,random,normal_drift,0.9999999993451698,0.45032451693626196,0,,1,0,collecting_candidates;drift_not_confirmed,source_publish_interval,voltage_rolling_mean=230.658893;source_publish_interval=0.806965,source_publish_interval,0.6079170852899551,9.974875021725893,10.620958171784878
2026-08-10T16:58:18.437811+00:00,communication_drift_01,meter_01,524,none,publish_interval,random,random,random,normal_drift,0.9999999786692337,0.46948330585328085,0,,1,0,collecting_candidates;drift_not_confirmed,source_publish_interval,voltage_rolling_mean=231.644142;source_publish_interval=0.806985,source_publish_interval,1.1805829126387835,20.30487498268485,21.560000022873282
2026-08-10T16:58:18.459919+00:00,communication_drift_01,meter_02,524,none,publish_interval,random,random,random,normal_drift,0.9999999795217263,0.4678024737825711,0,,1,0,collecting_candidates;drift_not_confirmed,source_publish_interval,voltage_rolling_mean=231.450462;source_publish_interval=0.806972,source_publish_interval,0.9613749571144581,12.492667185142636,13.501583132892847
2026-08-10T16:58:18.473688+00:00,communication_drift_01,meter_03,524,none,publish_interval,random,random,random,normal_drift,0.9999999983560679,0.4989007559603262,0,,1,0,collecting_candidates;drift_not_confirmed,source_publish_interval,voltage_rolling_mean=230.658893;source_publish_interval=0.806965,source_publish_interval,0.6520829629153013,9.782625129446387,10.464832885190845
2026-08-10T16:58:19.246089+00:00,communication_drift_01,meter_01,525,none,publish_interval,random,random,random,normal_drift,0.9999999835690887,0.45118929820041487,0,,1,0,collecting_candidates;drift_not_confirmed,source_publish_interval,voltage_rolling_mean=231.644142;source_publish_interval=0.806985,source_publish_interval,1.3506659306585789,20.107708871364594,21.5101249050349
2026-08-10T16:58:19.267965+00:00,communication_drift_01,meter_02,525,none,publish_interval,random,random,random,normal_drift,0.9999999964912007,0.5415381735776883,0,,1,0,collecting_candidates;drift_not_confirmed,source_publish_interval,voltage_rolling_mean=231.450462;source_publish_interval=0.806972,source_publish_interval,0.8987090550363064,12.08079094067216,13.010208960622549
2026-08-10T16:58:19.281139+00:00,communication_drift_01,meter_03,525,none,publish_interval,random,random,random,normal_drift,0.999999996537865,0.5123422682487524,0,,1,0,collecting_candidates;drift_not_confirmed,source_publish_interval,voltage_rolling_mean=230.658893;source_publish_interval=0.806965,source_publish_interval,0.6009999196976423,9.74387489259243,10.369542054831982
2026-08-10T16:58:20.054989+00:00,communication_drift_01,meter_01,526,none,publish_interval,random,random,random,normal_drift,0.9999999912077785,0.5117894266229724,0,,1,0,collecting_candidates;drift_not_confirmed,source_publish_interval,voltage_rolling_mean=231.644142;source_publish_interval=0.806985,source_publish_interval,2.261791843920946,21.959500154480338,24.260166799649596
2026-08-10T16:58:20.079621+00:00,communication_drift_01,meter_02,526,none,publish_interval,random,random,random,normal_drift,0.9999999985020975,0.43658829748857736,0,,1,0,collecting_candidates;drift_not_confirmed,source_publish_interval,voltage_rolling_mean=231.450462;source_publish_interval=0.806972,source_publish_interval,0.8129158522933722,11.865291045978665,12.704040855169296
2026-08-10T16:58:20.092462+00:00,communication_drift_01,meter_03,526,none,publish_interval,random,random,random,normal_drift,0.9999999996733147,0.43842289237498455,0,,1,0,collecting_candidates;drift_not_confirmed,source_publish_interval,voltage_rolling_mean=230.658893;source_publish_interval=0.806965,source_publish_interval,0.5941248964518309,9.5272499602288,10.143041145056486
2026-08-10T16:58:20.861420+00:00,communication_drift_01,meter_01,527,none,publish_interval,random,random,random,normal_drift,0.9999998588855809,0.4684908942876612,0,,1,0,collecting_candidates;drift_not_confirmed,source_publish_interval,voltage_rolling_mean=231.644142;source_publish_interval=0.806985,source_publish_interval,2.1693329326808453,21.16004191339016,23.372250143438578
2026-08-10T16:58:20.885215+00:00,communication_drift_01,meter_02,527,none,publish_interval,random,random,random,normal_drift,0.9999999960438082,0.4336527224492885,0,,1,0,collecting_candidates;drift_not_confirmed,source_publish_interval,voltage_rolling_mean=231.450462;source_publish_interval=0.806972,source_publish_interval,0.8175410330295563,11.705250013619661,12.548541883006692
2026-08-10T16:58:20.897891+00:00,communication_drift_01,meter_03,527,none,publish_interval,random,random,random,normal_drift,0.9999999988357107,0.45365397472504615,0,,1,0,collecting_candidates;drift_not_confirmed,source_publish_interval,voltage_rolling_mean=230.658893;source_publish_interval=0.806965,source_publish_interval,0.5943749565631151,9.620292112231255,10.234541958197951
2026-08-10T16:58:21.662763+00:00,communication_drift_01,meter_01,528,none,publish_interval,random,random,random,normal_drift,0.999999988806397,0.5122935713642581,0,,1,0,collecting_candidates;drift_not_confirmed,source_publish_interval,voltage_rolling_mean=231.644142;source_publish_interval=0.806985,source_publish_interval,1.2700420338660479,21.90141612663865,23.219750029966235
2026-08-10T16:58:21.686447+00:00,communication_drift_01,meter_02,528,none,publish_interval,random,random,random,normal_drift,0.999999996988381,0.4342701799647747,0,,1,0,collecting_candidates;drift_not_confirmed,source_publish_interval,voltage_rolling_mean=231.450462;source_publish_interval=0.806972,source_publish_interval,0.8584170136600733,12.523791054263711,13.413750100880861
2026-08-10T16:58:21.700026+00:00,communication_drift_01,meter_03,528,none,publish_interval,random,random,random,normal_drift,0.9999999924224553,0.4815191372456544,0,,1,0,collecting_candidates;drift_not_confirmed,source_publish_interval,voltage_rolling_mean=230.658893;source_publish_interval=0.806965,source_publish_interval,0.6294159684330225,9.869375033304095,10.519959032535553
2026-08-10T16:58:22.468176+00:00,communication_drift_01,meter_01,529,none,publish_interval,random,random,random,normal_drift,0.999999958696851,0.445457856837442,0,,1,0,collecting_candidates;drift_not_confirmed,source_publish_interval,voltage_rolling_mean=231.644142;source_publish_interval=0.806985,source_publish_interval,1.8559168092906475,21.277334075421095,23.204874945804477
2026-08-10T16:58:22.491937+00:00,communication_drift_01,meter_02,529,none,publish_interval,random,random,random,normal_drift,0.9999999965687272,0.46897785911518813,0,,1,0,collecting_candidates;drift_not_confirmed,source_publish_interval,voltage_rolling_mean=231.450462;source_publish_interval=0.806972,source_publish_interval,0.9422909934073687,12.641499983146787,13.62350000999868
2026-08-10T16:58:22.505799+00:00,communication_drift_01,meter_03,529,none,publish_interval,random,random,random,normal_drift,0.9999999985730705,0.5594035431069622,0,,1,0,collecting_candidates;drift_not_confirmed,source_publish_interval,voltage_rolling_mean=230.658893;source_publish_interval=0.806965,source_publish_interval,0.6359170656651258,9.84033290296793,10.500290896743536
2026-08-10T16:58:23.275813+00:00,communication_drift_01,meter_01,530,none,publish_interval,random,random,random,normal_drift,0.9999999775499652,0.4444891351423637,0,,1,0,collecting_candidates;drift_not_confirmed,source_publish_interval,voltage_rolling_mean=231.644142;source_publish_interval=0.806985,source_publish_interval,2.852792153134942,22.90591597557068,25.828917045146227
2026-08-10T16:58:23.302136+00:00,communication_drift_01,meter_02,530,none,publish_interval,random,random,random,normal_drift,0.9999999951236669,0.43402503655972025,0,,1,0,collecting_candidates;drift_not_confirmed,source_publish_interval,voltage_rolling_mean=231.450462;source_publish_interval=0.806972,source_publish_interval,0.8246670477092266,12.123124906793237,12.981291860342026
2026-08-10T16:58:23.315308+00:00,communication_drift_01,meter_03,530,none,publish_interval,random,random,random,normal_drift,0.9999999998336342,0.4500290911532629,0,,1,0,collecting_candidates;drift_not_confirmed,source_publish_interval,voltage_rolling_mean=230.658893;source_publish_interval=0.806965,source_publish_interval,0.5753750447183847,9.640875039622188,10.24087518453598
2026-08-10T16:58:24.077794+00:00,communication_drift_01,meter_01,531,none,publish_interval,random,random,random,normal_drift,0.9999999479796349,0.44975716948640804,0,,1,0,collecting_candidates;drift_not_confirmed,source_publish_interval,voltage_rolling_mean=231.644142;source_publish_interval=0.806985,source_publish_interval,1.244707964360714,20.107292104512453,21.395415998995304
2026-08-10T16:58:24.099480+00:00,communication_drift_01,meter_02,531,none,publish_interval,random,random,random,normal_drift,0.9999999915121823,0.4473899153900952,0,,1,0,collecting_candidates;drift_not_confirmed,source_publish_interval,voltage_rolling_mean=231.450462;source_publish_interval=0.806972,source_publish_interval,0.8399582002311945,12.484249891713262,13.352874899283051
2026-08-10T16:58:24.112976+00:00,communication_drift_01,meter_03,531,none,publish_interval,random,random,random,normal_drift,0.9999999998379054,0.4718193648267473,0,,1,0,collecting_candidates;drift_not_confirmed,source_publish_interval,voltage_rolling_mean=230.658893;source_publish_interval=0.806965,source_publish_interval,0.6069170776754618,9.853583062067628,10.488749947398901
2026-08-10T16:58:24.884000+00:00,communication_drift_01,meter_01,532,none,publish_interval,random,random,random,normal_drift,0.9999999127960937,0.47595905074864553,0,,1,0,collecting_candidates;drift_not_confirmed,source_publish_interval,voltage_rolling_mean=231.644142;source_publish_interval=0.806985,source_publish_interval,1.3907079119235277,20.626707933843136,22.069166880100965
2026-08-10T16:58:24.906393+00:00,communication_drift_01,meter_02,532,none,publish_interval,random,random,random,normal_drift,0.9999999984706003,0.5208119898984458,0,,1,0,collecting_candidates;drift_not_confirmed,source_publish_interval,voltage_rolling_mean=231.450462;source_publish_interval=0.806972,source_publish_interval,0.8940829429775476,12.618917040526867,13.546417001634836
2026-08-10T16:58:24.920169+00:00,communication_drift_01,meter_03,532,none,publish_interval,random,random,random,normal_drift,0.9999999997597235,0.4943626940302055,0,,1,0,collecting_candidates;drift_not_confirmed,source_publish_interval,voltage_rolling_mean=230.658893;source_publish_interval=0.806965,source_publish_interval,0.6376251112669706,10.235584108158946,10.896499967202544
2026-08-10T16:58:25.694685+00:00,communication_drift_01,meter_01,533,none,publish_interval,random,random,random,normal_drift,0.9999999815721868,0.4369635941718569,0,,1,0,collecting_candidates;drift_not_confirmed,source_publish_interval,voltage_rolling_mean=231.644142;source_publish_interval=0.806985,source_publish_interval,2.333166776224971,19.074833020567894,21.45670889876783
2026-08-10T16:58:25.716588+00:00,communication_drift_01,meter_02,533,none,publish_interval,random,random,random,normal_drift,0.9999999492914852,0.5161288778575506,0,,1,0,collecting_candidates;drift_not_confirmed,source_publish_interval,voltage_rolling_mean=231.450462;source_publish_interval=0.806972,source_publish_interval,0.7435830775648355,11.58670918084681,12.354874983429909
2026-08-10T16:58:25.729083+00:00,communication_drift_01,meter_03,533,none,publish_interval,random,random,random,normal_drift,0.9999999999245468,0.45529840528042137,0,,1,0,collecting_candidates;drift_not_confirmed,source_publish_interval,voltage_rolling_mean=230.658893;source_publish_interval=0.806965,source_publish_interval,0.5385419353842735,9.555374970659614,10.120667051523924
2026-08-10T16:58:26.502143+00:00,communication_drift_01,meter_01,534,none,publish_interval,random,random,random,normal_drift,0.9999999942431184,0.44083615061958076,0,,1,1,drift_not_confirmed;reference_updated,source_publish_interval,voltage_rolling_mean=231.644142;source_publish_interval=0.806936,source_publish_interval,2.272958867251873,22.22845796495676,24.570917012169957
2026-08-10T16:58:26.527199+00:00,communication_drift_01,meter_02,534,none,publish_interval,random,random,random,normal_drift,0.9999999984787726,0.43445960495623387,0,,1,1,drift_not_confirmed;reference_updated,source_publish_interval,voltage_rolling_mean=231.450462;source_publish_interval=0.806943,source_publish_interval,0.9242088999599218,12.421375140547752,13.379708165302873
2026-08-10T16:58:26.540759+00:00,communication_drift_01,meter_03,534,none,publish_interval,random,random,random,normal_drift,0.999999999910647,0.45796717646964596,0,,1,1,drift_not_confirmed;reference_updated,source_publish_interval,voltage_rolling_mean=230.658893;source_publish_interval=0.806946,source_publish_interval,0.6124167703092098,9.660999989137053,10.298042092472315
2026-08-10T16:58:27.311760+00:00,communication_drift_01,meter_01,535,none,publish_interval,random,random,random,normal_drift,0.9999997288285087,0.6080183245055201,0,,1,0,collecting_candidates;drift_not_confirmed,source_publish_interval,voltage_rolling_mean=231.644142;source_publish_interval=0.806936,source_publish_interval,2.293667057529092,23.266624892130494,25.609583826735616
2026-08-10T16:58:27.337849+00:00,communication_drift_01,meter_02,535,none,publish_interval,random,random,random,normal_drift,0.9999999989992641,0.460142976943139,0,,1,0,collecting_candidates;drift_not_confirmed,source_publish_interval,voltage_rolling_mean=231.450462;source_publish_interval=0.806943,source_publish_interval,0.7958330679684877,11.972458101809025,12.796207796782255
2026-08-10T16:58:27.350803+00:00,communication_drift_01,meter_03,535,none,publish_interval,random,random,random,normal_drift,0.9999999999192251,0.4349613994146657,0,,1,0,collecting_candidates;drift_not_confirmed,source_publish_interval,voltage_rolling_mean=230.658893;source_publish_interval=0.806946,source_publish_interval,0.6047079805284739,9.790916927158833,10.421291925013065
2026-08-10T16:58:28.120653+00:00,communication_drift_01,meter_01,536,none,publish_interval,random,random,random,normal_drift,0.9999999935508173,0.4979730634604156,0,,1,0,collecting_candidates;drift_not_confirmed,source_publish_interval,voltage_rolling_mean=231.644142;source_publish_interval=0.806936,source_publish_interval,1.3083340600132942,20.237750140950084,21.60870796069503
2026-08-10T16:58:28.142722+00:00,communication_drift_01,meter_02,536,none,publish_interval,random,random,random,normal_drift,0.9999999929711256,0.46001254496007415,0,,1,0,collecting_candidates;drift_not_confirmed,source_publish_interval,voltage_rolling_mean=231.450462;source_publish_interval=0.806943,source_publish_interval,0.926832901313901,12.982540996745229,13.944708975031972
2026-08-10T16:58:28.156914+00:00,communication_drift_01,meter_03,536,none,publish_interval,random,random,random,normal_drift,0.9999999999292144,0.439301824180984,0,,1,0,collecting_candidates;drift_not_confirmed,source_publish_interval,voltage_rolling_mean=230.658893;source_publish_interval=0.806946,source_publish_interval,0.6751671899110079,10.199083015322685,10.935582919046283
2026-08-10T16:58:28.931207+00:00,communication_drift_01,meter_01,537,none,publish_interval,random,random,random,normal_drift,0.9999999883876892,0.4406109788095517,0,,1,0,collecting_candidates;drift_not_confirmed,source_publish_interval,voltage_rolling_mean=231.644142;source_publish_interval=0.806936,source_publish_interval,1.4529998879879713,21.062332903966308,22.55945815704763
2026-08-10T16:58:28.954145+00:00,communication_drift_01,meter_02,537,none,publish_interval,random,random,random,normal_drift,0.9999999976117446,0.48456151507350226,0,,1,0,collecting_candidates;drift_not_confirmed,source_publish_interval,voltage_rolling_mean=231.450462;source_publish_interval=0.806943,source_publish_interval,0.8637499995529652,12.88491697050631,13.783083064481616
2026-08-10T16:58:28.968079+00:00,communication_drift_01,meter_03,537,none,publish_interval,random,random,random,normal_drift,0.9999999997577704,0.6417707735700835,0,,1,0,collecting_candidates;drift_not_confirmed,source_publish_interval,voltage_rolling_mean=230.658893;source_publish_interval=0.806946,source_publish_interval,0.6171669811010361,10.264792013913393,10.927125113084912
2026-08-10T16:58:29.742118+00:00,communication_drift_01,meter_01,538,none,publish_interval,random,random,random,normal_drift,0.9999999947852716,0.45238408564781957,0,,1,0,collecting_candidates;drift_not_confirmed,source_publish_interval,voltage_rolling_mean=231.644142;source_publish_interval=0.806936,source_publish_interval,2.0497499499469995,22.26549992337823,24.364957818761468
2026-08-10T16:58:29.766942+00:00,communication_drift_01,meter_02,538,none,publish_interval,random,random,random,normal_drift,0.9999999992483135,0.509627730984789,0,,1,0,collecting_candidates;drift_not_confirmed,source_publish_interval,voltage_rolling_mean=231.450462;source_publish_interval=0.806943,source_publish_interval,0.8579590357840061,12.27495796047151,13.164584059268236
2026-08-10T16:58:29.780276+00:00,communication_drift_01,meter_03,538,none,publish_interval,random,random,random,normal_drift,0.9999999999464029,0.4401238380125319,0,,1,0,collecting_candidates;drift_not_confirmed,source_publish_interval,voltage_rolling_mean=230.658893;source_publish_interval=0.806946,source_publish_interval,0.6127089727669954,9.92116704583168,10.557708097621799
2026-08-10T16:58:30.544754+00:00,communication_drift_01,meter_01,539,none,publish_interval,random,random,random,normal_drift,0.9999999164020504,0.5059955642610784,0,,1,0,collecting_candidates;drift_not_confirmed,source_publish_interval,voltage_rolling_mean=231.644142;source_publish_interval=0.806936,source_publish_interval,1.6625002026557922,23.664375068619847,25.392874842509627
2026-08-10T16:58:30.570491+00:00,communication_drift_01,meter_02,539,none,publish_interval,random,random,random,normal_drift,0.9999999984866188,0.46724248290746945,0,,1,0,collecting_candidates;drift_not_confirmed,source_publish_interval,voltage_rolling_mean=231.450462;source_publish_interval=0.806943,source_publish_interval,0.9420830756425858,12.653207872062922,13.630624860525131
2026-08-10T16:58:30.584345+00:00,communication_drift_01,meter_03,539,none,publish_interval,random,random,random,normal_drift,0.9999999999672076,0.46783628574941094,0,,1,0,collecting_candidates;drift_not_confirmed,source_publish_interval,voltage_rolling_mean=230.658893;source_publish_interval=0.806946,source_publish_interval,0.6052500102669001,9.80020803399384,10.428708046674728
2026-08-10T16:58:31.347333+00:00,communication_drift_01,meter_01,540,none,publish_interval,random,random,random,normal_drift,0.9999999737194616,0.4370821328845174,0,,1,0,collecting_candidates;drift_not_confirmed,source_publish_interval,voltage_rolling_mean=231.644142;source_publish_interval=0.806936,source_publish_interval,2.732916036620736,21.3894578628242,24.16812488809228
2026-08-10T16:58:31.371932+00:00,communication_drift_01,meter_02,540,none,publish_interval,random,random,random,normal_drift,0.9999999987369377,0.5264070771841746,0,,1,0,collecting_candidates;drift_not_confirmed,source_publish_interval,voltage_rolling_mean=231.450462;source_publish_interval=0.806943,source_publish_interval,0.7585000712424517,11.887999949976802,12.672709068283439
2026-08-10T16:58:31.384761+00:00,communication_drift_01,meter_03,540,none,publish_interval,random,random,random,normal_drift,0.999999999926962,0.46218246852124495,0,,1,0,collecting_candidates;drift_not_confirmed,source_publish_interval,voltage_rolling_mean=230.658893;source_publish_interval=0.806946,source_publish_interval,0.5318329203873873,9.593375027179718,10.1472910027951
2026-08-10T16:58:32.157329+00:00,communication_drift_01,meter_01,541,none,publish_interval,random,random,random,normal_drift,0.9999999939659334,0.4811895856576938,0,,1,0,collecting_candidates;drift_not_confirmed,source_publish_interval,voltage_rolling_mean=231.644142;source_publish_interval=0.806936,source_publish_interval,2.9739171732217073,20.670583937317133,23.687750101089478
2026-08-10T16:58:32.181457+00:00,communication_drift_01,meter_02,541,none,publish_interval,random,random,random,normal_drift,0.9999999965431454,0.4672941026663273,0,,1,0,collecting_candidates;drift_not_confirmed,source_publish_interval,voltage_rolling_mean=231.450462;source_publish_interval=0.806943,source_publish_interval,0.7628751918673515,11.646749917417765,12.433917028829455
2026-08-10T16:58:32.194017+00:00,communication_drift_01,meter_03,541,none,publish_interval,random,random,random,normal_drift,0.9999999999417526,0.45457049268479144,0,,1,0,collecting_candidates;drift_not_confirmed,source_publish_interval,voltage_rolling_mean=230.658893;source_publish_interval=0.806946,source_publish_interval,0.5180828738957644,9.462665999308228,10.00162516720593
2026-08-10T16:58:32.959716+00:00,communication_drift_01,meter_01,542,none,publish_interval,random,random,random,normal_drift,0.9999999886199543,0.5406984422430949,0,,1,0,collecting_candidates;drift_not_confirmed,source_publish_interval,voltage_rolling_mean=231.644142;source_publish_interval=0.806936,source_publish_interval,2.2665420547127724,22.16741698794067,24.48270795866847
2026-08-10T16:58:32.984638+00:00,communication_drift_01,meter_02,542,none,publish_interval,random,random,random,normal_drift,0.9999999995605426,0.4361027247944765,0,,1,0,collecting_candidates;drift_not_confirmed,source_publish_interval,voltage_rolling_mean=231.450462;source_publish_interval=0.806943,source_publish_interval,0.8962501306086779,12.104833032935858,13.029833091422915
2026-08-10T16:58:32.997835+00:00,communication_drift_01,meter_03,542,none,publish_interval,random,random,random,normal_drift,0.9999999999427498,0.45483853469302554,0,,1,0,collecting_candidates;drift_not_confirmed,source_publish_interval,voltage_rolling_mean=230.658893;source_publish_interval=0.806946,source_publish_interval,0.6030828226357698,9.610124863684177,10.234541958197951
2026-08-10T16:58:33.770211+00:00,communication_drift_01,meter_01,543,none,publish_interval,random,random,random,normal_drift,0.9999999957076242,0.4699770662213988,0,,1,0,collecting_candidates;drift_not_confirmed,source_publish_interval,voltage_rolling_mean=231.644142;source_publish_interval=0.806936,source_publish_interval,1.8726668786257505,21.63149998523295,23.571749916300178
2026-08-10T16:58:33.794322+00:00,communication_drift_01,meter_02,543,none,publish_interval,random,random,random,normal_drift,0.9999999994957707,0.4427606169014156,0,,1,0,collecting_candidates;drift_not_confirmed,source_publish_interval,voltage_rolling_mean=231.450462;source_publish_interval=0.806943,source_publish_interval,0.9378748945891857,12.436541030183434,13.414999935775995
2026-08-10T16:58:33.807924+00:00,communication_drift_01,meter_03,543,none,publish_interval,random,random,random,normal_drift,0.9999999999461326,0.44945924042065416,0,,1,0,collecting_candidates;drift_not_confirmed,source_publish_interval,voltage_rolling_mean=230.658893;source_publish_interval=0.806946,source_publish_interval,0.6034160032868385,9.76220890879631,10.389834176748991
2026-08-10T16:58:34.576990+00:00,communication_drift_01,meter_01,544,none,publish_interval,random,random,random,normal_drift,0.999999991252606,0.43519280403382743,0,,1,0,collecting_candidates;drift_not_confirmed,source_publish_interval,voltage_rolling_mean=231.644142;source_publish_interval=0.806936,source_publish_interval,2.6875839103013277,22.629791870713234,25.36650002002716
2026-08-10T16:58:34.602826+00:00,communication_drift_01,meter_02,544,none,publish_interval,random,random,random,normal_drift,0.9999999994275719,0.4389040763759364,0,,1,0,collecting_candidates;drift_not_confirmed,source_publish_interval,voltage_rolling_mean=231.450462;source_publish_interval=0.806943,source_publish_interval,0.7788338698446751,11.9074999820441,12.715165968984365
2026-08-10T16:58:34.615700+00:00,communication_drift_01,meter_03,544,none,publish_interval,random,random,random,normal_drift,0.9999999999057279,0.44455487439183305,0,,1,0,collecting_candidates;drift_not_confirmed,source_publish_interval,voltage_rolling_mean=230.658893;source_publish_interval=0.806946,source_publish_interval,0.5459161475300789,9.662874974310398,10.232666041702032
2026-08-10T16:58:35.386928+00:00,communication_drift_01,meter_01,545,none,publish_interval,random,random,random,normal_drift,0.9999999626113777,0.45580884407077915,0,,1,0,collecting_candidates;drift_not_confirmed,source_publish_interval,voltage_rolling_mean=231.644142;source_publish_interval=0.806936,source_publish_interval,2.1831670310348272,22.29083306156099,24.530500173568726
2026-08-10T16:58:35.411915+00:00,communication_drift_01,meter_02,545,none,publish_interval,random,random,random,normal_drift,0.9999999990778317,0.46090669605477796,0,,1,0,collecting_candidates;drift_not_confirmed,source_publish_interval,voltage_rolling_mean=231.450462;source_publish_interval=0.806943,source_publish_interval,0.9172079153358936,11.979499831795692,12.927041156217456
2026-08-10T16:58:35.425009+00:00,communication_drift_01,meter_03,545,none,publish_interval,random,random,random,normal_drift,0.9999999999721709,0.4535876664016089,0,,1,0,collecting_candidates;drift_not_confirmed,source_publish_interval,voltage_rolling_mean=230.658893;source_publish_interval=0.806946,source_publish_interval,0.6133338902145624,9.807582944631577,10.44395798817277
2026-08-10T16:58:36.195157+00:00,communication_drift_01,meter_01,546,none,publish_interval,random,random,random,normal_drift,0.9999999832329466,0.4520377216928789,0,,1,0,collecting_candidates;drift_not_confirmed,source_publish_interval,voltage_rolling_mean=231.644142;source_publish_interval=0.806936,source_publish_interval,2.0817078184336424,22.5768331438303,24.702082853764296
2026-08-10T16:58:36.220271+00:00,communication_drift_01,meter_02,546,none,publish_interval,random,random,random,normal_drift,0.9999999997960323,0.45475514335657913,0,,1,0,collecting_candidates;drift_not_confirmed,source_publish_interval,voltage_rolling_mean=231.450462;source_publish_interval=0.806943,source_publish_interval,0.8439579978585243,12.292042141780257,13.162957970052958
2026-08-10T16:58:36.233576+00:00,communication_drift_01,meter_03,546,none,publish_interval,random,random,random,normal_drift,0.9999999999714475,0.44409962190400715,0,,1,0,collecting_candidates;drift_not_confirmed,source_publish_interval,voltage_rolling_mean=230.658893;source_publish_interval=0.806946,source_publish_interval,0.5962918512523174,9.48845804668963,10.107083013281226
2026-08-10T16:58:37.003982+00:00,communication_drift_01,meter_01,547,none,publish_interval,random,random,random,normal_drift,0.9999999915520469,0.45472899884986273,0,,1,0,collecting_candidates;drift_not_confirmed,source_publish_interval,voltage_rolling_mean=231.644142;source_publish_interval=0.806936,source_publish_interval,2.4458328261971474,22.26791693829,24.752208031713963
2026-08-10T16:58:37.029158+00:00,communication_drift_01,meter_02,547,none,publish_interval,random,random,random,normal_drift,0.9999999996357722,0.4423518325787286,0,,1,0,collecting_candidates;drift_not_confirmed,source_publish_interval,voltage_rolling_mean=231.450462;source_publish_interval=0.806943,source_publish_interval,0.8171671070158482,12.240999843925238,13.083792058750987
2026-08-10T16:58:37.042396+00:00,communication_drift_01,meter_03,547,none,publish_interval,random,random,random,normal_drift,0.9999999999636215,0.48197252031779303,0,,1,0,collecting_candidates;drift_not_confirmed,source_publish_interval,voltage_rolling_mean=230.658893;source_publish_interval=0.806946,source_publish_interval,0.5793750751763582,9.762417059391737,10.362666798755527
2026-08-10T16:58:37.809576+00:00,communication_drift_01,meter_01,548,none,publish_interval,random,random,random,normal_drift,0.9999999665627688,0.4418372231071179,0,,1,0,collecting_candidates;drift_not_confirmed,source_publish_interval,voltage_rolling_mean=231.644142;source_publish_interval=0.806936,source_publish_interval,2.3471671156585217,19.308208022266626,21.692165872082114
2026-08-10T16:58:37.831651+00:00,communication_drift_01,meter_02,548,none,publish_interval,random,random,random,normal_drift,0.9999999923640274,0.5901687703287599,0,,1,0,collecting_candidates;drift_not_confirmed,source_publish_interval,voltage_rolling_mean=231.450462;source_publish_interval=0.806943,source_publish_interval,0.7005420047789812,11.576165910810232,12.298875022679567
2026-08-10T16:58:37.844068+00:00,communication_drift_01,meter_03,548,none,publish_interval,random,random,random,normal_drift,0.9999999999746465,0.5900689269329121,0,,1,0,collecting_candidates;drift_not_confirmed,source_publish_interval,voltage_rolling_mean=230.658893;source_publish_interval=0.806946,source_publish_interval,0.5268340464681387,9.410541970282793,9.957000147551298
2026-08-10T16:58:38.611058+00:00,communication_drift_01,meter_01,549,none,publish_interval,random,random,random,normal_drift,0.9999999734676346,0.4467410119789382,0,,1,0,collecting_candidates;drift_not_confirmed,source_publish_interval,voltage_rolling_mean=231.644142;source_publish_interval=0.806936,source_publish_interval,1.3151250313967466,19.982917001470923,21.34120906703174
2026-08-10T16:58:38.632704+00:00,communication_drift_01,meter_02,549,none,publish_interval,random,random,random,normal_drift,0.9999999998344113,0.4638260428957061,0,,1,0,collecting_candidates;drift_not_confirmed,source_publish_interval,voltage_rolling_mean=231.450462;source_publish_interval=0.806943,source_publish_interval,0.8857089560478926,12.90058414451778,13.815124984830618
2026-08-10T16:58:38.646671+00:00,communication_drift_01,meter_03,549,none,publish_interval,random,random,random,normal_drift,0.9999999999173801,0.4665540796775247,0,,1,0,collecting_candidates;drift_not_confirmed,source_publish_interval,voltage_rolling_mean=230.658893;source_publish_interval=0.806946,source_publish_interval,0.6142091006040573,10.157249867916107,10.793499881401658
2026-08-10T16:58:39.421044+00:00,communication_drift_01,meter_01,550,none,publish_interval,random,random,random,normal_drift,0.999999997596333,0.47879787068638496,0,,1,0,collecting_candidates;drift_not_confirmed,source_publish_interval,voltage_rolling_mean=231.644142;source_publish_interval=0.806936,source_publish_interval,1.2551250401884317,20.448582945391536,21.743665914982557
2026-08-10T16:58:39.443037+00:00,communication_drift_01,meter_02,550,none,publish_interval,random,random,random,normal_drift,0.9999999996051281,0.48274204254707753,0,,1,0,collecting_candidates;drift_not_confirmed,source_publish_interval,voltage_rolling_mean=231.450462;source_publish_interval=0.806943,source_publish_interval,0.8646659553050995,13.152875006198883,14.042082941159606
2026-08-10T16:58:39.457227+00:00,communication_drift_01,meter_03,550,none,publish_interval,random,random,random,normal_drift,0.9999999999944382,0.4895872982803817,0,,1,0,collecting_candidates;drift_not_confirmed,source_publish_interval,voltage_rolling_mean=230.658893;source_publish_interval=0.806946,source_publish_interval,0.6150831468403339,10.182500118389726,10.817792033776641
2026-08-10T16:58:40.226185+00:00,communication_drift_01,meter_01,551,none,publish_interval,random,random,random,normal_drift,0.9999999746033914,0.45601356310810726,0,,1,0,collecting_candidates;drift_not_confirmed,source_publish_interval,voltage_rolling_mean=231.644142;source_publish_interval=0.806936,source_publish_interval,1.3472919818013906,20.552166970446706,21.93891699425876
2026-08-10T16:58:40.248403+00:00,communication_drift_01,meter_02,551,none,publish_interval,random,random,random,normal_drift,0.9999999997935232,0.45825464680133526,0,,1,0,collecting_candidates;drift_not_confirmed,source_publish_interval,voltage_rolling_mean=231.450462;source_publish_interval=0.806943,source_publish_interval,0.8146660402417183,12.471500085666776,13.310958165675402
2026-08-10T16:58:40.261848+00:00,communication_drift_01,meter_03,551,none,publish_interval,random,random,random,normal_drift,0.999999999991775,0.4499402503133215,0,,1,0,collecting_candidates;drift_not_confirmed,source_publish_interval,voltage_rolling_mean=230.658893;source_publish_interval=0.806946,source_publish_interval,0.575292157009244,9.976958157494664,10.574083076789975
2026-08-10T16:58:41.035236+00:00,communication_drift_01,meter_01,552,none,publish_interval,random,random,random,normal_drift,0.999999988169154,0.4463752135294771,0,,1,0,collecting_candidates;drift_not_confirmed,source_publish_interval,voltage_rolling_mean=231.644142;source_publish_interval=0.806936,source_publish_interval,1.314166933298111,20.250708097591996,21.611875155940652
2026-08-10T16:58:41.057122+00:00,communication_drift_01,meter_02,552,none,publish_interval,random,random,random,normal_drift,0.999999999755327,0.5556201492511719,0,,1,0,collecting_candidates;drift_not_confirmed,source_publish_interval,voltage_rolling_mean=231.450462;source_publish_interval=0.806943,source_publish_interval,0.8555829990655184,12.78012478724122,13.661416014656425
2026-08-10T16:58:41.070920+00:00,communication_drift_01,meter_03,552,none,publish_interval,random,random,random,normal_drift,0.9999999999880236,0.44640522863532706,0,,1,0,collecting_candidates;drift_not_confirmed,source_publish_interval,voltage_rolling_mean=230.658893;source_publish_interval=0.806946,source_publish_interval,0.5864999257028103,10.008790995925665,10.616541840136051
2026-08-10T16:58:41.846148+00:00,communication_drift_01,meter_01,553,none,publish_interval,random,random,random,normal_drift,0.9999999977708969,0.43688259080610276,0,,1,0,collecting_candidates;drift_not_confirmed,source_publish_interval,voltage_rolling_mean=231.644142;source_publish_interval=0.806936,source_publish_interval,1.9941250793635845,21.76124998368323,23.791959043592215
2026-08-10T16:58:41.870551+00:00,communication_drift_01,meter_02,553,none,publish_interval,random,random,random,normal_drift,0.999999999975236,0.4550873959512138,0,,1,0,collecting_candidates;drift_not_confirmed,source_publish_interval,voltage_rolling_mean=231.450462;source_publish_interval=0.806943,source_publish_interval,0.7378328591585159,12.01608288101852,12.778667034581304
2026-08-10T16:58:41.883455+00:00,communication_drift_01,meter_03,553,none,publish_interval,random,random,random,normal_drift,0.9999999999956377,0.45735384818437813,0,,1,0,collecting_candidates;drift_not_confirmed,source_publish_interval,voltage_rolling_mean=230.658893;source_publish_interval=0.806946,source_publish_interval,0.5308329127728939,9.504040936008096,10.056582977995276
2026-08-10T16:58:42.656153+00:00,communication_drift_01,meter_01,554,none,publish_interval,random,random,random,normal_drift,0.9999999964428583,0.5018828059648527,0,,1,1,drift_not_confirmed;reference_updated,source_publish_interval,voltage_rolling_mean=231.644142;source_publish_interval=0.807321,source_publish_interval,2.345625078305602,22.481082938611507,24.8820420820266
2026-08-10T16:58:42.681498+00:00,communication_drift_01,meter_02,554,none,publish_interval,random,random,random,normal_drift,0.9999999999597351,0.454752669760003,0,,1,1,drift_not_confirmed;reference_updated,source_publish_interval,voltage_rolling_mean=231.450462;source_publish_interval=0.807324,source_publish_interval,0.9576671291142702,12.123374966904521,13.113875174894929
2026-08-10T16:58:42.694775+00:00,communication_drift_01,meter_03,554,none,publish_interval,random,random,random,normal_drift,0.9999999999875542,0.44568969099229805,0,,1,1,drift_not_confirmed;reference_updated,source_publish_interval,voltage_rolling_mean=230.658893;source_publish_interval=0.807325,source_publish_interval,0.593292061239481,9.808041853830218,10.425416054204106
2026-08-10T16:58:43.466164+00:00,communication_drift_01,meter_01,555,none,publish_interval,random,random,random,normal_drift,0.9999999969027988,0.45895772443344895,0,,1,0,collecting_candidates;drift_not_confirmed,source_publish_interval,voltage_rolling_mean=231.644142;source_publish_interval=0.807321,source_publish_interval,2.5562080554664135,18.394416896626353,20.993957994505763
2026-08-10T16:58:43.487849+00:00,communication_drift_01,meter_02,555,none,publish_interval,random,random,random,normal_drift,0.9999999998296742,0.5521262879491727,0,,1,0,collecting_candidates;drift_not_confirmed,source_publish_interval,voltage_rolling_mean=231.450462;source_publish_interval=0.807324,source_publish_interval,0.769666163250804,11.532041011378169,12.325540883466601
2026-08-10T16:58:43.500299+00:00,communication_drift_01,meter_03,555,none,publish_interval,random,random,random,normal_drift,0.999999999986708,0.4895544345431347,0,,1,0,collecting_candidates;drift_not_confirmed,source_publish_interval,voltage_rolling_mean=230.658893;source_publish_interval=0.807325,source_publish_interval,0.5226670764386654,9.420792106539011,9.965875186026096
2026-08-10T16:58:44.276773+00:00,communication_drift_01,meter_01,556,none,publish_interval,random,random,random,normal_drift,0.9999999984573469,0.45039833541953656,0,,1,0,collecting_candidates;drift_not_confirmed,source_publish_interval,voltage_rolling_mean=231.644142;source_publish_interval=0.807321,source_publish_interval,2.3936249781399965,21.523499861359596,23.964749881997705
2026-08-10T16:58:44.301213+00:00,communication_drift_01,meter_02,556,none,publish_interval,random,random,random,normal_drift,0.9999999998783564,0.6408452135280198,0,,1,0,collecting_candidates;drift_not_confirmed,source_publish_interval,voltage_rolling_mean=231.450462;source_publish_interval=0.807324,source_publish_interval,0.8365418761968613,12.091374956071377,12.954791076481342
2026-08-10T16:58:44.314323+00:00,communication_drift_01,meter_03,556,none,publish_interval,random,random,random,normal_drift,0.9999999999937386,0.4531078592215871,0,,1,0,collecting_candidates;drift_not_confirmed,source_publish_interval,voltage_rolling_mean=230.658893;source_publish_interval=0.807325,source_publish_interval,0.5828340072184801,9.573332965373993,10.183083126321435
2026-08-10T16:58:45.086196+00:00,communication_drift_01,meter_01,557,none,publish_interval,random,random,random,normal_drift,0.9999999991359907,0.4405440167746812,0,,1,0,collecting_candidates;drift_not_confirmed,source_publish_interval,voltage_rolling_mean=231.644142;source_publish_interval=0.807321,source_publish_interval,2.7751249726861715,21.34529105387628,24.17499991133809
2026-08-10T16:58:45.110829+00:00,communication_drift_01,meter_02,557,none,publish_interval,random,random,random,normal_drift,0.9999999999788951,0.4388767225434729,0,,1,0,collecting_candidates;drift_not_confirmed,source_publish_interval,voltage_rolling_mean=231.450462;source_publish_interval=0.807324,source_publish_interval,0.8855420164763927,12.155791046097875,13.069333974272013
2026-08-10T16:58:45.124050+00:00,communication_drift_01,meter_03,557,none,publish_interval,random,random,random,normal_drift,0.9999999999966642,0.4595499902427429,0,,1,0,collecting_candidates;drift_not_confirmed,source_publish_interval,voltage_rolling_mean=230.658893;source_publish_interval=0.807325,source_publish_interval,0.5911670159548521,9.587791981175542,10.200000135228038
2026-08-10T16:58:45.893161+00:00,communication_drift_01,meter_01,558,none,publish_interval,random,random,random,normal_drift,0.999999996506787,0.43837337343789057,0,,1,0,collecting_candidates;drift_not_confirmed,source_publish_interval,voltage_rolling_mean=231.644142;source_publish_interval=0.807321,source_publish_interval,2.550374949350953,18.13895790837705,20.733249839395285
2026-08-10T16:58:45.914296+00:00,communication_drift_01,meter_02,558,none,publish_interval,random,random,random,normal_drift,0.9999999999729499,0.44983302440680784,0,,1,0,collecting_candidates;drift_not_confirmed,source_publish_interval,voltage_rolling_mean=231.450462;source_publish_interval=0.807324,source_publish_interval,0.7644579745829105,11.247833026573062,12.037625070661306
2026-08-10T16:58:45.926459+00:00,communication_drift_01,meter_03,558,none,publish_interval,random,random,random,normal_drift,0.9999999999738407,0.46806291824052576,0,,1,0,collecting_candidates;drift_not_confirmed,source_publish_interval,voltage_rolling_mean=230.658893;source_publish_interval=0.807325,source_publish_interval,0.5299998447299004,9.513125056400895,10.065416106954217
2026-08-10T16:58:46.700448+00:00,communication_drift_01,meter_01,559,none,publish_interval,random,random,random,normal_drift,0.9999999951592367,0.5318263647262899,0,,1,0,collecting_candidates;drift_not_confirmed,source_publish_interval,voltage_rolling_mean=231.644142;source_publish_interval=0.807321,source_publish_interval,3.2124589197337627,20.906625082716346,24.16279213503003
2026-08-10T16:58:46.725030+00:00,communication_drift_01,meter_02,559,none,publish_interval,random,random,random,normal_drift,0.9999999999667488,0.5460213261007422,0,,1,0,collecting_candidates;drift_not_confirmed,source_publish_interval,voltage_rolling_mean=231.450462;source_publish_interval=0.807324,source_publish_interval,0.7815840654075146,12.07720790989697,12.885291129350662
2026-08-10T16:58:46.738055+00:00,communication_drift_01,meter_03,559,none,publish_interval,random,random,random,normal_drift,0.9999999999959337,0.45339086819844043,0,,1,0,collecting_candidates;drift_not_confirmed,source_publish_interval,voltage_rolling_mean=230.658893;source_publish_interval=0.807325,source_publish_interval,0.5366250406950712,9.530624840408564,10.087499860674143
2026-08-10T16:58:47.504561+00:00,communication_drift_01,meter_01,560,none,publish_interval,random,random,random,normal_drift,0.9999999993470301,0.5357444683619075,0,,1,0,collecting_candidates;drift_not_confirmed,source_publish_interval,voltage_rolling_mean=231.644142;source_publish_interval=0.807321,source_publish_interval,1.3139580842107534,20.14195895753801,21.495374850928783
2026-08-10T16:58:47.526367+00:00,communication_drift_01,meter_02,560,none,publish_interval,random,random,random,normal_drift,0.9999999999492888,0.44549735722538814,0,,1,0,collecting_candidates;drift_not_confirmed,source_publish_interval,voltage_rolling_mean=231.450462;source_publish_interval=0.807324,source_publish_interval,0.8598328568041325,12.207332998514175,13.092583045363426
2026-08-10T16:58:47.539590+00:00,communication_drift_01,meter_03,560,none,publish_interval,random,random,random,normal_drift,0.9999999999883395,0.45500570585574207,0,,1,0,collecting_candidates;drift_not_confirmed,source_publish_interval,voltage_rolling_mean=230.658893;source_publish_interval=0.807325,source_publish_interval,0.5983752198517323,10.02145791426301,10.642499895766377
2026-08-10T16:58:48.314334+00:00,communication_drift_01,meter_01,561,none,publish_interval,random,random,random,normal_drift,0.9999999976646838,0.4366160698676899,0,,1,0,collecting_candidates;drift_not_confirmed,source_publish_interval,voltage_rolling_mean=231.644142;source_publish_interval=0.807321,source_publish_interval,1.3046669773757458,19.642750034108758,20.993415964767337
2026-08-10T16:58:48.335646+00:00,communication_drift_01,meter_02,561,none,publish_interval,random,random,random,normal_drift,0.9999999999936344,0.4446377473756151,0,,1,0,collecting_candidates;drift_not_confirmed,source_publish_interval,voltage_rolling_mean=231.450462;source_publish_interval=0.807324,source_publish_interval,0.8733749855309725,12.333375168964267,13.234332902356982
2026-08-10T16:58:48.349020+00:00,communication_drift_01,meter_03,561,none,publish_interval,random,random,random,normal_drift,0.9999999999748486,0.4913040381285668,0,,1,0,collecting_candidates;drift_not_confirmed,source_publish_interval,voltage_rolling_mean=230.658893;source_publish_interval=0.807325,source_publish_interval,0.6015840917825699,10.154083138331771,10.77900012023747
2026-08-10T16:58:49.124838+00:00,communication_drift_01,meter_01,562,none,publish_interval,random,random,random,normal_drift,0.999999999576628,0.5104839597764353,0,,1,0,collecting_candidates;drift_not_confirmed,source_publish_interval,voltage_rolling_mean=231.644142;source_publish_interval=0.807321,source_publish_interval,3.0367919243872166,19.492542138323188,22.565167164430022
2026-08-10T16:58:49.147980+00:00,communication_drift_01,meter_02,562,none,publish_interval,random,random,random,normal_drift,0.9999999999785305,0.4533969390414781,0,,1,0,collecting_candidates;drift_not_confirmed,source_publish_interval,voltage_rolling_mean=231.450462;source_publish_interval=0.807324,source_publish_interval,0.7153749465942383,11.6522500757128,12.389791896566749
2026-08-10T16:58:49.160485+00:00,communication_drift_01,meter_03,562,none,publish_interval,random,random,random,normal_drift,0.9999999999877625,0.4858416029209233,0,,1,0,collecting_candidates;drift_not_confirmed,source_publish_interval,voltage_rolling_mean=230.658893;source_publish_interval=0.807325,source_publish_interval,0.5218340083956718,9.347249986603856,9.889625012874603
2026-08-10T16:58:49.927064+00:00,communication_drift_01,meter_01,563,none,publish_interval,random,random,random,normal_drift,0.9999999995015791,0.4517384626246539,0,,1,0,collecting_candidates;drift_not_confirmed,source_publish_interval,voltage_rolling_mean=231.644142;source_publish_interval=0.807321,source_publish_interval,3.29783302731812,16.96904213167727,20.311040803790092
2026-08-10T16:58:49.947780+00:00,communication_drift_01,meter_02,563,none,publish_interval,random,random,random,normal_drift,0.9999999999632743,0.4391763385275279,0,,1,0,collecting_candidates;drift_not_confirmed,source_publish_interval,voltage_rolling_mean=231.450462;source_publish_interval=0.807324,source_publish_interval,0.7184159476310015,11.010957881808281,11.75170810893178
2026-08-10T16:58:49.959641+00:00,communication_drift_01,meter_03,563,none,publish_interval,random,random,random,normal_drift,0.9999999999882068,0.44988892269978364,0,,1,0,collecting_candidates;drift_not_confirmed,source_publish_interval,voltage_rolling_mean=230.658893;source_publish_interval=0.807325,source_publish_interval,0.5286249797791243,9.23350010998547,9.780874941498041
2026-08-10T16:58:50.737354+00:00,communication_drift_01,meter_01,564,none,publish_interval,random,random,random,normal_drift,0.9999999998059323,0.4334279301256966,0,,1,0,collecting_candidates;drift_not_confirmed,source_publish_interval,voltage_rolling_mean=231.644142;source_publish_interval=0.807321,source_publish_interval,2.1202920470386744,22.321457974612713,24.481375003233552
2026-08-10T16:58:50.762258+00:00,communication_drift_01,meter_02,564,none,publish_interval,random,random,random,normal_drift,0.9999999999343381,0.4953989225905873,0,,1,0,collecting_candidates;drift_not_confirmed,source_publish_interval,voltage_rolling_mean=231.450462;source_publish_interval=0.807324,source_publish_interval,0.7501661311835051,11.981709161773324,12.756334152072668
2026-08-10T16:58:50.775133+00:00,communication_drift_01,meter_03,564,none,publish_interval,random,random,random,normal_drift,0.9999999999985612,0.48358030154474047,0,,1,0,collecting_candidates;drift_not_confirmed,source_publish_interval,voltage_rolling_mean=230.658893;source_publish_interval=0.807325,source_publish_interval,0.5415829364210367,9.643750032410026,10.210084030404687
2026-08-10T16:58:51.546035+00:00,communication_drift_01,meter_01,565,none,publish_interval,random,random,random,normal_drift,0.9999999987291641,0.4829357098995209,0,,1,0,collecting_candidates;drift_not_confirmed,source_publish_interval,voltage_rolling_mean=231.644142;source_publish_interval=0.807321,source_publish_interval,1.295334193855524,19.58754099905491,20.923374919220805
2026-08-10T16:58:51.567281+00:00,communication_drift_01,meter_02,565,none,publish_interval,random,random,random,normal_drift,0.9999999999652871,0.4623902239726486,0,,1,0,collecting_candidates;drift_not_confirmed,source_publish_interval,voltage_rolling_mean=231.450462;source_publish_interval=0.807324,source_publish_interval,0.8519170805811882,12.216166825965047,13.093332992866635
2026-08-10T16:58:51.580500+00:00,communication_drift_01,meter_03,565,none,publish_interval,random,random,random,normal_drift,0.9999999999877007,0.45342219541098533,0,,1,0,collecting_candidates;drift_not_confirmed,source_publish_interval,voltage_rolling_mean=230.658893;source_publish_interval=0.807325,source_publish_interval,0.5732080899178982,9.703167015686631,10.296125197783113
2026-08-10T16:58:52.349492+00:00,communication_drift_01,meter_01,566,none,publish_interval,random,random,random,normal_drift,0.9999999990544175,0.4858051526192941,0,,1,0,collecting_candidates;drift_not_confirmed,source_publish_interval,voltage_rolling_mean=231.644142;source_publish_interval=0.807321,source_publish_interval,2.073874929919839,21.847000112757087,23.961124941706657
2026-08-10T16:58:52.373834+00:00,communication_drift_01,meter_02,566,none,publish_interval,random,random,random,normal_drift,0.999999999959504,0.45071335377229427,0,,1,0,collecting_candidates;drift_not_confirmed,source_publish_interval,voltage_rolling_mean=231.450462;source_publish_interval=0.807324,source_publish_interval,0.8551250211894512,12.176207965239882,13.055874966084957
2026-08-10T16:58:52.387009+00:00,communication_drift_01,meter_03,566,none,publish_interval,random,random,random,normal_drift,0.9999999999984661,0.45710298731578697,0,,1,0,collecting_candidates;drift_not_confirmed,source_publish_interval,voltage_rolling_mean=230.658893;source_publish_interval=0.807325,source_publish_interval,0.5835830233991146,9.776541963219643,10.380124906077981
2026-08-10T16:58:53.159104+00:00,communication_drift_01,meter_01,567,none,publish_interval,random,random,random,normal_drift,0.999999999933999,0.4624347448491428,0,,1,0,collecting_candidates;drift_not_confirmed,source_publish_interval,voltage_rolling_mean=231.644142;source_publish_interval=0.807321,source_publish_interval,2.7228340040892363,19.92012490518391,22.69187499769032
2026-08-10T16:58:53.182219+00:00,communication_drift_01,meter_02,567,none,publish_interval,random,random,random,normal_drift,0.9999999998922136,0.49098839318168214,0,,1,0,collecting_candidates;drift_not_confirmed,source_publish_interval,voltage_rolling_mean=231.450462;source_publish_interval=0.807324,source_publish_interval,0.7787919603288174,11.780583066865802,12.582250172272325
2026-08-10T16:58:53.194919+00:00,communication_drift_01,meter_03,567,none,publish_interval,random,random,random,normal_drift,0.999999999994041,0.454149735583643,0,,1,0,collecting_candidates;drift_not_confirmed,source_publish_interval,voltage_rolling_mean=230.658893;source_publish_interval=0.807325,source_publish_interval,0.5351661238819361,9.588874876499176,10.143666993826628
2026-08-10T16:58:53.969282+00:00,communication_drift_01,meter_01,568,none,publish_interval,random,random,random,normal_drift,0.9999999997198177,0.4582108730070273,0,,1,0,collecting_candidates;drift_not_confirmed,source_publish_interval,voltage_rolling_mean=231.644142;source_publish_interval=0.807321,source_publish_interval,2.8145001269876957,17.914207885041833,20.763708045706153
2026-08-10T16:58:53.990454+00:00,communication_drift_01,meter_02,568,none,publish_interval,random,random,random,normal_drift,0.9999999999851104,0.4725676959091674,0,,1,0,collecting_candidates;drift_not_confirmed,source_publish_interval,voltage_rolling_mean=231.450462;source_publish_interval=0.807324,source_publish_interval,0.7319580763578415,11.141957947984338,11.895500123500824
2026-08-10T16:58:54.002441+00:00,communication_drift_01,meter_03,568,none,publish_interval,random,random,random,normal_drift,0.999999999995772,0.48663898759728225,0,,1,0,collecting_candidates;drift_not_confirmed,source_publish_interval,voltage_rolling_mean=230.658893;source_publish_interval=0.807325,source_publish_interval,0.5199580918997526,9.304624982178211,9.844666812568903
2026-08-10T16:58:54.774242+00:00,communication_drift_01,meter_01,569,none,publish_interval,random,random,random,normal_drift,0.9999999998684934,0.4375536534634344,0,,1,0,collecting_candidates;drift_not_confirmed,source_publish_interval,voltage_rolling_mean=231.644142;source_publish_interval=0.807321,source_publish_interval,1.4512911438941956,20.80866601318121,22.304292069748044
2026-08-10T16:58:54.796838+00:00,communication_drift_01,meter_02,569,none,publish_interval,random,random,random,normal_drift,0.9999999999890301,0.46632994683269696,0,,1,0,collecting_candidates;drift_not_confirmed,source_publish_interval,voltage_rolling_mean=231.450462;source_publish_interval=0.807324,source_publish_interval,0.8544579613953829,12.68545794300735,13.564083026722074
2026-08-10T16:58:54.810522+00:00,communication_drift_01,meter_03,569,none,publish_interval,random,random,random,normal_drift,0.9999999999958247,0.5003875448154567,0,,1,0,collecting_candidates;drift_not_confirmed,source_publish_interval,voltage_rolling_mean=230.658893;source_publish_interval=0.807325,source_publish_interval,0.5930410698056221,10.086915921419859,10.701666818931699
2026-08-10T16:58:55.579378+00:00,communication_drift_01,meter_01,570,none,publish_interval,random,random,random,normal_drift,0.9999999998733835,0.4415561932324978,0,,1,0,collecting_candidates;drift_not_confirmed,source_publish_interval,voltage_rolling_mean=231.644142;source_publish_interval=0.807321,source_publish_interval,2.484041964635253,16.927124932408333,19.445833982899785
2026-08-10T16:58:55.599002+00:00,communication_drift_01,meter_02,570,none,publish_interval,random,random,random,normal_drift,0.9999999999782101,0.44342861983043674,0,,1,0,collecting_candidates;drift_not_confirmed,source_publish_interval,voltage_rolling_mean=231.450462;source_publish_interval=0.807324,source_publish_interval,0.4917921032756567,8.524250006303191,9.053666843101382
2026-08-10T16:58:55.608249+00:00,communication_drift_01,meter_03,570,none,publish_interval,random,random,random,normal_drift,0.9999999999755844,0.4544236661841153,0,,1,0,collecting_candidates;drift_not_confirmed,source_publish_interval,voltage_rolling_mean=230.658893;source_publish_interval=0.807325,source_publish_interval,0.7174580823630095,9.262291016057134,10.010833153501153
2026-08-10T16:58:56.390880+00:00,communication_drift_01,meter_01,571,none,publish_interval,random,random,random,normal_drift,0.9999999999394491,0.4410837064831826,0,,1,0,collecting_candidates;drift_not_confirmed,source_publish_interval,voltage_rolling_mean=231.644142;source_publish_interval=0.807321,source_publish_interval,2.912958152592182,20.455999998375773,23.431374924257398
2026-08-10T16:58:56.414873+00:00,communication_drift_01,meter_02,571,none,publish_interval,random,random,random,normal_drift,0.9999999999947609,0.45217313481981314,0,,1,0,collecting_candidates;drift_not_confirmed,source_publish_interval,voltage_rolling_mean=231.450462;source_publish_interval=0.807324,source_publish_interval,0.8718329481780529,12.240750016644597,13.140666065737605
2026-08-10T16:58:56.428182+00:00,communication_drift_01,meter_03,571,none,publish_interval,random,random,random,normal_drift,0.999999999986978,0.5182515375116662,0,,1,0,collecting_candidates;drift_not_confirmed,source_publish_interval,voltage_rolling_mean=230.658893;source_publish_interval=0.807325,source_publish_interval,0.5607500206679106,9.519374929368496,10.103083914145827
2026-08-10T16:58:57.200818+00:00,communication_drift_01,meter_01,572,none,publish_interval,random,random,random,normal_drift,0.9999999999151195,0.5215519205585927,0,,1,0,collecting_candidates;drift_not_confirmed,source_publish_interval,voltage_rolling_mean=231.644142;source_publish_interval=0.807321,source_publish_interval,2.322250045835972,18.312458880245686,20.67966596223414
2026-08-10T16:58:57.221937+00:00,communication_drift_01,meter_02,572,none,publish_interval,random,random,random,normal_drift,0.9999999999505573,0.4725543793288323,0,,1,0,collecting_candidates;drift_not_confirmed,source_publish_interval,voltage_rolling_mean=231.450462;source_publish_interval=0.807324,source_publish_interval,0.771084101870656,11.62491599097848,12.422333005815744
2026-08-10T16:58:57.234501+00:00,communication_drift_01,meter_03,572,none,publish_interval,random,random,random,normal_drift,0.9999999999732889,0.4847003892635791,0,,1,0,collecting_candidates;drift_not_confirmed,source_publish_interval,voltage_rolling_mean=230.658893;source_publish_interval=0.807325,source_publish_interval,0.5471250042319298,9.361707838252187,9.92995803244412
2026-08-10T16:58:58.010870+00:00,communication_drift_01,meter_01,573,none,publish_interval,random,random,random,normal_drift,0.9999999997989932,0.5351246801855124,0,,1,0,collecting_candidates;drift_not_confirmed,source_publish_interval,voltage_rolling_mean=231.644142;source_publish_interval=0.807321,source_publish_interval,2.5746249593794346,22.379917092621326,25.009750155732036
2026-08-10T16:58:58.036308+00:00,communication_drift_01,meter_02,573,none,publish_interval,random,random,random,normal_drift,0.9999999999973788,0.5541281415596563,0,,1,0,collecting_candidates;drift_not_confirmed,source_publish_interval,voltage_rolling_mean=231.450462;source_publish_interval=0.807324,source_publish_interval,0.8164169266819954,12.01750012114644,12.86599994637072
2026-08-10T16:58:58.049345+00:00,communication_drift_01,meter_03,573,none,publish_interval,random,random,random,normal_drift,0.9999999999967457,0.4542846649634629,0,,1,0,collecting_candidates;drift_not_confirmed,source_publish_interval,voltage_rolling_mean=230.658893;source_publish_interval=0.807325,source_publish_interval,0.5917919334024191,9.697957895696163,10.312541853636503
2026-08-10T16:58:58.815576+00:00,communication_drift_01,meter_01,574,none,publish_interval,random,random,random,normal_drift,0.9999999999138216,0.4667559383470421,0,,1,1,drift_not_confirmed;reference_updated,source_publish_interval,voltage_rolling_mean=231.644142;source_publish_interval=0.807642,source_publish_interval,2.2387909702956676,22.50249986536801,24.805125081911683
2026-08-10T16:58:58.840869+00:00,communication_drift_01,meter_02,574,none,publish_interval,random,random,random,normal_drift,0.9999999999859992,0.47493248598349347,0,,1,1,drift_not_confirmed;reference_updated,source_publish_interval,voltage_rolling_mean=231.450462;source_publish_interval=0.807646,source_publish_interval,0.884834211319685,12.209666892886162,13.124458026140928
2026-08-10T16:58:58.854131+00:00,communication_drift_01,meter_03,574,none,publish_interval,random,random,random,normal_drift,0.9999999999953006,0.4629357442480693,0,,1,1,drift_not_confirmed;reference_updated,source_publish_interval,voltage_rolling_mean=230.658893;source_publish_interval=0.807648,source_publish_interval,0.5997498519718647,9.6475831232965,10.269250022247434
2026-08-10T16:58:59.617894+00:00,communication_drift_01,meter_01,575,none,publish_interval,random,random,random,normal_drift,0.9999999995238094,0.4927596530958332,0,,1,0,collecting_candidates;drift_not_confirmed,source_publish_interval,voltage_rolling_mean=231.644142;source_publish_interval=0.807642,source_publish_interval,1.9047500099986792,22.111082915216684,24.08129209652543
2026-08-10T16:58:59.642380+00:00,communication_drift_01,meter_02,575,none,publish_interval,random,random,random,normal_drift,0.9999999999567464,0.5070048120477819,0,,1,0,collecting_candidates;drift_not_confirmed,source_publish_interval,voltage_rolling_mean=231.450462;source_publish_interval=0.807646,source_publish_interval,0.9271251037716866,12.758250115439296,13.71483295224607
2026-08-10T16:58:59.656256+00:00,communication_drift_01,meter_03,575,none,publish_interval,random,random,random,normal_drift,0.9999999999657194,0.4964037283628165,0,,1,0,collecting_candidates;drift_not_confirmed,source_publish_interval,voltage_rolling_mean=230.658893;source_publish_interval=0.807648,source_publish_interval,0.6065419875085354,9.721292182803154,10.349292075261474
2026-08-10T16:59:00.427282+00:00,communication_drift_01,meter_01,576,none,publish_interval,random,random,random,normal_drift,0.9999999999862779,0.4428153075335704,0,,1,0,collecting_candidates;drift_not_confirmed,source_publish_interval,voltage_rolling_mean=231.644142;source_publish_interval=0.807642,source_publish_interval,1.397749874740839,22.382708033546805,23.826375138014555
2026-08-10T16:59:00.451461+00:00,communication_drift_01,meter_02,576,none,publish_interval,random,random,random,normal_drift,0.9999999999910851,0.4513630122032561,0,,1,0,collecting_candidates;drift_not_confirmed,source_publish_interval,voltage_rolling_mean=231.450462;source_publish_interval=0.807646,source_publish_interval,0.7744170725345612,12.029666919261217,12.831958010792732
2026-08-10T16:59:00.464439+00:00,communication_drift_01,meter_03,576,none,publish_interval,random,random,random,normal_drift,0.9999999999924958,0.4671348595032096,0,,1,0,collecting_candidates;drift_not_confirmed,source_publish_interval,voltage_rolling_mean=230.658893;source_publish_interval=0.807648,source_publish_interval,0.6270830053836107,9.984291857108474,10.643749963492155
2026-08-10T16:59:01.236526+00:00,communication_drift_01,meter_01,577,none,publish_interval,random,random,random,normal_drift,0.9999999999651479,0.44778010641365473,0,,1,0,collecting_candidates;drift_not_confirmed,source_publish_interval,voltage_rolling_mean=231.644142;source_publish_interval=0.807642,source_publish_interval,1.3396658468991518,19.98550002463162,21.37345797382295
2026-08-10T16:59:01.258247+00:00,communication_drift_01,meter_02,577,none,publish_interval,random,random,random,normal_drift,0.999999999996521,0.5891127639458636,0,,1,0,collecting_candidates;drift_not_confirmed,source_publish_interval,voltage_rolling_mean=231.450462;source_publish_interval=0.807646,source_publish_interval,0.9090839885175228,12.230499880388379,13.165709096938372
2026-08-10T16:59:01.271554+00:00,communication_drift_01,meter_03,577,none,publish_interval,random,random,random,normal_drift,0.999999999992877,0.5920420713470746,0,,1,0,collecting_candidates;drift_not_confirmed,source_publish_interval,voltage_rolling_mean=230.658893;source_publish_interval=0.807648,source_publish_interval,0.5933749489486217,9.702124865725636,10.316833155229688
2026-08-10T16:59:02.045444+00:00,communication_drift_01,meter_01,578,none,publish_interval,random,random,random,normal_drift,0.999999999973769,0.4407660426497011,0,,1,0,collecting_candidates;drift_not_confirmed,source_publish_interval,voltage_rolling_mean=231.644142;source_publish_interval=0.807642,source_publish_interval,1.4047499280422926,19.97575000859797,21.432541077956557
2026-08-10T16:59:02.067217+00:00,communication_drift_01,meter_02,578,none,publish_interval,random,random,random,normal_drift,0.9999999999910876,0.5088106674137053,0,,1,0,collecting_candidates;drift_not_confirmed,source_publish_interval,voltage_rolling_mean=231.450462;source_publish_interval=0.807646,source_publish_interval,0.9151250123977661,12.711042072623968,13.657583855092525
2026-08-10T16:59:02.081045+00:00,communication_drift_01,meter_03,578,none,publish_interval,random,random,random,normal_drift,0.9999999999599065,0.5369044127781962,0,,1,0,collecting_candidates;drift_not_confirmed,source_publish_interval,voltage_rolling_mean=230.658893;source_publish_interval=0.807648,source_publish_interval,0.6027088966220617,10.069790994748473,10.705417022109032
2026-08-10T16:59:02.856060+00:00,communication_drift_01,meter_01,579,none,publish_interval,random,random,random,normal_drift,0.9999999999711919,0.4514199250755392,0,,1,0,collecting_candidates;drift_not_confirmed,source_publish_interval,voltage_rolling_mean=231.644142;source_publish_interval=0.807642,source_publish_interval,2.901041880249977,17.924957908689976,20.869083935394883
2026-08-10T16:59:02.877371+00:00,communication_drift_01,meter_02,579,none,publish_interval,random,random,random,normal_drift,0.9999999999964972,0.4589006299022212,0,,1,0,collecting_candidates;drift_not_confirmed,source_publish_interval,voltage_rolling_mean=231.450462;source_publish_interval=0.807646,source_publish_interval,0.7481251377612352,11.266459012404084,12.037707958370447
2026-08-10T16:59:02.889530+00:00,communication_drift_01,meter_03,579,none,publish_interval,random,random,random,normal_drift,0.999999999997091,0.4543417671174806,0,,1,0,collecting_candidates;drift_not_confirmed,source_publish_interval,voltage_rolling_mean=230.658893;source_publish_interval=0.807648,source_publish_interval,0.5157091654837132,9.327749954536557,9.86329186707735
2026-08-10T16:59:03.658650+00:00,communication_drift_01,meter_01,580,none,publish_interval,random,random,random,normal_drift,0.9999999998853546,0.45635332886335084,0,,1,0,collecting_candidates;drift_not_confirmed,source_publish_interval,voltage_rolling_mean=231.644142;source_publish_interval=0.807642,source_publish_interval,3.4087919630110264,22.15604088269174,25.60166595503688
2026-08-10T16:59:03.684651+00:00,communication_drift_01,meter_02,580,none,publish_interval,random,random,random,normal_drift,0.9999999999587981,0.5386999697129169,0,,1,0,collecting_candidates;drift_not_confirmed,source_publish_interval,voltage_rolling_mean=231.450462;source_publish_interval=0.807646,source_publish_interval,0.7415830623358488,12.03204202465713,12.800292111933231
2026-08-10T16:59:03.697591+00:00,communication_drift_01,meter_03,580,none,publish_interval,random,random,random,normal_drift,0.9999999999952871,0.4894003956372223,0,,1,0,collecting_candidates;drift_not_confirmed,source_publish_interval,voltage_rolling_mean=230.658893;source_publish_interval=0.807648,source_publish_interval,0.5710828118026257,9.8939158488065,10.489790933206677
2026-08-10T16:59:04.464152+00:00,communication_drift_01,meter_01,581,none,publish_interval,random,random,random,normal_drift,0.9999999988839576,0.603715582535155,0,,1,0,collecting_candidates;drift_not_confirmed,source_publish_interval,voltage_rolling_mean=231.644142;source_publish_interval=0.807642,source_publish_interval,2.7142080944031477,19.875749945640564,22.634082939475775
2026-08-10T16:59:04.487276+00:00,communication_drift_01,meter_02,581,none,publish_interval,random,random,random,normal_drift,0.9999999999947893,0.4661836497582385,0,,1,0,collecting_candidates;drift_not_confirmed,source_publish_interval,voltage_rolling_mean=231.450462;source_publish_interval=0.807646,source_publish_interval,0.7762080058455467,11.716333916410804,12.518292060121894
2026-08-10T16:59:04.499940+00:00,communication_drift_01,meter_03,581,none,publish_interval,random,random,random,normal_drift,0.9999999999592322,0.48612370742670324,0,,1,0,collecting_candidates;drift_not_confirmed,source_publish_interval,voltage_rolling_mean=230.658893;source_publish_interval=0.807648,source_publish_interval,0.5317500326782465,9.670916944742203,10.226665996015072
2026-08-10T16:59:05.274233+00:00,communication_drift_01,meter_01,582,none,publish_interval,random,random,random,normal_drift,0.9999999999941498,0.5503153224636197,0,,1,0,collecting_candidates;drift_not_confirmed,source_publish_interval,voltage_rolling_mean=231.644142;source_publish_interval=0.807642,source_publish_interval,2.137040952220559,20.921292016282678,23.103666957467794
2026-08-10T16:59:05.297688+00:00,communication_drift_01,meter_02,582,none,publish_interval,random,random,random,normal_drift,0.9999999999966072,0.4593177452801476,0,,1,0,collecting_candidates;drift_not_confirmed,source_publish_interval,voltage_rolling_mean=231.450462;source_publish_interval=0.807646,source_publish_interval,0.7454578299075365,11.880167061462998,12.650249991565943
2026-08-10T16:59:05.310487+00:00,communication_drift_01,meter_03,582,none,publish_interval,random,random,random,normal_drift,0.9999999999976001,0.4573467782270841,0,,1,0,collecting_candidates;drift_not_confirmed,source_publish_interval,voltage_rolling_mean=230.658893;source_publish_interval=0.807648,source_publish_interval,0.5277919117361307,9.769708150997758,10.323707945644855
2026-08-10T16:59:06.083924+00:00,communication_drift_01,meter_01,583,none,publish_interval,random,random,random,normal_drift,0.9999999999631268,0.49490695901483867,0,,1,0,collecting_candidates;drift_not_confirmed,source_publish_interval,voltage_rolling_mean=231.644142;source_publish_interval=0.807642,source_publish_interval,2.4784591514617205,22.51741709187627,25.03754198551178
2026-08-10T16:59:06.109423+00:00,communication_drift_01,meter_02,583,none,publish_interval,random,random,random,normal_drift,0.999999999995016,0.5100655325439724,0,,1,0,collecting_candidates;drift_not_confirmed,source_publish_interval,voltage_rolling_mean=231.450462;source_publish_interval=0.807646,source_publish_interval,0.8326249662786722,12.287041870877147,13.14495806582272
2026-08-10T16:59:06.122702+00:00,communication_drift_01,meter_03,583,none,publish_interval,random,random,random,normal_drift,0.9999999999971831,0.48720869754981067,0,,1,0,collecting_candidates;drift_not_confirmed,source_publish_interval,voltage_rolling_mean=230.658893;source_publish_interval=0.807648,source_publish_interval,0.5934580694884062,9.896958945319057,10.510874912142754
2026-08-10T16:59:06.893961+00:00,communication_drift_01,meter_01,584,none,publish_interval,random,random,random,normal_drift,0.9999999999899609,0.45387713686035946,0,,1,0,collecting_candidates;drift_not_confirmed,source_publish_interval,voltage_rolling_mean=231.644142;source_publish_interval=0.807642,source_publish_interval,2.0146670285612345,21.904833847656846,23.955916985869408
2026-08-10T16:59:06.918257+00:00,communication_drift_01,meter_02,584,none,publish_interval,random,random,random,normal_drift,0.9999999999971536,0.4840207504368964,0,,1,0,collecting_candidates;drift_not_confirmed,source_publish_interval,voltage_rolling_mean=231.450462;source_publish_interval=0.807646,source_publish_interval,0.8243750780820847,11.965707875788212,12.81387498602271
2026-08-10T16:59:06.931186+00:00,communication_drift_01,meter_03,584,none,publish_interval,random,random,random,normal_drift,0.9999999999857623,0.46416726958982535,0,,1,0,collecting_candidates;drift_not_confirmed,source_publish_interval,voltage_rolling_mean=230.658893;source_publish_interval=0.807648,source_publish_interval,0.5741668865084648,9.62304207496345,10.217250091955066
2026-08-10T16:59:07.702782+00:00,communication_drift_01,meter_01,585,none,publish_interval,random,random,random,normal_drift,0.9999999999899982,0.4728496901565065,0,,1,0,collecting_candidates;drift_not_confirmed,source_publish_interval,voltage_rolling_mean=231.644142;source_publish_interval=0.807642,source_publish_interval,1.2009998317807913,20.357624860480428,21.629750030115247
2026-08-10T16:59:07.724832+00:00,communication_drift_01,meter_02,585,none,publish_interval,random,random,random,normal_drift,0.9999999999986535,0.46720818949614507,0,,1,0,collecting_candidates;drift_not_confirmed,source_publish_interval,voltage_rolling_mean=231.450462;source_publish_interval=0.807646,source_publish_interval,0.9704171679913998,13.4893748909235,14.499667100608349
2026-08-10T16:59:07.739529+00:00,communication_drift_01,meter_03,585,none,publish_interval,random,random,random,normal_drift,0.9999999999963682,0.4835835617049285,0,,1,0,collecting_candidates;drift_not_confirmed,source_publish_interval,voltage_rolling_mean=230.658893;source_publish_interval=0.807648,source_publish_interval,0.6171250715851784,10.193416848778725,10.837666923180223
2026-08-10T16:59:08.504211+00:00,communication_drift_01,meter_01,586,none,publish_interval,random,random,random,normal_drift,0.9999999999635065,0.45535855535708614,0,,1,0,collecting_candidates;drift_not_confirmed,source_publish_interval,voltage_rolling_mean=231.644142;source_publish_interval=0.807642,source_publish_interval,1.2556668370962143,19.85891698859632,21.15912502631545
2026-08-10T16:59:08.525683+00:00,communication_drift_01,meter_02,586,none,publish_interval,random,random,random,normal_drift,0.9999999999913822,0.48197337573702675,0,,1,0,collecting_candidates;drift_not_confirmed,source_publish_interval,voltage_rolling_mean=231.450462;source_publish_interval=0.807646,source_publish_interval,0.8428751025348902,12.535541085526347,13.404167024418712
2026-08-10T16:59:08.539233+00:00,communication_drift_01,meter_03,586,none,publish_interval,random,random,random,normal_drift,0.9999999999405942,0.5928357178913146,0,,1,0,collecting_candidates;drift_not_confirmed,source_publish_interval,voltage_rolling_mean=230.658893;source_publish_interval=0.807648,source_publish_interval,0.5884170532226562,9.993083076551557,10.602415772154927
2026-08-10T16:59:09.314610+00:00,communication_drift_01,meter_01,587,none,publish_interval,random,random,random,normal_drift,0.9999999999740219,0.4478756519243943,0,,1,0,collecting_candidates;drift_not_confirmed,source_publish_interval,voltage_rolling_mean=231.644142;source_publish_interval=0.807642,source_publish_interval,1.234416849911213,19.858374958857894,21.14162500947714
2026-08-10T16:59:09.336036+00:00,communication_drift_01,meter_02,587,none,publish_interval,random,random,random,normal_drift,0.9999999999959601,0.4780525129132983,0,,1,0,collecting_candidates;drift_not_confirmed,source_publish_interval,voltage_rolling_mean=231.450462;source_publish_interval=0.807646,source_publish_interval,0.8458748925477266,12.706917012110353,13.581749983131886
2026-08-10T16:59:09.349779+00:00,communication_drift_01,meter_03,587,none,publish_interval,random,random,random,normal_drift,0.999999999954553,0.5492572444278249,0,,1,0,collecting_candidates;drift_not_confirmed,source_publish_interval,voltage_rolling_mean=230.658893;source_publish_interval=0.807648,source_publish_interval,0.5968748591840267,10.010625002905726,10.631749872118235
2026-08-10T16:59:10.124470+00:00,communication_drift_01,meter_01,588,none,publish_interval,random,random,random,normal_drift,0.9999999999794615,0.4886538659505244,0,,1,0,collecting_candidates;drift_not_confirmed,source_publish_interval,voltage_rolling_mean=231.644142;source_publish_interval=0.807642,source_publish_interval,1.3052080757915974,20.193125121295452,21.542000118643045
2026-08-10T16:59:10.146299+00:00,communication_drift_01,meter_02,588,none,publish_interval,random,random,random,normal_drift,0.9999999999963536,0.46678944027008973,0,,1,0,collecting_candidates;drift_not_confirmed,source_publish_interval,voltage_rolling_mean=231.450462;source_publish_interval=0.807646,source_publish_interval,0.8270000107586384,12.148541864007711,13.002000050619245
2026-08-10T16:59:10.159444+00:00,communication_drift_01,meter_03,588,none,publish_interval,random,random,random,normal_drift,0.9999999999941873,0.5623104927109864,0,,1,0,collecting_candidates;drift_not_confirmed,source_publish_interval,voltage_rolling_mean=230.658893;source_publish_interval=0.807648,source_publish_interval,0.5847499705851078,9.703457821160555,10.309791890904307
2026-08-10T16:59:10.930781+00:00,communication_drift_01,meter_01,589,none,publish_interval,random,random,random,normal_drift,0.9999999999405051,0.45548680790835794,0,,1,0,collecting_candidates;drift_not_confirmed,source_publish_interval,voltage_rolling_mean=231.644142;source_publish_interval=0.807642,source_publish_interval,2.107165986672044,22.14412484318018,24.296540999785066
2026-08-10T16:59:10.955503+00:00,communication_drift_01,meter_02,589,none,publish_interval,random,random,random,normal_drift,0.9999999999948317,0.5005222101167072,0,,1,0,collecting_candidates;drift_not_confirmed,source_publish_interval,voltage_rolling_mean=231.450462;source_publish_interval=0.807646,source_publish_interval,0.7223749998956919,11.980375042185187,12.730209156870842
2026-08-10T16:59:10.968371+00:00,communication_drift_01,meter_03,589,none,publish_interval,random,random,random,normal_drift,0.9999999999924267,0.44689062604212654,0,,1,0,collecting_candidates;drift_not_confirmed,source_publish_interval,voltage_rolling_mean=230.658893;source_publish_interval=0.807648,source_publish_interval,0.5492500495165586,9.606333216652274,10.177042102441192
2026-08-10T16:59:11.740946+00:00,communication_drift_01,meter_01,590,none,publish_interval,random,random,random,normal_drift,0.999999999997846,0.45590161401908214,0,,1,0,collecting_candidates;drift_not_confirmed,source_publish_interval,voltage_rolling_mean=231.644142;source_publish_interval=0.807642,source_publish_interval,2.1645838860422373,19.739208044484258,21.943375002592802
2026-08-10T16:59:11.763297+00:00,communication_drift_01,meter_02,590,none,publish_interval,random,random,random,normal_drift,0.9999999999942424,0.45074583556887665,0,,1,0,collecting_candidates;drift_not_confirmed,source_publish_interval,voltage_rolling_mean=231.450462;source_publish_interval=0.807646,source_publish_interval,0.754582928493619,11.502583976835012,12.279791990295053
2026-08-10T16:59:11.775694+00:00,communication_drift_01,meter_03,590,none,publish_interval,random,random,random,normal_drift,0.999999999996005,0.4435526027434476,0,,1,0,collecting_candidates;drift_not_confirmed,source_publish_interval,voltage_rolling_mean=230.658893;source_publish_interval=0.807648,source_publish_interval,0.5225830245763063,9.486165829002857,10.029666824266315
2026-08-10T16:59:12.550923+00:00,communication_drift_01,meter_01,591,none,publish_interval,random,random,random,normal_drift,0.999999999978398,0.45724898045283996,0,,1,0,collecting_candidates;drift_not_confirmed,source_publish_interval,voltage_rolling_mean=231.644142;source_publish_interval=0.807642,source_publish_interval,3.3577908761799335,16.726417001336813,20.125749986618757
2026-08-10T16:59:12.571477+00:00,communication_drift_01,meter_02,591,none,publish_interval,random,random,random,normal_drift,0.9999999999969966,0.4572966798458955,0,,1,0,collecting_candidates;drift_not_confirmed,source_publish_interval,voltage_rolling_mean=231.450462;source_publish_interval=0.807646,source_publish_interval,0.742750009521842,11.095250025391579,11.860250029712915
2026-08-10T16:59:12.583462+00:00,communication_drift_01,meter_03,591,none,publish_interval,random,random,random,normal_drift,0.9999999997605704,0.6382673149608403,0,,1,0,collecting_candidates;drift_not_confirmed,source_publish_interval,voltage_rolling_mean=230.658893;source_publish_interval=0.807648,source_publish_interval,0.5373340100049973,9.401875082403421,9.959417162463069
2026-08-10T16:59:13.360417+00:00,communication_drift_01,meter_01,592,none,publish_interval,random,random,random,normal_drift,0.9999999999968414,0.45749048945882603,0,,1,0,collecting_candidates;drift_not_confirmed,source_publish_interval,voltage_rolling_mean=231.644142;source_publish_interval=0.807642,source_publish_interval,1.3556249905377626,20.150167169049382,21.553250029683113
2026-08-10T16:59:13.382290+00:00,communication_drift_01,meter_02,592,none,publish_interval,random,random,random,normal_drift,0.9999999999978895,0.4558081838648881,0,,1,0,collecting_candidates;drift_not_confirmed,source_publish_interval,voltage_rolling_mean=231.450462;source_publish_interval=0.807646,source_publish_interval,0.8527499157935381,12.626874959096313,13.510249787941575
2026-08-10T16:59:13.395937+00:00,communication_drift_01,meter_03,592,none,publish_interval,random,random,random,normal_drift,0.999999999994676,0.4548537169559488,0,,1,0,collecting_candidates;drift_not_confirmed,source_publish_interval,voltage_rolling_mean=230.658893;source_publish_interval=0.807648,source_publish_interval,0.5985829047858715,10.042959125712514,10.66616689786315
2026-08-10T16:59:14.171245+00:00,communication_drift_01,meter_01,593,none,publish_interval,random,random,random,normal_drift,0.9999999999905396,0.45516095111274285,0,,1,0,collecting_candidates;drift_not_confirmed,source_publish_interval,voltage_rolling_mean=231.644142;source_publish_interval=0.807642,source_publish_interval,2.7214998845010996,20.085500087589025,22.843334125354886
2026-08-10T16:59:14.194463+00:00,communication_drift_01,meter_02,593,none,publish_interval,random,random,random,normal_drift,0.9999999999963451,0.4621972382653349,0,,1,0,collecting_candidates;drift_not_confirmed,source_publish_interval,voltage_rolling_mean=231.450462;source_publish_interval=0.807646,source_publish_interval,0.6891668308526278,11.621249839663506,12.332791928201914
2026-08-10T16:59:14.206901+00:00,communication_drift_01,meter_03,593,none,publish_interval,random,random,random,normal_drift,0.9999999999641802,0.4837792419426468,0,,1,0,collecting_candidates;drift_not_confirmed,source_publish_interval,voltage_rolling_mean=230.658893;source_publish_interval=0.807648,source_publish_interval,0.5208749789744616,9.614832932129502,10.15595905482769
2026-08-10T16:59:14.973070+00:00,communication_drift_01,meter_01,594,none,publish_interval,random,random,random,normal_drift,0.9999999999699336,0.461170930086669,0,,1,1,drift_not_confirmed;reference_updated,source_publish_interval,voltage_rolling_mean=231.644142;source_publish_interval=0.807776,source_publish_interval,1.4712500851601362,20.333666121587157,21.849084179848433
2026-08-10T16:59:14.995235+00:00,communication_drift_01,meter_02,594,none,publish_interval,random,random,random,normal_drift,0.9999999999927089,0.5030747729319732,0,,1,1,drift_not_confirmed;reference_updated,source_publish_interval,voltage_rolling_mean=231.450462;source_publish_interval=0.807772,source_publish_interval,0.8040419779717922,12.016332941129804,12.849166989326477
2026-08-10T16:59:15.008222+00:00,communication_drift_01,meter_03,594,none,publish_interval,random,random,random,normal_drift,0.9999999999925444,0.5323042253910267,0,,1,1,drift_not_confirmed;reference_updated,source_publish_interval,voltage_rolling_mean=230.658893;source_publish_interval=0.807768,source_publish_interval,0.5951670464128256,9.810667019337416,10.448666987940669
2026-08-10T16:59:15.780879+00:00,communication_drift_01,meter_01,595,none,publish_interval,random,random,random,normal_drift,0.999999999995427,0.5811332999845698,0,,1,0,collecting_candidates;drift_not_confirmed,source_publish_interval,voltage_rolling_mean=231.644142;source_publish_interval=0.807776,source_publish_interval,2.582583110779524,20.987584022805095,23.61083379946649
2026-08-10T16:59:15.804948+00:00,communication_drift_01,meter_02,595,none,publish_interval,random,random,random,normal_drift,0.9999999999974543,0.45873531009521956,0,,1,0,collecting_candidates;drift_not_confirmed,source_publish_interval,voltage_rolling_mean=231.450462;source_publish_interval=0.807772,source_publish_interval,0.7213330827653408,11.866542045027018,12.615917017683387
2026-08-10T16:59:15.817711+00:00,communication_drift_01,meter_03,595,none,publish_interval,random,random,random,normal_drift,0.9999999999441158,0.5069387381189608,0,,1,0,collecting_candidates;drift_not_confirmed,source_publish_interval,voltage_rolling_mean=230.658893;source_publish_interval=0.807768,source_publish_interval,0.5464591085910797,9.67437494546175,10.242499876767397
2026-08-10T16:59:16.589776+00:00,communication_drift_01,meter_01,596,none,publish_interval,random,random,random,normal_drift,0.9999999999554907,0.5041819012898356,0,,1,0,collecting_candidates;drift_not_confirmed,source_publish_interval,voltage_rolling_mean=231.644142;source_publish_interval=0.807776,source_publish_interval,2.0193750970065594,22.189375013113022,24.2508330848068
2026-08-10T16:59:16.614377+00:00,communication_drift_01,meter_02,596,none,publish_interval,random,random,random,normal_drift,0.999999999990068,0.4906823187538857,0,,1,0,collecting_candidates;drift_not_confirmed,source_publish_interval,voltage_rolling_mean=231.450462;source_publish_interval=0.807772,source_publish_interval,0.8821249939501286,12.078042142093182,12.985041830688715
2026-08-10T16:59:16.627486+00:00,communication_drift_01,meter_03,596,none,publish_interval,random,random,random,normal_drift,0.9999999999875127,0.5021898865980288,0,,1,0,collecting_candidates;drift_not_confirmed,source_publish_interval,voltage_rolling_mean=230.658893;source_publish_interval=0.807768,source_publish_interval,0.5875830538570881,8.412291994318366,9.01383301243186
2026-08-10T16:59:17.393667+00:00,communication_drift_01,meter_01,597,none,publish_interval,random,random,random,normal_drift,0.9999999999822864,0.4697482678839165,0,,1,0,collecting_candidates;drift_not_confirmed,source_publish_interval,voltage_rolling_mean=231.644142;source_publish_interval=0.807776,source_publish_interval,2.1740419324487448,19.20616696588695,21.432291017845273
2026-08-10T16:59:17.415536+00:00,communication_drift_01,meter_02,597,none,publish_interval,random,random,random,normal_drift,0.9999999999951497,0.4772404695356367,0,,1,0,collecting_candidates;drift_not_confirmed,source_publish_interval,voltage_rolling_mean=231.450462;source_publish_interval=0.807772,source_publish_interval,0.7746249902993441,11.571541894227266,12.377750128507614
2026-08-10T16:59:17.428085+00:00,communication_drift_01,meter_03,597,none,publish_interval,random,random,random,normal_drift,0.9999999999834805,0.4625839430207775,0,,1,0,collecting_candidates;drift_not_confirmed,source_publish_interval,voltage_rolling_mean=230.658893;source_publish_interval=0.807768,source_publish_interval,0.5571248475462198,9.690667036920786,10.286082979291677
2026-08-10T16:59:18.198642+00:00,communication_drift_01,meter_01,598,none,publish_interval,random,random,random,normal_drift,0.9999999999968592,0.4656591460897205,0,,1,0,collecting_candidates;drift_not_confirmed,source_publish_interval,voltage_rolling_mean=231.644142;source_publish_interval=0.807776,source_publish_interval,2.107542008161545,22.368958918377757,24.532000068575144
2026-08-10T16:59:18.223657+00:00,communication_drift_01,meter_02,598,none,publish_interval,random,random,random,normal_drift,0.9999999999962583,0.4728305513422067,0,,1,0,collecting_candidates;drift_not_confirmed,source_publish_interval,voltage_rolling_mean=231.450462;source_publish_interval=0.807772,source_publish_interval,0.9169999975711107,12.277417117729783,13.2295829243958
2026-08-10T16:59:18.237080+00:00,communication_drift_01,meter_03,598,none,publish_interval,random,random,random,normal_drift,0.9999999999630584,0.5130204325009446,0,,1,0,collecting_candidates;drift_not_confirmed,source_publish_interval,voltage_rolling_mean=230.658893;source_publish_interval=0.807768,source_publish_interval,0.6360828410834074,10.093040997162461,10.758040938526392
2026-08-10T16:59:19.001096+00:00,communication_drift_01,meter_01,599,none,publish_interval,random,random,random,normal_drift,0.99999999997582,0.4565978305718417,0,,1,0,collecting_candidates;drift_not_confirmed,source_publish_interval,voltage_rolling_mean=231.644142;source_publish_interval=0.807776,source_publish_interval,2.0612499210983515,21.89004118554294,24.01641709730029
2026-08-10T16:59:19.025582+00:00,communication_drift_01,meter_02,599,none,publish_interval,random,random,random,normal_drift,0.99999999999667,0.45249199696080256,0,,1,0,collecting_candidates;drift_not_confirmed,source_publish_interval,voltage_rolling_mean=231.450462;source_publish_interval=0.807772,source_publish_interval,0.9312080219388008,11.95579208433628,12.918333988636732
2026-08-10T16:59:19.038668+00:00,communication_drift_01,meter_03,599,none,publish_interval,random,random,random,normal_drift,0.9999999999858604,0.5352853753184902,0,,1,0,collecting_candidates;drift_not_confirmed,source_publish_interval,voltage_rolling_mean=230.658893;source_publish_interval=0.807768,source_publish_interval,0.6117909215390682,9.670333005487919,10.314834071323276
2026-08-10T16:59:19.810486+00:00,communication_drift_01,meter_01,600,none,none,random,random,random,normal_drift,0.999999999990415,0.4533196214192945,0,,1,0,collecting_candidates;drift_not_confirmed,source_publish_interval,voltage_rolling_mean=231.644142;source_publish_interval=0.807776,source_publish_interval,3.2790000550448895,22.35308289527893,25.696458062157035
2026-08-10T16:59:19.836712+00:00,communication_drift_01,meter_02,600,none,none,random,random,random,normal_drift,0.9999999999786422,0.567952119733957,0,,1,0,collecting_candidates;drift_not_confirmed,source_publish_interval,voltage_rolling_mean=231.450462;source_publish_interval=0.807772,source_publish_interval,0.8795419707894325,12.238791212439537,13.150541111826897
2026-08-10T16:59:19.850050+00:00,communication_drift_01,meter_03,600,none,none,random,random,random,normal_drift,0.9999999999789666,0.45890408895621126,0,,1,0,collecting_candidates;drift_not_confirmed,source_publish_interval,voltage_rolling_mean=230.658893;source_publish_interval=0.807768,source_publish_interval,0.5759589839726686,9.607207961380482,10.20695804618299
2026-08-10T16:59:20.316959+00:00,communication_drift_01,meter_01,601,none,none,none,none,none,normal_drift,0.9952144111185701,0.4708404813080384,0,,1,0,collecting_candidates;drift_not_confirmed,source_publish_interval,voltage_rolling_mean=231.644142;source_publish_interval=0.807776,source_publish_interval,2.202042145654559,21.27133309841156,23.516040993854403
2026-08-10T16:59:20.340925+00:00,communication_drift_01,meter_02,601,none,none,none,none,none,normal_drift,0.992758393701839,0.4438193565586206,0,,1,0,collecting_candidates;drift_not_confirmed,source_publish_interval,voltage_rolling_mean=231.450462;source_publish_interval=0.807772,source_publish_interval,0.8423749823123217,11.93699985742569,12.807875173166394
2026-08-10T16:59:20.353876+00:00,communication_drift_01,meter_03,601,none,none,none,none,none,normal_drift,0.9992759156895568,0.48062608183525546,0,,1,0,collecting_candidates;drift_not_confirmed,source_publish_interval,voltage_rolling_mean=230.658893;source_publish_interval=0.807768,source_publish_interval,0.6006669718772173,9.678250178694725,10.300332913175225
2026-08-10T16:59:20.818378+00:00,communication_drift_01,meter_01,602,none,none,none,none,none,normal_drift,0.9901151126382008,0.547061335853516,0,,1,0,collecting_candidates;drift_not_confirmed,source_publish_interval,voltage_rolling_mean=231.644142;source_publish_interval=0.807776,source_publish_interval,2.1696670446544886,18.84495816193521,21.057291887700558
2026-08-10T16:59:20.839854+00:00,communication_drift_01,meter_02,602,none,none,none,none,none,normal_drift,0.9917949284205515,0.4575840276395319,0,,1,0,collecting_candidates;drift_not_confirmed,source_publish_interval,voltage_rolling_mean=231.450462;source_publish_interval=0.807772,source_publish_interval,0.7458329200744629,11.482750065624714,12.254624860361218
2026-08-10T16:59:20.852243+00:00,communication_drift_01,meter_03,602,none,none,none,none,none,normal_drift,0.9998827104807704,0.544817173742778,0,,1,0,collecting_candidates;drift_not_confirmed,source_publish_interval,voltage_rolling_mean=230.658893;source_publish_interval=0.807768,source_publish_interval,0.5524998996406794,9.313374990597367,9.889541892334819
2026-08-10T16:59:21.328272+00:00,communication_drift_01,meter_01,603,none,none,none,none,none,normal_drift,0.9898805516623923,0.5176514888096052,0,,1,0,collecting_candidates;drift_not_confirmed,source_publish_interval,voltage_rolling_mean=231.644142;source_publish_interval=0.807776,source_publish_interval,1.964750001206994,22.012332919985056,24.01354187168181
2026-08-10T16:59:21.352602+00:00,communication_drift_01,meter_02,603,none,none,none,none,none,none,0.9709166184406149,0.4591094560003341,0,,0,0,drift_not_confirmed;sample_not_trusted,,voltage_rolling_mean=231.450462;source_publish_interval=0.807772,source_publish_interval,0.8084999863058329,11.868417030200362,12.701458064839244
2026-08-10T16:59:21.365412+00:00,communication_drift_01,meter_03,603,none,none,none,none,none,normal_drift,0.9983624079395208,0.5058777195051862,0,,1,0,collecting_candidates;drift_not_confirmed,source_publish_interval,voltage_rolling_mean=230.658893;source_publish_interval=0.807768,source_publish_interval,0.5959582049399614,9.652832988649607,10.26883302256465
2026-08-10T16:59:21.838424+00:00,communication_drift_01,meter_01,604,none,none,none,none,none,normal_drift,0.9851944073772608,0.4516972136639099,0,,1,0,collecting_candidates;drift_not_confirmed,source_publish_interval,voltage_rolling_mean=231.644142;source_publish_interval=0.807776,source_publish_interval,2.7607078664004803,17.926042200997472,20.718000130727887
2026-08-10T16:59:21.859512+00:00,communication_drift_01,meter_02,604,none,none,none,none,none,none,0.9762475824730507,0.4493275790970192,0,,0,0,drift_not_confirmed;sample_not_trusted,,voltage_rolling_mean=231.450462;source_publish_interval=0.807772,source_publish_interval,0.6902078166604042,11.005250038579106,11.715374886989594
2026-08-10T16:59:21.871322+00:00,communication_drift_01,meter_03,604,none,none,none,none,none,normal_drift,0.9981841078206718,0.44504455993123493,0,,1,0,collecting_candidates;drift_not_confirmed,source_publish_interval,voltage_rolling_mean=230.658893;source_publish_interval=0.807768,source_publish_interval,0.5227080546319485,9.57791693508625,10.121915955096483
2026-08-10T16:59:22.345985+00:00,communication_drift_01,meter_01,605,none,none,none,none,none,normal_drift,0.9945040730213736,0.4877717126804225,0,,1,0,collecting_candidates;drift_not_confirmed,source_publish_interval,voltage_rolling_mean=231.644142;source_publish_interval=0.807776,source_publish_interval,1.3641670811921358,20.660166162997484,22.067875135689974
2026-08-10T16:59:22.368346+00:00,communication_drift_01,meter_02,605,none,none,none,none,none,normal_drift,0.9914797491939111,0.46768942760654786,0,,1,0,collecting_candidates;drift_not_confirmed,source_publish_interval,voltage_rolling_mean=231.450462;source_publish_interval=0.807772,source_publish_interval,0.8766669780015945,12.7359579782933,13.643916929140687
2026-08-10T16:59:22.382136+00:00,communication_drift_01,meter_03,605,none,none,none,none,none,normal_drift,0.9995444143809038,0.5941079563230522,0,,1,0,collecting_candidates;drift_not_confirmed,source_publish_interval,voltage_rolling_mean=230.658893;source_publish_interval=0.807768,source_publish_interval,0.5569590721279383,9.660209063440561,10.238375049084425
2026-08-10T16:59:22.855190+00:00,communication_drift_01,meter_01,606,none,none,none,none,none,normal_drift,0.9920997781155603,0.5139556364351909,0,,1,0,collecting_candidates;drift_not_confirmed,source_publish_interval,voltage_rolling_mean=231.644142;source_publish_interval=0.807776,source_publish_interval,1.9988750573247671,22.040124982595444,24.075833149254322
2026-08-10T16:59:22.879581+00:00,communication_drift_01,meter_02,606,none,none,none,none,none,normal_drift,0.9922236693274274,0.4543804659350818,0,,1,0,collecting_candidates;drift_not_confirmed,source_publish_interval,voltage_rolling_mean=231.450462;source_publish_interval=0.807772,source_publish_interval,0.8228749502450228,12.022250099107623,12.870625127106905
2026-08-10T16:59:22.892574+00:00,communication_drift_01,meter_03,606,none,none,none,none,none,normal_drift,0.9998969767966198,0.5489269612978328,0,,1,0,collecting_candidates;drift_not_confirmed,source_publish_interval,voltage_rolling_mean=230.658893;source_publish_interval=0.807768,source_publish_interval,0.6059999577701092,9.583666920661926,10.209207888692617
2026-08-10T16:59:23.365371+00:00,communication_drift_01,meter_01,607,none,none,none,unknown,unknown,unknown,0.8788807734146629,0.4894308617867226,0,,0,0,drift_not_confirmed;sample_not_trusted,,voltage_rolling_mean=231.644142;source_publish_interval=0.807776,source_publish_interval,2.0982499700039625,22.114082938060164,24.25075019709766
2026-08-10T16:59:23.390003+00:00,communication_drift_01,meter_02,607,none,none,none,none,none,normal_drift,0.9828831700021791,0.45407102770640634,0,,1,0,collecting_candidates;drift_not_confirmed,source_publish_interval,voltage_rolling_mean=231.450462;source_publish_interval=0.807772,source_publish_interval,0.7260420825332403,11.702792020514607,12.452750001102686
2026-08-10T16:59:23.402573+00:00,communication_drift_01,meter_03,607,none,none,none,none,none,normal_drift,0.999925551933897,0.4844982446181067,0,,1,0,collecting_candidates;drift_not_confirmed,source_publish_interval,voltage_rolling_mean=230.658893;source_publish_interval=0.807768,source_publish_interval,0.5971251521259546,9.49941691942513,10.116332909092307
2026-08-10T16:59:23.872040+00:00,communication_drift_01,meter_01,608,none,none,none,none,none,normal_drift,0.9985671991315735,0.49061693417853564,1,source_publish_interval,1,0,collecting_candidates;drift_not_confirmed,source_publish_interval,voltage_rolling_mean=231.644142;source_publish_interval=0.807776,source_publish_interval,1.4329580590128899,20.490790950134397,21.971625043079257
2026-08-10T16:59:23.894262+00:00,communication_drift_01,meter_02,608,none,none,none,none,none,normal_drift,0.982404913908763,0.4588144374389348,1,source_publish_interval,1,0,collecting_candidates;drift_not_confirmed,source_publish_interval,voltage_rolling_mean=231.450462;source_publish_interval=0.807772,source_publish_interval,0.8229999803006649,12.48499983921647,13.341040816158056
2026-08-10T16:59:23.907747+00:00,communication_drift_01,meter_03,608,none,none,none,none,none,normal_drift,0.9997166540307216,0.43853739947536147,1,source_publish_interval,1,0,collecting_candidates;drift_not_confirmed,source_publish_interval,voltage_rolling_mean=230.658893;source_publish_interval=0.807768,source_publish_interval,0.6234999746084213,9.944917168468237,10.592459002509713
2026-08-10T16:59:24.379185+00:00,communication_drift_01,meter_01,609,none,none,none,none,none,normal_drift,0.9919962886368485,0.4563349280288071,0,,1,0,collecting_candidates;drift_not_confirmed,source_publish_interval,voltage_rolling_mean=231.644142;source_publish_interval=0.807776,source_publish_interval,1.2867499608546495,19.91445804014802,21.239374997094274
2026-08-10T16:59:24.400714+00:00,communication_drift_01,meter_02,609,none,none,none,none,none,normal_drift,0.9962245122197768,0.4866494149199737,0,,1,0,collecting_candidates;drift_not_confirmed,source_publish_interval,voltage_rolling_mean=231.450462;source_publish_interval=0.807772,source_publish_interval,0.8229170925915241,12.180750025436282,13.027625158429146
2026-08-10T16:59:24.413852+00:00,communication_drift_01,meter_03,609,none,none,none,none,none,normal_drift,0.9999758020179874,0.5081728611066672,0,,1,0,collecting_candidates;drift_not_confirmed,source_publish_interval,voltage_rolling_mean=230.658893;source_publish_interval=0.807768,source_publish_interval,0.588082941249013,9.73079213872552,10.338667081668973
2026-08-10T16:59:24.888951+00:00,communication_drift_01,meter_01,610,none,none,none,none,none,normal_drift,0.9905762147784171,0.451823781724382,0,,1,0,collecting_candidates;drift_not_confirmed,source_publish_interval,voltage_rolling_mean=231.644142;source_publish_interval=0.807776,source_publish_interval,1.3494170270860195,20.802041981369257,22.191040916368365
2026-08-10T16:59:24.911404+00:00,communication_drift_01,meter_02,610,none,none,none,unknown,unknown,unknown,0.8948427185852862,0.48824950293867875,0,,0,0,drift_not_confirmed;sample_not_trusted,,voltage_rolling_mean=231.450462;source_publish_interval=0.807772,source_publish_interval,0.8309169206768274,12.559332884848118,13.416500063613057
2026-08-10T16:59:24.924941+00:00,communication_drift_01,meter_03,610,none,none,none,none,none,normal_drift,0.9999285852685327,0.44949805706058,0,,1,0,collecting_candidates;drift_not_confirmed,source_publish_interval,voltage_rolling_mean=230.658893;source_publish_interval=0.807768,source_publish_interval,0.5932911299169064,9.92241594940424,10.536540998145938
2026-08-10T16:59:25.399009+00:00,communication_drift_01,meter_01,611,none,none,none,none,none,normal_drift,0.980008545100179,0.4527605561154654,0,,1,0,collecting_candidates;drift_not_confirmed,source_publish_interval,voltage_rolling_mean=231.644142;source_publish_interval=0.807776,source_publish_interval,1.403583912178874,20.79320908524096,22.240875056013465
2026-08-10T16:59:25.421530+00:00,communication_drift_01,meter_02,611,none,none,none,none,none,normal_drift,0.994247721689322,0.4525253051516244,0,,1,0,collecting_candidates;drift_not_confirmed,source_publish_interval,voltage_rolling_mean=231.450462;source_publish_interval=0.807772,source_publish_interval,0.8635830599814653,12.467209016904235,13.355541974306107
2026-08-10T16:59:25.435002+00:00,communication_drift_01,meter_03,611,none,none,none,none,none,normal_drift,0.9998594098665577,0.4712354226222902,0,,1,0,collecting_candidates;drift_not_confirmed,source_publish_interval,voltage_rolling_mean=230.658893;source_publish_interval=0.807768,source_publish_interval,0.6049999501556158,9.737041080370545,10.362832807004452
2026-08-10T16:59:25.903598+00:00,communication_drift_01,meter_01,612,none,none,none,none,none,normal_drift,0.9898659813775369,0.4540250298956707,0,,1,0,collecting_candidates;drift_not_confirmed,source_publish_interval,voltage_rolling_mean=231.644142;source_publish_interval=0.807776,source_publish_interval,1.3832910917699337,21.00066584534943,22.42695796303451
2026-08-10T16:59:25.926302+00:00,communication_drift_01,meter_02,612,none,none,none,none,none,normal_drift,0.9923347729296849,0.45175968528830396,0,,1,0,collecting_candidates;drift_not_confirmed,source_publish_interval,voltage_rolling_mean=231.450462;source_publish_interval=0.807772,source_publish_interval,0.7512499578297138,12.211583089083433,12.98558316193521
2026-08-10T16:59:25.939400+00:00,communication_drift_01,meter_03,612,none,none,none,none,none,normal_drift,0.999989501941504,0.5303810329027707,0,,1,0,collecting_candidates;drift_not_confirmed,source_publish_interval,voltage_rolling_mean=230.658893;source_publish_interval=0.807768,source_publish_interval,0.5517909303307533,9.85516607761383,10.427000001072884
2026-08-10T16:59:26.413940+00:00,communication_drift_01,meter_01,613,none,none,none,none,none,normal_drift,0.988626362230183,0.4484127925142526,0,,1,0,collecting_candidates;drift_not_confirmed,source_publish_interval,voltage_rolling_mean=231.644142;source_publish_interval=0.807776,source_publish_interval,2.1039589773863554,22.15220802463591,24.288250133395195
2026-08-10T16:59:26.438615+00:00,communication_drift_01,meter_02,613,none,none,none,none,none,normal_drift,0.9886237221942297,0.44341264603707103,0,,1,0,collecting_candidates;drift_not_confirmed,source_publish_interval,voltage_rolling_mean=231.450462;source_publish_interval=0.807772,source_publish_interval,0.7126671262085438,11.601625010371208,12.337291846051812
2026-08-10T16:59:26.451056+00:00,communication_drift_01,meter_03,613,none,none,none,none,none,normal_drift,0.9999535752423373,0.5669574095487259,0,,1,0,collecting_candidates;drift_not_confirmed,source_publish_interval,voltage_rolling_mean=230.658893;source_publish_interval=0.807768,source_publish_interval,0.5792500451207161,9.558374993503094,10.15737489797175
2026-08-10T16:59:26.916623+00:00,communication_drift_01,meter_01,614,none,none,none,none,none,normal_drift,0.9963764708445926,0.47640841713804266,0,,1,0,collecting_candidates;drift_not_confirmed,source_publish_interval,voltage_rolling_mean=231.644142;source_publish_interval=0.807776,source_publish_interval,2.7279171627014875,20.057582994922996,22.81625010073185
2026-08-10T16:59:26.939813+00:00,communication_drift_01,meter_02,614,none,none,none,none,none,normal_drift,0.9987763615228702,0.4529667673764304,0,,1,0,collecting_candidates;drift_not_confirmed,source_publish_interval,voltage_rolling_mean=231.450462;source_publish_interval=0.807772,source_publish_interval,0.7100000511854887,11.524416040629148,12.255792040377855
2026-08-10T16:59:26.952165+00:00,communication_drift_01,meter_03,614,none,none,none,none,none,normal_drift,0.9999760627875962,0.4807384338152402,0,,1,1,drift_not_confirmed;reference_updated,source_publish_interval,voltage_rolling_mean=230.658893;source_publish_interval=0.702464,source_publish_interval,0.5312911234796047,9.470707969740033,10.024040937423706
2026-08-10T16:59:27.426676+00:00,communication_drift_01,meter_01,615,none,none,none,unknown,unknown,unknown,0.9320603319351872,0.4701449940539996,0,,0,0,drift_not_confirmed;sample_not_trusted,,voltage_rolling_mean=231.644142;source_publish_interval=0.807776,source_publish_interval,2.4920841678977013,22.463458823040128,24.994416860863566
2026-08-10T16:59:27.452061+00:00,communication_drift_01,meter_02,615,none,none,none,none,none,normal_drift,0.9989428571409366,0.44868293559130423,0,,1,0,collecting_candidates;drift_not_confirmed,source_publish_interval,voltage_rolling_mean=231.450462;source_publish_interval=0.807772,source_publish_interval,0.835249898955226,12.000457849353552,12.860791059210896
2026-08-10T16:59:27.465044+00:00,communication_drift_01,meter_03,615,none,none,none,none,none,normal_drift,0.9999897115200381,0.521241910329823,0,,1,0,collecting_candidates;drift_not_confirmed,source_publish_interval,voltage_rolling_mean=230.658893;source_publish_interval=0.702464,source_publish_interval,0.5788751877844334,9.528417140245438,10.12770808301866
2026-08-10T16:59:27.936998+00:00,communication_drift_01,meter_01,616,none,none,none,none,none,none,0.9535103829718781,0.44562737870979524,0,,0,0,drift_not_confirmed;sample_not_trusted,,voltage_rolling_mean=231.644142;source_publish_interval=0.807776,source_publish_interval,1.995875034481287,22.098124958574772,24.128667078912258
2026-08-10T16:59:27.961542+00:00,communication_drift_01,meter_02,616,none,none,none,none,none,normal_drift,0.9984458172633466,0.5939027327335629,0,,1,0,collecting_candidates;drift_not_confirmed,source_publish_interval,voltage_rolling_mean=231.450462;source_publish_interval=0.807772,source_publish_interval,0.8236670400947332,12.025708798319101,12.871833983808756
2026-08-10T16:59:27.974514+00:00,communication_drift_01,meter_03,616,none,none,none,none,none,normal_drift,0.9999915025268121,0.44015988296724445,0,,1,0,collecting_candidates;drift_not_confirmed,source_publish_interval,voltage_rolling_mean=230.658893;source_publish_interval=0.702464,source_publish_interval,0.5880000535398722,9.73291601985693,10.340000037103891
2026-08-10T16:59:28.446406+00:00,communication_drift_01,meter_01,617,none,none,none,none,none,none,0.9677412590660146,0.4528288330310956,0,,0,0,drift_not_confirmed;sample_not_trusted,,voltage_rolling_mean=231.644142;source_publish_interval=0.807776,source_publish_interval,2.247957978397608,18.88441713526845,21.176000125706196
2026-08-10T16:59:28.467948+00:00,communication_drift_01,meter_02,617,none,none,none,none,none,normal_drift,0.9993478490625193,0.5281955732627422,0,,1,1,drift_not_confirmed;reference_updated,source_publish_interval,voltage_rolling_mean=231.450462;source_publish_interval=0.702458,source_publish_interval,0.7465409580618143,11.460541980341077,12.232625158503652
2026-08-10T16:59:28.480289+00:00,communication_drift_01,meter_03,617,none,none,none,none,none,normal_drift,0.9999930744974599,0.4811687018347854,0,,1,0,collecting_candidates;drift_not_confirmed,source_publish_interval,voltage_rolling_mean=230.658893;source_publish_interval=0.702464,source_publish_interval,0.5441249813884497,9.374916786327958,9.939459152519703
2026-08-10T16:59:28.948410+00:00,communication_drift_01,meter_01,618,none,none,none,none,none,normal_drift,0.9997896198913052,0.547703818406342,0,,1,1,drift_not_confirmed;reference_updated,source_publish_interval,voltage_rolling_mean=231.644142;source_publish_interval=0.702262,source_publish_interval,1.9409998785704374,21.989041939377785,23.983041988685727
2026-08-10T16:59:28.972838+00:00,communication_drift_01,meter_02,618,none,none,none,none,none,normal_drift,0.9987514839409759,0.48288496738210296,0,,1,0,collecting_candidates;drift_not_confirmed,source_publish_interval,voltage_rolling_mean=231.450462;source_publish_interval=0.702458,source_publish_interval,0.9222920052707195,12.25391705520451,13.200083980336785
2026-08-10T16:59:28.986174+00:00,communication_drift_01,meter_03,618,none,none,none,none,none,normal_drift,0.9999925892002909,0.4357719464039508,0,,1,0,collecting_candidates;drift_not_confirmed,source_publish_interval,voltage_rolling_mean=230.658893;source_publish_interval=0.702464,source_publish_interval,0.6057501304894686,9.698916925117373,10.324249975383282
2026-08-10T16:59:29.456810+00:00,communication_drift_01,meter_01,619,none,none,none,none,none,none,0.9731928062660044,0.44497727862005393,0,,0,0,drift_not_confirmed;sample_not_trusted,,voltage_rolling_mean=231.644142;source_publish_interval=0.702262,source_publish_interval,2.2117909975349903,21.9971660990268,24.250082904472947
2026-08-10T16:59:29.481422+00:00,communication_drift_01,meter_02,619,none,none,none,none,none,normal_drift,0.9993988575995697,0.481815223435326,0,,1,0,collecting_candidates;drift_not_confirmed,source_publish_interval,voltage_rolling_mean=231.450462;source_publish_interval=0.702458,source_publish_interval,0.8659160230308771,12.641750043258071,13.532750075682998
2026-08-10T16:59:29.495077+00:00,communication_drift_01,meter_03,619,none,none,none,none,none,normal_drift,0.9999949663181594,0.49984750833574015,0,,1,0,collecting_candidates;drift_not_confirmed,source_publish_interval,voltage_rolling_mean=230.658893;source_publish_interval=0.702464,source_publish_interval,0.6062090396881104,9.646167047321796,10.272500105202198
2026-08-10T16:59:29.966996+00:00,communication_drift_01,meter_01,620,none,none,none,unknown,unknown,unknown,0.868717508658783,0.5600349979213016,0,,0,0,drift_not_confirmed;sample_not_trusted,,voltage_rolling_mean=231.644142;source_publish_interval=0.702262,source_publish_interval,2.0134588703513145,22.251916117966175,24.30658391676843
2026-08-10T16:59:29.991634+00:00,communication_drift_01,meter_02,620,none,none,none,none,none,normal_drift,0.9977117227197345,0.4837300589097915,0,,1,0,collecting_candidates;drift_not_confirmed,source_publish_interval,voltage_rolling_mean=231.450462;source_publish_interval=0.702458,source_publish_interval,0.8584999013692141,12.028124881908298,12.913583079352975
2026-08-10T16:59:30.004674+00:00,communication_drift_01,meter_03,620,none,none,none,none,none,normal_drift,0.9999914243074806,0.45618456902378635,0,,1,0,collecting_candidates;drift_not_confirmed,source_publish_interval,voltage_rolling_mean=230.658893;source_publish_interval=0.702464,source_publish_interval,0.6069580558687449,9.616291848942637,10.244000004604459
2026-08-10T16:59:30.467032+00:00,communication_drift_01,meter_01,621,none,none,none,none,none,normal_drift,0.9946216358745986,0.4691366996299607,0,,1,0,collecting_candidates;drift_not_confirmed,source_publish_interval,voltage_rolling_mean=231.644142;source_publish_interval=0.702262,source_publish_interval,1.3930839486420155,20.244665909558535,21.677666809409857
2026-08-10T16:59:30.489050+00:00,communication_drift_01,meter_02,621,none,none,none,none,none,normal_drift,0.9997801009139052,0.46522298823750263,0,,1,0,collecting_candidates;drift_not_confirmed,source_publish_interval,voltage_rolling_mean=231.450462;source_publish_interval=0.702458,source_publish_interval,0.8968748152256012,12.632000027224422,13.552916003391147
2026-08-10T16:59:30.502722+00:00,communication_drift_01,meter_03,621,none,none,none,none,none,normal_drift,0.9999951914012785,0.475048563504322,0,,1,0,collecting_candidates;drift_not_confirmed,source_publish_interval,voltage_rolling_mean=230.658893;source_publish_interval=0.702464,source_publish_interval,0.6127920933067799,10.009375168010592,10.642666136845946
2026-08-10T16:59:30.967908+00:00,communication_drift_01,meter_01,622,none,none,none,none,none,normal_drift,0.9967500705110627,0.4518520907103702,0,,1,0,collecting_candidates;drift_not_confirmed,source_publish_interval,voltage_rolling_mean=231.644142;source_publish_interval=0.702262,source_publish_interval,2.00945814140141,20.33358416520059,22.38758304156363
2026-08-10T16:59:30.990650+00:00,communication_drift_01,meter_02,622,none,none,none,none,none,normal_drift,0.9996255426750436,0.45838817049169434,0,,1,0,collecting_candidates;drift_not_confirmed,source_publish_interval,voltage_rolling_mean=231.450462;source_publish_interval=0.702458,source_publish_interval,0.8754159789532423,11.933624977245927,12.83337501809001
2026-08-10T16:59:31.003627+00:00,communication_drift_01,meter_03,622,none,none,none,none,none,normal_drift,0.9999988478789152,0.45278363314045955,0,,1,0,collecting_candidates;drift_not_confirmed,source_publish_interval,voltage_rolling_mean=230.658893;source_publish_interval=0.702464,source_publish_interval,0.587458023801446,9.560415986925364,10.168333072215319
2026-08-10T16:59:31.472072+00:00,communication_drift_01,meter_01,623,none,none,none,none,none,normal_drift,0.9998456429382871,0.5686245041078916,0,,1,0,collecting_candidates;drift_not_confirmed,source_publish_interval,voltage_rolling_mean=231.644142;source_publish_interval=0.702262,source_publish_interval,2.768457867205143,20.215833093971014,23.021125001832843
2026-08-10T16:59:31.495482+00:00,communication_drift_01,meter_02,623,none,none,none,none,none,normal_drift,0.9999277737185893,0.4802108325718638,0,,1,0,collecting_candidates;drift_not_confirmed,source_publish_interval,voltage_rolling_mean=231.450462;source_publish_interval=0.702458,source_publish_interval,0.7720421999692917,11.68366614729166,12.479959055781364
2026-08-10T16:59:31.508084+00:00,communication_drift_01,meter_03,623,none,none,none,none,none,normal_drift,0.9999952625575917,0.48707509084309025,0,,1,0,collecting_candidates;drift_not_confirmed,source_publish_interval,voltage_rolling_mean=230.658893;source_publish_interval=0.702464,source_publish_interval,0.5889590829610825,9.492208017036319,10.100333951413631
