receive_timestamp,scenario_id,device_id,sequence_number,true_attack_type,true_drift_type,known_prediction,decision,raw_decision,drift_aware_decision,confidence,anomaly_score,drift_detected,drift_features,adaptation_allowed,adaptation_updated,adaptation_reason,adaptation_features,adaptation_references,approved_drift_features,feature_extraction_ms,model_inference_ms,total_detection_ms
2026-08-10T17:38:07.063809+00:00,communication_drift_01,meter_01,0,none,none,none,none,none,none,1.0,0.4694533099619544,0,,0,0,calibration_sample_not_trusted,,,,0.11379201896488667,8.715666830539703,8.853917010128498
2026-08-10T17:38:07.072778+00:00,communication_drift_01,meter_02,0,none,none,none,none,none,none,1.0,0.4460719984783337,0,,0,0,calibration_sample_not_trusted,,,,0.06083305925130844,6.106166867539287,6.185665959492326
2026-08-10T17:38:07.079045+00:00,communication_drift_01,meter_03,0,none,none,none,none,none,none,1.0,0.44199023972976753,0,,0,0,calibration_sample_not_trusted,,,,0.04583410918712616,5.8036670088768005,5.867499858140945
2026-08-10T17:38:07.571357+00:00,communication_drift_01,meter_01,1,none,none,none,none,none,none,0.9999965640903242,0.4820503639338136,0,,0,0,calibration_sample_not_trusted,,,,0.7923748344182968,22.55320898257196,23.399583995342255
2026-08-10T17:38:07.595148+00:00,communication_drift_01,meter_02,1,none,none,none,none,none,none,0.9999896825101042,0.44694679151845895,0,,0,0,calibration_sample_not_trusted,,,,0.2633330877870321,11.940583121031523,12.227749917656183
2026-08-10T17:38:07.607523+00:00,communication_drift_01,meter_03,1,none,none,none,none,none,none,0.9987729561606812,0.4453655736639093,0,,0,0,calibration_sample_not_trusted,,,,0.16649998724460602,9.641709038987756,9.82449995353818
2026-08-10T17:38:08.076088+00:00,communication_drift_01,meter_01,2,none,none,none,none,none,none,0.9999945864008855,0.44154531731560237,0,,0,0,calibration_sample_not_trusted,,,,1.0751669760793447,22.836416959762573,23.950666189193726
2026-08-10T17:38:08.100453+00:00,communication_drift_01,meter_02,2,none,none,none,none,none,none,0.9999948697207476,0.5278320280583377,0,,0,0,calibration_sample_not_trusted,,,,0.43937494046986103,12.218249961733818,12.68204115331173
2026-08-10T17:38:08.113277+00:00,communication_drift_01,meter_03,2,none,none,none,none,none,none,0.9999512240823818,0.5877102536847105,0,,0,0,calibration_sample_not_trusted,,,,0.24487520568072796,9.521499974653125,9.782833978533745
2026-08-10T17:38:08.578557+00:00,communication_drift_01,meter_01,3,none,none,none,none,none,none,0.9999372777871217,0.5196566860644082,0,,0,0,calibration_sample_not_trusted,,,,1.1443749535828829,22.39675004966557,23.57341581955552
2026-08-10T17:38:08.602466+00:00,communication_drift_01,meter_02,3,none,none,none,none,none,none,0.999985190689627,0.4468780368519606,0,,0,0,calibration_sample_not_trusted,,,,0.40837517008185387,11.885041138157248,12.311417143791914
2026-08-10T17:38:08.614878+00:00,communication_drift_01,meter_03,3,none,none,none,none,none,none,0.9999983547433257,0.49028267545730053,0,,0,0,calibration_sample_not_trusted,,,,0.25491719134151936,9.829333983361721,10.09866688400507
2026-08-10T17:38:09.083657+00:00,communication_drift_01,meter_01,4,none,none,none,none,none,none,0.9999905322675143,0.4478245352485973,0,,0,0,calibration_sample_not_trusted,,,,1.1939171236008406,22.553415969014168,23.779416922479868
2026-08-10T17:38:09.107886+00:00,communication_drift_01,meter_02,4,none,none,none,none,none,none,0.9999745718680852,0.5482987702012753,0,,0,0,calibration_sample_not_trusted,,,,0.4666668828576803,12.157166842371225,12.643124908208847
2026-08-10T17:38:09.120658+00:00,communication_drift_01,meter_03,4,none,none,none,none,none,none,0.9999978384373324,0.4716405237187884,0,,0,0,calibration_sample_not_trusted,,,,0.3058330621570349,9.551750030368567,9.872333146631718
2026-08-10T17:38:09.588121+00:00,communication_drift_01,meter_01,5,none,none,none,none,none,none,0.9999720188570428,0.46444576256020653,0,,0,0,calibration_sample_not_trusted,,,,1.2108751107007265,21.935333032160997,23.172750137746334
2026-08-10T17:38:09.611681+00:00,communication_drift_01,meter_02,5,none,none,none,none,none,none,0.9999967870555624,0.4602626188706229,0,,0,0,calibration_sample_not_trusted,,,,0.4251671489328146,12.129832990467548,12.57399981841445
2026-08-10T17:38:09.624386+00:00,communication_drift_01,meter_03,5,none,none,none,none,none,none,0.9999984276240285,0.46239774536921047,0,,0,0,calibration_sample_not_trusted,,,,0.2919160760939121,9.612749796360731,9.918541880324483
2026-08-10T17:38:10.093239+00:00,communication_drift_01,meter_01,6,none,none,none,none,none,none,0.9999902674030406,0.4398302729846817,0,,0,0,calibration_sample_not_trusted,,,,1.2633749283850193,22.56125002168119,23.867416894063354
2026-08-10T17:38:10.117492+00:00,communication_drift_01,meter_02,6,none,none,none,none,none,none,0.9999765823039704,0.4539289467072034,0,,0,0,calibration_sample_not_trusted,,,,0.590041046962142,12.199833057820797,12.812041910365224
2026-08-10T17:38:10.130445+00:00,communication_drift_01,meter_03,6,none,none,none,none,none,none,0.9999942376720327,0.5812440521742711,0,,0,0,calibration_sample_not_trusted,,,,0.3217090852558613,9.586957981809974,9.924749843776226
2026-08-10T17:38:10.595474+00:00,communication_drift_01,meter_01,7,none,none,none,none,none,none,0.99857121636517,0.44385637628865837,0,,0,0,calibration_sample_not_trusted,,,,1.5877909027040005,19.59999999962747,21.216458175331354
2026-08-10T17:38:10.617073+00:00,communication_drift_01,meter_02,7,none,none,none,none,none,none,0.9999928307748279,0.4388586003437852,0,,0,0,calibration_sample_not_trusted,,,,0.4496669862419367,11.67962490580976,12.14645802974701
2026-08-10T17:38:10.629317+00:00,communication_drift_01,meter_03,7,none,none,none,none,none,none,0.9999708688121846,0.4550103929575449,0,,0,0,calibration_sample_not_trusted,,,,0.35129208117723465,9.538750164210796,9.904416045174003
2026-08-10T17:38:11.100649+00:00,communication_drift_01,meter_01,8,none,none,none,none,none,none,0.9999763975038268,0.4789946212436124,0,,0,0,calibration_sample_not_trusted,,,,2.1142500918358564,19.214625004678965,21.35641686618328
2026-08-10T17:38:11.122359+00:00,communication_drift_01,meter_02,8,none,none,none,none,none,none,0.9998494773248031,0.4553253057224682,0,,0,0,calibration_sample_not_trusted,,,,0.46995794400572777,11.69195887632668,12.179709039628506
2026-08-10T17:38:11.134636+00:00,communication_drift_01,meter_03,8,none,none,none,none,none,none,0.9999973316983795,0.4525786823768596,0,,0,0,calibration_sample_not_trusted,,,,0.3418328706175089,9.517790982499719,9.874874958768487
2026-08-10T17:38:11.604970+00:00,communication_drift_01,meter_01,9,none,none,none,none,none,none,0.9999954649594764,0.45939241723062213,0,,0,0,calibration_sample_not_trusted,,,,0.9442910086363554,19.882458029314876,20.856417017057538
2026-08-10T17:38:11.626063+00:00,communication_drift_01,meter_02,9,none,none,none,none,none,none,0.9999954869657394,0.4503748077130874,0,,0,0,calibration_sample_not_trusted,,,,0.5693340208381414,13.142999960109591,13.73095903545618
2026-08-10T17:38:11.639908+00:00,communication_drift_01,meter_03,9,none,none,none,none,none,none,0.9999889166025966,0.4616610095738934,0,,0,0,calibration_sample_not_trusted,,,,0.38691586814820766,9.975000051781535,10.377000086009502
2026-08-10T17:38:12.110848+00:00,communication_drift_01,meter_01,10,none,none,none,none,none,none,0.9999935512843111,0.4599479270349312,0,,0,0,calibration_sample_not_trusted,,,,2.1351249888539314,18.8293328974396,20.99391585215926
2026-08-10T17:38:12.132193+00:00,communication_drift_01,meter_02,10,none,none,none,none,none,none,0.9999986438460782,0.4994095931543243,0,,0,0,calibration_sample_not_trusted,,,,0.48816693015396595,11.696458794176579,12.199750170111656
2026-08-10T17:38:12.144491+00:00,communication_drift_01,meter_03,10,none,none,none,none,none,none,0.999998610007831,0.4539237876781397,0,,0,0,calibration_sample_not_trusted,,,,0.36025000736117363,9.385542012751102,9.760624961927533
2026-08-10T17:38:12.612249+00:00,communication_drift_01,meter_01,11,none,none,none,none,none,none,0.9999980478599734,0.44672502518976615,0,,0,0,calibration_sample_not_trusted,,,,2.2301250137388706,22.51149993389845,24.76904192008078
2026-08-10T17:38:12.637390+00:00,communication_drift_01,meter_02,11,none,none,none,none,none,none,0.9999716236128272,0.4843077097657545,0,,0,0,calibration_sample_not_trusted,,,,0.5951251368969679,12.124709086492658,12.737167067825794
2026-08-10T17:38:12.650226+00:00,communication_drift_01,meter_03,11,none,none,none,none,none,none,0.9999983811514869,0.4611069732110668,0,,0,0,calibration_sample_not_trusted,,,,0.407832907512784,9.535625111311674,9.95754194445908
2026-08-10T17:38:13.115845+00:00,communication_drift_01,meter_01,12,none,none,none,none,none,none,0.9999973049138071,0.43450691324047325,0,,0,0,calibration_sample_not_trusted,,,,1.8404580187052488,22.40220899693668,24.274040944874287
2026-08-10T17:38:13.140494+00:00,communication_drift_01,meter_02,12,none,none,none,none,none,none,0.9999709096007945,0.48102597635455885,0,,0,0,calibration_sample_not_trusted,,,,0.6583330687135458,11.993041960522532,12.668290873989463
2026-08-10T17:38:13.153268+00:00,communication_drift_01,meter_03,12,none,none,none,none,none,none,0.9999971082819049,0.4617672539744222,0,,0,0,calibration_sample_not_trusted,,,,0.43575000017881393,9.454375132918358,9.904874954372644
2026-08-10T17:38:13.620800+00:00,communication_drift_01,meter_01,13,none,none,none,none,none,none,0.9999931596557922,0.4343151264965737,0,,0,0,calibration_sample_not_trusted,,,,2.205832861363888,22.872416069731116,25.106250075623393
2026-08-10T17:38:13.646274+00:00,communication_drift_01,meter_02,13,none,none,none,none,none,none,0.9999979759530071,0.49322423502843626,0,,0,0,calibration_sample_not_trusted,,,,0.6554999854415655,12.052791193127632,12.725207954645157
2026-08-10T17:38:13.659096+00:00,communication_drift_01,meter_03,13,none,none,none,none,none,none,0.999998641951134,0.4875412413496038,0,,0,0,calibration_sample_not_trusted,,,,0.4432911518961191,9.401875082403421,9.85866691917181
2026-08-10T17:38:14.123045+00:00,communication_drift_01,meter_01,14,none,none,none,none,none,none,0.9999915400746007,0.5130199797383517,0,,0,0,calibration_sample_not_trusted,,,,1.6958331689238548,21.943582920357585,23.671790957450867
2026-08-10T17:38:14.147062+00:00,communication_drift_01,meter_02,14,none,none,none,none,none,none,0.9999990789705778,0.44112877819858787,0,,0,0,calibration_sample_not_trusted,,,,0.6757499650120735,12.006959179416299,12.699666200205684
2026-08-10T17:38:14.159862+00:00,communication_drift_01,meter_03,14,none,none,none,none,none,none,0.9999990269429926,0.4480970804201501,0,,0,0,calibration_sample_not_trusted,,,,0.4622081760317087,9.449250064790249,9.925291873514652
2026-08-10T17:38:14.625761+00:00,communication_drift_01,meter_01,15,none,none,none,none,none,none,0.9999953342080288,0.44652030123520425,0,,0,0,calibration_sample_not_trusted,,,,2.649166854098439,20.42487496510148,23.100208025425673
2026-08-10T17:38:14.649192+00:00,communication_drift_01,meter_02,15,none,none,none,none,none,none,0.9999964924368869,0.47527482019335765,0,,0,0,calibration_sample_not_trusted,,,,0.5931660998612642,11.73970801755786,12.349833035841584
2026-08-10T17:38:14.661640+00:00,communication_drift_01,meter_03,15,none,none,none,none,none,none,0.9999955343777578,0.46349631433950983,0,,0,0,calibration_sample_not_trusted,,,,0.47454098239541054,9.606624953448772,10.095000034198165
2026-08-10T17:38:15.131084+00:00,communication_drift_01,meter_01,16,none,none,none,none,none,none,0.9999939376831444,0.5157155281132997,0,,0,0,calibration_sample_not_trusted,,,,1.8115418497473001,21.874374942854047,23.708832915872335
2026-08-10T17:38:15.155064+00:00,communication_drift_01,meter_02,16,none,none,none,none,none,none,0.9999978515078441,0.44320430061222943,0,,0,0,calibration_sample_not_trusted,,,,0.7137078791856766,12.23445893265307,12.965708039700985
2026-08-10T17:38:15.168118+00:00,communication_drift_01,meter_03,16,none,none,none,none,none,none,0.9999946400403578,0.5261179326074443,0,,0,0,calibration_sample_not_trusted,,,,0.49499981105327606,9.516458958387375,10.025165975093842
2026-08-10T17:38:15.636134+00:00,communication_drift_01,meter_01,17,none,none,none,none,none,none,0.999996027883354,0.4668829552101789,0,,0,0,calibration_sample_not_trusted,,,,2.3789580445736647,22.41941587999463,24.829791160300374
2026-08-10T17:38:15.661339+00:00,communication_drift_01,meter_02,17,none,none,none,none,none,none,0.9999918845598241,0.4881580353017138,0,,0,0,calibration_sample_not_trusted,,,,0.7280001882463694,11.976375011727214,12.721833074465394
2026-08-10T17:38:15.674161+00:00,communication_drift_01,meter_03,17,none,none,none,none,none,none,0.9999955361541306,0.4454644617737822,0,,0,0,calibration_sample_not_trusted,,,,0.519708963111043,9.359250077977777,9.893208974972367
2026-08-10T17:38:16.141338+00:00,communication_drift_01,meter_01,18,none,none,none,none,none,none,0.9999966304852698,0.4725812830951914,0,,0,0,calibration_sample_not_trusted,,,,1.9052079878747463,21.632542135193944,23.5707089304924
2026-08-10T17:38:16.165218+00:00,communication_drift_01,meter_02,18,none,none,none,none,none,none,0.9999789695506982,0.4448358159946232,0,,0,0,calibration_sample_not_trusted,,,,0.7481251377612352,11.945500038564205,12.712500058114529
2026-08-10T17:38:16.178031+00:00,communication_drift_01,meter_03,18,none,none,none,none,none,none,0.999999327311583,0.49311497605908167,0,,0,0,calibration_sample_not_trusted,,,,0.5279581528156996,9.396207984536886,9.938250062987208
2026-08-10T17:38:16.646272+00:00,communication_drift_01,meter_01,19,none,none,none,none,none,none,0.9999685863714385,0.4335138848605244,0,,0,0,calibration_sample_not_trusted,,,,2.9661250300705433,16.97145914658904,19.958167104050517
2026-08-10T17:38:16.666577+00:00,communication_drift_01,meter_02,19,none,none,none,none,none,none,0.9999984310198163,0.45991417080376984,0,,0,0,calibration_sample_not_trusted,,,,0.6496249698102474,11.091833002865314,11.756082996726036
2026-08-10T17:38:16.678413+00:00,communication_drift_01,meter_03,19,none,none,none,none,none,none,0.9999996265742401,0.6077151240572328,0,,0,0,calibration_sample_not_trusted,,,,0.4880421329289675,9.256125194951892,9.75816696882248
2026-08-10T17:38:17.150348+00:00,communication_drift_01,meter_01,20,none,none,none,none,none,none,0.9999913732711303,0.4351266764413448,0,,0,0,none,,,,1.5547918155789375,21.216915920376778,22.808208130300045
2026-08-10T17:38:17.173402+00:00,communication_drift_01,meter_02,20,none,none,none,none,none,none,0.9999938146806077,0.44826486308352254,0,,0,0,none,,,,0.808333046734333,12.628334108740091,13.457749970257282
2026-08-10T17:38:17.186978+00:00,communication_drift_01,meter_03,20,none,none,none,none,none,none,0.9999990675625937,0.5661013903743655,0,,0,0,none,,,,0.5806670524179935,9.976791916415095,10.575207881629467
2026-08-10T17:38:17.656333+00:00,communication_drift_01,meter_01,21,none,none,none,unknown,unknown,unknown,0.9999924340985993,0.61925900066672,0,,0,0,none,,,,2.2767079062759876,18.88929191045463,21.194084081798792
2026-08-10T17:38:17.677918+00:00,communication_drift_01,meter_02,21,none,none,none,none,none,none,0.999982438780581,0.4595409586298965,0,,0,0,none,,,,0.7051669526845217,11.570375179871917,12.29162490926683
2026-08-10T17:38:17.690298+00:00,communication_drift_01,meter_03,21,none,none,none,none,none,none,0.9999993354639864,0.43940904741952097,0,,0,0,none,,,,0.5240419413894415,9.373541921377182,9.911958128213882
2026-08-10T17:38:18.161522+00:00,communication_drift_01,meter_01,22,none,none,none,none,none,none,0.9999943921662415,0.4373607631484186,0,,0,0,none,,,,2.6164159644395113,19.42854095250368,22.074082866311073
2026-08-10T17:38:18.183983+00:00,communication_drift_01,meter_02,22,none,none,none,none,none,none,0.9999971540764157,0.4500308771073221,0,,0,0,none,,,,0.6963331252336502,11.433750158175826,12.149000074714422
2026-08-10T17:38:18.196244+00:00,communication_drift_01,meter_03,22,none,none,none,none,none,none,0.9999993762954003,0.4426583781445569,0,,0,0,none,,,,0.5732499994337559,9.391416097059846,9.980209171772003
2026-08-10T17:38:18.666366+00:00,communication_drift_01,meter_01,23,none,none,none,none,none,none,0.9999370380364544,0.46411835904510423,0,,0,0,none,,,,2.707500010728836,21.277750143781304,24.017625022679567
2026-08-10T17:38:18.690761+00:00,communication_drift_01,meter_02,23,none,none,none,none,none,none,0.9999921815820502,0.47114988655628826,0,,0,0,none,,,,0.793208135291934,11.87349995598197,12.684375047683716
2026-08-10T17:38:18.703545+00:00,communication_drift_01,meter_03,23,none,none,none,none,none,none,0.9999970062889636,0.4863114136055279,0,,0,0,none,,,,0.5273330025374889,9.436958003789186,9.978875052183867
2026-08-10T17:38:19.168653+00:00,communication_drift_01,meter_01,24,none,none,none,none,none,none,0.9999933620045441,0.44818925047596386,0,,0,0,none,,,,2.893415978178382,16.630792059004307,19.55399988219142
2026-08-10T17:38:19.188568+00:00,communication_drift_01,meter_02,24,none,none,none,none,none,none,0.9999983651895298,0.4702043360081582,0,,0,0,none,,,,0.6694160401821136,10.815999936312437,11.502166977152228
2026-08-10T17:38:19.200157+00:00,communication_drift_01,meter_03,24,none,none,none,none,none,none,0.9999989661686491,0.44336020389720987,0,,0,0,none,,,,0.5045419093221426,9.131124941632152,9.650374995544553
2026-08-10T17:38:19.673858+00:00,communication_drift_01,meter_01,25,none,none,none,none,none,none,0.9999910516500867,0.43799856749526533,0,,0,0,none,,,,2.2105840034782887,21.761999931186438,24.00604193098843
2026-08-10T17:38:19.698247+00:00,communication_drift_01,meter_02,25,none,none,none,none,none,none,0.9999979630062545,0.44508092166542607,0,,0,0,none,,,,0.7257089018821716,12.047541094943881,12.790000066161156
2026-08-10T17:38:19.711133+00:00,communication_drift_01,meter_03,25,none,none,none,none,none,none,0.9999987151450285,0.5008931539635259,0,,0,0,none,,,,0.5801247898489237,9.574250085279346,10.168666951358318
2026-08-10T17:38:20.178280+00:00,communication_drift_01,meter_01,26,none,none,none,none,none,none,0.999987954817732,0.506071099192798,0,,0,0,none,,,,1.9533331505954266,21.80812507867813,23.791166953742504
2026-08-10T17:38:20.202370+00:00,communication_drift_01,meter_02,26,none,none,none,none,none,none,0.9999970311167203,0.4658088983031854,0,,0,0,none,,,,0.7972910534590483,12.008416000753641,12.823957949876785
2026-08-10T17:38:20.215286+00:00,communication_drift_01,meter_03,26,none,none,none,none,none,none,0.999998754910013,0.45773677141464275,0,,0,0,none,,,,0.5735829472541809,9.389166021719575,9.977334178984165
2026-08-10T17:38:20.681142+00:00,communication_drift_01,meter_01,27,none,none,none,none,none,none,0.9999935728887523,0.45626869010141824,0,,0,0,none,,,,2.14545801281929,22.159666987136006,24.341082898899913
2026-08-10T17:38:20.705887+00:00,communication_drift_01,meter_02,27,none,none,none,none,none,none,0.9999959977447583,0.46781275351286516,0,,0,0,none,,,,0.8149999193847179,12.119041988626122,12.95191585086286
2026-08-10T17:38:20.718943+00:00,communication_drift_01,meter_03,27,none,none,none,none,none,none,0.9999989235825981,0.4571395086679388,0,,0,0,none,,,,0.5810000002384186,9.450083132833242,10.045458097010851
2026-08-10T17:38:21.183446+00:00,communication_drift_01,meter_01,28,none,none,none,none,none,none,0.9999915046394242,0.4458745460363185,0,,0,0,none,,,,1.9307918846607208,21.64791594259441,23.614166071638465
2026-08-10T17:38:21.207339+00:00,communication_drift_01,meter_02,28,none,none,none,none,none,none,0.9999968236528167,0.47529552476111425,0,,0,0,none,,,,0.842957990244031,12.050624936819077,12.91066687554121
2026-08-10T17:38:21.220345+00:00,communication_drift_01,meter_03,28,none,none,none,none,none,none,0.9999477649325837,0.44688389058340794,0,,0,0,none,,,,0.5802090745419264,9.399500209838152,9.994750143960118
2026-08-10T17:38:21.683582+00:00,communication_drift_01,meter_01,29,none,none,none,none,none,none,0.9999931752085038,0.4505259958421547,0,,0,0,none,,,,1.9974170718342066,21.88350004144013,23.90625001862645
2026-08-10T17:38:21.707771+00:00,communication_drift_01,meter_02,29,none,none,none,none,none,none,0.9999552292318212,0.5227883246376417,0,,0,0,none,,,,0.8003751281648874,11.865415843203664,12.683749897405505
2026-08-10T17:38:21.720548+00:00,communication_drift_01,meter_03,29,none,none,none,none,none,none,0.9999979967297924,0.458650140903856,0,,0,0,none,,,,0.5485410802066326,9.39720799215138,9.96029214002192
2026-08-10T17:38:22.188225+00:00,communication_drift_01,meter_01,30,none,none,none,none,none,none,0.9999771066877977,0.5293441887594402,0,,0,0,none,,,,2.657041884958744,18.765041837468743,21.448666928336024
2026-08-10T17:38:22.210021+00:00,communication_drift_01,meter_02,30,none,none,none,none,none,none,0.9999973939707436,0.5541337809963909,0,,0,0,none,,,,0.7184171117842197,11.435624910518527,12.171125039458275
2026-08-10T17:38:22.222290+00:00,communication_drift_01,meter_03,30,none,none,none,none,none,none,0.9999984777528632,0.43526732274908186,0,,0,0,none,,,,0.5121671129018068,9.36649995855987,9.893459035083652
2026-08-10T17:38:22.691025+00:00,communication_drift_01,meter_01,31,none,none,none,none,none,none,0.9999941437969447,0.4618550263246795,0,,0,0,none,,,,2.4099580477923155,22.44579093530774,24.896540911868215
2026-08-10T17:38:22.716298+00:00,communication_drift_01,meter_02,31,none,none,none,none,none,none,0.9999990837952984,0.5165619915840914,0,,0,0,none,,,,0.8794169407337904,12.125207809731364,13.026457978412509
2026-08-10T17:38:22.729496+00:00,communication_drift_01,meter_03,31,none,none,none,none,none,none,0.9999985671804457,0.49372078366186956,0,,0,0,none,,,,0.5863329861313105,9.858750039711595,10.462583974003792
2026-08-10T17:38:23.195337+00:00,communication_drift_01,meter_01,32,none,none,none,none,none,none,0.9999950885229492,0.43893893095316433,0,,0,0,none,,,,1.3992921449244022,22.11091690696776,23.53583392687142
2026-08-10T17:38:23.219139+00:00,communication_drift_01,meter_02,32,none,none,none,none,none,none,0.9999993012973817,0.4643069329065482,0,,0,0,none,,,,0.820250017568469,12.383125023916364,13.221875065937638
2026-08-10T17:38:23.232463+00:00,communication_drift_01,meter_03,32,none,none,none,none,none,none,0.999998754887407,0.4907655884718425,0,,0,0,none,,,,0.5746250972151756,9.69158299267292,10.281334165483713
2026-08-10T17:38:23.699967+00:00,communication_drift_01,meter_01,33,none,none,none,none,none,none,0.9999863378071829,0.4794850583110515,0,,0,0,none,,,,1.9526660908013582,21.931624971330166,23.911665892228484
2026-08-10T17:38:23.724192+00:00,communication_drift_01,meter_02,33,none,none,none,none,none,none,0.9999990351917827,0.5249820447859976,0,,0,0,none,,,,0.8035418577492237,11.913583846762776,12.735042022541165
2026-08-10T17:38:23.737021+00:00,communication_drift_01,meter_03,33,none,none,none,none,none,none,0.9999984651383481,0.43202520283178414,0,,0,0,none,,,,0.5752909928560257,9.370916057378054,9.960375027731061
2026-08-10T17:38:24.204634+00:00,communication_drift_01,meter_01,34,none,none,none,none,none,none,0.9999753682209057,0.45012596974824726,0,,0,0,none,,,,2.2011660039424896,21.989416098222136,24.215958081185818
2026-08-10T17:38:24.229202+00:00,communication_drift_01,meter_02,34,none,none,none,none,none,none,0.999998380108461,0.49134218245846184,0,,0,0,none,,,,0.7899580523371696,11.958125047385693,12.767415959388018
2026-08-10T17:38:24.242068+00:00,communication_drift_01,meter_03,34,none,none,none,none,none,none,0.9999991167634176,0.5115823086305425,0,,0,0,none,,,,0.582708977162838,9.495083009824157,10.09183400310576
2026-08-10T17:38:24.707041+00:00,communication_drift_01,meter_01,35,none,none,none,none,none,none,0.999992049784639,0.45379566335927124,0,,0,0,none,,,,2.338457852602005,18.853625049814582,21.221957867965102
2026-08-10T17:38:24.728609+00:00,communication_drift_01,meter_02,35,none,none,none,none,none,none,0.9999990833328946,0.5467844008880974,0,,0,0,none,,,,0.6939999293535948,11.444290867075324,12.153459014371037
2026-08-10T17:38:24.740845+00:00,communication_drift_01,meter_03,35,none,none,none,none,none,none,0.9999992034372737,0.4724403475137139,0,,0,0,none,,,,0.5253751296550035,9.32970899157226,9.869166882708669
2026-08-10T17:38:25.212022+00:00,communication_drift_01,meter_01,36,none,none,none,none,none,none,0.9999899123664656,0.48503463983821876,0,,0,0,none,,,,1.9843338523060083,21.68662496842444,23.6972919665277
2026-08-10T17:38:25.236008+00:00,communication_drift_01,meter_02,36,none,none,none,none,none,none,0.999999292850041,0.4449079713853491,0,,0,0,none,,,,0.8119998965412378,11.927834013476968,12.757417047396302
2026-08-10T17:38:25.248884+00:00,communication_drift_01,meter_03,36,none,none,none,none,none,none,0.9999953617773971,0.4926174649922543,0,,0,0,none,,,,0.583041924983263,9.500040905550122,10.097417049109936
2026-08-10T17:38:25.717345+00:00,communication_drift_01,meter_01,37,none,none,none,none,none,none,0.9999963736352151,0.5608580036439422,0,,0,0,none,,,,1.9906670786440372,21.81570790708065,23.83800013922155
2026-08-10T17:38:25.741503+00:00,communication_drift_01,meter_02,37,none,none,none,none,none,none,0.9999995161085783,0.5410429912057744,0,,0,0,none,,,,0.8309169206768274,11.878625024110079,12.72774999961257
2026-08-10T17:38:25.754344+00:00,communication_drift_01,meter_03,37,none,none,none,none,none,none,0.9999958879430443,0.44960387274813973,0,,0,0,none,,,,0.5517918616533279,9.433666942641139,9.999958099797368
2026-08-10T17:38:26.220531+00:00,communication_drift_01,meter_01,38,none,none,none,none,none,none,0.9999877030121226,0.44835000556599525,0,,0,0,none,,,,1.9782918971031904,21.56833279877901,23.5747501719743
2026-08-10T17:38:26.244390+00:00,communication_drift_01,meter_02,38,none,none,none,none,none,none,0.9999984380066858,0.44029136891877046,0,,0,0,none,,,,0.786124961450696,11.919083073735237,12.721915962174535
2026-08-10T17:38:26.257211+00:00,communication_drift_01,meter_03,38,none,none,none,none,none,none,0.9999988004873015,0.4737550867991375,0,,0,0,none,,,,0.5809159483760595,9.356207912787795,9.951167041435838
2026-08-10T17:38:26.725252+00:00,communication_drift_01,meter_01,39,none,none,none,none,none,none,0.9999890834541447,0.45672763873424893,0,,0,0,none,,,,2.007375005632639,21.377916913479567,23.412249982357025
2026-08-10T17:38:26.749017+00:00,communication_drift_01,meter_02,39,none,none,none,none,none,none,0.9999992390462282,0.4350517763940501,0,,0,0,none,,,,0.7135409396141768,12.08912511356175,12.821583077311516
2026-08-10T17:38:26.761930+00:00,communication_drift_01,meter_03,39,none,none,none,none,none,none,0.9999983011616261,0.46900062286972377,0,,0,0,none,,,,0.5990408826619387,9.540374856442213,10.15379186719656
2026-08-10T17:38:27.230535+00:00,communication_drift_01,meter_01,40,none,none,none,none,none,none,0.9999593943097229,0.5101387346326318,0,,0,0,none,,,,1.8994170241057873,21.591957891359925,23.520125076174736
2026-08-10T17:38:27.254348+00:00,communication_drift_01,meter_02,40,none,none,none,none,none,none,0.9999971273338983,0.4515610923994466,0,,0,0,none,,,,0.6665829569101334,11.910667177289724,12.594875181093812
2026-08-10T17:38:27.267035+00:00,communication_drift_01,meter_03,40,none,none,none,none,none,none,0.9999989593293138,0.44200346085863024,0,,0,0,none,,,,0.5828328430652618,9.445250034332275,10.042374953627586
2026-08-10T17:38:27.735571+00:00,communication_drift_01,meter_01,41,none,none,none,none,none,none,0.9999943518232453,0.4822001643464524,0,,0,0,none,,,,2.4048329796642065,22.557249991223216,25.00520902685821
2026-08-10T17:38:27.761000+00:00,communication_drift_01,meter_02,41,none,none,none,none,none,none,0.9999988010841837,0.4399296332292731,0,,0,0,none,,,,0.9173748549073935,12.060290900990367,13.0004589445889
2026-08-10T17:38:27.774158+00:00,communication_drift_01,meter_03,41,none,none,none,none,none,none,0.9999981801135578,0.46247271989298255,0,,0,0,none,,,,0.581792090088129,9.451040998101234,10.049625067040324
2026-08-10T17:38:28.238132+00:00,communication_drift_01,meter_01,42,none,none,none,none,none,none,0.999996318683598,0.4468415241171358,0,,0,0,none,,,,1.9649169407784939,21.37945801950991,23.37116585113108
2026-08-10T17:38:28.261808+00:00,communication_drift_01,meter_02,42,none,none,none,none,none,none,0.9999995841378639,0.5067317126852536,0,,0,0,none,,,,0.730500090867281,11.938874842599034,12.688875198364258
2026-08-10T17:38:28.274603+00:00,communication_drift_01,meter_03,42,none,none,none,none,none,none,0.9999982787460207,0.44998255261320985,0,,0,0,none,,,,0.5857078358530998,9.449874982237816,10.050792014226317
2026-08-10T17:38:28.743088+00:00,communication_drift_01,meter_01,43,none,none,none,none,none,none,0.9999971145173876,0.4508889477918732,0,,0,0,none,,,,2.0104169379919767,21.777583053335547,23.820708971470594
2026-08-10T17:38:28.767279+00:00,communication_drift_01,meter_02,43,none,none,none,none,none,none,0.999998835690215,0.45315770418529105,0,,0,0,none,,,,0.8949160110205412,12.056790990754962,12.969624949619174
2026-08-10T17:38:28.780343+00:00,communication_drift_01,meter_03,43,none,none,none,none,none,none,0.9999987597971796,0.44661969809083657,0,,0,0,none,,,,0.5568750202655792,9.386290796101093,9.958249982446432
2026-08-10T17:38:29.245612+00:00,communication_drift_01,meter_01,44,none,none,none,none,none,none,0.9999774739437145,0.5038678356577725,0,,0,0,none,,,,3.271708032116294,16.700416104868054,20.002583041787148
2026-08-10T17:38:29.266004+00:00,communication_drift_01,meter_02,44,none,none,none,none,none,none,0.9999982715683756,0.49485490336609683,0,,0,0,none,,,,0.7226250600069761,10.724334046244621,11.46233407780528
2026-08-10T17:38:29.277554+00:00,communication_drift_01,meter_03,44,none,none,none,none,none,none,0.9999992870104112,0.4905521452332612,0,,0,0,none,,,,0.5137501284480095,9.05166706070304,9.579750010743737
2026-08-10T17:38:29.750620+00:00,communication_drift_01,meter_01,45,none,none,none,none,none,none,0.9999941579110123,0.5293817866016768,0,,0,0,none,,,,3.389917081221938,16.27791696228087,19.692041911184788
2026-08-10T17:38:29.770771+00:00,communication_drift_01,meter_02,45,none,none,none,none,none,none,0.9999985153658085,0.4781775405981222,0,,0,0,none,,,,0.7230408955365419,10.776166105642915,11.514625046402216
2026-08-10T17:38:29.782374+00:00,communication_drift_01,meter_03,45,none,none,none,none,none,none,0.9999985826350285,0.43604189899254214,0,,0,0,none,,,,0.5137911066412926,9.200750151649117,9.72820888273418
2026-08-10T17:38:30.255652+00:00,communication_drift_01,meter_01,46,none,none,none,none,none,none,0.9999806086534937,0.44595166691017574,0,,0,0,none,,,,2.620625076815486,20.7222499884665,23.372208001092076
2026-08-10T17:38:30.279412+00:00,communication_drift_01,meter_02,46,none,none,none,none,none,none,0.9999985691882007,0.4372287715621471,0,,0,0,none,,,,0.722832977771759,11.62808295339346,12.369166128337383
2026-08-10T17:38:30.291885+00:00,communication_drift_01,meter_03,46,none,none,none,none,none,none,0.999997202855995,0.4978326910039554,0,,0,0,none,,,,0.5941248964518309,9.483416797593236,10.095374891534448
2026-08-10T17:38:30.760911+00:00,communication_drift_01,meter_01,47,none,none,none,none,none,none,0.99997663751216,0.44727410293472747,0,,0,0,none,,,,3.1815830152481794,16.34037494659424,19.545583985745907
2026-08-10T17:38:30.780814+00:00,communication_drift_01,meter_02,47,none,none,none,none,none,none,0.9999991330659512,0.43626514411613104,0,,0,0,none,,,,0.6839160341769457,10.762915946543217,11.462708003818989
2026-08-10T17:38:30.792370+00:00,communication_drift_01,meter_03,47,none,none,none,none,none,none,0.9999994572530767,0.45420532208035874,0,,0,0,none,,,,0.5116669926792383,9.151709033176303,9.677625028416514
2026-08-10T17:38:31.265809+00:00,communication_drift_01,meter_01,48,none,none,none,none,none,none,0.9999965045863819,0.4650696327874445,0,,0,0,none,,,,1.923167146742344,21.966125117614865,23.91429105773568
2026-08-10T17:38:31.290002+00:00,communication_drift_01,meter_02,48,none,none,none,none,none,none,0.9999984591288025,0.535460081740445,0,,0,0,none,,,,0.7928339764475822,11.890833964571357,12.70158402621746
2026-08-10T17:38:31.302804+00:00,communication_drift_01,meter_03,48,none,none,none,none,none,none,0.9999990440400065,0.4819166005598066,0,,0,0,none,,,,0.5750828422605991,9.404542157426476,9.993915911763906
2026-08-10T17:38:31.766270+00:00,communication_drift_01,meter_01,49,none,none,none,none,none,none,0.9999991005435481,0.5479415878359238,0,,0,0,none,,,,2.4711668957024813,18.319332972168922,20.840290933847427
2026-08-10T17:38:31.787492+00:00,communication_drift_01,meter_02,49,none,none,none,none,none,none,0.9999977049155783,0.46524844177612135,0,,0,0,none,,,,0.7034579757601023,11.2827077973634,12.002042029052973
2026-08-10T17:38:31.799596+00:00,communication_drift_01,meter_03,49,none,none,none,none,none,none,0.9999993983098036,0.5558604127432861,0,,0,0,none,,,,0.5316250026226044,9.322334080934525,9.86954104155302
2026-08-10T17:38:32.267143+00:00,communication_drift_01,meter_01,50,none,none,none,none,none,none,0.9999995737502875,0.5454734990442218,0,,0,0,none,,,,3.420541062951088,18.891208106651902,22.339416900649667
2026-08-10T17:38:32.289839+00:00,communication_drift_01,meter_02,50,none,none,none,none,none,none,0.9999989983778688,0.43767416299757794,0,,0,0,none,,,,0.6945829372853041,11.420124908909202,12.130083050578833
2026-08-10T17:38:32.302066+00:00,communication_drift_01,meter_03,50,none,none,none,none,none,none,0.9999993100843526,0.4310525051013814,0,,0,0,none,,,,0.5369160789996386,9.294291958212852,9.845792083069682
2026-08-10T17:38:32.772382+00:00,communication_drift_01,meter_01,51,none,none,none,none,none,none,0.9999957520924788,0.47769679944811416,0,,0,0,none,,,,2.384791849181056,17.83379097469151,20.245959050953388
2026-08-10T17:38:32.792965+00:00,communication_drift_01,meter_02,51,none,none,none,none,none,none,0.9999993322395757,0.43364563298394476,0,,0,0,none,,,,0.6786249577999115,11.216083075851202,11.909499997273088
2026-08-10T17:38:32.804955+00:00,communication_drift_01,meter_03,51,none,none,none,none,none,none,0.9999991789691596,0.4849931254896258,0,,0,0,none,,,,0.5167920608073473,9.258040925487876,9.788583032786846
2026-08-10T17:38:33.277017+00:00,communication_drift_01,meter_01,52,none,none,none,none,none,none,0.9999990839774595,0.4854728902998727,0,,0,0,none,,,,2.4989161174744368,19.04454198665917,21.579792024567723
2026-08-10T17:38:33.298965+00:00,communication_drift_01,meter_02,52,none,none,none,none,none,none,0.9999990777929566,0.49002440595006147,0,,0,0,none,,,,0.6785828154534101,11.476374929770827,12.17300002463162
2026-08-10T17:38:33.311234+00:00,communication_drift_01,meter_03,52,none,none,none,none,none,none,0.9999987764010483,0.4358309518146973,0,,0,0,none,,,,0.5294999573379755,9.305249899625778,9.850915987044573
2026-08-10T17:38:33.779591+00:00,communication_drift_01,meter_01,53,none,none,none,none,none,none,0.9999981212912635,0.443586843233567,0,,0,0,none,,,,2.8221250977367163,16.703416127711535,19.54904105514288
2026-08-10T17:38:33.799487+00:00,communication_drift_01,meter_02,53,none,none,none,none,none,none,0.9999990769108776,0.48918623732746536,0,,0,0,none,,,,0.6662500090897083,10.906334035098553,11.587999993935227
2026-08-10T17:38:33.811153+00:00,communication_drift_01,meter_03,53,none,none,none,none,none,none,0.9999992494537029,0.4502215201395895,0,,0,0,none,,,,0.5127908661961555,9.221082786098123,9.748208103701472
2026-08-10T17:38:34.284822+00:00,communication_drift_01,meter_01,54,none,none,none,none,none,none,0.9999966731322814,0.44756014496012614,0,,0,0,none,,,,2.599958097562194,18.487625056877732,21.112874848768115
2026-08-10T17:38:34.306309+00:00,communication_drift_01,meter_02,54,none,none,none,none,none,none,0.9999981631522803,0.463270669454799,0,,0,0,none,,,,0.7060000207275152,11.411082930862904,12.132208095863461
2026-08-10T17:38:34.318529+00:00,communication_drift_01,meter_03,54,none,none,none,none,none,none,0.9999990257800263,0.4524759082297882,0,,0,0,none,,,,0.5197918508201838,9.559208061546087,10.093958117067814
2026-08-10T17:38:34.789771+00:00,communication_drift_01,meter_01,55,none,none,none,none,none,none,0.9999987321309688,0.45040855366807786,0,,0,0,none,,,,2.742999931797385,16.85629109852016,19.62325000204146
2026-08-10T17:38:34.809750+00:00,communication_drift_01,meter_02,55,none,none,none,none,none,none,0.9999991226976057,0.49511000015303225,0,,0,0,none,,,,0.685916980728507,10.962417116388679,11.66395889595151
2026-08-10T17:38:34.821501+00:00,communication_drift_01,meter_03,55,none,none,none,none,none,none,0.9999977453660623,0.5729838140378044,0,,0,0,none,,,,0.5039579700678587,9.20470803976059,9.723749943077564
2026-08-10T17:38:35.294533+00:00,communication_drift_01,meter_01,56,none,none,none,none,none,none,0.9999979019814186,0.44652470018830154,0,,0,0,none,,,,2.1903750021010637,19.00845905765891,21.242292132228613
2026-08-10T17:38:35.316256+00:00,communication_drift_01,meter_02,56,none,none,none,none,none,none,0.9999992692516451,0.4318270114953604,0,,0,0,none,,,,0.7467500399798155,11.77924987860024,12.543917167931795
2026-08-10T17:38:35.328930+00:00,communication_drift_01,meter_03,56,none,none,none,none,none,none,0.9999989345492707,0.5870493742391721,0,,0,0,none,,,,0.5293749272823334,9.411083068698645,9.95650002732873
2026-08-10T17:38:35.799879+00:00,communication_drift_01,meter_01,57,none,none,none,none,none,none,0.9999957925034205,0.45147713223163755,0,,0,0,none,,,,1.8769160378724337,21.798541070893407,23.706834064796567
2026-08-10T17:38:35.823849+00:00,communication_drift_01,meter_02,57,none,none,none,none,none,none,0.9999988035642992,0.46715922851506764,0,,0,0,none,,,,0.7271659560501575,12.065415969118476,12.81258394010365
2026-08-10T17:38:35.836778+00:00,communication_drift_01,meter_03,57,none,none,none,none,none,none,0.9999953980990107,0.46670048727947105,0,,0,0,none,,,,0.5801250226795673,9.58516588434577,10.180957848206162
2026-08-10T17:38:36.304961+00:00,communication_drift_01,meter_01,58,none,none,none,none,none,none,0.9999963554562783,0.5011763989137794,0,,0,0,none,,,,2.0205830223858356,21.4991660322994,23.54416693560779
2026-08-10T17:38:36.328760+00:00,communication_drift_01,meter_02,58,none,none,none,none,none,none,0.9999990821419966,0.5364395885015311,0,,0,0,none,,,,0.7195000071078539,11.93033391609788,12.668458046391606
2026-08-10T17:38:36.341525+00:00,communication_drift_01,meter_03,58,none,none,none,none,none,none,0.9999986017056103,0.4622121910728149,0,,0,0,none,,,,0.5760840140283108,9.487167000770569,10.078457882627845
2026-08-10T17:38:36.806088+00:00,communication_drift_01,meter_01,59,none,none,none,none,none,none,0.9999989747373099,0.46905254825750126,0,,0,0,none,,,,2.771582920104265,18.221582984551787,21.025875117629766
2026-08-10T17:38:36.827468+00:00,communication_drift_01,meter_02,59,none,none,none,none,none,none,0.9999994188409322,0.4344919137142851,0,,0,0,none,,,,0.7409581448882818,11.363249970600009,12.122375192120671
2026-08-10T17:38:36.839702+00:00,communication_drift_01,meter_03,59,none,none,none,none,none,none,0.9999990705324334,0.46178996336469835,0,,0,0,none,,,,0.5181669257581234,9.267082903534174,9.801916079595685
2026-08-10T17:38:37.310548+00:00,communication_drift_01,meter_01,60,none,none,none,none,none,none,0.9999991882856792,0.43789915025752785,0,,0,0,none,,,,1.9805829506367445,21.517874905839562,23.526042001321912
2026-08-10T17:38:37.334367+00:00,communication_drift_01,meter_02,60,none,none,none,none,none,none,0.9999992800035861,0.43745922824689815,0,,0,0,none,,,,0.6900408770889044,11.957915965467691,12.666374910622835
2026-08-10T17:38:37.347130+00:00,communication_drift_01,meter_03,60,none,none,none,none,none,none,0.9999978526124619,0.4836534607659971,0,,0,0,none,,,,0.5559159908443689,9.567416040226817,10.138458106666803
2026-08-10T17:38:37.815105+00:00,communication_drift_01,meter_01,61,none,none,none,none,none,none,0.9999990966728511,0.4479659528333634,0,,0,0,none,,,,1.493541058152914,20.441582892090082,21.99137513525784
2026-08-10T17:38:37.837503+00:00,communication_drift_01,meter_02,61,none,none,none,none,none,none,0.9999997235256353,0.5220106642630696,0,,0,0,none,,,,0.961042009294033,12.896000174805522,13.88537511229515
2026-08-10T17:38:37.851596+00:00,communication_drift_01,meter_03,61,none,none,none,none,none,none,0.9999982528987993,0.4439039255635584,0,,0,0,none,,,,0.620249891653657,9.79145779274404,10.428583016619086
2026-08-10T17:38:38.320620+00:00,communication_drift_01,meter_01,62,none,none,none,none,none,none,0.9999991962343632,0.4411436410257775,0,,0,0,none,,,,2.221750095486641,18.899333896115422,21.148917032405734
2026-08-10T17:38:38.342100+00:00,communication_drift_01,meter_02,62,none,none,none,none,none,none,0.9999994691992322,0.604292554082141,0,,0,0,none,,,,0.6767089944332838,11.844915803521872,12.54141703248024
2026-08-10T17:38:38.354762+00:00,communication_drift_01,meter_03,62,none,none,none,none,none,none,0.9999987538852344,0.43752091238433727,0,,0,0,none,,,,0.5738330073654652,9.381667012348771,9.970834013074636
2026-08-10T17:38:38.824642+00:00,communication_drift_01,meter_01,63,none,none,none,none,none,none,0.9999994924056387,0.4702116699958286,0,,0,0,none,,,,2.4939579889178276,19.51379096135497,22.045415826141834
2026-08-10T17:38:38.847049+00:00,communication_drift_01,meter_02,63,none,none,none,none,none,none,0.9999997047952517,0.4658249495216811,0,,0,0,none,,,,0.7209158502519131,11.578083038330078,12.32020789757371
2026-08-10T17:38:38.859503+00:00,communication_drift_01,meter_03,63,none,none,none,none,none,none,0.9999978636246083,0.45271007466052804,0,,0,0,none,,,,0.5516249220818281,9.428499964997172,9.996582986786962
2026-08-10T17:38:39.329857+00:00,communication_drift_01,meter_01,64,none,none,none,none,none,none,0.9999985132625154,0.4754881461067909,0,,0,0,none,,,,2.2780420258641243,18.397332867607474,20.70712484419346
2026-08-10T17:38:39.350920+00:00,communication_drift_01,meter_02,64,none,none,none,none,none,none,0.9999967142319004,0.44590901718957576,0,,0,0,none,,,,0.6632090080529451,11.32937497459352,12.010667007416487
2026-08-10T17:38:39.363022+00:00,communication_drift_01,meter_03,64,none,none,none,none,none,none,0.9999986657712121,0.4600199312870653,0,,0,0,none,,,,0.510707963258028,9.405541932210326,9.931624867022038
2026-08-10T17:38:39.833135+00:00,communication_drift_01,meter_01,65,none,none,none,none,none,none,0.9999996934254817,0.5115517986266034,0,,0,0,none,,,,2.6526660658419132,20.77591698616743,23.456749971956015
2026-08-10T17:38:39.856931+00:00,communication_drift_01,meter_02,65,none,none,none,none,none,none,0.9999981996030496,0.4781930208308532,0,,0,0,none,,,,0.6963331252336502,11.793333105742931,12.506915954872966
2026-08-10T17:38:39.869527+00:00,communication_drift_01,meter_03,65,none,none,none,none,none,none,0.9999988665224853,0.4815788476153351,0,,0,0,none,,,,0.5686250515282154,9.45233297534287,10.0356659386307
2026-08-10T17:38:40.337738+00:00,communication_drift_01,meter_01,66,none,none,none,none,none,none,0.9999975295135355,0.4674979631453464,0,,0,0,none,,,,2.3224998731166124,22.205542074516416,24.5555411092937
2026-08-10T17:38:40.362648+00:00,communication_drift_01,meter_02,66,none,none,none,none,none,none,0.9999990014352517,0.488792548710981,0,,0,0,none,,,,0.8049160242080688,11.986291036009789,12.81008287332952
2026-08-10T17:38:40.375565+00:00,communication_drift_01,meter_03,66,none,none,none,none,none,none,0.9999962642070512,0.5280190907727479,0,,0,0,none,,,,0.575917074456811,9.409500053152442,9.999666130170226
2026-08-10T17:38:40.838497+00:00,communication_drift_01,meter_01,67,none,none,none,none,none,none,0.999999676373951,0.45881099910676354,0,,0,0,none,,,,2.3591250646859407,18.3571248780936,20.74941690079868
2026-08-10T17:38:40.859608+00:00,communication_drift_01,meter_02,67,none,none,none,none,none,none,0.9999996703844588,0.45101236160158775,0,,0,0,none,,,,0.7092920131981373,11.495209066197276,12.223124969750643
2026-08-10T17:38:40.871925+00:00,communication_drift_01,meter_03,67,none,none,none,none,none,none,0.9999985682475989,0.5354339192765682,0,,0,0,none,,,,0.5189590156078339,9.439707966521382,9.974332991987467
2026-08-10T17:38:41.343280+00:00,communication_drift_01,meter_01,68,none,none,none,none,none,none,0.9999994977852644,0.4621604797518049,0,,0,0,none,,,,1.9522078800946474,21.782791009172797,23.767333012074232
2026-08-10T17:38:41.367420+00:00,communication_drift_01,meter_02,68,none,none,none,none,none,none,0.9999988329027573,0.5216136323986593,0,,0,0,none,,,,0.7977080531418324,11.957624927163124,12.77379086241126
2026-08-10T17:38:41.380295+00:00,communication_drift_01,meter_03,68,none,none,none,none,none,none,0.9999979573672005,0.457187520564796,0,,0,0,none,,,,0.5611670203506947,9.629582986235619,10.205167112872005
2026-08-10T17:38:41.848513+00:00,communication_drift_01,meter_01,69,none,none,none,none,none,none,0.9999994152202116,0.43597171511274424,0,,0,0,reference_calibrated,,voltage_rolling_mean=231.592152;source_publish_interval=0.504045,,2.262874972075224,19.679541001096368,22.004167083650827
2026-08-10T17:38:41.870892+00:00,communication_drift_01,meter_02,69,none,none,none,none,none,none,0.9999993001241632,0.4850358933593503,0,,0,0,reference_calibrated,,voltage_rolling_mean=231.433796;source_publish_interval=0.504047,,0.7031250279396772,11.58220786601305,12.311916798353195
2026-08-10T17:38:41.883299+00:00,communication_drift_01,meter_03,69,none,none,none,none,none,none,0.9999947168421532,0.4445736288437167,0,,0,0,reference_calibrated,,voltage_rolling_mean=230.612357;source_publish_interval=0.504046,,0.5079999100416899,9.380791801959276,9.911667089909315
2026-08-10T17:38:42.353536+00:00,communication_drift_01,meter_01,70,none,none,none,none,none,none,0.999999608228848,0.4952107024930768,0,,0,0,drift_not_confirmed,,voltage_rolling_mean=231.592152;source_publish_interval=0.504045,,2.8560420032590628,18.827666994184256,21.723416866734624
2026-08-10T17:38:42.375646+00:00,communication_drift_01,meter_02,70,none,none,none,none,none,none,0.9999994672827941,0.501103804170186,0,,0,0,drift_not_confirmed,,voltage_rolling_mean=231.433796;source_publish_interval=0.504047,,0.6862920708954334,11.120040901005268,11.837583035230637
2026-08-10T17:38:42.387564+00:00,communication_drift_01,meter_03,70,none,none,none,none,none,none,0.9999974648849588,0.4455439127903545,0,,0,0,drift_not_confirmed,,voltage_rolling_mean=230.612357;source_publish_interval=0.504046,,0.5230419337749481,9.21112485229969,9.753125021234155
2026-08-10T17:38:42.858171+00:00,communication_drift_01,meter_01,71,none,none,none,none,none,none,0.9999998085029258,0.5117332191698637,0,,0,0,drift_not_confirmed,,voltage_rolling_mean=231.592152;source_publish_interval=0.504045,,2.0981670822948217,22.014624904841185,24.15504097007215
2026-08-10T17:38:42.882674+00:00,communication_drift_01,meter_02,71,none,none,none,none,none,none,0.9999984933869533,0.48492834712317856,0,,0,0,drift_not_confirmed,,voltage_rolling_mean=231.433796;source_publish_interval=0.504047,,0.8152080699801445,12.092166114598513,12.930500088259578
2026-08-10T17:38:42.895703+00:00,communication_drift_01,meter_03,71,none,none,none,none,none,none,0.9999963532469113,0.4515121845055062,0,,0,0,drift_not_confirmed,,voltage_rolling_mean=230.612357;source_publish_interval=0.504046,,0.5689170211553574,9.427124867215753,10.014749830588698
2026-08-10T17:38:43.361504+00:00,communication_drift_01,meter_01,72,none,none,none,none,none,none,0.999999270935773,0.4961077953287975,0,,0,0,drift_not_confirmed,,voltage_rolling_mean=231.592152;source_publish_interval=0.504045,,1.936458982527256,22.069874918088317,24.05883395113051
2026-08-10T17:38:43.385886+00:00,communication_drift_01,meter_02,72,none,none,none,none,none,none,0.9999996160727762,0.443829366281857,0,,0,0,drift_not_confirmed,,voltage_rolling_mean=231.433796;source_publish_interval=0.504047,,0.89216697961092,11.943042045459151,12.86350004374981
2026-08-10T17:38:43.398877+00:00,communication_drift_01,meter_03,72,none,none,none,none,none,none,0.9999984832618908,0.541250870800424,0,,0,0,drift_not_confirmed,,voltage_rolling_mean=230.612357;source_publish_interval=0.504046,,0.567208044230938,9.4391661696136,10.02729102037847
2026-08-10T17:38:43.863503+00:00,communication_drift_01,meter_01,73,none,none,none,none,none,none,0.9999996772432651,0.4559455439736999,0,,0,0,drift_not_confirmed,,voltage_rolling_mean=231.592152;source_publish_interval=0.504045,,2.4730421137064695,22.297208895906806,24.805709021165967
2026-08-10T17:38:43.888656+00:00,communication_drift_01,meter_02,73,none,none,none,none,none,none,0.9999990385648272,0.4392466733881244,0,,0,0,drift_not_confirmed,,voltage_rolling_mean=231.433796;source_publish_interval=0.504047,,0.8122080471366644,11.938665993511677,12.77387491427362
2026-08-10T17:38:43.901521+00:00,communication_drift_01,meter_03,73,none,none,none,none,none,none,0.9999966531241692,0.49060104717654895,0,,0,0,drift_not_confirmed,,voltage_rolling_mean=230.612357;source_publish_interval=0.504046,,0.5752078723162413,9.42616700194776,10.019166162237525
2026-08-10T17:38:44.368673+00:00,communication_drift_01,meter_01,74,none,none,none,none,none,none,0.9999997396551444,0.4400629609497909,0,,0,0,drift_not_confirmed,,voltage_rolling_mean=231.592152;source_publish_interval=0.504045,,1.976874889805913,21.574874874204397,23.587875068187714
2026-08-10T17:38:44.392540+00:00,communication_drift_01,meter_02,74,none,none,none,none,none,none,0.9999987638198327,0.4428538498781725,0,,0,0,drift_not_confirmed,,voltage_rolling_mean=231.433796;source_publish_interval=0.504047,,0.8284591604024172,11.968082981184125,12.81816721893847
2026-08-10T17:38:44.405445+00:00,communication_drift_01,meter_03,74,none,none,none,none,none,none,0.9999971707635685,0.44675089098400567,0,,0,0,drift_not_confirmed,,voltage_rolling_mean=230.612357;source_publish_interval=0.504046,,0.5820828955620527,9.36333299614489,9.962874930351973
2026-08-10T17:38:44.870527+00:00,communication_drift_01,meter_01,75,none,none,none,none,none,none,0.9999996379039643,0.47425636827840556,0,,0,0,drift_not_confirmed,,voltage_rolling_mean=231.592152;source_publish_interval=0.504045,,3.28962504863739,16.806500032544136,20.122916903346777
2026-08-10T17:38:44.890991+00:00,communication_drift_01,meter_02,75,none,none,none,none,none,none,0.9999996271387919,0.445428670245925,0,,0,0,drift_not_confirmed,,voltage_rolling_mean=231.433796;source_publish_interval=0.504047,,0.7024169899523258,10.909332893788815,11.63112511858344
2026-08-10T17:38:44.902703+00:00,communication_drift_01,meter_03,75,none,none,none,none,none,none,0.9999974790380476,0.4790563456845266,0,,0,0,drift_not_confirmed,,voltage_rolling_mean=230.612357;source_publish_interval=0.504046,,0.5045828875154257,9.19795804657042,9.720375062897801
2026-08-10T17:38:45.373519+00:00,communication_drift_01,meter_01,76,none,none,none,none,none,none,0.9999996886507344,0.43323976852004425,0,,0,0,drift_not_confirmed,,voltage_rolling_mean=231.592152;source_publish_interval=0.504045,,1.9586249254643917,21.763124968856573,23.766209138557315
2026-08-10T17:38:45.397607+00:00,communication_drift_01,meter_02,76,none,none,none,none,none,none,0.9999994340312058,0.4799545666514299,0,,0,0,drift_not_confirmed,,voltage_rolling_mean=231.433796;source_publish_interval=0.504047,,0.8565830066800117,11.96475001052022,12.842167168855667
2026-08-10T17:38:45.410543+00:00,communication_drift_01,meter_03,76,none,none,none,none,none,none,0.9999921555753362,0.4466900972272746,0,,0,0,drift_not_confirmed,,voltage_rolling_mean=230.612357;source_publish_interval=0.504046,,0.5548750050365925,9.340666001662612,9.913499932736158
2026-08-10T17:38:45.874259+00:00,communication_drift_01,meter_01,77,none,none,none,none,none,none,0.9999998882596035,0.5738421584465683,0,,0,0,drift_not_confirmed,,voltage_rolling_mean=231.592152;source_publish_interval=0.504045,,2.802582923322916,18.05650000460446,20.889334147796035
2026-08-10T17:38:45.895492+00:00,communication_drift_01,meter_02,77,none,none,none,none,none,none,0.9999997733349365,0.4767279611657881,0,,0,0,drift_not_confirmed,,voltage_rolling_mean=231.433796;source_publish_interval=0.504047,,0.7039578631520271,11.463791830465198,12.189541012048721
2026-08-10T17:38:45.907776+00:00,communication_drift_01,meter_03,77,none,none,none,none,none,none,0.9999962978646174,0.44444497260997856,0,,0,0,drift_not_confirmed,,voltage_rolling_mean=230.612357;source_publish_interval=0.504046,,0.5132919177412987,9.191084187477827,9.723208844661713
2026-08-10T17:38:46.377411+00:00,communication_drift_01,meter_01,78,none,none,none,unknown,unknown,unknown,0.9999662120492391,0.6312469234257218,0,,0,0,drift_not_confirmed,,voltage_rolling_mean=231.592152;source_publish_interval=0.504045,,2.4947081692516804,17.29616685770452,19.822708098217845
2026-08-10T17:38:46.397589+00:00,communication_drift_01,meter_02,78,none,none,none,none,none,none,0.9999991168448997,0.4456032401060638,0,,0,0,drift_not_confirmed,,voltage_rolling_mean=231.433796;source_publish_interval=0.504047,,0.6885000038892031,11.051750043407083,11.760916095227003
2026-08-10T17:38:46.409451+00:00,communication_drift_01,meter_03,78,none,none,none,none,none,none,0.9999960825860654,0.4412904650238181,0,,0,0,drift_not_confirmed,,voltage_rolling_mean=230.612357;source_publish_interval=0.504046,,0.5095000378787518,9.338541887700558,9.866583161056042
2026-08-10T17:38:46.879650+00:00,communication_drift_01,meter_01,79,none,none,none,none,none,none,0.9999988856562382,0.4388167746981429,0,,0,0,drift_not_confirmed,,voltage_rolling_mean=231.592152;source_publish_interval=0.504045,,2.3386250250041485,19.280417123809457,21.648250054568052
2026-08-10T17:38:46.901694+00:00,communication_drift_01,meter_02,79,none,none,none,none,none,none,0.9999992866269871,0.4413961614934853,0,,0,0,drift_not_confirmed,,voltage_rolling_mean=231.433796;source_publish_interval=0.504047,,0.696792034432292,11.367375031113625,12.086208211258054
2026-08-10T17:38:46.913875+00:00,communication_drift_01,meter_03,79,none,none,none,none,none,none,0.9999982053921007,0.525559042970552,0,,0,0,drift_not_confirmed,,voltage_rolling_mean=230.612357;source_publish_interval=0.504046,,0.5747498944401741,9.469915879890323,10.062583023682237
2026-08-10T17:38:47.381562+00:00,communication_drift_01,meter_01,80,none,none,none,none,none,none,0.9999996552027767,0.45860086208302175,0,,0,0,drift_not_confirmed,,voltage_rolling_mean=231.592152;source_publish_interval=0.504045,,1.9163328688591719,22.20050012692809,24.16362497024238
2026-08-10T17:38:47.406114+00:00,communication_drift_01,meter_02,80,none,none,none,none,none,none,0.999998964344769,0.457929907933655,0,,0,0,drift_not_confirmed,,voltage_rolling_mean=231.433796;source_publish_interval=0.504047,,0.8744169026613235,11.915666982531548,12.815749971196055
2026-08-10T17:38:47.419047+00:00,communication_drift_01,meter_03,80,none,none,none,none,none,none,0.9999982451158674,0.5748969966393401,0,,0,0,drift_not_confirmed,,voltage_rolling_mean=230.612357;source_publish_interval=0.504046,,0.5876671057194471,9.672250133007765,10.282333008944988
2026-08-10T17:38:47.884049+00:00,communication_drift_01,meter_01,81,none,none,none,none,none,none,0.9999993575057966,0.46781122820372456,0,,0,0,drift_not_confirmed,,voltage_rolling_mean=231.592152;source_publish_interval=0.504045,,2.419333904981613,17.783416900783777,20.23491682484746
2026-08-10T17:38:47.904620+00:00,communication_drift_01,meter_02,81,none,none,none,none,none,none,0.9999995775326416,0.5606724387141214,0,,0,0,drift_not_confirmed,,voltage_rolling_mean=231.433796;source_publish_interval=0.504047,,0.7169579621404409,11.12154102884233,11.858166195452213
2026-08-10T17:38:47.916567+00:00,communication_drift_01,meter_03,81,none,none,none,none,none,none,0.9999974047461887,0.4459761697683961,0,,0,0,drift_not_confirmed,,voltage_rolling_mean=230.612357;source_publish_interval=0.504046,,0.5140418652445078,9.343290934339166,9.875332936644554
2026-08-10T17:38:48.389258+00:00,communication_drift_01,meter_01,82,none,none,none,none,none,none,0.9999994546194461,0.47049362083485374,0,,0,0,drift_not_confirmed,,voltage_rolling_mean=231.592152;source_publish_interval=0.504045,,2.396541880443692,18.620917107909918,21.051374962553382
2026-08-10T17:38:48.410671+00:00,communication_drift_01,meter_02,82,none,none,none,none,none,none,0.999998796160174,0.5161688424020014,0,,0,0,drift_not_confirmed,,voltage_rolling_mean=231.433796;source_publish_interval=0.504047,,0.7144580595195293,11.299292091280222,12.033208040520549
2026-08-10T17:38:48.422788+00:00,communication_drift_01,meter_03,82,none,none,none,none,none,none,0.9999896978918278,0.4590223576116607,0,,0,0,drift_not_confirmed,,voltage_rolling_mean=230.612357;source_publish_interval=0.504046,,0.5158339627087116,9.378625079989433,9.912540903314948
2026-08-10T17:38:48.893698+00:00,communication_drift_01,meter_01,83,none,none,none,none,none,none,0.9999994686890096,0.44606806423443546,0,,0,0,drift_not_confirmed,,voltage_rolling_mean=231.592152;source_publish_interval=0.504045,,2.712208079174161,21.595542086288333,24.34270898811519
2026-08-10T17:38:48.918401+00:00,communication_drift_01,meter_02,83,none,none,none,none,none,none,0.9999994532886896,0.6077651191117168,0,,0,0,drift_not_confirmed,,voltage_rolling_mean=231.433796;source_publish_interval=0.504047,,0.832999823614955,12.308749835938215,13.165291864424944
2026-08-10T17:38:48.931675+00:00,communication_drift_01,meter_03,83,none,none,none,none,none,none,0.9995478191088161,0.4717760900038751,0,,0,0,drift_not_confirmed,,voltage_rolling_mean=230.612357;source_publish_interval=0.504046,,0.5742919165641069,9.656958049163222,10.249667102470994
2026-08-10T17:38:49.395268+00:00,communication_drift_01,meter_01,84,none,none,none,none,none,none,0.9999994294719627,0.46238201902122766,0,,0,0,drift_not_confirmed,,voltage_rolling_mean=231.592152;source_publish_interval=0.504045,,2.314707962796092,19.00620898231864,21.35583385825157
2026-08-10T17:38:49.416972+00:00,communication_drift_01,meter_02,84,none,none,none,none,none,none,0.9999978895179965,0.48869231232758265,0,,0,0,drift_not_confirmed,,voltage_rolling_mean=231.433796;source_publish_interval=0.504047,,0.7481251377612352,11.54216704890132,12.312666978687048
2026-08-10T17:38:49.429383+00:00,communication_drift_01,meter_03,84,none,none,none,none,none,none,0.9999872018352906,0.44351124413619625,0,,0,0,drift_not_confirmed,,voltage_rolling_mean=230.612357;source_publish_interval=0.504046,,0.57366699911654,9.688040940091014,10.282417060807347
2026-08-10T17:38:49.896562+00:00,communication_drift_01,meter_01,85,none,none,none,none,none,none,0.9999996374574218,0.44108581392272195,0,,0,0,drift_not_confirmed,,voltage_rolling_mean=231.592152;source_publish_interval=0.504045,,1.9572079181671143,21.857625106349587,23.852209094911814
2026-08-10T17:38:49.920743+00:00,communication_drift_01,meter_02,85,none,none,none,none,none,none,0.9999971835377127,0.4438214731348782,0,,0,0,drift_not_confirmed,,voltage_rolling_mean=231.433796;source_publish_interval=0.504047,,0.8760411292314529,12.1111657936126,13.015416916459799
2026-08-10T17:38:49.933864+00:00,communication_drift_01,meter_03,85,none,none,none,none,none,none,0.9999831504819935,0.4637935489748488,0,,0,0,drift_not_confirmed,,voltage_rolling_mean=230.612357;source_publish_interval=0.504046,,0.5567921325564384,9.464833186939359,10.039417073130608
2026-08-10T17:38:50.401211+00:00,communication_drift_01,meter_01,86,none,none,none,none,none,none,0.9999992671168298,0.4428476312552803,0,,0,0,drift_not_confirmed,,voltage_rolling_mean=231.592152;source_publish_interval=0.504045,,2.1061659790575504,18.929582787677646,21.071749972179532
2026-08-10T17:38:50.422653+00:00,communication_drift_01,meter_02,86,none,none,none,none,none,none,0.9999111891834142,0.5523957057770658,0,,0,0,drift_not_confirmed,,voltage_rolling_mean=231.433796;source_publish_interval=0.504047,,0.72825001552701,11.510665994137526,12.258500093594193
2026-08-10T17:38:50.434997+00:00,communication_drift_01,meter_03,86,none,none,none,none,none,none,0.9999905233528565,0.4948820922179528,0,,0,0,drift_not_confirmed,,voltage_rolling_mean=230.612357;source_publish_interval=0.504046,,0.5080001428723335,9.290042100474238,9.816000005230308
2026-08-10T17:38:50.903158+00:00,communication_drift_01,meter_01,87,none,none,none,none,none,none,0.9999987528017603,0.4398789427552649,0,,0,0,drift_not_confirmed,,voltage_rolling_mean=231.592152;source_publish_interval=0.504045,,0.5961251445114613,9.72770806401968,10.34595794044435
2026-08-10T17:38:50.913598+00:00,communication_drift_01,meter_02,87,none,none,none,none,none,none,0.9999992100430833,0.44869108685231657,0,,0,0,drift_not_confirmed,,voltage_rolling_mean=231.433796;source_publish_interval=0.504047,,0.49249990843236446,8.176791947335005,8.685833076015115
2026-08-10T17:38:50.922346+00:00,communication_drift_01,meter_03,87,none,none,none,none,none,none,0.9999977421295799,0.4719015363011825,0,,0,0,drift_not_confirmed,,voltage_rolling_mean=230.612357;source_publish_interval=0.504046,,0.41079195216298103,7.6133329421281815,8.039083098992705
2026-08-10T17:38:51.409772+00:00,communication_drift_01,meter_01,88,none,none,none,none,none,none,0.9999992159180532,0.4461212447152506,0,,0,0,drift_not_confirmed,,voltage_rolling_mean=231.592152;source_publish_interval=0.504045,,1.781791914254427,21.226499928161502,23.0509580578655
2026-08-10T17:38:51.433194+00:00,communication_drift_01,meter_02,88,none,none,none,none,none,none,0.999997749616001,0.5531301451853634,0,,0,0,drift_not_confirmed,,voltage_rolling_mean=231.433796;source_publish_interval=0.504047,,0.8010000456124544,11.695082997903228,12.519999872893095
2026-08-10T17:38:51.445820+00:00,communication_drift_01,meter_03,88,none,none,none,none,none,none,0.999669515262023,0.5254351088536964,0,,0,0,drift_not_confirmed,,voltage_rolling_mean=230.612357;source_publish_interval=0.504046,,0.5847080610692501,9.651249973103404,10.254333959892392
2026-08-10T17:38:51.914297+00:00,communication_drift_01,meter_01,89,none,none,none,none,none,none,0.9999996131694242,0.469331651443489,0,,0,0,drift_not_confirmed,,voltage_rolling_mean=231.592152;source_publish_interval=0.504045,,2.0080418325960636,21.85391611419618,23.89775007031858
2026-08-10T17:38:51.938479+00:00,communication_drift_01,meter_02,89,none,none,none,none,none,none,0.9999970370314493,0.45331971515566116,0,,0,0,drift_not_confirmed,,voltage_rolling_mean=231.433796;source_publish_interval=0.504047,,0.8478329982608557,11.93495886400342,12.805707985535264
2026-08-10T17:38:51.951392+00:00,communication_drift_01,meter_03,89,none,none,none,none,none,none,0.9999631879843567,0.4823497840542022,0,,0,0,drift_not_confirmed,,voltage_rolling_mean=230.612357;source_publish_interval=0.504046,,0.5360420327633619,9.377708192914724,9.931707987561822
2026-08-10T17:38:52.419297+00:00,communication_drift_01,meter_01,90,none,none,none,none,none,none,0.999999596557082,0.44169704170050705,0,,0,0,drift_not_confirmed,,voltage_rolling_mean=231.592152;source_publish_interval=0.504045,,2.0134998485445976,20.86862502619624,22.91749999858439
2026-08-10T17:38:52.442537+00:00,communication_drift_01,meter_02,90,none,none,none,none,none,none,0.9999991726520318,0.4988212053388643,0,,0,0,drift_not_confirmed,,voltage_rolling_mean=231.433796;source_publish_interval=0.504047,,0.7799998857080936,11.74145913682878,12.54441705532372
2026-08-10T17:38:52.455193+00:00,communication_drift_01,meter_03,90,none,none,none,none,none,none,0.999981796190901,0.6025599674185131,0,,0,0,drift_not_confirmed,,voltage_rolling_mean=230.612357;source_publish_interval=0.504046,,0.5616669077426195,9.607666172087193,10.187249863520265
2026-08-10T17:38:52.923270+00:00,communication_drift_01,meter_01,91,none,none,none,none,none,none,0.9999989637215506,0.43932045738551834,0,,0,0,drift_not_confirmed,,voltage_rolling_mean=231.592152;source_publish_interval=0.504045,,2.0013749599456787,21.621042164042592,23.666208842769265
2026-08-10T17:38:52.947237+00:00,communication_drift_01,meter_02,91,none,none,none,none,none,none,0.999998574616541,0.44989519811544,0,,0,0,drift_not_confirmed,,voltage_rolling_mean=231.433796;source_publish_interval=0.504047,,0.8254591375589371,11.923708021640778,12.771582929417491
2026-08-10T17:38:52.960102+00:00,communication_drift_01,meter_03,91,none,none,none,none,none,none,0.9999860085960359,0.45229146242855234,0,,0,0,drift_not_confirmed,,voltage_rolling_mean=230.612357;source_publish_interval=0.504046,,0.5667500663548708,9.407333098351955,9.992083068937063
2026-08-10T17:38:53.427382+00:00,communication_drift_01,meter_01,92,none,none,none,none,none,none,0.9999997331682074,0.45558262406354405,0,,0,0,drift_not_confirmed,,voltage_rolling_mean=231.592152;source_publish_interval=0.504045,,2.1188328973948956,22.484583081677556,24.66150000691414
2026-08-10T17:38:53.452484+00:00,communication_drift_01,meter_02,92,none,none,none,none,none,none,0.9999990008276463,0.4602900745413442,0,,0,0,drift_not_confirmed,,voltage_rolling_mean=231.433796;source_publish_interval=0.504047,,0.8977919351309538,12.056875042617321,12.981750071048737
2026-08-10T17:38:53.465597+00:00,communication_drift_01,meter_03,92,none,none,none,none,none,none,0.9999694525347832,0.4579269453503082,0,,0,0,drift_not_confirmed,,voltage_rolling_mean=230.612357;source_publish_interval=0.504046,,0.5282920319586992,9.62662510573864,10.174541035667062
2026-08-10T17:38:53.931888+00:00,communication_drift_01,meter_01,93,none,none,none,none,none,none,0.9999987402704746,0.44179213755140573,0,,0,0,drift_not_confirmed,,voltage_rolling_mean=231.592152;source_publish_interval=0.504045,,1.6219590324908495,21.83520793914795,23.5038329847157
2026-08-10T17:38:53.955727+00:00,communication_drift_01,meter_02,93,none,none,none,none,none,none,0.9999958535131627,0.4953849938358978,0,,0,0,drift_not_confirmed,,voltage_rolling_mean=231.433796;source_publish_interval=0.504047,,0.9168752003461123,12.573833111673594,13.520250096917152
2026-08-10T17:38:53.969421+00:00,communication_drift_01,meter_03,93,none,none,none,none,none,none,0.9999914198703411,0.5289959725903612,0,,0,0,drift_not_confirmed,,voltage_rolling_mean=230.612357;source_publish_interval=0.504046,,0.6037079729139805,10.120667051523924,10.745208011940122
2026-08-10T17:38:54.437455+00:00,communication_drift_01,meter_01,94,none,none,none,none,none,none,0.9999984124374927,0.44043410415410145,0,,0,0,drift_not_confirmed,,voltage_rolling_mean=231.592152;source_publish_interval=0.504045,,2.6173749938607216,19.10233381204307,21.75191603600979
2026-08-10T17:38:54.459549+00:00,communication_drift_01,meter_02,94,none,none,none,none,none,none,0.9999837271227143,0.4506176130898406,0,,0,0,drift_not_confirmed,,voltage_rolling_mean=231.433796;source_publish_interval=0.504047,,0.7054999005049467,11.50824991054833,12.234332971274853
2026-08-10T17:38:54.471878+00:00,communication_drift_01,meter_03,94,none,none,none,none,none,none,0.9999833998541162,0.5528378716190178,0,,0,0,drift_not_confirmed,,voltage_rolling_mean=230.612357;source_publish_interval=0.504046,,0.5139161366969347,9.323708014562726,9.85558400861919
2026-08-10T17:38:54.942492+00:00,communication_drift_01,meter_01,95,none,none,none,none,none,none,0.9999996995475308,0.5331855613308663,0,,0,0,drift_not_confirmed,,voltage_rolling_mean=231.592152;source_publish_interval=0.504045,,2.4545409251004457,20.223291823640466,22.70924998447299
2026-08-10T17:38:54.965551+00:00,communication_drift_01,meter_02,95,none,none,none,none,none,none,0.999998711455017,0.5576230823606909,0,,0,0,drift_not_confirmed,,voltage_rolling_mean=231.433796;source_publish_interval=0.504047,,0.6948329973965883,11.824416927993298,12.543374905362725
2026-08-10T17:38:54.978198+00:00,communication_drift_01,meter_03,95,none,none,none,none,none,none,0.9999852914547742,0.4894920953175187,0,,0,0,drift_not_confirmed,,voltage_rolling_mean=230.612357;source_publish_interval=0.504046,,0.5820828955620527,9.609000058844686,10.21037483587861
2026-08-10T17:38:55.447684+00:00,communication_drift_01,meter_01,96,none,none,none,none,none,none,0.9999996403742152,0.47113456820492294,0,,0,0,drift_not_confirmed,,voltage_rolling_mean=231.592152;source_publish_interval=0.504045,,2.346749883145094,18.896625144407153,21.277625113725662
2026-08-10T17:38:55.469355+00:00,communication_drift_01,meter_02,96,none,none,none,none,none,none,0.9999987699490573,0.4454994515214875,0,,0,0,drift_not_confirmed,,voltage_rolling_mean=231.433796;source_publish_interval=0.504047,,0.7184999994933605,11.461416026577353,12.200457975268364
2026-08-10T17:38:55.481649+00:00,communication_drift_01,meter_03,96,none,none,none,none,none,none,0.9999824842625983,0.49471993962363964,0,,0,0,drift_not_confirmed,,voltage_rolling_mean=230.612357;source_publish_interval=0.504046,,0.5389160942286253,9.321624878793955,9.879000019282103
2026-08-10T17:38:55.952408+00:00,communication_drift_01,meter_01,97,none,none,none,none,none,none,0.999999574018569,0.556576088639233,0,,0,0,drift_not_confirmed,,voltage_rolling_mean=231.592152;source_publish_interval=0.504045,,2.437792019918561,22.156500024721026,24.627833859995008
2026-08-10T17:38:55.977385+00:00,communication_drift_01,meter_02,97,none,none,none,none,none,none,0.9999964889356626,0.4498228707027667,0,,0,0,drift_not_confirmed,,voltage_rolling_mean=231.433796;source_publish_interval=0.504047,,0.834957929328084,12.071041157469153,12.92720902711153
2026-08-10T17:38:55.990399+00:00,communication_drift_01,meter_03,97,none,none,none,none,none,none,0.9998554563780417,0.4463749748617402,0,,0,0,drift_not_confirmed,,voltage_rolling_mean=230.612357;source_publish_interval=0.504046,,0.5767908878624439,9.45679098367691,10.051416931673884
2026-08-10T17:38:56.457814+00:00,communication_drift_01,meter_01,98,none,none,none,none,none,none,0.9999997186187829,0.4552366050994727,0,,0,0,drift_not_confirmed,,voltage_rolling_mean=231.592152;source_publish_interval=0.504045,,2.380124991759658,17.772666877135634,20.195249933749437
2026-08-10T17:38:56.478385+00:00,communication_drift_01,meter_02,98,none,none,none,none,none,none,0.9999979655200724,0.4999650805829039,0,,0,0,drift_not_confirmed,,voltage_rolling_mean=231.433796;source_publish_interval=0.504047,,0.7450419943779707,11.252584168687463,12.020375113934278
2026-08-10T17:38:56.490508+00:00,communication_drift_01,meter_03,98,none,none,none,none,none,none,0.9999132130451925,0.46221516535229845,0,,0,0,drift_not_confirmed,,voltage_rolling_mean=230.612357;source_publish_interval=0.504046,,0.5241250619292259,9.265542030334473,9.81012498959899
2026-08-10T17:38:56.962628+00:00,communication_drift_01,meter_01,99,none,none,none,none,none,none,0.9999980025268953,0.4447757027031361,0,,0,0,drift_not_confirmed,,voltage_rolling_mean=231.592152;source_publish_interval=0.504045,,2.514250110834837,18.943874863907695,21.486750105395913
2026-08-10T17:38:56.984456+00:00,communication_drift_01,meter_02,99,none,none,none,none,none,none,0.9999975449474091,0.4573140198122059,0,,0,0,drift_not_confirmed,,voltage_rolling_mean=231.433796;source_publish_interval=0.504047,,0.7079159840941429,11.73687493428588,12.466374784708023
2026-08-10T17:38:56.997009+00:00,communication_drift_01,meter_03,99,none,none,none,none,none,none,0.999984094397543,0.4722327735698112,0,,0,0,drift_not_confirmed,,voltage_rolling_mean=230.612357;source_publish_interval=0.504046,,0.538417138159275,9.347582934424281,9.904749924317002
2026-08-10T17:38:57.467878+00:00,communication_drift_01,meter_01,100,none,none,none,none,none,none,0.9999979380030756,0.43577266364179273,0,,0,0,drift_not_confirmed,,voltage_rolling_mean=231.592152;source_publish_interval=0.504045,,2.5529160629957914,20.37124987691641,22.966541117057204
2026-08-10T17:38:57.491213+00:00,communication_drift_01,meter_02,100,none,none,none,none,none,none,0.9999969342716755,0.4846841915719815,0,,0,0,drift_not_confirmed,,voltage_rolling_mean=231.433796;source_publish_interval=0.504047,,0.7555000483989716,11.731040896847844,12.508583953604102
2026-08-10T17:38:57.503831+00:00,communication_drift_01,meter_03,100,none,none,none,none,none,none,0.9999573379160999,0.46245053423059923,0,,0,0,drift_not_confirmed,,voltage_rolling_mean=230.612357;source_publish_interval=0.504046,,0.5405000410974026,9.413333144038916,9.97312506660819
2026-08-10T17:38:57.972818+00:00,communication_drift_01,meter_01,101,none,none,none,none,none,none,0.9999997000368428,0.46884965177158777,0,,0,0,drift_not_confirmed,,voltage_rolling_mean=231.592152;source_publish_interval=0.504045,,2.635041018947959,18.6404581181705,21.304749883711338
2026-08-10T17:38:57.994475+00:00,communication_drift_01,meter_02,101,none,none,none,none,none,none,0.999998992401241,0.47802156119729855,0,,0,0,drift_not_confirmed,,voltage_rolling_mean=231.433796;source_publish_interval=0.504047,,0.6906671915203333,11.504999827593565,12.215166119858623
2026-08-10T17:38:58.006777+00:00,communication_drift_01,meter_03,101,none,none,none,none,none,none,0.9999424846822081,0.4479655411031015,0,,0,0,drift_not_confirmed,,voltage_rolling_mean=230.612357;source_publish_interval=0.504046,,0.5264170467853546,9.391707833856344,9.93645889684558
2026-08-10T17:38:58.475442+00:00,communication_drift_01,meter_01,102,none,none,none,none,none,none,0.9999997574798347,0.440689497997273,0,,0,0,drift_not_confirmed,,voltage_rolling_mean=231.592152;source_publish_interval=0.504045,,1.3929158449172974,21.29408298060298,22.724000038579106
2026-08-10T17:38:58.498438+00:00,communication_drift_01,meter_02,102,none,none,none,none,none,none,0.9999970100247526,0.45209638765027055,0,,0,0,drift_not_confirmed,,voltage_rolling_mean=231.433796;source_publish_interval=0.504047,,0.8169170469045639,12.814040994271636,13.65458290092647
2026-08-10T17:38:58.512196+00:00,communication_drift_01,meter_03,102,none,none,none,none,none,none,0.9998096617283384,0.4473304602617358,0,,0,0,drift_not_confirmed,,voltage_rolling_mean=230.612357;source_publish_interval=0.504046,,0.5985840689390898,10.225540958344936,10.847249999642372
2026-08-10T17:38:58.980457+00:00,communication_drift_01,meter_01,103,none,none,none,none,none,none,0.9999997733786642,0.5339755569846273,0,,0,0,drift_not_confirmed,,voltage_rolling_mean=231.592152;source_publish_interval=0.504045,,2.2471670527011156,18.44624988734722,20.725332899019122
2026-08-10T17:38:59.001570+00:00,communication_drift_01,meter_02,103,none,none,none,none,none,none,0.9999950949936922,0.5101681436496496,0,,0,0,drift_not_confirmed,,voltage_rolling_mean=231.433796;source_publish_interval=0.504047,,0.7581252139061689,11.435874970629811,12.215582886710763
2026-08-10T17:38:59.013891+00:00,communication_drift_01,meter_03,103,none,none,none,none,none,none,0.9999242341263109,0.466024547771892,0,,0,0,drift_not_confirmed,,voltage_rolling_mean=230.612357;source_publish_interval=0.504046,,0.5442081019282341,9.458500193431973,10.021999944001436
2026-08-10T17:38:59.485606+00:00,communication_drift_01,meter_01,104,none,none,none,none,none,none,0.9999994052886083,0.4772875681753806,0,,0,0,drift_not_confirmed,,voltage_rolling_mean=231.592152;source_publish_interval=0.504045,,1.9508751574903727,21.746000042185187,23.731041001155972
2026-08-10T17:38:59.509632+00:00,communication_drift_01,meter_02,104,none,none,none,none,none,none,0.9999943478320213,0.46443693435940664,0,,0,0,drift_not_confirmed,,voltage_rolling_mean=231.433796;source_publish_interval=0.504047,,0.8199580479413271,11.899417033419013,12.741625076159835
2026-08-10T17:38:59.522470+00:00,communication_drift_01,meter_03,104,none,none,none,none,none,none,0.9990431023621942,0.44547433884439447,0,,0,0,drift_not_confirmed,,voltage_rolling_mean=230.612357;source_publish_interval=0.504046,,0.5902501288801432,9.449375094845891,10.058125015348196
2026-08-10T17:38:59.990553+00:00,communication_drift_01,meter_01,105,none,none,none,none,none,none,0.9999990237754244,0.48150092685769963,0,,0,0,drift_not_confirmed,,voltage_rolling_mean=231.592152;source_publish_interval=0.504045,,2.273749792948365,19.15241708047688,21.456999937072396
2026-08-10T17:39:00.012356+00:00,communication_drift_01,meter_02,105,none,none,none,none,none,none,0.999997617765956,0.45802395186177525,0,,0,0,drift_not_confirmed,,voltage_rolling_mean=231.433796;source_publish_interval=0.504047,,0.6967089138925076,11.463375063613057,12.182333040982485
2026-08-10T17:39:00.024634+00:00,communication_drift_01,meter_03,105,none,none,none,none,none,none,0.9999819985398902,0.5663649176356195,0,,0,0,drift_not_confirmed,,voltage_rolling_mean=230.612357;source_publish_interval=0.504046,,0.5943330470472574,9.566042106598616,10.179083095863461
2026-08-10T17:39:00.495093+00:00,communication_drift_01,meter_01,106,none,none,none,none,none,none,0.9999994104326121,0.43995519959414775,0,,0,0,drift_not_confirmed,,voltage_rolling_mean=231.592152;source_publish_interval=0.504045,,1.5629171393811703,21.610124967992306,23.213084088638425
2026-08-10T17:39:00.518553+00:00,communication_drift_01,meter_02,106,none,none,none,none,none,none,0.9999650912563682,0.49129620236937693,0,,0,0,drift_not_confirmed,,voltage_rolling_mean=231.433796;source_publish_interval=0.504047,,0.8486248552799225,12.432041112333536,13.303790939971805
2026-08-10T17:39:00.531968+00:00,communication_drift_01,meter_03,106,none,none,none,none,none,none,0.9993449932458638,0.4454248869408481,0,,0,0,drift_not_confirmed,,voltage_rolling_mean=230.612357;source_publish_interval=0.504046,,0.5915828514844179,9.920708136633039,10.531333042308688
2026-08-10T17:39:00.998753+00:00,communication_drift_01,meter_01,107,none,none,none,none,none,none,0.9999997764770601,0.4713230253036127,0,,0,0,drift_not_confirmed,,voltage_rolling_mean=231.592152;source_publish_interval=0.504045,,2.169207902625203,22.116707870736718,24.320791009813547
2026-08-10T17:39:01.023437+00:00,communication_drift_01,meter_02,107,none,none,none,none,none,none,0.9999855372054293,0.4584768210012212,0,,0,0,drift_not_confirmed,,voltage_rolling_mean=231.433796;source_publish_interval=0.504047,,0.8337078616023064,12.07962492480874,12.935792095959187
2026-08-10T17:39:01.036477+00:00,communication_drift_01,meter_03,107,none,none,none,none,none,none,0.9999264726683241,0.5219943722444421,0,,0,0,drift_not_confirmed,,voltage_rolling_mean=230.612357;source_publish_interval=0.504046,,0.5855830386281013,9.448374854400754,10.052165947854519
2026-08-10T17:39:01.501180+00:00,communication_drift_01,meter_01,108,none,none,none,none,none,none,0.9999997171831416,0.43333591486106976,0,,0,0,drift_not_confirmed,,voltage_rolling_mean=231.592152;source_publish_interval=0.504045,,2.419708063825965,18.81566597148776,21.271917037665844
2026-08-10T17:39:01.522801+00:00,communication_drift_01,meter_02,108,none,none,none,none,none,none,0.9999924843085085,0.47062117980935825,0,,0,0,drift_not_confirmed,,voltage_rolling_mean=231.433796;source_publish_interval=0.504047,,0.6846250034868717,11.526916176080704,12.231959030032158
2026-08-10T17:39:01.535120+00:00,communication_drift_01,meter_03,108,none,none,none,none,none,none,0.9990344263285099,0.5240988361497635,0,,0,0,drift_not_confirmed,,voltage_rolling_mean=230.612357;source_publish_interval=0.504046,,0.5202910397201777,9.369125124067068,9.907209081575274
2026-08-10T17:39:02.005954+00:00,communication_drift_01,meter_01,109,none,none,none,none,none,none,0.9999962815243337,0.4373211064867311,0,,0,0,drift_not_confirmed,,voltage_rolling_mean=231.592152;source_publish_interval=0.504045,,2.2441670298576355,20.879208808764815,23.156458046287298
2026-08-10T17:39:02.029519+00:00,communication_drift_01,meter_02,109,none,none,none,none,none,none,0.9999865354029385,0.4706060165991515,0,,0,0,drift_not_confirmed,,voltage_rolling_mean=231.433796;source_publish_interval=0.504047,,0.7959590293467045,11.89849991351366,12.716457946226
2026-08-10T17:39:02.042320+00:00,communication_drift_01,meter_03,109,none,none,none,none,none,none,0.9998514875696252,0.5166282522516273,0,,0,0,drift_not_confirmed,,voltage_rolling_mean=230.612357;source_publish_interval=0.504046,,0.5501250270754099,9.3942501116544,9.961541974917054
2026-08-10T17:39:02.509022+00:00,communication_drift_01,meter_01,110,none,none,none,none,none,none,0.9999991942495949,0.46094523480171823,0,,0,0,drift_not_confirmed,,voltage_rolling_mean=231.592152;source_publish_interval=0.504045,,1.9990839064121246,21.962290862575173,23.997416952624917
2026-08-10T17:39:02.533366+00:00,communication_drift_01,meter_02,110,none,none,none,none,none,none,0.9999889746517316,0.4627562705963669,0,,0,0,drift_not_confirmed,,voltage_rolling_mean=231.433796;source_publish_interval=0.504047,,0.8047090377658606,11.961540905758739,12.788500171154737
2026-08-10T17:39:02.546247+00:00,communication_drift_01,meter_03,110,none,none,none,none,none,none,0.9995726087045531,0.532486320889999,0,,0,0,drift_not_confirmed,,voltage_rolling_mean=230.612357;source_publish_interval=0.504046,,0.59104198589921,9.395041968673468,10.003749979659915
2026-08-10T17:39:03.011315+00:00,communication_drift_01,meter_01,111,none,none,none,none,none,none,0.9999994852373045,0.4424483143014599,0,,0,0,drift_not_confirmed,,voltage_rolling_mean=231.592152;source_publish_interval=0.504045,,2.279458101838827,19.348208094015718,21.657458040863276
2026-08-10T17:39:03.033330+00:00,communication_drift_01,meter_02,111,none,none,none,none,none,none,0.9999920882701914,0.4919532788041954,0,,0,0,drift_not_confirmed,,voltage_rolling_mean=231.433796;source_publish_interval=0.504047,,0.6895419210195541,11.651708045974374,12.363582849502563
2026-08-10T17:39:03.045786+00:00,communication_drift_01,meter_03,111,none,none,none,none,none,none,0.9990209444006802,0.546425565520788,0,,0,0,drift_not_confirmed,,voltage_rolling_mean=230.612357;source_publish_interval=0.504046,,0.5429580342024565,9.404083015397191,9.965415811166167
2026-08-10T17:39:03.516286+00:00,communication_drift_01,meter_01,112,none,none,none,none,none,none,0.999998994338768,0.4410546134158179,0,,0,0,drift_not_confirmed,,voltage_rolling_mean=231.592152;source_publish_interval=0.504045,,1.910666935145855,21.688292035833,23.63154198974371
2026-08-10T17:39:03.540263+00:00,communication_drift_01,meter_02,112,none,none,none,none,none,none,0.999974470849422,0.4697711263670112,0,,0,0,drift_not_confirmed,,voltage_rolling_mean=231.433796;source_publish_interval=0.504047,,0.823416979983449,12.056957930326462,12.90287496522069
2026-08-10T17:39:03.553265+00:00,communication_drift_01,meter_03,112,none,none,none,none,none,none,0.9932991560045185,0.48885505239079874,0,,0,0,drift_not_confirmed,,voltage_rolling_mean=230.612357;source_publish_interval=0.504046,,0.5709168035537004,9.494000114500523,10.082707973197103
2026-08-10T17:39:04.020160+00:00,communication_drift_01,meter_01,113,none,none,none,none,none,none,0.9999983232117843,0.4472948487508569,0,,0,0,drift_not_confirmed,,voltage_rolling_mean=231.592152;source_publish_interval=0.504045,,3.3017918467521667,17.108374973759055,20.443833898752928
2026-08-10T17:39:04.040963+00:00,communication_drift_01,meter_02,113,none,none,none,none,none,none,0.9999666601953651,0.46866731542465695,0,,0,0,drift_not_confirmed,,voltage_rolling_mean=231.433796;source_publish_interval=0.504047,,0.6834580563008785,11.046665953472257,11.748749995604157
2026-08-10T17:39:04.052795+00:00,communication_drift_01,meter_03,113,none,none,none,none,none,none,0.9848091277949035,0.45928811863624297,0,,0,0,drift_not_confirmed,,voltage_rolling_mean=230.612357;source_publish_interval=0.504046,,0.5148330237716436,9.204415837302804,9.7356669139117
2026-08-10T17:39:04.524564+00:00,communication_drift_01,meter_01,114,none,none,none,none,none,none,0.9999990372741039,0.4637396013088709,0,,0,0,drift_not_confirmed,,voltage_rolling_mean=231.592152;source_publish_interval=0.504045,,1.8940840382128954,21.100792102515697,23.029749980196357
2026-08-10T17:39:04.547891+00:00,communication_drift_01,meter_02,114,none,none,none,none,none,none,0.999953323497361,0.4812283048470599,0,,0,0,drift_not_confirmed,,voltage_rolling_mean=231.433796;source_publish_interval=0.504047,,0.7832918781787157,11.735124979168177,12.538874987512827
2026-08-10T17:39:04.560530+00:00,communication_drift_01,meter_03,114,none,none,none,none,none,none,0.9964360289517061,0.46373925546367145,0,,0,0,drift_not_confirmed,,voltage_rolling_mean=230.612357;source_publish_interval=0.504046,,0.5179580766707659,9.386542020365596,9.922500001266599
2026-08-10T17:39:05.026649+00:00,communication_drift_01,meter_01,115,none,none,none,none,none,none,0.9999984481665515,0.4426957919823819,0,,0,0,drift_not_confirmed,,voltage_rolling_mean=231.592152;source_publish_interval=0.504045,,1.5067080967128277,21.186042111366987,22.727458970621228
2026-08-10T17:39:05.049722+00:00,communication_drift_01,meter_02,115,none,none,none,none,none,none,0.9999432723499628,0.5345802083265278,0,,0,0,drift_not_confirmed,,voltage_rolling_mean=231.433796;source_publish_interval=0.504047,,0.814375001937151,12.01849989593029,12.854833155870438
2026-08-10T17:39:05.062677+00:00,communication_drift_01,meter_03,115,none,none,none,none,none,none,0.9968329114185958,0.4706203488539953,0,,0,0,drift_not_confirmed,,voltage_rolling_mean=230.612357;source_publish_interval=0.504046,,0.48325001262128353,9.275250136852264,9.777125203981996
2026-08-10T17:39:05.531911+00:00,communication_drift_01,meter_01,116,none,none,none,none,none,none,0.9999985581755745,0.4637485654767519,0,,0,0,drift_not_confirmed,,voltage_rolling_mean=231.592152;source_publish_interval=0.504045,,2.413292182609439,19.25854105502367,21.702334051951766
2026-08-10T17:39:05.553960+00:00,communication_drift_01,meter_02,116,none,none,none,none,none,none,0.9999593391017148,0.4766853717503156,0,,0,0,drift_not_confirmed,,voltage_rolling_mean=231.433796;source_publish_interval=0.504047,,0.7056249305605888,11.37545914389193,12.102375039830804
2026-08-10T17:39:05.566155+00:00,communication_drift_01,meter_03,116,none,none,none,none,none,none,0.9924049390100361,0.4517983609801823,0,,0,0,drift_not_confirmed,,voltage_rolling_mean=230.612357;source_publish_interval=0.504046,,0.5250419490039349,9.488207986578345,10.031958110630512
2026-08-10T17:39:06.036880+00:00,communication_drift_01,meter_01,117,none,none,none,none,none,none,0.9999989086063202,0.4702462868854757,0,,0,0,drift_not_confirmed,,voltage_rolling_mean=231.592152;source_publish_interval=0.504045,,2.3422911763191223,18.03766703233123,20.41345788165927
2026-08-10T17:39:06.057653+00:00,communication_drift_01,meter_02,117,none,none,none,none,none,none,0.9999059149851561,0.4544473969287738,0,,0,0,drift_not_confirmed,,voltage_rolling_mean=231.433796;source_publish_interval=0.504047,,0.7239158730953932,11.308958986774087,12.052709003910422
2026-08-10T17:39:06.069792+00:00,communication_drift_01,meter_03,117,none,none,none,none,none,none,0.9981586709588036,0.5385386836403692,0,,0,0,drift_not_confirmed,,voltage_rolling_mean=230.612357;source_publish_interval=0.504046,,0.5214998964220285,9.329541819170117,9.867958026006818
2026-08-10T17:39:06.541858+00:00,communication_drift_01,meter_01,118,none,none,none,none,none,none,0.9999962079862788,0.4560240432231117,0,,0,0,drift_not_confirmed,,voltage_rolling_mean=231.592152;source_publish_interval=0.504045,,3.129333956167102,17.531750025227666,20.690083038061857
2026-08-10T17:39:06.562880+00:00,communication_drift_01,meter_02,118,none,none,none,none,none,none,0.9997263411116566,0.46391744435902144,0,,0,0,drift_not_confirmed,,voltage_rolling_mean=231.433796;source_publish_interval=0.504047,,0.7082500960677862,11.2869159784168,12.014499865472317
2026-08-10T17:39:06.574987+00:00,communication_drift_01,meter_03,118,none,none,none,unknown,unknown,unknown,0.9269167488307914,0.4478806957188793,0,,0,0,drift_not_confirmed,,voltage_rolling_mean=230.612357;source_publish_interval=0.504046,,0.5140001885592937,9.3427081592381,9.87366703338921
2026-08-10T17:39:07.045592+00:00,communication_drift_01,meter_01,119,none,none,none,none,none,none,0.9999957122626301,0.495693627031774,0,,0,0,drift_not_confirmed,,voltage_rolling_mean=231.592152;source_publish_interval=0.504045,,2.053417032584548,21.474916022270918,23.56666699051857
2026-08-10T17:39:07.069496+00:00,communication_drift_01,meter_02,119,none,none,none,none,none,none,0.9988701757041859,0.5574958599727539,0,,0,0,drift_not_confirmed,,voltage_rolling_mean=231.433796;source_publish_interval=0.504047,,0.7222078274935484,12.041416950523853,12.786375125870109
2026-08-10T17:39:07.082393+00:00,communication_drift_01,meter_03,119,none,none,none,none,none,none,0.958175983761668,0.5793030980952993,0,,0,0,drift_not_confirmed,,voltage_rolling_mean=230.612357;source_publish_interval=0.504046,,0.5735829472541809,9.45549993775785,10.04695799201727
2026-08-10T17:39:07.549625+00:00,communication_drift_01,meter_01,120,none,none,none,none,none,none,0.9999958625737356,0.45388545439846617,0,,0,0,drift_not_confirmed,,voltage_rolling_mean=231.592152;source_publish_interval=0.504045,,2.1044998429715633,21.88325021415949,24.0577079821378
2026-08-10T17:39:07.574391+00:00,communication_drift_01,meter_02,120,none,none,none,none,none,none,0.9999676012274387,0.6038993847531806,0,,0,0,drift_not_confirmed,,voltage_rolling_mean=231.433796;source_publish_interval=0.504047,,0.9516251739114523,12.392791919410229,13.373916037380695
2026-08-10T17:39:07.587935+00:00,communication_drift_01,meter_03,120,none,none,none,none,none,none,0.9935371355648609,0.4518072992098332,0,,0,0,drift_not_confirmed,,voltage_rolling_mean=230.612357;source_publish_interval=0.504046,,0.5878338124603033,9.74670797586441,10.354666970670223
2026-08-10T17:39:08.050463+00:00,communication_drift_01,meter_01,121,none,none,none,none,none,none,0.9999944185628671,0.4696104731472461,0,,0,0,drift_not_confirmed,,voltage_rolling_mean=231.592152;source_publish_interval=0.504045,,1.2514579575508833,24.975332897156477,26.273166993632913
2026-08-10T17:39:08.077030+00:00,communication_drift_01,meter_02,121,none,none,none,none,none,none,0.9994557348530417,0.4589456187428029,0,,0,0,drift_not_confirmed,,voltage_rolling_mean=231.433796;source_publish_interval=0.504047,,0.8755410090088844,12.816957896575332,13.719958020374179
2026-08-10T17:39:08.090883+00:00,communication_drift_01,meter_03,121,none,none,none,none,none,none,0.9919247331582328,0.5015913062518208,0,,0,0,drift_not_confirmed,,voltage_rolling_mean=230.612357;source_publish_interval=0.504046,,0.5892079789191484,9.727915981784463,10.336625156924129
2026-08-10T17:39:08.556151+00:00,communication_drift_01,meter_01,122,none,none,none,none,none,none,0.9999878374372771,0.5168917298632445,0,,0,0,drift_not_confirmed,,voltage_rolling_mean=231.592152;source_publish_interval=0.504045,,1.9115840550512075,21.859708009287715,23.812083061784506
2026-08-10T17:39:08.580266+00:00,communication_drift_01,meter_02,122,none,none,none,none,none,none,0.99996180220969,0.5713678491076987,0,,0,0,drift_not_confirmed,,voltage_rolling_mean=231.433796;source_publish_interval=0.504047,,0.8418748620897532,12.104041874408722,12.968790950253606
2026-08-10T17:39:08.593337+00:00,communication_drift_01,meter_03,122,none,none,none,none,none,none,0.9765687945569873,0.4874412894457678,0,,0,0,drift_not_confirmed,,voltage_rolling_mean=230.612357;source_publish_interval=0.504046,,0.5533329676836729,9.551250142976642,10.122959036380053
2026-08-10T17:39:09.059848+00:00,communication_drift_01,meter_01,123,none,none,none,none,none,none,0.9999947882908216,0.5095780971297194,0,,0,0,drift_not_confirmed,,voltage_rolling_mean=231.592152;source_publish_interval=0.504045,,1.9326251931488514,21.78395795635879,23.75145792029798
2026-08-10T17:39:09.083896+00:00,communication_drift_01,meter_02,123,none,none,none,none,none,none,0.9995952622271613,0.4569290088043063,0,,0,0,drift_not_confirmed,,voltage_rolling_mean=231.433796;source_publish_interval=0.504047,,0.8224588818848133,12.119249906390905,12.963959015905857
2026-08-10T17:39:09.096964+00:00,communication_drift_01,meter_03,123,none,none,none,none,none,none,0.9659637560037296,0.4445080214461853,0,,0,0,drift_not_confirmed,,voltage_rolling_mean=230.612357;source_publish_interval=0.504046,,0.5378338973969221,9.491000091657043,10.046417126432061
2026-08-10T17:39:09.564975+00:00,communication_drift_01,meter_01,124,none,none,none,none,none,none,0.9999402626215196,0.5151484591617669,0,,0,0,drift_not_confirmed,,voltage_rolling_mean=231.592152;source_publish_interval=0.504045,,1.9674159120768309,21.21183299459517,23.224000120535493
2026-08-10T17:39:09.588541+00:00,communication_drift_01,meter_02,124,none,none,none,none,none,none,0.999599197475761,0.45198167500886754,0,,0,0,drift_not_confirmed,,voltage_rolling_mean=231.433796;source_publish_interval=0.504047,,0.7852499838918447,11.744208168238401,12.55562505684793
2026-08-10T17:39:09.601234+00:00,communication_drift_01,meter_03,124,none,none,none,none,none,none,0.9682629096008334,0.4411806562891019,0,,0,0,drift_not_confirmed,,voltage_rolling_mean=230.612357;source_publish_interval=0.504046,,0.5917910020798445,9.58608416840434,10.197542142122984
2026-08-10T17:39:10.069966+00:00,communication_drift_01,meter_01,125,none,none,none,none,none,none,0.9999771941604261,0.4612989462866281,0,,0,0,drift_not_confirmed,,voltage_rolling_mean=231.592152;source_publish_interval=0.504045,,2.470082836225629,18.179959151893854,20.685625029727817
2026-08-10T17:39:10.091011+00:00,communication_drift_01,meter_02,125,none,none,none,none,none,none,0.9990811630578896,0.445513967367519,0,,0,0,drift_not_confirmed,,voltage_rolling_mean=231.433796;source_publish_interval=0.504047,,0.7289999630302191,11.237666942179203,11.987040983512998
2026-08-10T17:39:10.103099+00:00,communication_drift_01,meter_03,125,none,none,none,none,none,none,0.9733117720038024,0.46509980141882845,0,,0,0,drift_not_confirmed,,voltage_rolling_mean=230.612357;source_publish_interval=0.504046,,0.5153329111635685,9.341040858998895,9.874625131487846
2026-08-10T17:39:10.576093+00:00,communication_drift_01,meter_01,126,none,none,none,none,none,none,0.9999875020978553,0.451300022771442,0,,0,0,drift_not_confirmed,,voltage_rolling_mean=231.592152;source_publish_interval=0.504045,,2.1357079967856407,22.01758394949138,24.189417017623782
2026-08-10T17:39:10.600639+00:00,communication_drift_01,meter_02,126,none,none,none,none,none,none,0.9991418554403019,0.4736915794647149,0,,0,0,drift_not_confirmed,,voltage_rolling_mean=231.433796;source_publish_interval=0.504047,,0.8278749883174896,12.10050005465746,12.95124995522201
2026-08-10T17:39:10.613702+00:00,communication_drift_01,meter_03,126,none,none,none,unknown,unknown,unknown,0.8639919197644748,0.4761637991408216,0,,0,0,drift_not_confirmed,,voltage_rolling_mean=230.612357;source_publish_interval=0.504046,,0.5625830963253975,9.474208811298013,10.055749909952283
2026-08-10T17:39:11.077303+00:00,communication_drift_01,meter_01,127,none,none,none,none,none,none,0.9999945672935459,0.4897375030963671,0,,0,0,drift_not_confirmed,,voltage_rolling_mean=231.592152;source_publish_interval=0.504045,,2.5330421049147844,22.649375023320317,25.233334163203835
2026-08-10T17:39:11.102980+00:00,communication_drift_01,meter_02,127,none,none,none,none,none,none,0.9922853149628145,0.4942841857527753,0,,0,0,drift_not_confirmed,,voltage_rolling_mean=231.433796;source_publish_interval=0.504047,,0.9077079594135284,12.178957927972078,13.110707979649305
2026-08-10T17:39:11.116207+00:00,communication_drift_01,meter_03,127,none,none,none,none,none,none,0.9802075042245503,0.4566382491655787,0,,0,0,drift_not_confirmed,,voltage_rolling_mean=230.612357;source_publish_interval=0.504046,,0.5755000747740269,9.865582920610905,10.458915960043669
2026-08-10T17:39:11.579534+00:00,communication_drift_01,meter_01,128,none,none,none,none,none,none,0.9999875469432397,0.46658089180934287,0,,0,0,drift_not_confirmed,,voltage_rolling_mean=231.592152;source_publish_interval=0.504045,,2.214999869465828,18.491750117391348,20.742082968354225
2026-08-10T17:39:11.600623+00:00,communication_drift_01,meter_02,128,none,none,none,none,none,none,0.9992885516597304,0.449929153086193,0,,0,0,drift_not_confirmed,,voltage_rolling_mean=231.433796;source_publish_interval=0.504047,,0.7015829905867577,11.38070784509182,12.102499837055802
2026-08-10T17:39:11.612813+00:00,communication_drift_01,meter_03,128,none,none,none,none,none,none,0.9985864621383255,0.4623163664954837,0,,0,0,drift_not_confirmed,,voltage_rolling_mean=230.612357;source_publish_interval=0.504046,,0.5028338637202978,9.59350005723536,10.115250013768673
2026-08-10T17:39:12.084696+00:00,communication_drift_01,meter_01,129,none,none,none,none,none,none,0.9999781613428516,0.44905937372374716,0,,0,0,drift_not_confirmed,,voltage_rolling_mean=231.592152;source_publish_interval=0.504045,,1.9600410014390945,21.788042038679123,23.7952908501029
2026-08-10T17:39:12.108808+00:00,communication_drift_01,meter_02,129,none,none,none,none,none,none,0.9628301103658712,0.47250528136085895,0,,0,0,drift_not_confirmed,,voltage_rolling_mean=231.433796;source_publish_interval=0.504047,,0.8717922028154135,12.02466688118875,12.919207802042365
2026-08-10T17:39:12.121832+00:00,communication_drift_01,meter_03,129,none,none,none,none,none,none,0.9807593654096937,0.4362588601554802,0,,0,0,drift_not_confirmed,,voltage_rolling_mean=230.612357;source_publish_interval=0.504046,,0.5540410056710243,9.462625021114945,10.03562519326806
2026-08-10T17:39:12.587258+00:00,communication_drift_01,meter_01,130,none,none,none,none,none,none,0.9999777568652373,0.45613579356117234,0,,0,0,drift_not_confirmed,,voltage_rolling_mean=231.592152;source_publish_interval=0.504045,,1.999167026951909,21.75516588613391,23.789166938513517
2026-08-10T17:39:12.611347+00:00,communication_drift_01,meter_02,130,none,none,none,none,none,none,0.994573102342585,0.4587680288977575,0,,0,0,drift_not_confirmed,,voltage_rolling_mean=231.433796;source_publish_interval=0.504047,,0.8515829686075449,11.922916863113642,12.800415977835655
2026-08-10T17:39:12.624251+00:00,communication_drift_01,meter_03,130,none,none,none,none,none,none,0.9907379993363594,0.451581014322122,0,,0,0,drift_not_confirmed,,voltage_rolling_mean=230.612357;source_publish_interval=0.504046,,0.5824998952448368,9.75800002925098,10.358375031501055
2026-08-10T17:39:13.092306+00:00,communication_drift_01,meter_01,131,none,none,none,none,none,none,0.9998503298950348,0.4809486014068755,0,,0,0,drift_not_confirmed,,voltage_rolling_mean=231.592152;source_publish_interval=0.504045,,2.812625141814351,19.090916961431503,21.937499986961484
2026-08-10T17:39:13.114602+00:00,communication_drift_01,meter_02,131,none,none,none,none,none,none,0.9917736366917761,0.46022717538232666,0,,0,0,drift_not_confirmed,,voltage_rolling_mean=231.433796;source_publish_interval=0.504047,,0.7380831521004438,11.533083161339164,12.299667112529278
2026-08-10T17:39:13.126994+00:00,communication_drift_01,meter_03,131,none,none,none,none,none,none,0.9864226632301483,0.436629190110569,0,,0,0,drift_not_confirmed,,voltage_rolling_mean=230.612357;source_publish_interval=0.504046,,0.5287500098347664,9.409707970917225,9.956332854926586
2026-08-10T17:39:13.597069+00:00,communication_drift_01,meter_01,132,none,none,none,none,none,none,0.9999433263059662,0.478748783786413,0,,0,0,drift_not_confirmed,,voltage_rolling_mean=231.592152;source_publish_interval=0.504045,,2.425750019028783,22.03612495213747,24.509417125955224
2026-08-10T17:39:13.621900+00:00,communication_drift_01,meter_02,132,none,none,none,none,none,none,0.9985385051335194,0.45739915171987394,0,,0,0,drift_not_confirmed,,voltage_rolling_mean=231.433796;source_publish_interval=0.504047,,0.8725421503186226,12.08783290348947,12.983000138774514
2026-08-10T17:39:13.634988+00:00,communication_drift_01,meter_03,132,none,none,none,none,none,none,0.950599321013093,0.4744006123285999,0,,0,0,drift_not_confirmed,,voltage_rolling_mean=230.612357;source_publish_interval=0.504046,,0.5860000383108854,9.472541976720095,10.076999897137284
2026-08-10T17:39:14.099552+00:00,communication_drift_01,meter_01,133,none,none,none,none,none,none,0.9999061350056044,0.4535047996262534,0,,0,0,drift_not_confirmed,,voltage_rolling_mean=231.592152;source_publish_interval=0.504045,,1.9462921191006899,20.739292027428746,22.722250083461404
2026-08-10T17:39:14.122610+00:00,communication_drift_01,meter_02,133,none,none,none,none,none,none,0.9976709520541776,0.4455681445247329,0,,0,0,drift_not_confirmed,,voltage_rolling_mean=231.433796;source_publish_interval=0.504047,,0.8655840065330267,11.825582943856716,12.710500042885542
2026-08-10T17:39:14.135422+00:00,communication_drift_01,meter_03,133,none,none,none,none,none,none,0.943161816243553,0.46014551460585157,0,,0,0,drift_not_confirmed,,voltage_rolling_mean=230.612357;source_publish_interval=0.504046,,0.5207080394029617,9.441209025681019,9.980375180020928
2026-08-10T17:39:14.600341+00:00,communication_drift_01,meter_01,134,none,none,none,none,none,none,0.999370938980187,0.49788582153767913,0,,0,0,drift_not_confirmed,,voltage_rolling_mean=231.592152;source_publish_interval=0.504045,,2.2438750602304935,18.405874958261847,20.68916615098715
2026-08-10T17:39:14.621365+00:00,communication_drift_01,meter_02,134,none,none,none,none,none,none,0.9993186321813948,0.49377638491776427,0,,0,0,drift_not_confirmed,,voltage_rolling_mean=231.433796;source_publish_interval=0.504047,,0.714499969035387,11.480208020657301,12.214707909151912
2026-08-10T17:39:14.633667+00:00,communication_drift_01,meter_03,134,none,none,none,none,none,none,0.9414730102828908,0.5891164820808584,0,,0,0,drift_not_confirmed,,voltage_rolling_mean=230.612357;source_publish_interval=0.504046,,0.5124581512063742,9.44866705685854,9.978708112612367
2026-08-10T17:39:15.103840+00:00,communication_drift_01,meter_01,135,none,none,none,none,none,none,0.9998373888812933,0.4516847275744252,0,,0,0,drift_not_confirmed,,voltage_rolling_mean=231.592152;source_publish_interval=0.504045,,3.048874903470278,16.530124936252832,19.607832888141274
2026-08-10T17:39:15.123817+00:00,communication_drift_01,meter_02,135,none,none,none,none,none,none,0.9972377307375354,0.4451143952141287,0,,0,0,drift_not_confirmed,,voltage_rolling_mean=231.433796;source_publish_interval=0.504047,,0.713166082277894,10.771916015073657,11.504667112603784
2026-08-10T17:39:15.135414+00:00,communication_drift_01,meter_03,135,none,none,none,none,none,none,0.997615491930119,0.5515072793779077,0,,0,0,drift_not_confirmed,,voltage_rolling_mean=230.612357;source_publish_interval=0.504046,,0.5021248944103718,9.169291937723756,9.6886670216918
2026-08-10T17:39:15.607775+00:00,communication_drift_01,meter_01,136,none,none,none,none,none,none,0.9996851239558208,0.47669604905325186,0,,0,0,drift_not_confirmed,,voltage_rolling_mean=231.592152;source_publish_interval=0.504045,,2.016957849264145,22.12708303704858,24.190207943320274
2026-08-10T17:39:15.632374+00:00,communication_drift_01,meter_02,136,none,none,none,none,none,none,0.9893142964413331,0.4752412315204035,0,,0,0,drift_not_confirmed,,voltage_rolling_mean=231.433796;source_publish_interval=0.504047,,0.8637499995529652,11.86008402146399,12.746874941512942
2026-08-10T17:39:15.645230+00:00,communication_drift_01,meter_03,136,none,none,none,unknown,unknown,unknown,0.9376402863958203,0.4450095660020861,0,,0,0,drift_not_confirmed,,voltage_rolling_mean=230.612357;source_publish_interval=0.504046,,0.5535408854484558,9.406916797161102,9.978916961699724
2026-08-10T17:39:16.111561+00:00,communication_drift_01,meter_01,137,none,none,none,none,none,none,0.9998569106311327,0.4748583158540029,0,,0,0,drift_not_confirmed,,voltage_rolling_mean=231.592152;source_publish_interval=0.504045,,2.0965421572327614,22.228749934583902,24.365040939301252
2026-08-10T17:39:16.136352+00:00,communication_drift_01,meter_02,137,none,none,none,none,none,none,0.9941432644994463,0.5673102629229684,0,,0,0,drift_not_confirmed,,voltage_rolling_mean=231.433796;source_publish_interval=0.504047,,0.8765000384300947,12.071791803464293,12.971207965165377
2026-08-10T17:39:16.149433+00:00,communication_drift_01,meter_03,137,none,none,none,none,none,none,0.9843237788226757,0.49286279164241437,0,,0,0,drift_not_confirmed,,voltage_rolling_mean=230.612357;source_publish_interval=0.504046,,0.5756670143455267,9.584583807736635,10.178250027820468
2026-08-10T17:39:16.614089+00:00,communication_drift_01,meter_01,138,none,none,none,none,none,none,0.9998662302151715,0.4551402354368854,0,,0,0,drift_not_confirmed,,voltage_rolling_mean=231.592152;source_publish_interval=0.504045,,2.3134159855544567,21.92708384245634,24.272541981190443
2026-08-10T17:39:16.638733+00:00,communication_drift_01,meter_02,138,none,none,none,none,none,none,0.9987394957396184,0.46421300621036504,0,,0,0,drift_not_confirmed,,voltage_rolling_mean=231.433796;source_publish_interval=0.504047,,0.8172499947249889,11.952125001698732,12.791374931111932
2026-08-10T17:39:16.651632+00:00,communication_drift_01,meter_03,138,none,none,none,none,none,none,0.9933356317082626,0.4429427408220904,0,,0,0,drift_not_confirmed,,voltage_rolling_mean=230.612357;source_publish_interval=0.504046,,0.5894999485462904,9.496374987065792,10.10391698218882
2026-08-10T17:39:17.116384+00:00,communication_drift_01,meter_01,139,none,none,none,none,none,none,0.9993509841828613,0.44412129555291713,0,,0,0,drift_not_confirmed,,voltage_rolling_mean=231.592152;source_publish_interval=0.504045,,1.9396659918129444,21.856416948139668,23.833665996789932
2026-08-10T17:39:17.140519+00:00,communication_drift_01,meter_02,139,none,none,none,none,none,none,0.9988903907425885,0.4648812385273157,0,,0,0,drift_not_confirmed,,voltage_rolling_mean=231.433796;source_publish_interval=0.504047,,0.8566670585423708,11.951084015890956,12.831833912059665
2026-08-10T17:39:17.153473+00:00,communication_drift_01,meter_03,139,none,none,none,unknown,unknown,unknown,0.999804179621165,0.6609212132728042,0,,0,0,drift_not_confirmed,,voltage_rolling_mean=230.612357;source_publish_interval=0.504046,,0.5895409267395735,9.571624919772148,10.179959004744887
2026-08-10T17:39:17.621376+00:00,communication_drift_01,meter_01,140,none,none,none,none,none,none,0.9994690337205123,0.4436591592620421,0,,0,0,drift_not_confirmed,,voltage_rolling_mean=231.592152;source_publish_interval=0.504045,,1.945124939084053,21.640666062012315,23.616750026121736
2026-08-10T17:39:17.645362+00:00,communication_drift_01,meter_02,140,none,none,none,none,none,none,0.9995084454402247,0.562290216635759,0,,0,0,drift_not_confirmed,,voltage_rolling_mean=231.433796;source_publish_interval=0.504047,,0.7547920104116201,12.119750026613474,12.89683417417109
2026-08-10T17:39:17.658366+00:00,communication_drift_01,meter_03,140,none,none,none,unknown,unknown,unknown,0.8802614578869512,0.4523564036904208,0,,0,0,drift_not_confirmed,,voltage_rolling_mean=230.612357;source_publish_interval=0.504046,,0.6007920019328594,9.483790956437588,10.1021658629179
2026-08-10T17:39:18.122095+00:00,communication_drift_01,meter_01,141,none,none,none,none,none,none,0.9922236390199364,0.47239717449809165,0,,0,0,drift_not_confirmed,,voltage_rolling_mean=231.592152;source_publish_interval=0.504045,,1.4762079808861017,22.194666089490056,23.709584027528763
2026-08-10T17:39:18.146060+00:00,communication_drift_01,meter_02,141,none,none,none,none,none,none,0.99590332089654,0.44804718510018454,0,,0,0,drift_not_confirmed,,voltage_rolling_mean=231.433796;source_publish_interval=0.504047,,0.8718329481780529,12.556791072711349,13.451250037178397
2026-08-10T17:39:18.159636+00:00,communication_drift_01,meter_03,141,none,none,none,none,none,none,0.988014090206182,0.4393847132599914,0,,0,0,drift_not_confirmed,,voltage_rolling_mean=230.612357;source_publish_interval=0.504046,,0.6047501228749752,9.636708069592714,10.260125156491995
2026-08-10T17:39:18.627304+00:00,communication_drift_01,meter_01,142,none,none,none,none,none,none,0.9995345750336643,0.4825012002426355,0,,0,0,drift_not_confirmed,,voltage_rolling_mean=231.592152;source_publish_interval=0.504045,,1.889707986265421,20.206375047564507,22.138208150863647
2026-08-10T17:39:18.649821+00:00,communication_drift_01,meter_02,142,none,none,none,none,none,none,0.9770304821490224,0.4665190068933486,0,,0,0,drift_not_confirmed,,voltage_rolling_mean=231.433796;source_publish_interval=0.504047,,0.7290421053767204,11.730542173609138,12.481791898608208
2026-08-10T17:39:18.662407+00:00,communication_drift_01,meter_03,142,none,none,none,none,none,none,0.9946561666911474,0.43854642407339356,0,,0,0,drift_not_confirmed,,voltage_rolling_mean=230.612357;source_publish_interval=0.504046,,0.6023328751325607,9.510708041489124,10.132000083103776
2026-08-10T17:39:19.130267+00:00,communication_drift_01,meter_01,143,none,none,none,none,none,none,0.999521058994801,0.45359373477205683,0,,0,0,drift_not_confirmed,,voltage_rolling_mean=231.592152;source_publish_interval=0.504045,,2.113749971613288,21.208707941696048,23.35816598497331
2026-08-10T17:39:19.153919+00:00,communication_drift_01,meter_02,143,none,none,none,none,none,none,0.9986471553577199,0.5512859804043512,0,,0,0,drift_not_confirmed,,voltage_rolling_mean=231.433796;source_publish_interval=0.504047,,0.83183404058218,12.688291957601905,13.543666806071997
2026-08-10T17:39:19.167572+00:00,communication_drift_01,meter_03,143,none,none,none,none,none,none,0.9783825476026036,0.4704054636925678,0,,0,0,drift_not_confirmed,,voltage_rolling_mean=230.612357;source_publish_interval=0.504046,,0.5996669642627239,9.684042073786259,10.303083108738065
2026-08-10T17:39:19.636035+00:00,communication_drift_01,meter_01,144,none,none,none,none,none,none,0.9996415101076527,0.5007144122414909,0,,0,0,drift_not_confirmed,,voltage_rolling_mean=231.592152;source_publish_interval=0.504045,,2.3031251039355993,19.231999991461635,21.574791986495256
2026-08-10T17:39:19.657967+00:00,communication_drift_01,meter_02,144,none,none,none,none,none,none,0.9631561992571963,0.5489338020214434,0,,0,0,drift_not_confirmed,,voltage_rolling_mean=231.433796;source_publish_interval=0.504047,,0.744708813726902,11.635292088612914,12.401249958202243
2026-08-10T17:39:19.670472+00:00,communication_drift_01,meter_03,144,none,none,none,none,none,none,0.9981267171367992,0.46141645609069337,0,,0,0,drift_not_confirmed,,voltage_rolling_mean=230.612357;source_publish_interval=0.504046,,0.5402499809861183,9.483709000051022,10.041374946013093
2026-08-10T17:39:20.137139+00:00,communication_drift_01,meter_01,145,none,none,none,none,none,none,0.9993502506409706,0.4958371291472006,0,,0,0,drift_not_confirmed,,voltage_rolling_mean=231.592152;source_publish_interval=0.504045,,2.1340420935302973,18.72158399783075,20.888375118374825
2026-08-10T17:39:20.158372+00:00,communication_drift_01,meter_02,145,none,none,none,none,none,none,0.9936382196834463,0.5174231241873096,0,,0,0,drift_not_confirmed,,voltage_rolling_mean=231.433796;source_publish_interval=0.504047,,0.704416073858738,11.440249858424067,12.164457933977246
2026-08-10T17:39:20.170620+00:00,communication_drift_01,meter_03,145,none,none,none,none,none,none,0.9897096377725509,0.438799939080754,0,,0,0,drift_not_confirmed,,voltage_rolling_mean=230.612357;source_publish_interval=0.504046,,0.5318331532180309,9.334250120446086,9.884041966870427
2026-08-10T17:39:20.641824+00:00,communication_drift_01,meter_01,146,none,none,none,none,none,none,0.998031526956618,0.4796509470946176,0,,0,0,drift_not_confirmed,,voltage_rolling_mean=231.592152;source_publish_interval=0.504045,,1.9034161232411861,21.82779205031693,23.76758400350809
2026-08-10T17:39:20.665894+00:00,communication_drift_01,meter_02,146,none,none,none,none,none,none,0.9587387848682949,0.46274527272602484,0,,0,0,drift_not_confirmed,,voltage_rolling_mean=231.433796;source_publish_interval=0.504047,,0.8549999911338091,11.939957970753312,12.816583039239049
2026-08-10T17:39:20.678809+00:00,communication_drift_01,meter_03,146,none,none,none,none,none,none,0.9781482384258411,0.45108896038035656,0,,0,0,drift_not_confirmed,,voltage_rolling_mean=230.612357;source_publish_interval=0.504046,,0.6047501228749752,9.37624997459352,9.998624911531806
2026-08-10T17:39:21.145305+00:00,communication_drift_01,meter_01,147,none,none,none,none,none,none,0.9994844386411159,0.4484921628443946,0,,0,0,drift_not_confirmed,,voltage_rolling_mean=231.592152;source_publish_interval=0.504045,,0.7156669162213802,11.123375035822392,11.862582992762327
2026-08-10T17:39:21.157273+00:00,communication_drift_01,meter_02,147,none,none,none,none,none,none,0.9944280563143102,0.504247916177756,0,,0,0,drift_not_confirmed,,voltage_rolling_mean=231.433796;source_publish_interval=0.504047,,0.5345419049263,9.134290972724557,9.68541600741446
2026-08-10T17:39:21.167025+00:00,communication_drift_01,meter_03,147,none,none,none,none,none,none,0.9997353753511763,0.48116056086494285,0,,0,0,drift_not_confirmed,,voltage_rolling_mean=230.612357;source_publish_interval=0.504046,,0.464749988168478,8.104166947305202,8.58466699719429
2026-08-10T17:39:21.651705+00:00,communication_drift_01,meter_01,148,none,none,none,none,none,none,0.9949578683588948,0.4848833472394567,0,,0,0,drift_not_confirmed,,voltage_rolling_mean=231.592152;source_publish_interval=0.504045,,1.9535839091986418,22.06395799294114,24.070499930530787
2026-08-10T17:39:21.676145+00:00,communication_drift_01,meter_02,148,none,none,none,unknown,unknown,unknown,0.6918044798218206,0.49280600705715427,0,,0,0,drift_not_confirmed,,voltage_rolling_mean=231.433796;source_publish_interval=0.504047,,0.9086248464882374,12.09041615948081,13.021582970395684
2026-08-10T17:39:21.689299+00:00,communication_drift_01,meter_03,148,none,none,none,none,none,none,0.98163407791656,0.4590272298424599,0,,0,0,drift_not_confirmed,,voltage_rolling_mean=230.612357;source_publish_interval=0.504046,,0.5600419826805592,9.599833050742745,10.178999975323677
2026-08-10T17:39:22.156705+00:00,communication_drift_01,meter_01,149,none,none,none,none,none,none,0.9965579625192068,0.45085370079565074,0,,0,0,drift_not_confirmed,,voltage_rolling_mean=231.592152;source_publish_interval=0.504045,,2.5364169850945473,18.722040811553597,21.298374980688095
2026-08-10T17:39:22.178430+00:00,communication_drift_01,meter_02,149,none,none,none,none,none,none,0.9654344259143276,0.4598280902582364,0,,0,0,drift_not_confirmed,,voltage_rolling_mean=231.433796;source_publish_interval=0.504047,,0.762708019465208,11.5342081990093,12.318291934207082
2026-08-10T17:39:22.190850+00:00,communication_drift_01,meter_03,149,none,none,none,none,none,none,0.9986092676031929,0.48603337353199905,0,,0,0,drift_not_confirmed,,voltage_rolling_mean=230.612357;source_publish_interval=0.504046,,0.5526670720428228,9.417124791070819,9.987749857828021
2026-08-10T17:39:22.661919+00:00,communication_drift_01,meter_01,150,none,publish_interval,none,none,none,none,0.9973961942020815,0.46964513846572586,0,,0,0,drift_not_confirmed,,voltage_rolling_mean=231.592152;source_publish_interval=0.504045,,1.883958000689745,21.93179097957909,23.85133388452232
2026-08-10T17:39:22.686073+00:00,communication_drift_01,meter_02,150,none,publish_interval,none,unknown,unknown,unknown,0.9338268384716365,0.4861911826887764,0,,0,0,drift_not_confirmed,,voltage_rolling_mean=231.433796;source_publish_interval=0.504047,,0.8345840033143759,12.002583127468824,12.859666021540761
2026-08-10T17:39:22.699047+00:00,communication_drift_01,meter_03,150,none,publish_interval,none,none,none,none,0.9914170277176488,0.46641688413663507,0,,0,0,drift_not_confirmed,,voltage_rolling_mean=230.612357;source_publish_interval=0.504046,,0.5902079865336418,9.655667003244162,10.264334036037326
2026-08-10T17:39:23.462265+00:00,communication_drift_01,meter_01,151,none,publish_interval,random,random,random,random,0.9999999999617608,0.480696821688375,0,,0,0,drift_not_confirmed,,voltage_rolling_mean=231.592152;source_publish_interval=0.504045,,2.6911247987300158,18.622541800141335,21.347624948248267
2026-08-10T17:39:23.483990+00:00,communication_drift_01,meter_02,151,none,publish_interval,random,random,random,random,0.9999999999883691,0.4625559409684083,0,,0,0,drift_not_confirmed,,voltage_rolling_mean=231.433796;source_publish_interval=0.504047,,0.7096659392118454,11.407417012378573,12.13687495328486
2026-08-10T17:39:23.496225+00:00,communication_drift_01,meter_03,151,none,publish_interval,random,random,random,random,0.9999999999568179,0.46243160883306833,0,,0,0,drift_not_confirmed,,voltage_rolling_mean=230.612357;source_publish_interval=0.504046,,0.564665999263525,9.402707917615771,9.985250188037753
2026-08-10T17:39:24.266669+00:00,communication_drift_01,meter_01,152,none,publish_interval,random,random,random,random,0.9999999999455635,0.5953295256298671,0,,0,0,drift_not_confirmed,,voltage_rolling_mean=231.592152;source_publish_interval=0.504045,,2.13425001129508,22.212583106011152,24.385083001106977
2026-08-10T17:39:24.291498+00:00,communication_drift_01,meter_02,152,none,publish_interval,random,random,random,random,0.9999999999975164,0.5003743079188732,0,,0,0,drift_not_confirmed,,voltage_rolling_mean=231.433796;source_publish_interval=0.504047,,0.8535829838365316,12.126582907512784,13.003499945625663
2026-08-10T17:39:24.304640+00:00,communication_drift_01,meter_03,152,none,publish_interval,random,random,random,random,0.9999999999868103,0.45623235909139154,0,,0,0,drift_not_confirmed,,voltage_rolling_mean=230.612357;source_publish_interval=0.504046,,0.6027920171618462,9.513499913737178,10.134374955669045
2026-08-10T17:39:25.070518+00:00,communication_drift_01,meter_01,153,none,publish_interval,random,random,random,random,0.9999999999728366,0.4937698782589764,0,,0,0,drift_not_confirmed,,voltage_rolling_mean=231.592152;source_publish_interval=0.504045,,2.4741250090301037,18.46329215914011,20.9714169614017
2026-08-10T17:39:25.091851+00:00,communication_drift_01,meter_02,153,none,publish_interval,random,random,random,random,0.999999999993948,0.48524045749153377,0,,0,0,drift_not_confirmed,,voltage_rolling_mean=231.433796;source_publish_interval=0.504047,,0.7219580002129078,11.336624855175614,12.079916894435883
2026-08-10T17:39:25.104033+00:00,communication_drift_01,meter_03,153,none,publish_interval,random,random,random,random,0.9999999998617994,0.4849644999415603,0,,0,0,drift_not_confirmed,,voltage_rolling_mean=230.612357;source_publish_interval=0.504046,,0.5319579504430294,9.46450000628829,10.014249943196774
2026-08-10T17:39:25.870954+00:00,communication_drift_01,meter_01,154,none,publish_interval,random,random,random,random,0.999999999994927,0.46898947132144164,0,,0,0,drift_not_confirmed,,voltage_rolling_mean=231.592152;source_publish_interval=0.504045,,2.1315410267561674,21.94333402439952,24.114625062793493
2026-08-10T17:39:25.895426+00:00,communication_drift_01,meter_02,154,none,publish_interval,random,random,random,random,0.9999999999764362,0.5723249678802819,0,,0,0,drift_not_confirmed,,voltage_rolling_mean=231.433796;source_publish_interval=0.504047,,0.8583338931202888,12.312167091295123,13.194958912208676
2026-08-10T17:39:25.908750+00:00,communication_drift_01,meter_03,154,none,publish_interval,random,random,random,random,0.9999999999577025,0.4725693788754852,0,,0,0,drift_not_confirmed,,voltage_rolling_mean=230.612357;source_publish_interval=0.504046,,0.6059580482542515,9.568625129759312,10.193499969318509
2026-08-10T17:39:26.674948+00:00,communication_drift_01,meter_01,155,none,publish_interval,random,random,random,normal_drift,0.9999999999883535,0.4691653078118494,1,source_publish_interval,1,0,collecting_candidates;drift_not_confirmed,source_publish_interval,voltage_rolling_mean=231.592152;source_publish_interval=0.504045,source_publish_interval,2.2393749095499516,20.266624866053462,22.556249983608723
2026-08-10T17:39:26.697957+00:00,communication_drift_01,meter_02,155,none,publish_interval,random,random,random,normal_drift,0.9999999999936504,0.4985037446033222,1,source_publish_interval,1,0,collecting_candidates;drift_not_confirmed,source_publish_interval,voltage_rolling_mean=231.433796;source_publish_interval=0.504047,source_publish_interval,0.7416249718517065,11.76529098302126,12.535916175693274
2026-08-10T17:39:26.710611+00:00,communication_drift_01,meter_03,155,none,publish_interval,random,random,random,normal_drift,0.9999999999294014,0.45743308424936696,1,source_publish_interval,1,0,collecting_candidates;drift_not_confirmed,source_publish_interval,voltage_rolling_mean=230.612357;source_publish_interval=0.504046,source_publish_interval,0.6034581456333399,9.591999929398298,10.217458941042423
2026-08-10T17:39:27.480220+00:00,communication_drift_01,meter_01,156,none,publish_interval,random,random,random,normal_drift,0.9999999999925488,0.44609476938621073,0,,1,0,collecting_candidates;drift_not_confirmed,source_publish_interval,voltage_rolling_mean=231.592152;source_publish_interval=0.504045,source_publish_interval,2.2668750025331974,22.281083976849914,24.590957909822464
2026-08-10T17:39:27.505219+00:00,communication_drift_01,meter_02,156,none,publish_interval,random,random,random,normal_drift,0.999999999995709,0.43846299725110705,0,,1,0,collecting_candidates;drift_not_confirmed,source_publish_interval,voltage_rolling_mean=231.433796;source_publish_interval=0.504047,source_publish_interval,0.8476250804960728,12.083709007129073,12.956666061654687
2026-08-10T17:39:27.518293+00:00,communication_drift_01,meter_03,156,none,publish_interval,random,random,random,normal_drift,0.9999999999861762,0.4831433254097178,0,,1,0,collecting_candidates;drift_not_confirmed,source_publish_interval,voltage_rolling_mean=230.612357;source_publish_interval=0.504046,source_publish_interval,0.5735831800848246,9.439334040507674,10.032874997705221
2026-08-10T17:39:28.285499+00:00,communication_drift_01,meter_01,157,none,publish_interval,random,random,random,normal_drift,0.9999999999948197,0.44458413462912216,0,,1,0,collecting_candidates;drift_not_confirmed,source_publish_interval,voltage_rolling_mean=231.592152;source_publish_interval=0.504045,source_publish_interval,2.1240408532321453,18.088333075866103,20.248709013685584
2026-08-10T17:39:28.306136+00:00,communication_drift_01,meter_02,157,none,publish_interval,random,random,random,normal_drift,0.9999999999831499,0.524030007891728,0,,1,0,collecting_candidates;drift_not_confirmed,source_publish_interval,voltage_rolling_mean=231.433796;source_publish_interval=0.504047,source_publish_interval,0.7009999826550484,11.33279106579721,12.05462496727705
2026-08-10T17:39:28.318291+00:00,communication_drift_01,meter_03,157,none,publish_interval,random,random,random,normal_drift,0.9999999999276319,0.44037730530936825,0,,1,0,collecting_candidates;drift_not_confirmed,source_publish_interval,voltage_rolling_mean=230.612357;source_publish_interval=0.504046,source_publish_interval,0.5137918051332235,9.311083005741239,9.845375083386898
2026-08-10T17:39:29.087261+00:00,communication_drift_01,meter_01,158,none,publish_interval,random,random,random,normal_drift,0.9999999999900351,0.5222030042849111,0,,1,0,collecting_candidates;drift_not_confirmed,source_publish_interval,voltage_rolling_mean=231.592152;source_publish_interval=0.504045,source_publish_interval,2.6665409095585346,20.384416915476322,23.089583963155746
2026-08-10T17:39:29.110756+00:00,communication_drift_01,meter_02,158,none,publish_interval,random,random,random,normal_drift,0.9999999999729383,0.5202110177469504,0,,1,0,collecting_candidates;drift_not_confirmed,source_publish_interval,voltage_rolling_mean=231.433796;source_publish_interval=0.504047,source_publish_interval,0.7432920392602682,11.752416845411062,12.52095797099173
2026-08-10T17:39:29.123404+00:00,communication_drift_01,meter_03,158,none,publish_interval,random,random,random,normal_drift,0.9999999999828639,0.5797567442860595,0,,1,0,collecting_candidates;drift_not_confirmed,source_publish_interval,voltage_rolling_mean=230.612357;source_publish_interval=0.504046,source_publish_interval,0.5442500114440918,9.457167005166411,10.022584116086364
2026-08-10T17:39:29.891566+00:00,communication_drift_01,meter_01,159,none,publish_interval,random,random,random,normal_drift,0.99999999998224,0.478605873106833,0,,1,0,collecting_candidates;drift_not_confirmed,source_publish_interval,voltage_rolling_mean=231.592152;source_publish_interval=0.504045,source_publish_interval,2.018416067585349,21.908625029027462,23.968916153535247
2026-08-10T17:39:29.915885+00:00,communication_drift_01,meter_02,159,none,publish_interval,random,random,random,normal_drift,0.9999999999688898,0.43927771086989,0,,1,0,collecting_candidates;drift_not_confirmed,source_publish_interval,voltage_rolling_mean=231.433796;source_publish_interval=0.504047,source_publish_interval,0.8594999089837074,12.128709116950631,13.012000126764178
2026-08-10T17:39:29.929020+00:00,communication_drift_01,meter_03,159,none,publish_interval,random,random,random,normal_drift,0.9999999998741436,0.4660867611638199,0,,1,0,collecting_candidates;drift_not_confirmed,source_publish_interval,voltage_rolling_mean=230.612357;source_publish_interval=0.504046,source_publish_interval,0.546041177585721,9.48154111392796,10.04670886322856
2026-08-10T17:39:30.696567+00:00,communication_drift_01,meter_01,160,none,publish_interval,random,random,random,normal_drift,0.9999999999802285,0.5527504237533212,0,,1,0,collecting_candidates;drift_not_confirmed,source_publish_interval,voltage_rolling_mean=231.592152;source_publish_interval=0.504045,source_publish_interval,2.1699999924749136,22.047291975468397,24.26233422011137
2026-08-10T17:39:30.721203+00:00,communication_drift_01,meter_02,160,none,publish_interval,random,random,random,normal_drift,0.9999999999995284,0.43803519858341006,0,,1,0,collecting_candidates;drift_not_confirmed,source_publish_interval,voltage_rolling_mean=231.433796;source_publish_interval=0.504047,source_publish_interval,0.7824169006198645,11.913374997675419,12.720874976366758
2026-08-10T17:39:30.734050+00:00,communication_drift_01,meter_03,160,none,publish_interval,random,random,random,normal_drift,0.9999999999033204,0.45978673367230827,0,,1,0,collecting_candidates;drift_not_confirmed,source_publish_interval,voltage_rolling_mean=230.612357;source_publish_interval=0.504046,source_publish_interval,0.6013328675180674,9.68112493865192,10.302582988515496
2026-08-10T17:39:31.501215+00:00,communication_drift_01,meter_01,161,none,publish_interval,random,random,random,normal_drift,0.9999999999901579,0.4636263277034017,0,,1,0,collecting_candidates;drift_not_confirmed,source_publish_interval,voltage_rolling_mean=231.592152;source_publish_interval=0.504045,source_publish_interval,2.416459145024419,19.669166998937726,22.118499968200922
2026-08-10T17:39:31.523728+00:00,communication_drift_01,meter_02,161,none,publish_interval,random,random,random,normal_drift,0.9999999999943134,0.4805161733955548,0,,1,0,collecting_candidates;drift_not_confirmed,source_publish_interval,voltage_rolling_mean=231.433796;source_publish_interval=0.504047,source_publish_interval,0.7158748339861631,11.724791955202818,12.4615419190377
2026-08-10T17:39:31.536304+00:00,communication_drift_01,meter_03,161,none,publish_interval,random,random,random,normal_drift,0.9999999998177731,0.451556070871516,0,,1,0,collecting_candidates;drift_not_confirmed,source_publish_interval,voltage_rolling_mean=230.612357;source_publish_interval=0.504046,source_publish_interval,0.5425000563263893,9.48416581377387,10.046832961961627
2026-08-10T17:39:32.304191+00:00,communication_drift_01,meter_01,162,none,publish_interval,random,random,random,normal_drift,0.9999999999844895,0.4828984364331832,0,,1,0,collecting_candidates;drift_not_confirmed,source_publish_interval,voltage_rolling_mean=231.592152;source_publish_interval=0.504045,source_publish_interval,2.5698328390717506,22.668832913041115,25.279875146225095
2026-08-10T17:39:32.329877+00:00,communication_drift_01,meter_02,162,none,publish_interval,random,random,random,normal_drift,0.9999999999979974,0.4408176814954635,0,,1,0,collecting_candidates;drift_not_confirmed,source_publish_interval,voltage_rolling_mean=231.433796;source_publish_interval=0.504047,source_publish_interval,0.8669171947985888,12.31270912103355,13.208207907155156
2026-08-10T17:39:32.343227+00:00,communication_drift_01,meter_03,162,none,publish_interval,random,random,random,normal_drift,0.9999999999309068,0.45240399295878614,0,,1,0,collecting_candidates;drift_not_confirmed,source_publish_interval,voltage_rolling_mean=230.612357;source_publish_interval=0.504046,source_publish_interval,0.5609169602394104,9.633832843974233,10.215124813839793
2026-08-10T17:39:33.108213+00:00,communication_drift_01,meter_01,163,none,publish_interval,random,random,random,normal_drift,0.9999999999952323,0.46844781237289457,0,,1,0,collecting_candidates;drift_not_confirmed,source_publish_interval,voltage_rolling_mean=231.592152;source_publish_interval=0.504045,source_publish_interval,2.705666935071349,19.93558299727738,22.675124928355217
2026-08-10T17:39:33.131283+00:00,communication_drift_01,meter_02,163,none,publish_interval,random,random,random,normal_drift,0.9999999999875397,0.44479863568419153,0,,1,0,collecting_candidates;drift_not_confirmed,source_publish_interval,voltage_rolling_mean=231.433796;source_publish_interval=0.504047,source_publish_interval,0.7060000207275152,11.460750130936503,12.191624846309423
2026-08-10T17:39:33.143586+00:00,communication_drift_01,meter_03,163,none,publish_interval,random,random,random,normal_drift,0.9999999997741433,0.477669654091163,0,,1,0,collecting_candidates;drift_not_confirmed,source_publish_interval,voltage_rolling_mean=230.612357;source_publish_interval=0.504046,source_publish_interval,0.5259159952402115,9.399041999131441,9.94520797394216
2026-08-10T17:39:33.911987+00:00,communication_drift_01,meter_01,164,none,publish_interval,random,random,random,normal_drift,0.9999999999931313,0.446540881312272,0,,1,0,collecting_candidates;drift_not_confirmed,source_publish_interval,voltage_rolling_mean=231.592152;source_publish_interval=0.504045,source_publish_interval,2.2350409999489784,18.778375117108226,21.04737493209541
2026-08-10T17:39:33.933439+00:00,communication_drift_01,meter_02,164,none,publish_interval,random,random,random,normal_drift,0.9999999999736011,0.46484161666316676,0,,1,0,collecting_candidates;drift_not_confirmed,source_publish_interval,voltage_rolling_mean=231.433796;source_publish_interval=0.504047,source_publish_interval,0.6923340260982513,11.35416585020721,12.067583156749606
2026-08-10T17:39:33.945615+00:00,communication_drift_01,meter_03,164,none,publish_interval,random,random,random,normal_drift,0.9999999997421736,0.44571537339656103,0,,1,0,collecting_candidates;drift_not_confirmed,source_publish_interval,voltage_rolling_mean=230.612357;source_publish_interval=0.504046,source_publish_interval,0.5195420235395432,9.375791065394878,9.913792135193944
2026-08-10T17:39:34.717257+00:00,communication_drift_01,meter_01,165,none,publish_interval,random,random,random,normal_drift,0.9999999999961047,0.4370378603040724,0,,1,0,collecting_candidates;drift_not_confirmed,source_publish_interval,voltage_rolling_mean=231.592152;source_publish_interval=0.504045,source_publish_interval,1.9672908820211887,22.188999922946095,24.19191598892212
2026-08-10T17:39:34.741755+00:00,communication_drift_01,meter_02,165,none,publish_interval,random,random,random,normal_drift,0.999999999996313,0.44240384889911694,0,,1,0,collecting_candidates;drift_not_confirmed,source_publish_interval,voltage_rolling_mean=231.433796;source_publish_interval=0.504047,source_publish_interval,0.7962090894579887,12.236083159223199,13.058583019301295
2026-08-10T17:39:34.754924+00:00,communication_drift_01,meter_03,165,none,publish_interval,random,random,random,normal_drift,0.9999999998237117,0.45442525482663465,0,,1,0,collecting_candidates;drift_not_confirmed,source_publish_interval,voltage_rolling_mean=230.612357;source_publish_interval=0.504046,source_publish_interval,0.5305830854922533,9.391000028699636,9.941250085830688
2026-08-10T17:39:35.519847+00:00,communication_drift_01,meter_01,166,none,publish_interval,random,random,random,normal_drift,0.9999999999974738,0.4474243659275013,0,,1,0,collecting_candidates;drift_not_confirmed,source_publish_interval,voltage_rolling_mean=231.592152;source_publish_interval=0.504045,source_publish_interval,2.377042081207037,22.29666686616838,24.708458920940757
2026-08-10T17:39:35.544894+00:00,communication_drift_01,meter_02,166,none,publish_interval,random,random,random,normal_drift,0.9999999999602605,0.4337816752924583,0,,1,0,collecting_candidates;drift_not_confirmed,source_publish_interval,voltage_rolling_mean=231.433796;source_publish_interval=0.504047,source_publish_interval,0.7460420019924641,11.751542100682855,12.521374970674515
2026-08-10T17:39:35.557530+00:00,communication_drift_01,meter_03,166,none,publish_interval,random,random,random,normal_drift,0.9999999997374378,0.4881065349754749,0,,1,0,collecting_candidates;drift_not_confirmed,source_publish_interval,voltage_rolling_mean=230.612357;source_publish_interval=0.504046,source_publish_interval,0.6170421838760376,9.660915937274694,10.296332882717252
2026-08-10T17:39:36.325352+00:00,communication_drift_01,meter_01,167,none,publish_interval,random,random,random,normal_drift,0.9999999999971565,0.4679673337316612,0,,1,0,collecting_candidates;drift_not_confirmed,source_publish_interval,voltage_rolling_mean=231.592152;source_publish_interval=0.504045,source_publish_interval,2.039416925981641,22.24604203365743,24.320374941453338
2026-08-10T17:39:36.350044+00:00,communication_drift_01,meter_02,167,none,publish_interval,random,random,random,normal_drift,0.9999999999895057,0.4512093337213098,0,,1,0,collecting_candidates;drift_not_confirmed,source_publish_interval,voltage_rolling_mean=231.433796;source_publish_interval=0.504047,source_publish_interval,0.7820839527994394,11.947124963626266,12.751500122249126
2026-08-10T17:39:36.362905+00:00,communication_drift_01,meter_03,167,none,publish_interval,random,random,random,normal_drift,0.9999999997277189,0.48499862880568023,0,,1,0,collecting_candidates;drift_not_confirmed,source_publish_interval,voltage_rolling_mean=230.612357;source_publish_interval=0.504046,source_publish_interval,0.5778749473392963,9.51458397321403,10.111541021615267
2026-08-10T17:39:37.128222+00:00,communication_drift_01,meter_01,168,none,publish_interval,random,random,random,normal_drift,0.9999999999942901,0.5027513431128903,0,,1,0,collecting_candidates;drift_not_confirmed,source_publish_interval,voltage_rolling_mean=231.592152;source_publish_interval=0.504045,source_publish_interval,2.6469589211046696,22.978459019213915,25.668333051726222
2026-08-10T17:39:37.154335+00:00,communication_drift_01,meter_02,168,none,publish_interval,random,random,random,normal_drift,0.9999999999942479,0.48932795932402084,0,,1,0,collecting_candidates;drift_not_confirmed,source_publish_interval,voltage_rolling_mean=231.433796;source_publish_interval=0.504047,source_publish_interval,0.8535420056432486,12.024624971672893,12.905417010188103
2026-08-10T17:39:37.167396+00:00,communication_drift_01,meter_03,168,none,publish_interval,random,random,random,normal_drift,0.9999999996809339,0.45082489807920983,0,,1,0,collecting_candidates;drift_not_confirmed,source_publish_interval,voltage_rolling_mean=230.612357;source_publish_interval=0.504046,source_publish_interval,0.5647910293191671,9.46733308956027,10.052500059828162
2026-08-10T17:39:37.933470+00:00,communication_drift_01,meter_01,169,none,publish_interval,random,random,random,normal_drift,0.9999999999977236,0.4338105210855928,0,,1,0,collecting_candidates;drift_not_confirmed,source_publish_interval,voltage_rolling_mean=231.592152;source_publish_interval=0.504045,source_publish_interval,2.25408305414021,21.967750042676926,24.28883290849626
2026-08-10T17:39:37.958241+00:00,communication_drift_01,meter_02,169,none,publish_interval,random,random,random,normal_drift,0.999999999984146,0.43289091947315045,0,,1,0,collecting_candidates;drift_not_confirmed,source_publish_interval,voltage_rolling_mean=231.433796;source_publish_interval=0.504047,source_publish_interval,0.8530828636139631,11.96100004017353,12.843832839280367
2026-08-10T17:39:37.971258+00:00,communication_drift_01,meter_03,169,none,publish_interval,random,random,random,normal_drift,0.9999999997164513,0.46923308210570175,0,,1,0,collecting_candidates;drift_not_confirmed,source_publish_interval,voltage_rolling_mean=230.612357;source_publish_interval=0.504046,source_publish_interval,0.5805830005556345,9.627084014937282,10.230874875560403
2026-08-10T17:39:38.738522+00:00,communication_drift_01,meter_01,170,none,publish_interval,random,random,random,normal_drift,0.9999999999982836,0.45049919939251304,0,,1,0,collecting_candidates;drift_not_confirmed,source_publish_interval,voltage_rolling_mean=231.592152;source_publish_interval=0.504045,source_publish_interval,2.061875071376562,21.73175010830164,23.84674991481006
2026-08-10T17:39:38.762737+00:00,communication_drift_01,meter_02,170,none,publish_interval,random,random,random,normal_drift,0.9999999999850386,0.5058868330015677,0,,1,0,collecting_candidates;drift_not_confirmed,source_publish_interval,voltage_rolling_mean=231.433796;source_publish_interval=0.504047,source_publish_interval,0.8750420529395342,12.017082888633013,12.92179198935628
2026-08-10T17:39:38.775814+00:00,communication_drift_01,meter_03,170,none,publish_interval,random,random,random,normal_drift,0.9999999995258861,0.45560450189352775,0,,1,0,collecting_candidates;drift_not_confirmed,source_publish_interval,voltage_rolling_mean=230.612357;source_publish_interval=0.504046,source_publish_interval,0.562082976102829,9.477166924625635,10.062709217891097
2026-08-10T17:39:39.540243+00:00,communication_drift_01,meter_01,171,none,publish_interval,random,random,random,normal_drift,0.9999999999984075,0.4647368665066192,0,,1,0,collecting_candidates;drift_not_confirmed,source_publish_interval,voltage_rolling_mean=231.592152;source_publish_interval=0.504045,source_publish_interval,1.9564579706639051,21.900291088968515,23.891458986327052
2026-08-10T17:39:39.564440+00:00,communication_drift_01,meter_02,171,none,publish_interval,random,random,random,normal_drift,0.9999999999786746,0.4543968873518308,0,,1,0,collecting_candidates;drift_not_confirmed,source_publish_interval,voltage_rolling_mean=231.433796;source_publish_interval=0.504047,source_publish_interval,0.8144169114530087,11.831874959170818,12.671125121414661
2026-08-10T17:39:39.577223+00:00,communication_drift_01,meter_03,171,none,publish_interval,random,random,random,normal_drift,0.9999999928575447,0.5319158819887174,0,,1,0,collecting_candidates;drift_not_confirmed,source_publish_interval,voltage_rolling_mean=230.612357;source_publish_interval=0.504046,source_publish_interval,0.5761249922215939,9.501541964709759,10.098082944750786
2026-08-10T17:39:40.345261+00:00,communication_drift_01,meter_01,172,none,publish_interval,random,random,random,normal_drift,0.9999999999915328,0.43488178039110603,0,,1,0,collecting_candidates;drift_not_confirmed,source_publish_interval,voltage_rolling_mean=231.592152;source_publish_interval=0.504045,source_publish_interval,2.4685419630259275,21.060416009277105,23.567542200908065
2026-08-10T17:39:40.369237+00:00,communication_drift_01,meter_02,172,none,publish_interval,random,random,random,normal_drift,0.9999999999137348,0.4661810782012545,0,,1,0,collecting_candidates;drift_not_confirmed,source_publish_interval,voltage_rolling_mean=231.433796;source_publish_interval=0.504047,source_publish_interval,0.7157500367611647,11.751333018764853,12.493374990299344
2026-08-10T17:39:40.381857+00:00,communication_drift_01,meter_03,172,none,publish_interval,random,random,random,normal_drift,0.9999999992607589,0.4526043798204452,0,,1,0,collecting_candidates;drift_not_confirmed,source_publish_interval,voltage_rolling_mean=230.612357;source_publish_interval=0.504046,source_publish_interval,0.5788328126072884,9.57945897243917,10.178582975640893
2026-08-10T17:39:41.150320+00:00,communication_drift_01,meter_01,173,none,publish_interval,random,random,random,normal_drift,0.9999999999993552,0.4604979985164331,0,,1,0,collecting_candidates;drift_not_confirmed,source_publish_interval,voltage_rolling_mean=231.592152;source_publish_interval=0.504045,source_publish_interval,2.5190829765051603,17.45537482202053,20.016208989545703
2026-08-10T17:39:41.170776+00:00,communication_drift_01,meter_02,173,none,publish_interval,random,random,random,normal_drift,0.9999999999586233,0.4435185369890348,0,,1,0,collecting_candidates;drift_not_confirmed,source_publish_interval,voltage_rolling_mean=231.433796;source_publish_interval=0.504047,source_publish_interval,0.7488750852644444,11.068499879911542,11.843249900266528
2026-08-10T17:39:41.182754+00:00,communication_drift_01,meter_03,173,none,publish_interval,random,random,random,normal_drift,0.9999999963318751,0.47829830254534433,0,,1,0,collecting_candidates;drift_not_confirmed,source_publish_interval,voltage_rolling_mean=230.612357;source_publish_interval=0.504046,source_publish_interval,0.5414171610027552,9.19829192571342,9.760749991983175
2026-08-10T17:39:41.955377+00:00,communication_drift_01,meter_01,174,none,publish_interval,random,random,random,normal_drift,0.9999999999943578,0.5586954175195284,0,,1,1,drift_not_confirmed;reference_updated,source_publish_interval,voltage_rolling_mean=231.592152;source_publish_interval=0.654135,source_publish_interval,1.915832981467247,21.579834166914225,23.54208310134709
2026-08-10T17:39:41.979257+00:00,communication_drift_01,meter_02,174,none,publish_interval,random,random,random,normal_drift,0.9999999982888759,0.6126156530115066,0,,1,1,drift_not_confirmed;reference_updated,source_publish_interval,voltage_rolling_mean=231.433796;source_publish_interval=0.654137,source_publish_interval,0.7259170524775982,12.065374990925193,12.818459188565612
2026-08-10T17:39:41.992195+00:00,communication_drift_01,meter_03,174,none,publish_interval,random,random,random,normal_drift,0.9999999994527178,0.4750526924631534,0,,1,1,drift_not_confirmed;reference_updated,source_publish_interval,voltage_rolling_mean=230.612357;source_publish_interval=0.654135,source_publish_interval,0.598125159740448,9.487916948273778,10.109666967764497
2026-08-10T17:39:42.760637+00:00,communication_drift_01,meter_01,175,none,publish_interval,random,random,random,normal_drift,0.9999999999922926,0.4982547749126695,0,,1,0,collecting_candidates;drift_not_confirmed,source_publish_interval,voltage_rolling_mean=231.592152;source_publish_interval=0.654135,source_publish_interval,2.310875104740262,21.44087478518486,23.790499893948436
2026-08-10T17:39:42.784854+00:00,communication_drift_01,meter_02,175,none,publish_interval,random,random,random,normal_drift,0.9999999999368276,0.46123527589950825,0,,1,0,collecting_candidates;drift_not_confirmed,source_publish_interval,voltage_rolling_mean=231.433796;source_publish_interval=0.654137,source_publish_interval,0.7719590794295073,11.77687500603497,12.572916923090816
2026-08-10T17:39:42.797548+00:00,communication_drift_01,meter_03,175,none,publish_interval,random,random,random,normal_drift,0.9999999990588466,0.4551039348046622,0,,1,0,collecting_candidates;drift_not_confirmed,source_publish_interval,voltage_rolling_mean=230.612357;source_publish_interval=0.654135,source_publish_interval,0.6029999349266291,9.606665931642056,10.230709100142121
2026-08-10T17:39:43.563367+00:00,communication_drift_01,meter_01,176,none,publish_interval,random,random,random,normal_drift,0.9999999999973965,0.44047574524501426,0,,1,0,collecting_candidates;drift_not_confirmed,source_publish_interval,voltage_rolling_mean=231.592152;source_publish_interval=0.654135,source_publish_interval,1.9924589432775974,21.856166888028383,23.89629208482802
2026-08-10T17:39:43.587596+00:00,communication_drift_01,meter_02,176,none,publish_interval,random,random,random,normal_drift,0.9999999999637534,0.44833578287297376,0,,1,0,collecting_candidates;drift_not_confirmed,source_publish_interval,voltage_rolling_mean=231.433796;source_publish_interval=0.654137,source_publish_interval,0.8994168601930141,12.006208999082446,12.932374840602279
2026-08-10T17:39:43.600643+00:00,communication_drift_01,meter_03,176,none,publish_interval,random,random,random,normal_drift,0.9999999978478469,0.4479935537587101,0,,1,0,collecting_candidates;drift_not_confirmed,source_publish_interval,voltage_rolling_mean=230.612357;source_publish_interval=0.654135,source_publish_interval,0.5673752166330814,9.398083901032805,9.985041106119752
2026-08-10T17:39:44.368391+00:00,communication_drift_01,meter_01,177,none,publish_interval,random,random,random,normal_drift,0.9999999999939673,0.44351024408017786,0,,1,0,collecting_candidates;drift_not_confirmed,source_publish_interval,voltage_rolling_mean=231.592152;source_publish_interval=0.654135,source_publish_interval,2.1292499732226133,22.142749978229403,24.306624894961715
2026-08-10T17:39:44.393103+00:00,communication_drift_01,meter_02,177,none,publish_interval,random,random,random,normal_drift,0.9999999994654427,0.535351180325795,0,,1,0,collecting_candidates;drift_not_confirmed,source_publish_interval,voltage_rolling_mean=231.433796;source_publish_interval=0.654137,source_publish_interval,0.8703749626874924,12.036165921017528,12.92999996803701
2026-08-10T17:39:44.406150+00:00,communication_drift_01,meter_03,177,none,publish_interval,random,random,random,normal_drift,0.9999999967733113,0.5437086923937242,0,,1,0,collecting_candidates;drift_not_confirmed,source_publish_interval,voltage_rolling_mean=230.612357;source_publish_interval=0.654135,source_publish_interval,0.5857921205461025,9.479625150561333,10.084417182952166
2026-08-10T17:39:45.170352+00:00,communication_drift_01,meter_01,178,none,publish_interval,random,random,random,normal_drift,0.9999999998120959,0.6055096848603545,0,,1,0,collecting_candidates;drift_not_confirmed,source_publish_interval,voltage_rolling_mean=231.592152;source_publish_interval=0.654135,source_publish_interval,2.6765000075101852,14.958541840314865,17.66983396373689
2026-08-10T17:39:45.188466+00:00,communication_drift_01,meter_02,178,none,publish_interval,random,random,random,normal_drift,0.9999999994743767,0.44451120634661895,0,,1,0,collecting_candidates;drift_not_confirmed,source_publish_interval,voltage_rolling_mean=231.433796;source_publish_interval=0.654137,source_publish_interval,0.7104580290615559,10.648249881342053,11.381667107343674
2026-08-10T17:39:45.199956+00:00,communication_drift_01,meter_03,178,none,publish_interval,random,random,random,normal_drift,0.9999999962934798,0.46928725695106543,0,,1,0,collecting_candidates;drift_not_confirmed,source_publish_interval,voltage_rolling_mean=230.612357;source_publish_interval=0.654135,source_publish_interval,0.5310000851750374,9.110375074669719,9.661916876211762
2026-08-10T17:39:45.975144+00:00,communication_drift_01,meter_01,179,none,publish_interval,random,random,random,normal_drift,0.9999999999940177,0.437556016980272,0,,1,0,collecting_candidates;drift_not_confirmed,source_publish_interval,voltage_rolling_mean=231.592152;source_publish_interval=0.654135,source_publish_interval,1.6007078811526299,22.604415891692042,24.24175012856722
2026-08-10T17:39:45.999698+00:00,communication_drift_01,meter_02,179,none,publish_interval,random,random,random,normal_drift,0.9999999999655003,0.508400904994511,0,,1,0,collecting_candidates;drift_not_confirmed,source_publish_interval,voltage_rolling_mean=231.433796;source_publish_interval=0.654137,source_publish_interval,0.8599159773439169,12.098666978999972,12.982333078980446
2026-08-10T17:39:46.012794+00:00,communication_drift_01,meter_03,179,none,publish_interval,random,random,random,normal_drift,0.9999999992224304,0.45896278402117413,0,,1,0,collecting_candidates;drift_not_confirmed,source_publish_interval,voltage_rolling_mean=230.612357;source_publish_interval=0.654135,source_publish_interval,0.5864999257028103,9.559832978993654,10.166791034862399
2026-08-10T17:39:46.780667+00:00,communication_drift_01,meter_01,180,none,publish_interval,random,random,random,normal_drift,0.9999999999955296,0.4643583252521636,0,,1,0,collecting_candidates;drift_not_confirmed,source_publish_interval,voltage_rolling_mean=231.592152;source_publish_interval=0.654135,source_publish_interval,3.064958844333887,17.688832944259048,20.786875160411
2026-08-10T17:39:46.801826+00:00,communication_drift_01,meter_02,180,none,publish_interval,random,random,random,normal_drift,0.999999999797561,0.5173587268170374,0,,1,0,collecting_candidates;drift_not_confirmed,source_publish_interval,voltage_rolling_mean=231.433796;source_publish_interval=0.654137,source_publish_interval,0.7372498512268066,10.971833020448685,11.733041144907475
2026-08-10T17:39:46.813667+00:00,communication_drift_01,meter_03,180,none,publish_interval,random,random,random,normal_drift,0.9999999670142727,0.4663353520910473,0,,1,0,collecting_candidates;drift_not_confirmed,source_publish_interval,voltage_rolling_mean=230.612357;source_publish_interval=0.654135,source_publish_interval,0.520958099514246,9.102041833102703,9.641374927014112
2026-08-10T17:39:47.585775+00:00,communication_drift_01,meter_01,181,none,publish_interval,random,random,random,normal_drift,0.9999999999799576,0.496548543412143,0,,1,0,collecting_candidates;drift_not_confirmed,source_publish_interval,voltage_rolling_mean=231.592152;source_publish_interval=0.654135,source_publish_interval,1.9435409922152758,22.072208113968372,24.05704092234373
2026-08-10T17:39:47.610181+00:00,communication_drift_01,meter_02,181,none,publish_interval,random,random,random,normal_drift,0.9999999998568483,0.4794043294863204,0,,1,0,collecting_candidates;drift_not_confirmed,source_publish_interval,voltage_rolling_mean=231.433796;source_publish_interval=0.654137,source_publish_interval,0.8477501105517149,11.807417031377554,12.679666979238391
2026-08-10T17:39:47.622971+00:00,communication_drift_01,meter_03,181,none,publish_interval,random,random,random,normal_drift,0.9999999962242896,0.4601993581936625,0,,1,0,collecting_candidates;drift_not_confirmed,source_publish_interval,voltage_rolling_mean=230.612357;source_publish_interval=0.654135,source_publish_interval,0.5395419429987669,9.430458070710301,9.989332873374224
2026-08-10T17:39:48.387180+00:00,communication_drift_01,meter_01,182,none,publish_interval,random,random,random,normal_drift,0.9999999999776141,0.5376090678451421,0,,1,0,collecting_candidates;drift_not_confirmed,source_publish_interval,voltage_rolling_mean=231.592152;source_publish_interval=0.654135,source_publish_interval,2.4910829961299896,18.81191716529429,21.345207933336496
2026-08-10T17:39:48.408914+00:00,communication_drift_01,meter_02,182,none,publish_interval,random,random,random,normal_drift,0.9999999997099103,0.46043462454847967,0,,1,0,collecting_candidates;drift_not_confirmed,source_publish_interval,voltage_rolling_mean=231.433796;source_publish_interval=0.654137,source_publish_interval,0.7352498359978199,11.36345905251801,12.11949996650219
2026-08-10T17:39:48.421136+00:00,communication_drift_01,meter_03,182,none,publish_interval,random,random,random,normal_drift,0.9999999845929135,0.5318734638674364,0,,1,0,collecting_candidates;drift_not_confirmed,source_publish_interval,voltage_rolling_mean=230.612357;source_publish_interval=0.654135,source_publish_interval,0.5246668588370085,9.382541989907622,9.92679107002914
2026-08-10T17:39:49.187594+00:00,communication_drift_01,meter_01,183,none,publish_interval,random,random,random,normal_drift,0.9999999999908138,0.4456831422388651,0,,1,0,collecting_candidates;drift_not_confirmed,source_publish_interval,voltage_rolling_mean=231.592152;source_publish_interval=0.654135,source_publish_interval,1.5522909816354513,22.071915911510587,23.663375061005354
2026-08-10T17:39:49.211552+00:00,communication_drift_01,meter_02,183,none,publish_interval,random,random,random,normal_drift,0.9999999996691398,0.4585173561184747,0,,1,0,collecting_candidates;drift_not_confirmed,source_publish_interval,voltage_rolling_mean=231.433796;source_publish_interval=0.654137,source_publish_interval,0.8700841572135687,12.36849999986589,13.262249995023012
2026-08-10T17:39:49.224929+00:00,communication_drift_01,meter_03,183,none,publish_interval,random,random,random,normal_drift,0.9999999841500633,0.4344348054337507,0,,1,0,collecting_candidates;drift_not_confirmed,source_publish_interval,voltage_rolling_mean=230.612357;source_publish_interval=0.654135,source_publish_interval,0.5943330470472574,9.564292151480913,10.177667019888759
2026-08-10T17:39:49.989732+00:00,communication_drift_01,meter_01,184,none,publish_interval,random,random,random,normal_drift,0.9999999999900973,0.4808259396279826,0,,1,0,collecting_candidates;drift_not_confirmed,source_publish_interval,voltage_rolling_mean=231.592152;source_publish_interval=0.654135,source_publish_interval,1.929667079821229,21.82829100638628,23.79650017246604
2026-08-10T17:39:50.013837+00:00,communication_drift_01,meter_02,184,none,publish_interval,random,random,random,normal_drift,0.9999999996774986,0.4506499551219383,0,,1,0,collecting_candidates;drift_not_confirmed,source_publish_interval,voltage_rolling_mean=231.433796;source_publish_interval=0.654137,source_publish_interval,0.8680419996380806,11.883208993822336,12.776457937434316
2026-08-10T17:39:50.026739+00:00,communication_drift_01,meter_03,184,none,publish_interval,random,random,random,normal_drift,0.9999999953649024,0.4498755089641725,0,,1,0,collecting_candidates;drift_not_confirmed,source_publish_interval,voltage_rolling_mean=230.612357;source_publish_interval=0.654135,source_publish_interval,0.5879169330000877,9.400916984304786,10.009416146203876
2026-08-10T17:39:50.794843+00:00,communication_drift_01,meter_01,185,none,publish_interval,random,random,random,normal_drift,0.999999999980475,0.465078122929226,0,,1,0,collecting_candidates;drift_not_confirmed,source_publish_interval,voltage_rolling_mean=231.592152;source_publish_interval=0.654135,source_publish_interval,2.4853339418768883,17.416916089132428,19.936416065320373
2026-08-10T17:39:50.815227+00:00,communication_drift_01,meter_02,185,none,publish_interval,random,random,random,normal_drift,0.9999999996558606,0.4571079579121673,0,,1,0,collecting_candidates;drift_not_confirmed,source_publish_interval,voltage_rolling_mean=231.433796;source_publish_interval=0.654137,source_publish_interval,0.7670831400901079,10.987916961312294,11.775625171139836
2026-08-10T17:39:50.827108+00:00,communication_drift_01,meter_03,185,none,publish_interval,random,random,random,normal_drift,0.9999999622412509,0.4822345851445656,0,,1,0,collecting_candidates;drift_not_confirmed,source_publish_interval,voltage_rolling_mean=230.612357;source_publish_interval=0.654135,source_publish_interval,0.5175420083105564,9.213667130097747,9.7506670281291
2026-08-10T17:39:51.599668+00:00,communication_drift_01,meter_01,186,none,publish_interval,random,random,random,normal_drift,0.9999999999819211,0.4366031231949446,0,,1,0,collecting_candidates;drift_not_confirmed,source_publish_interval,voltage_rolling_mean=231.592152;source_publish_interval=0.654135,source_publish_interval,1.9922498613595963,22.037332877516747,24.070542072877288
2026-08-10T17:39:51.624113+00:00,communication_drift_01,meter_02,186,none,publish_interval,random,random,random,normal_drift,0.9999999998488365,0.5043324897667597,0,,1,0,collecting_candidates;drift_not_confirmed,source_publish_interval,voltage_rolling_mean=231.433796;source_publish_interval=0.654137,source_publish_interval,0.916625140234828,11.977624846622348,12.918374966830015
2026-08-10T17:39:51.637168+00:00,communication_drift_01,meter_03,186,none,publish_interval,random,random,random,normal_drift,0.9999997784069239,0.5658233466863132,0,,1,0,collecting_candidates;drift_not_confirmed,source_publish_interval,voltage_rolling_mean=230.612357;source_publish_interval=0.654135,source_publish_interval,0.6019170396029949,9.613333968445659,10.23374986834824
2026-08-10T17:39:52.404937+00:00,communication_drift_01,meter_01,187,none,publish_interval,random,random,random,normal_drift,0.9999999999724087,0.4338583010032582,0,,1,0,collecting_candidates;drift_not_confirmed,source_publish_interval,voltage_rolling_mean=231.592152;source_publish_interval=0.654135,source_publish_interval,1.9389998633414507,21.75441710278392,23.745749844238162
2026-08-10T17:39:52.429028+00:00,communication_drift_01,meter_02,187,none,publish_interval,random,random,random,normal_drift,0.9999999987193751,0.48099652986947944,0,,1,0,collecting_candidates;drift_not_confirmed,source_publish_interval,voltage_rolling_mean=231.433796;source_publish_interval=0.654137,source_publish_interval,0.8928331080824137,12.063457863405347,12.98154192045331
2026-08-10T17:39:52.442133+00:00,communication_drift_01,meter_03,187,none,publish_interval,random,random,random,normal_drift,0.999999985072874,0.46647778951873636,0,,1,0,collecting_candidates;drift_not_confirmed,source_publish_interval,voltage_rolling_mean=230.612357;source_publish_interval=0.654135,source_publish_interval,0.5867909640073776,9.51354205608368,10.120624909177423
2026-08-10T17:39:53.209871+00:00,communication_drift_01,meter_01,188,none,publish_interval,random,random,random,normal_drift,0.9999999999381286,0.5708272016749902,0,,1,0,collecting_candidates;drift_not_confirmed,source_publish_interval,voltage_rolling_mean=231.592152;source_publish_interval=0.654135,source_publish_interval,3.261249978095293,18.299584044143558,21.591458935290575
2026-08-10T17:39:53.231817+00:00,communication_drift_01,meter_02,188,none,publish_interval,random,random,random,normal_drift,0.9999999994267639,0.45994272279192,0,,1,0,collecting_candidates;drift_not_confirmed,source_publish_interval,voltage_rolling_mean=231.433796;source_publish_interval=0.654137,source_publish_interval,0.7222499698400497,11.377542046830058,12.120750034227967
2026-08-10T17:39:53.244029+00:00,communication_drift_01,meter_03,188,none,publish_interval,random,random,random,normal_drift,0.9999999884783953,0.4351035628123385,0,,1,0,collecting_candidates;drift_not_confirmed,source_publish_interval,voltage_rolling_mean=230.612357;source_publish_interval=0.654135,source_publish_interval,0.5324159283190966,9.279707912355661,9.831750066950917
2026-08-10T17:39:54.012834+00:00,communication_drift_01,meter_01,189,none,publish_interval,random,random,random,normal_drift,0.999999999936356,0.507015694237956,0,,1,0,collecting_candidates;drift_not_confirmed,source_publish_interval,voltage_rolling_mean=231.592152;source_publish_interval=0.654135,source_publish_interval,2.247332828119397,22.119708126410842,24.40875000320375
2026-08-10T17:39:54.037653+00:00,communication_drift_01,meter_02,189,none,publish_interval,random,random,random,normal_drift,0.9999999993516291,0.45756801218475884,0,,1,0,collecting_candidates;drift_not_confirmed,source_publish_interval,voltage_rolling_mean=231.433796;source_publish_interval=0.654137,source_publish_interval,0.89216697961092,12.013958999887109,12.930582975968719
2026-08-10T17:39:54.050707+00:00,communication_drift_01,meter_03,189,none,publish_interval,random,random,random,normal_drift,0.9999999741158345,0.4552671016508385,0,,1,0,collecting_candidates;drift_not_confirmed,source_publish_interval,voltage_rolling_mean=230.612357;source_publish_interval=0.654135,source_publish_interval,0.6128328386694193,9.683582931756973,10.318875079974532
2026-08-10T17:39:54.817299+00:00,communication_drift_01,meter_01,190,none,publish_interval,random,random,random,normal_drift,0.9999999999663725,0.4450927798595229,0,,1,0,collecting_candidates;drift_not_confirmed,source_publish_interval,voltage_rolling_mean=231.592152;source_publish_interval=0.654135,source_publish_interval,2.0080420654267073,22.00950006954372,24.066208163276315
2026-08-10T17:39:54.841730+00:00,communication_drift_01,meter_02,190,none,publish_interval,random,random,random,normal_drift,0.9999999974636005,0.5528931599534069,0,,1,0,collecting_candidates;drift_not_confirmed,source_publish_interval,voltage_rolling_mean=231.433796;source_publish_interval=0.654137,source_publish_interval,0.9212500881403685,11.98433293029666,12.929792050272226
2026-08-10T17:39:54.854795+00:00,communication_drift_01,meter_03,190,none,publish_interval,random,random,random,normal_drift,0.9999999926024468,0.5528071142584919,0,,1,0,collecting_candidates;drift_not_confirmed,source_publish_interval,voltage_rolling_mean=230.612357;source_publish_interval=0.654135,source_publish_interval,0.5625840276479721,9.388458915054798,9.97070805169642
2026-08-10T17:39:55.622396+00:00,communication_drift_01,meter_01,191,none,publish_interval,random,random,random,normal_drift,0.9999999999816127,0.4520481332394359,0,,1,0,collecting_candidates;drift_not_confirmed,source_publish_interval,voltage_rolling_mean=231.592152;source_publish_interval=0.654135,source_publish_interval,2.6765409857034683,19.545790972188115,22.257500095292926
2026-08-10T17:39:55.645012+00:00,communication_drift_01,meter_02,191,none,publish_interval,random,random,random,normal_drift,0.9999999996203257,0.484227462599251,0,,1,0,collecting_candidates;drift_not_confirmed,source_publish_interval,voltage_rolling_mean=231.433796;source_publish_interval=0.654137,source_publish_interval,0.7410000544041395,11.362417135387659,12.12541596032679
2026-08-10T17:39:55.657238+00:00,communication_drift_01,meter_03,191,none,publish_interval,random,random,random,normal_drift,0.9999999430909144,0.4707620071475865,0,,1,0,collecting_candidates;drift_not_confirmed,source_publish_interval,voltage_rolling_mean=230.612357;source_publish_interval=0.654135,source_publish_interval,0.5245830398052931,9.301292011514306,9.845792083069682
2026-08-10T17:39:56.422681+00:00,communication_drift_01,meter_01,192,none,publish_interval,random,random,random,normal_drift,0.9999999999659253,0.4480450122122372,0,,1,0,collecting_candidates;drift_not_confirmed,source_publish_interval,voltage_rolling_mean=231.592152;source_publish_interval=0.654135,source_publish_interval,2.9869999270886183,19.36170901171863,22.38687500357628
2026-08-10T17:39:56.445466+00:00,communication_drift_01,meter_02,192,none,publish_interval,random,random,random,normal_drift,0.999999997788048,0.44679373342028406,0,,1,0,collecting_candidates;drift_not_confirmed,source_publish_interval,voltage_rolling_mean=231.433796;source_publish_interval=0.654137,source_publish_interval,0.7550830487161875,11.4995411131531,12.277167057618499
2026-08-10T17:39:56.457856+00:00,communication_drift_01,meter_03,192,none,publish_interval,random,random,random,normal_drift,0.9999999809671837,0.43334370558155644,0,,1,0,collecting_candidates;drift_not_confirmed,source_publish_interval,voltage_rolling_mean=230.612357;source_publish_interval=0.654135,source_publish_interval,0.5340001080185175,9.488750016316772,10.043665999546647
2026-08-10T17:39:57.227502+00:00,communication_drift_01,meter_01,193,none,publish_interval,random,random,random,normal_drift,0.9999999998632543,0.46916205679641565,0,,1,0,collecting_candidates;drift_not_confirmed,source_publish_interval,voltage_rolling_mean=231.592152;source_publish_interval=0.654135,source_publish_interval,1.990417018532753,21.591915981844068,23.619583109393716
2026-08-10T17:39:57.251466+00:00,communication_drift_01,meter_02,193,none,publish_interval,random,random,random,normal_drift,0.9999999994603894,0.48483454321087355,0,,1,0,collecting_candidates;drift_not_confirmed,source_publish_interval,voltage_rolling_mean=231.433796;source_publish_interval=0.654137,source_publish_interval,0.8642091415822506,11.895874980837107,12.784000020474195
2026-08-10T17:39:57.264366+00:00,communication_drift_01,meter_03,193,none,publish_interval,random,random,random,normal_drift,0.9999999831920304,0.4442126369723404,0,,1,0,collecting_candidates;drift_not_confirmed,source_publish_interval,voltage_rolling_mean=230.612357;source_publish_interval=0.654135,source_publish_interval,0.5870000459253788,9.395292028784752,10.00166591256857
2026-08-10T17:39:58.032887+00:00,communication_drift_01,meter_01,194,none,publish_interval,random,random,random,normal_drift,0.9999999999293727,0.44074747604127074,0,,1,1,drift_not_confirmed;reference_updated,source_publish_interval,voltage_rolling_mean=231.592152;source_publish_interval=0.729002,source_publish_interval,2.5615000631660223,18.500291043892503,21.098457975313067
2026-08-10T17:39:58.054372+00:00,communication_drift_01,meter_02,194,none,publish_interval,random,random,random,normal_drift,0.9999999991245516,0.4449896350972555,0,,1,1,drift_not_confirmed;reference_updated,source_publish_interval,voltage_rolling_mean=231.433796;source_publish_interval=0.729003,source_publish_interval,0.7310409564524889,11.360374977812171,12.116875033825636
2026-08-10T17:39:58.066593+00:00,communication_drift_01,meter_03,194,none,publish_interval,random,random,random,normal_drift,0.9999999918758685,0.48020906791271234,0,,1,1,drift_not_confirmed;reference_updated,source_publish_interval,voltage_rolling_mean=230.612357;source_publish_interval=0.729002,source_publish_interval,0.5220421589910984,9.567291010171175,10.111500043421984
2026-08-10T17:39:58.837674+00:00,communication_drift_01,meter_01,195,none,publish_interval,random,random,random,normal_drift,0.9999999998502704,0.5054284057631279,0,,1,0,collecting_candidates;drift_not_confirmed,source_publish_interval,voltage_rolling_mean=231.592152;source_publish_interval=0.729002,source_publish_interval,2.679541939869523,17.565999878570437,20.286499988287687
2026-08-10T17:39:58.858371+00:00,communication_drift_01,meter_02,195,none,publish_interval,random,random,random,normal_drift,0.9999999968724007,0.4730835401997235,0,,1,0,collecting_candidates;drift_not_confirmed,source_publish_interval,voltage_rolling_mean=231.433796;source_publish_interval=0.729003,source_publish_interval,0.7784171029925346,11.01445802487433,11.813791934400797
2026-08-10T17:39:58.870294+00:00,communication_drift_01,meter_03,195,none,publish_interval,random,random,random,normal_drift,0.999999993654114,0.516563751847891,0,,1,0,collecting_candidates;drift_not_confirmed,source_publish_interval,voltage_rolling_mean=230.612357;source_publish_interval=0.729002,source_publish_interval,0.5236661527305841,9.165917057543993,9.709916077554226
2026-08-10T17:39:59.642307+00:00,communication_drift_01,meter_01,196,none,publish_interval,random,random,random,normal_drift,0.9999999999545932,0.4627414568010708,0,,1,0,collecting_candidates;drift_not_confirmed,source_publish_interval,voltage_rolling_mean=231.592152;source_publish_interval=0.729002,source_publish_interval,1.5519161242991686,23.245041957125068,24.841208942234516
2026-08-10T17:39:59.667463+00:00,communication_drift_01,meter_02,196,none,publish_interval,random,random,random,normal_drift,0.9999999984583374,0.4506353146173367,0,,1,0,collecting_candidates;drift_not_confirmed,source_publish_interval,voltage_rolling_mean=231.433796;source_publish_interval=0.729003,source_publish_interval,0.8752499707043171,12.234291061758995,13.134750071913004
2026-08-10T17:39:59.680728+00:00,communication_drift_01,meter_03,196,none,publish_interval,random,random,random,normal_drift,0.9999999758762009,0.4427340467855594,0,,1,0,collecting_candidates;drift_not_confirmed,source_publish_interval,voltage_rolling_mean=230.612357;source_publish_interval=0.729002,source_publish_interval,0.5921667907387018,9.569916874170303,10.182874975726008
2026-08-10T17:40:00.447938+00:00,communication_drift_01,meter_01,197,none,publish_interval,random,random,random,normal_drift,0.9999999988730215,0.4627370190167065,0,,1,0,collecting_candidates;drift_not_confirmed,source_publish_interval,voltage_rolling_mean=231.592152;source_publish_interval=0.729002,source_publish_interval,2.0444998517632484,21.36516710743308,23.449250031262636
2026-08-10T17:40:00.471718+00:00,communication_drift_01,meter_02,197,none,publish_interval,random,random,random,normal_drift,0.9999999900490933,0.45574608275183137,0,,1,0,collecting_candidates;drift_not_confirmed,source_publish_interval,voltage_rolling_mean=231.433796;source_publish_interval=0.729003,source_publish_interval,0.769374892115593,11.615708004683256,12.410250026732683
2026-08-10T17:40:00.484246+00:00,communication_drift_01,meter_03,197,none,publish_interval,random,random,random,normal_drift,0.9999999415635293,0.5489692042218853,0,,1,0,collecting_candidates;drift_not_confirmed,source_publish_interval,voltage_rolling_mean=230.612357;source_publish_interval=0.729002,source_publish_interval,0.5995421670377254,9.71112516708672,10.357582941651344
2026-08-10T17:40:01.253070+00:00,communication_drift_01,meter_01,198,none,publish_interval,random,random,random,normal_drift,0.9999999997857452,0.43471688292484817,0,,1,0,collecting_candidates;drift_not_confirmed,source_publish_interval,voltage_rolling_mean=231.592152;source_publish_interval=0.729002,source_publish_interval,2.8091249987483025,18.894333159551024,21.740749944001436
2026-08-10T17:40:01.275223+00:00,communication_drift_01,meter_02,198,none,publish_interval,random,random,random,normal_drift,0.9999999994527655,0.4417198349033411,0,,1,0,collecting_candidates;drift_not_confirmed,source_publish_interval,voltage_rolling_mean=231.433796;source_publish_interval=0.729003,source_publish_interval,0.808333046734333,11.496959021314979,12.334333965554833
2026-08-10T17:40:01.287700+00:00,communication_drift_01,meter_03,198,none,publish_interval,random,random,random,normal_drift,0.9999993300015161,0.43604534333422246,0,,1,0,collecting_candidates;drift_not_confirmed,source_publish_interval,voltage_rolling_mean=230.612357;source_publish_interval=0.729002,source_publish_interval,0.558875035494566,9.374791057780385,9.951750049367547
2026-08-10T17:40:02.058014+00:00,communication_drift_01,meter_01,199,none,publish_interval,random,random,random,normal_drift,0.9999999998924616,0.45999505803982627,0,,1,0,collecting_candidates;drift_not_confirmed,source_publish_interval,voltage_rolling_mean=231.592152;source_publish_interval=0.729002,source_publish_interval,2.890625037252903,16.616416862234473,19.539417000487447
2026-08-10T17:40:02.077971+00:00,communication_drift_01,meter_02,199,none,publish_interval,random,random,random,normal_drift,0.9999999984753933,0.4387186815880485,0,,1,0,collecting_candidates;drift_not_confirmed,source_publish_interval,voltage_rolling_mean=231.433796;source_publish_interval=0.729003,source_publish_interval,0.7417078595608473,10.918833082541823,11.682040989398956
2026-08-10T17:40:02.089740+00:00,communication_drift_01,meter_03,199,none,publish_interval,random,random,random,normal_drift,0.9999999954388388,0.4339426697095705,0,,1,0,collecting_candidates;drift_not_confirmed,source_publish_interval,voltage_rolling_mean=230.612357;source_publish_interval=0.729002,source_publish_interval,0.5297500174492598,9.19154193252325,9.740083944052458
2026-08-10T17:40:02.863246+00:00,communication_drift_01,meter_01,200,none,publish_interval,random,random,random,normal_drift,0.9999999996475442,0.5162997350153017,0,,1,0,collecting_candidates;drift_not_confirmed,source_publish_interval,voltage_rolling_mean=231.592152;source_publish_interval=0.729002,source_publish_interval,3.5228750202804804,23.61495792865753,27.187749976292253
2026-08-10T17:40:02.890878+00:00,communication_drift_01,meter_02,200,none,publish_interval,random,random,random,normal_drift,0.999999988204279,0.44659717772531693,0,,1,0,collecting_candidates;drift_not_confirmed,source_publish_interval,voltage_rolling_mean=231.433796;source_publish_interval=0.729003,source_publish_interval,0.9344581048935652,12.313958024606109,13.276208890601993
2026-08-10T17:40:02.904619+00:00,communication_drift_01,meter_03,200,none,publish_interval,random,random,random,normal_drift,0.9999999886407885,0.46119743310197386,0,,1,0,collecting_candidates;drift_not_confirmed,source_publish_interval,voltage_rolling_mean=230.612357;source_publish_interval=0.729002,source_publish_interval,0.6256250198930502,9.785792091861367,10.43516700156033
2026-08-10T17:40:03.667580+00:00,communication_drift_01,meter_01,201,none,publish_interval,random,random,random,normal_drift,0.9999999997758535,0.4555136977404706,0,,1,0,collecting_candidates;drift_not_confirmed,source_publish_interval,voltage_rolling_mean=231.592152;source_publish_interval=0.729002,source_publish_interval,1.6367088537663221,20.760625135153532,22.442333167418838
2026-08-10T17:40:03.690408+00:00,communication_drift_01,meter_02,201,none,publish_interval,random,random,random,normal_drift,0.999999998686651,0.4538695590306107,0,,1,0,collecting_candidates;drift_not_confirmed,source_publish_interval,voltage_rolling_mean=231.433796;source_publish_interval=0.729003,source_publish_interval,0.931750051677227,12.417832855135202,13.376457849517465
2026-08-10T17:40:03.703944+00:00,communication_drift_01,meter_03,201,none,publish_interval,random,random,random,normal_drift,0.9999999864035205,0.5819170380048548,0,,1,0,collecting_candidates;drift_not_confirmed,source_publish_interval,voltage_rolling_mean=230.612357;source_publish_interval=0.729002,source_publish_interval,0.6072910036891699,9.69533296301961,10.322124930098653
2026-08-10T17:40:04.473091+00:00,communication_drift_01,meter_01,202,none,publish_interval,random,random,random,normal_drift,0.999999999397766,0.4544650367190653,0,,1,0,collecting_candidates;drift_not_confirmed,source_publish_interval,voltage_rolling_mean=231.592152;source_publish_interval=0.729002,source_publish_interval,2.822207985445857,17.222249880433083,20.0762499589473
2026-08-10T17:40:04.493521+00:00,communication_drift_01,meter_02,202,none,publish_interval,random,random,random,normal_drift,0.999999997992026,0.4785658496576724,0,,1,0,collecting_candidates;drift_not_confirmed,source_publish_interval,voltage_rolling_mean=231.433796;source_publish_interval=0.729003,source_publish_interval,0.7112501189112663,10.71674982085824,11.449375189840794
2026-08-10T17:40:04.505069+00:00,communication_drift_01,meter_03,202,none,publish_interval,random,random,random,normal_drift,0.9999999514856487,0.45379119649412425,0,,1,0,collecting_candidates;drift_not_confirmed,source_publish_interval,voltage_rolling_mean=230.612357;source_publish_interval=0.729002,source_publish_interval,0.5281670019030571,9.206624934449792,9.752958081662655
2026-08-10T17:40:05.276381+00:00,communication_drift_01,meter_01,203,none,publish_interval,random,random,random,normal_drift,0.9999999991392683,0.4577821187731725,0,,1,0,collecting_candidates;drift_not_confirmed,source_publish_interval,voltage_rolling_mean=231.592152;source_publish_interval=0.729002,source_publish_interval,1.9799170549958944,20.56875010021031,22.588291903957725
2026-08-10T17:40:05.299319+00:00,communication_drift_01,meter_02,203,none,publish_interval,random,random,random,normal_drift,0.999999972828696,0.5617053877750864,0,,1,0,collecting_candidates;drift_not_confirmed,source_publish_interval,voltage_rolling_mean=231.433796;source_publish_interval=0.729003,source_publish_interval,0.858791870996356,11.872832896187901,12.752874987199903
2026-08-10T17:40:05.312189+00:00,communication_drift_01,meter_03,203,none,publish_interval,random,random,random,normal_drift,0.9999999975089067,0.4396127152659027,0,,1,0,collecting_candidates;drift_not_confirmed,source_publish_interval,voltage_rolling_mean=230.612357;source_publish_interval=0.729002,source_publish_interval,0.5274589639157057,9.434500010684133,9.981374954804778
2026-08-10T17:40:06.078532+00:00,communication_drift_01,meter_01,204,none,publish_interval,random,random,random,normal_drift,0.9999999989822759,0.4537295631813375,0,,1,0,collecting_candidates;drift_not_confirmed,source_publish_interval,voltage_rolling_mean=231.592152;source_publish_interval=0.729002,source_publish_interval,1.978083048015833,21.77104097791016,23.7830001860857
2026-08-10T17:40:06.102609+00:00,communication_drift_01,meter_02,204,none,publish_interval,random,random,random,normal_drift,0.9999999975267073,0.45795747134481735,0,,1,0,collecting_candidates;drift_not_confirmed,source_publish_interval,voltage_rolling_mean=231.433796;source_publish_interval=0.729003,source_publish_interval,0.8220421150326729,11.85537502169609,12.700750026851892
2026-08-10T17:40:06.115420+00:00,communication_drift_01,meter_03,204,none,publish_interval,random,random,random,normal_drift,0.9999999949780101,0.4444134691549256,0,,1,0,collecting_candidates;drift_not_confirmed,source_publish_interval,voltage_rolling_mean=230.612357;source_publish_interval=0.729002,source_publish_interval,0.6102090701460838,9.454792132601142,10.083666071295738
2026-08-10T17:40:06.880341+00:00,communication_drift_01,meter_01,205,none,publish_interval,random,random,random,normal_drift,0.9999999972930254,0.4568538215851101,0,,1,0,collecting_candidates;drift_not_confirmed,source_publish_interval,voltage_rolling_mean=231.592152;source_publish_interval=0.729002,source_publish_interval,1.4036670327186584,22.02837518416345,23.479958064854145
2026-08-10T17:40:06.904148+00:00,communication_drift_01,meter_02,205,none,publish_interval,random,random,random,normal_drift,0.9999999945229068,0.4507029948048218,0,,1,0,collecting_candidates;drift_not_confirmed,source_publish_interval,voltage_rolling_mean=231.433796;source_publish_interval=0.729003,source_publish_interval,0.8914999198168516,12.133040931075811,13.050250010564923
2026-08-10T17:40:06.917324+00:00,communication_drift_01,meter_03,205,none,publish_interval,random,random,random,normal_drift,0.9999999784739124,0.43868981614848584,0,,1,0,collecting_candidates;drift_not_confirmed,source_publish_interval,voltage_rolling_mean=230.612357;source_publish_interval=0.729002,source_publish_interval,0.5835420452058315,9.446500102058053,10.051457909867167
2026-08-10T17:40:07.680649+00:00,communication_drift_01,meter_01,206,none,publish_interval,random,random,random,normal_drift,0.9999999994358906,0.45702128746962645,0,,1,0,collecting_candidates;drift_not_confirmed,source_publish_interval,voltage_rolling_mean=231.592152;source_publish_interval=0.729002,source_publish_interval,2.0883330143988132,22.375541971996427,24.508666014298797
2026-08-10T17:40:07.705543+00:00,communication_drift_01,meter_02,206,none,publish_interval,random,random,random,normal_drift,0.9999999798449244,0.480558604358408,0,,1,0,collecting_candidates;drift_not_confirmed,source_publish_interval,voltage_rolling_mean=231.433796;source_publish_interval=0.729003,source_publish_interval,0.9021670557558537,11.952750151976943,12.87949993275106
2026-08-10T17:40:07.718564+00:00,communication_drift_01,meter_03,206,none,publish_interval,random,random,random,normal_drift,0.999999994313586,0.44863423306913314,0,,1,0,collecting_candidates;drift_not_confirmed,source_publish_interval,voltage_rolling_mean=230.612357;source_publish_interval=0.729002,source_publish_interval,0.5411251913756132,9.380290983244777,9.942000033333898
2026-08-10T17:40:08.485552+00:00,communication_drift_01,meter_01,207,none,publish_interval,random,random,random,normal_drift,0.9999999995247977,0.4617969280461993,0,,1,0,collecting_candidates;drift_not_confirmed,source_publish_interval,voltage_rolling_mean=231.592152;source_publish_interval=0.729002,source_publish_interval,2.236083848401904,22.154707927256823,24.433708051219583
2026-08-10T17:40:08.510432+00:00,communication_drift_01,meter_02,207,none,publish_interval,random,random,random,normal_drift,0.9999999970938316,0.4416418238709259,0,,1,0,collecting_candidates;drift_not_confirmed,source_publish_interval,voltage_rolling_mean=231.433796;source_publish_interval=0.729003,source_publish_interval,0.8700001053512096,12.051708064973354,12.94670905917883
2026-08-10T17:40:08.523509+00:00,communication_drift_01,meter_03,207,none,publish_interval,random,random,random,normal_drift,0.9999999696527708,0.47547538207743606,0,,1,0,collecting_candidates;drift_not_confirmed,source_publish_interval,voltage_rolling_mean=230.612357;source_publish_interval=0.729002,source_publish_interval,0.5937919486314058,9.462290909141302,10.075166122987866
2026-08-10T17:40:09.286077+00:00,communication_drift_01,meter_01,208,none,publish_interval,random,random,random,normal_drift,0.9999999991229456,0.44183556530771256,0,,1,0,collecting_candidates;drift_not_confirmed,source_publish_interval,voltage_rolling_mean=231.592152;source_publish_interval=0.729002,source_publish_interval,2.007249975576997,22.22708286717534,24.29029205814004
2026-08-10T17:40:09.310813+00:00,communication_drift_01,meter_02,208,none,publish_interval,random,random,random,normal_drift,0.9999999983368708,0.5428105361307727,0,,1,0,collecting_candidates;drift_not_confirmed,source_publish_interval,voltage_rolling_mean=231.433796;source_publish_interval=0.729003,source_publish_interval,0.9262911044061184,12.083583045750856,13.038875069469213
2026-08-10T17:40:09.323993+00:00,communication_drift_01,meter_03,208,none,publish_interval,random,random,random,normal_drift,0.999999983171539,0.44018971814314145,0,,1,0,collecting_candidates;drift_not_confirmed,source_publish_interval,voltage_rolling_mean=230.612357;source_publish_interval=0.729002,source_publish_interval,0.5609579384326935,9.52637498266995,10.10841690003872
2026-08-10T17:40:10.085943+00:00,communication_drift_01,meter_01,209,none,publish_interval,random,random,random,normal_drift,0.9999999978533956,0.44755967775424654,0,,1,0,collecting_candidates;drift_not_confirmed,source_publish_interval,voltage_rolling_mean=231.592152;source_publish_interval=0.729002,source_publish_interval,2.2725409362465143,18.822374986484647,21.12737507559359
2026-08-10T17:40:10.107389+00:00,communication_drift_01,meter_02,209,none,publish_interval,random,random,random,normal_drift,0.9999999977009499,0.5610853700852754,0,,1,0,collecting_candidates;drift_not_confirmed,source_publish_interval,voltage_rolling_mean=231.433796;source_publish_interval=0.729003,source_publish_interval,0.6997499149292707,11.832958087325096,12.555207824334502
2026-08-10T17:40:10.120028+00:00,communication_drift_01,meter_03,209,none,publish_interval,random,random,random,normal_drift,0.9999999705683036,0.43825916534597165,0,,1,0,collecting_candidates;drift_not_confirmed,source_publish_interval,voltage_rolling_mean=230.612357;source_publish_interval=0.729002,source_publish_interval,0.5471659824252129,9.392958134412766,9.96054196730256
2026-08-10T17:40:10.889965+00:00,communication_drift_01,meter_01,210,none,publish_interval,random,random,random,normal_drift,0.9999999993155348,0.4427622421453713,0,,1,0,collecting_candidates;drift_not_confirmed,source_publish_interval,voltage_rolling_mean=231.592152;source_publish_interval=0.729002,source_publish_interval,2.469749888405204,18.5957089997828,21.09791710972786
2026-08-10T17:40:10.911418+00:00,communication_drift_01,meter_02,210,none,publish_interval,random,random,random,normal_drift,0.9999999853096251,0.47745822733292,0,,1,0,collecting_candidates;drift_not_confirmed,source_publish_interval,voltage_rolling_mean=231.433796;source_publish_interval=0.729003,source_publish_interval,0.6972078699618578,11.505709029734135,12.223999947309494
2026-08-10T17:40:10.923726+00:00,communication_drift_01,meter_03,210,none,publish_interval,random,random,random,normal_drift,0.9999999850477985,0.44901496446521266,0,,1,0,collecting_candidates;drift_not_confirmed,source_publish_interval,voltage_rolling_mean=230.612357;source_publish_interval=0.729002,source_publish_interval,0.5462500266730785,9.40175005234778,9.967916179448366
2026-08-10T17:40:11.693163+00:00,communication_drift_01,meter_01,211,none,publish_interval,random,random,random,normal_drift,0.999999990709144,0.5037212059466156,0,,1,0,collecting_candidates;drift_not_confirmed,source_publish_interval,voltage_rolling_mean=231.592152;source_publish_interval=0.729002,source_publish_interval,1.3005421496927738,19.82041704468429,21.157917100936174
2026-08-10T17:40:11.714570+00:00,communication_drift_01,meter_02,211,none,publish_interval,random,random,random,normal_drift,0.9999999940488449,0.43459765840657055,0,,1,0,collecting_candidates;drift_not_confirmed,source_publish_interval,voltage_rolling_mean=231.433796;source_publish_interval=0.729003,source_publish_interval,0.8369998540729284,12.691917130723596,13.552417047321796
2026-08-10T17:40:11.728217+00:00,communication_drift_01,meter_03,211,none,publish_interval,random,random,random,normal_drift,0.9999999943438347,0.4894504085200559,0,,1,0,collecting_candidates;drift_not_confirmed,source_publish_interval,voltage_rolling_mean=230.612357;source_publish_interval=0.729002,source_publish_interval,0.610959017649293,10.027165990322828,10.658124927431345
2026-08-10T17:40:12.497022+00:00,communication_drift_01,meter_01,212,none,publish_interval,random,random,random,normal_drift,0.9999999981180734,0.5335031470703608,0,,1,0,collecting_candidates;drift_not_confirmed,source_publish_interval,voltage_rolling_mean=231.592152;source_publish_interval=0.729002,source_publish_interval,2.300624968484044,22.447792114689946,24.8048750218004
2026-08-10T17:40:12.522234+00:00,communication_drift_01,meter_02,212,none,publish_interval,random,random,random,normal_drift,0.9999999970470772,0.4376745313438128,0,,1,0,collecting_candidates;drift_not_confirmed,source_publish_interval,voltage_rolling_mean=231.433796;source_publish_interval=0.729003,source_publish_interval,0.9147501550614834,12.09562481380999,13.039125129580498
2026-08-10T17:40:12.535404+00:00,communication_drift_01,meter_03,212,none,publish_interval,random,random,random,normal_drift,0.9999999964516861,0.43708073998010527,0,,1,0,collecting_candidates;drift_not_confirmed,source_publish_interval,voltage_rolling_mean=230.612357;source_publish_interval=0.729002,source_publish_interval,0.5708751268684864,9.482583962380886,10.07591700181365
2026-08-10T17:40:13.301524+00:00,communication_drift_01,meter_01,213,none,publish_interval,random,random,random,normal_drift,0.9999999988005284,0.44966496259514455,0,,1,0,collecting_candidates;drift_not_confirmed,source_publish_interval,voltage_rolling_mean=231.592152;source_publish_interval=0.729002,source_publish_interval,2.0387498661875725,21.971041103824973,24.053707951679826
2026-08-10T17:40:13.325881+00:00,communication_drift_01,meter_02,213,none,publish_interval,random,random,random,normal_drift,0.9999999977552925,0.43975912301685355,0,,1,0,collecting_candidates;drift_not_confirmed,source_publish_interval,voltage_rolling_mean=231.433796;source_publish_interval=0.729003,source_publish_interval,0.8642908651381731,11.84695796109736,12.735040858387947
2026-08-10T17:40:13.338719+00:00,communication_drift_01,meter_03,213,none,publish_interval,random,random,random,normal_drift,0.9999999921282271,0.43987866990534114,0,,1,0,collecting_candidates;drift_not_confirmed,source_publish_interval,voltage_rolling_mean=230.612357;source_publish_interval=0.729002,source_publish_interval,0.5562079604715109,9.49670816771686,10.07412513718009
2026-08-10T17:40:14.105043+00:00,communication_drift_01,meter_01,214,none,publish_interval,random,random,random,normal_drift,0.9999999982865817,0.44725459620084373,0,,1,1,drift_not_confirmed;reference_updated,source_publish_interval,voltage_rolling_mean=231.592152;source_publish_interval=0.766305,source_publish_interval,2.600833075121045,19.40087485127151,22.043874952942133
2026-08-10T17:40:14.127463+00:00,communication_drift_01,meter_02,214,none,publish_interval,random,random,random,normal_drift,0.9999999897501172,0.4375565411466877,0,,1,1,drift_not_confirmed;reference_updated,source_publish_interval,voltage_rolling_mean=231.433796;source_publish_interval=0.766306,source_publish_interval,0.7427081000059843,11.48833311162889,12.255416018888354
2026-08-10T17:40:14.139814+00:00,communication_drift_01,meter_03,214,none,publish_interval,random,random,random,normal_drift,0.999999982341052,0.45474719680401215,0,,1,1,drift_not_confirmed;reference_updated,source_publish_interval,voltage_rolling_mean=230.612357;source_publish_interval=0.766306,source_publish_interval,0.5385419353842735,9.439915884286165,9.999874979257584
2026-08-10T17:40:14.906668+00:00,communication_drift_01,meter_01,215,none,publish_interval,random,random,random,normal_drift,0.9999999972054636,0.46180305060942856,0,,1,0,collecting_candidates;drift_not_confirmed,source_publish_interval,voltage_rolling_mean=231.592152;source_publish_interval=0.766305,source_publish_interval,3.089458215981722,16.35795785114169,19.480375107377768
2026-08-10T17:40:14.926489+00:00,communication_drift_01,meter_02,215,none,publish_interval,random,random,random,normal_drift,0.9999999985944266,0.5019052325432168,0,,1,0,collecting_candidates;drift_not_confirmed,source_publish_interval,voltage_rolling_mean=231.433796;source_publish_interval=0.766306,source_publish_interval,0.7216250523924828,10.920875007286668,11.66362501680851
2026-08-10T17:40:14.938232+00:00,communication_drift_01,meter_03,215,none,publish_interval,random,random,random,normal_drift,0.9999999882942857,0.44624655225699456,0,,1,0,collecting_candidates;drift_not_confirmed,source_publish_interval,voltage_rolling_mean=230.612357;source_publish_interval=0.766306,source_publish_interval,0.5227909423410892,9.156457846984267,9.69774997793138
2026-08-10T17:40:15.710649+00:00,communication_drift_01,meter_01,216,none,publish_interval,random,random,random,normal_drift,0.9999999982739436,0.5038654681121805,0,,1,0,collecting_candidates;drift_not_confirmed,source_publish_interval,voltage_rolling_mean=231.592152;source_publish_interval=0.766305,source_publish_interval,2.07474990747869,18.760708160698414,20.86783293634653
2026-08-10T17:40:15.731873+00:00,communication_drift_01,meter_02,216,none,publish_interval,random,random,random,normal_drift,0.9999999950085698,0.4448087380415071,0,,1,0,collecting_candidates;drift_not_confirmed,source_publish_interval,voltage_rolling_mean=231.433796;source_publish_interval=0.766306,source_publish_interval,0.7434999570250511,11.573624797165394,12.337082996964455
2026-08-10T17:40:15.744299+00:00,communication_drift_01,meter_03,216,none,publish_interval,random,random,random,normal_drift,0.9999999919716146,0.4750521819635817,0,,1,0,collecting_candidates;drift_not_confirmed,source_publish_interval,voltage_rolling_mean=230.612357;source_publish_interval=0.766306,source_publish_interval,0.522000016644597,9.595833020284772,10.137875098735094
2026-08-10T17:40:16.513784+00:00,communication_drift_01,meter_01,217,none,publish_interval,random,random,random,normal_drift,0.9999999989488491,0.44199124930198613,0,,1,0,collecting_candidates;drift_not_confirmed,source_publish_interval,voltage_rolling_mean=231.592152;source_publish_interval=0.766305,source_publish_interval,3.424624912440777,17.067000037059188,20.530916983261704
2026-08-10T17:40:16.534751+00:00,communication_drift_01,meter_02,217,none,publish_interval,random,random,random,normal_drift,0.9999999980936682,0.5045246521909309,0,,1,0,collecting_candidates;drift_not_confirmed,source_publish_interval,voltage_rolling_mean=231.433796;source_publish_interval=0.766306,source_publish_interval,0.7414580322802067,11.050333036109805,11.813374934718013
2026-08-10T17:40:16.546663+00:00,communication_drift_01,meter_03,217,none,publish_interval,random,random,random,normal_drift,0.9999999850771135,0.45830850191511263,0,,1,0,collecting_candidates;drift_not_confirmed,source_publish_interval,voltage_rolling_mean=230.612357;source_publish_interval=0.766306,source_publish_interval,0.5171659868210554,9.348749881610274,9.886832907795906
2026-08-10T17:40:17.316956+00:00,communication_drift_01,meter_01,218,none,publish_interval,random,random,random,normal_drift,0.9999999994515711,0.44605186767000404,0,,1,0,collecting_candidates;drift_not_confirmed,source_publish_interval,voltage_rolling_mean=231.592152;source_publish_interval=0.766305,source_publish_interval,2.76741711422801,16.949707875028253,19.755041925236583
2026-08-10T17:40:17.337095+00:00,communication_drift_01,meter_02,218,none,publish_interval,random,random,random,normal_drift,0.9999999949521785,0.5708552858981901,0,,1,0,collecting_candidates;drift_not_confirmed,source_publish_interval,voltage_rolling_mean=231.433796;source_publish_interval=0.766306,source_publish_interval,0.7442920468747616,10.986041044816375,11.751083191484213
2026-08-10T17:40:17.348932+00:00,communication_drift_01,meter_03,218,none,publish_interval,random,random,random,normal_drift,0.9999999940637723,0.48752335031739796,0,,1,0,collecting_candidates;drift_not_confirmed,source_publish_interval,voltage_rolling_mean=230.612357;source_publish_interval=0.766306,source_publish_interval,0.5270419642329216,9.247333044186234,9.796165861189365
2026-08-10T17:40:18.120673+00:00,communication_drift_01,meter_01,219,none,publish_interval,random,random,random,normal_drift,0.999999994887478,0.47708121424853117,0,,1,0,collecting_candidates;drift_not_confirmed,source_publish_interval,voltage_rolling_mean=231.592152;source_publish_interval=0.766305,source_publish_interval,1.0594578925520182,23.369457805529237,24.48370889760554
2026-08-10T17:40:18.145412+00:00,communication_drift_01,meter_02,219,none,publish_interval,random,random,random,normal_drift,0.9999999960812664,0.44685926790334135,0,,1,0,collecting_candidates;drift_not_confirmed,source_publish_interval,voltage_rolling_mean=231.433796;source_publish_interval=0.766306,source_publish_interval,0.9545001666992903,12.740583857521415,13.72195896692574
2026-08-10T17:40:18.159292+00:00,communication_drift_01,meter_03,219,none,publish_interval,random,random,random,normal_drift,0.9999999868234635,0.4572616682761651,0,,1,0,collecting_candidates;drift_not_confirmed,source_publish_interval,voltage_rolling_mean=230.612357;source_publish_interval=0.766306,source_publish_interval,0.6145830266177654,9.825750021263957,10.461625177413225
2026-08-10T17:40:18.924938+00:00,communication_drift_01,meter_01,220,none,publish_interval,random,random,random,normal_drift,0.9999999987962822,0.46941758616370405,0,,1,0,collecting_candidates;drift_not_confirmed,source_publish_interval,voltage_rolling_mean=231.592152;source_publish_interval=0.766305,source_publish_interval,2.9118750244379044,16.70220820233226,19.651666982099414
2026-08-10T17:40:18.944989+00:00,communication_drift_01,meter_02,220,none,publish_interval,random,random,random,normal_drift,0.9999999929831429,0.4407590869487303,0,,1,0,collecting_candidates;drift_not_confirmed,source_publish_interval,voltage_rolling_mean=231.433796;source_publish_interval=0.766306,source_publish_interval,0.7787500508129597,10.962917003780603,11.762874899432063
2026-08-10T17:40:18.956850+00:00,communication_drift_01,meter_03,220,none,publish_interval,random,random,random,normal_drift,0.9999996846063703,0.5324537059378628,0,,1,0,collecting_candidates;drift_not_confirmed,source_publish_interval,voltage_rolling_mean=230.612357;source_publish_interval=0.766306,source_publish_interval,0.5334168672561646,9.164625080302358,9.720207890495658
2026-08-10T17:40:19.729275+00:00,communication_drift_01,meter_01,221,none,publish_interval,random,random,random,normal_drift,0.9999999996145243,0.44903818831232434,0,,1,0,collecting_candidates;drift_not_confirmed,source_publish_interval,voltage_rolling_mean=231.592152;source_publish_interval=0.766305,source_publish_interval,2.3233338724821806,22.16425002552569,24.53279192559421
2026-08-10T17:40:19.754240+00:00,communication_drift_01,meter_02,221,none,publish_interval,random,random,random,normal_drift,0.9999999979714882,0.43745691463582437,0,,1,0,collecting_candidates;drift_not_confirmed,source_publish_interval,voltage_rolling_mean=231.433796;source_publish_interval=0.766306,source_publish_interval,0.8988340850919485,12.152791023254395,13.077833922579885
2026-08-10T17:40:19.767450+00:00,communication_drift_01,meter_03,221,none,publish_interval,random,random,random,normal_drift,0.9999999871418132,0.6360586217186226,0,,1,0,collecting_candidates;drift_not_confirmed,source_publish_interval,voltage_rolling_mean=230.612357;source_publish_interval=0.766306,source_publish_interval,0.5492910277098417,9.68258292414248,10.253124870359898
2026-08-10T17:40:20.532879+00:00,communication_drift_01,meter_01,222,none,publish_interval,random,random,random,normal_drift,0.9999999989356216,0.4387765672857745,0,,1,0,collecting_candidates;drift_not_confirmed,source_publish_interval,voltage_rolling_mean=231.592152;source_publish_interval=0.766305,source_publish_interval,2.9052081517875195,19.219707930460572,22.158832987770438
2026-08-10T17:40:20.555463+00:00,communication_drift_01,meter_02,222,none,publish_interval,random,random,random,normal_drift,0.9999999785242428,0.45682504044037237,0,,1,0,collecting_candidates;drift_not_confirmed,source_publish_interval,voltage_rolling_mean=231.433796;source_publish_interval=0.766306,source_publish_interval,0.7205421570688486,11.301459046080709,12.05241703428328
2026-08-10T17:40:20.567622+00:00,communication_drift_01,meter_03,222,none,publish_interval,random,random,random,normal_drift,0.9999999934310524,0.4416260607779464,0,,1,0,collecting_candidates;drift_not_confirmed,source_publish_interval,voltage_rolling_mean=230.612357;source_publish_interval=0.766306,source_publish_interval,0.5289160180836916,9.367375168949366,9.916125098243356
2026-08-10T17:40:21.336951+00:00,communication_drift_01,meter_01,223,none,publish_interval,random,random,random,normal_drift,0.9999999992528261,0.48178308390613145,0,,1,0,collecting_candidates;drift_not_confirmed,source_publish_interval,voltage_rolling_mean=231.592152;source_publish_interval=0.766305,source_publish_interval,2.785291988402605,17.085917061194777,19.899958977475762
2026-08-10T17:40:21.357197+00:00,communication_drift_01,meter_02,223,none,publish_interval,random,random,random,normal_drift,0.9999999882576062,0.4657863465338763,0,,1,0,collecting_candidates;drift_not_confirmed,source_publish_interval,voltage_rolling_mean=231.433796;source_publish_interval=0.766306,source_publish_interval,0.7111248560249805,11.031833011657,11.762958019971848
2026-08-10T17:40:21.369044+00:00,communication_drift_01,meter_03,223,none,publish_interval,random,random,random,normal_drift,0.9999999957671974,0.43638661855563443,0,,1,0,collecting_candidates;drift_not_confirmed,source_publish_interval,voltage_rolling_mean=230.612357;source_publish_interval=0.766306,source_publish_interval,0.5188328213989735,9.15804086253047,9.695417014881968
2026-08-10T17:40:22.141002+00:00,communication_drift_01,meter_01,224,none,publish_interval,random,random,random,normal_drift,0.9999999982636083,0.43601068083087163,0,,1,0,collecting_candidates;drift_not_confirmed,source_publish_interval,voltage_rolling_mean=231.592152;source_publish_interval=0.766305,source_publish_interval,2.3718751035630703,19.407416926696897,21.815583109855652
2026-08-10T17:40:22.163183+00:00,communication_drift_01,meter_02,224,none,publish_interval,random,random,random,normal_drift,0.9999999929028061,0.4481253929783875,0,,1,0,collecting_candidates;drift_not_confirmed,source_publish_interval,voltage_rolling_mean=231.433796;source_publish_interval=0.766306,source_publish_interval,0.7272500079125166,11.450957972556353,12.201874982565641
2026-08-10T17:40:22.175489+00:00,communication_drift_01,meter_03,224,none,publish_interval,random,random,random,normal_drift,0.9999999894042008,0.447552729471285,0,,1,0,collecting_candidates;drift_not_confirmed,source_publish_interval,voltage_rolling_mean=230.612357;source_publish_interval=0.766306,source_publish_interval,0.5487080197781324,9.451417019590735,10.020916815847158
2026-08-10T17:40:22.941841+00:00,communication_drift_01,meter_01,225,none,publish_interval,random,random,random,normal_drift,0.9999999996714359,0.4849775441343684,0,,1,0,collecting_candidates;drift_not_confirmed,source_publish_interval,voltage_rolling_mean=231.592152;source_publish_interval=0.766305,source_publish_interval,2.5610411539673805,17.674457980319858,20.27849992737174
2026-08-10T17:40:22.962506+00:00,communication_drift_01,meter_02,225,none,publish_interval,random,random,random,normal_drift,0.9999999961818535,0.46617948186817415,0,,1,0,collecting_candidates;drift_not_confirmed,source_publish_interval,voltage_rolling_mean=231.433796;source_publish_interval=0.766306,source_publish_interval,0.7480841595679522,11.117666959762573,11.887459084391594
2026-08-10T17:40:22.974488+00:00,communication_drift_01,meter_03,225,none,publish_interval,random,random,random,normal_drift,0.9999999857623025,0.46007415142023284,0,,1,0,collecting_candidates;drift_not_confirmed,source_publish_interval,voltage_rolling_mean=230.612357;source_publish_interval=0.766306,source_publish_interval,0.5299169570207596,9.296708973124623,9.84633294865489
2026-08-10T17:40:23.746441+00:00,communication_drift_01,meter_01,226,none,publish_interval,random,random,random,normal_drift,0.9999999994701738,0.44041534579097386,0,,1,0,collecting_candidates;drift_not_confirmed,source_publish_interval,voltage_rolling_mean=231.592152;source_publish_interval=0.766305,source_publish_interval,2.227625111117959,20.778166828677058,23.046541959047318
2026-08-10T17:40:23.769873+00:00,communication_drift_01,meter_02,226,none,publish_interval,random,random,random,normal_drift,0.9999999989916679,0.4573414718816981,0,,1,0,collecting_candidates;drift_not_confirmed,source_publish_interval,voltage_rolling_mean=231.433796;source_publish_interval=0.766306,source_publish_interval,0.8728341199457645,11.873207986354828,12.769666966050863
2026-08-10T17:40:23.782752+00:00,communication_drift_01,meter_03,226,none,publish_interval,random,random,random,normal_drift,0.9999999943811064,0.4925013723936392,0,,1,0,collecting_candidates;drift_not_confirmed,source_publish_interval,voltage_rolling_mean=230.612357;source_publish_interval=0.766306,source_publish_interval,0.5421661771833897,9.425750002264977,9.986958000808954
2026-08-10T17:40:24.548590+00:00,communication_drift_01,meter_01,227,none,publish_interval,random,random,random,normal_drift,0.9999999988986155,0.502336309217162,0,,1,0,collecting_candidates;drift_not_confirmed,source_publish_interval,voltage_rolling_mean=231.592152;source_publish_interval=0.766305,source_publish_interval,2.015333157032728,21.471083164215088,23.519791895523667
2026-08-10T17:40:24.572411+00:00,communication_drift_01,meter_02,227,none,publish_interval,random,random,random,normal_drift,0.9999999904968101,0.45151044155827635,0,,1,0,collecting_candidates;drift_not_confirmed,source_publish_interval,voltage_rolling_mean=231.433796;source_publish_interval=0.766306,source_publish_interval,0.7187498267740011,11.982042109593749,12.724875006824732
2026-08-10T17:40:24.585238+00:00,communication_drift_01,meter_03,227,none,publish_interval,random,random,random,normal_drift,0.9999999902659261,0.4474800022141547,0,,1,0,collecting_candidates;drift_not_confirmed,source_publish_interval,voltage_rolling_mean=230.612357;source_publish_interval=0.766306,source_publish_interval,0.5957907997071743,9.474582970142365,10.089583927765489
2026-08-10T17:40:25.352317+00:00,communication_drift_01,meter_01,228,none,publish_interval,random,random,random,normal_drift,0.9999999994833306,0.4398214053827127,0,,1,0,collecting_candidates;drift_not_confirmed,source_publish_interval,voltage_rolling_mean=231.592152;source_publish_interval=0.766305,source_publish_interval,2.090791007503867,21.91375009715557,24.048125138506293
2026-08-10T17:40:25.376783+00:00,communication_drift_01,meter_02,228,none,publish_interval,random,random,random,normal_drift,0.9999999990309878,0.5049329571102397,0,,1,0,collecting_candidates;drift_not_confirmed,source_publish_interval,voltage_rolling_mean=231.433796;source_publish_interval=0.766306,source_publish_interval,0.8722080383449793,11.879124911502004,12.775541981682181
2026-08-10T17:40:25.389678+00:00,communication_drift_01,meter_03,228,none,publish_interval,random,random,random,normal_drift,0.9999999930534023,0.4767505774270516,0,,1,0,collecting_candidates;drift_not_confirmed,source_publish_interval,voltage_rolling_mean=230.612357;source_publish_interval=0.766306,source_publish_interval,0.570167088881135,9.500666987150908,10.090624913573265
2026-08-10T17:40:26.154074+00:00,communication_drift_01,meter_01,229,none,publish_interval,random,random,random,normal_drift,0.9999999991725137,0.4391678113449954,0,,1,0,collecting_candidates;drift_not_confirmed,source_publish_interval,voltage_rolling_mean=231.592152;source_publish_interval=0.766305,source_publish_interval,2.6202499866485596,22.57983386516571,25.239916052669287
2026-08-10T17:40:26.179695+00:00,communication_drift_01,meter_02,229,none,publish_interval,random,random,random,normal_drift,0.9999999949489391,0.4948543958772247,0,,1,0,collecting_candidates;drift_not_confirmed,source_publish_interval,voltage_rolling_mean=231.433796;source_publish_interval=0.766306,source_publish_interval,0.8820840157568455,12.062750058248639,12.968707829713821
2026-08-10T17:40:26.192771+00:00,communication_drift_01,meter_03,229,none,publish_interval,random,random,random,normal_drift,0.9999999921684214,0.5087535062346974,0,,1,0,collecting_candidates;drift_not_confirmed,source_publish_interval,voltage_rolling_mean=230.612357;source_publish_interval=0.766306,source_publish_interval,0.5645828787237406,9.420332964509726,10.004166048020124
2026-08-10T17:40:26.956388+00:00,communication_drift_01,meter_01,230,none,publish_interval,random,random,random,normal_drift,0.9999999994376894,0.4407039717777307,0,,1,0,collecting_candidates;drift_not_confirmed,source_publish_interval,voltage_rolling_mean=231.592152;source_publish_interval=0.766305,source_publish_interval,2.862208988517523,14.587457990273833,17.47720898129046
2026-08-10T17:40:26.974227+00:00,communication_drift_01,meter_02,230,none,publish_interval,random,random,random,normal_drift,0.9999999895907788,0.5645066664298957,0,,1,0,collecting_candidates;drift_not_confirmed,source_publish_interval,voltage_rolling_mean=231.433796;source_publish_interval=0.766306,source_publish_interval,0.6877919659018517,10.493500158190727,11.201250134035945
2026-08-10T17:40:26.985521+00:00,communication_drift_01,meter_03,230,none,publish_interval,random,random,random,normal_drift,0.9999999750285447,0.4385936989733424,0,,1,0,collecting_candidates;drift_not_confirmed,source_publish_interval,voltage_rolling_mean=230.612357;source_publish_interval=0.766306,source_publish_interval,0.49404194578528404,8.995250100269914,9.507833048701286
2026-08-10T17:40:27.758639+00:00,communication_drift_01,meter_01,231,none,publish_interval,random,random,random,normal_drift,0.9999999987447055,0.4762359671264272,0,,1,0,collecting_candidates;drift_not_confirmed,source_publish_interval,voltage_rolling_mean=231.592152;source_publish_interval=0.766305,source_publish_interval,2.393083181232214,22.292874986305833,24.740167194977403
2026-08-10T17:40:27.783773+00:00,communication_drift_01,meter_02,231,none,publish_interval,random,random,random,normal_drift,0.9999999849426982,0.5202723127713128,0,,1,0,collecting_candidates;drift_not_confirmed,source_publish_interval,voltage_rolling_mean=231.433796;source_publish_interval=0.766306,source_publish_interval,0.9030841756612062,12.567541096359491,13.496458064764738
2026-08-10T17:40:27.797381+00:00,communication_drift_01,meter_03,231,none,publish_interval,random,random,random,normal_drift,0.9999999827012694,0.4877763418494811,0,,1,0,collecting_candidates;drift_not_confirmed,source_publish_interval,voltage_rolling_mean=230.612357;source_publish_interval=0.766306,source_publish_interval,0.5157501436769962,9.505084017291665,10.040750028565526
2026-08-10T17:40:28.558976+00:00,communication_drift_01,meter_01,232,none,publish_interval,random,random,random,normal_drift,0.999999998868031,0.44330806361639014,0,,1,0,collecting_candidates;drift_not_confirmed,source_publish_interval,voltage_rolling_mean=231.592152;source_publish_interval=0.766305,source_publish_interval,2.3168749175965786,18.493875162675977,20.846040919423103
2026-08-10T17:40:28.580200+00:00,communication_drift_01,meter_02,232,none,publish_interval,random,random,random,normal_drift,0.999999998779588,0.44349599506137793,0,,1,0,collecting_candidates;drift_not_confirmed,source_publish_interval,voltage_rolling_mean=231.433796;source_publish_interval=0.766306,source_publish_interval,0.7120841182768345,11.400916147977114,12.134250020608306
2026-08-10T17:40:28.592427+00:00,communication_drift_01,meter_03,232,none,publish_interval,random,random,random,normal_drift,0.9999999750300963,0.44084678198615307,0,,1,0,collecting_candidates;drift_not_confirmed,source_publish_interval,voltage_rolling_mean=230.612357;source_publish_interval=0.766306,source_publish_interval,0.5028750747442245,9.440124966204166,9.963291930034757
2026-08-10T17:40:29.362947+00:00,communication_drift_01,meter_01,233,none,publish_interval,random,random,random,normal_drift,0.9999999966857145,0.43629899398593386,0,,1,0,collecting_candidates;drift_not_confirmed,source_publish_interval,voltage_rolling_mean=231.592152;source_publish_interval=0.766305,source_publish_interval,2.590249991044402,15.297084115445614,17.918166937306523
2026-08-10T17:40:29.381246+00:00,communication_drift_01,meter_02,233,none,publish_interval,random,random,random,normal_drift,0.9999999809473282,0.47748742099067487,0,,1,0,collecting_candidates;drift_not_confirmed,source_publish_interval,voltage_rolling_mean=231.433796;source_publish_interval=0.766306,source_publish_interval,0.7078750059008598,10.575250023975968,11.304917046800256
2026-08-10T17:40:29.392651+00:00,communication_drift_01,meter_03,233,none,publish_interval,random,random,random,normal_drift,0.9999999582013712,0.5762254732931761,0,,1,0,collecting_candidates;drift_not_confirmed,source_publish_interval,voltage_rolling_mean=230.612357;source_publish_interval=0.766306,source_publish_interval,0.5100411362946033,9.011708199977875,9.541000006720424
2026-08-10T17:40:30.166278+00:00,communication_drift_01,meter_01,234,none,publish_interval,random,random,random,normal_drift,0.9999999960517265,0.4982956092443379,0,,1,1,drift_not_confirmed;reference_updated,source_publish_interval,voltage_rolling_mean=231.592152;source_publish_interval=0.784695,source_publish_interval,2.495582913979888,17.54425000399351,20.08270798251033
2026-08-10T17:40:30.186755+00:00,communication_drift_01,meter_02,234,none,publish_interval,random,random,random,normal_drift,0.9999999983552847,0.4808912170328673,0,,1,1,drift_not_confirmed;reference_updated,source_publish_interval,voltage_rolling_mean=231.433796;source_publish_interval=0.784694,source_publish_interval,0.7454159203916788,11.278999969363213,12.047915952280164
2026-08-10T17:40:30.198898+00:00,communication_drift_01,meter_03,234,none,publish_interval,random,random,random,normal_drift,0.999999990431954,0.4536860578991811,0,,1,1,drift_not_confirmed;reference_updated,source_publish_interval,voltage_rolling_mean=230.612357;source_publish_interval=0.784692,source_publish_interval,0.5089580081403255,9.507833048701286,10.040957946330309
2026-08-10T17:40:30.969242+00:00,communication_drift_01,meter_01,235,none,publish_interval,random,random,random,normal_drift,0.9999999985331618,0.43982782781909363,0,,1,0,collecting_candidates;drift_not_confirmed,source_publish_interval,voltage_rolling_mean=231.592152;source_publish_interval=0.784695,source_publish_interval,1.9912088755518198,21.841084118932486,23.87291705235839
2026-08-10T17:40:30.993479+00:00,communication_drift_01,meter_02,235,none,publish_interval,random,random,random,normal_drift,0.9999999984895827,0.440843874919976,0,,1,0,collecting_candidates;drift_not_confirmed,source_publish_interval,voltage_rolling_mean=231.433796;source_publish_interval=0.784694,source_publish_interval,0.892791198566556,12.095416896045208,13.013165909796953
2026-08-10T17:40:31.006614+00:00,communication_drift_01,meter_03,235,none,publish_interval,random,random,random,normal_drift,0.9999999944488436,0.4582312014617143,0,,1,0,collecting_candidates;drift_not_confirmed,source_publish_interval,voltage_rolling_mean=230.612357;source_publish_interval=0.784692,source_publish_interval,0.5662920884788036,9.498958010226488,10.085417190566659
2026-08-10T17:40:31.773966+00:00,communication_drift_01,meter_01,236,none,publish_interval,random,random,random,normal_drift,0.9999999970693376,0.43347954999960747,0,,1,0,collecting_candidates;drift_not_confirmed,source_publish_interval,voltage_rolling_mean=231.592152;source_publish_interval=0.784695,source_publish_interval,2.0154169760644436,21.79729100316763,23.850667057558894
2026-08-10T17:40:31.798156+00:00,communication_drift_01,meter_02,236,none,publish_interval,random,random,random,normal_drift,0.9999999961053421,0.45117732066880134,0,,1,0,collecting_candidates;drift_not_confirmed,source_publish_interval,voltage_rolling_mean=231.433796;source_publish_interval=0.784694,source_publish_interval,0.8562500588595867,11.934790993109345,12.815875001251698
2026-08-10T17:40:31.811088+00:00,communication_drift_01,meter_03,236,none,publish_interval,random,random,random,normal_drift,0.9999999746384964,0.470700208765733,0,,1,0,collecting_candidates;drift_not_confirmed,source_publish_interval,voltage_rolling_mean=230.612357;source_publish_interval=0.784692,source_publish_interval,0.5500828847289085,9.014332899823785,9.580083191394806
2026-08-10T17:40:32.578166+00:00,communication_drift_01,meter_01,237,none,publish_interval,random,random,random,normal_drift,0.9999999985716155,0.4634317629945972,0,,1,0,collecting_candidates;drift_not_confirmed,source_publish_interval,voltage_rolling_mean=231.592152;source_publish_interval=0.784695,source_publish_interval,1.4261668547987938,20.791082875803113,22.257125005126
2026-08-10T17:40:32.600743+00:00,communication_drift_01,meter_02,237,none,publish_interval,random,random,random,normal_drift,0.9999999958691059,0.43650676528232446,0,,1,0,collecting_candidates;drift_not_confirmed,source_publish_interval,voltage_rolling_mean=231.433796;source_publish_interval=0.784694,source_publish_interval,0.9040420409291983,13.181458925828338,14.11012513563037
2026-08-10T17:40:32.614993+00:00,communication_drift_01,meter_03,237,none,publish_interval,random,random,random,normal_drift,0.9999999872667401,0.4621788286480867,0,,1,0,collecting_candidates;drift_not_confirmed,source_publish_interval,voltage_rolling_mean=230.612357;source_publish_interval=0.784692,source_publish_interval,0.6162500940263271,10.20574988797307,10.842707939445972
2026-08-10T17:40:33.383582+00:00,communication_drift_01,meter_01,238,none,publish_interval,random,random,random,normal_drift,0.9999999988670529,0.44051143220486555,0,,1,0,collecting_candidates;drift_not_confirmed,source_publish_interval,voltage_rolling_mean=231.592152;source_publish_interval=0.784695,source_publish_interval,2.6717919390648603,22.257500095292926,24.9636669177562
2026-08-10T17:40:33.408998+00:00,communication_drift_01,meter_02,238,none,publish_interval,random,random,random,normal_drift,0.9999999951934111,0.4529935770747421,0,,1,0,collecting_candidates;drift_not_confirmed,source_publish_interval,voltage_rolling_mean=231.433796;source_publish_interval=0.784694,source_publish_interval,0.837584026157856,11.98170892894268,12.843041913583875
2026-08-10T17:40:33.421957+00:00,communication_drift_01,meter_03,238,none,publish_interval,random,random,random,normal_drift,0.9999999948839484,0.44788454540267564,0,,1,0,collecting_candidates;drift_not_confirmed,source_publish_interval,voltage_rolling_mean=230.612357;source_publish_interval=0.784692,source_publish_interval,0.5683749914169312,9.665458928793669,10.254166088998318
2026-08-10T17:40:34.187627+00:00,communication_drift_01,meter_01,239,none,publish_interval,random,random,random,normal_drift,0.9999999990092221,0.4440562599086237,0,,1,0,collecting_candidates;drift_not_confirmed,source_publish_interval,voltage_rolling_mean=231.592152;source_publish_interval=0.784695,source_publish_interval,1.3439580798149109,23.05399999022484,24.43425008095801
2026-08-10T17:40:34.212314+00:00,communication_drift_01,meter_02,239,none,publish_interval,random,random,random,normal_drift,0.999999998461671,0.47110744540894967,0,,1,0,collecting_candidates;drift_not_confirmed,source_publish_interval,voltage_rolling_mean=231.433796;source_publish_interval=0.784694,source_publish_interval,0.8492500055581331,12.05608295276761,12.928999960422516
2026-08-10T17:40:34.225358+00:00,communication_drift_01,meter_03,239,none,publish_interval,random,random,random,normal_drift,0.9999998883218042,0.5566457296343131,0,,1,0,collecting_candidates;drift_not_confirmed,source_publish_interval,voltage_rolling_mean=230.612357;source_publish_interval=0.784692,source_publish_interval,0.5664171185344458,9.77383297868073,10.36049984395504
2026-08-10T17:40:34.993161+00:00,communication_drift_01,meter_01,240,none,publish_interval,random,random,random,normal_drift,0.9999999995442952,0.4357410999879775,0,,1,0,collecting_candidates;drift_not_confirmed,source_publish_interval,voltage_rolling_mean=231.592152;source_publish_interval=0.784695,source_publish_interval,2.0430840086191893,21.74687501974404,23.82849995046854
2026-08-10T17:40:35.017338+00:00,communication_drift_01,meter_02,240,none,publish_interval,random,random,random,normal_drift,0.9999999980118053,0.45946789151009776,0,,1,0,collecting_candidates;drift_not_confirmed,source_publish_interval,voltage_rolling_mean=231.433796;source_publish_interval=0.784694,source_publish_interval,0.8612920064479113,11.80116692557931,12.685999972745776
2026-08-10T17:40:35.030138+00:00,communication_drift_01,meter_03,240,none,publish_interval,random,random,random,normal_drift,0.9999999850574728,0.4748780081310622,0,,1,0,collecting_candidates;drift_not_confirmed,source_publish_interval,voltage_rolling_mean=230.612357;source_publish_interval=0.784692,source_publish_interval,0.5352501757442951,9.511749958619475,10.066125076264143
2026-08-10T17:40:35.798031+00:00,communication_drift_01,meter_01,241,none,publish_interval,random,random,random,normal_drift,0.9999999987568176,0.45294562145781575,0,,1,0,collecting_candidates;drift_not_confirmed,source_publish_interval,voltage_rolling_mean=231.592152;source_publish_interval=0.784695,source_publish_interval,2.670624991878867,20.05287492647767,22.76016678661108
2026-08-10T17:40:35.821207+00:00,communication_drift_01,meter_02,241,none,publish_interval,random,random,random,normal_drift,0.9999999968104853,0.44073833625037734,0,,1,0,collecting_candidates;drift_not_confirmed,source_publish_interval,voltage_rolling_mean=231.433796;source_publish_interval=0.784694,source_publish_interval,0.7648749742656946,11.58599997870624,12.377124978229403
2026-08-10T17:40:35.833709+00:00,communication_drift_01,meter_03,241,none,publish_interval,random,random,random,normal_drift,0.9999999915441856,0.4533975584113033,0,,1,0,collecting_candidates;drift_not_confirmed,source_publish_interval,voltage_rolling_mean=230.612357;source_publish_interval=0.784692,source_publish_interval,0.5891250912100077,9.529750095680356,10.139500023797154
2026-08-10T17:40:36.602694+00:00,communication_drift_01,meter_01,242,none,publish_interval,random,random,random,normal_drift,0.9999999987856845,0.4505636606377611,0,,1,0,collecting_candidates;drift_not_confirmed,source_publish_interval,voltage_rolling_mean=231.592152;source_publish_interval=0.784695,source_publish_interval,2.819665940478444,20.90608305297792,23.76033295877278
2026-08-10T17:40:36.626855+00:00,communication_drift_01,meter_02,242,none,publish_interval,random,random,random,normal_drift,0.9999999872777964,0.4614340678922061,0,,1,0,collecting_candidates;drift_not_confirmed,source_publish_interval,voltage_rolling_mean=231.433796;source_publish_interval=0.784694,source_publish_interval,0.7555000483989716,11.816333048045635,12.598415836691856
2026-08-10T17:40:36.639567+00:00,communication_drift_01,meter_03,242,none,publish_interval,random,random,random,normal_drift,0.9999999873316979,0.45019198752648604,0,,1,0,collecting_candidates;drift_not_confirmed,source_publish_interval,voltage_rolling_mean=230.612357;source_publish_interval=0.784692,source_publish_interval,0.5570410285145044,9.50008281506598,10.077291168272495
2026-08-10T17:40:37.407638+00:00,communication_drift_01,meter_01,243,none,publish_interval,random,random,random,normal_drift,0.999999965853445,0.5299727511672865,0,,1,0,collecting_candidates;drift_not_confirmed,source_publish_interval,voltage_rolling_mean=231.592152;source_publish_interval=0.784695,source_publish_interval,2.1604581270366907,22.1212909091264,24.32862506248057
2026-08-10T17:40:37.432385+00:00,communication_drift_01,meter_02,243,none,publish_interval,random,random,random,normal_drift,0.9999999894985957,0.44104399365909297,0,,1,0,collecting_candidates;drift_not_confirmed,source_publish_interval,voltage_rolling_mean=231.433796;source_publish_interval=0.784694,source_publish_interval,0.8930838666856289,12.03766604885459,12.956541031599045
2026-08-10T17:40:37.445473+00:00,communication_drift_01,meter_03,243,none,publish_interval,random,random,random,normal_drift,0.9999999919875858,0.4500804727511998,0,,1,0,collecting_candidates;drift_not_confirmed,source_publish_interval,voltage_rolling_mean=230.612357;source_publish_interval=0.784692,source_publish_interval,0.5863751284778118,9.547916939482093,10.155041934922338
2026-08-10T17:40:38.210219+00:00,communication_drift_01,meter_01,244,none,publish_interval,random,random,random,normal_drift,0.999999999223564,0.4455662076789848,0,,1,0,collecting_candidates;drift_not_confirmed,source_publish_interval,voltage_rolling_mean=231.592152;source_publish_interval=0.784695,source_publish_interval,2.4082919117063284,21.615957841277122,24.086332879960537
2026-08-10T17:40:38.234787+00:00,communication_drift_01,meter_02,244,none,publish_interval,random,random,random,normal_drift,0.9999999916796775,0.4369328571472903,0,,1,0,collecting_candidates;drift_not_confirmed,source_publish_interval,voltage_rolling_mean=231.433796;source_publish_interval=0.784694,source_publish_interval,0.9332080371677876,11.999707901850343,12.963958084583282
2026-08-10T17:40:38.247920+00:00,communication_drift_01,meter_03,244,none,publish_interval,random,random,random,normal_drift,0.9999999939352437,0.46916892382074754,0,,1,0,collecting_candidates;drift_not_confirmed,source_publish_interval,voltage_rolling_mean=230.612357;source_publish_interval=0.784692,source_publish_interval,0.6240829825401306,9.768416872248054,10.41562482714653
2026-08-10T17:40:39.015250+00:00,communication_drift_01,meter_01,245,none,publish_interval,random,random,random,normal_drift,0.9999999996378361,0.5125110093929365,0,,1,0,collecting_candidates;drift_not_confirmed,source_publish_interval,voltage_rolling_mean=231.592152;source_publish_interval=0.784695,source_publish_interval,2.423957921564579,22.126416908577085,24.597750045359135
2026-08-10T17:40:39.040243+00:00,communication_drift_01,meter_02,245,none,publish_interval,random,random,random,normal_drift,0.9999999892944623,0.4474265808122098,0,,1,0,collecting_candidates;drift_not_confirmed,source_publish_interval,voltage_rolling_mean=231.433796;source_publish_interval=0.784694,source_publish_interval,0.8680829778313637,12.114458018913865,13.00833304412663
2026-08-10T17:40:39.053370+00:00,communication_drift_01,meter_03,245,none,publish_interval,random,random,random,normal_drift,0.9999999973972971,0.5681937706287437,0,,1,0,collecting_candidates;drift_not_confirmed,source_publish_interval,voltage_rolling_mean=230.612357;source_publish_interval=0.784692,source_publish_interval,0.6046250928193331,9.533375035971403,10.158667108044028
2026-08-10T17:40:39.819375+00:00,communication_drift_01,meter_01,246,none,publish_interval,random,random,random,normal_drift,0.9999999989955599,0.4381181038552656,0,,1,0,collecting_candidates;drift_not_confirmed,source_publish_interval,voltage_rolling_mean=231.592152;source_publish_interval=0.784695,source_publish_interval,1.3874168507754803,21.088291192427278,22.53025001846254
2026-08-10T17:40:39.842266+00:00,communication_drift_01,meter_02,246,none,publish_interval,random,random,random,normal_drift,0.9999999925156883,0.43752824357171594,0,,1,0,collecting_candidates;drift_not_confirmed,source_publish_interval,voltage_rolling_mean=231.433796;source_publish_interval=0.784694,source_publish_interval,0.9637079201638699,12.934916885569692,13.933500042185187
2026-08-10T17:40:39.856355+00:00,communication_drift_01,meter_03,246,none,publish_interval,random,random,random,normal_drift,0.9999999985476771,0.5020139377346994,0,,1,0,collecting_candidates;drift_not_confirmed,source_publish_interval,voltage_rolling_mean=230.612357;source_publish_interval=0.784692,source_publish_interval,0.6585409864783287,10.05629193969071,10.738458018749952
2026-08-10T17:40:40.624922+00:00,communication_drift_01,meter_01,247,none,publish_interval,random,random,random,normal_drift,0.9999999973601541,0.43311468679263504,0,,1,0,collecting_candidates;drift_not_confirmed,source_publish_interval,voltage_rolling_mean=231.592152;source_publish_interval=0.784695,source_publish_interval,2.1150000393390656,22.034915862604976,24.20033304952085
2026-08-10T17:40:40.649580+00:00,communication_drift_01,meter_02,247,none,publish_interval,random,random,random,normal_drift,0.9999999968667026,0.4341844776761034,0,,1,0,collecting_candidates;drift_not_confirmed,source_publish_interval,voltage_rolling_mean=231.433796;source_publish_interval=0.784694,source_publish_interval,0.902791041880846,11.895125033333898,12.82866601832211
2026-08-10T17:40:40.662579+00:00,communication_drift_01,meter_03,247,none,publish_interval,random,random,random,normal_drift,0.999999975297794,0.5270144843694078,0,,1,0,collecting_candidates;drift_not_confirmed,source_publish_interval,voltage_rolling_mean=230.612357;source_publish_interval=0.784692,source_publish_interval,0.6175420712679625,9.406832978129387,10.046291863545775
2026-08-10T17:40:41.428836+00:00,communication_drift_01,meter_01,248,none,publish_interval,random,random,random,normal_drift,0.9999999992964175,0.43823167521471623,0,,1,0,collecting_candidates;drift_not_confirmed,source_publish_interval,voltage_rolling_mean=231.592152;source_publish_interval=0.784695,source_publish_interval,2.1003750152885914,22.385125048458576,24.531208211556077
2026-08-10T17:40:41.453796+00:00,communication_drift_01,meter_02,248,none,publish_interval,random,random,random,normal_drift,0.9999999902271716,0.44098202684658877,0,,1,0,collecting_candidates;drift_not_confirmed,source_publish_interval,voltage_rolling_mean=231.433796;source_publish_interval=0.784694,source_publish_interval,0.8595418184995651,12.014084029942751,12.899833032861352
2026-08-10T17:40:41.466827+00:00,communication_drift_01,meter_03,248,none,publish_interval,random,random,random,normal_drift,0.9999999942927564,0.4568865601617398,0,,1,0,collecting_candidates;drift_not_confirmed,source_publish_interval,voltage_rolling_mean=230.612357;source_publish_interval=0.784692,source_publish_interval,0.6232499144971371,9.478457970544696,10.122374864295125
2026-08-10T17:40:42.233689+00:00,communication_drift_01,meter_01,249,none,publish_interval,random,random,random,normal_drift,0.999999999242392,0.4453754259611818,0,,1,0,collecting_candidates;drift_not_confirmed,source_publish_interval,voltage_rolling_mean=231.592152;source_publish_interval=0.784695,source_publish_interval,2.0427920389920473,21.563166985288262,23.64662499167025
2026-08-10T17:40:42.257659+00:00,communication_drift_01,meter_02,249,none,publish_interval,random,random,random,normal_drift,0.9999999928620875,0.4608963240255984,0,,1,0,collecting_candidates;drift_not_confirmed,source_publish_interval,voltage_rolling_mean=231.433796;source_publish_interval=0.784694,source_publish_interval,0.8653341792523861,11.923249810934067,12.8132498357445
2026-08-10T17:40:42.270595+00:00,communication_drift_01,meter_03,249,none,publish_interval,random,random,random,normal_drift,0.9999999977898317,0.462732086639835,0,,1,0,collecting_candidates;drift_not_confirmed,source_publish_interval,voltage_rolling_mean=230.612357;source_publish_interval=0.784692,source_publish_interval,0.6118339952081442,9.404208045452833,10.03679190762341
2026-08-10T17:40:43.038678+00:00,communication_drift_01,meter_01,250,none,publish_interval,random,random,random,normal_drift,0.9999999991449009,0.449378348829433,0,,1,0,collecting_candidates;drift_not_confirmed,source_publish_interval,voltage_rolling_mean=231.592152;source_publish_interval=0.784695,source_publish_interval,2.3846251424402,19.312458112835884,21.730416920036077
2026-08-10T17:40:43.060779+00:00,communication_drift_01,meter_02,250,none,publish_interval,random,random,random,normal_drift,0.9999999873438289,0.44458827998184675,0,,1,0,collecting_candidates;drift_not_confirmed,source_publish_interval,voltage_rolling_mean=231.433796;source_publish_interval=0.784694,source_publish_interval,0.7237088866531849,11.45983301103115,12.208000058308244
2026-08-10T17:40:43.073095+00:00,communication_drift_01,meter_03,250,none,publish_interval,random,random,random,normal_drift,0.9999999899084645,0.5236407258053897,0,,1,0,collecting_candidates;drift_not_confirmed,source_publish_interval,voltage_rolling_mean=230.612357;source_publish_interval=0.784692,source_publish_interval,0.5785829853266478,9.493709076195955,10.09329198859632
2026-08-10T17:40:43.840134+00:00,communication_drift_01,meter_01,251,none,publish_interval,random,random,random,normal_drift,0.9999999969581159,0.43220219477308464,0,,1,0,collecting_candidates;drift_not_confirmed,source_publish_interval,voltage_rolling_mean=231.592152;source_publish_interval=0.784695,source_publish_interval,2.044667024165392,21.322790998965502,23.415125207975507
2026-08-10T17:40:43.863889+00:00,communication_drift_01,meter_02,251,none,publish_interval,random,random,random,normal_drift,0.9999999579930128,0.5207452941355832,0,,1,0,collecting_candidates;drift_not_confirmed,source_publish_interval,voltage_rolling_mean=231.433796;source_publish_interval=0.784694,source_publish_interval,0.8852498140186071,12.256500078365207,13.16545787267387
2026-08-10T17:40:43.877182+00:00,communication_drift_01,meter_03,251,none,publish_interval,random,random,random,normal_drift,0.9999999808404475,0.4958773044109931,0,,1,0,collecting_candidates;drift_not_confirmed,source_publish_interval,voltage_rolling_mean=230.612357;source_publish_interval=0.784692,source_publish_interval,0.6078749429434538,9.54341609030962,10.170333087444305
2026-08-10T17:40:44.640964+00:00,communication_drift_01,meter_01,252,none,publish_interval,random,random,random,normal_drift,0.9999999985912245,0.5597709856433173,0,,1,0,collecting_candidates;drift_not_confirmed,source_publish_interval,voltage_rolling_mean=231.592152;source_publish_interval=0.784695,source_publish_interval,2.5425839703530073,21.89862495288253,24.473875062540174
2026-08-10T17:40:44.665793+00:00,communication_drift_01,meter_02,252,none,publish_interval,random,random,random,normal_drift,0.9999999894316546,0.44704107518765407,0,,1,0,collecting_candidates;drift_not_confirmed,source_publish_interval,voltage_rolling_mean=231.433796;source_publish_interval=0.784694,source_publish_interval,0.815416919067502,11.697292095050216,12.535874964669347
2026-08-10T17:40:44.678438+00:00,communication_drift_01,meter_03,252,none,publish_interval,random,random,random,normal_drift,0.9999999974951777,0.4523963422117985,0,,1,0,collecting_candidates;drift_not_confirmed,source_publish_interval,voltage_rolling_mean=230.612357;source_publish_interval=0.784692,source_publish_interval,0.6259579677134752,9.577832883223891,10.222624987363815
2026-08-10T17:40:45.445591+00:00,communication_drift_01,meter_01,253,none,publish_interval,random,random,random,normal_drift,0.9999999991025459,0.4361980756141864,0,,1,0,collecting_candidates;drift_not_confirmed,source_publish_interval,voltage_rolling_mean=231.592152;source_publish_interval=0.784695,source_publish_interval,1.9661670085042715,21.923874970525503,23.932957788929343
2026-08-10T17:40:45.469885+00:00,communication_drift_01,meter_02,253,none,publish_interval,random,random,random,normal_drift,0.9999999924246893,0.4407132712248361,0,,1,0,collecting_candidates;drift_not_confirmed,source_publish_interval,voltage_rolling_mean=231.433796;source_publish_interval=0.784694,source_publish_interval,0.915332930162549,38.34866709075868,39.29545916616917
2026-08-10T17:40:45.509364+00:00,communication_drift_01,meter_03,253,none,publish_interval,random,random,random,normal_drift,0.9999999992407596,0.4537906528536105,0,,1,0,collecting_candidates;drift_not_confirmed,source_publish_interval,voltage_rolling_mean=230.612357;source_publish_interval=0.784692,source_publish_interval,0.4783750046044588,7.663582917302847,8.16095806658268
2026-08-10T17:40:46.250547+00:00,communication_drift_01,meter_01,254,none,publish_interval,random,random,random,normal_drift,0.999999995014268,0.5532134352135597,0,,1,1,drift_not_confirmed;reference_updated,source_publish_interval,voltage_rolling_mean=231.592152;source_publish_interval=0.794446,source_publish_interval,1.8677909392863512,21.725333062931895,23.64104217849672
2026-08-10T17:40:46.274530+00:00,communication_drift_01,meter_02,254,none,publish_interval,random,random,random,normal_drift,0.9999999906033242,0.5322637522054056,0,,1,1,drift_not_confirmed;reference_updated,source_publish_interval,voltage_rolling_mean=231.433796;source_publish_interval=0.794448,source_publish_interval,0.8872090838849545,12.046082876622677,12.962959008291364
2026-08-10T17:40:46.287641+00:00,communication_drift_01,meter_03,254,none,publish_interval,random,random,random,normal_drift,0.9999999610383872,0.4515505879102672,0,,1,1,drift_not_confirmed;reference_updated,source_publish_interval,voltage_rolling_mean=230.612357;source_publish_interval=0.794449,source_publish_interval,0.6121250335127115,9.45087498985231,10.085792047902942
2026-08-10T17:40:47.055207+00:00,communication_drift_01,meter_01,255,none,publish_interval,random,random,random,normal_drift,0.9999999949479796,0.45885248358271874,0,,1,0,collecting_candidates;drift_not_confirmed,source_publish_interval,voltage_rolling_mean=231.592152;source_publish_interval=0.794446,source_publish_interval,2.114000031724572,21.401333156973124,23.555333027616143
2026-08-10T17:40:47.079156+00:00,communication_drift_01,meter_02,255,none,publish_interval,random,random,random,normal_drift,0.9999999953927652,0.45354463018369046,0,,1,0,collecting_candidates;drift_not_confirmed,source_publish_interval,voltage_rolling_mean=231.433796;source_publish_interval=0.794448,source_publish_interval,0.848416006192565,12.175957905128598,13.050584122538567
2026-08-10T17:40:47.092338+00:00,communication_drift_01,meter_03,255,none,publish_interval,random,random,random,normal_drift,0.9999999930418499,0.532691296256973,0,,1,0,collecting_candidates;drift_not_confirmed,source_publish_interval,voltage_rolling_mean=230.612357;source_publish_interval=0.794449,source_publish_interval,0.6091250106692314,9.634542046114802,10.26441715657711
2026-08-10T17:40:47.859804+00:00,communication_drift_01,meter_01,256,none,publish_interval,random,random,random,normal_drift,0.9999999985004373,0.4472501091722763,0,,1,0,collecting_candidates;drift_not_confirmed,source_publish_interval,voltage_rolling_mean=231.592152;source_publish_interval=0.794446,source_publish_interval,2.1312499884516,22.0441659912467,24.223250104114413
2026-08-10T17:40:47.884451+00:00,communication_drift_01,meter_02,256,none,publish_interval,random,random,random,normal_drift,0.9999999950151699,0.5382194627782632,0,,1,0,collecting_candidates;drift_not_confirmed,source_publish_interval,voltage_rolling_mean=231.433796;source_publish_interval=0.794448,source_publish_interval,0.8630831725895405,12.001708149909973,12.890083016827703
2026-08-10T17:40:47.897459+00:00,communication_drift_01,meter_03,256,none,publish_interval,random,random,random,normal_drift,0.9999999926919265,0.4954344495984491,0,,1,0,collecting_candidates;drift_not_confirmed,source_publish_interval,voltage_rolling_mean=230.612357;source_publish_interval=0.794449,source_publish_interval,0.6041249725967646,9.589249966666102,10.213791159912944
2026-08-10T17:40:48.664782+00:00,communication_drift_01,meter_01,257,none,publish_interval,random,random,random,normal_drift,0.9999999890967416,0.4643467894131146,0,,1,0,collecting_candidates;drift_not_confirmed,source_publish_interval,voltage_rolling_mean=231.592152;source_publish_interval=0.794446,source_publish_interval,2.7667090762406588,19.424791913479567,22.230375092476606
2026-08-10T17:40:48.687416+00:00,communication_drift_01,meter_02,257,none,publish_interval,random,random,random,normal_drift,0.9999999948840859,0.5083898443865194,0,,1,0,collecting_candidates;drift_not_confirmed,source_publish_interval,voltage_rolling_mean=231.433796;source_publish_interval=0.794448,source_publish_interval,0.7264160085469484,11.465499876067042,12.215833878144622
2026-08-10T17:40:48.699740+00:00,communication_drift_01,meter_03,257,none,publish_interval,random,random,random,normal_drift,0.9999999757800769,0.5061804970846021,0,,1,0,collecting_candidates;drift_not_confirmed,source_publish_interval,voltage_rolling_mean=230.612357;source_publish_interval=0.794449,source_publish_interval,0.6038749124854803,9.480374865233898,10.10512514039874
2026-08-10T17:40:49.467011+00:00,communication_drift_01,meter_01,258,none,publish_interval,random,random,random,normal_drift,0.999999995951453,0.4722483179122842,0,,1,0,collecting_candidates;drift_not_confirmed,source_publish_interval,voltage_rolling_mean=231.592152;source_publish_interval=0.794446,source_publish_interval,2.49083386734128,18.69558310136199,21.22837514616549
2026-08-10T17:40:49.488651+00:00,communication_drift_01,meter_02,258,none,publish_interval,random,random,random,normal_drift,0.9999999507270991,0.5023624672903799,0,,1,0,collecting_candidates;drift_not_confirmed,source_publish_interval,voltage_rolling_mean=231.433796;source_publish_interval=0.794448,source_publish_interval,0.7372498512268066,11.386083904653788,12.14433298446238
2026-08-10T17:40:49.500898+00:00,communication_drift_01,meter_03,258,none,publish_interval,random,random,random,normal_drift,0.9999999977821885,0.45528859017812107,0,,1,0,collecting_candidates;drift_not_confirmed,source_publish_interval,voltage_rolling_mean=230.612357;source_publish_interval=0.794449,source_publish_interval,0.5477920640259981,9.420958114787936,9.988291887566447
2026-08-10T17:40:50.271685+00:00,communication_drift_01,meter_01,259,none,publish_interval,random,random,random,normal_drift,0.9999999961567352,0.43893915937098477,0,,1,0,collecting_candidates;drift_not_confirmed,source_publish_interval,voltage_rolling_mean=231.592152;source_publish_interval=0.794446,source_publish_interval,1.9721670541912317,21.730792010203004,23.741208016872406
2026-08-10T17:40:50.295741+00:00,communication_drift_01,meter_02,259,none,publish_interval,random,random,random,normal_drift,0.9999999965355839,0.5865871330630489,0,,1,0,collecting_candidates;drift_not_confirmed,source_publish_interval,voltage_rolling_mean=231.433796;source_publish_interval=0.794448,source_publish_interval,0.8334170561283827,11.914541944861412,12.771375011652708
2026-08-10T17:40:50.308619+00:00,communication_drift_01,meter_03,259,none,publish_interval,random,random,random,normal_drift,0.9999999976810501,0.4517037970126724,0,,1,0,collecting_candidates;drift_not_confirmed,source_publish_interval,voltage_rolling_mean=230.612357;source_publish_interval=0.794449,source_publish_interval,0.6012090016156435,9.34433308430016,9.96491708792746
2026-08-10T17:40:51.076759+00:00,communication_drift_01,meter_01,260,none,publish_interval,random,random,random,normal_drift,0.9999999980815384,0.44007732225946966,0,,1,0,collecting_candidates;drift_not_confirmed,source_publish_interval,voltage_rolling_mean=231.592152;source_publish_interval=0.794446,source_publish_interval,2.862374996766448,23.356875171884894,26.25762508250773
2026-08-10T17:40:51.103410+00:00,communication_drift_01,meter_02,260,none,publish_interval,random,random,random,normal_drift,0.9999999863966751,0.5237061508275832,0,,1,0,collecting_candidates;drift_not_confirmed,source_publish_interval,voltage_rolling_mean=231.433796;source_publish_interval=0.794448,source_publish_interval,0.8682080078870058,12.276792200282216,13.168958015739918
2026-08-10T17:40:51.116691+00:00,communication_drift_01,meter_03,260,none,publish_interval,random,random,random,normal_drift,0.9999999783086964,0.5384748177197352,0,,1,0,collecting_candidates;drift_not_confirmed,source_publish_interval,voltage_rolling_mean=230.612357;source_publish_interval=0.794449,source_publish_interval,0.6085829809308052,9.609082946553826,10.237624868750572
2026-08-10T17:40:51.881685+00:00,communication_drift_01,meter_01,261,none,publish_interval,random,random,random,normal_drift,0.9999999813844175,0.48235567494966564,0,,1,0,collecting_candidates;drift_not_confirmed,source_publish_interval,voltage_rolling_mean=231.592152;source_publish_interval=0.794446,source_publish_interval,2.7225420344620943,19.23362514935434,21.98987500742078
2026-08-10T17:40:51.904043+00:00,communication_drift_01,meter_02,261,none,publish_interval,random,random,random,normal_drift,0.9999999940851776,0.4905633933516153,0,,1,0,collecting_candidates;drift_not_confirmed,source_publish_interval,voltage_rolling_mean=231.433796;source_publish_interval=0.794448,source_publish_interval,0.7239580154418945,11.481582885608077,12.226874940097332
2026-08-10T17:40:51.916364+00:00,communication_drift_01,meter_03,261,none,publish_interval,random,random,random,normal_drift,0.9999999923399446,0.45535445274911385,0,,1,0,collecting_candidates;drift_not_confirmed,source_publish_interval,voltage_rolling_mean=230.612357;source_publish_interval=0.794449,source_publish_interval,0.5623751785606146,9.536209050565958,10.118040954694152
2026-08-10T17:40:52.686777+00:00,communication_drift_01,meter_01,262,none,publish_interval,random,random,random,normal_drift,0.99999999773117,0.5021625033910304,0,,1,0,collecting_candidates;drift_not_confirmed,source_publish_interval,voltage_rolling_mean=231.592152;source_publish_interval=0.794446,source_publish_interval,1.838000025600195,21.928499918431044,23.83891586214304
2026-08-10T17:40:52.711076+00:00,communication_drift_01,meter_02,262,none,publish_interval,random,random,random,normal_drift,0.9999999974064429,0.4560979330656284,0,,1,0,collecting_candidates;drift_not_confirmed,source_publish_interval,voltage_rolling_mean=231.433796;source_publish_interval=0.794448,source_publish_interval,0.9731659665703773,12.486000079661608,13.490375131368637
2026-08-10T17:40:52.724730+00:00,communication_drift_01,meter_03,262,none,publish_interval,random,random,random,normal_drift,0.9999999860245006,0.490476911970959,0,,1,0,collecting_candidates;drift_not_confirmed,source_publish_interval,voltage_rolling_mean=230.612357;source_publish_interval=0.794449,source_publish_interval,0.5682921037077904,9.54504101537168,10.136124910786748
2026-08-10T17:40:53.491806+00:00,communication_drift_01,meter_01,263,none,publish_interval,random,random,random,normal_drift,0.9999999974282296,0.43912235181338016,0,,1,0,collecting_candidates;drift_not_confirmed,source_publish_interval,voltage_rolling_mean=231.592152;source_publish_interval=0.794446,source_publish_interval,3.191292053088546,17.7045410964638,20.93220897950232
2026-08-10T17:40:53.513118+00:00,communication_drift_01,meter_02,263,none,publish_interval,random,random,random,normal_drift,0.9999999949022367,0.4590452208558133,0,,1,0,collecting_candidates;drift_not_confirmed,source_publish_interval,voltage_rolling_mean=231.433796;source_publish_interval=0.794448,source_publish_interval,0.7297089323401451,11.286790948361158,12.037666980177164
2026-08-10T17:40:53.525250+00:00,communication_drift_01,meter_03,263,none,publish_interval,random,random,random,normal_drift,0.9999999902354172,0.451283834049264,0,,1,0,collecting_candidates;drift_not_confirmed,source_publish_interval,voltage_rolling_mean=230.612357;source_publish_interval=0.794449,source_publish_interval,0.5343330558389425,9.413874940946698,9.967999998480082
2026-08-10T17:40:54.295026+00:00,communication_drift_01,meter_01,264,none,publish_interval,random,random,random,normal_drift,0.9999999946220528,0.4513675855140303,0,,1,0,collecting_candidates;drift_not_confirmed,source_publish_interval,voltage_rolling_mean=231.592152;source_publish_interval=0.794446,source_publish_interval,2.420458011329174,22.55508303642273,25.013166945427656
2026-08-10T17:40:54.320391+00:00,communication_drift_01,meter_02,264,none,publish_interval,random,random,random,normal_drift,0.9999999962110826,0.4764647547683936,0,,1,0,collecting_candidates;drift_not_confirmed,source_publish_interval,voltage_rolling_mean=231.433796;source_publish_interval=0.794448,source_publish_interval,0.8913339115679264,12.575499946251512,13.494458049535751
2026-08-10T17:40:54.334005+00:00,communication_drift_01,meter_03,264,none,publish_interval,random,random,random,normal_drift,0.9999999974634284,0.44811765599221,0,,1,0,collecting_candidates;drift_not_confirmed,source_publish_interval,voltage_rolling_mean=230.612357;source_publish_interval=0.794449,source_publish_interval,0.558875035494566,9.790332987904549,10.36991598084569
2026-08-10T17:40:55.099233+00:00,communication_drift_01,meter_01,265,none,publish_interval,random,random,random,normal_drift,0.9999999936923403,0.4371929377797697,0,,1,0,collecting_candidates;drift_not_confirmed,source_publish_interval,voltage_rolling_mean=231.592152;source_publish_interval=0.794446,source_publish_interval,2.3016249760985374,20.72808309458196,23.061957908794284
2026-08-10T17:40:55.122666+00:00,communication_drift_01,meter_02,265,none,publish_interval,random,random,random,normal_drift,0.9999999908847396,0.4555379926823332,0,,1,0,collecting_candidates;drift_not_confirmed,source_publish_interval,voltage_rolling_mean=231.433796;source_publish_interval=0.794448,source_publish_interval,0.7289161439985037,11.896000010892749,12.649041134864092
2026-08-10T17:40:55.135435+00:00,communication_drift_01,meter_03,265,none,publish_interval,random,random,random,normal_drift,0.9999999962920425,0.4553483024871868,0,,1,0,collecting_candidates;drift_not_confirmed,source_publish_interval,voltage_rolling_mean=230.612357;source_publish_interval=0.794449,source_publish_interval,0.5640839226543903,9.382417192682624,9.96487494558096
2026-08-10T17:40:55.901598+00:00,communication_drift_01,meter_01,266,none,publish_interval,random,random,random,normal_drift,0.9999999556701142,0.46121973300899716,0,,1,0,collecting_candidates;drift_not_confirmed,source_publish_interval,voltage_rolling_mean=231.592152;source_publish_interval=0.794446,source_publish_interval,3.0508339405059814,18.599874805659056,21.688916021957994
2026-08-10T17:40:55.923676+00:00,communication_drift_01,meter_02,266,none,publish_interval,random,random,random,normal_drift,0.9999999908583918,0.45132074292157415,0,,1,0,collecting_candidates;drift_not_confirmed,source_publish_interval,voltage_rolling_mean=231.433796;source_publish_interval=0.794448,source_publish_interval,0.7459998596459627,11.224125046283007,11.993749998509884
2026-08-10T17:40:55.935782+00:00,communication_drift_01,meter_03,266,none,publish_interval,random,random,random,normal_drift,0.9999999921562911,0.4549450579125877,0,,1,0,collecting_candidates;drift_not_confirmed,source_publish_interval,voltage_rolling_mean=230.612357;source_publish_interval=0.794449,source_publish_interval,0.5324999801814556,9.41620790399611,9.96866705827415
2026-08-10T17:40:56.706678+00:00,communication_drift_01,meter_01,267,none,publish_interval,random,random,random,normal_drift,0.9999999988578705,0.48534755419228753,0,,1,0,collecting_candidates;drift_not_confirmed,source_publish_interval,voltage_rolling_mean=231.592152;source_publish_interval=0.794446,source_publish_interval,2.32058297842741,19.290833035483956,21.650874987244606
2026-08-10T17:40:56.728751+00:00,communication_drift_01,meter_02,267,none,publish_interval,random,random,random,normal_drift,0.999999986930453,0.460870911486884,0,,1,0,collecting_candidates;drift_not_confirmed,source_publish_interval,voltage_rolling_mean=231.433796;source_publish_interval=0.794448,source_publish_interval,0.7695411331951618,11.799875181168318,12.59337505325675
2026-08-10T17:40:56.741454+00:00,communication_drift_01,meter_03,267,none,publish_interval,random,random,random,normal_drift,0.9999999965064921,0.44788773331414766,0,,1,0,collecting_candidates;drift_not_confirmed,source_publish_interval,voltage_rolling_mean=230.612357;source_publish_interval=0.794449,source_publish_interval,0.5335828755050898,9.384749922901392,9.939250070601702
2026-08-10T17:40:57.511360+00:00,communication_drift_01,meter_01,268,none,publish_interval,random,random,random,normal_drift,0.9999999916234051,0.45096239916521663,0,,1,0,collecting_candidates;drift_not_confirmed,source_publish_interval,voltage_rolling_mean=231.592152;source_publish_interval=0.794446,source_publish_interval,2.3157079704105854,18.110499950125813,20.462583051994443
2026-08-10T17:40:57.532233+00:00,communication_drift_01,meter_02,268,none,publish_interval,random,random,random,normal_drift,0.9999999932143124,0.4575111573990222,0,,1,0,collecting_candidates;drift_not_confirmed,source_publish_interval,voltage_rolling_mean=231.433796;source_publish_interval=0.794448,source_publish_interval,0.726624857634306,11.203916044905782,11.952499859035015
2026-08-10T17:40:57.544290+00:00,communication_drift_01,meter_03,268,none,publish_interval,random,random,random,normal_drift,0.9999999895432351,0.45375630760359725,0,,1,0,collecting_candidates;drift_not_confirmed,source_publish_interval,voltage_rolling_mean=230.612357;source_publish_interval=0.794449,source_publish_interval,0.5075421649962664,9.361791191622615,9.889874840155244
2026-08-10T17:40:58.316139+00:00,communication_drift_01,meter_01,269,none,publish_interval,random,random,random,normal_drift,0.9999999937215729,0.4556847379151249,0,,1,0,collecting_candidates;drift_not_confirmed,source_publish_interval,voltage_rolling_mean=231.592152;source_publish_interval=0.794446,source_publish_interval,2.2694580256938934,22.611125139519572,24.933916982263327
2026-08-10T17:40:58.341485+00:00,communication_drift_01,meter_02,269,none,publish_interval,random,random,random,normal_drift,0.999999988477149,0.4513978843439898,0,,1,0,collecting_candidates;drift_not_confirmed,source_publish_interval,voltage_rolling_mean=231.433796;source_publish_interval=0.794448,source_publish_interval,0.881291925907135,12.071915902197361,12.97837495803833
2026-08-10T17:40:58.354614+00:00,communication_drift_01,meter_03,269,none,publish_interval,random,random,random,normal_drift,0.9999999969029443,0.446749332095119,0,,1,0,collecting_candidates;drift_not_confirmed,source_publish_interval,voltage_rolling_mean=230.612357;source_publish_interval=0.794449,source_publish_interval,0.5837501958012581,9.759959066286683,10.364041896536946
2026-08-10T17:40:59.120228+00:00,communication_drift_01,meter_01,270,none,publish_interval,random,random,random,normal_drift,0.9999999886432686,0.5301692552557863,0,,1,0,collecting_candidates;drift_not_confirmed,source_publish_interval,voltage_rolling_mean=231.592152;source_publish_interval=0.794446,source_publish_interval,2.437292132526636,17.63945911079645,20.11329191736877
2026-08-10T17:40:59.140719+00:00,communication_drift_01,meter_02,270,none,publish_interval,random,random,random,normal_drift,0.999999988230129,0.4586043787373055,0,,1,0,collecting_candidates;drift_not_confirmed,source_publish_interval,voltage_rolling_mean=231.433796;source_publish_interval=0.794448,source_publish_interval,0.7235838565975428,11.089874897152185,11.834667064249516
2026-08-10T17:40:59.152659+00:00,communication_drift_01,meter_03,270,none,publish_interval,random,random,random,normal_drift,0.9999999820189748,0.48002920509007163,0,,1,0,collecting_candidates;drift_not_confirmed,source_publish_interval,voltage_rolling_mean=230.612357;source_publish_interval=0.794449,source_publish_interval,0.5082080606371164,9.317249990999699,9.843457955867052
2026-08-10T17:40:59.923630+00:00,communication_drift_01,meter_01,271,none,publish_interval,random,random,random,normal_drift,0.9999999701921638,0.5173737215179269,0,,1,0,collecting_candidates;drift_not_confirmed,source_publish_interval,voltage_rolling_mean=231.592152;source_publish_interval=0.794446,source_publish_interval,1.9920000340789557,22.086750017479062,24.12433293648064
2026-08-10T17:40:59.948134+00:00,communication_drift_01,meter_02,271,none,publish_interval,random,random,random,normal_drift,0.9999999816454433,0.4896465572901148,0,,1,0,collecting_candidates;drift_not_confirmed,source_publish_interval,voltage_rolling_mean=231.433796;source_publish_interval=0.794448,source_publish_interval,0.8690000977367163,11.965583078563213,12.860042043030262
2026-08-10T17:40:59.961128+00:00,communication_drift_01,meter_03,271,none,publish_interval,random,random,random,normal_drift,0.9999999683405819,0.4513229994685752,0,,1,0,collecting_candidates;drift_not_confirmed,source_publish_interval,voltage_rolling_mean=230.612357;source_publish_interval=0.794449,source_publish_interval,0.5370830185711384,9.511042153462768,10.072458069771528
2026-08-10T17:41:00.728582+00:00,communication_drift_01,meter_01,272,none,publish_interval,random,random,random,normal_drift,0.9999999947018201,0.4440016422284907,0,,1,0,collecting_candidates;drift_not_confirmed,source_publish_interval,voltage_rolling_mean=231.592152;source_publish_interval=0.794446,source_publish_interval,1.9777498673647642,21.909500006586313,23.932167096063495
2026-08-10T17:41:00.752880+00:00,communication_drift_01,meter_02,272,none,publish_interval,random,random,random,normal_drift,0.999999973538146,0.4750878296184798,0,,1,0,collecting_candidates;drift_not_confirmed,source_publish_interval,voltage_rolling_mean=231.433796;source_publish_interval=0.794448,source_publish_interval,0.917959026992321,12.13225000537932,13.075875118374825
2026-08-10T17:41:00.766087+00:00,communication_drift_01,meter_03,272,none,publish_interval,random,random,random,normal_drift,0.9999999916410273,0.5470027337014918,0,,1,0,collecting_candidates;drift_not_confirmed,source_publish_interval,voltage_rolling_mean=230.612357;source_publish_interval=0.794449,source_publish_interval,0.5197080317884684,9.609249886125326,10.150125017389655
2026-08-10T17:41:01.533642+00:00,communication_drift_01,meter_01,273,none,publish_interval,random,random,random,normal_drift,0.9999999961183397,0.4568345759400421,0,,1,0,collecting_candidates;drift_not_confirmed,source_publish_interval,voltage_rolling_mean=231.592152;source_publish_interval=0.794446,source_publish_interval,2.5991250295192003,21.19712485000491,23.838166147470474
2026-08-10T17:41:01.557894+00:00,communication_drift_01,meter_02,273,none,publish_interval,random,random,random,normal_drift,0.9999999940346873,0.48003962555954954,0,,1,0,collecting_candidates;drift_not_confirmed,source_publish_interval,voltage_rolling_mean=231.433796;source_publish_interval=0.794448,source_publish_interval,0.8520002011209726,11.977917049080133,12.854333966970444
2026-08-10T17:41:01.570879+00:00,communication_drift_01,meter_03,273,none,publish_interval,random,random,random,normal_drift,0.9999999611634307,0.5298872116059704,0,,1,0,collecting_candidates;drift_not_confirmed,source_publish_interval,voltage_rolling_mean=230.612357;source_publish_interval=0.794449,source_publish_interval,0.5113750230520964,9.610499953851104,10.141874896362424
2026-08-10T17:41:02.338447+00:00,communication_drift_01,meter_01,274,none,publish_interval,random,random,random,normal_drift,0.9999999017041966,0.5769260050250837,0,,1,1,drift_not_confirmed;reference_updated,source_publish_interval,voltage_rolling_mean=231.592152;source_publish_interval=0.799424,source_publish_interval,1.9505838863551617,21.727291168645024,23.7183328717947
2026-08-10T17:41:02.362514+00:00,communication_drift_01,meter_02,274,none,publish_interval,random,random,random,normal_drift,0.9999999888717203,0.46316255846817994,0,,1,1,drift_not_confirmed;reference_updated,source_publish_interval,voltage_rolling_mean=231.433796;source_publish_interval=0.799425,source_publish_interval,0.8179168216884136,11.908124899491668,12.75137485936284
2026-08-10T17:41:02.375367+00:00,communication_drift_01,meter_03,274,none,publish_interval,random,random,random,normal_drift,0.9999999936586057,0.46105162264864036,0,,1,1,drift_not_confirmed;reference_updated,source_publish_interval,voltage_rolling_mean=230.612357;source_publish_interval=0.799424,source_publish_interval,0.5469999741762877,9.676708141341805,10.252125095576048
2026-08-10T17:41:03.143093+00:00,communication_drift_01,meter_01,275,none,publish_interval,random,random,random,normal_drift,0.9999999919887314,0.4476594213311949,0,,1,0,collecting_candidates;drift_not_confirmed,source_publish_interval,voltage_rolling_mean=231.592152;source_publish_interval=0.799424,source_publish_interval,1.5204171650111675,23.15408317372203,24.717292049899697
2026-08-10T17:41:03.168162+00:00,communication_drift_01,meter_02,275,none,publish_interval,random,random,random,normal_drift,0.9999999892411086,0.496221469378506,0,,1,0,collecting_candidates;drift_not_confirmed,source_publish_interval,voltage_rolling_mean=231.433796;source_publish_interval=0.799425,source_publish_interval,0.8600829169154167,12.194958981126547,13.08170915581286
2026-08-10T17:41:03.181390+00:00,communication_drift_01,meter_03,275,none,publish_interval,random,random,random,normal_drift,0.9999999941752689,0.45622632356281256,0,,1,0,collecting_candidates;drift_not_confirmed,source_publish_interval,voltage_rolling_mean=230.612357;source_publish_interval=0.799424,source_publish_interval,0.556332990527153,9.570916881784797,10.147917084395885
2026-08-10T17:41:03.946844+00:00,communication_drift_01,meter_01,276,none,publish_interval,random,random,random,normal_drift,0.9999999715624089,0.49145671544891334,0,,1,0,collecting_candidates;drift_not_confirmed,source_publish_interval,voltage_rolling_mean=231.592152;source_publish_interval=0.799424,source_publish_interval,2.596374833956361,14.567208010703325,17.193916952237487
2026-08-10T17:41:03.964411+00:00,communication_drift_01,meter_02,276,none,publish_interval,random,random,random,normal_drift,0.9999999597382253,0.4604653726322619,0,,1,0,collecting_candidates;drift_not_confirmed,source_publish_interval,voltage_rolling_mean=231.433796;source_publish_interval=0.799425,source_publish_interval,0.6525830831378698,10.544374817982316,11.218042112886906
2026-08-10T17:41:03.975727+00:00,communication_drift_01,meter_03,276,none,publish_interval,random,random,random,normal_drift,0.9999999936744779,0.44871111107190126,0,,1,0,collecting_candidates;drift_not_confirmed,source_publish_interval,voltage_rolling_mean=230.612357;source_publish_interval=0.799424,source_publish_interval,0.48391707241535187,9.077708004042506,9.581292048096657
2026-08-10T17:41:04.749054+00:00,communication_drift_01,meter_01,277,none,publish_interval,random,random,random,normal_drift,0.9999999936889767,0.4677620324529404,0,,1,0,collecting_candidates;drift_not_confirmed,source_publish_interval,voltage_rolling_mean=231.592152;source_publish_interval=0.799424,source_publish_interval,1.963708084076643,21.61108306609094,23.613708093762398
2026-08-10T17:41:04.772989+00:00,communication_drift_01,meter_02,277,none,publish_interval,random,random,random,normal_drift,0.9999999858301614,0.4489043808996196,0,,1,0,collecting_candidates;drift_not_confirmed,source_publish_interval,voltage_rolling_mean=231.433796;source_publish_interval=0.799425,source_publish_interval,0.8317918982356787,11.951791122555733,12.806541984900832
2026-08-10T17:41:04.785911+00:00,communication_drift_01,meter_03,277,none,publish_interval,random,random,random,normal_drift,0.9999999983168102,0.48841365852442126,0,,1,0,collecting_candidates;drift_not_confirmed,source_publish_interval,voltage_rolling_mean=230.612357;source_publish_interval=0.799424,source_publish_interval,0.5624999757856131,9.517625207081437,10.09987504221499
2026-08-10T17:41:05.554255+00:00,communication_drift_01,meter_01,278,none,publish_interval,random,random,random,normal_drift,0.9999999916810453,0.4976802177864619,0,,1,0,collecting_candidates;drift_not_confirmed,source_publish_interval,voltage_rolling_mean=231.592152;source_publish_interval=0.799424,source_publish_interval,2.2344589233398438,22.325958125293255,24.59895797073841
2026-08-10T17:41:05.579269+00:00,communication_drift_01,meter_02,278,none,publish_interval,random,random,random,normal_drift,0.9999999886982803,0.47013190932060234,0,,1,0,collecting_candidates;drift_not_confirmed,source_publish_interval,voltage_rolling_mean=231.433796;source_publish_interval=0.799425,source_publish_interval,0.8192909881472588,11.913791066035628,12.757332995533943
2026-08-10T17:41:05.592153+00:00,communication_drift_01,meter_03,278,none,publish_interval,random,random,random,normal_drift,0.9999999976992544,0.48919909411130597,0,,1,0,collecting_candidates;drift_not_confirmed,source_publish_interval,voltage_rolling_mean=230.612357;source_publish_interval=0.799424,source_publish_interval,0.5405000410974026,9.532207855954766,10.092124808579683
2026-08-10T17:41:06.358612+00:00,communication_drift_01,meter_01,279,none,publish_interval,random,random,random,normal_drift,0.9999999862207893,0.45584672863726816,0,,1,0,collecting_candidates;drift_not_confirmed,source_publish_interval,voltage_rolling_mean=231.592152;source_publish_interval=0.799424,source_publish_interval,1.9430418033152819,21.817500004544854,23.81133404560387
2026-08-10T17:41:06.382817+00:00,communication_drift_01,meter_02,279,none,publish_interval,random,random,random,normal_drift,0.9999999345627765,0.47778033413355714,0,,1,0,collecting_candidates;drift_not_confirmed,source_publish_interval,voltage_rolling_mean=231.433796;source_publish_interval=0.799425,source_publish_interval,0.8742918726056814,12.10991689004004,13.010416878387332
2026-08-10T17:41:06.395971+00:00,communication_drift_01,meter_03,279,none,publish_interval,random,random,random,normal_drift,0.9999999947487537,0.45412743972404546,0,,1,0,collecting_candidates;drift_not_confirmed,source_publish_interval,voltage_rolling_mean=230.612357;source_publish_interval=0.799424,source_publish_interval,0.5516670644283295,9.490666911005974,10.064499918371439
2026-08-10T17:41:07.163795+00:00,communication_drift_01,meter_01,280,none,publish_interval,random,random,random,normal_drift,0.9999999965259534,0.45799188730109547,0,,1,0,collecting_candidates;drift_not_confirmed,source_publish_interval,voltage_rolling_mean=231.592152;source_publish_interval=0.799424,source_publish_interval,2.667417051270604,19.10470798611641,21.80541609413922
2026-08-10T17:41:07.186001+00:00,communication_drift_01,meter_02,280,none,publish_interval,random,random,random,normal_drift,0.9999999956950911,0.45315441917832405,0,,1,0,collecting_candidates;drift_not_confirmed,source_publish_interval,voltage_rolling_mean=231.433796;source_publish_interval=0.799425,source_publish_interval,0.7427081000059843,11.50145917199552,12.264583958312869
2026-08-10T17:41:07.198363+00:00,communication_drift_01,meter_03,280,none,publish_interval,random,random,random,normal_drift,0.9999999951152656,0.4676537065051895,0,,1,0,collecting_candidates;drift_not_confirmed,source_publish_interval,voltage_rolling_mean=230.612357;source_publish_interval=0.799424,source_publish_interval,0.5251250695437193,9.363665943965316,9.90837486460805
2026-08-10T17:41:07.968499+00:00,communication_drift_01,meter_01,281,none,publish_interval,random,random,random,normal_drift,0.9999999937070176,0.4513978364926776,0,,1,0,collecting_candidates;drift_not_confirmed,source_publish_interval,voltage_rolling_mean=231.592152;source_publish_interval=0.799424,source_publish_interval,2.249249955639243,21.971624810248613,24.25799984484911
2026-08-10T17:41:07.993150+00:00,communication_drift_01,meter_02,281,none,publish_interval,random,random,random,normal_drift,0.9999999918678607,0.45458083441456854,0,,1,0,collecting_candidates;drift_not_confirmed,source_publish_interval,voltage_rolling_mean=231.433796;source_publish_interval=0.799425,source_publish_interval,0.8749170228838921,12.163333129137754,13.06216698139906
2026-08-10T17:41:08.006333+00:00,communication_drift_01,meter_03,281,none,publish_interval,random,random,random,normal_drift,0.999999998031847,0.48611792889008315,0,,1,0,collecting_candidates;drift_not_confirmed,source_publish_interval,voltage_rolling_mean=230.612357;source_publish_interval=0.799424,source_publish_interval,0.581375090405345,9.473459096625447,10.07416588254273
2026-08-10T17:41:08.773808+00:00,communication_drift_01,meter_01,282,none,publish_interval,random,random,random,normal_drift,0.9999999929664434,0.4494645255482737,0,,1,0,collecting_candidates;drift_not_confirmed,source_publish_interval,voltage_rolling_mean=231.592152;source_publish_interval=0.799424,source_publish_interval,2.0127499010413885,22.011249791830778,24.075499968603253
2026-08-10T17:41:08.798225+00:00,communication_drift_01,meter_02,282,none,publish_interval,random,random,random,normal_drift,0.9999999843678413,0.4681339852224396,0,,1,0,collecting_candidates;drift_not_confirmed,source_publish_interval,voltage_rolling_mean=231.433796;source_publish_interval=0.799425,source_publish_interval,0.8888340089470148,11.864791857078671,12.780999997630715
2026-08-10T17:41:08.811141+00:00,communication_drift_01,meter_03,282,none,publish_interval,random,random,random,normal_drift,0.999999991804965,0.5355637113258458,0,,1,0,collecting_candidates;drift_not_confirmed,source_publish_interval,voltage_rolling_mean=230.612357;source_publish_interval=0.799424,source_publish_interval,0.5227918736636639,9.505749912932515,10.048416908830404
2026-08-10T17:41:09.579104+00:00,communication_drift_01,meter_01,283,none,publish_interval,random,random,random,normal_drift,0.999999982049025,0.4691906714261867,0,,1,0,collecting_candidates;drift_not_confirmed,source_publish_interval,voltage_rolling_mean=231.592152;source_publish_interval=0.799424,source_publish_interval,2.8762919828295708,15.1467090472579,18.052582861855626
2026-08-10T17:41:09.597561+00:00,communication_drift_01,meter_02,283,none,publish_interval,random,random,random,normal_drift,0.9999999880470035,0.508575618364211,0,,1,0,collecting_candidates;drift_not_confirmed,source_publish_interval,voltage_rolling_mean=231.433796;source_publish_interval=0.799425,source_publish_interval,0.6932918913662434,10.701999999582767,11.415667133405805
2026-08-10T17:41:09.609081+00:00,communication_drift_01,meter_03,283,none,publish_interval,random,random,random,normal_drift,0.9999999893149011,0.5258210192479382,0,,1,0,collecting_candidates;drift_not_confirmed,source_publish_interval,voltage_rolling_mean=230.612357;source_publish_interval=0.799424,source_publish_interval,0.50595891661942,9.133292129263282,9.65762510895729
2026-08-10T17:41:10.384109+00:00,communication_drift_01,meter_01,284,none,publish_interval,random,random,random,normal_drift,0.9999999631480612,0.4837960443674674,0,,1,0,collecting_candidates;drift_not_confirmed,source_publish_interval,voltage_rolling_mean=231.592152;source_publish_interval=0.799424,source_publish_interval,2.0360408816486597,21.221375092864037,23.29037501476705
2026-08-10T17:41:10.407766+00:00,communication_drift_01,meter_02,284,none,publish_interval,random,random,random,normal_drift,0.9999999888135925,0.46886742527256836,0,,1,0,collecting_candidates;drift_not_confirmed,source_publish_interval,voltage_rolling_mean=231.433796;source_publish_interval=0.799425,source_publish_interval,0.8020000532269478,11.61466701887548,12.43929099291563
2026-08-10T17:41:10.420313+00:00,communication_drift_01,meter_03,284,none,publish_interval,random,random,random,normal_drift,0.9999999978582803,0.4661250975334907,0,,1,0,collecting_candidates;drift_not_confirmed,source_publish_interval,voltage_rolling_mean=230.612357;source_publish_interval=0.799424,source_publish_interval,0.5728751420974731,9.659416042268276,10.251000057905912
2026-08-10T17:41:11.189056+00:00,communication_drift_01,meter_01,285,none,publish_interval,random,random,random,normal_drift,0.9999999905258007,0.4601815379442375,0,,1,0,collecting_candidates;drift_not_confirmed,source_publish_interval,voltage_rolling_mean=231.592152;source_publish_interval=0.799424,source_publish_interval,3.3543750178068876,13.324499828740954,16.704542096704245
2026-08-10T17:41:11.206142+00:00,communication_drift_01,meter_02,285,none,publish_interval,random,random,random,normal_drift,0.9999999542150116,0.5016316146435584,0,,1,0,collecting_candidates;drift_not_confirmed,source_publish_interval,voltage_rolling_mean=231.433796;source_publish_interval=0.799425,source_publish_interval,0.6214580498635769,10.27629105374217,10.919166030362248
2026-08-10T17:41:11.217155+00:00,communication_drift_01,meter_03,285,none,publish_interval,random,random,random,normal_drift,0.9999999962465629,0.44276356192847444,0,,1,0,collecting_candidates;drift_not_confirmed,source_publish_interval,voltage_rolling_mean=230.612357;source_publish_interval=0.799424,source_publish_interval,0.512958038598299,8.742540841922164,9.274708107113838
2026-08-10T17:41:11.993863+00:00,communication_drift_01,meter_01,286,none,publish_interval,random,random,random,normal_drift,0.9999999915695897,0.4675852223215533,0,,1,0,collecting_candidates;drift_not_confirmed,source_publish_interval,voltage_rolling_mean=231.592152;source_publish_interval=0.799424,source_publish_interval,2.0080418325960636,21.780333016067743,23.83295795880258
2026-08-10T17:41:12.018053+00:00,communication_drift_01,meter_02,286,none,publish_interval,random,random,random,normal_drift,0.9999999939787803,0.4389572958955603,0,,1,0,collecting_candidates;drift_not_confirmed,source_publish_interval,voltage_rolling_mean=231.433796;source_publish_interval=0.799425,source_publish_interval,0.8981248829513788,12.105083791539073,13.029000023379922
2026-08-10T17:41:12.031206+00:00,communication_drift_01,meter_03,286,none,publish_interval,random,random,random,normal_drift,0.9999999982230581,0.4610815151138706,0,,1,0,collecting_candidates;drift_not_confirmed,source_publish_interval,voltage_rolling_mean=230.612357;source_publish_interval=0.799424,source_publish_interval,0.5651249084621668,9.606875013560057,10.19137492403388
2026-08-10T17:41:12.798965+00:00,communication_drift_01,meter_01,287,none,publish_interval,random,random,random,normal_drift,0.9999999645764784,0.50082222892432,0,,1,0,collecting_candidates;drift_not_confirmed,source_publish_interval,voltage_rolling_mean=231.592152;source_publish_interval=0.799424,source_publish_interval,2.168959006667137,22.031791042536497,24.242416955530643
2026-08-10T17:41:12.823572+00:00,communication_drift_01,meter_02,287,none,publish_interval,random,random,random,normal_drift,0.9999999906250542,0.44481627843602106,0,,1,0,collecting_candidates;drift_not_confirmed,source_publish_interval,voltage_rolling_mean=231.433796;source_publish_interval=0.799425,source_publish_interval,0.8769580163061619,12.068666983395815,12.971040792763233
2026-08-10T17:41:12.836669+00:00,communication_drift_01,meter_03,287,none,publish_interval,random,random,random,normal_drift,0.999999996182285,0.45300527639559435,0,,1,0,collecting_candidates;drift_not_confirmed,source_publish_interval,voltage_rolling_mean=230.612357;source_publish_interval=0.799424,source_publish_interval,0.5866670981049538,9.507582988590002,10.11425000615418
2026-08-10T17:41:13.603848+00:00,communication_drift_01,meter_01,288,none,publish_interval,random,random,random,normal_drift,0.9999999855154798,0.4585134388783942,0,,1,0,collecting_candidates;drift_not_confirmed,source_publish_interval,voltage_rolling_mean=231.592152;source_publish_interval=0.799424,source_publish_interval,3.44420806504786,21.644334075972438,25.132666109129786
2026-08-10T17:41:13.629486+00:00,communication_drift_01,meter_02,288,none,publish_interval,random,random,random,normal_drift,0.9999999818631421,0.4514406811013736,0,,1,0,collecting_candidates;drift_not_confirmed,source_publish_interval,voltage_rolling_mean=231.433796;source_publish_interval=0.799425,source_publish_interval,0.8442089892923832,12.05624989233911,12.923541944473982
2026-08-10T17:41:13.642518+00:00,communication_drift_01,meter_03,288,none,publish_interval,random,random,random,normal_drift,0.9999999844635694,0.540183287196403,0,,1,0,collecting_candidates;drift_not_confirmed,source_publish_interval,voltage_rolling_mean=230.612357;source_publish_interval=0.799424,source_publish_interval,0.5949998740106821,9.47708310559392,10.09087497368455
2026-08-10T17:41:14.407419+00:00,communication_drift_01,meter_01,289,none,publish_interval,random,random,random,normal_drift,0.9999999632139318,0.4576225846596834,0,,1,0,collecting_candidates;drift_not_confirmed,source_publish_interval,voltage_rolling_mean=231.592152;source_publish_interval=0.799424,source_publish_interval,2.977167023345828,19.748083082959056,22.757875034585595
2026-08-10T17:41:14.430536+00:00,communication_drift_01,meter_02,289,none,publish_interval,random,random,random,normal_drift,0.9999998796303856,0.4888764982320633,0,,1,0,collecting_candidates;drift_not_confirmed,source_publish_interval,voltage_rolling_mean=231.433796;source_publish_interval=0.799425,source_publish_interval,0.7355830166488886,11.929625179618597,12.690624920651317
2026-08-10T17:41:14.443331+00:00,communication_drift_01,meter_03,289,none,publish_interval,random,random,random,normal_drift,0.9999999983898622,0.4378361002879457,0,,1,0,collecting_candidates;drift_not_confirmed,source_publish_interval,voltage_rolling_mean=230.612357;source_publish_interval=0.799424,source_publish_interval,0.5735419690608978,9.493583114817739,10.086874943226576
2026-08-10T17:41:15.210083+00:00,communication_drift_01,meter_01,290,none,publish_interval,random,random,random,normal_drift,0.9999999798315464,0.4605267781403419,0,,1,0,collecting_candidates;drift_not_confirmed,source_publish_interval,voltage_rolling_mean=231.592152;source_publish_interval=0.799424,source_publish_interval,2.0500419195741415,21.141957957297564,23.233833024278283
2026-08-10T17:41:15.233621+00:00,communication_drift_01,meter_02,290,none,publish_interval,random,random,random,normal_drift,0.9999999425555735,0.545970769161206,0,,1,0,collecting_candidates;drift_not_confirmed,source_publish_interval,voltage_rolling_mean=231.433796;source_publish_interval=0.799425,source_publish_interval,0.770708080381155,11.928332969546318,12.724041007459164
2026-08-10T17:41:15.246470+00:00,communication_drift_01,meter_03,290,none,publish_interval,random,random,random,normal_drift,0.9999999958383128,0.47741427785909135,0,,1,0,collecting_candidates;drift_not_confirmed,source_publish_interval,voltage_rolling_mean=230.612357;source_publish_interval=0.799424,source_publish_interval,0.6004171445965767,9.629040956497192,10.252292035147548
2026-08-10T17:41:16.015080+00:00,communication_drift_01,meter_01,291,none,publish_interval,random,random,random,normal_drift,0.9999999561751617,0.4614064587004662,0,,1,0,collecting_candidates;drift_not_confirmed,source_publish_interval,voltage_rolling_mean=231.592152;source_publish_interval=0.799424,source_publish_interval,2.069417154416442,21.95249986834824,24.066540878266096
2026-08-10T17:41:16.039531+00:00,communication_drift_01,meter_02,291,none,publish_interval,random,random,random,normal_drift,0.9999999449375016,0.4714039523804027,0,,1,0,collecting_candidates;drift_not_confirmed,source_publish_interval,voltage_rolling_mean=231.433796;source_publish_interval=0.799425,source_publish_interval,0.837292056530714,12.094750069081783,12.958167120814323
2026-08-10T17:41:16.052601+00:00,communication_drift_01,meter_03,291,none,publish_interval,random,random,random,normal_drift,0.999999992336006,0.4732121993638826,0,,1,0,collecting_candidates;drift_not_confirmed,source_publish_interval,voltage_rolling_mean=230.612357;source_publish_interval=0.799424,source_publish_interval,0.5852500908076763,9.47204208932817,10.076917009428144
2026-08-10T17:41:16.815922+00:00,communication_drift_01,meter_01,292,none,publish_interval,random,random,random,normal_drift,0.9999999514954397,0.46308583519849544,0,,1,0,collecting_candidates;drift_not_confirmed,source_publish_interval,voltage_rolling_mean=231.592152;source_publish_interval=0.799424,source_publish_interval,1.985708950087428,21.69766603037715,23.721541976556182
2026-08-10T17:41:16.839953+00:00,communication_drift_01,meter_02,292,none,publish_interval,random,random,random,normal_drift,0.9999999620460963,0.45928927544891684,0,,1,0,collecting_candidates;drift_not_confirmed,source_publish_interval,voltage_rolling_mean=231.433796;source_publish_interval=0.799425,source_publish_interval,0.8202497847378254,11.95183303207159,12.795750051736832
2026-08-10T17:41:16.852845+00:00,communication_drift_01,meter_03,292,none,publish_interval,random,random,random,normal_drift,0.9999999981370149,0.4369130798889372,0,,1,0,collecting_candidates;drift_not_confirmed,source_publish_interval,voltage_rolling_mean=230.612357;source_publish_interval=0.799424,source_publish_interval,0.5882091354578733,9.545749984681606,10.154000017791986
2026-08-10T17:41:17.621196+00:00,communication_drift_01,meter_01,293,none,publish_interval,random,random,random,normal_drift,0.9999999288770154,0.4819475835875242,0,,1,0,collecting_candidates;drift_not_confirmed,source_publish_interval,voltage_rolling_mean=231.592152;source_publish_interval=0.799424,source_publish_interval,2.2089998237788677,21.80154202505946,24.049292085692286
2026-08-10T17:41:17.645567+00:00,communication_drift_01,meter_02,293,none,publish_interval,random,random,random,normal_drift,0.9999999497902797,0.49418013612877315,0,,1,0,collecting_candidates;drift_not_confirmed,source_publish_interval,voltage_rolling_mean=231.433796;source_publish_interval=0.799425,source_publish_interval,0.877707963809371,11.874665971845388,12.776833027601242
2026-08-10T17:41:17.658462+00:00,communication_drift_01,meter_03,293,none,publish_interval,random,random,random,normal_drift,0.9999999861252922,0.4578370386325218,0,,1,0,collecting_candidates;drift_not_confirmed,source_publish_interval,voltage_rolling_mean=230.612357;source_publish_interval=0.799424,source_publish_interval,0.5398329813033342,9.461459005251527,10.02120808698237
2026-08-10T17:41:18.424222+00:00,communication_drift_01,meter_01,294,none,publish_interval,random,random,random,normal_drift,0.9999998457346682,0.5154831133165569,0,,1,1,drift_not_confirmed;reference_updated,source_publish_interval,voltage_rolling_mean=231.592152;source_publish_interval=0.801859,source_publish_interval,2.6578751858323812,20.53270791657269,23.231665836647153
2026-08-10T17:41:18.447868+00:00,communication_drift_01,meter_02,294,none,publish_interval,random,random,random,normal_drift,0.9999999832407046,0.4618491303582485,0,,1,1,drift_not_confirmed;reference_updated,source_publish_interval,voltage_rolling_mean=231.433796;source_publish_interval=0.801859,source_publish_interval,0.7345830090343952,11.73383416607976,12.494290946051478
2026-08-10T17:41:18.460469+00:00,communication_drift_01,meter_03,294,none,publish_interval,random,random,random,normal_drift,0.9999999935427011,0.5274070121366011,0,,1,1,drift_not_confirmed;reference_updated,source_publish_interval,voltage_rolling_mean=230.612357;source_publish_interval=0.801858,source_publish_interval,0.6092078983783722,9.530500043183565,10.161333018913865
2026-08-10T17:41:19.225991+00:00,communication_drift_01,meter_01,295,none,publish_interval,random,random,random,normal_drift,0.9999999470402995,0.4801886267773041,0,,1,0,collecting_candidates;drift_not_confirmed,source_publish_interval,voltage_rolling_mean=231.592152;source_publish_interval=0.801859,source_publish_interval,2.776083070784807,17.771624960005283,20.58204193599522
2026-08-10T17:41:19.246939+00:00,communication_drift_01,meter_02,295,none,publish_interval,random,random,random,normal_drift,0.9999999180226146,0.474334945725776,0,,1,0,collecting_candidates;drift_not_confirmed,source_publish_interval,voltage_rolling_mean=231.433796;source_publish_interval=0.801859,source_publish_interval,0.7193749770522118,11.162374867126346,11.903709033504128
2026-08-10T17:41:19.258943+00:00,communication_drift_01,meter_03,295,none,publish_interval,random,random,random,normal_drift,0.9999999978374565,0.5345293687765786,0,,1,0,collecting_candidates;drift_not_confirmed,source_publish_interval,voltage_rolling_mean=230.612357;source_publish_interval=0.801858,source_publish_interval,0.5377919878810644,9.361207950860262,9.92095796391368
2026-08-10T17:41:20.031027+00:00,communication_drift_01,meter_01,296,none,publish_interval,random,random,random,normal_drift,0.9999999747117552,0.5373374237501727,0,,1,0,collecting_candidates;drift_not_confirmed,source_publish_interval,voltage_rolling_mean=231.592152;source_publish_interval=0.801859,source_publish_interval,3.3808329608291388,19.888083916157484,23.29937508329749
2026-08-10T17:41:20.054685+00:00,communication_drift_01,meter_02,296,none,publish_interval,random,random,random,normal_drift,0.999999965461375,0.47586091623537785,0,,1,0,collecting_candidates;drift_not_confirmed,source_publish_interval,voltage_rolling_mean=231.433796;source_publish_interval=0.801859,source_publish_interval,0.7146659772843122,11.557582998648286,12.293790932744741
2026-08-10T17:41:20.067085+00:00,communication_drift_01,meter_03,296,none,publish_interval,random,random,random,normal_drift,0.9999999039280355,0.4909113415665427,0,,1,0,collecting_candidates;drift_not_confirmed,source_publish_interval,voltage_rolling_mean=230.612357;source_publish_interval=0.801858,source_publish_interval,0.5417920183390379,9.675541892647743,10.238208109512925
2026-08-10T17:41:20.835888+00:00,communication_drift_01,meter_01,297,none,publish_interval,random,random,random,normal_drift,0.9999998899153361,0.5187696051755759,0,,1,0,collecting_candidates;drift_not_confirmed,source_publish_interval,voltage_rolling_mean=231.592152;source_publish_interval=0.801859,source_publish_interval,2.2797079291194677,21.785167045891285,24.107666919007897
2026-08-10T17:41:20.860390+00:00,communication_drift_01,meter_02,297,none,publish_interval,random,random,random,normal_drift,0.9999999884127521,0.4524568808404071,0,,1,0,collecting_candidates;drift_not_confirmed,source_publish_interval,voltage_rolling_mean=231.433796;source_publish_interval=0.801859,source_publish_interval,0.773583073168993,12.046542018651962,12.843624921515584
2026-08-10T17:41:20.873344+00:00,communication_drift_01,meter_03,297,none,publish_interval,random,random,random,normal_drift,0.9999999976915808,0.5024421010664121,0,,1,0,collecting_candidates;drift_not_confirmed,source_publish_interval,voltage_rolling_mean=230.612357;source_publish_interval=0.801858,source_publish_interval,0.6012080702930689,9.602958103641868,10.224084137007594
2026-08-10T17:41:21.640971+00:00,communication_drift_01,meter_01,298,none,publish_interval,random,random,random,normal_drift,0.9999999754233099,0.5211675485925493,0,,1,0,collecting_candidates;drift_not_confirmed,source_publish_interval,voltage_rolling_mean=231.592152;source_publish_interval=0.801859,source_publish_interval,2.4625840596854687,19.396542105823755,21.898791892454028
2026-08-10T17:41:21.663265+00:00,communication_drift_01,meter_02,298,none,publish_interval,random,random,random,normal_drift,0.9999999900149773,0.468659336507039,0,,1,0,collecting_candidates;drift_not_confirmed,source_publish_interval,voltage_rolling_mean=231.433796;source_publish_interval=0.801859,source_publish_interval,0.7199158426374197,11.438624933362007,12.182415928691626
2026-08-10T17:41:21.675555+00:00,communication_drift_01,meter_03,298,none,publish_interval,random,random,random,normal_drift,0.999999993637466,0.4506031308462818,0,,1,0,collecting_candidates;drift_not_confirmed,source_publish_interval,voltage_rolling_mean=230.612357;source_publish_interval=0.801858,source_publish_interval,0.5725000519305468,9.452000027522445,10.043999878689647
2026-08-10T17:41:22.446082+00:00,communication_drift_01,meter_01,299,none,publish_interval,random,random,random,normal_drift,0.9999999573251641,0.45015587947646885,0,,1,0,collecting_candidates;drift_not_confirmed,source_publish_interval,voltage_rolling_mean=231.592152;source_publish_interval=0.801859,source_publish_interval,2.0090420730412006,21.65279188193381,23.701666854321957
2026-08-10T17:41:22.470115+00:00,communication_drift_01,meter_02,299,none,publish_interval,random,random,random,normal_drift,0.9999999581818764,0.4991153180730485,0,,1,0,collecting_candidates;drift_not_confirmed,source_publish_interval,voltage_rolling_mean=231.433796;source_publish_interval=0.801859,source_publish_interval,0.8789580315351486,11.97904092259705,12.881624978035688
2026-08-10T17:41:22.483110+00:00,communication_drift_01,meter_03,299,none,publish_interval,random,random,random,normal_drift,0.9999999992329394,0.436848059034562,0,,1,0,collecting_candidates;drift_not_confirmed,source_publish_interval,voltage_rolling_mean=230.612357;source_publish_interval=0.801858,source_publish_interval,0.5568750202655792,9.550584014505148,10.126749984920025
2026-08-10T17:41:23.248956+00:00,communication_drift_01,meter_01,300,none,publish_interval,random,random,random,normal_drift,0.9999995781436014,0.49635405117235604,0,,1,0,collecting_candidates;drift_not_confirmed,source_publish_interval,voltage_rolling_mean=231.592152;source_publish_interval=0.801859,source_publish_interval,1.9886249210685492,21.724124904721975,23.74941692687571
2026-08-10T17:41:23.273021+00:00,communication_drift_01,meter_02,300,none,publish_interval,random,random,random,normal_drift,0.9999999325944938,0.5676321394721092,0,,1,0,collecting_candidates;drift_not_confirmed,source_publish_interval,voltage_rolling_mean=231.433796;source_publish_interval=0.801859,source_publish_interval,0.8430839516222477,12.05216720700264,12.921250192448497
2026-08-10T17:41:23.286055+00:00,communication_drift_01,meter_03,300,none,publish_interval,random,random,random,normal_drift,0.9999999881134386,0.49181537516922685,0,,1,0,collecting_candidates;drift_not_confirmed,source_publish_interval,voltage_rolling_mean=230.612357;source_publish_interval=0.801858,source_publish_interval,0.5634170956909657,9.483000030741096,10.06641611456871
2026-08-10T17:41:24.050980+00:00,communication_drift_01,meter_01,301,none,publish_interval,random,random,random,normal_drift,0.9999999818646944,0.4676097945995393,0,,1,0,collecting_candidates;drift_not_confirmed,source_publish_interval,voltage_rolling_mean=231.592152;source_publish_interval=0.801859,source_publish_interval,1.9964161328971386,21.73654199577868,23.77037494443357
2026-08-10T17:41:24.075068+00:00,communication_drift_01,meter_02,301,none,publish_interval,random,random,random,normal_drift,0.9999999883806611,0.4479633103322144,0,,1,0,collecting_candidates;drift_not_confirmed,source_publish_interval,voltage_rolling_mean=231.433796;source_publish_interval=0.801859,source_publish_interval,0.8007090073078871,11.969040846452117,12.795249931514263
2026-08-10T17:41:24.087971+00:00,communication_drift_01,meter_03,301,none,publish_interval,random,random,random,normal_drift,0.9999999915059165,0.4608159630815593,0,,1,0,collecting_candidates;drift_not_confirmed,source_publish_interval,voltage_rolling_mean=230.612357;source_publish_interval=0.801858,source_publish_interval,0.5834167823195457,9.464832954108715,10.068333009257913
2026-08-10T17:41:24.855956+00:00,communication_drift_01,meter_01,302,none,publish_interval,random,random,random,normal_drift,0.9999999788312139,0.457219580920953,0,,1,0,collecting_candidates;drift_not_confirmed,source_publish_interval,voltage_rolling_mean=231.592152;source_publish_interval=0.801859,source_publish_interval,3.544708015397191,23.858499946072698,27.44958410039544
2026-08-10T17:41:24.883850+00:00,communication_drift_01,meter_02,302,none,publish_interval,random,random,random,normal_drift,0.9999999940510906,0.45675058240208793,0,,1,0,collecting_candidates;drift_not_confirmed,source_publish_interval,voltage_rolling_mean=231.433796;source_publish_interval=0.801859,source_publish_interval,0.8662089239805937,12.595041189342737,13.48620792850852
2026-08-10T17:41:24.897473+00:00,communication_drift_01,meter_03,302,none,publish_interval,random,random,random,normal_drift,0.9999999995107631,0.4473054078542302,0,,1,0,collecting_candidates;drift_not_confirmed,source_publish_interval,voltage_rolling_mean=230.612357;source_publish_interval=0.801858,source_publish_interval,0.6070418749004602,9.541333885863423,10.168249951675534
2026-08-10T17:41:25.656329+00:00,communication_drift_01,meter_01,303,none,publish_interval,random,random,random,normal_drift,0.9999999380100287,0.4550868247010754,0,,1,0,collecting_candidates;drift_not_confirmed,source_publish_interval,voltage_rolling_mean=231.592152;source_publish_interval=0.801859,source_publish_interval,2.0502081606537104,21.565041039139032,23.65016588009894
2026-08-10T17:41:25.680289+00:00,communication_drift_01,meter_02,303,none,publish_interval,random,random,random,normal_drift,0.9999999791593555,0.44962439991658787,0,,1,0,collecting_candidates;drift_not_confirmed,source_publish_interval,voltage_rolling_mean=231.433796;source_publish_interval=0.801859,source_publish_interval,0.7966251578181982,11.948875151574612,12.768625048920512
2026-08-10T17:41:25.693167+00:00,communication_drift_01,meter_03,303,none,publish_interval,random,random,random,normal_drift,0.999999997558386,0.49383366266890744,0,,1,0,collecting_candidates;drift_not_confirmed,source_publish_interval,voltage_rolling_mean=230.612357;source_publish_interval=0.801858,source_publish_interval,0.5914170760661364,9.51954210177064,10.129832895472646
2026-08-10T17:41:26.460798+00:00,communication_drift_01,meter_01,304,none,publish_interval,random,random,random,normal_drift,0.9999999877513391,0.5052487169321266,0,,1,0,collecting_candidates;drift_not_confirmed,source_publish_interval,voltage_rolling_mean=231.592152;source_publish_interval=0.801859,source_publish_interval,2.8957920148968697,19.898041849955916,22.83004205673933
2026-08-10T17:41:26.484021+00:00,communication_drift_01,meter_02,304,none,publish_interval,random,random,random,normal_drift,0.9999999846742935,0.4544694389565803,0,,1,0,collecting_candidates;drift_not_confirmed,source_publish_interval,voltage_rolling_mean=231.433796;source_publish_interval=0.801859,source_publish_interval,0.7487500552088022,11.746915988624096,12.523000128567219
2026-08-10T17:41:26.496664+00:00,communication_drift_01,meter_03,304,none,publish_interval,random,random,random,normal_drift,0.9999999970240656,0.43502739018241793,0,,1,0,collecting_candidates;drift_not_confirmed,source_publish_interval,voltage_rolling_mean=230.612357;source_publish_interval=0.801858,source_publish_interval,0.5669170059263706,9.657541988417506,10.247749974951148
2026-08-10T17:41:27.265634+00:00,communication_drift_01,meter_01,305,none,publish_interval,random,random,random,normal_drift,0.9999999670486257,0.4721035476786499,0,,1,0,collecting_candidates;drift_not_confirmed,source_publish_interval,voltage_rolling_mean=231.592152;source_publish_interval=0.801859,source_publish_interval,2.3408751003444195,22.755208890885115,25.138583965599537
2026-08-10T17:41:27.291161+00:00,communication_drift_01,meter_02,305,none,publish_interval,random,random,random,normal_drift,0.9999999841140648,0.5005365013032416,0,,1,0,collecting_candidates;drift_not_confirmed,source_publish_interval,voltage_rolling_mean=231.433796;source_publish_interval=0.801859,source_publish_interval,0.8643330074846745,12.290291953831911,13.180333888158202
2026-08-10T17:41:27.304484+00:00,communication_drift_01,meter_03,305,none,publish_interval,random,random,random,normal_drift,0.9999999969565965,0.4859736847827701,0,,1,0,collecting_candidates;drift_not_confirmed,source_publish_interval,voltage_rolling_mean=230.612357;source_publish_interval=0.801858,source_publish_interval,0.5825408734381199,9.584750048816204,10.187499923631549
2026-08-10T17:41:28.070698+00:00,communication_drift_01,meter_01,306,none,publish_interval,random,random,random,normal_drift,0.9999999516309405,0.5892452314132016,0,,1,0,collecting_candidates;drift_not_confirmed,source_publish_interval,voltage_rolling_mean=231.592152;source_publish_interval=0.801859,source_publish_interval,2.036208054050803,21.407500142231584,23.486249847337604
2026-08-10T17:41:28.094548+00:00,communication_drift_01,meter_02,306,none,publish_interval,random,random,random,normal_drift,0.9999999931920758,0.4452823353867509,0,,1,0,collecting_candidates;drift_not_confirmed,source_publish_interval,voltage_rolling_mean=231.433796;source_publish_interval=0.801859,source_publish_interval,0.8477079682052135,12.204125057905912,13.079083058983088
2026-08-10T17:41:28.107748+00:00,communication_drift_01,meter_03,306,none,publish_interval,random,random,random,normal_drift,0.999999997649595,0.484436186312138,0,,1,0,collecting_candidates;drift_not_confirmed,source_publish_interval,voltage_rolling_mean=230.612357;source_publish_interval=0.801858,source_publish_interval,0.5872498732060194,9.739957982674241,10.347208939492702
2026-08-10T17:41:28.871042+00:00,communication_drift_01,meter_01,307,none,publish_interval,random,random,random,normal_drift,0.9999999789369618,0.4638808411037775,0,,1,0,collecting_candidates;drift_not_confirmed,source_publish_interval,voltage_rolling_mean=231.592152;source_publish_interval=0.801859,source_publish_interval,2.5104170199483633,24.228041991591454,26.778833009302616
2026-08-10T17:41:28.898184+00:00,communication_drift_01,meter_02,307,none,publish_interval,random,random,random,normal_drift,0.9999999601257574,0.46491290428137816,0,,1,0,collecting_candidates;drift_not_confirmed,source_publish_interval,voltage_rolling_mean=231.433796;source_publish_interval=0.801859,source_publish_interval,0.8443749975413084,12.302624993026257,13.172749895602465
2026-08-10T17:41:28.911483+00:00,communication_drift_01,meter_03,307,none,publish_interval,random,random,random,normal_drift,0.999999999045593,0.43526909287107185,0,,1,0,collecting_candidates;drift_not_confirmed,source_publish_interval,voltage_rolling_mean=230.612357;source_publish_interval=0.801858,source_publish_interval,0.5729161202907562,9.541291045024991,10.133750038221478
2026-08-10T17:41:29.676638+00:00,communication_drift_01,meter_01,308,none,publish_interval,random,random,random,normal_drift,0.9999989190353983,0.4495686905386287,0,,1,0,collecting_candidates;drift_not_confirmed,source_publish_interval,voltage_rolling_mean=231.592152;source_publish_interval=0.801859,source_publish_interval,2.559332875534892,23.04333308711648,25.647375034168363
2026-08-10T17:41:29.702723+00:00,communication_drift_01,meter_02,308,none,publish_interval,random,random,random,normal_drift,0.9999999977920109,0.4513497699525496,0,,1,0,collecting_candidates;drift_not_confirmed,source_publish_interval,voltage_rolling_mean=231.433796;source_publish_interval=0.801859,source_publish_interval,0.8660000748932362,11.884832987561822,12.774999951943755
2026-08-10T17:41:29.715622+00:00,communication_drift_01,meter_03,308,none,publish_interval,random,random,random,normal_drift,0.9999999992307875,0.4485984502724778,0,,1,0,collecting_candidates;drift_not_confirmed,source_publish_interval,voltage_rolling_mean=230.612357;source_publish_interval=0.801858,source_publish_interval,0.5284578073769808,9.535999968647957,10.084292152896523
2026-08-10T17:41:30.479403+00:00,communication_drift_01,meter_01,309,none,publish_interval,random,random,random,normal_drift,0.9999999892404473,0.5258767982255643,0,,1,0,collecting_candidates;drift_not_confirmed,source_publish_interval,voltage_rolling_mean=231.592152;source_publish_interval=0.801859,source_publish_interval,2.36304197460413,20.55087499320507,22.971458034589887
2026-08-10T17:41:30.502840+00:00,communication_drift_01,meter_02,309,none,publish_interval,random,random,random,normal_drift,0.9999999935910244,0.4708120407092563,0,,1,0,collecting_candidates;drift_not_confirmed,source_publish_interval,voltage_rolling_mean=231.433796;source_publish_interval=0.801859,source_publish_interval,0.7763330359011889,11.85829215683043,12.660917127504945
2026-08-10T17:41:30.515630+00:00,communication_drift_01,meter_03,309,none,publish_interval,random,random,random,normal_drift,0.9999999992779012,0.4420487520858635,0,,1,0,collecting_candidates;drift_not_confirmed,source_publish_interval,voltage_rolling_mean=230.612357;source_publish_interval=0.801858,source_publish_interval,0.578167149797082,9.572375100106001,10.170541936531663
2026-08-10T17:41:31.284505+00:00,communication_drift_01,meter_01,310,none,publish_interval,random,random,random,normal_drift,0.9999999675958436,0.44646308623070485,0,,1,0,collecting_candidates;drift_not_confirmed,source_publish_interval,voltage_rolling_mean=231.592152;source_publish_interval=0.801859,source_publish_interval,2.346708904951811,19.216916989535093,21.597957937046885
2026-08-10T17:41:31.306481+00:00,communication_drift_01,meter_02,310,none,publish_interval,random,random,random,normal_drift,0.9999999939121136,0.5694776325281004,0,,1,0,collecting_candidates;drift_not_confirmed,source_publish_interval,voltage_rolling_mean=231.433796;source_publish_interval=0.801859,source_publish_interval,0.7174999918788671,11.64016593247652,12.380917090922594
2026-08-10T17:41:31.318966+00:00,communication_drift_01,meter_03,310,none,publish_interval,random,random,random,normal_drift,0.9999999938003608,0.530621909645343,0,,1,0,collecting_candidates;drift_not_confirmed,source_publish_interval,voltage_rolling_mean=230.612357;source_publish_interval=0.801858,source_publish_interval,0.5650841630995274,9.561832994222641,10.146375047042966
2026-08-10T17:41:32.088432+00:00,communication_drift_01,meter_01,311,none,publish_interval,random,random,random,normal_drift,0.9999999060601615,0.4460410233797218,0,,1,0,collecting_candidates;drift_not_confirmed,source_publish_interval,voltage_rolling_mean=231.592152;source_publish_interval=0.801859,source_publish_interval,2.2276248782873154,19.316625082865357,21.58495783805847
2026-08-10T17:41:32.110415+00:00,communication_drift_01,meter_02,311,none,publish_interval,random,random,random,normal_drift,0.9999999852685444,0.45745468805562445,0,,1,0,collecting_candidates;drift_not_confirmed,source_publish_interval,voltage_rolling_mean=231.433796;source_publish_interval=0.801859,source_publish_interval,0.7440829649567604,11.891916859894991,12.65979208983481
2026-08-10T17:41:32.123186+00:00,communication_drift_01,meter_03,311,none,publish_interval,random,random,random,normal_drift,0.999999999281701,0.45036236751317454,0,,1,0,collecting_candidates;drift_not_confirmed,source_publish_interval,voltage_rolling_mean=230.612357;source_publish_interval=0.801858,source_publish_interval,0.5627921782433987,9.497666964307427,10.081457905471325
2026-08-10T17:41:32.893216+00:00,communication_drift_01,meter_01,312,none,publish_interval,random,random,random,normal_drift,0.9999998845395668,0.45846199945900384,0,,1,0,collecting_candidates;drift_not_confirmed,source_publish_interval,voltage_rolling_mean=231.592152;source_publish_interval=0.801859,source_publish_interval,1.9592500757426023,21.905667148530483,23.90862489119172
2026-08-10T17:41:32.917570+00:00,communication_drift_01,meter_02,312,none,publish_interval,random,random,random,normal_drift,0.9999999865059721,0.43326017467056027,0,,1,0,collecting_candidates;drift_not_confirmed,source_publish_interval,voltage_rolling_mean=231.433796;source_publish_interval=0.801859,source_publish_interval,0.8549171034246683,12.052540900185704,12.931999983265996
2026-08-10T17:41:32.930634+00:00,communication_drift_01,meter_03,312,none,publish_interval,random,random,random,normal_drift,0.9999999993862247,0.46665120451094366,0,,1,0,collecting_candidates;drift_not_confirmed,source_publish_interval,voltage_rolling_mean=230.612357;source_publish_interval=0.801858,source_publish_interval,0.5924999713897705,9.469832992181182,10.082875145599246
2026-08-10T17:41:33.698604+00:00,communication_drift_01,meter_01,313,none,publish_interval,random,random,random,normal_drift,0.9999999526295089,0.4596553213738792,0,,1,0,collecting_candidates;drift_not_confirmed,source_publish_interval,voltage_rolling_mean=231.592152;source_publish_interval=0.801859,source_publish_interval,2.2132499143481255,20.775499986484647,23.02891598083079
2026-08-10T17:41:33.722073+00:00,communication_drift_01,meter_02,313,none,publish_interval,random,random,random,normal_drift,0.9999999858043198,0.4886485585732401,0,,1,0,collecting_candidates;drift_not_confirmed,source_publish_interval,voltage_rolling_mean=231.433796;source_publish_interval=0.801859,source_publish_interval,0.8405419066548347,11.978249996900558,12.841375079005957
2026-08-10T17:41:33.735029+00:00,communication_drift_01,meter_03,313,none,publish_interval,random,random,random,normal_drift,0.9999999987734953,0.4782715034104108,0,,1,0,collecting_candidates;drift_not_confirmed,source_publish_interval,voltage_rolling_mean=230.612357;source_publish_interval=0.801858,source_publish_interval,0.5358748603612185,9.501834167167544,10.057833045721054
2026-08-10T17:41:34.501064+00:00,communication_drift_01,meter_01,314,none,publish_interval,random,random,random,normal_drift,0.9999997660492913,0.4462492577034206,0,,1,1,drift_not_confirmed;reference_updated,source_publish_interval,voltage_rolling_mean=231.592152;source_publish_interval=0.802845,source_publish_interval,2.1598748862743378,22.547833155840635,24.750708136707544
2026-08-10T17:41:34.526174+00:00,communication_drift_01,meter_02,314,none,publish_interval,random,random,random,normal_drift,0.9999999975838614,0.4768118347494825,0,,1,1,drift_not_confirmed;reference_updated,source_publish_interval,voltage_rolling_mean=231.433796;source_publish_interval=0.802846,source_publish_interval,0.8298337925225496,12.197582982480526,13.05304211564362
2026-08-10T17:41:34.539347+00:00,communication_drift_01,meter_03,314,none,publish_interval,random,random,random,normal_drift,0.9999999993711988,0.4437607277408506,0,,1,1,drift_not_confirmed;reference_updated,source_publish_interval,voltage_rolling_mean=230.612357;source_publish_interval=0.802846,source_publish_interval,0.5824998952448368,9.594374801963568,10.198749834671617
2026-08-10T17:41:35.305960+00:00,communication_drift_01,meter_01,315,none,publish_interval,random,random,random,normal_drift,0.9999999039394968,0.4513742687120168,0,,1,0,collecting_candidates;drift_not_confirmed,source_publish_interval,voltage_rolling_mean=231.592152;source_publish_interval=0.802845,source_publish_interval,3.40524991042912,22.284792037680745,25.73758317157626
2026-08-10T17:41:35.332142+00:00,communication_drift_01,meter_02,315,none,publish_interval,random,random,random,normal_drift,0.9999999626785122,0.4657189694020524,0,,1,0,collecting_candidates;drift_not_confirmed,source_publish_interval,voltage_rolling_mean=231.433796;source_publish_interval=0.802846,source_publish_interval,0.8533750660717487,12.042625108733773,12.922542169690132
2026-08-10T17:41:35.345196+00:00,communication_drift_01,meter_03,315,none,publish_interval,random,random,random,normal_drift,0.9999999999423177,0.44121628445791283,0,,1,0,collecting_candidates;drift_not_confirmed,source_publish_interval,voltage_rolling_mean=230.612357;source_publish_interval=0.802846,source_publish_interval,0.5903749261051416,9.637333219870925,10.241332929581404
2026-08-10T17:41:36.108163+00:00,communication_drift_01,meter_01,316,none,publish_interval,random,random,random,normal_drift,0.9999999272580142,0.44689881628878564,0,,1,0,collecting_candidates;drift_not_confirmed,source_publish_interval,voltage_rolling_mean=231.592152;source_publish_interval=0.802845,source_publish_interval,2.2458748426288366,21.483125165104866,23.768708109855652
2026-08-10T17:41:36.132324+00:00,communication_drift_01,meter_02,316,none,publish_interval,random,random,random,normal_drift,0.9999999967809345,0.5382734187414671,0,,1,0,collecting_candidates;drift_not_confirmed,source_publish_interval,voltage_rolling_mean=231.433796;source_publish_interval=0.802846,source_publish_interval,0.8126660250127316,11.919749900698662,12.756708078086376
2026-08-10T17:41:36.145197+00:00,communication_drift_01,meter_03,316,none,publish_interval,random,random,random,normal_drift,0.9999999998381384,0.5732656816037802,0,,1,0,collecting_candidates;drift_not_confirmed,source_publish_interval,voltage_rolling_mean=230.612357;source_publish_interval=0.802846,source_publish_interval,0.5939591210335493,9.722125018015504,10.337915970012546
2026-08-10T17:41:36.913081+00:00,communication_drift_01,meter_01,317,none,publish_interval,random,random,random,normal_drift,0.9999993652309794,0.4861874206054392,0,,1,0,collecting_candidates;drift_not_confirmed,source_publish_interval,voltage_rolling_mean=231.592152;source_publish_interval=0.802845,source_publish_interval,2.134916838258505,21.582666784524918,23.757874965667725
2026-08-10T17:41:36.937261+00:00,communication_drift_01,meter_02,317,none,publish_interval,random,random,random,normal_drift,0.999999930890001,0.48515923531438976,0,,1,0,collecting_candidates;drift_not_confirmed,source_publish_interval,voltage_rolling_mean=231.433796;source_publish_interval=0.802846,source_publish_interval,0.7452911231666803,11.869791895151138,12.640000088140368
2026-08-10T17:41:36.950017+00:00,communication_drift_01,meter_03,317,none,publish_interval,random,random,random,normal_drift,0.9999999999246207,0.44735126175539247,0,,1,0,collecting_candidates;drift_not_confirmed,source_publish_interval,voltage_rolling_mean=230.612357;source_publish_interval=0.802846,source_publish_interval,0.5789170973002911,9.617166826501489,10.21541585214436
2026-08-10T17:41:37.715181+00:00,communication_drift_01,meter_01,318,none,publish_interval,random,random,random,normal_drift,0.9999998937278174,0.44139080512017936,0,,1,0,collecting_candidates;drift_not_confirmed,source_publish_interval,voltage_rolling_mean=231.592152;source_publish_interval=0.802845,source_publish_interval,1.2509580701589584,19.435332855209708,20.755625097081065
2026-08-10T17:41:37.736271+00:00,communication_drift_01,meter_02,318,none,publish_interval,random,random,random,normal_drift,0.999999996502102,0.4810227470073242,0,,1,0,collecting_candidates;drift_not_confirmed,source_publish_interval,voltage_rolling_mean=231.433796;source_publish_interval=0.802846,source_publish_interval,0.8318750187754631,10.867166798561811,11.732208076864481
2026-08-10T17:41:37.748206+00:00,communication_drift_01,meter_03,318,none,publish_interval,random,random,random,normal_drift,0.999999999474098,0.45327233587420307,0,,1,0,collecting_candidates;drift_not_confirmed,source_publish_interval,voltage_rolling_mean=230.612357;source_publish_interval=0.802846,source_publish_interval,0.5269160028547049,9.449041914194822,10.009249905124307
2026-08-10T17:41:38.517645+00:00,communication_drift_01,meter_01,319,none,publish_interval,random,random,random,normal_drift,0.9999987136985512,0.5599959267776606,0,,1,0,collecting_candidates;drift_not_confirmed,source_publish_interval,voltage_rolling_mean=231.592152;source_publish_interval=0.802845,source_publish_interval,1.7429168801754713,22.093874868005514,23.903792025521398
2026-08-10T17:41:38.541983+00:00,communication_drift_01,meter_02,319,none,publish_interval,random,random,random,normal_drift,0.9999999264329636,0.5630562584170741,0,,1,0,collecting_candidates;drift_not_confirmed,source_publish_interval,voltage_rolling_mean=231.433796;source_publish_interval=0.802846,source_publish_interval,0.9239169303327799,12.387999799102545,13.341082958504558
2026-08-10T17:41:38.555480+00:00,communication_drift_01,meter_03,319,none,publish_interval,random,random,random,normal_drift,0.999999999900022,0.4675434035484928,0,,1,0,collecting_candidates;drift_not_confirmed,source_publish_interval,voltage_rolling_mean=230.612357;source_publish_interval=0.802846,source_publish_interval,0.5431252066046,9.532792028039694,10.09987504221499
2026-08-10T17:41:39.321588+00:00,communication_drift_01,meter_01,320,none,publish_interval,random,random,random,normal_drift,0.9999996803046559,0.5425191015171399,0,,1,0,collecting_candidates;drift_not_confirmed,source_publish_interval,voltage_rolling_mean=231.592152;source_publish_interval=0.802845,source_publish_interval,1.847167033702135,20.94545913860202,22.84570806659758
2026-08-10T17:41:39.344767+00:00,communication_drift_01,meter_02,320,none,publish_interval,random,random,random,normal_drift,0.9999999848359287,0.5575786689360585,0,,1,0,collecting_candidates;drift_not_confirmed,source_publish_interval,voltage_rolling_mean=231.433796;source_publish_interval=0.802846,source_publish_interval,0.8058329112827778,11.965583078563213,12.799625052139163
2026-08-10T17:41:39.357702+00:00,communication_drift_01,meter_03,320,none,publish_interval,random,random,random,normal_drift,0.9999999992664117,0.5517505443327692,0,,1,0,collecting_candidates;drift_not_confirmed,source_publish_interval,voltage_rolling_mean=230.612357;source_publish_interval=0.802846,source_publish_interval,0.5931670311838388,9.659916860982776,10.277415858581662
2026-08-10T17:41:40.126708+00:00,communication_drift_01,meter_01,321,none,publish_interval,random,random,random,normal_drift,0.9999999140692087,0.4849471175018758,0,,1,0,collecting_candidates;drift_not_confirmed,source_publish_interval,voltage_rolling_mean=231.592152;source_publish_interval=0.802845,source_publish_interval,2.406249986961484,16.12416608259082,18.572208005934954
2026-08-10T17:41:40.145728+00:00,communication_drift_01,meter_02,321,none,publish_interval,random,random,random,normal_drift,0.999999998173525,0.4974757647501531,0,,1,0,collecting_candidates;drift_not_confirmed,source_publish_interval,voltage_rolling_mean=231.433796;source_publish_interval=0.802846,source_publish_interval,0.788999954238534,10.767458006739616,11.582083068788052
2026-08-10T17:41:40.157445+00:00,communication_drift_01,meter_03,321,none,publish_interval,random,random,random,normal_drift,0.9999999998967288,0.4424663480950756,0,,1,0,collecting_candidates;drift_not_confirmed,source_publish_interval,voltage_rolling_mean=230.612357;source_publish_interval=0.802846,source_publish_interval,0.528082950040698,9.23441699706018,9.783874964341521
2026-08-10T17:41:40.930823+00:00,communication_drift_01,meter_01,322,none,publish_interval,random,random,random,normal_drift,0.9999998615483064,0.4342559058209932,0,,1,0,collecting_candidates;drift_not_confirmed,source_publish_interval,voltage_rolling_mean=231.592152;source_publish_interval=0.802845,source_publish_interval,2.400000113993883,20.100499968975782,22.54070807248354
2026-08-10T17:41:40.953792+00:00,communication_drift_01,meter_02,322,none,publish_interval,random,random,random,normal_drift,0.9999999946722149,0.4817829375405801,0,,1,0,collecting_candidates;drift_not_confirmed,source_publish_interval,voltage_rolling_mean=231.433796;source_publish_interval=0.802846,source_publish_interval,0.7677080575376749,11.789500014856458,12.580665992572904
2026-08-10T17:41:40.966503+00:00,communication_drift_01,meter_03,322,none,publish_interval,random,random,random,normal_drift,0.9999999999509144,0.5754737235466528,0,,1,0,collecting_candidates;drift_not_confirmed,source_publish_interval,voltage_rolling_mean=230.612357;source_publish_interval=0.802846,source_publish_interval,0.5232500843703747,9.454833110794425,9.999208152294159
2026-08-10T17:41:41.735859+00:00,communication_drift_01,meter_01,323,none,publish_interval,random,random,random,normal_drift,0.9999999069894188,0.4961316601803891,0,,1,0,collecting_candidates;drift_not_confirmed,source_publish_interval,voltage_rolling_mean=231.592152;source_publish_interval=0.802845,source_publish_interval,2.132750116288662,22.773707984015346,24.946250021457672
2026-08-10T17:41:41.761186+00:00,communication_drift_01,meter_02,323,none,publish_interval,random,random,random,normal_drift,0.9999999991953052,0.4575908609510974,0,,1,0,collecting_candidates;drift_not_confirmed,source_publish_interval,voltage_rolling_mean=231.433796;source_publish_interval=0.802846,source_publish_interval,0.8604158647358418,12.110915966331959,12.996667064726353
2026-08-10T17:41:41.774318+00:00,communication_drift_01,meter_03,323,none,publish_interval,random,random,random,normal_drift,0.9999999999198952,0.46381209894919445,0,,1,0,collecting_candidates;drift_not_confirmed,source_publish_interval,voltage_rolling_mean=230.612357;source_publish_interval=0.802846,source_publish_interval,0.5328329280018806,9.583666920661926,10.138374986127019
2026-08-10T17:41:42.541052+00:00,communication_drift_01,meter_01,324,none,publish_interval,random,random,random,normal_drift,0.9999970111957245,0.4891526414745797,0,,1,0,collecting_candidates;drift_not_confirmed,source_publish_interval,voltage_rolling_mean=231.592152;source_publish_interval=0.802845,source_publish_interval,1.9361248705536127,22.866541985422373,24.841625010594726
2026-08-10T17:41:42.566200+00:00,communication_drift_01,meter_02,324,none,publish_interval,random,random,random,normal_drift,0.9999999970686126,0.4596007223612354,0,,1,0,collecting_candidates;drift_not_confirmed,source_publish_interval,voltage_rolling_mean=231.433796;source_publish_interval=0.802846,source_publish_interval,0.8452499751001596,12.102542212232947,12.973957927897573
2026-08-10T17:41:42.579305+00:00,communication_drift_01,meter_03,324,none,publish_interval,random,random,random,normal_drift,0.999999999964269,0.43819799345588095,0,,1,0,collecting_candidates;drift_not_confirmed,source_publish_interval,voltage_rolling_mean=230.612357;source_publish_interval=0.802846,source_publish_interval,0.5799590144306421,9.491416160017252,10.091332951560616
2026-08-10T17:41:43.346374+00:00,communication_drift_01,meter_01,325,none,publish_interval,random,random,random,normal_drift,0.9999999578307579,0.45724164252131955,0,,1,0,collecting_candidates;drift_not_confirmed,source_publish_interval,voltage_rolling_mean=231.592152;source_publish_interval=0.802845,source_publish_interval,2.6419172063469887,20.327042089775205,23.013167083263397
2026-08-10T17:41:43.369796+00:00,communication_drift_01,meter_02,325,none,publish_interval,random,random,random,normal_drift,0.9999999994844762,0.44930803906790223,0,,1,0,collecting_candidates;drift_not_confirmed,source_publish_interval,voltage_rolling_mean=231.433796;source_publish_interval=0.802846,source_publish_interval,0.7856250740587711,11.842916021123528,12.650459073483944
2026-08-10T17:41:43.382548+00:00,communication_drift_01,meter_03,325,none,publish_interval,random,random,random,normal_drift,0.9999999997913427,0.47570424672298833,0,,1,0,collecting_candidates;drift_not_confirmed,source_publish_interval,voltage_rolling_mean=230.612357;source_publish_interval=0.802846,source_publish_interval,0.511957798153162,9.491958189755678,10.023750131949782
2026-08-10T17:41:44.151314+00:00,communication_drift_01,meter_01,326,none,publish_interval,random,random,random,normal_drift,0.9999784043442931,0.6213187480571316,0,,1,0,collecting_candidates;drift_not_confirmed,source_publish_interval,voltage_rolling_mean=231.592152;source_publish_interval=0.802845,source_publish_interval,2.832041820511222,19.256750121712685,22.1261668484658
2026-08-10T17:41:44.173855+00:00,communication_drift_01,meter_02,326,none,publish_interval,random,random,random,normal_drift,0.9999999969851328,0.46372604185890776,0,,1,0,collecting_candidates;drift_not_confirmed,source_publish_interval,voltage_rolling_mean=231.433796;source_publish_interval=0.802846,source_publish_interval,0.7230830378830433,11.402499862015247,12.148374924436212
2026-08-10T17:41:44.186121+00:00,communication_drift_01,meter_03,326,none,publish_interval,random,random,random,normal_drift,0.9999999994318223,0.5086070960040947,0,,1,0,collecting_candidates;drift_not_confirmed,source_publish_interval,voltage_rolling_mean=230.612357;source_publish_interval=0.802846,source_publish_interval,0.5304999649524689,9.390999795868993,9.940624935552478
2026-08-10T17:41:44.953989+00:00,communication_drift_01,meter_01,327,none,publish_interval,random,random,random,normal_drift,0.9999999249798731,0.44542007961199753,0,,1,0,collecting_candidates;drift_not_confirmed,source_publish_interval,voltage_rolling_mean=231.592152;source_publish_interval=0.802845,source_publish_interval,2.297417027875781,19.300082931295037,21.633292082697153
2026-08-10T17:41:44.976006+00:00,communication_drift_01,meter_02,327,none,publish_interval,random,random,random,normal_drift,0.9999999992585265,0.44370848767534105,0,,1,0,collecting_candidates;drift_not_confirmed,source_publish_interval,voltage_rolling_mean=231.433796;source_publish_interval=0.802846,source_publish_interval,0.7367080543190241,11.542042018845677,12.304125120863318
2026-08-10T17:41:44.988430+00:00,communication_drift_01,meter_03,327,none,publish_interval,random,random,random,normal_drift,0.99999999998862,0.45197660405736695,0,,1,0,collecting_candidates;drift_not_confirmed,source_publish_interval,voltage_rolling_mean=230.612357;source_publish_interval=0.802846,source_publish_interval,0.5687498487532139,9.611750021576881,10.200999910011888
2026-08-10T17:41:45.758047+00:00,communication_drift_01,meter_01,328,none,publish_interval,random,random,random,normal_drift,0.9999999828905209,0.4872790774667856,0,,1,0,collecting_candidates;drift_not_confirmed,source_publish_interval,voltage_rolling_mean=231.592152;source_publish_interval=0.802845,source_publish_interval,1.9446669612079859,21.700666984543204,23.686249973252416
2026-08-10T17:41:45.782033+00:00,communication_drift_01,meter_02,328,none,publish_interval,random,random,random,normal_drift,0.9999999995582376,0.4538889486132865,0,,1,0,collecting_candidates;drift_not_confirmed,source_publish_interval,voltage_rolling_mean=231.433796;source_publish_interval=0.802846,source_publish_interval,0.8444169070571661,11.972750071436167,12.84174993634224
2026-08-10T17:41:45.795000+00:00,communication_drift_01,meter_03,328,none,publish_interval,random,random,random,normal_drift,0.9999999999924221,0.47116492255734005,0,,1,0,collecting_candidates;drift_not_confirmed,source_publish_interval,voltage_rolling_mean=230.612357;source_publish_interval=0.802846,source_publish_interval,0.564417103305459,9.503041161224246,10.087582981213927
2026-08-10T17:41:46.562899+00:00,communication_drift_01,meter_01,329,none,publish_interval,random,random,random,normal_drift,0.9999999943198015,0.460542104852066,0,,1,0,collecting_candidates;drift_not_confirmed,source_publish_interval,voltage_rolling_mean=231.592152;source_publish_interval=0.802845,source_publish_interval,2.018583007156849,21.03320905007422,23.088457994163036
2026-08-10T17:41:46.586358+00:00,communication_drift_01,meter_02,329,none,publish_interval,random,random,random,normal_drift,0.9999999995377653,0.4530763350376399,0,,1,0,collecting_candidates;drift_not_confirmed,source_publish_interval,voltage_rolling_mean=231.433796;source_publish_interval=0.802846,source_publish_interval,0.771000050008297,11.682166950777173,12.476708041504025
2026-08-10T17:41:46.598941+00:00,communication_drift_01,meter_03,329,none,publish_interval,random,random,random,normal_drift,0.9999999998031073,0.5898166324704065,0,,1,0,collecting_candidates;drift_not_confirmed,source_publish_interval,voltage_rolling_mean=230.612357;source_publish_interval=0.802846,source_publish_interval,0.5792088340967894,9.713000152260065,10.311542078852654
2026-08-10T17:41:47.367021+00:00,communication_drift_01,meter_01,330,none,publish_interval,random,random,random,normal_drift,0.9999999869009346,0.4449844083493654,0,,1,0,collecting_candidates;drift_not_confirmed,source_publish_interval,voltage_rolling_mean=231.592152;source_publish_interval=0.802845,source_publish_interval,2.109917113557458,22.379250032827258,24.546041851863265
2026-08-10T17:41:47.392044+00:00,communication_drift_01,meter_02,330,none,publish_interval,random,random,random,normal_drift,0.999999999809962,0.44777381807726957,0,,1,0,collecting_candidates;drift_not_confirmed,source_publish_interval,voltage_rolling_mean=231.433796;source_publish_interval=0.802846,source_publish_interval,0.8983330335468054,12.23454112187028,13.156208209693432
2026-08-10T17:41:47.405333+00:00,communication_drift_01,meter_03,330,none,publish_interval,random,random,random,normal_drift,0.9999999999864178,0.43932547658085425,0,,1,0,collecting_candidates;drift_not_confirmed,source_publish_interval,voltage_rolling_mean=230.612357;source_publish_interval=0.802846,source_publish_interval,0.5340829957276583,9.51737491413951,10.072457836940885
2026-08-10T17:41:48.171632+00:00,communication_drift_01,meter_01,331,none,publish_interval,random,random,random,normal_drift,0.9999999946238283,0.46661020758339894,0,,1,0,collecting_candidates;drift_not_confirmed,source_publish_interval,voltage_rolling_mean=231.592152;source_publish_interval=0.802845,source_publish_interval,2.2843340411782265,18.359250156208873,20.676499931141734
2026-08-10T17:41:48.192694+00:00,communication_drift_01,meter_02,331,none,publish_interval,random,random,random,normal_drift,0.9999999998399727,0.4430586089179686,0,,1,0,collecting_candidates;drift_not_confirmed,source_publish_interval,voltage_rolling_mean=231.433796;source_publish_interval=0.802846,source_publish_interval,0.7024158257991076,11.419125134125352,12.142959050834179
2026-08-10T17:41:48.204952+00:00,communication_drift_01,meter_03,331,none,publish_interval,random,random,random,normal_drift,0.9999999999875788,0.4993787944187737,0,,1,0,collecting_candidates;drift_not_confirmed,source_publish_interval,voltage_rolling_mean=230.612357;source_publish_interval=0.802846,source_publish_interval,0.5174169782549143,9.427292039617896,9.964165976271033
2026-08-10T17:41:48.972096+00:00,communication_drift_01,meter_01,332,none,publish_interval,random,random,random,normal_drift,0.9999999552815102,0.44042654394238107,0,,1,0,collecting_candidates;drift_not_confirmed,source_publish_interval,voltage_rolling_mean=231.592152;source_publish_interval=0.802845,source_publish_interval,2.2175409831106663,22.24904205650091,24.504584027454257
2026-08-10T17:41:48.996974+00:00,communication_drift_01,meter_02,332,none,publish_interval,random,random,random,normal_drift,0.9999999995583362,0.4463577033531765,0,,1,0,collecting_candidates;drift_not_confirmed,source_publish_interval,voltage_rolling_mean=231.433796;source_publish_interval=0.802846,source_publish_interval,0.8507079910486937,12.300916947424412,13.17987497895956
2026-08-10T17:41:49.010311+00:00,communication_drift_01,meter_03,332,none,publish_interval,random,random,random,normal_drift,0.9999999999867424,0.47286862642513255,0,,1,0,collecting_candidates;drift_not_confirmed,source_publish_interval,voltage_rolling_mean=230.612357;source_publish_interval=0.802846,source_publish_interval,0.6012499798089266,9.657707996666431,10.279500158503652
2026-08-10T17:41:49.777336+00:00,communication_drift_01,meter_01,333,none,publish_interval,random,random,random,normal_drift,0.9999999754847221,0.49027024218442355,0,,1,0,collecting_candidates;drift_not_confirmed,source_publish_interval,voltage_rolling_mean=231.592152;source_publish_interval=0.802845,source_publish_interval,2.1601251792162657,22.475624922662973,24.678667075932026
2026-08-10T17:41:49.802458+00:00,communication_drift_01,meter_02,333,none,publish_interval,random,random,random,normal_drift,0.9999999994712232,0.4874618702863513,0,,1,0,collecting_candidates;drift_not_confirmed,source_publish_interval,voltage_rolling_mean=231.433796;source_publish_interval=0.802846,source_publish_interval,0.8179168216884136,12.122374959290028,12.967417016625404
2026-08-10T17:41:49.815545+00:00,communication_drift_01,meter_03,333,none,publish_interval,random,random,random,normal_drift,0.9999999999916336,0.48744555633360187,0,,1,0,collecting_candidates;drift_not_confirmed,source_publish_interval,voltage_rolling_mean=230.612357;source_publish_interval=0.802846,source_publish_interval,0.5253748968243599,9.614541893824935,10.160958860069513
2026-08-10T17:41:50.581181+00:00,communication_drift_01,meter_01,334,none,publish_interval,random,random,random,normal_drift,0.999999984832177,0.46875008293493514,0,,1,1,drift_not_confirmed;reference_updated,source_publish_interval,voltage_rolling_mean=231.592152;source_publish_interval=0.803426,source_publish_interval,1.9828749354928732,22.037792019546032,24.06466705724597
2026-08-10T17:41:50.605596+00:00,communication_drift_01,meter_02,334,none,publish_interval,random,random,random,normal_drift,0.9999999998211908,0.4460593554106429,0,,1,1,drift_not_confirmed;reference_updated,source_publish_interval,voltage_rolling_mean=231.433796;source_publish_interval=0.803427,source_publish_interval,0.8492919150739908,11.98591710999608,12.862666975706816
2026-08-10T17:41:50.618585+00:00,communication_drift_01,meter_03,334,none,publish_interval,random,random,random,normal_drift,0.9999999999545888,0.49023664509181203,0,,1,1,drift_not_confirmed;reference_updated,source_publish_interval,voltage_rolling_mean=230.612357;source_publish_interval=0.803427,source_publish_interval,0.5456251092255116,9.40358405932784,9.971624938771129
2026-08-10T17:41:51.386218+00:00,communication_drift_01,meter_01,335,none,publish_interval,random,random,random,normal_drift,0.999999976522936,0.47701166395697125,0,,1,0,collecting_candidates;drift_not_confirmed,source_publish_interval,voltage_rolling_mean=231.592152;source_publish_interval=0.803426,source_publish_interval,3.1185830011963844,18.504415871575475,21.656667115166783
2026-08-10T17:41:51.408257+00:00,communication_drift_01,meter_02,335,none,publish_interval,random,random,random,normal_drift,0.9999999995940398,0.4565101861173601,0,,1,0,collecting_candidates;drift_not_confirmed,source_publish_interval,voltage_rolling_mean=231.433796;source_publish_interval=0.803427,source_publish_interval,0.7000409532338381,11.370332911610603,12.092832941561937
2026-08-10T17:41:51.420459+00:00,communication_drift_01,meter_03,335,none,publish_interval,random,random,random,normal_drift,0.9999999999943534,0.44479869253116283,0,,1,0,collecting_candidates;drift_not_confirmed,source_publish_interval,voltage_rolling_mean=230.612357;source_publish_interval=0.803427,source_publish_interval,0.5345419049263,9.406540775671601,9.962040930986404
2026-08-10T17:41:52.188049+00:00,communication_drift_01,meter_01,336,none,publish_interval,random,random,random,normal_drift,0.9999999962558068,0.44524220116472474,0,,1,0,collecting_candidates;drift_not_confirmed,source_publish_interval,voltage_rolling_mean=231.592152;source_publish_interval=0.803426,source_publish_interval,2.1369580645114183,21.314709214493632,23.49475002847612
2026-08-10T17:41:52.211935+00:00,communication_drift_01,meter_02,336,none,publish_interval,random,random,random,normal_drift,0.9999999999400451,0.43958119922555305,0,,1,0,collecting_candidates;drift_not_confirmed,source_publish_interval,voltage_rolling_mean=231.433796;source_publish_interval=0.803427,source_publish_interval,0.7985408883541822,11.800125008448958,12.623250018805265
2026-08-10T17:41:52.224687+00:00,communication_drift_01,meter_03,336,none,publish_interval,random,random,random,normal_drift,0.9999999999869151,0.43901376345850046,0,,1,0,collecting_candidates;drift_not_confirmed,source_publish_interval,voltage_rolling_mean=230.612357;source_publish_interval=0.803427,source_publish_interval,0.602582935243845,9.702832903712988,10.325291892513633
2026-08-10T17:41:52.990626+00:00,communication_drift_01,meter_01,337,none,publish_interval,random,random,random,normal_drift,0.9999999940754087,0.43481281356506646,0,,1,0,collecting_candidates;drift_not_confirmed,source_publish_interval,voltage_rolling_mean=231.592152;source_publish_interval=0.803426,source_publish_interval,2.56033381447196,21.865250077098608,24.470875039696693
2026-08-10T17:41:53.015595+00:00,communication_drift_01,meter_02,337,none,publish_interval,random,random,random,normal_drift,0.9999999998259799,0.45350210341519354,0,,1,0,collecting_candidates;drift_not_confirmed,source_publish_interval,voltage_rolling_mean=231.433796;source_publish_interval=0.803427,source_publish_interval,0.818875152617693,11.894166003912687,12.738040881231427
2026-08-10T17:41:53.028468+00:00,communication_drift_01,meter_03,337,none,publish_interval,random,random,random,normal_drift,0.999999999996368,0.437201982277422,0,,1,0,collecting_candidates;drift_not_confirmed,source_publish_interval,voltage_rolling_mean=230.612357;source_publish_interval=0.803427,source_publish_interval,0.5871669854968786,9.66083281673491,10.268375044688582
2026-08-10T17:41:53.793428+00:00,communication_drift_01,meter_01,338,none,publish_interval,random,random,random,normal_drift,0.9999999984929389,0.4481551995826511,0,,1,0,collecting_candidates;drift_not_confirmed,source_publish_interval,voltage_rolling_mean=231.592152;source_publish_interval=0.803426,source_publish_interval,1.9819589797407389,21.761874901130795,23.780708899721503
2026-08-10T17:41:53.817534+00:00,communication_drift_01,meter_02,338,none,publish_interval,random,random,random,normal_drift,0.9999999999028806,0.4576315262319344,0,,1,0,collecting_candidates;drift_not_confirmed,source_publish_interval,voltage_rolling_mean=231.433796;source_publish_interval=0.803427,source_publish_interval,0.7934581954032183,11.843833141028881,12.660708976909518
2026-08-10T17:41:53.830304+00:00,communication_drift_01,meter_03,338,none,publish_interval,random,random,random,normal_drift,0.999999999997019,0.47577361728252077,0,,1,0,collecting_candidates;drift_not_confirmed,source_publish_interval,voltage_rolling_mean=230.612357;source_publish_interval=0.803427,source_publish_interval,0.591999851167202,9.4906659796834,10.102458065375686
2026-08-10T17:41:54.597582+00:00,communication_drift_01,meter_01,339,none,publish_interval,random,random,random,normal_drift,0.9999999971712124,0.47722262227890033,0,,1,0,collecting_candidates;drift_not_confirmed,source_publish_interval,voltage_rolling_mean=231.592152;source_publish_interval=0.803426,source_publish_interval,3.3390838652849197,16.14949991926551,19.523584051057696
2026-08-10T17:41:54.617481+00:00,communication_drift_01,meter_02,339,none,publish_interval,random,random,random,normal_drift,0.9999999995275874,0.45509070330067164,0,,1,0,collecting_candidates;drift_not_confirmed,source_publish_interval,voltage_rolling_mean=231.433796;source_publish_interval=0.803427,source_publish_interval,0.7050000131130219,10.428083827719092,11.153749888762832
2026-08-10T17:41:54.628734+00:00,communication_drift_01,meter_03,339,none,publish_interval,random,random,random,normal_drift,0.9999999999954945,0.4904648816267576,0,,1,0,collecting_candidates;drift_not_confirmed,source_publish_interval,voltage_rolling_mean=230.612357;source_publish_interval=0.803427,source_publish_interval,0.5276668816804886,8.981708204373717,9.527042042464018
2026-08-10T17:41:55.402442+00:00,communication_drift_01,meter_01,340,none,publish_interval,random,random,random,normal_drift,0.9999999983504382,0.4325836747818528,0,,1,0,collecting_candidates;drift_not_confirmed,source_publish_interval,voltage_rolling_mean=231.592152;source_publish_interval=0.803426,source_publish_interval,3.37229180149734,18.889500061050057,22.3039579577744
2026-08-10T17:41:55.425150+00:00,communication_drift_01,meter_02,340,none,publish_interval,random,random,random,normal_drift,0.9999999999880653,0.4539644004038927,0,,1,0,collecting_candidates;drift_not_confirmed,source_publish_interval,voltage_rolling_mean=231.433796;source_publish_interval=0.803427,source_publish_interval,0.7148750592023134,11.323417071253061,12.061167042702436
2026-08-10T17:41:55.437318+00:00,communication_drift_01,meter_03,340,none,publish_interval,random,random,random,normal_drift,0.9999999999958156,0.4331245416739314,0,,1,0,collecting_candidates;drift_not_confirmed,source_publish_interval,voltage_rolling_mean=230.612357;source_publish_interval=0.803427,source_publish_interval,0.5304170772433281,9.750165976583958,10.303250048309565
2026-08-10T17:41:56.208125+00:00,communication_drift_01,meter_01,341,none,publish_interval,random,random,random,normal_drift,0.9999999985454164,0.4833968419490943,0,,1,0,collecting_candidates;drift_not_confirmed,source_publish_interval,voltage_rolling_mean=231.592152;source_publish_interval=0.803426,source_publish_interval,2.55116680637002,19.190791994333267,21.77479211241007
2026-08-10T17:41:56.230282+00:00,communication_drift_01,meter_02,341,none,publish_interval,random,random,random,normal_drift,0.9999999999541078,0.4459669135245301,0,,1,0,collecting_candidates;drift_not_confirmed,source_publish_interval,voltage_rolling_mean=231.433796;source_publish_interval=0.803427,source_publish_interval,0.6937920115888119,11.347834020853043,12.063374975696206
2026-08-10T17:41:56.242453+00:00,communication_drift_01,meter_03,341,none,publish_interval,random,random,random,normal_drift,0.9999999999951914,0.452717316954178,0,,1,0,collecting_candidates;drift_not_confirmed,source_publish_interval,voltage_rolling_mean=230.612357;source_publish_interval=0.803427,source_publish_interval,0.5327500402927399,9.343957994133234,9.897208074107766
2026-08-10T17:41:57.012024+00:00,communication_drift_01,meter_01,342,none,publish_interval,random,random,random,normal_drift,0.9999999958829979,0.5463022987757594,0,,1,0,collecting_candidates;drift_not_confirmed,source_publish_interval,voltage_rolling_mean=231.592152;source_publish_interval=0.803426,source_publish_interval,2.3816670291125774,22.044291952624917,24.4637920986861
2026-08-10T17:41:57.036899+00:00,communication_drift_01,meter_02,342,none,publish_interval,random,random,random,normal_drift,0.9999999999607894,0.4699893847178794,0,,1,0,collecting_candidates;drift_not_confirmed,source_publish_interval,voltage_rolling_mean=231.433796;source_publish_interval=0.803427,source_publish_interval,0.8085831068456173,11.969874845817685,12.802583165466785
2026-08-10T17:41:57.049821+00:00,communication_drift_01,meter_03,342,none,publish_interval,random,random,random,normal_drift,0.9999999999981564,0.4461535406294519,0,,1,0,collecting_candidates;drift_not_confirmed,source_publish_interval,voltage_rolling_mean=230.612357;source_publish_interval=0.803427,source_publish_interval,0.606166198849678,9.590124944224954,10.215583024546504
2026-08-10T17:41:57.814139+00:00,communication_drift_01,meter_01,343,none,publish_interval,random,random,random,normal_drift,0.9999999990339574,0.44874369164083017,0,,1,0,collecting_candidates;drift_not_confirmed,source_publish_interval,voltage_rolling_mean=231.592152;source_publish_interval=0.803426,source_publish_interval,3.422749927267432,19.186875084415078,22.64470816589892
2026-08-10T17:41:57.837170+00:00,communication_drift_01,meter_02,343,none,publish_interval,random,random,random,normal_drift,0.9999999999884308,0.4552232444679472,0,,1,0,collecting_candidates;drift_not_confirmed,source_publish_interval,voltage_rolling_mean=231.433796;source_publish_interval=0.803427,source_publish_interval,0.6961668841540813,11.464250041171908,12.183250160887837
2026-08-10T17:41:57.849453+00:00,communication_drift_01,meter_03,343,none,publish_interval,random,random,random,normal_drift,0.999999999929096,0.5118073114091861,0,,1,0,collecting_candidates;drift_not_confirmed,source_publish_interval,voltage_rolling_mean=230.612357;source_publish_interval=0.803427,source_publish_interval,0.5484169814735651,9.426499949768186,9.99441696330905
2026-08-10T17:41:58.619286+00:00,communication_drift_01,meter_01,344,none,publish_interval,random,random,random,normal_drift,0.9999999994719824,0.4550938488406139,0,,1,0,collecting_candidates;drift_not_confirmed,source_publish_interval,voltage_rolling_mean=231.592152;source_publish_interval=0.803426,source_publish_interval,2.325542038306594,22.702959133312106,25.065625086426735
2026-08-10T17:41:58.644680+00:00,communication_drift_01,meter_02,344,none,publish_interval,random,random,random,normal_drift,0.9999999999851656,0.501024423520012,0,,1,0,collecting_candidates;drift_not_confirmed,source_publish_interval,voltage_rolling_mean=231.433796;source_publish_interval=0.803427,source_publish_interval,0.8283329661935568,12.120082974433899,12.972625205293298
2026-08-10T17:41:58.657767+00:00,communication_drift_01,meter_03,344,none,publish_interval,random,random,random,normal_drift,0.999999999994172,0.45585036066277335,0,,1,0,collecting_candidates;drift_not_confirmed,source_publish_interval,voltage_rolling_mean=230.612357;source_publish_interval=0.803427,source_publish_interval,0.6180829368531704,9.491082979366183,10.128750000149012
2026-08-10T17:41:59.423902+00:00,communication_drift_01,meter_01,345,none,publish_interval,random,random,random,normal_drift,0.9999999996168003,0.4902933563646258,0,,1,0,collecting_candidates;drift_not_confirmed,source_publish_interval,voltage_rolling_mean=231.592152;source_publish_interval=0.803426,source_publish_interval,3.515667049214244,12.776541989296675,16.322667011991143
2026-08-10T17:41:59.440595+00:00,communication_drift_01,meter_02,345,none,publish_interval,random,random,random,normal_drift,0.999999999902556,0.4867878784545403,0,,1,0,collecting_candidates;drift_not_confirmed,source_publish_interval,voltage_rolling_mean=231.433796;source_publish_interval=0.803427,source_publish_interval,0.5185829941183329,9.370582876726985,9.908208856359124
2026-08-10T17:41:59.450583+00:00,communication_drift_01,meter_03,345,none,publish_interval,random,random,random,normal_drift,0.9999999999911937,0.4433989617624808,0,,1,0,collecting_candidates;drift_not_confirmed,source_publish_interval,voltage_rolling_mean=230.612357;source_publish_interval=0.803427,source_publish_interval,0.4969590809196234,8.359208004549146,8.873207960277796
2026-08-10T17:42:00.228442+00:00,communication_drift_01,meter_01,346,none,publish_interval,random,random,random,normal_drift,0.9999999993944944,0.4456917062016006,0,,1,0,collecting_candidates;drift_not_confirmed,source_publish_interval,voltage_rolling_mean=231.592152;source_publish_interval=0.803426,source_publish_interval,2.0272918045520782,21.363541018217802,23.435499984771013
2026-08-10T17:42:00.252317+00:00,communication_drift_01,meter_02,346,none,publish_interval,random,random,random,normal_drift,0.9999999999951845,0.4636873481017571,0,,1,0,collecting_candidates;drift_not_confirmed,source_publish_interval,voltage_rolling_mean=231.433796;source_publish_interval=0.803427,source_publish_interval,0.7478331681340933,11.795040918514132,12.568417005240917
2026-08-10T17:42:00.265012+00:00,communication_drift_01,meter_03,346,none,publish_interval,random,random,random,normal_drift,0.9999999999988181,0.46454242190520073,0,,1,0,collecting_candidates;drift_not_confirmed,source_publish_interval,voltage_rolling_mean=230.612357;source_publish_interval=0.803427,source_publish_interval,0.5963749717921019,9.566999971866608,10.186332976445556
2026-08-10T17:42:01.033806+00:00,communication_drift_01,meter_01,347,none,publish_interval,random,random,random,normal_drift,0.9999999997521458,0.4464499629598471,0,,1,0,collecting_candidates;drift_not_confirmed,source_publish_interval,voltage_rolling_mean=231.592152;source_publish_interval=0.803426,source_publish_interval,3.3684580121189356,15.039582969620824,18.44666711986065
2026-08-10T17:42:01.052681+00:00,communication_drift_01,meter_02,347,none,publish_interval,random,random,random,normal_drift,0.9999999999820053,0.4485010753972842,0,,1,0,collecting_candidates;drift_not_confirmed,source_publish_interval,voltage_rolling_mean=231.433796;source_publish_interval=0.803427,source_publish_interval,0.6466670893132687,10.049625067040324,10.716249933466315
2026-08-10T17:42:01.063511+00:00,communication_drift_01,meter_03,347,none,publish_interval,random,random,random,normal_drift,0.9999999999900229,0.44976437181767354,0,,1,0,collecting_candidates;drift_not_confirmed,source_publish_interval,voltage_rolling_mean=230.612357;source_publish_interval=0.803427,source_publish_interval,0.4990410525351763,8.750167209655046,9.271125076338649
2026-08-10T17:42:01.836112+00:00,communication_drift_01,meter_01,348,none,publish_interval,random,random,random,normal_drift,0.99999999984103,0.47036665013645335,0,,1,0,collecting_candidates;drift_not_confirmed,source_publish_interval,voltage_rolling_mean=231.592152;source_publish_interval=0.803426,source_publish_interval,2.636624965816736,20.305749960243702,22.978833178058267
2026-08-10T17:42:01.859502+00:00,communication_drift_01,meter_02,348,none,publish_interval,random,random,random,normal_drift,0.9999999999947322,0.47577933998706873,0,,1,0,collecting_candidates;drift_not_confirmed,source_publish_interval,voltage_rolling_mean=231.433796;source_publish_interval=0.803427,source_publish_interval,0.7117500063031912,11.58641604706645,12.320584151893854
2026-08-10T17:42:01.871936+00:00,communication_drift_01,meter_03,348,none,publish_interval,random,random,random,normal_drift,0.9999999999973888,0.5271754366191551,0,,1,0,collecting_candidates;drift_not_confirmed,source_publish_interval,voltage_rolling_mean=230.612357;source_publish_interval=0.803427,source_publish_interval,0.5365419201552868,9.546459186822176,10.106374975293875
2026-08-10T17:42:02.641136+00:00,communication_drift_01,meter_01,349,none,publish_interval,random,random,random,normal_drift,0.9999999997375235,0.5158180090545076,0,,1,0,collecting_candidates;drift_not_confirmed,source_publish_interval,voltage_rolling_mean=231.592152;source_publish_interval=0.803426,source_publish_interval,2.835499821230769,16.93908404558897,19.81587498448789
2026-08-10T17:42:02.661461+00:00,communication_drift_01,meter_02,349,none,publish_interval,random,random,random,normal_drift,0.9999999999855884,0.4482050911460801,0,,1,0,collecting_candidates;drift_not_confirmed,source_publish_interval,voltage_rolling_mean=231.433796;source_publish_interval=0.803427,source_publish_interval,0.7794590201228857,10.910874931141734,11.711375089362264
2026-08-10T17:42:02.673279+00:00,communication_drift_01,meter_03,349,none,publish_interval,random,random,random,normal_drift,0.9999999999966411,0.45201777476393074,0,,1,0,collecting_candidates;drift_not_confirmed,source_publish_interval,voltage_rolling_mean=230.612357;source_publish_interval=0.803427,source_publish_interval,0.5394171457737684,9.134999942034483,9.695791872218251
2026-08-10T17:42:03.445477+00:00,communication_drift_01,meter_01,350,none,publish_interval,random,random,random,normal_drift,0.9999999997460554,0.4520572855142106,0,,1,0,collecting_candidates;drift_not_confirmed,source_publish_interval,voltage_rolling_mean=231.592152;source_publish_interval=0.803426,source_publish_interval,1.6159170772880316,16.82120794430375,18.47695792093873
2026-08-10T17:42:03.464294+00:00,communication_drift_01,meter_02,350,none,publish_interval,random,random,random,normal_drift,0.9999999999532212,0.5019673842454101,0,,1,0,collecting_candidates;drift_not_confirmed,source_publish_interval,voltage_rolling_mean=231.433796;source_publish_interval=0.803427,source_publish_interval,0.766540877521038,11.067582992836833,11.856249999254942
2026-08-10T17:42:03.476279+00:00,communication_drift_01,meter_03,350,none,publish_interval,random,random,random,normal_drift,0.9999999999952467,0.44533494037145416,0,,1,0,collecting_candidates;drift_not_confirmed,source_publish_interval,voltage_rolling_mean=230.612357;source_publish_interval=0.803427,source_publish_interval,0.5423750262707472,9.13399993441999,9.697833098471165
2026-08-10T17:42:04.251167+00:00,communication_drift_01,meter_01,351,none,publish_interval,random,random,random,normal_drift,0.9999999999048184,0.46259909507736025,0,,1,0,collecting_candidates;drift_not_confirmed,source_publish_interval,voltage_rolling_mean=231.592152;source_publish_interval=0.803426,source_publish_interval,2.905834000557661,16.735333018004894,19.68387491069734
2026-08-10T17:42:04.271323+00:00,communication_drift_01,meter_02,351,none,publish_interval,random,random,random,normal_drift,0.9999999999936362,0.462674439407529,0,,1,0,collecting_candidates;drift_not_confirmed,source_publish_interval,voltage_rolling_mean=231.433796;source_publish_interval=0.803427,source_publish_interval,0.7844581268727779,10.883708018809557,11.691333958879113
2026-08-10T17:42:04.283137+00:00,communication_drift_01,meter_03,351,none,publish_interval,random,random,random,normal_drift,0.9999999999975442,0.43737068712520405,0,,1,0,collecting_candidates;drift_not_confirmed,source_publish_interval,voltage_rolling_mean=230.612357;source_publish_interval=0.803427,source_publish_interval,0.5408748984336853,9.175583021715283,9.738124907016754
2026-08-10T17:42:05.055341+00:00,communication_drift_01,meter_01,352,none,publish_interval,random,random,random,normal_drift,0.9999999999456584,0.4427570978500702,0,,1,0,collecting_candidates;drift_not_confirmed,source_publish_interval,voltage_rolling_mean=231.592152;source_publish_interval=0.803426,source_publish_interval,3.355167107656598,14.872957952320576,18.261624965816736
2026-08-10T17:42:05.074024+00:00,communication_drift_01,meter_02,352,none,publish_interval,random,random,random,normal_drift,0.9999999999923979,0.47917790665138726,0,,1,0,collecting_candidates;drift_not_confirmed,source_publish_interval,voltage_rolling_mean=231.433796;source_publish_interval=0.803427,source_publish_interval,0.6804580334573984,10.58229198679328,11.284582782536745
2026-08-10T17:42:05.085419+00:00,communication_drift_01,meter_03,352,none,publish_interval,random,random,random,normal_drift,0.9999999999969484,0.4528397193329923,0,,1,0,collecting_candidates;drift_not_confirmed,source_publish_interval,voltage_rolling_mean=230.612357;source_publish_interval=0.803427,source_publish_interval,0.5262091290205717,9.001666912809014,9.547292022034526
2026-08-10T17:42:05.860538+00:00,communication_drift_01,meter_01,353,none,publish_interval,random,random,random,normal_drift,0.9999999999107352,0.4645538190954712,0,,1,0,collecting_candidates;drift_not_confirmed,source_publish_interval,voltage_rolling_mean=231.592152;source_publish_interval=0.803426,source_publish_interval,2.491916064172983,18.910125130787492,21.435000002384186
2026-08-10T17:42:05.882387+00:00,communication_drift_01,meter_02,353,none,publish_interval,random,random,random,normal_drift,0.9999999999946081,0.5452519672025476,0,,1,0,collecting_candidates;drift_not_confirmed,source_publish_interval,voltage_rolling_mean=231.433796;source_publish_interval=0.803427,source_publish_interval,0.6955841090530157,11.312874965369701,12.030292069539428
2026-08-10T17:42:05.894521+00:00,communication_drift_01,meter_03,353,none,publish_interval,random,random,random,normal_drift,0.999999999999035,0.52923063038953,0,,1,0,collecting_candidates;drift_not_confirmed,source_publish_interval,voltage_rolling_mean=230.612357;source_publish_interval=0.803427,source_publish_interval,0.5407920107245445,9.327166946604848,9.888832923024893
2026-08-10T17:42:06.663677+00:00,communication_drift_01,meter_01,354,none,publish_interval,random,random,random,normal_drift,0.9999999999308575,0.4343077365017025,0,,1,1,drift_not_confirmed;reference_updated,source_publish_interval,voltage_rolling_mean=231.592152;source_publish_interval=0.803790,source_publish_interval,1.3896250165998936,20.754833007231355,22.189707960933447
2026-08-10T17:42:06.686156+00:00,communication_drift_01,meter_02,354,none,publish_interval,random,random,random,normal_drift,0.9999999999912086,0.5354834528028953,0,,1,1,drift_not_confirmed;reference_updated,source_publish_interval,voltage_rolling_mean=231.433796;source_publish_interval=0.803783,source_publish_interval,0.8509159088134766,13.662416953593493,14.545958023518324
2026-08-10T17:42:06.700834+00:00,communication_drift_01,meter_03,354,none,publish_interval,random,random,random,normal_drift,0.9999999999932392,0.49112545877547026,0,,1,1,drift_not_confirmed;reference_updated,source_publish_interval,voltage_rolling_mean=230.612357;source_publish_interval=0.803779,source_publish_interval,0.6493751425296068,10.244583012536168,10.915708029642701
2026-08-10T17:42:07.464646+00:00,communication_drift_01,meter_01,355,none,publish_interval,random,random,random,normal_drift,0.9999999999042268,0.45474908771008266,0,,1,0,collecting_candidates;drift_not_confirmed,source_publish_interval,voltage_rolling_mean=231.592152;source_publish_interval=0.803790,source_publish_interval,2.183124888688326,21.00420813076198,23.23233406059444
2026-08-10T17:42:07.488243+00:00,communication_drift_01,meter_02,355,none,publish_interval,random,random,random,normal_drift,0.999999999981245,0.44566548409518353,0,,1,0,collecting_candidates;drift_not_confirmed,source_publish_interval,voltage_rolling_mean=231.433796;source_publish_interval=0.803783,source_publish_interval,0.8679591119289398,13.00566690042615,13.906750129535794
2026-08-10T17:42:07.502309+00:00,communication_drift_01,meter_03,355,none,publish_interval,random,random,random,normal_drift,0.9999999999961737,0.44222100434207834,0,,1,0,collecting_candidates;drift_not_confirmed,source_publish_interval,voltage_rolling_mean=230.612357;source_publish_interval=0.803779,source_publish_interval,0.6075408309698105,9.731875034049153,10.371959069743752
2026-08-10T17:42:08.270174+00:00,communication_drift_01,meter_01,356,none,publish_interval,random,random,random,normal_drift,0.9999999998602633,0.5118019225375563,0,,1,0,collecting_candidates;drift_not_confirmed,source_publish_interval,voltage_rolling_mean=231.592152;source_publish_interval=0.803790,source_publish_interval,1.9703339785337448,21.790500031784177,23.80724996328354
2026-08-10T17:42:08.294345+00:00,communication_drift_01,meter_02,356,none,publish_interval,random,random,random,normal_drift,0.9999999999917544,0.5040837402569576,0,,1,0,collecting_candidates;drift_not_confirmed,source_publish_interval,voltage_rolling_mean=231.433796;source_publish_interval=0.803783,source_publish_interval,0.8531250059604645,12.179499957710505,13.057874981313944
2026-08-10T17:42:08.307526+00:00,communication_drift_01,meter_03,356,none,publish_interval,random,random,random,normal_drift,0.9999999999941753,0.46748676279855683,0,,1,0,collecting_candidates;drift_not_confirmed,source_publish_interval,voltage_rolling_mean=230.612357;source_publish_interval=0.803779,source_publish_interval,0.5291251000016928,9.519416838884354,10.067541850730777
2026-08-10T17:42:09.075290+00:00,communication_drift_01,meter_01,357,none,publish_interval,random,random,random,normal_drift,0.9999999998860292,0.4692410791991159,0,,1,0,collecting_candidates;drift_not_confirmed,source_publish_interval,voltage_rolling_mean=231.592152;source_publish_interval=0.803790,source_publish_interval,1.9563338719308376,21.418083924800158,23.426749976351857
2026-08-10T17:42:09.099118+00:00,communication_drift_01,meter_02,357,none,publish_interval,random,random,random,normal_drift,0.9999999999945168,0.4455981536327265,0,,1,0,collecting_candidates;drift_not_confirmed,source_publish_interval,voltage_rolling_mean=231.433796;source_publish_interval=0.803783,source_publish_interval,0.7702079601585865,12.069249991327524,12.86754198372364
2026-08-10T17:42:09.112144+00:00,communication_drift_01,meter_03,357,none,publish_interval,random,random,random,normal_drift,0.9999999999792979,0.4733529753703058,0,,1,0,collecting_candidates;drift_not_confirmed,source_publish_interval,voltage_rolling_mean=230.612357;source_publish_interval=0.803779,source_publish_interval,0.5995000246912241,9.593041148036718,10.215000016614795
2026-08-10T17:42:09.879500+00:00,communication_drift_01,meter_01,358,none,publish_interval,random,random,random,normal_drift,0.999999999965175,0.45424482413189954,0,,1,0,collecting_candidates;drift_not_confirmed,source_publish_interval,voltage_rolling_mean=231.592152;source_publish_interval=0.803790,source_publish_interval,2.7684587985277176,16.804457874968648,19.61800013668835
2026-08-10T17:42:09.899511+00:00,communication_drift_01,meter_02,358,none,publish_interval,random,random,random,normal_drift,0.9999999999922906,0.44708704866748994,0,,1,0,collecting_candidates;drift_not_confirmed,source_publish_interval,voltage_rolling_mean=231.433796;source_publish_interval=0.803783,source_publish_interval,0.7207500748336315,10.939958970993757,11.685334146022797
2026-08-10T17:42:09.911323+00:00,communication_drift_01,meter_03,358,none,publish_interval,random,random,random,normal_drift,0.999999999994508,0.4431103926297544,0,,1,0,collecting_candidates;drift_not_confirmed,source_publish_interval,voltage_rolling_mean=230.612357;source_publish_interval=0.803779,source_publish_interval,0.5382080562412739,9.135083062574267,9.695041924715042
2026-08-10T17:42:10.681413+00:00,communication_drift_01,meter_01,359,none,publish_interval,random,random,random,normal_drift,0.9999999998535045,0.5480855257185383,0,,1,0,collecting_candidates;drift_not_confirmed,source_publish_interval,voltage_rolling_mean=231.592152;source_publish_interval=0.803790,source_publish_interval,1.7183329910039902,20.855125039815903,22.612249944359064
2026-08-10T17:42:10.704329+00:00,communication_drift_01,meter_02,359,none,publish_interval,random,random,random,normal_drift,0.9999999999969655,0.4564243374329724,0,,1,0,collecting_candidates;drift_not_confirmed,source_publish_interval,voltage_rolling_mean=231.433796;source_publish_interval=0.803783,source_publish_interval,0.8171249646693468,12.507417006418109,13.35004111751914
2026-08-10T17:42:10.717809+00:00,communication_drift_01,meter_03,359,none,publish_interval,random,random,random,normal_drift,0.9999999999974403,0.4470358823166324,0,,1,0,collecting_candidates;drift_not_confirmed,source_publish_interval,voltage_rolling_mean=230.612357;source_publish_interval=0.803779,source_publish_interval,0.5942911375313997,9.93699999526143,10.552291991189122
2026-08-10T17:42:11.486212+00:00,communication_drift_01,meter_01,360,none,publish_interval,random,random,random,normal_drift,0.9999999999660814,0.45678941878281404,0,,1,0,collecting_candidates;drift_not_confirmed,source_publish_interval,voltage_rolling_mean=231.592152;source_publish_interval=0.803790,source_publish_interval,2.4528750218451023,21.31450013257563,23.805582895874977
2026-08-10T17:42:11.510399+00:00,communication_drift_01,meter_02,360,none,publish_interval,random,random,random,normal_drift,0.9999999999963591,0.5497313842158175,0,,1,0,collecting_candidates;drift_not_confirmed,source_publish_interval,voltage_rolling_mean=231.433796;source_publish_interval=0.803783,source_publish_interval,0.8060000836849213,11.73091703094542,12.560707982629538
2026-08-10T17:42:11.523071+00:00,communication_drift_01,meter_03,360,none,publish_interval,random,random,random,normal_drift,0.9999999999950344,0.476334150791129,0,,1,0,collecting_candidates;drift_not_confirmed,source_publish_interval,voltage_rolling_mean=230.612357;source_publish_interval=0.803779,source_publish_interval,0.5885420832782984,9.662792086601257,10.270500089973211
2026-08-10T17:42:12.291505+00:00,communication_drift_01,meter_01,361,none,publish_interval,random,random,random,normal_drift,0.9999999999783795,0.45493100569365086,0,,1,0,collecting_candidates;drift_not_confirmed,source_publish_interval,voltage_rolling_mean=231.592152;source_publish_interval=0.803790,source_publish_interval,2.7657910250127316,21.72058285214007,24.524000007659197
2026-08-10T17:42:12.316417+00:00,communication_drift_01,meter_02,361,none,publish_interval,random,random,random,normal_drift,0.9999999999928535,0.4407540517880587,0,,1,0,collecting_candidates;drift_not_confirmed,source_publish_interval,voltage_rolling_mean=231.433796;source_publish_interval=0.803783,source_publish_interval,0.8141668513417244,11.77987502887845,12.619500048458576
2026-08-10T17:42:12.329154+00:00,communication_drift_01,meter_03,361,none,publish_interval,random,random,random,normal_drift,0.9999999999971949,0.4386066426191446,0,,1,0,collecting_candidates;drift_not_confirmed,source_publish_interval,voltage_rolling_mean=230.612357;source_publish_interval=0.803779,source_publish_interval,0.6258338689804077,9.635291993618011,10.28100005351007
2026-08-10T17:42:13.096505+00:00,communication_drift_01,meter_01,362,none,publish_interval,random,random,random,normal_drift,0.9999999999479168,0.4569304354814301,0,,1,0,collecting_candidates;drift_not_confirmed,source_publish_interval,voltage_rolling_mean=231.592152;source_publish_interval=0.803790,source_publish_interval,2.469250001013279,17.023958964273334,19.523459021002054
2026-08-10T17:42:13.116377+00:00,communication_drift_01,meter_02,362,none,publish_interval,random,random,random,normal_drift,0.9999999999770768,0.5993434851858266,0,,1,0,collecting_candidates;drift_not_confirmed,source_publish_interval,voltage_rolling_mean=231.433796;source_publish_interval=0.803783,source_publish_interval,0.6987911183387041,11.172750033438206,11.893040966242552
2026-08-10T17:42:13.128368+00:00,communication_drift_01,meter_03,362,none,publish_interval,random,random,random,normal_drift,0.9999999999937033,0.44132822798806753,0,,1,0,collecting_candidates;drift_not_confirmed,source_publish_interval,voltage_rolling_mean=230.612357;source_publish_interval=0.803779,source_publish_interval,0.5237499717622995,9.451166959479451,9.995666099712253
2026-08-10T17:42:13.900762+00:00,communication_drift_01,meter_01,363,none,publish_interval,random,random,random,normal_drift,0.9999999999918652,0.4715820299617162,0,,1,0,collecting_candidates;drift_not_confirmed,source_publish_interval,voltage_rolling_mean=231.592152;source_publish_interval=0.803790,source_publish_interval,2.1017089020460844,21.536707878112793,23.679709061980247
2026-08-10T17:42:13.924794+00:00,communication_drift_01,meter_02,363,none,publish_interval,random,random,random,normal_drift,0.9999999999980986,0.4668487562108235,0,,1,0,collecting_candidates;drift_not_confirmed,source_publish_interval,voltage_rolling_mean=231.433796;source_publish_interval=0.803783,source_publish_interval,0.7226250600069761,11.960709001868963,12.710458133369684
2026-08-10T17:42:13.937636+00:00,communication_drift_01,meter_03,363,none,publish_interval,random,random,random,normal_drift,0.9999999999974545,0.4824209075562648,0,,1,0,collecting_candidates;drift_not_confirmed,source_publish_interval,voltage_rolling_mean=230.612357;source_publish_interval=0.803779,source_publish_interval,0.5981661379337311,9.64587484486401,10.264959186315536
2026-08-10T17:42:14.703727+00:00,communication_drift_01,meter_01,364,none,publish_interval,random,random,random,normal_drift,0.9999999999747684,0.45219120351042524,0,,1,0,collecting_candidates;drift_not_confirmed,source_publish_interval,voltage_rolling_mean=231.592152;source_publish_interval=0.803790,source_publish_interval,2.4738330394029617,21.438458003103733,23.96133402362466
2026-08-10T17:42:14.728098+00:00,communication_drift_01,meter_02,364,none,publish_interval,random,random,random,normal_drift,0.9999999999981508,0.45465935010795744,0,,1,0,collecting_candidates;drift_not_confirmed,source_publish_interval,voltage_rolling_mean=231.433796;source_publish_interval=0.803783,source_publish_interval,0.8154159877449274,11.863250052556396,12.703665997833014
2026-08-10T17:42:14.740922+00:00,communication_drift_01,meter_03,364,none,publish_interval,random,random,random,normal_drift,0.999999999994627,0.4317219169239995,0,,1,0,collecting_candidates;drift_not_confirmed,source_publish_interval,voltage_rolling_mean=230.612357;source_publish_interval=0.803779,source_publish_interval,0.5955828819423914,9.66691691428423,10.282540926709771
2026-08-10T17:42:15.508676+00:00,communication_drift_01,meter_01,365,none,publish_interval,random,random,random,normal_drift,0.9999999999783935,0.45270418468097384,0,,1,0,collecting_candidates;drift_not_confirmed,source_publish_interval,voltage_rolling_mean=231.592152;source_publish_interval=0.803790,source_publish_interval,2.6894579641520977,15.132749918848276,17.850750125944614
2026-08-10T17:42:15.526923+00:00,communication_drift_01,meter_02,365,none,publish_interval,random,random,random,normal_drift,0.9999999999933249,0.5475847462060746,0,,1,0,collecting_candidates;drift_not_confirmed,source_publish_interval,voltage_rolling_mean=231.433796;source_publish_interval=0.803783,source_publish_interval,0.6650830619037151,10.63124998472631,11.3170410040766
2026-08-10T17:42:15.538349+00:00,communication_drift_01,meter_03,365,none,publish_interval,random,random,random,normal_drift,0.9999999999969871,0.5009538043750877,0,,1,0,collecting_candidates;drift_not_confirmed,source_publish_interval,voltage_rolling_mean=230.612357;source_publish_interval=0.803779,source_publish_interval,0.5223751068115234,9.029791923239827,9.57070803269744
2026-08-10T17:42:16.312698+00:00,communication_drift_01,meter_01,366,none,publish_interval,random,random,random,normal_drift,0.9999999999911149,0.49885671641087104,0,,1,0,collecting_candidates;drift_not_confirmed,source_publish_interval,voltage_rolling_mean=231.592152;source_publish_interval=0.803790,source_publish_interval,1.9978340715169907,21.247749915346503,23.288666969165206
2026-08-10T17:42:16.336366+00:00,communication_drift_01,meter_02,366,none,publish_interval,random,random,random,normal_drift,0.9999999999979194,0.4304639861866008,0,,1,0,collecting_candidates;drift_not_confirmed,source_publish_interval,voltage_rolling_mean=231.433796;source_publish_interval=0.803783,source_publish_interval,0.7492499426007271,11.930875014513731,12.704582884907722
2026-08-10T17:42:16.349195+00:00,communication_drift_01,meter_03,366,none,publish_interval,random,random,random,normal_drift,0.9999999999927371,0.4421657074134157,0,,1,0,collecting_candidates;drift_not_confirmed,source_publish_interval,voltage_rolling_mean=230.612357;source_publish_interval=0.803779,source_publish_interval,0.587166054174304,9.618083946406841,10.225499980151653
2026-08-10T17:42:17.117871+00:00,communication_drift_01,meter_01,367,none,publish_interval,random,random,random,normal_drift,0.9999999998244973,0.5742243460967758,0,,1,0,collecting_candidates;drift_not_confirmed,source_publish_interval,voltage_rolling_mean=231.592152;source_publish_interval=0.803790,source_publish_interval,2.2488750983029604,20.864624995738268,23.153292015194893
2026-08-10T17:42:17.141429+00:00,communication_drift_01,meter_02,367,none,publish_interval,random,random,random,normal_drift,0.9999999999974876,0.5233305057484676,0,,1,0,collecting_candidates;drift_not_confirmed,source_publish_interval,voltage_rolling_mean=231.433796;source_publish_interval=0.803783,source_publish_interval,0.7159588858485222,11.948458151891828,12.68820813857019
2026-08-10T17:42:17.154226+00:00,communication_drift_01,meter_03,367,none,publish_interval,random,random,random,normal_drift,0.9999999999968772,0.4408045557604715,0,,1,0,collecting_candidates;drift_not_confirmed,source_publish_interval,voltage_rolling_mean=230.612357;source_publish_interval=0.803779,source_publish_interval,0.5440409295260906,9.469749871641397,10.033500147983432
2026-08-10T17:42:17.919765+00:00,communication_drift_01,meter_01,368,none,publish_interval,random,random,random,normal_drift,0.9999999999852125,0.4658216300438025,0,,1,0,collecting_candidates;drift_not_confirmed,source_publish_interval,voltage_rolling_mean=231.592152;source_publish_interval=0.803790,source_publish_interval,2.018209081143141,21.77420794032514,23.83524994365871
2026-08-10T17:42:17.943931+00:00,communication_drift_01,meter_02,368,none,publish_interval,random,random,random,normal_drift,0.9999999999980049,0.45097636290774995,0,,1,0,collecting_candidates;drift_not_confirmed,source_publish_interval,voltage_rolling_mean=231.433796;source_publish_interval=0.803783,source_publish_interval,0.8331669960170984,13.211874989792705,14.06983402557671
2026-08-10T17:42:17.958121+00:00,communication_drift_01,meter_03,368,none,publish_interval,random,random,random,normal_drift,0.9999999999950897,0.43595977774655026,0,,1,0,collecting_candidates;drift_not_confirmed,source_publish_interval,voltage_rolling_mean=230.612357;source_publish_interval=0.803779,source_publish_interval,0.5979579873383045,10.338290827348828,10.957624996080995
2026-08-10T17:42:18.725343+00:00,communication_drift_01,meter_01,369,none,publish_interval,random,random,random,normal_drift,0.9999999999858491,0.4385514105443654,0,,1,0,collecting_candidates;drift_not_confirmed,source_publish_interval,voltage_rolling_mean=231.592152;source_publish_interval=0.803790,source_publish_interval,2.040916820988059,21.686083171516657,23.77020800486207
2026-08-10T17:42:18.749454+00:00,communication_drift_01,meter_02,369,none,publish_interval,random,random,random,normal_drift,0.9999999999879221,0.5294649892363564,0,,1,0,collecting_candidates;drift_not_confirmed,source_publish_interval,voltage_rolling_mean=231.433796;source_publish_interval=0.803783,source_publish_interval,0.8312498684972525,12.087957933545113,12.943040812388062
2026-08-10T17:42:18.762502+00:00,communication_drift_01,meter_03,369,none,publish_interval,random,random,random,normal_drift,0.999999999990373,0.43298116429301436,0,,1,0,collecting_candidates;drift_not_confirmed,source_publish_interval,voltage_rolling_mean=230.612357;source_publish_interval=0.803779,source_publish_interval,0.5552088841795921,9.441707981750369,10.016874875873327
2026-08-10T17:42:19.530523+00:00,communication_drift_01,meter_01,370,none,publish_interval,random,random,random,normal_drift,0.9999999999904512,0.46448767753661574,0,,1,0,collecting_candidates;drift_not_confirmed,source_publish_interval,voltage_rolling_mean=231.592152;source_publish_interval=0.803790,source_publish_interval,3.4045001957565546,18.4024169575423,21.842499962076545
2026-08-10T17:42:19.552730+00:00,communication_drift_01,meter_02,370,none,publish_interval,random,random,random,normal_drift,0.9999999999929792,0.5024136641885111,0,,1,0,collecting_candidates;drift_not_confirmed,source_publish_interval,voltage_rolling_mean=231.433796;source_publish_interval=0.803783,source_publish_interval,0.7068749982863665,11.156083084642887,11.884416919201612
2026-08-10T17:42:19.564719+00:00,communication_drift_01,meter_03,370,none,publish_interval,random,random,random,normal_drift,0.9999999999956299,0.5112766953678128,0,,1,0,collecting_candidates;drift_not_confirmed,source_publish_interval,voltage_rolling_mean=230.612357;source_publish_interval=0.803779,source_publish_interval,0.5250840913504362,9.339791955426335,9.883124846965075
2026-08-10T17:42:20.334062+00:00,communication_drift_01,meter_01,371,none,publish_interval,random,random,random,normal_drift,0.999999999946745,0.4929836728862453,0,,1,0,collecting_candidates;drift_not_confirmed,source_publish_interval,voltage_rolling_mean=231.592152;source_publish_interval=0.803790,source_publish_interval,2.3637081030756235,20.893750013783574,23.294500075280666
2026-08-10T17:42:20.357761+00:00,communication_drift_01,meter_02,371,none,publish_interval,random,random,random,normal_drift,0.9999999999993519,0.5021138556839011,0,,1,0,collecting_candidates;drift_not_confirmed,source_publish_interval,voltage_rolling_mean=231.433796;source_publish_interval=0.803783,source_publish_interval,0.722791999578476,11.913416208699346,12.661707820370793
2026-08-10T17:42:20.370541+00:00,communication_drift_01,meter_03,371,none,publish_interval,random,random,random,normal_drift,0.999999999984762,0.4626621014834394,0,,1,0,collecting_candidates;drift_not_confirmed,source_publish_interval,voltage_rolling_mean=230.612357;source_publish_interval=0.803779,source_publish_interval,0.5725419614464045,9.517125086858869,10.109083028510213
2026-08-10T17:42:21.135946+00:00,communication_drift_01,meter_01,372,none,publish_interval,random,random,random,normal_drift,0.9999999999885467,0.47301451192671423,0,,1,0,collecting_candidates;drift_not_confirmed,source_publish_interval,voltage_rolling_mean=231.592152;source_publish_interval=0.803790,source_publish_interval,2.054582815617323,21.874291822314262,23.96841603331268
2026-08-10T17:42:21.160270+00:00,communication_drift_01,meter_02,372,none,publish_interval,random,random,random,normal_drift,0.9999999999959348,0.4435431685713424,0,,1,0,collecting_candidates;drift_not_confirmed,source_publish_interval,voltage_rolling_mean=231.433796;source_publish_interval=0.803783,source_publish_interval,0.8423328399658203,11.98116596788168,12.84837513230741
2026-08-10T17:42:21.173251+00:00,communication_drift_01,meter_03,372,none,publish_interval,random,random,random,normal_drift,0.9999999999933917,0.4362455082404335,0,,1,0,collecting_candidates;drift_not_confirmed,source_publish_interval,voltage_rolling_mean=230.612357;source_publish_interval=0.803779,source_publish_interval,0.5543751176446676,9.446083102375269,10.021833935752511
2026-08-10T17:42:21.941010+00:00,communication_drift_01,meter_01,373,none,publish_interval,random,random,random,normal_drift,0.9999999999794873,0.48180422959213276,0,,1,0,collecting_candidates;drift_not_confirmed,source_publish_interval,voltage_rolling_mean=231.592152;source_publish_interval=0.803790,source_publish_interval,2.382915932685137,19.314666045829654,21.733166184276342
2026-08-10T17:42:21.963138+00:00,communication_drift_01,meter_02,373,none,publish_interval,random,random,random,normal_drift,0.9999999999988045,0.43851986396418935,0,,1,0,collecting_candidates;drift_not_confirmed,source_publish_interval,voltage_rolling_mean=231.433796;source_publish_interval=0.803783,source_publish_interval,0.7044998928904533,11.316416086629033,12.04583398066461
2026-08-10T17:42:21.975296+00:00,communication_drift_01,meter_03,373,none,publish_interval,random,random,random,normal_drift,0.999999999966112,0.47015867798002886,0,,1,0,collecting_candidates;drift_not_confirmed,source_publish_interval,voltage_rolling_mean=230.612357;source_publish_interval=0.803779,source_publish_interval,0.5272089038044214,9.27816703915596,9.825791930779815
2026-08-10T17:42:22.746207+00:00,communication_drift_01,meter_01,374,none,publish_interval,random,random,random,normal_drift,0.9999999999944842,0.5235160192676124,0,,1,1,drift_not_confirmed;reference_updated,source_publish_interval,voltage_rolling_mean=231.592152;source_publish_interval=0.803941,source_publish_interval,2.110749948769808,21.862250054255128,24.021167075261474
2026-08-10T17:42:22.770652+00:00,communication_drift_01,meter_02,374,none,publish_interval,random,random,random,normal_drift,0.9999999999989566,0.4454243598550836,0,,1,1,drift_not_confirmed;reference_updated,source_publish_interval,voltage_rolling_mean=231.433796;source_publish_interval=0.803944,source_publish_interval,0.8293339051306248,11.855750111863017,12.712457915768027
2026-08-10T17:42:22.783489+00:00,communication_drift_01,meter_03,374,none,publish_interval,random,random,random,normal_drift,0.9999999999947224,0.5540738788844283,0,,1,1,drift_not_confirmed;reference_updated,source_publish_interval,voltage_rolling_mean=230.612357;source_publish_interval=0.803946,source_publish_interval,0.5443331319838762,9.470208082348108,10.035374900326133
2026-08-10T17:42:23.550036+00:00,communication_drift_01,meter_01,375,none,publish_interval,random,random,random,normal_drift,0.9999999999939382,0.47719478902368156,0,,1,0,collecting_candidates;drift_not_confirmed,source_publish_interval,voltage_rolling_mean=231.592152;source_publish_interval=0.803941,source_publish_interval,2.0782090723514557,21.585708018392324,23.701417027041316
2026-08-10T17:42:23.574058+00:00,communication_drift_01,meter_02,375,none,publish_interval,random,random,random,normal_drift,0.9999999999976183,0.44067114062988794,0,,1,0,collecting_candidates;drift_not_confirmed,source_publish_interval,voltage_rolling_mean=231.433796;source_publish_interval=0.803944,source_publish_interval,0.8182500023394823,12.000084156170487,12.843500124290586
2026-08-10T17:42:23.587020+00:00,communication_drift_01,meter_03,375,none,publish_interval,random,random,random,normal_drift,0.9999999999748999,0.5485817620641551,0,,1,0,collecting_candidates;drift_not_confirmed,source_publish_interval,voltage_rolling_mean=230.612357;source_publish_interval=0.803946,source_publish_interval,0.5883751437067986,9.553457843139768,10.162290884181857
2026-08-10T17:42:24.354964+00:00,communication_drift_01,meter_01,376,none,publish_interval,random,random,random,normal_drift,0.9999999999863318,0.44060355942655,0,,1,0,collecting_candidates;drift_not_confirmed,source_publish_interval,voltage_rolling_mean=231.592152;source_publish_interval=0.803941,source_publish_interval,3.4496670123189688,13.46125011332333,16.93599997088313
2026-08-10T17:42:24.372267+00:00,communication_drift_01,meter_02,376,none,publish_interval,random,random,random,normal_drift,0.999999999998525,0.4507250285255288,0,,1,0,collecting_candidates;drift_not_confirmed,source_publish_interval,voltage_rolling_mean=231.433796;source_publish_interval=0.803944,source_publish_interval,0.6227500271052122,10.039540939033031,10.681374929845333
2026-08-10T17:42:24.383040+00:00,communication_drift_01,meter_03,376,none,publish_interval,random,random,random,normal_drift,0.9999999999933336,0.45077861802000385,0,,1,0,collecting_candidates;drift_not_confirmed,source_publish_interval,voltage_rolling_mean=230.612357;source_publish_interval=0.803946,source_publish_interval,0.49012480303645134,8.701124927029014,9.213542100042105
2026-08-10T17:42:25.158977+00:00,communication_drift_01,meter_01,377,none,publish_interval,random,random,random,normal_drift,0.9999999999837252,0.4671660799148913,0,,1,0,collecting_candidates;drift_not_confirmed,source_publish_interval,voltage_rolling_mean=231.592152;source_publish_interval=0.803941,source_publish_interval,2.114332979544997,21.181750111281872,23.337041027843952
2026-08-10T17:42:25.182682+00:00,communication_drift_01,meter_02,377,none,publish_interval,random,random,random,normal_drift,0.9999999999992812,0.49288063967319706,0,,1,0,collecting_candidates;drift_not_confirmed,source_publish_interval,voltage_rolling_mean=231.433796;source_publish_interval=0.803944,source_publish_interval,0.8731659036129713,12.5278749037534,13.427375117316842
2026-08-10T17:42:25.196251+00:00,communication_drift_01,meter_03,377,none,publish_interval,random,random,random,normal_drift,0.9999999999890405,0.44035257028299135,0,,1,0,collecting_candidates;drift_not_confirmed,source_publish_interval,voltage_rolling_mean=230.612357;source_publish_interval=0.803946,source_publish_interval,0.5937500391155481,9.574666852131486,10.188332991674542
2026-08-10T17:42:25.962416+00:00,communication_drift_01,meter_01,378,none,publish_interval,random,random,random,normal_drift,0.9999999999925862,0.4423174449046049,0,,1,0,collecting_candidates;drift_not_confirmed,source_publish_interval,voltage_rolling_mean=231.592152;source_publish_interval=0.803941,source_publish_interval,2.2892921697348356,18.41216697357595,20.73412504978478
2026-08-10T17:42:25.983528+00:00,communication_drift_01,meter_02,378,none,publish_interval,random,random,random,normal_drift,0.9999999999987041,0.4388174518801068,0,,1,0,collecting_candidates;drift_not_confirmed,source_publish_interval,voltage_rolling_mean=231.433796;source_publish_interval=0.803944,source_publish_interval,0.7271659560501575,11.454249965026975,12.202708050608635
2026-08-10T17:42:25.995835+00:00,communication_drift_01,meter_03,378,none,publish_interval,random,random,random,normal_drift,0.9999999999849463,0.5019082808669638,0,,1,0,collecting_candidates;drift_not_confirmed,source_publish_interval,voltage_rolling_mean=230.612357;source_publish_interval=0.803946,source_publish_interval,0.5290410481393337,9.429082972928882,9.977416833862662
2026-08-10T17:42:26.767328+00:00,communication_drift_01,meter_01,379,none,publish_interval,random,random,random,normal_drift,0.9999999999861298,0.4556281213059462,0,,1,0,collecting_candidates;drift_not_confirmed,source_publish_interval,voltage_rolling_mean=231.592152;source_publish_interval=0.803941,source_publish_interval,2.43537500500679,18.9324168022722,21.40362490899861
2026-08-10T17:42:26.789179+00:00,communication_drift_01,meter_02,379,none,publish_interval,random,random,random,normal_drift,0.9999999999956966,0.46559081798266533,0,,1,0,collecting_candidates;drift_not_confirmed,source_publish_interval,voltage_rolling_mean=231.433796;source_publish_interval=0.803944,source_publish_interval,0.7562090177088976,11.550040915608406,12.329082936048508
2026-08-10T17:42:26.801643+00:00,communication_drift_01,meter_03,379,none,publish_interval,random,random,random,normal_drift,0.9999999999904252,0.4401941326643076,0,,1,0,collecting_candidates;drift_not_confirmed,source_publish_interval,voltage_rolling_mean=230.612357;source_publish_interval=0.803946,source_publish_interval,0.5602079909294844,9.374917019158602,9.955916088074446
2026-08-10T17:42:27.571907+00:00,communication_drift_01,meter_01,380,none,publish_interval,random,random,random,normal_drift,0.9999999999881866,0.4801806240881551,0,,1,0,collecting_candidates;drift_not_confirmed,source_publish_interval,voltage_rolling_mean=231.592152;source_publish_interval=0.803941,source_publish_interval,2.2587080020457506,20.34525014460087,22.638249909505248
2026-08-10T17:42:27.594932+00:00,communication_drift_01,meter_02,380,none,publish_interval,random,random,random,normal_drift,0.9999999999976208,0.4713211284482575,0,,1,0,collecting_candidates;drift_not_confirmed,source_publish_interval,voltage_rolling_mean=231.433796;source_publish_interval=0.803944,source_publish_interval,0.6935829296708107,11.63804205134511,12.354708043858409
2026-08-10T17:42:27.607392+00:00,communication_drift_01,meter_03,380,none,publish_interval,random,random,random,normal_drift,0.9999999999920404,0.4811807149983612,0,,1,0,collecting_candidates;drift_not_confirmed,source_publish_interval,voltage_rolling_mean=230.612357;source_publish_interval=0.803946,source_publish_interval,0.5765000823885202,9.556708857417107,10.152125032618642
2026-08-10T17:42:28.377036+00:00,communication_drift_01,meter_01,381,none,publish_interval,random,random,random,normal_drift,0.9999999999736411,0.4837215228717416,0,,1,0,collecting_candidates;drift_not_confirmed,source_publish_interval,voltage_rolling_mean=231.592152;source_publish_interval=0.803941,source_publish_interval,2.901833038777113,19.877499900758266,22.815583972260356
2026-08-10T17:42:28.400242+00:00,communication_drift_01,meter_02,381,none,publish_interval,random,random,random,normal_drift,0.9999999999992846,0.44279189604014363,0,,1,0,collecting_candidates;drift_not_confirmed,source_publish_interval,voltage_rolling_mean=231.433796;source_publish_interval=0.803944,source_publish_interval,0.7022090721875429,11.673124972730875,12.399374973028898
2026-08-10T17:42:28.412747+00:00,communication_drift_01,meter_03,381,none,publish_interval,random,random,random,normal_drift,0.99999999998753,0.5353008251378899,0,,1,0,collecting_candidates;drift_not_confirmed,source_publish_interval,voltage_rolling_mean=230.612357;source_publish_interval=0.803946,source_publish_interval,0.5215001292526722,9.498583152890205,10.039957938715816
2026-08-10T17:42:29.182076+00:00,communication_drift_01,meter_01,382,none,publish_interval,random,random,random,normal_drift,0.999999999966759,0.5070944931858478,0,,1,0,collecting_candidates;drift_not_confirmed,source_publish_interval,voltage_rolling_mean=231.592152;source_publish_interval=0.803941,source_publish_interval,2.6014158502221107,22.04629103653133,24.689000099897385
2026-08-10T17:42:29.207178+00:00,communication_drift_01,meter_02,382,none,publish_interval,random,random,random,normal_drift,0.9999999999957225,0.4548195461153444,0,,1,0,collecting_candidates;drift_not_confirmed,source_publish_interval,voltage_rolling_mean=231.433796;source_publish_interval=0.803944,source_publish_interval,0.7693751249462366,12.024624971672893,12.82020821236074
2026-08-10T17:42:29.220124+00:00,communication_drift_01,meter_03,382,none,publish_interval,random,random,random,normal_drift,0.9999999999747939,0.443026677974281,0,,1,0,collecting_candidates;drift_not_confirmed,source_publish_interval,voltage_rolling_mean=230.612357;source_publish_interval=0.803946,source_publish_interval,0.5891250912100077,9.609875036403537,10.220166994258761
2026-08-10T17:42:29.986839+00:00,communication_drift_01,meter_01,383,none,publish_interval,random,random,random,normal_drift,0.9999999999882803,0.5821238093223443,0,,1,0,collecting_candidates;drift_not_confirmed,source_publish_interval,voltage_rolling_mean=231.592152;source_publish_interval=0.803941,source_publish_interval,2.4739590007811785,19.05141700990498,21.561749977990985
2026-08-10T17:42:30.008797+00:00,communication_drift_01,meter_02,383,none,publish_interval,random,random,random,normal_drift,0.9999999999988534,0.46883829738239063,0,,1,0,collecting_candidates;drift_not_confirmed,source_publish_interval,voltage_rolling_mean=231.433796;source_publish_interval=0.803944,source_publish_interval,0.7132079917937517,11.492457939311862,12.229291023686528
2026-08-10T17:42:30.021136+00:00,communication_drift_01,meter_03,383,none,publish_interval,random,random,random,normal_drift,0.9999999997175362,0.47148840093136435,0,,1,0,collecting_candidates;drift_not_confirmed,source_publish_interval,voltage_rolling_mean=230.612357;source_publish_interval=0.803946,source_publish_interval,0.5439999513328075,9.44891688413918,10.012957965955138
2026-08-10T17:42:30.789565+00:00,communication_drift_01,meter_01,384,none,publish_interval,random,random,random,normal_drift,0.9999999999960354,0.5438200580793675,0,,1,0,collecting_candidates;drift_not_confirmed,source_publish_interval,voltage_rolling_mean=231.592152;source_publish_interval=0.803941,source_publish_interval,2.369208028540015,19.237166037783027,21.6428330168128
2026-08-10T17:42:30.811617+00:00,communication_drift_01,meter_02,384,none,publish_interval,random,random,random,normal_drift,0.9999999999975737,0.47241960114252546,0,,1,0,collecting_candidates;drift_not_confirmed,source_publish_interval,voltage_rolling_mean=231.433796;source_publish_interval=0.803944,source_publish_interval,0.744708115234971,11.547541944310069,12.316166190430522
2026-08-10T17:42:30.824070+00:00,communication_drift_01,meter_03,384,none,publish_interval,random,random,random,normal_drift,0.9999999999896241,0.4677343542899243,0,,1,0,collecting_candidates;drift_not_confirmed,source_publish_interval,voltage_rolling_mean=230.612357;source_publish_interval=0.803946,source_publish_interval,0.567625043913722,9.686291217803955,10.275957873091102
2026-08-10T17:42:31.594935+00:00,communication_drift_01,meter_01,385,none,publish_interval,random,random,random,normal_drift,0.9999999999827653,0.4471866587957714,0,,1,0,collecting_candidates;drift_not_confirmed,source_publish_interval,voltage_rolling_mean=231.592152;source_publish_interval=0.803941,source_publish_interval,2.9482499230653048,22.249917034059763,25.239916052669287
2026-08-10T17:42:31.620615+00:00,communication_drift_01,meter_02,385,none,publish_interval,random,random,random,normal_drift,0.9999999999989131,0.44170180360627775,0,,1,0,collecting_candidates;drift_not_confirmed,source_publish_interval,voltage_rolling_mean=231.433796;source_publish_interval=0.803944,source_publish_interval,0.8249590173363686,11.807541828602552,12.657333863899112
2026-08-10T17:42:31.633402+00:00,communication_drift_01,meter_03,385,none,publish_interval,random,random,random,normal_drift,0.9999999999258693,0.45340703148076367,0,,1,0,collecting_candidates;drift_not_confirmed,source_publish_interval,voltage_rolling_mean=230.612357;source_publish_interval=0.803946,source_publish_interval,0.5987090989947319,9.652832988649607,10.271082865074277
2026-08-10T17:42:32.399261+00:00,communication_drift_01,meter_01,386,none,publish_interval,random,random,random,normal_drift,0.9999999999931313,0.5303990195920449,0,,1,0,collecting_candidates;drift_not_confirmed,source_publish_interval,voltage_rolling_mean=231.592152;source_publish_interval=0.803941,source_publish_interval,1.577500021085143,20.576166920363903,22.195957833901048
2026-08-10T17:42:32.421799+00:00,communication_drift_01,meter_02,386,none,publish_interval,random,random,random,normal_drift,0.9999999999944247,0.4550361597919199,0,,1,0,collecting_candidates;drift_not_confirmed,source_publish_interval,voltage_rolling_mean=231.433796;source_publish_interval=0.803944,source_publish_interval,0.8641669992357492,12.914624996483326,13.805042020976543
2026-08-10T17:42:32.435748+00:00,communication_drift_01,meter_03,386,none,publish_interval,random,random,random,normal_drift,0.999999999816348,0.48538011247565976,0,,1,0,collecting_candidates;drift_not_confirmed,source_publish_interval,voltage_rolling_mean=230.612357;source_publish_interval=0.803946,source_publish_interval,0.6079578306525946,9.852540912106633,10.481375036761165
2026-08-10T17:42:33.203308+00:00,communication_drift_01,meter_01,387,none,publish_interval,random,random,random,normal_drift,0.9999999999924734,0.4936064971684026,0,,1,0,collecting_candidates;drift_not_confirmed,source_publish_interval,voltage_rolling_mean=231.592152;source_publish_interval=0.803941,source_publish_interval,1.967624993994832,21.997875068336725,24.009083164855838
2026-08-10T17:42:33.227697+00:00,communication_drift_01,meter_02,387,none,publish_interval,random,random,random,normal_drift,0.9999999999992029,0.440784666026958,0,,1,0,collecting_candidates;drift_not_confirmed,source_publish_interval,voltage_rolling_mean=231.433796;source_publish_interval=0.803944,source_publish_interval,0.8712499402463436,12.074291007593274,12.971792137250304
2026-08-10T17:42:33.240803+00:00,communication_drift_01,meter_03,387,none,publish_interval,random,random,random,normal_drift,0.9999999998815627,0.475410773649633,0,,1,0,collecting_candidates;drift_not_confirmed,source_publish_interval,voltage_rolling_mean=230.612357;source_publish_interval=0.803946,source_publish_interval,0.551832839846611,9.630542015656829,10.203082812950015
2026-08-10T17:42:34.007217+00:00,communication_drift_01,meter_01,388,none,publish_interval,random,random,random,normal_drift,0.9999999999952962,0.43822903871579666,0,,1,0,collecting_candidates;drift_not_confirmed,source_publish_interval,voltage_rolling_mean=231.592152;source_publish_interval=0.803941,source_publish_interval,1.3980839867144823,23.051166906952858,24.495792109519243
2026-08-10T17:42:34.032041+00:00,communication_drift_01,meter_02,388,none,publish_interval,random,random,random,normal_drift,0.999999999998824,0.49116607267521484,0,,1,0,collecting_candidates;drift_not_confirmed,source_publish_interval,voltage_rolling_mean=231.433796;source_publish_interval=0.803944,source_publish_interval,0.8464159909635782,11.940666940063238,12.81241700053215
2026-08-10T17:42:34.044978+00:00,communication_drift_01,meter_03,388,none,publish_interval,random,random,random,normal_drift,0.9999999998586824,0.44065539257621755,0,,1,0,collecting_candidates;drift_not_confirmed,source_publish_interval,voltage_rolling_mean=230.612357;source_publish_interval=0.803946,source_publish_interval,0.5420418456196785,9.600832825526595,10.164042003452778
2026-08-10T17:42:34.812662+00:00,communication_drift_01,meter_01,389,none,publish_interval,random,random,random,normal_drift,0.9999999999956932,0.4802040202736859,0,,1,0,collecting_candidates;drift_not_confirmed,source_publish_interval,voltage_rolling_mean=231.592152;source_publish_interval=0.803941,source_publish_interval,3.3477910328656435,21.054458105936646,24.44308320991695
2026-08-10T17:42:34.837507+00:00,communication_drift_01,meter_02,389,none,publish_interval,random,random,random,normal_drift,0.9999999999989437,0.4612275397895341,0,,1,0,collecting_candidates;drift_not_confirmed,source_publish_interval,voltage_rolling_mean=231.433796;source_publish_interval=0.803944,source_publish_interval,0.8137919940054417,11.735915904864669,12.575082946568727
2026-08-10T17:42:34.850219+00:00,communication_drift_01,meter_03,389,none,publish_interval,random,random,random,normal_drift,0.999999999787514,0.44649625024533324,0,,1,0,collecting_candidates;drift_not_confirmed,source_publish_interval,voltage_rolling_mean=230.612357;source_publish_interval=0.803946,source_publish_interval,0.5912499036639929,9.60916606709361,10.220083175227046
2026-08-10T17:42:35.613230+00:00,communication_drift_01,meter_01,390,none,publish_interval,random,random,random,normal_drift,0.9999999999889442,0.47122159888543974,0,,1,0,collecting_candidates;drift_not_confirmed,source_publish_interval,voltage_rolling_mean=231.592152;source_publish_interval=0.803941,source_publish_interval,2.249250188469887,20.777584053575993,23.058665916323662
2026-08-10T17:42:35.636672+00:00,communication_drift_01,meter_02,390,none,publish_interval,random,random,random,normal_drift,0.999999999994639,0.5009046263037763,0,,1,0,collecting_candidates;drift_not_confirmed,source_publish_interval,voltage_rolling_mean=231.433796;source_publish_interval=0.803944,source_publish_interval,0.700291944667697,11.448790784925222,12.173125054687262
2026-08-10T17:42:35.648956+00:00,communication_drift_01,meter_03,390,none,publish_interval,random,random,random,normal_drift,0.9999999974718705,0.5454528833901763,0,,1,0,collecting_candidates;drift_not_confirmed,source_publish_interval,voltage_rolling_mean=230.612357;source_publish_interval=0.803946,source_publish_interval,0.5695000290870667,9.411250008270144,10.000500129535794
2026-08-10T17:42:36.418143+00:00,communication_drift_01,meter_01,391,none,publish_interval,random,random,random,normal_drift,0.9999999999517502,0.5698947445191292,0,,1,0,collecting_candidates;drift_not_confirmed,source_publish_interval,voltage_rolling_mean=231.592152;source_publish_interval=0.803941,source_publish_interval,2.3301669862121344,20.824542036280036,23.188624996691942
2026-08-10T17:42:36.441727+00:00,communication_drift_01,meter_02,391,none,publish_interval,random,random,random,normal_drift,0.9999999999985905,0.44201702810175136,0,,1,0,collecting_candidates;drift_not_confirmed,source_publish_interval,voltage_rolling_mean=231.433796;source_publish_interval=0.803944,source_publish_interval,0.7251671049743891,11.87204197049141,12.622209032997489
2026-08-10T17:42:36.454466+00:00,communication_drift_01,meter_03,391,none,publish_interval,random,random,random,normal_drift,0.9999999996115294,0.44355530110186514,0,,1,0,collecting_candidates;drift_not_confirmed,source_publish_interval,voltage_rolling_mean=230.612357;source_publish_interval=0.803946,source_publish_interval,0.5686669610440731,9.482459165155888,10.07129205390811
2026-08-10T17:42:37.222032+00:00,communication_drift_01,meter_01,392,none,publish_interval,random,random,random,normal_drift,0.999999999994013,0.44724467463857115,0,,1,0,collecting_candidates;drift_not_confirmed,source_publish_interval,voltage_rolling_mean=231.592152;source_publish_interval=0.803941,source_publish_interval,2.5134591851383448,21.9827089458704,24.53562500886619
2026-08-10T17:42:37.246983+00:00,communication_drift_01,meter_02,392,none,publish_interval,random,random,random,normal_drift,0.9999999999803277,0.48492833415790043,0,,1,0,collecting_candidates;drift_not_confirmed,source_publish_interval,voltage_rolling_mean=231.433796;source_publish_interval=0.803944,source_publish_interval,0.8009171579033136,11.953000212088227,12.782041914761066
2026-08-10T17:42:37.259902+00:00,communication_drift_01,meter_03,392,none,publish_interval,random,random,random,normal_drift,0.9999999994084487,0.44440662552205257,0,,1,0,collecting_candidates;drift_not_confirmed,source_publish_interval,voltage_rolling_mean=230.612357;source_publish_interval=0.803946,source_publish_interval,0.5921248812228441,9.636875009164214,10.249000042676926
2026-08-10T17:42:38.026878+00:00,communication_drift_01,meter_01,393,none,publish_interval,random,random,random,normal_drift,0.9999999999946358,0.4394915491381255,0,,1,0,collecting_candidates;drift_not_confirmed,source_publish_interval,voltage_rolling_mean=231.592152;source_publish_interval=0.803941,source_publish_interval,3.0523750465363264,21.137916948646307,24.252875009551644
2026-08-10T17:42:38.051616+00:00,communication_drift_01,meter_02,393,none,publish_interval,random,random,random,normal_drift,0.999999999996021,0.4539054923834893,0,,1,0,collecting_candidates;drift_not_confirmed,source_publish_interval,voltage_rolling_mean=231.433796;source_publish_interval=0.803944,source_publish_interval,0.8132911752909422,12.196458876132965,13.040999881923199
2026-08-10T17:42:38.064837+00:00,communication_drift_01,meter_03,393,none,publish_interval,random,random,random,normal_drift,0.9999999995666113,0.44784290391519826,0,,1,0,collecting_candidates;drift_not_confirmed,source_publish_interval,voltage_rolling_mean=230.612357;source_publish_interval=0.803946,source_publish_interval,0.540875131264329,9.499958017840981,10.064458940178156
2026-08-10T17:42:38.832109+00:00,communication_drift_01,meter_01,394,none,publish_interval,random,random,random,normal_drift,0.999999999994361,0.5025371694507619,0,,1,1,drift_not_confirmed;reference_updated,source_publish_interval,voltage_rolling_mean=231.592152;source_publish_interval=0.804124,source_publish_interval,2.2296670358628035,21.969583118334413,24.25174997188151
2026-08-10T17:42:38.856782+00:00,communication_drift_01,meter_02,394,none,publish_interval,random,random,random,normal_drift,0.9999999999879874,0.4534917863010571,0,,1,1,drift_not_confirmed;reference_updated,source_publish_interval,voltage_rolling_mean=231.433796;source_publish_interval=0.804125,source_publish_interval,0.8749999105930328,12.049874989315867,12.956042075529695
2026-08-10T17:42:38.869892+00:00,communication_drift_01,meter_03,394,none,publish_interval,random,random,random,normal_drift,0.9999999991220188,0.45533254999645156,0,,1,1,drift_not_confirmed;reference_updated,source_publish_interval,voltage_rolling_mean=230.612357;source_publish_interval=0.804127,source_publish_interval,0.577791128307581,9.516082936897874,10.117749916389585
2026-08-10T17:42:39.632639+00:00,communication_drift_01,meter_01,395,none,publish_interval,random,random,random,normal_drift,0.999999999999081,0.455455503817404,0,,1,0,collecting_candidates;drift_not_confirmed,source_publish_interval,voltage_rolling_mean=231.592152;source_publish_interval=0.804124,source_publish_interval,2.0582498982548714,22.210542112588882,24.30658391676843
2026-08-10T17:42:39.657282+00:00,communication_drift_01,meter_02,395,none,publish_interval,random,random,random,normal_drift,0.9999999999911082,0.45547223287894967,0,,1,0,collecting_candidates;drift_not_confirmed,source_publish_interval,voltage_rolling_mean=231.433796;source_publish_interval=0.804125,source_publish_interval,0.8414578624069691,12.09608418866992,12.963457964360714
2026-08-10T17:42:39.670387+00:00,communication_drift_01,meter_03,395,none,publish_interval,random,random,random,normal_drift,0.9999999995720523,0.5948858005055215,0,,1,0,collecting_candidates;drift_not_confirmed,source_publish_interval,voltage_rolling_mean=230.612357;source_publish_interval=0.804127,source_publish_interval,0.5779999773949385,9.707750054076314,10.30633319169283
2026-08-10T17:42:40.438070+00:00,communication_drift_01,meter_01,396,none,publish_interval,random,random,random,normal_drift,0.9999999999963898,0.44552313145631534,0,,1,0,collecting_candidates;drift_not_confirmed,source_publish_interval,voltage_rolling_mean=231.592152;source_publish_interval=0.804124,source_publish_interval,2.8488331008702517,18.68162490427494,21.563000045716763
2026-08-10T17:42:40.460050+00:00,communication_drift_01,meter_02,396,none,publish_interval,random,random,random,normal_drift,0.99999999999562,0.5537521006208205,0,,1,0,collecting_candidates;drift_not_confirmed,source_publish_interval,voltage_rolling_mean=231.433796;source_publish_interval=0.804125,source_publish_interval,0.7313329260796309,11.367792030796409,12.121250154450536
2026-08-10T17:42:40.472281+00:00,communication_drift_01,meter_03,396,none,publish_interval,random,random,random,normal_drift,0.9999999989608057,0.4605902537766468,0,,1,0,collecting_candidates;drift_not_confirmed,source_publish_interval,voltage_rolling_mean=230.612357;source_publish_interval=0.804127,source_publish_interval,0.515833031386137,9.512457996606827,10.048208991065621
2026-08-10T17:42:41.241561+00:00,communication_drift_01,meter_01,397,none,publish_interval,random,random,random,normal_drift,0.9999999999988181,0.44916502394643826,0,,1,0,collecting_candidates;drift_not_confirmed,source_publish_interval,voltage_rolling_mean=231.592152;source_publish_interval=0.804124,source_publish_interval,1.9593751057982445,21.856250008568168,23.856709012761712
2026-08-10T17:42:41.265802+00:00,communication_drift_01,meter_02,397,none,publish_interval,random,random,random,normal_drift,0.9999999999559976,0.4411361063974884,0,,1,0,collecting_candidates;drift_not_confirmed,source_publish_interval,voltage_rolling_mean=231.433796;source_publish_interval=0.804125,source_publish_interval,0.8780420757830143,11.98891713283956,12.891791993752122
2026-08-10T17:42:41.278848+00:00,communication_drift_01,meter_03,397,none,publish_interval,random,random,random,normal_drift,0.9999999980051704,0.46958687121593423,0,,1,0,collecting_candidates;drift_not_confirmed,source_publish_interval,voltage_rolling_mean=230.612357;source_publish_interval=0.804127,source_publish_interval,0.5453750491142273,9.545291075482965,10.110749863088131
2026-08-10T17:42:42.046747+00:00,communication_drift_01,meter_01,398,none,publish_interval,random,random,random,normal_drift,0.9999999999939466,0.44775860270907325,0,,1,0,collecting_candidates;drift_not_confirmed,source_publish_interval,voltage_rolling_mean=231.592152;source_publish_interval=0.804124,source_publish_interval,3.3366670832037926,21.921792067587376,25.31358413398266
2026-08-10T17:42:42.072501+00:00,communication_drift_01,meter_02,398,none,publish_interval,random,random,random,normal_drift,0.9999999999927813,0.4610473158991513,0,,1,0,collecting_candidates;drift_not_confirmed,source_publish_interval,voltage_rolling_mean=231.433796;source_publish_interval=0.804125,source_publish_interval,0.9022911544889212,11.93666597828269,12.86575011909008
2026-08-10T17:42:42.085524+00:00,communication_drift_01,meter_03,398,none,publish_interval,random,random,random,normal_drift,0.9999999989644495,0.49057776233853545,0,,1,0,collecting_candidates;drift_not_confirmed,source_publish_interval,voltage_rolling_mean=230.612357;source_publish_interval=0.804127,source_publish_interval,0.5440840031951666,9.3339579179883,9.894832968711853
2026-08-10T17:42:42.847842+00:00,communication_drift_01,meter_01,399,none,publish_interval,random,random,random,normal_drift,0.9999999999973088,0.5043054632792996,0,,1,0,collecting_candidates;drift_not_confirmed,source_publish_interval,voltage_rolling_mean=231.592152;source_publish_interval=0.804124,source_publish_interval,2.9801661148667336,19.44812503643334,22.46820810250938
2026-08-10T17:42:42.870749+00:00,communication_drift_01,meter_02,399,none,publish_interval,random,random,random,normal_drift,0.9999999999751885,0.48558643218087855,0,,1,0,collecting_candidates;drift_not_confirmed,source_publish_interval,voltage_rolling_mean=231.433796;source_publish_interval=0.804125,source_publish_interval,0.7750829681754112,11.840458028018475,12.641167035326362
2026-08-10T17:42:42.883512+00:00,communication_drift_01,meter_03,399,none,publish_interval,random,random,random,normal_drift,0.9999999963314272,0.4538253346476306,0,,1,0,collecting_candidates;drift_not_confirmed,source_publish_interval,voltage_rolling_mean=230.612357;source_publish_interval=0.804127,source_publish_interval,0.5321248900145292,9.414041880518198,9.966916870325804
2026-08-10T17:42:43.651345+00:00,communication_drift_01,meter_01,400,none,publish_interval,random,random,random,normal_drift,0.9999999999987643,0.5008616205316723,0,,1,0,collecting_candidates;drift_not_confirmed,source_publish_interval,voltage_rolling_mean=231.592152;source_publish_interval=0.804124,source_publish_interval,1.9280000124126673,21.993333008140326,23.962958017364144
2026-08-10T17:42:43.675660+00:00,communication_drift_01,meter_02,400,none,publish_interval,random,random,random,normal_drift,0.9999999998539859,0.4974992871779825,0,,1,0,collecting_candidates;drift_not_confirmed,source_publish_interval,voltage_rolling_mean=231.433796;source_publish_interval=0.804125,source_publish_interval,0.8395831100642681,12.235499918460846,13.101583113893867
2026-08-10T17:42:43.688898+00:00,communication_drift_01,meter_03,400,none,publish_interval,random,random,random,normal_drift,0.9999999964889628,0.451355178762569,0,,1,0,collecting_candidates;drift_not_confirmed,source_publish_interval,voltage_rolling_mean=230.612357;source_publish_interval=0.804127,source_publish_interval,0.5777920596301556,9.641790995374322,10.241416050121188
2026-08-10T17:42:44.456689+00:00,communication_drift_01,meter_01,401,none,publish_interval,random,random,random,normal_drift,0.9999999999987095,0.49895657215107225,0,,1,0,collecting_candidates;drift_not_confirmed,source_publish_interval,voltage_rolling_mean=231.592152;source_publish_interval=0.804124,source_publish_interval,1.9749999046325684,21.293834084644914,23.312250152230263
2026-08-10T17:42:44.480370+00:00,communication_drift_01,meter_02,401,none,publish_interval,random,random,random,normal_drift,0.9999999998559139,0.4681699358649809,0,,1,0,collecting_candidates;drift_not_confirmed,source_publish_interval,voltage_rolling_mean=231.433796;source_publish_interval=0.804125,source_publish_interval,0.7214578799903393,11.876875068992376,12.624291935935616
2026-08-10T17:42:44.493122+00:00,communication_drift_01,meter_03,401,none,publish_interval,random,random,random,normal_drift,0.9999999960490735,0.45393931956152006,0,,1,0,collecting_candidates;drift_not_confirmed,source_publish_interval,voltage_rolling_mean=230.612357;source_publish_interval=0.804127,source_publish_interval,0.6002080626785755,9.628916159272194,10.24991599842906
2026-08-10T17:42:45.261823+00:00,communication_drift_01,meter_01,402,none,publish_interval,random,random,random,normal_drift,0.999999999998398,0.45483361758725155,0,,1,0,collecting_candidates;drift_not_confirmed,source_publish_interval,voltage_rolling_mean=231.592152;source_publish_interval=0.804124,source_publish_interval,3.425499889999628,22.50904217362404,25.98016709089279
2026-08-10T17:42:45.288227+00:00,communication_drift_01,meter_02,402,none,publish_interval,random,random,random,normal_drift,0.9999999992624293,0.5873759060333841,0,,1,0,collecting_candidates;drift_not_confirmed,source_publish_interval,voltage_rolling_mean=231.433796;source_publish_interval=0.804125,source_publish_interval,0.8157920092344284,12.105416972190142,12.94654211960733
2026-08-10T17:42:45.301307+00:00,communication_drift_01,meter_03,402,none,publish_interval,random,random,random,normal_drift,0.9999999965804869,0.4578172512709036,0,,1,0,collecting_candidates;drift_not_confirmed,source_publish_interval,voltage_rolling_mean=230.612357;source_publish_interval=0.804127,source_publish_interval,0.5867909640073776,9.567457949742675,10.174042079597712
2026-08-10T17:42:46.066914+00:00,communication_drift_01,meter_01,403,none,publish_interval,random,random,random,normal_drift,0.9999999999850857,0.6247348271550169,0,,1,0,collecting_candidates;drift_not_confirmed,source_publish_interval,voltage_rolling_mean=231.592152;source_publish_interval=0.804124,source_publish_interval,2.1444170270115137,18.55629193596542,20.734457997605205
2026-08-10T17:42:46.088054+00:00,communication_drift_01,meter_02,403,none,publish_interval,random,random,random,normal_drift,0.9999999998178677,0.4400272082923072,0,,1,0,collecting_candidates;drift_not_confirmed,source_publish_interval,voltage_rolling_mean=231.433796;source_publish_interval=0.804125,source_publish_interval,0.7001669146120548,11.374708032235503,12.096292106434703
2026-08-10T17:42:46.100253+00:00,communication_drift_01,meter_03,403,none,publish_interval,random,random,random,normal_drift,0.9999999965847939,0.45597474454972786,0,,1,0,collecting_candidates;drift_not_confirmed,source_publish_interval,voltage_rolling_mean=230.612357;source_publish_interval=0.804127,source_publish_interval,0.5287500098347664,9.505624882876873,10.055833030492067
2026-08-10T17:42:46.870874+00:00,communication_drift_01,meter_01,404,none,publish_interval,random,random,random,normal_drift,0.9999999999978555,0.5212278693994852,0,,1,0,collecting_candidates;drift_not_confirmed,source_publish_interval,voltage_rolling_mean=231.592152;source_publish_interval=0.804124,source_publish_interval,2.0876668859273195,22.275083931162953,24.41629092209041
2026-08-10T17:42:46.895649+00:00,communication_drift_01,meter_02,404,none,publish_interval,random,random,random,normal_drift,0.9999999998632596,0.44147466940777713,0,,1,0,collecting_candidates;drift_not_confirmed,source_publish_interval,voltage_rolling_mean=231.433796;source_publish_interval=0.804125,source_publish_interval,0.8921660482883453,12.164500076323748,13.085207901895046
2026-08-10T17:42:46.908900+00:00,communication_drift_01,meter_03,404,none,publish_interval,random,random,random,normal_drift,0.9999999858876476,0.4876364364675571,0,,1,0,collecting_candidates;drift_not_confirmed,source_publish_interval,voltage_rolling_mean=230.612357;source_publish_interval=0.804127,source_publish_interval,0.6027501076459885,9.806499816477299,10.432708077132702
2026-08-10T17:42:47.676289+00:00,communication_drift_01,meter_01,405,none,publish_interval,random,random,random,normal_drift,0.9999999999951412,0.4841355388628524,0,,1,0,collecting_candidates;drift_not_confirmed,source_publish_interval,voltage_rolling_mean=231.592152;source_publish_interval=0.804124,source_publish_interval,2.7086669579148293,18.58320808969438,21.331958007067442
2026-08-10T17:42:47.698065+00:00,communication_drift_01,meter_02,405,none,publish_interval,random,random,random,normal_drift,0.9999999998776317,0.44018231915444345,0,,1,0,collecting_candidates;drift_not_confirmed,source_publish_interval,voltage_rolling_mean=231.433796;source_publish_interval=0.804125,source_publish_interval,0.768790952861309,11.418124893680215,12.210415909066796
2026-08-10T17:42:47.710399+00:00,communication_drift_01,meter_03,405,none,publish_interval,random,random,random,normal_drift,0.9999999863360813,0.4556543165776918,0,,1,0,collecting_candidates;drift_not_confirmed,source_publish_interval,voltage_rolling_mean=230.612357;source_publish_interval=0.804127,source_publish_interval,0.5470409523695707,9.45833302102983,10.036041960120201
2026-08-10T17:42:48.481448+00:00,communication_drift_01,meter_01,406,none,publish_interval,random,random,random,normal_drift,0.9999999999966118,0.4403137359981458,0,,1,0,collecting_candidates;drift_not_confirmed,source_publish_interval,voltage_rolling_mean=231.592152;source_publish_interval=0.804124,source_publish_interval,1.9054999575018883,22.135999985039234,24.08629097044468
2026-08-10T17:42:48.506004+00:00,communication_drift_01,meter_02,406,none,publish_interval,random,random,random,normal_drift,0.9999999997553506,0.44020711205843877,0,,1,0,collecting_candidates;drift_not_confirmed,source_publish_interval,voltage_rolling_mean=231.433796;source_publish_interval=0.804125,source_publish_interval,0.8926661685109138,12.155333068221807,13.071749825030565
2026-08-10T17:42:48.519199+00:00,communication_drift_01,meter_03,406,none,publish_interval,random,random,random,normal_drift,0.9999999955534153,0.49280782213189966,0,,1,0,collecting_candidates;drift_not_confirmed,source_publish_interval,voltage_rolling_mean=230.612357;source_publish_interval=0.804127,source_publish_interval,0.5369170103222132,9.668665938079357,10.228458093479276
2026-08-10T17:42:49.286615+00:00,communication_drift_01,meter_01,407,none,publish_interval,random,random,random,normal_drift,0.9999999999883447,0.49323788123228196,0,,1,0,collecting_candidates;drift_not_confirmed,source_publish_interval,voltage_rolling_mean=231.592152;source_publish_interval=0.804124,source_publish_interval,3.3019999973475933,18.35095789283514,21.691417088732123
2026-08-10T17:42:49.308706+00:00,communication_drift_01,meter_02,407,none,publish_interval,random,random,random,normal_drift,0.9999999997984437,0.4364260506962594,0,,1,0,collecting_candidates;drift_not_confirmed,source_publish_interval,voltage_rolling_mean=231.433796;source_publish_interval=0.804125,source_publish_interval,0.7432089187204838,10.538500035181642,11.304417159408331
2026-08-10T17:42:49.320124+00:00,communication_drift_01,meter_03,407,none,publish_interval,random,random,random,normal_drift,0.9999999607587216,0.47302594028632466,0,,1,0,collecting_candidates;drift_not_confirmed,source_publish_interval,voltage_rolling_mean=230.612357;source_publish_interval=0.804127,source_publish_interval,0.5269581452012062,9.157833876088262,9.708958910778165
2026-08-10T17:42:50.091611+00:00,communication_drift_01,meter_01,408,none,publish_interval,random,random,random,normal_drift,0.9999999999973979,0.45139292315853324,0,,1,0,collecting_candidates;drift_not_confirmed,source_publish_interval,voltage_rolling_mean=231.592152;source_publish_interval=0.804124,source_publish_interval,2.366999862715602,22.27466693148017,24.687291122972965
2026-08-10T17:42:50.116743+00:00,communication_drift_01,meter_02,408,none,publish_interval,random,random,random,normal_drift,0.9999999999518367,0.4537291712898579,0,,1,0,collecting_candidates;drift_not_confirmed,source_publish_interval,voltage_rolling_mean=231.433796;source_publish_interval=0.804125,source_publish_interval,0.896083889529109,12.177125085145235,13.098167022690177
2026-08-10T17:42:50.129976+00:00,communication_drift_01,meter_03,408,none,publish_interval,random,random,random,normal_drift,0.9999999905790519,0.46991582078041577,0,,1,0,collecting_candidates;drift_not_confirmed,source_publish_interval,voltage_rolling_mean=230.612357;source_publish_interval=0.804127,source_publish_interval,0.6011249497532845,9.591832989826798,10.213666129857302
2026-08-10T17:42:50.896324+00:00,communication_drift_01,meter_01,409,none,publish_interval,random,random,random,normal_drift,0.9999999999970584,0.45178689291370877,0,,1,0,collecting_candidates;drift_not_confirmed,source_publish_interval,voltage_rolling_mean=231.592152;source_publish_interval=0.804124,source_publish_interval,2.8318329714238644,14.556958107277751,17.418083967640996
2026-08-10T17:42:50.914097+00:00,communication_drift_01,meter_02,409,none,publish_interval,random,random,random,normal_drift,0.9999999997727751,0.44878083745535613,0,,1,0,collecting_candidates;drift_not_confirmed,source_publish_interval,voltage_rolling_mean=231.433796;source_publish_interval=0.804125,source_publish_interval,0.6582499481737614,10.304166004061699,10.983000043779612
2026-08-10T17:42:50.925180+00:00,communication_drift_01,meter_03,409,none,publish_interval,random,random,random,normal_drift,0.9999999758252723,0.48831954111546033,0,,1,0,collecting_candidates;drift_not_confirmed,source_publish_interval,voltage_rolling_mean=230.612357;source_publish_interval=0.804127,source_publish_interval,0.5324999801814556,8.904000045731664,9.455834049731493
2026-08-10T17:42:51.701128+00:00,communication_drift_01,meter_01,410,none,publish_interval,random,random,random,normal_drift,0.9999999999767157,0.46308523232145643,0,,1,0,collecting_candidates;drift_not_confirmed,source_publish_interval,voltage_rolling_mean=231.592152;source_publish_interval=0.804124,source_publish_interval,1.9852500408887863,21.60362503491342,23.638457991182804
2026-08-10T17:42:51.725234+00:00,communication_drift_01,meter_02,410,none,publish_interval,random,random,random,normal_drift,0.9999999996618678,0.4408021341572419,0,,1,0,collecting_candidates;drift_not_confirmed,source_publish_interval,voltage_rolling_mean=231.433796;source_publish_interval=0.804125,source_publish_interval,0.9017910342663527,12.270207982510328,13.197750085964799
2026-08-10T17:42:51.738578+00:00,communication_drift_01,meter_03,410,none,publish_interval,random,random,random,normal_drift,0.9999999949251044,0.4479444687932314,0,,1,0,collecting_candidates;drift_not_confirmed,source_publish_interval,voltage_rolling_mean=230.612357;source_publish_interval=0.804127,source_publish_interval,0.5564999300986528,9.49245784431696,10.069542098790407
2026-08-10T17:42:52.502940+00:00,communication_drift_01,meter_01,411,none,publish_interval,random,random,random,normal_drift,0.9999999999975504,0.49457159010355545,0,,1,0,collecting_candidates;drift_not_confirmed,source_publish_interval,voltage_rolling_mean=231.592152;source_publish_interval=0.804124,source_publish_interval,2.0269998349249363,21.866749972105026,23.934125201776624
2026-08-10T17:42:52.527295+00:00,communication_drift_01,meter_02,411,none,publish_interval,random,random,random,normal_drift,0.9999999998956131,0.49794582299449186,0,,1,0,collecting_candidates;drift_not_confirmed,source_publish_interval,voltage_rolling_mean=231.433796;source_publish_interval=0.804125,source_publish_interval,0.8310410194098949,11.902540922164917,12.757832882925868
2026-08-10T17:42:52.540172+00:00,communication_drift_01,meter_03,411,none,publish_interval,random,random,random,normal_drift,0.9999999851662755,0.45422854233844556,0,,1,0,collecting_candidates;drift_not_confirmed,source_publish_interval,voltage_rolling_mean=230.612357;source_publish_interval=0.804127,source_publish_interval,0.5951658822596073,9.716250002384186,10.331792058423162
2026-08-10T17:42:53.308119+00:00,communication_drift_01,meter_01,412,none,publish_interval,random,random,random,normal_drift,0.9999999999919513,0.4395738589430121,0,,1,0,collecting_candidates;drift_not_confirmed,source_publish_interval,voltage_rolling_mean=231.592152;source_publish_interval=0.804124,source_publish_interval,2.200416987761855,18.524334067478776,20.760083803907037
2026-08-10T17:42:53.329284+00:00,communication_drift_01,meter_02,412,none,publish_interval,random,random,random,normal_drift,0.9999999984937733,0.46451467872662583,0,,1,0,collecting_candidates;drift_not_confirmed,source_publish_interval,voltage_rolling_mean=231.433796;source_publish_interval=0.804125,source_publish_interval,0.7287908811122179,11.475874809548259,12.227082857862115
2026-08-10T17:42:53.341627+00:00,communication_drift_01,meter_03,412,none,publish_interval,random,random,random,normal_drift,0.9999999896403581,0.46744355517309627,0,,1,0,collecting_candidates;drift_not_confirmed,source_publish_interval,voltage_rolling_mean=230.612357;source_publish_interval=0.804127,source_publish_interval,0.5492500495165586,9.476209059357643,10.048291180282831
2026-08-10T17:42:54.112119+00:00,communication_drift_01,meter_01,413,none,publish_interval,random,random,random,normal_drift,0.9999999999811411,0.4543413556761275,0,,1,0,collecting_candidates;drift_not_confirmed,source_publish_interval,voltage_rolling_mean=231.592152;source_publish_interval=0.804124,source_publish_interval,2.022374887019396,21.04691695421934,23.10754102654755
2026-08-10T17:42:54.135558+00:00,communication_drift_01,meter_02,413,none,publish_interval,random,random,random,normal_drift,0.9999999977663536,0.4829437056980534,0,,1,0,collecting_candidates;drift_not_confirmed,source_publish_interval,voltage_rolling_mean=231.433796;source_publish_interval=0.804125,source_publish_interval,0.8328750263899565,12.240458047017455,13.097207993268967
2026-08-10T17:42:54.148775+00:00,communication_drift_01,meter_03,413,none,publish_interval,random,random,random,normal_drift,0.9999999885103926,0.4660616930687833,0,,1,0,collecting_candidates;drift_not_confirmed,source_publish_interval,voltage_rolling_mean=230.612357;source_publish_interval=0.804127,source_publish_interval,0.5964159499853849,9.649958927184343,10.266833007335663
2026-08-10T17:42:54.916940+00:00,communication_drift_01,meter_01,414,none,publish_interval,random,random,random,normal_drift,0.9999999999878264,0.43925778955097994,0,,1,1,drift_not_confirmed;reference_updated,source_publish_interval,voltage_rolling_mean=231.592152;source_publish_interval=0.804180,source_publish_interval,2.4991249665617943,22.807457949966192,25.351500138640404
2026-08-10T17:42:54.942699+00:00,communication_drift_01,meter_02,414,none,publish_interval,random,random,random,normal_drift,0.9999999986463664,0.45040206592749954,0,,1,1,drift_not_confirmed;reference_updated,source_publish_interval,voltage_rolling_mean=231.433796;source_publish_interval=0.804180,source_publish_interval,0.8264579810202122,11.864125030115247,12.717582983896136
2026-08-10T17:42:54.955535+00:00,communication_drift_01,meter_03,414,none,publish_interval,random,random,random,normal_drift,0.9999999795250136,0.5099025933825893,0,,1,1,drift_not_confirmed;reference_updated,source_publish_interval,voltage_rolling_mean=230.612357;source_publish_interval=0.804179,source_publish_interval,0.5902089178562164,9.528332855552435,10.139750083908439
2026-08-10T17:42:55.721956+00:00,communication_drift_01,meter_01,415,none,publish_interval,random,random,random,normal_drift,0.9999999999921905,0.46076537144124385,0,,1,0,collecting_candidates;drift_not_confirmed,source_publish_interval,voltage_rolling_mean=231.592152;source_publish_interval=0.804180,source_publish_interval,2.73854099214077,16.871208092197776,19.646582892164588
2026-08-10T17:42:55.741968+00:00,communication_drift_01,meter_02,415,none,publish_interval,random,random,random,normal_drift,0.9999999977757912,0.4499449866353545,0,,1,0,collecting_candidates;drift_not_confirmed,source_publish_interval,voltage_rolling_mean=231.433796;source_publish_interval=0.804180,source_publish_interval,0.7066249381750822,10.809832951053977,11.539291124790907
2026-08-10T17:42:55.753611+00:00,communication_drift_01,meter_03,415,none,publish_interval,random,random,random,normal_drift,0.9999988758542542,0.6061063603994737,0,,1,0,collecting_candidates;drift_not_confirmed,source_publish_interval,voltage_rolling_mean=230.612357;source_publish_interval=0.804179,source_publish_interval,0.5369579885154963,9.338832926005125,9.896749863401055
2026-08-10T17:42:56.527021+00:00,communication_drift_01,meter_01,416,none,publish_interval,random,random,random,normal_drift,0.9999999999754934,0.517109663203554,0,,1,0,collecting_candidates;drift_not_confirmed,source_publish_interval,voltage_rolling_mean=231.592152;source_publish_interval=0.804180,source_publish_interval,3.412500023841858,19.03420896269381,22.486583096906543
2026-08-10T17:42:56.549890+00:00,communication_drift_01,meter_02,416,none,publish_interval,random,random,random,normal_drift,0.9999999955779946,0.47316597250650794,0,,1,0,collecting_candidates;drift_not_confirmed,source_publish_interval,voltage_rolling_mean=231.433796;source_publish_interval=0.804180,source_publish_interval,0.7455830927938223,11.503749992698431,12.273249914869666
2026-08-10T17:42:56.562269+00:00,communication_drift_01,meter_03,416,none,publish_interval,random,random,random,normal_drift,0.9999998114017687,0.5296700422273369,0,,1,0,collecting_candidates;drift_not_confirmed,source_publish_interval,voltage_rolling_mean=230.612357;source_publish_interval=0.804179,source_publish_interval,0.5308750551193953,9.443041868507862,9.994124993681908
2026-08-10T17:42:57.332212+00:00,communication_drift_01,meter_01,417,none,publish_interval,random,random,random,normal_drift,0.9999999999422822,0.48855875711101093,0,,1,0,collecting_candidates;drift_not_confirmed,source_publish_interval,voltage_rolling_mean=231.592152;source_publish_interval=0.804180,source_publish_interval,2.5076251477003098,18.928749952465296,21.473041968420148
2026-08-10T17:42:57.354061+00:00,communication_drift_01,meter_02,417,none,publish_interval,random,random,random,normal_drift,0.9999999970966329,0.4504325456459907,0,,1,0,collecting_candidates;drift_not_confirmed,source_publish_interval,voltage_rolling_mean=231.433796;source_publish_interval=0.804180,source_publish_interval,0.6777090020477772,11.435415828600526,12.134292162954807
2026-08-10T17:42:57.366289+00:00,communication_drift_01,meter_03,417,none,publish_interval,random,random,random,normal_drift,0.999999983023023,0.4605422128594517,0,,1,0,collecting_candidates;drift_not_confirmed,source_publish_interval,voltage_rolling_mean=230.612357;source_publish_interval=0.804179,source_publish_interval,0.5256661679595709,9.301458019763231,9.847166948020458
2026-08-10T17:42:58.136321+00:00,communication_drift_01,meter_01,418,none,publish_interval,random,random,random,normal_drift,0.999999999972333,0.4388277153885456,0,,1,0,collecting_candidates;drift_not_confirmed,source_publish_interval,voltage_rolling_mean=231.592152;source_publish_interval=0.804180,source_publish_interval,1.9688750617206097,21.816791966557503,23.830832913517952
2026-08-10T17:42:58.160521+00:00,communication_drift_01,meter_02,418,none,publish_interval,random,random,random,normal_drift,0.9999999991999122,0.4894511251036523,0,,1,0,collecting_candidates;drift_not_confirmed,source_publish_interval,voltage_rolling_mean=231.433796;source_publish_interval=0.804180,source_publish_interval,0.8791249711066484,12.153332820162177,13.058749958872795
2026-08-10T17:42:58.173715+00:00,communication_drift_01,meter_03,418,none,publish_interval,random,random,random,normal_drift,0.999999925138501,0.4696313722104475,0,,1,0,collecting_candidates;drift_not_confirmed,source_publish_interval,voltage_rolling_mean=230.612357;source_publish_interval=0.804179,source_publish_interval,0.5482500419020653,9.662124793976545,10.231333086267114
2026-08-10T17:42:58.939506+00:00,communication_drift_01,meter_01,419,none,publish_interval,random,random,random,normal_drift,0.999999999787407,0.5147720613253546,0,,1,0,collecting_candidates;drift_not_confirmed,source_publish_interval,voltage_rolling_mean=231.592152;source_publish_interval=0.804180,source_publish_interval,2.3496251087635756,19.972125068306923,22.35745801590383
2026-08-10T17:42:58.962222+00:00,communication_drift_01,meter_02,419,none,publish_interval,random,random,random,normal_drift,0.9999999956925794,0.4519336713424455,0,,1,0,collecting_candidates;drift_not_confirmed,source_publish_interval,voltage_rolling_mean=231.433796;source_publish_interval=0.804180,source_publish_interval,0.691582914441824,11.70237478800118,12.418708996847272
2026-08-10T17:42:58.974748+00:00,communication_drift_01,meter_03,419,none,publish_interval,random,random,random,normal_drift,0.9999999630761265,0.4865155255800606,0,,1,0,collecting_candidates;drift_not_confirmed,source_publish_interval,voltage_rolling_mean=230.612357;source_publish_interval=0.804179,source_publish_interval,0.5985000170767307,9.640790987759829,10.260208044201136
2026-08-10T17:42:59.744511+00:00,communication_drift_01,meter_01,420,none,publish_interval,random,random,random,normal_drift,0.999999999957615,0.44270927578817654,0,,1,0,collecting_candidates;drift_not_confirmed,source_publish_interval,voltage_rolling_mean=231.592152;source_publish_interval=0.804180,source_publish_interval,2.0173341035842896,21.829542005434632,23.887041956186295
2026-08-10T17:42:59.768776+00:00,communication_drift_01,meter_02,420,none,publish_interval,random,random,random,normal_drift,0.9999999994002724,0.4694926206235697,0,,1,0,collecting_candidates;drift_not_confirmed,source_publish_interval,voltage_rolling_mean=231.433796;source_publish_interval=0.804180,source_publish_interval,0.8130830246955156,12.063583126291633,12.901375070214272
2026-08-10T17:42:59.781796+00:00,communication_drift_01,meter_03,420,none,publish_interval,random,random,random,normal_drift,0.9999999856090429,0.456378736640097,0,,1,0,collecting_candidates;drift_not_confirmed,source_publish_interval,voltage_rolling_mean=230.612357;source_publish_interval=0.804179,source_publish_interval,0.5622920580208302,9.604958118870854,10.187124833464622
2026-08-10T17:43:00.549759+00:00,communication_drift_01,meter_01,421,none,publish_interval,random,random,random,normal_drift,0.9999999999665865,0.49119294209077763,0,,1,0,collecting_candidates;drift_not_confirmed,source_publish_interval,voltage_rolling_mean=231.592152;source_publish_interval=0.804180,source_publish_interval,2.684124978259206,17.059833044186234,19.77637503296137
2026-08-10T17:43:00.569946+00:00,communication_drift_01,meter_02,421,none,publish_interval,random,random,random,normal_drift,0.9999999671449895,0.5837586663931507,0,,1,0,collecting_candidates;drift_not_confirmed,source_publish_interval,voltage_rolling_mean=231.433796;source_publish_interval=0.804180,source_publish_interval,0.6941249594092369,11.50295790284872,12.219874886795878
2026-08-10T17:43:00.582272+00:00,communication_drift_01,meter_03,421,none,publish_interval,random,random,random,normal_drift,0.9999999683709521,0.447019354618853,0,,1,0,collecting_candidates;drift_not_confirmed,source_publish_interval,voltage_rolling_mean=230.612357;source_publish_interval=0.804179,source_publish_interval,0.5262079648673534,9.243207983672619,9.790541138499975
2026-08-10T17:43:01.353713+00:00,communication_drift_01,meter_01,422,none,publish_interval,random,random,random,normal_drift,0.9999999998753812,0.44262975290878515,0,,1,0,collecting_candidates;drift_not_confirmed,source_publish_interval,voltage_rolling_mean=231.592152;source_publish_interval=0.804180,source_publish_interval,1.7361249774694443,20.953125087544322,22.736625047400594
2026-08-10T17:43:01.376806+00:00,communication_drift_01,meter_02,422,none,publish_interval,random,random,random,normal_drift,0.9999999957030785,0.4715890637394866,0,,1,0,collecting_candidates;drift_not_confirmed,source_publish_interval,voltage_rolling_mean=231.433796;source_publish_interval=0.804180,source_publish_interval,0.8505410514771938,12.422582833096385,13.297416036948562
2026-08-10T17:43:01.390241+00:00,communication_drift_01,meter_03,422,none,publish_interval,random,random,random,normal_drift,0.9999996154442459,0.4822643622067536,0,,1,0,collecting_candidates;drift_not_confirmed,source_publish_interval,voltage_rolling_mean=230.612357;source_publish_interval=0.804179,source_publish_interval,0.5900829564779997,9.96274990029633,10.571916121989489
2026-08-10T17:43:02.158823+00:00,communication_drift_01,meter_01,423,none,publish_interval,random,random,random,normal_drift,0.9999999997987936,0.47059261095965965,0,,1,0,collecting_candidates;drift_not_confirmed,source_publish_interval,voltage_rolling_mean=231.592152;source_publish_interval=0.804180,source_publish_interval,2.344416920095682,20.76204097829759,23.155542090535164
2026-08-10T17:43:02.182458+00:00,communication_drift_01,meter_02,423,none,publish_interval,random,random,random,normal_drift,0.9999999287537966,0.4644322638247102,0,,1,0,collecting_candidates;drift_not_confirmed,source_publish_interval,voltage_rolling_mean=231.433796;source_publish_interval=0.804180,source_publish_interval,0.8650000672787428,12.005958938971162,12.894625077024102
2026-08-10T17:43:02.195499+00:00,communication_drift_01,meter_03,423,none,publish_interval,random,random,random,normal_drift,0.9999999901211766,0.5460249407912511,0,,1,0,collecting_candidates;drift_not_confirmed,source_publish_interval,voltage_rolling_mean=230.612357;source_publish_interval=0.804179,source_publish_interval,0.5322911310940981,9.45849996060133,10.012208949774504
2026-08-10T17:43:02.962939+00:00,communication_drift_01,meter_01,424,none,publish_interval,random,random,random,normal_drift,0.9999999930326162,0.5631885110737128,0,,1,0,collecting_candidates;drift_not_confirmed,source_publish_interval,voltage_rolling_mean=231.592152;source_publish_interval=0.804180,source_publish_interval,2.2961669601500034,18.845666898414493,21.18787495419383
2026-08-10T17:43:02.984629+00:00,communication_drift_01,meter_02,424,none,publish_interval,random,random,random,normal_drift,0.9999999975148823,0.4496569080957984,0,,1,0,collecting_candidates;drift_not_confirmed,source_publish_interval,voltage_rolling_mean=231.433796;source_publish_interval=0.804180,source_publish_interval,0.7618749514222145,11.696417117491364,12.483583996072412
2026-08-10T17:43:02.997242+00:00,communication_drift_01,meter_03,424,none,publish_interval,random,random,random,normal_drift,0.9999999399859691,0.5712745240825231,0,,1,0,collecting_candidates;drift_not_confirmed,source_publish_interval,voltage_rolling_mean=230.612357;source_publish_interval=0.804179,source_publish_interval,0.5419999361038208,9.437083033844829,9.99970780685544
2026-08-10T17:43:03.768194+00:00,communication_drift_01,meter_01,425,none,publish_interval,random,random,random,normal_drift,0.9999999999634108,0.5324629620183376,0,,1,0,collecting_candidates;drift_not_confirmed,source_publish_interval,voltage_rolling_mean=231.592152;source_publish_interval=0.804180,source_publish_interval,2.294708974659443,21.000833017751575,23.342583095654845
2026-08-10T17:43:03.791969+00:00,communication_drift_01,meter_02,425,none,publish_interval,random,random,random,normal_drift,0.999999982023415,0.4607282692932354,0,,1,0,collecting_candidates;drift_not_confirmed,source_publish_interval,voltage_rolling_mean=231.433796;source_publish_interval=0.804180,source_publish_interval,0.8518330287188292,12.003500014543533,12.8794158808887
2026-08-10T17:43:03.804989+00:00,communication_drift_01,meter_03,425,none,publish_interval,random,random,random,normal_drift,0.9999998871532602,0.5257740881894655,0,,1,0,collecting_candidates;drift_not_confirmed,source_publish_interval,voltage_rolling_mean=230.612357;source_publish_interval=0.804179,source_publish_interval,0.5309591069817543,9.686999954283237,10.239208117127419
2026-08-10T17:43:04.572107+00:00,communication_drift_01,meter_01,426,none,publish_interval,random,random,random,normal_drift,0.9999999996161744,0.523797097587892,0,,1,0,collecting_candidates;drift_not_confirmed,source_publish_interval,voltage_rolling_mean=231.592152;source_publish_interval=0.804180,source_publish_interval,1.941208029165864,21.483416901901364,23.46266689710319
2026-08-10T17:43:04.595889+00:00,communication_drift_01,meter_02,426,none,publish_interval,random,random,random,normal_drift,0.9999999957174974,0.46493941087895524,0,,1,0,collecting_candidates;drift_not_confirmed,source_publish_interval,voltage_rolling_mean=231.433796;source_publish_interval=0.804180,source_publish_interval,0.8416250348091125,12.110749958083034,12.978000100702047
2026-08-10T17:43:04.608998+00:00,communication_drift_01,meter_03,426,none,publish_interval,random,random,random,normal_drift,0.9999997503534189,0.4588676008692906,0,,1,0,collecting_candidates;drift_not_confirmed,source_publish_interval,voltage_rolling_mean=230.612357;source_publish_interval=0.804179,source_publish_interval,0.5865839775651693,9.545499924570322,10.1521669421345
2026-08-10T17:43:05.376694+00:00,communication_drift_01,meter_01,427,none,publish_interval,random,random,random,normal_drift,0.9999999973788429,0.5418906263254841,0,,1,0,collecting_candidates;drift_not_confirmed,source_publish_interval,voltage_rolling_mean=231.592152;source_publish_interval=0.804180,source_publish_interval,2.2318752016872168,21.19829203002155,23.46654189750552
2026-08-10T17:43:05.400524+00:00,communication_drift_01,meter_02,427,none,publish_interval,random,random,random,normal_drift,0.9999999880177045,0.45024303765054546,0,,1,0,collecting_candidates;drift_not_confirmed,source_publish_interval,voltage_rolling_mean=231.433796;source_publish_interval=0.804180,source_publish_interval,0.8210830856114626,11.911458102986217,12.75591691955924
2026-08-10T17:43:05.413392+00:00,communication_drift_01,meter_03,427,none,publish_interval,random,random,random,normal_drift,0.9999999855979445,0.4636189482488345,0,,1,0,collecting_candidates;drift_not_confirmed,source_publish_interval,voltage_rolling_mean=230.612357;source_publish_interval=0.804179,source_publish_interval,0.575625104829669,9.782458189874887,10.37833304144442
2026-08-10T17:43:06.181463+00:00,communication_drift_01,meter_01,428,none,publish_interval,random,random,random,normal_drift,0.9999999998308484,0.4725032383492465,0,,1,0,collecting_candidates;drift_not_confirmed,source_publish_interval,voltage_rolling_mean=231.592152;source_publish_interval=0.804180,source_publish_interval,1.9941248465329409,21.825040923431516,23.86091696098447
2026-08-10T17:43:06.205702+00:00,communication_drift_01,meter_02,428,none,publish_interval,random,random,random,normal_drift,0.9999999748603177,0.4941966359361546,0,,1,0,collecting_candidates;drift_not_confirmed,source_publish_interval,voltage_rolling_mean=231.433796;source_publish_interval=0.804180,source_publish_interval,0.8891669567674398,12.071250006556511,12.986292131245136
2026-08-10T17:43:06.218825+00:00,communication_drift_01,meter_03,428,none,publish_interval,random,random,random,normal_drift,0.9999998856385719,0.48436995958916784,0,,1,0,collecting_candidates;drift_not_confirmed,source_publish_interval,voltage_rolling_mean=230.612357;source_publish_interval=0.804179,source_publish_interval,0.5484169814735651,9.790041018277407,10.360457934439182
2026-08-10T17:43:06.986345+00:00,communication_drift_01,meter_01,429,none,publish_interval,random,random,random,normal_drift,0.9999999990000716,0.4671824674642771,0,,1,0,collecting_candidates;drift_not_confirmed,source_publish_interval,voltage_rolling_mean=231.592152;source_publish_interval=0.804180,source_publish_interval,1.9857920706272125,22.84108311869204,24.87283293157816
2026-08-10T17:43:07.011564+00:00,communication_drift_01,meter_02,429,none,publish_interval,random,random,random,normal_drift,0.9999999956182521,0.4498988685435495,0,,1,0,collecting_candidates;drift_not_confirmed,source_publish_interval,voltage_rolling_mean=231.433796;source_publish_interval=0.804180,source_publish_interval,0.8839999791234732,12.164915911853313,13.07662483304739
2026-08-10T17:43:07.024780+00:00,communication_drift_01,meter_03,429,none,publish_interval,random,random,random,normal_drift,0.9999999861744864,0.4580740329071304,0,,1,0,collecting_candidates;drift_not_confirmed,source_publish_interval,voltage_rolling_mean=230.612357;source_publish_interval=0.804179,source_publish_interval,0.5835830233991146,9.695417014881968,10.299875168129802
2026-08-10T17:43:07.791502+00:00,communication_drift_01,meter_01,430,none,publish_interval,random,random,random,normal_drift,0.999999998320052,0.4494604078989569,0,,1,0,collecting_candidates;drift_not_confirmed,source_publish_interval,voltage_rolling_mean=231.592152;source_publish_interval=0.804180,source_publish_interval,2.0082921255379915,21.938374964520335,23.99658295325935
2026-08-10T17:43:07.815936+00:00,communication_drift_01,meter_02,430,none,publish_interval,random,random,random,normal_drift,0.9999999689891862,0.5036663091948784,0,,1,0,collecting_candidates;drift_not_confirmed,source_publish_interval,voltage_rolling_mean=231.433796;source_publish_interval=0.804180,source_publish_interval,0.9359170217067003,12.21295795403421,13.174999970942736
2026-08-10T17:43:07.829269+00:00,communication_drift_01,meter_03,430,none,publish_interval,random,random,random,normal_drift,0.9999999643876024,0.4713233283258845,0,,1,0,collecting_candidates;drift_not_confirmed,source_publish_interval,voltage_rolling_mean=230.612357;source_publish_interval=0.804179,source_publish_interval,0.6122079212218523,9.672041982412338,10.30554180033505
2026-08-10T17:43:08.594549+00:00,communication_drift_01,meter_01,431,none,publish_interval,random,random,random,normal_drift,0.9999999992342983,0.45096153867543776,0,,1,0,collecting_candidates;drift_not_confirmed,source_publish_interval,voltage_rolling_mean=231.592152;source_publish_interval=0.804180,source_publish_interval,2.0806249231100082,20.689457887783647,22.813500137999654
2026-08-10T17:43:08.617808+00:00,communication_drift_01,meter_02,431,none,publish_interval,random,random,random,normal_drift,0.9999999924701181,0.4456489445817478,0,,1,0,collecting_candidates;drift_not_confirmed,source_publish_interval,voltage_rolling_mean=231.433796;source_publish_interval=0.804180,source_publish_interval,0.7812920957803726,11.693042004480958,12.495874892920256
2026-08-10T17:43:08.630427+00:00,communication_drift_01,meter_03,431,none,publish_interval,random,random,random,normal_drift,0.9999999248846915,0.4597683567249552,0,,1,0,collecting_candidates;drift_not_confirmed,source_publish_interval,voltage_rolling_mean=230.612357;source_publish_interval=0.804179,source_publish_interval,0.5389170255511999,9.637292008846998,10.197167051956058
2026-08-10T17:43:09.404149+00:00,communication_drift_01,meter_01,432,none,publish_interval,random,random,random,normal_drift,0.9999999990029835,0.4517993287441141,0,,1,0,collecting_candidates;drift_not_confirmed,source_publish_interval,voltage_rolling_mean=231.592152;source_publish_interval=0.804180,source_publish_interval,2.0129589829593897,21.725500002503395,23.781958036124706
2026-08-10T17:43:09.428308+00:00,communication_drift_01,meter_02,432,none,publish_interval,random,random,random,normal_drift,0.9999998777058502,0.6276698313455927,0,,1,0,collecting_candidates;drift_not_confirmed,source_publish_interval,voltage_rolling_mean=231.433796;source_publish_interval=0.804180,source_publish_interval,0.763624906539917,12.2078328859061,12.994375079870224
2026-08-10T17:43:09.441433+00:00,communication_drift_01,meter_03,432,none,publish_interval,random,random,random,normal_drift,0.999999996330855,0.4555351001758061,0,,1,0,collecting_candidates;drift_not_confirmed,source_publish_interval,voltage_rolling_mean=230.612357;source_publish_interval=0.804179,source_publish_interval,0.5577919073402882,9.604791877791286,10.184166952967644
2026-08-10T17:43:10.207968+00:00,communication_drift_01,meter_01,433,none,publish_interval,random,random,random,normal_drift,0.9999999971055122,0.4575588743022444,0,,1,0,collecting_candidates;drift_not_confirmed,source_publish_interval,voltage_rolling_mean=231.592152;source_publish_interval=0.804180,source_publish_interval,1.9789580255746841,22.049374878406525,24.079791037365794
2026-08-10T17:43:10.232486+00:00,communication_drift_01,meter_02,433,none,publish_interval,random,random,random,normal_drift,0.9999999864291618,0.44529996650673964,0,,1,0,collecting_candidates;drift_not_confirmed,source_publish_interval,voltage_rolling_mean=231.433796;source_publish_interval=0.804180,source_publish_interval,0.9679999202489853,12.079957872629166,13.076832983642817
2026-08-10T17:43:10.245733+00:00,communication_drift_01,meter_03,433,none,publish_interval,random,random,random,normal_drift,0.9999999451791798,0.4746848634939377,0,,1,0,collecting_candidates;drift_not_confirmed,source_publish_interval,voltage_rolling_mean=230.612357;source_publish_interval=0.804179,source_publish_interval,0.613874988630414,9.670790983363986,10.30608406290412
2026-08-10T17:43:11.018326+00:00,communication_drift_01,meter_01,434,none,publish_interval,random,random,random,normal_drift,0.9999999994688133,0.4899905751795389,0,,1,1,drift_not_confirmed;reference_updated,source_publish_interval,voltage_rolling_mean=231.592152;source_publish_interval=0.804622,source_publish_interval,1.7050839960575104,20.294250221922994,22.039165953174233
2026-08-10T17:43:11.040639+00:00,communication_drift_01,meter_02,434,none,publish_interval,random,random,random,normal_drift,0.9999999835715405,0.4809566691457791,0,,1,1,drift_not_confirmed;reference_updated,source_publish_interval,voltage_rolling_mean=231.433796;source_publish_interval=0.804625,source_publish_interval,0.8263331837952137,12.246832950040698,13.09854188002646
2026-08-10T17:43:11.053847+00:00,communication_drift_01,meter_03,434,none,publish_interval,random,random,random,normal_drift,0.9999999865718598,0.48323430169966647,0,,1,1,drift_not_confirmed;reference_updated,source_publish_interval,voltage_rolling_mean=230.612357;source_publish_interval=0.804626,source_publish_interval,0.5910829640924931,9.686042089015245,10.298834182322025
2026-08-10T17:43:11.823119+00:00,communication_drift_01,meter_01,435,none,publish_interval,random,random,random,normal_drift,0.9999999985103516,0.4721363079915481,0,,1,0,collecting_candidates;drift_not_confirmed,source_publish_interval,voltage_rolling_mean=231.592152;source_publish_interval=0.804622,source_publish_interval,2.9606660827994347,17.788459081202745,20.780666964128613
2026-08-10T17:43:11.844296+00:00,communication_drift_01,meter_02,435,none,publish_interval,random,random,random,normal_drift,0.9999999886886474,0.4643241143717541,0,,1,0,collecting_candidates;drift_not_confirmed,source_publish_interval,voltage_rolling_mean=231.433796;source_publish_interval=0.804625,source_publish_interval,0.7193749770522118,11.147208977490664,11.887833941727877
2026-08-10T17:43:11.856283+00:00,communication_drift_01,meter_03,435,none,publish_interval,random,random,random,normal_drift,0.999999938249035,0.4899670355886843,0,,1,0,collecting_candidates;drift_not_confirmed,source_publish_interval,voltage_rolling_mean=230.612357;source_publish_interval=0.804626,source_publish_interval,0.530916964635253,9.324084036052227,9.873332921415567
2026-08-10T17:43:12.633010+00:00,communication_drift_01,meter_01,436,none,publish_interval,random,random,random,normal_drift,0.9999999965727566,0.47323104157304025,0,,1,0,collecting_candidates;drift_not_confirmed,source_publish_interval,voltage_rolling_mean=231.592152;source_publish_interval=0.804622,source_publish_interval,2.526334021240473,22.04208285547793,24.621166056022048
2026-08-10T17:43:12.658118+00:00,communication_drift_01,meter_02,436,none,publish_interval,random,random,random,normal_drift,0.9999999934053401,0.4489457498892595,0,,1,0,collecting_candidates;drift_not_confirmed,source_publish_interval,voltage_rolling_mean=231.433796;source_publish_interval=0.804625,source_publish_interval,0.8577080443501472,12.142250081524253,13.026333879679441
2026-08-10T17:43:12.671296+00:00,communication_drift_01,meter_03,436,none,publish_interval,random,random,random,normal_drift,0.9999999955751837,0.4535467971767314,0,,1,0,collecting_candidates;drift_not_confirmed,source_publish_interval,voltage_rolling_mean=230.612357;source_publish_interval=0.804626,source_publish_interval,0.5911251064389944,9.507917100563645,10.120540857315063
2026-08-10T17:43:13.436723+00:00,communication_drift_01,meter_01,437,none,publish_interval,random,random,random,normal_drift,0.9999999945920042,0.5446748348907192,0,,1,0,collecting_candidates;drift_not_confirmed,source_publish_interval,voltage_rolling_mean=231.592152;source_publish_interval=0.804622,source_publish_interval,2.0395410247147083,22.021374898031354,24.09574994817376
2026-08-10T17:43:13.461150+00:00,communication_drift_01,meter_02,437,none,publish_interval,random,random,random,normal_drift,0.9999999765887603,0.44982797141011427,0,,1,0,collecting_candidates;drift_not_confirmed,source_publish_interval,voltage_rolling_mean=231.433796;source_publish_interval=0.804625,source_publish_interval,0.8457079529762268,11.882666032761335,12.752750189974904
2026-08-10T17:43:13.474017+00:00,communication_drift_01,meter_03,437,none,publish_interval,random,random,random,normal_drift,0.9999999816731829,0.4527984614111701,0,,1,0,collecting_candidates;drift_not_confirmed,source_publish_interval,voltage_rolling_mean=230.612357;source_publish_interval=0.804626,source_publish_interval,0.6014169193804264,9.622541954740882,10.243415832519531
2026-08-10T17:43:14.245125+00:00,communication_drift_01,meter_01,438,none,publish_interval,random,random,random,normal_drift,0.9999999979083927,0.4642688446565353,0,,1,0,collecting_candidates;drift_not_confirmed,source_publish_interval,voltage_rolling_mean=231.592152;source_publish_interval=0.804622,source_publish_interval,2.0048338919878006,21.81862504221499,23.862082976847887
2026-08-10T17:43:14.269331+00:00,communication_drift_01,meter_02,438,none,publish_interval,random,random,random,normal_drift,0.9999999954321328,0.4441866293700514,0,,1,0,collecting_candidates;drift_not_confirmed,source_publish_interval,voltage_rolling_mean=231.433796;source_publish_interval=0.804625,source_publish_interval,0.8564998861402273,12.098957784473896,12.97983294352889
2026-08-10T17:43:14.282429+00:00,communication_drift_01,meter_03,438,none,publish_interval,random,random,random,normal_drift,0.9999999585061459,0.5115253993670804,0,,1,0,collecting_candidates;drift_not_confirmed,source_publish_interval,voltage_rolling_mean=230.612357;source_publish_interval=0.804626,source_publish_interval,0.597541918978095,9.800458094105124,10.417083045467734
2026-08-10T17:43:15.050001+00:00,communication_drift_01,meter_01,439,none,publish_interval,random,random,random,normal_drift,0.9999999989708355,0.4713280697132815,0,,1,0,collecting_candidates;drift_not_confirmed,source_publish_interval,voltage_rolling_mean=231.592152;source_publish_interval=0.804622,source_publish_interval,1.9364580512046814,22.12066692300141,24.103167001158
2026-08-10T17:43:15.074544+00:00,communication_drift_01,meter_02,439,none,publish_interval,random,random,random,normal_drift,0.9999999899953077,0.530081358430059,0,,1,0,collecting_candidates;drift_not_confirmed,source_publish_interval,voltage_rolling_mean=231.433796;source_publish_interval=0.804625,source_publish_interval,0.8162921294569969,12.154958210885525,12.994209071621299
2026-08-10T17:43:15.087677+00:00,communication_drift_01,meter_03,439,none,publish_interval,random,random,random,normal_drift,0.9999999860412299,0.49296943989007924,0,,1,0,collecting_candidates;drift_not_confirmed,source_publish_interval,voltage_rolling_mean=230.612357;source_publish_interval=0.804626,source_publish_interval,0.5532081704586744,9.637292008846998,10.210749926045537
2026-08-10T17:43:15.859438+00:00,communication_drift_01,meter_01,440,none,publish_interval,random,random,random,normal_drift,0.9999999953226721,0.485278378427624,0,,1,0,collecting_candidates;drift_not_confirmed,source_publish_interval,voltage_rolling_mean=231.592152;source_publish_interval=0.804622,source_publish_interval,1.4116670936346054,19.957999931648374,21.410041954368353
2026-08-10T17:43:15.881125+00:00,communication_drift_01,meter_02,440,none,publish_interval,random,random,random,normal_drift,0.9999999453450649,0.48883691118052447,0,,1,0,collecting_candidates;drift_not_confirmed,source_publish_interval,voltage_rolling_mean=231.433796;source_publish_interval=0.804625,source_publish_interval,0.849124975502491,12.454875046387315,13.328874949365854
2026-08-10T17:43:15.894585+00:00,communication_drift_01,meter_03,440,none,publish_interval,random,random,random,normal_drift,0.9999999793884433,0.5324403744379432,0,,1,0,collecting_candidates;drift_not_confirmed,source_publish_interval,voltage_rolling_mean=230.612357;source_publish_interval=0.804626,source_publish_interval,0.5841671954840422,10.020167101174593,10.625250171869993
2026-08-10T17:43:16.669900+00:00,communication_drift_01,meter_01,441,none,publish_interval,random,random,random,normal_drift,0.9999999988513044,0.45732739550887225,0,,1,0,collecting_candidates;drift_not_confirmed,source_publish_interval,voltage_rolling_mean=231.592152;source_publish_interval=0.804622,source_publish_interval,2.1913328673690557,19.115625182166696,21.350624971091747
2026-08-10T17:43:16.691657+00:00,communication_drift_01,meter_02,441,none,publish_interval,random,random,random,normal_drift,0.9999999663435799,0.4648462569708505,0,,1,0,collecting_candidates;drift_not_confirmed,source_publish_interval,voltage_rolling_mean=231.433796;source_publish_interval=0.804625,source_publish_interval,0.7058330811560154,11.393874883651733,12.124291155487299
2026-08-10T17:43:16.703891+00:00,communication_drift_01,meter_03,441,none,publish_interval,random,random,random,normal_drift,0.9999999717237223,0.5171177140790056,0,,1,0,collecting_candidates;drift_not_confirmed,source_publish_interval,voltage_rolling_mean=230.612357;source_publish_interval=0.804626,source_publish_interval,0.550583004951477,9.405292104929686,9.978292044252157
2026-08-10T17:43:17.480082+00:00,communication_drift_01,meter_01,442,none,publish_interval,random,random,random,normal_drift,0.9999999991721813,0.47588767268670534,0,,1,0,collecting_candidates;drift_not_confirmed,source_publish_interval,voltage_rolling_mean=231.592152;source_publish_interval=0.804622,source_publish_interval,1.9926249515265226,21.8103330116719,23.84204207919538
2026-08-10T17:43:17.504306+00:00,communication_drift_01,meter_02,442,none,publish_interval,random,random,random,normal_drift,0.9999999942828328,0.4590681424291233,0,,1,0,collecting_candidates;drift_not_confirmed,source_publish_interval,voltage_rolling_mean=231.433796;source_publish_interval=0.804625,source_publish_interval,0.8470411412417889,12.123167049139738,12.994250049814582
2026-08-10T17:43:17.517438+00:00,communication_drift_01,meter_03,442,none,publish_interval,random,random,random,normal_drift,0.9999999939400745,0.5085814046256696,0,,1,0,collecting_candidates;drift_not_confirmed,source_publish_interval,voltage_rolling_mean=230.612357;source_publish_interval=0.804626,source_publish_interval,0.6098749581724405,9.749999968335032,10.379957966506481
2026-08-10T17:43:18.290530+00:00,communication_drift_01,meter_01,443,none,publish_interval,random,random,random,normal_drift,0.9999999984574512,0.4570723559341473,0,,1,0,collecting_candidates;drift_not_confirmed,source_publish_interval,voltage_rolling_mean=231.592152;source_publish_interval=0.804622,source_publish_interval,2.3921250831335783,21.981708938255906,24.412540951743722
2026-08-10T17:43:18.315350+00:00,communication_drift_01,meter_02,443,none,publish_interval,random,random,random,normal_drift,0.9999999917689871,0.4570569747329929,0,,1,0,collecting_candidates;drift_not_confirmed,source_publish_interval,voltage_rolling_mean=231.433796;source_publish_interval=0.804625,source_publish_interval,0.7381669711321592,12.04608310945332,12.811374850571156
2026-08-10T17:43:18.328286+00:00,communication_drift_01,meter_03,443,none,publish_interval,random,random,random,normal_drift,0.9999999950882799,0.4466882108747874,0,,1,0,collecting_candidates;drift_not_confirmed,source_publish_interval,voltage_rolling_mean=230.612357;source_publish_interval=0.804626,source_publish_interval,0.5900829564779997,9.531290968880057,10.142040904611349
2026-08-10T17:43:19.098069+00:00,communication_drift_01,meter_01,444,none,publish_interval,random,random,random,normal_drift,0.9999999977210068,0.48462332215849124,0,,1,0,collecting_candidates;drift_not_confirmed,source_publish_interval,voltage_rolling_mean=231.592152;source_publish_interval=0.804622,source_publish_interval,2.087291795760393,21.675291005522013,23.800082970410585
2026-08-10T17:43:19.122229+00:00,communication_drift_01,meter_02,444,none,publish_interval,random,random,random,normal_drift,0.9999998978693536,0.5105162644111738,0,,1,0,collecting_candidates;drift_not_confirmed,source_publish_interval,voltage_rolling_mean=231.433796;source_publish_interval=0.804625,source_publish_interval,0.8389581926167011,11.882458114996552,12.745958054438233
2026-08-10T17:43:19.135100+00:00,communication_drift_01,meter_03,444,none,publish_interval,random,random,random,normal_drift,0.9999999925507206,0.45775655211354993,0,,1,0,collecting_candidates;drift_not_confirmed,source_publish_interval,voltage_rolling_mean=230.612357;source_publish_interval=0.804626,source_publish_interval,0.6018748972564936,9.675042005255818,10.297459084540606
2026-08-10T17:43:19.908262+00:00,communication_drift_01,meter_01,445,none,publish_interval,random,random,random,normal_drift,0.9999999988228847,0.4609571655146537,0,,1,0,collecting_candidates;drift_not_confirmed,source_publish_interval,voltage_rolling_mean=231.592152;source_publish_interval=0.804622,source_publish_interval,2.1352090407162905,21.913666976615787,24.089959217235446
2026-08-10T17:43:19.932777+00:00,communication_drift_01,meter_02,445,none,publish_interval,random,random,random,normal_drift,0.9999999943841178,0.4409661357858933,0,,1,0,collecting_candidates;drift_not_confirmed,source_publish_interval,voltage_rolling_mean=231.433796;source_publish_interval=0.804625,source_publish_interval,0.8668750524520874,12.190292123705149,13.082750141620636
2026-08-10T17:43:19.946007+00:00,communication_drift_01,meter_03,445,none,publish_interval,random,random,random,normal_drift,0.9999999937338826,0.46825237665118685,0,,1,0,collecting_candidates;drift_not_confirmed,source_publish_interval,voltage_rolling_mean=230.612357;source_publish_interval=0.804626,source_publish_interval,0.5950829945504665,9.690542006865144,10.305250063538551
2026-08-10T17:43:20.712361+00:00,communication_drift_01,meter_01,446,none,publish_interval,random,random,random,normal_drift,0.9999999970498135,0.4691057695020399,0,,1,0,collecting_candidates;drift_not_confirmed,source_publish_interval,voltage_rolling_mean=231.592152;source_publish_interval=0.804622,source_publish_interval,2.0381249487400055,19.216042011976242,21.293625002726912
2026-08-10T17:43:20.734106+00:00,communication_drift_01,meter_02,446,none,publish_interval,random,random,random,normal_drift,0.9999999670368163,0.45637131113477397,0,,1,0,collecting_candidates;drift_not_confirmed,source_publish_interval,voltage_rolling_mean=231.433796;source_publish_interval=0.804625,source_publish_interval,0.7259170524775982,11.384750017896295,12.134874938055873
2026-08-10T17:43:20.746363+00:00,communication_drift_01,meter_03,446,none,publish_interval,random,random,random,normal_drift,0.9999999856935489,0.45480332415330643,0,,1,0,collecting_candidates;drift_not_confirmed,source_publish_interval,voltage_rolling_mean=230.612357;source_publish_interval=0.804626,source_publish_interval,0.5308329127728939,9.36108292080462,9.912207955494523
2026-08-10T17:43:21.522255+00:00,communication_drift_01,meter_01,447,none,publish_interval,random,random,random,normal_drift,0.9999999965084718,0.5198385657167126,0,,1,0,collecting_candidates;drift_not_confirmed,source_publish_interval,voltage_rolling_mean=231.592152;source_publish_interval=0.804622,source_publish_interval,2.4651249404996634,19.225124968215823,21.719790995121002
2026-08-10T17:43:21.544342+00:00,communication_drift_01,meter_02,447,none,publish_interval,random,random,random,normal_drift,0.9999999314547046,0.5443593375279685,0,,1,0,collecting_candidates;drift_not_confirmed,source_publish_interval,voltage_rolling_mean=231.433796;source_publish_interval=0.804625,source_publish_interval,0.673583010211587,11.482083005830646,12.176417047157884
2026-08-10T17:43:21.556617+00:00,communication_drift_01,meter_03,447,none,publish_interval,random,random,random,normal_drift,0.9999999703188072,0.4633838514908679,0,,1,0,collecting_candidates;drift_not_confirmed,source_publish_interval,voltage_rolling_mean=230.612357;source_publish_interval=0.804626,source_publish_interval,0.5189168732613325,9.439541026949883,9.97849996201694
2026-08-10T17:43:22.324484+00:00,communication_drift_01,meter_01,448,none,publish_interval,random,random,random,normal_drift,0.9999999975870013,0.45029626635555126,0,,1,0,collecting_candidates;drift_not_confirmed,source_publish_interval,voltage_rolling_mean=231.592152;source_publish_interval=0.804622,source_publish_interval,2.3381670471280813,17.995208967477083,20.364291965961456
2026-08-10T17:43:22.345237+00:00,communication_drift_01,meter_02,448,none,publish_interval,random,random,random,normal_drift,0.9999999725661785,0.4438802396432663,0,,1,0,collecting_candidates;drift_not_confirmed,source_publish_interval,voltage_rolling_mean=231.433796;source_publish_interval=0.804625,source_publish_interval,0.6824159063398838,11.276833014562726,11.97912497445941
2026-08-10T17:43:22.357315+00:00,communication_drift_01,meter_03,448,none,publish_interval,random,random,random,normal_drift,0.9999999760167332,0.4595344344187459,0,,1,0,collecting_candidates;drift_not_confirmed,source_publish_interval,voltage_rolling_mean=230.612357;source_publish_interval=0.804626,source_publish_interval,0.5152500234544277,9.334250120446086,9.867792017757893
2026-08-10T17:43:23.131211+00:00,communication_drift_01,meter_01,449,none,publish_interval,random,random,random,normal_drift,0.9999999984086434,0.4486579538958411,0,,1,0,collecting_candidates;drift_not_confirmed,source_publish_interval,voltage_rolling_mean=231.592152;source_publish_interval=0.804622,source_publish_interval,1.3940408825874329,19.91816610097885,21.349332993850112
2026-08-10T17:43:23.152864+00:00,communication_drift_01,meter_02,449,none,publish_interval,random,random,random,normal_drift,0.9999999859524162,0.4425646376245629,0,,1,0,collecting_candidates;drift_not_confirmed,source_publish_interval,voltage_rolling_mean=231.433796;source_publish_interval=0.804625,source_publish_interval,0.8125000167638063,12.795541901141405,13.632457936182618
2026-08-10T17:43:23.166620+00:00,communication_drift_01,meter_03,449,none,publish_interval,random,random,random,normal_drift,0.999999973428227,0.45642160394965914,0,,1,0,collecting_candidates;drift_not_confirmed,source_publish_interval,voltage_rolling_mean=230.612357;source_publish_interval=0.804626,source_publish_interval,0.6050409283488989,9.900167118757963,10.525124846026301
2026-08-10T17:43:23.941733+00:00,communication_drift_01,meter_01,450,none,publish_interval,random,random,random,normal_drift,0.9999999986388908,0.4623458934780367,0,,1,0,collecting_candidates;drift_not_confirmed,source_publish_interval,voltage_rolling_mean=231.592152;source_publish_interval=0.804622,source_publish_interval,2.034875098615885,21.46075014024973,23.54637486860156
2026-08-10T17:43:23.965723+00:00,communication_drift_01,meter_02,450,none,publish_interval,random,random,random,normal_drift,0.9999999933837136,0.4595460787498979,0,,1,0,collecting_candidates;drift_not_confirmed,source_publish_interval,voltage_rolling_mean=231.433796;source_publish_interval=0.804625,source_publish_interval,0.8619590662419796,12.117249891161919,13.002374907955527
2026-08-10T17:43:23.978851+00:00,communication_drift_01,meter_03,450,none,publish_interval,random,random,random,normal_drift,0.9999999968750943,0.44282559192025356,0,,1,0,collecting_candidates;drift_not_confirmed,source_publish_interval,voltage_rolling_mean=230.612357;source_publish_interval=0.804626,source_publish_interval,0.5792500451207161,9.858708130195737,10.458874981850386
2026-08-10T17:43:24.745082+00:00,communication_drift_01,meter_01,451,none,publish_interval,random,random,random,normal_drift,0.9999999987874291,0.4848002847887412,0,,1,0,collecting_candidates;drift_not_confirmed,source_publish_interval,voltage_rolling_mean=231.592152;source_publish_interval=0.804622,source_publish_interval,2.423166995868087,22.13325002230704,24.596333969384432
2026-08-10T17:43:24.770077+00:00,communication_drift_01,meter_02,451,none,publish_interval,random,random,random,normal_drift,0.9999999964928261,0.4819275550431241,0,,1,0,collecting_candidates;drift_not_confirmed,source_publish_interval,voltage_rolling_mean=231.433796;source_publish_interval=0.804625,source_publish_interval,0.8057919330894947,12.380166910588741,13.209625147283077
2026-08-10T17:43:24.783398+00:00,communication_drift_01,meter_03,451,none,publish_interval,random,random,random,normal_drift,0.9999999876135867,0.5446446522953196,0,,1,0,collecting_candidates;drift_not_confirmed,source_publish_interval,voltage_rolling_mean=230.612357;source_publish_interval=0.804626,source_publish_interval,0.5785410758107901,9.7140830475837,10.312458965927362
2026-08-10T17:43:25.554815+00:00,communication_drift_01,meter_01,452,none,publish_interval,random,random,random,normal_drift,0.9999999948584939,0.45075292490278884,0,,1,0,collecting_candidates;drift_not_confirmed,source_publish_interval,voltage_rolling_mean=231.592152;source_publish_interval=0.804622,source_publish_interval,3.067291807383299,17.334790900349617,20.436540944501758
2026-08-10T17:43:25.575652+00:00,communication_drift_01,meter_02,452,none,publish_interval,random,random,random,normal_drift,0.9999999921036934,0.495327543439801,0,,1,0,collecting_candidates;drift_not_confirmed,source_publish_interval,voltage_rolling_mean=231.433796;source_publish_interval=0.804625,source_publish_interval,0.7221659179776907,11.016374919563532,11.758916079998016
2026-08-10T17:43:25.587514+00:00,communication_drift_01,meter_03,452,none,publish_interval,random,random,random,normal_drift,0.9999999849399592,0.44430023539127894,0,,1,0,collecting_candidates;drift_not_confirmed,source_publish_interval,voltage_rolling_mean=230.612357;source_publish_interval=0.804626,source_publish_interval,0.5058341193944216,9.216458071023226,9.742374997586012
2026-08-10T17:43:26.363471+00:00,communication_drift_01,meter_01,453,none,publish_interval,random,random,random,normal_drift,0.9999999996402251,0.44779436917728865,0,,1,0,collecting_candidates;drift_not_confirmed,source_publish_interval,voltage_rolling_mean=231.592152;source_publish_interval=0.804622,source_publish_interval,2.50708288513124,21.02250000461936,23.56829191558063
2026-08-10T17:43:26.387367+00:00,communication_drift_01,meter_02,453,none,publish_interval,random,random,random,normal_drift,0.999999995898166,0.5178227262186103,0,,1,0,collecting_candidates;drift_not_confirmed,source_publish_interval,voltage_rolling_mean=231.433796;source_publish_interval=0.804625,source_publish_interval,0.7968330755829811,12.260458897799253,13.082499848678708
2026-08-10T17:43:26.400592+00:00,communication_drift_01,meter_03,453,none,publish_interval,random,random,random,normal_drift,0.9999999584763268,0.43605584020902133,0,,1,0,collecting_candidates;drift_not_confirmed,source_publish_interval,voltage_rolling_mean=230.612357;source_publish_interval=0.804626,source_publish_interval,0.571749871596694,9.643124882131815,10.234375018626451
2026-08-10T17:43:27.166630+00:00,communication_drift_01,meter_01,454,none,publish_interval,random,random,random,normal_drift,0.999999998637529,0.463022054360326,0,,1,1,drift_not_confirmed;reference_updated,source_publish_interval,voltage_rolling_mean=231.592152;source_publish_interval=0.806022,source_publish_interval,1.6527080442756414,21.970625035464764,23.670290829613805
2026-08-10T17:43:27.190616+00:00,communication_drift_01,meter_02,454,none,publish_interval,random,random,random,normal_drift,0.9999999930465542,0.5695292944669798,0,,1,1,drift_not_confirmed;reference_updated,source_publish_interval,voltage_rolling_mean=231.433796;source_publish_interval=0.806021,source_publish_interval,0.7136671338230371,11.769917095080018,12.513916939496994
2026-08-10T17:43:27.203270+00:00,communication_drift_01,meter_03,454,none,publish_interval,random,random,random,normal_drift,0.9999999889355645,0.48487342174012577,0,,1,1,drift_not_confirmed;reference_updated,source_publish_interval,voltage_rolling_mean=230.612357;source_publish_interval=0.806020,source_publish_interval,0.5908331368118525,9.47654084302485,10.091291042044759
2026-08-10T17:43:27.976774+00:00,communication_drift_01,meter_01,455,none,publish_interval,random,random,random,normal_drift,0.9999999997229605,0.45918780302795703,0,,1,0,collecting_candidates;drift_not_confirmed,source_publish_interval,voltage_rolling_mean=231.592152;source_publish_interval=0.806022,source_publish_interval,2.849625190719962,20.015957998111844,22.9032919742167
2026-08-10T17:43:28.000054+00:00,communication_drift_01,meter_02,455,none,publish_interval,random,random,random,normal_drift,0.9999999938465498,0.4677248098494701,0,,1,0,collecting_candidates;drift_not_confirmed,source_publish_interval,voltage_rolling_mean=231.433796;source_publish_interval=0.806021,source_publish_interval,0.6764591671526432,11.523333843797445,12.221124954521656
2026-08-10T17:43:28.012387+00:00,communication_drift_01,meter_03,455,none,publish_interval,random,random,random,normal_drift,0.9999999898512287,0.442021336617674,0,,1,0,collecting_candidates;drift_not_confirmed,source_publish_interval,voltage_rolling_mean=230.612357;source_publish_interval=0.806020,source_publish_interval,0.5133748054504395,9.401833871379495,9.935082867741585
2026-08-10T17:43:28.787154+00:00,communication_drift_01,meter_01,456,none,publish_interval,random,random,random,normal_drift,0.999999998256736,0.48241673566351706,0,,1,0,collecting_candidates;drift_not_confirmed,source_publish_interval,voltage_rolling_mean=231.592152;source_publish_interval=0.806022,source_publish_interval,2.0643749739974737,21.232416853308678,23.33945780992508
2026-08-10T17:43:28.810954+00:00,communication_drift_01,meter_02,456,none,publish_interval,random,random,random,normal_drift,0.9999999956210344,0.44897966262394856,0,,1,0,collecting_candidates;drift_not_confirmed,source_publish_interval,voltage_rolling_mean=231.433796;source_publish_interval=0.806021,source_publish_interval,0.777499983087182,11.818416882306337,12.622208101674914
2026-08-10T17:43:28.823704+00:00,communication_drift_01,meter_03,456,none,publish_interval,random,random,random,normal_drift,0.9999999880364675,0.45559348275572725,0,,1,0,collecting_candidates;drift_not_confirmed,source_publish_interval,voltage_rolling_mean=230.612357;source_publish_interval=0.806020,source_publish_interval,0.579833984375,8.58912500552833,9.194041835144162
2026-08-10T17:43:29.591331+00:00,communication_drift_01,meter_01,457,none,publish_interval,random,random,random,normal_drift,0.9999999992261193,0.45560034325738286,0,,1,0,collecting_candidates;drift_not_confirmed,source_publish_interval,voltage_rolling_mean=231.592152;source_publish_interval=0.806022,source_publish_interval,2.7588328812271357,21.879624808207154,24.680166970938444
2026-08-10T17:43:29.616466+00:00,communication_drift_01,meter_02,457,none,publish_interval,random,random,random,normal_drift,0.9999999942861892,0.520763816945793,0,,1,0,collecting_candidates;drift_not_confirmed,source_publish_interval,voltage_rolling_mean=231.433796;source_publish_interval=0.806021,source_publish_interval,0.817999942228198,12.029459001496434,12.882624985650182
2026-08-10T17:43:29.629506+00:00,communication_drift_01,meter_03,457,none,publish_interval,random,random,random,normal_drift,0.9999999927504326,0.4371563322384156,0,,1,0,collecting_candidates;drift_not_confirmed,source_publish_interval,voltage_rolling_mean=230.612357;source_publish_interval=0.806020,source_publish_interval,0.6047498900443316,9.610458044335246,10.23520901799202
2026-08-10T17:43:30.399432+00:00,communication_drift_01,meter_01,458,none,publish_interval,random,random,random,normal_drift,0.9999999982367995,0.5428762902541505,0,,1,0,collecting_candidates;drift_not_confirmed,source_publish_interval,voltage_rolling_mean=231.592152;source_publish_interval=0.806022,source_publish_interval,1.9885830115526915,22.420791909098625,24.444750044494867
2026-08-10T17:43:30.424174+00:00,communication_drift_01,meter_02,458,none,publish_interval,random,random,random,normal_drift,0.9999999602256942,0.578125335018883,0,,1,0,collecting_candidates;drift_not_confirmed,source_publish_interval,voltage_rolling_mean=231.433796;source_publish_interval=0.806021,source_publish_interval,0.702250050380826,11.794917052611709,12.519625015556812
2026-08-10T17:43:30.436804+00:00,communication_drift_01,meter_03,458,none,publish_interval,random,random,random,normal_drift,0.9999999890650296,0.43775169780614986,0,,1,0,collecting_candidates;drift_not_confirmed,source_publish_interval,voltage_rolling_mean=230.612357;source_publish_interval=0.806020,source_publish_interval,0.524250091984868,9.532874915748835,10.076666017994285
2026-08-10T17:43:31.206984+00:00,communication_drift_01,meter_01,459,none,publish_interval,random,random,random,normal_drift,0.999999998429115,0.44360614160841094,0,,1,0,collecting_candidates;drift_not_confirmed,source_publish_interval,voltage_rolling_mean=231.592152;source_publish_interval=0.806022,source_publish_interval,1.3868329115211964,20.523417042568326,21.95033384487033
2026-08-10T17:43:31.229194+00:00,communication_drift_01,meter_02,459,none,publish_interval,random,random,random,normal_drift,0.9999999941436,0.49591506567630284,0,,1,0,collecting_candidates;drift_not_confirmed,source_publish_interval,voltage_rolling_mean=231.433796;source_publish_interval=0.806021,source_publish_interval,0.8351660799235106,12.691540876403451,13.551125070080161
2026-08-10T17:43:31.242877+00:00,communication_drift_01,meter_03,459,none,publish_interval,random,random,random,normal_drift,0.9999999696503103,0.5038435239333986,0,,1,0,collecting_candidates;drift_not_confirmed,source_publish_interval,voltage_rolling_mean=230.612357;source_publish_interval=0.806020,source_publish_interval,0.5681661423295736,10.053042089566588,10.64104214310646
2026-08-10T17:43:32.017810+00:00,communication_drift_01,meter_01,460,none,publish_interval,random,random,random,normal_drift,0.9999999954545746,0.48557213769628704,0,,1,0,collecting_candidates;drift_not_confirmed,source_publish_interval,voltage_rolling_mean=231.592152;source_publish_interval=0.806022,source_publish_interval,2.1322080865502357,22.36412512138486,24.543500039726496
2026-08-10T17:43:32.042784+00:00,communication_drift_01,meter_02,460,none,publish_interval,random,random,random,normal_drift,0.9999999927992351,0.4508732422386911,0,,1,0,collecting_candidates;drift_not_confirmed,source_publish_interval,voltage_rolling_mean=231.433796;source_publish_interval=0.806021,source_publish_interval,0.8302079513669014,11.8413339368999,12.698582839220762
2026-08-10T17:43:32.055607+00:00,communication_drift_01,meter_03,460,none,publish_interval,random,random,random,normal_drift,0.9999999326361829,0.5970449239147366,0,,1,0,collecting_candidates;drift_not_confirmed,source_publish_interval,voltage_rolling_mean=230.612357;source_publish_interval=0.806020,source_publish_interval,0.5777080077677965,9.625166887417436,10.224167024716735
2026-08-10T17:43:32.821208+00:00,communication_drift_01,meter_01,461,none,publish_interval,random,random,random,normal_drift,0.9999999986725303,0.4453232386242041,0,,1,0,collecting_candidates;drift_not_confirmed,source_publish_interval,voltage_rolling_mean=231.592152;source_publish_interval=0.806022,source_publish_interval,1.3931670691817999,20.121041918173432,21.550958044826984
2026-08-10T17:43:32.843045+00:00,communication_drift_01,meter_02,461,none,publish_interval,random,random,random,normal_drift,0.9999999983378192,0.44741356053260806,0,,1,0,collecting_candidates;drift_not_confirmed,source_publish_interval,voltage_rolling_mean=231.433796;source_publish_interval=0.806021,source_publish_interval,0.8638750296086073,12.645040871575475,13.53354100137949
2026-08-10T17:43:32.856692+00:00,communication_drift_01,meter_03,461,none,publish_interval,random,random,random,normal_drift,0.9999999472499072,0.47267279473700874,0,,1,0,collecting_candidates;drift_not_confirmed,source_publish_interval,voltage_rolling_mean=230.612357;source_publish_interval=0.806020,source_publish_interval,0.5716250743716955,9.77699994109571,10.368082905188203
2026-08-10T17:43:33.629125+00:00,communication_drift_01,meter_01,462,none,publish_interval,random,random,random,normal_drift,0.9999999959236892,0.46152737071330324,0,,1,0,collecting_candidates;drift_not_confirmed,source_publish_interval,voltage_rolling_mean=231.592152;source_publish_interval=0.806022,source_publish_interval,1.4080419205129147,20.38608305156231,21.83079207316041
2026-08-10T17:43:33.651279+00:00,communication_drift_01,meter_02,462,none,publish_interval,random,random,random,normal_drift,0.999999997409905,0.509611886367231,0,,1,0,collecting_candidates;drift_not_confirmed,source_publish_interval,voltage_rolling_mean=231.433796;source_publish_interval=0.806021,source_publish_interval,0.8832910098135471,12.574832886457443,13.482332928106189
2026-08-10T17:43:33.664883+00:00,communication_drift_01,meter_03,462,none,publish_interval,random,random,random,normal_drift,0.9999999755462109,0.4496697393412023,0,,1,0,collecting_candidates;drift_not_confirmed,source_publish_interval,voltage_rolling_mean=230.612357;source_publish_interval=0.806020,source_publish_interval,0.6035829428583384,9.9393748678267,10.562957962974906
2026-08-10T17:43:34.440027+00:00,communication_drift_01,meter_01,463,none,publish_interval,random,random,random,normal_drift,0.9999999975967067,0.47231112863684777,0,,1,0,collecting_candidates;drift_not_confirmed,source_publish_interval,voltage_rolling_mean=231.592152;source_publish_interval=0.806022,source_publish_interval,2.306124893948436,20.059874979779124,22.406999953091145
2026-08-10T17:43:34.462904+00:00,communication_drift_01,meter_02,463,none,publish_interval,random,random,random,normal_drift,0.9999999955933185,0.4544544799277643,0,,1,0,collecting_candidates;drift_not_confirmed,source_publish_interval,voltage_rolling_mean=231.433796;source_publish_interval=0.806021,source_publish_interval,0.7404161151498556,11.476125102490187,12.23891694098711
2026-08-10T17:43:34.475271+00:00,communication_drift_01,meter_03,463,none,publish_interval,random,random,random,normal_drift,0.9999999905755813,0.47719467764158763,0,,1,0,collecting_candidates;drift_not_confirmed,source_publish_interval,voltage_rolling_mean=230.612357;source_publish_interval=0.806020,source_publish_interval,0.5352909211069345,9.362875018268824,9.918209165334702
2026-08-10T17:43:35.245257+00:00,communication_drift_01,meter_01,464,none,publish_interval,random,random,random,normal_drift,0.9999999036367471,0.5898121615539785,0,,1,0,collecting_candidates;drift_not_confirmed,source_publish_interval,voltage_rolling_mean=231.592152;source_publish_interval=0.806022,source_publish_interval,1.9232090562582016,21.83766709640622,23.80058402195573
2026-08-10T17:43:35.269416+00:00,communication_drift_01,meter_02,464,none,publish_interval,random,random,random,normal_drift,0.9999999255789749,0.5585190150155321,0,,1,0,collecting_candidates;drift_not_confirmed,source_publish_interval,voltage_rolling_mean=231.433796;source_publish_interval=0.806021,source_publish_interval,0.8616249542683363,11.942500015720725,12.828791979700327
2026-08-10T17:43:35.282388+00:00,communication_drift_01,meter_03,464,none,publish_interval,random,random,random,normal_drift,0.9999999903696063,0.4490049939664495,0,,1,0,collecting_candidates;drift_not_confirmed,source_publish_interval,voltage_rolling_mean=230.612357;source_publish_interval=0.806020,source_publish_interval,0.593916978687048,9.691833052784204,10.305958101525903
2026-08-10T17:43:36.049948+00:00,communication_drift_01,meter_01,465,none,publish_interval,random,random,random,normal_drift,0.9999999762546455,0.48879296598481825,0,,1,0,collecting_candidates;drift_not_confirmed,source_publish_interval,voltage_rolling_mean=231.592152;source_publish_interval=0.806022,source_publish_interval,2.4870841298252344,22.571624955162406,25.101250037550926
2026-08-10T17:43:36.075490+00:00,communication_drift_01,meter_02,465,none,publish_interval,random,random,random,normal_drift,0.999999995694322,0.47182552643039594,0,,1,0,collecting_candidates;drift_not_confirmed,source_publish_interval,voltage_rolling_mean=231.433796;source_publish_interval=0.806021,source_publish_interval,0.8741251658648252,12.419833103194833,13.32116685807705
2026-08-10T17:43:36.088950+00:00,communication_drift_01,meter_03,465,none,publish_interval,random,random,random,normal_drift,0.9999999927072958,0.4551092136832964,0,,1,0,collecting_candidates;drift_not_confirmed,source_publish_interval,voltage_rolling_mean=230.612357;source_publish_interval=0.806020,source_publish_interval,0.6105410866439342,9.644292062148452,10.275542037561536
2026-08-10T17:43:36.859529+00:00,communication_drift_01,meter_01,466,none,publish_interval,random,random,random,normal_drift,0.9999999992333581,0.4706446523430751,0,,1,0,collecting_candidates;drift_not_confirmed,source_publish_interval,voltage_rolling_mean=231.592152;source_publish_interval=0.806022,source_publish_interval,2.0817499607801437,21.127167157828808,23.252417100593448
2026-08-10T17:43:36.883344+00:00,communication_drift_01,meter_02,466,none,publish_interval,random,random,random,normal_drift,0.9999999588425569,0.5102580473299452,0,,1,0,collecting_candidates;drift_not_confirmed,source_publish_interval,voltage_rolling_mean=231.433796;source_publish_interval=0.806021,source_publish_interval,0.8119158446788788,12.087875045835972,12.926124967634678
2026-08-10T17:43:36.896420+00:00,communication_drift_01,meter_03,466,none,publish_interval,random,random,random,normal_drift,0.9999999384659202,0.5029304506002817,0,,1,0,collecting_candidates;drift_not_confirmed,source_publish_interval,voltage_rolling_mean=230.612357;source_publish_interval=0.806020,source_publish_interval,0.5978750996291637,9.637958137318492,10.257124900817871
2026-08-10T17:43:37.669831+00:00,communication_drift_01,meter_01,467,none,publish_interval,random,random,random,normal_drift,0.9999999847683363,0.5425658826816,0,,1,0,collecting_candidates;drift_not_confirmed,source_publish_interval,voltage_rolling_mean=231.592152;source_publish_interval=0.806022,source_publish_interval,2.6771249249577522,17.685458064079285,20.40433301590383
2026-08-10T17:43:37.690677+00:00,communication_drift_01,meter_02,467,none,publish_interval,random,random,random,normal_drift,0.9999999925456667,0.43375845983370637,0,,1,0,collecting_candidates;drift_not_confirmed,source_publish_interval,voltage_rolling_mean=231.433796;source_publish_interval=0.806021,source_publish_interval,0.7708750199526548,11.261834064498544,12.05624989233911
2026-08-10T17:43:37.702858+00:00,communication_drift_01,meter_03,467,none,publish_interval,random,random,random,normal_drift,0.9999999939958246,0.487725063065981,0,,1,0,collecting_candidates;drift_not_confirmed,source_publish_interval,voltage_rolling_mean=230.612357;source_publish_interval=0.806020,source_publish_interval,0.5358331836760044,9.282834129408002,9.842708008363843
2026-08-10T17:43:38.476915+00:00,communication_drift_01,meter_01,468,none,publish_interval,random,random,random,normal_drift,0.9999999956368064,0.44890347730734603,0,,1,0,collecting_candidates;drift_not_confirmed,source_publish_interval,voltage_rolling_mean=231.592152;source_publish_interval=0.806022,source_publish_interval,2.0033749751746655,21.617166930809617,23.69008306413889
2026-08-10T17:43:38.501126+00:00,communication_drift_01,meter_02,468,none,publish_interval,random,random,random,normal_drift,0.999999995531403,0.4386829209805237,0,,1,0,collecting_candidates;drift_not_confirmed,source_publish_interval,voltage_rolling_mean=231.433796;source_publish_interval=0.806021,source_publish_interval,0.9439578279852867,12.111499905586243,13.086500111967325
2026-08-10T17:43:38.514419+00:00,communication_drift_01,meter_03,468,none,publish_interval,random,random,random,normal_drift,0.9999999846392786,0.46453625936916826,0,,1,0,collecting_candidates;drift_not_confirmed,source_publish_interval,voltage_rolling_mean=230.612357;source_publish_interval=0.806020,source_publish_interval,0.5715829320251942,9.539542021229863,10.134459007531404
2026-08-10T17:43:39.287046+00:00,communication_drift_01,meter_01,469,none,publish_interval,random,random,random,normal_drift,0.9999999977412866,0.49579976949766397,0,,1,0,collecting_candidates;drift_not_confirmed,source_publish_interval,voltage_rolling_mean=231.592152;source_publish_interval=0.806022,source_publish_interval,2.5334579404443502,22.535416996106505,25.117875076830387
2026-08-10T17:43:39.312602+00:00,communication_drift_01,meter_02,469,none,publish_interval,random,random,random,normal_drift,0.9999999949679883,0.5142137436083927,0,,1,0,collecting_candidates;drift_not_confirmed,source_publish_interval,voltage_rolling_mean=231.433796;source_publish_interval=0.806021,source_publish_interval,0.8855420164763927,12.136791832745075,13.051124988123775
2026-08-10T17:43:39.325807+00:00,communication_drift_01,meter_03,469,none,publish_interval,random,random,random,normal_drift,0.9999999596966668,0.4826603530170183,0,,1,0,collecting_candidates;drift_not_confirmed,source_publish_interval,voltage_rolling_mean=230.612357;source_publish_interval=0.806020,source_publish_interval,0.5989170167595148,9.756375104188919,10.377209167927504
2026-08-10T17:43:40.097279+00:00,communication_drift_01,meter_01,470,none,publish_interval,random,random,random,normal_drift,0.9999999468138187,0.5204653251864151,0,,1,0,collecting_candidates;drift_not_confirmed,source_publish_interval,voltage_rolling_mean=231.592152;source_publish_interval=0.806022,source_publish_interval,2.0472919568419456,22.185832960531116,24.284749990329146
2026-08-10T17:43:40.122036+00:00,communication_drift_01,meter_02,470,none,publish_interval,random,random,random,normal_drift,0.999999933538809,0.5265750255483427,0,,1,0,collecting_candidates;drift_not_confirmed,source_publish_interval,voltage_rolling_mean=231.433796;source_publish_interval=0.806021,source_publish_interval,0.9041670709848404,11.776917148381472,12.710917042568326
2026-08-10T17:43:40.134912+00:00,communication_drift_01,meter_03,470,none,publish_interval,random,random,random,normal_drift,0.9999999969131641,0.44654826989848,0,,1,0,collecting_candidates;drift_not_confirmed,source_publish_interval,voltage_rolling_mean=230.612357;source_publish_interval=0.806020,source_publish_interval,0.6133751012384892,9.584791958332062,10.221540927886963
2026-08-10T17:43:40.907265+00:00,communication_drift_01,meter_01,471,none,publish_interval,random,random,random,normal_drift,0.999999999433044,0.44508753552579255,0,,1,0,collecting_candidates;drift_not_confirmed,source_publish_interval,voltage_rolling_mean=231.592152;source_publish_interval=0.806022,source_publish_interval,1.9558339845389128,22.069582948461175,24.065874982625246
2026-08-10T17:43:40.931721+00:00,communication_drift_01,meter_02,471,none,publish_interval,random,random,random,normal_drift,0.999999996233077,0.43842865184425334,0,,1,0,collecting_candidates;drift_not_confirmed,source_publish_interval,voltage_rolling_mean=231.433796;source_publish_interval=0.806021,source_publish_interval,0.8778341580182314,11.851874878630042,12.757083866745234
2026-08-10T17:43:40.944618+00:00,communication_drift_01,meter_03,471,none,publish_interval,random,random,random,normal_drift,0.9999999868029563,0.44963258455471217,0,,1,0,collecting_candidates;drift_not_confirmed,source_publish_interval,voltage_rolling_mean=230.612357;source_publish_interval=0.806020,source_publish_interval,0.5942080169916153,9.693583007901907,10.309499921277165
2026-08-10T17:43:41.717225+00:00,communication_drift_01,meter_01,472,none,publish_interval,random,random,random,normal_drift,0.9999999978533898,0.5741739199655588,0,,1,0,collecting_candidates;drift_not_confirmed,source_publish_interval,voltage_rolling_mean=231.592152;source_publish_interval=0.806022,source_publish_interval,2.178500173613429,21.92725008353591,24.145707953721285
2026-08-10T17:43:41.741792+00:00,communication_drift_01,meter_02,472,none,publish_interval,random,random,random,normal_drift,0.9999999483595663,0.47563050545210894,0,,1,0,collecting_candidates;drift_not_confirmed,source_publish_interval,voltage_rolling_mean=231.433796;source_publish_interval=0.806021,source_publish_interval,0.7591668982058764,11.756458086892962,12.541459174826741
2026-08-10T17:43:41.754474+00:00,communication_drift_01,meter_03,472,none,publish_interval,random,random,random,normal_drift,0.9999999940937372,0.4858018435234288,0,,1,0,collecting_candidates;drift_not_confirmed,source_publish_interval,voltage_rolling_mean=230.612357;source_publish_interval=0.806020,source_publish_interval,0.584334135055542,9.765458991751075,10.372458025813103
2026-08-10T17:43:42.527102+00:00,communication_drift_01,meter_01,473,none,publish_interval,random,random,random,normal_drift,0.9999999959944785,0.4753877400709851,0,,1,0,collecting_candidates;drift_not_confirmed,source_publish_interval,voltage_rolling_mean=231.592152;source_publish_interval=0.806022,source_publish_interval,1.9417079165577888,22.088083904236555,24.06700002029538
2026-08-10T17:43:42.551561+00:00,communication_drift_01,meter_02,473,none,publish_interval,random,random,random,normal_drift,0.9999999817324362,0.4873780603857537,0,,1,0,collecting_candidates;drift_not_confirmed,source_publish_interval,voltage_rolling_mean=231.433796;source_publish_interval=0.806021,source_publish_interval,0.8620000444352627,11.851207818835974,12.737666023895144
2026-08-10T17:43:42.564413+00:00,communication_drift_01,meter_03,473,none,publish_interval,random,random,random,normal_drift,0.9999999959010739,0.45618382551737113,0,,1,0,collecting_candidates;drift_not_confirmed,source_publish_interval,voltage_rolling_mean=230.612357;source_publish_interval=0.806020,source_publish_interval,0.5844580009579659,9.70308412797749,10.308665921911597
2026-08-10T17:43:43.328938+00:00,communication_drift_01,meter_01,474,none,publish_interval,random,random,random,normal_drift,0.9999999961410921,0.45441782670866004,0,,1,1,drift_not_confirmed;reference_updated,source_publish_interval,voltage_rolling_mean=231.592152;source_publish_interval=0.807063,source_publish_interval,2.503375057131052,22.265708073973656,24.821165949106216
2026-08-10T17:43:43.354223+00:00,communication_drift_01,meter_02,474,none,publish_interval,random,random,random,normal_drift,0.9999999779666808,0.4392679581969899,0,,1,1,drift_not_confirmed;reference_updated,source_publish_interval,voltage_rolling_mean=231.433796;source_publish_interval=0.807063,source_publish_interval,0.8817911148071289,12.034791987389326,12.947540963068604
2026-08-10T17:43:43.367338+00:00,communication_drift_01,meter_03,474,none,publish_interval,random,random,random,normal_drift,0.9999999966632378,0.4941212186928203,0,,1,1,drift_not_confirmed;reference_updated,source_publish_interval,voltage_rolling_mean=230.612357;source_publish_interval=0.807065,source_publish_interval,0.5976660177111626,9.575749980285764,10.196750052273273
2026-08-10T17:43:44.138447+00:00,communication_drift_01,meter_01,475,none,publish_interval,random,random,random,normal_drift,0.9999999724108167,0.5370082358858957,0,,1,0,collecting_candidates;drift_not_confirmed,source_publish_interval,voltage_rolling_mean=231.592152;source_publish_interval=0.807063,source_publish_interval,2.4407499004155397,21.36887493543327,23.86104199104011
2026-08-10T17:43:44.162684+00:00,communication_drift_01,meter_02,475,none,publish_interval,random,random,random,normal_drift,0.9999999877821172,0.4743133983417931,0,,1,0,collecting_candidates;drift_not_confirmed,source_publish_interval,voltage_rolling_mean=231.433796;source_publish_interval=0.807063,source_publish_interval,0.9097091387957335,12.152208015322685,13.088250067085028
2026-08-10T17:43:44.175916+00:00,communication_drift_01,meter_03,475,none,publish_interval,random,random,random,normal_drift,0.9999999968442093,0.4571296441636943,0,,1,0,collecting_candidates;drift_not_confirmed,source_publish_interval,voltage_rolling_mean=230.612357;source_publish_interval=0.807065,source_publish_interval,0.5336250178515911,9.791042190045118,10.349374962970614
2026-08-10T17:43:44.949336+00:00,communication_drift_01,meter_01,476,none,publish_interval,random,random,random,normal_drift,0.9999999954673744,0.5252849063004282,0,,1,0,collecting_candidates;drift_not_confirmed,source_publish_interval,voltage_rolling_mean=231.592152;source_publish_interval=0.807063,source_publish_interval,2.010124968364835,21.175041096284986,23.22145807556808
2026-08-10T17:43:44.972896+00:00,communication_drift_01,meter_02,476,none,publish_interval,random,random,random,normal_drift,0.9999999917598962,0.43334229417134174,0,,1,0,collecting_candidates;drift_not_confirmed,source_publish_interval,voltage_rolling_mean=231.433796;source_publish_interval=0.807063,source_publish_interval,0.819833017885685,11.814250145107508,12.658791849389672
2026-08-10T17:43:44.985677+00:00,communication_drift_01,meter_03,476,none,publish_interval,random,random,random,normal_drift,0.9999999149681255,0.49260509473256375,0,,1,0,collecting_candidates;drift_not_confirmed,source_publish_interval,voltage_rolling_mean=230.612357;source_publish_interval=0.807065,source_publish_interval,0.579749932512641,9.64166596531868,10.241415817290545
2026-08-10T17:43:45.758599+00:00,communication_drift_01,meter_01,477,none,publish_interval,random,random,random,normal_drift,0.9999999604971881,0.5498625353541545,0,,1,0,collecting_candidates;drift_not_confirmed,source_publish_interval,voltage_rolling_mean=231.592152;source_publish_interval=0.807063,source_publish_interval,1.350458012893796,21.173041081056,22.572041023522615
2026-08-10T17:43:45.781446+00:00,communication_drift_01,meter_02,477,none,publish_interval,random,random,random,normal_drift,0.9999999921276906,0.5075234124184318,0,,1,0,collecting_candidates;drift_not_confirmed,source_publish_interval,voltage_rolling_mean=231.433796;source_publish_interval=0.807063,source_publish_interval,0.9200840722769499,12.93454086408019,13.882334111258388
2026-08-10T17:43:45.795499+00:00,communication_drift_01,meter_03,477,none,publish_interval,random,random,random,normal_drift,0.9999999985622843,0.4480429530838394,0,,1,0,collecting_candidates;drift_not_confirmed,source_publish_interval,voltage_rolling_mean=230.612357;source_publish_interval=0.807065,source_publish_interval,0.6117920856922865,9.806583169847727,10.439833858981729
2026-08-10T17:43:46.568512+00:00,communication_drift_01,meter_01,478,none,publish_interval,random,random,random,normal_drift,0.9999999939256115,0.4384649619715492,0,,1,0,collecting_candidates;drift_not_confirmed,source_publish_interval,voltage_rolling_mean=231.592152;source_publish_interval=0.807063,source_publish_interval,1.3983750250190496,20.74487484060228,22.17995817773044
2026-08-10T17:43:46.591003+00:00,communication_drift_01,meter_02,478,none,publish_interval,random,random,random,normal_drift,0.9999999853777655,0.4692538625843304,0,,1,0,collecting_candidates;drift_not_confirmed,source_publish_interval,voltage_rolling_mean=231.433796;source_publish_interval=0.807063,source_publish_interval,0.8878340013325214,12.031374964863062,12.9442079924047
2026-08-10T17:43:46.604075+00:00,communication_drift_01,meter_03,478,none,publish_interval,random,random,random,normal_drift,0.999999995672362,0.4488107844762977,0,,1,0,collecting_candidates;drift_not_confirmed,source_publish_interval,voltage_rolling_mean=230.612357;source_publish_interval=0.807065,source_publish_interval,0.586249865591526,9.739625034853816,10.346082970499992
2026-08-10T17:43:47.379444+00:00,communication_drift_01,meter_01,479,none,publish_interval,random,random,random,normal_drift,0.9999999985475403,0.48773122632823274,0,,1,0,collecting_candidates;drift_not_confirmed,source_publish_interval,voltage_rolling_mean=231.592152;source_publish_interval=0.807063,source_publish_interval,2.672540955245495,21.44437492825091,24.158457992598414
2026-08-10T17:43:47.404036+00:00,communication_drift_01,meter_02,479,none,publish_interval,random,random,random,normal_drift,0.9999999915171237,0.43626247810747604,0,,1,0,collecting_candidates;drift_not_confirmed,source_publish_interval,voltage_rolling_mean=231.433796;source_publish_interval=0.807063,source_publish_interval,0.8546249009668827,11.628916021436453,12.509874999523163
2026-08-10T17:43:47.416679+00:00,communication_drift_01,meter_03,479,none,publish_interval,random,random,random,normal_drift,0.9999999832705532,0.5660266590773466,0,,1,0,collecting_candidates;drift_not_confirmed,source_publish_interval,voltage_rolling_mean=230.612357;source_publish_interval=0.807065,source_publish_interval,0.5869579035788774,9.521958883851767,10.130208916962147
2026-08-10T17:43:48.189639+00:00,communication_drift_01,meter_01,480,none,publish_interval,random,random,random,normal_drift,0.9999999936509267,0.4466089017825771,0,,1,0,collecting_candidates;drift_not_confirmed,source_publish_interval,voltage_rolling_mean=231.592152;source_publish_interval=0.807063,source_publish_interval,2.7090420480817556,18.37041601538658,21.113499999046326
2026-08-10T17:43:48.211149+00:00,communication_drift_01,meter_02,480,none,publish_interval,random,random,random,normal_drift,0.9999999899910815,0.43865973493395716,0,,1,0,collecting_candidates;drift_not_confirmed,source_publish_interval,voltage_rolling_mean=231.433796;source_publish_interval=0.807063,source_publish_interval,0.7274157833307981,11.157916160300374,11.907416861504316
2026-08-10T17:43:48.223160+00:00,communication_drift_01,meter_03,480,none,publish_interval,random,random,random,normal_drift,0.9999999978209073,0.48200694579680264,0,,1,0,collecting_candidates;drift_not_confirmed,source_publish_interval,voltage_rolling_mean=230.612357;source_publish_interval=0.807065,source_publish_interval,0.5291251000016928,9.361749980598688,9.910541819408536
2026-08-10T17:43:48.994411+00:00,communication_drift_01,meter_01,481,none,publish_interval,random,random,random,normal_drift,0.9999999948459559,0.5391567944538561,0,,1,0,collecting_candidates;drift_not_confirmed,source_publish_interval,voltage_rolling_mean=231.592152;source_publish_interval=0.807063,source_publish_interval,1.405125018209219,20.954249892383814,22.4094579461962
2026-08-10T17:43:49.017211+00:00,communication_drift_01,meter_02,481,none,publish_interval,random,random,random,normal_drift,0.9999999683741548,0.46898220371580385,0,,1,0,collecting_candidates;drift_not_confirmed,source_publish_interval,voltage_rolling_mean=231.433796;source_publish_interval=0.807063,source_publish_interval,0.9449999779462814,12.527416925877333,13.499874854460359
2026-08-10T17:43:49.030871+00:00,communication_drift_01,meter_03,481,none,publish_interval,random,random,random,normal_drift,0.999999998537074,0.4665524986446119,0,,1,0,collecting_candidates;drift_not_confirmed,source_publish_interval,voltage_rolling_mean=230.612357;source_publish_interval=0.807065,source_publish_interval,0.5984168965369463,9.554541204124689,10.173624847084284
2026-08-10T17:43:49.805318+00:00,communication_drift_01,meter_01,482,none,publish_interval,random,random,random,normal_drift,0.9999999871237529,0.4888269822369919,0,,1,0,collecting_candidates;drift_not_confirmed,source_publish_interval,voltage_rolling_mean=231.592152;source_publish_interval=0.807063,source_publish_interval,3.4004999324679375,15.042125014588237,18.474833806976676
2026-08-10T17:43:49.824188+00:00,communication_drift_01,meter_02,482,none,publish_interval,random,random,random,normal_drift,0.9999999739888057,0.5666783063887579,0,,1,0,collecting_candidates;drift_not_confirmed,source_publish_interval,voltage_rolling_mean=231.433796;source_publish_interval=0.807063,source_publish_interval,0.7297080010175705,10.854375082999468,11.605332838371396
2026-08-10T17:43:49.835896+00:00,communication_drift_01,meter_03,482,none,publish_interval,random,random,random,normal_drift,0.9999999755774708,0.4735962470894275,0,,1,0,collecting_candidates;drift_not_confirmed,source_publish_interval,voltage_rolling_mean=230.612357;source_publish_interval=0.807065,source_publish_interval,0.5270000547170639,9.093666216358542,9.639792144298553
2026-08-10T17:43:50.605516+00:00,communication_drift_01,meter_01,483,none,publish_interval,random,random,random,normal_drift,0.9999999653073431,0.47226024243761705,0,,1,0,collecting_candidates;drift_not_confirmed,source_publish_interval,voltage_rolling_mean=231.592152;source_publish_interval=0.807063,source_publish_interval,2.039042068645358,21.772499894723296,23.85112503543496
2026-08-10T17:43:50.629717+00:00,communication_drift_01,meter_02,483,none,publish_interval,random,random,random,normal_drift,0.9999999894888022,0.4368048116945848,0,,1,0,collecting_candidates;drift_not_confirmed,source_publish_interval,voltage_rolling_mean=231.433796;source_publish_interval=0.807063,source_publish_interval,0.8449170272797346,11.885958956554532,12.7555001527071
2026-08-10T17:43:50.642602+00:00,communication_drift_01,meter_03,483,none,publish_interval,random,random,random,normal_drift,0.9999999993419102,0.4426008118503393,0,,1,0,collecting_candidates;drift_not_confirmed,source_publish_interval,voltage_rolling_mean=230.612357;source_publish_interval=0.807065,source_publish_interval,0.5876249633729458,9.538208832964301,10.145582957193255
2026-08-10T17:43:51.415290+00:00,communication_drift_01,meter_01,484,none,publish_interval,random,random,random,normal_drift,0.9999997911382547,0.5493566573432319,0,,1,0,collecting_candidates;drift_not_confirmed,source_publish_interval,voltage_rolling_mean=231.592152;source_publish_interval=0.807063,source_publish_interval,2.311083022505045,21.11824997700751,23.468875093385577
2026-08-10T17:43:51.439140+00:00,communication_drift_01,meter_02,484,none,publish_interval,random,random,random,normal_drift,0.9999999880265108,0.4601757884425114,0,,1,0,collecting_candidates;drift_not_confirmed,source_publish_interval,voltage_rolling_mean=231.433796;source_publish_interval=0.807063,source_publish_interval,0.8388329297304153,11.613666079938412,12.478540884330869
2026-08-10T17:43:51.451759+00:00,communication_drift_01,meter_03,484,none,publish_interval,random,random,random,normal_drift,0.9999999987047088,0.4457954357384496,0,,1,0,collecting_candidates;drift_not_confirmed,source_publish_interval,voltage_rolling_mean=230.612357;source_publish_interval=0.807065,source_publish_interval,0.5933339707553387,9.538249811157584,10.151792084798217
2026-08-10T17:43:52.225391+00:00,communication_drift_01,meter_01,485,none,publish_interval,random,random,random,normal_drift,0.9999999882051235,0.4457959639666425,0,,1,0,collecting_candidates;drift_not_confirmed,source_publish_interval,voltage_rolling_mean=231.592152;source_publish_interval=0.807063,source_publish_interval,2.232958097010851,21.499084075912833,23.778541944921017
2026-08-10T17:43:52.249625+00:00,communication_drift_01,meter_02,485,none,publish_interval,random,random,random,normal_drift,0.9999999768744435,0.5125817695731167,0,,1,0,collecting_candidates;drift_not_confirmed,source_publish_interval,voltage_rolling_mean=231.433796;source_publish_interval=0.807063,source_publish_interval,0.8376671466976404,11.940124910324812,12.803083984181285
2026-08-10T17:43:52.262553+00:00,communication_drift_01,meter_03,485,none,publish_interval,random,random,random,normal_drift,0.9999999979169205,0.4684193371185413,0,,1,0,collecting_candidates;drift_not_confirmed,source_publish_interval,voltage_rolling_mean=230.612357;source_publish_interval=0.807065,source_publish_interval,0.5799999926239252,8.537334157153964,9.141708025708795
2026-08-10T17:43:53.033782+00:00,communication_drift_01,meter_01,486,none,publish_interval,random,random,random,normal_drift,0.999999991617338,0.4652126534467146,0,,1,0,collecting_candidates;drift_not_confirmed,source_publish_interval,voltage_rolling_mean=231.592152;source_publish_interval=0.807063,source_publish_interval,2.9964169953018427,22.796083008870482,25.840207934379578
2026-08-10T17:43:53.060094+00:00,communication_drift_01,meter_02,486,none,publish_interval,random,random,random,normal_drift,0.9999999957684669,0.43761093289205577,0,,1,0,collecting_candidates;drift_not_confirmed,source_publish_interval,voltage_rolling_mean=231.433796;source_publish_interval=0.807063,source_publish_interval,0.8987919427454472,12.078250059857965,13.005374930799007
2026-08-10T17:43:53.073253+00:00,communication_drift_01,meter_03,486,none,publish_interval,random,random,random,normal_drift,0.9999999988338575,0.4447135281489771,0,,1,0,collecting_candidates;drift_not_confirmed,source_publish_interval,voltage_rolling_mean=230.612357;source_publish_interval=0.807065,source_publish_interval,0.5920829717069864,9.644666919484735,10.258625028654933
2026-08-10T17:43:53.840855+00:00,communication_drift_01,meter_01,487,none,publish_interval,random,random,random,normal_drift,0.9999999881304836,0.4918891012048413,0,,1,0,collecting_candidates;drift_not_confirmed,source_publish_interval,voltage_rolling_mean=231.592152;source_publish_interval=0.807063,source_publish_interval,2.4831669870764017,18.090292112901807,20.60841699130833
2026-08-10T17:43:53.861801+00:00,communication_drift_01,meter_02,487,none,publish_interval,random,random,random,normal_drift,0.9999999835424234,0.4445562168956634,0,,1,0,collecting_candidates;drift_not_confirmed,source_publish_interval,voltage_rolling_mean=231.433796;source_publish_interval=0.807063,source_publish_interval,0.6906250491738319,11.65095902979374,12.364249909296632
2026-08-10T17:43:53.874267+00:00,communication_drift_01,meter_03,487,none,publish_interval,random,random,random,normal_drift,0.9999999986068755,0.46691449469137697,0,,1,0,collecting_candidates;drift_not_confirmed,source_publish_interval,voltage_rolling_mean=230.612357;source_publish_interval=0.807065,source_publish_interval,0.5214158445596695,9.481542045250535,10.022917063906789
2026-08-10T17:43:54.649900+00:00,communication_drift_01,meter_01,488,none,publish_interval,random,random,random,normal_drift,0.9999999845911265,0.45479024197825263,0,,1,0,collecting_candidates;drift_not_confirmed,source_publish_interval,voltage_rolling_mean=231.592152;source_publish_interval=0.807063,source_publish_interval,2.406999934464693,22.73141616024077,25.17920802347362
2026-08-10T17:43:54.675496+00:00,communication_drift_01,meter_02,488,none,publish_interval,random,random,random,normal_drift,0.9999999928661589,0.46711647236398934,0,,1,0,collecting_candidates;drift_not_confirmed,source_publish_interval,voltage_rolling_mean=231.433796;source_publish_interval=0.807063,source_publish_interval,0.8540828712284565,11.981416027992964,12.860667193308473
2026-08-10T17:43:54.688480+00:00,communication_drift_01,meter_03,488,none,publish_interval,random,random,random,normal_drift,0.9999999986205912,0.4651187208518377,0,,1,0,collecting_candidates;drift_not_confirmed,source_publish_interval,voltage_rolling_mean=230.612357;source_publish_interval=0.807065,source_publish_interval,0.6002078298479319,9.649958927184343,10.270749917253852
2026-08-10T17:43:55.459872+00:00,communication_drift_01,meter_01,489,none,publish_interval,random,random,random,normal_drift,0.9999999932798409,0.4761058904673803,0,,1,0,collecting_candidates;drift_not_confirmed,source_publish_interval,voltage_rolling_mean=231.592152;source_publish_interval=0.807063,source_publish_interval,2.1391671616584063,20.975708961486816,23.156125098466873
2026-08-10T17:43:55.483452+00:00,communication_drift_01,meter_02,489,none,publish_interval,random,random,random,normal_drift,0.9999999921530957,0.4513568609024573,0,,1,0,collecting_candidates;drift_not_confirmed,source_publish_interval,voltage_rolling_mean=231.433796;source_publish_interval=0.807063,source_publish_interval,0.8610829245299101,11.828291928395629,12.71437481045723
2026-08-10T17:43:55.496293+00:00,communication_drift_01,meter_03,489,none,publish_interval,random,random,random,normal_drift,0.9999999992187008,0.445080157827502,0,,1,0,collecting_candidates;drift_not_confirmed,source_publish_interval,voltage_rolling_mean=230.612357;source_publish_interval=0.807065,source_publish_interval,0.5865001585334539,9.44333290681243,10.049625067040324
2026-08-10T17:43:56.262065+00:00,communication_drift_01,meter_01,490,none,publish_interval,random,random,random,normal_drift,0.9999999759619477,0.4419508419561662,0,,1,0,collecting_candidates;drift_not_confirmed,source_publish_interval,voltage_rolling_mean=231.592152;source_publish_interval=0.807063,source_publish_interval,2.3135829251259565,21.047333953902125,23.39829201810062
2026-08-10T17:43:56.285717+00:00,communication_drift_01,meter_02,490,none,publish_interval,random,random,random,normal_drift,0.9999999902917388,0.473705784722608,0,,1,0,collecting_candidates;drift_not_confirmed,source_publish_interval,voltage_rolling_mean=231.433796;source_publish_interval=0.807063,source_publish_interval,0.8491659536957741,11.688790982589126,12.55941716954112
2026-08-10T17:43:56.298399+00:00,communication_drift_01,meter_03,490,none,publish_interval,random,random,random,normal_drift,0.9999999976385936,0.46188843925233697,0,,1,0,collecting_candidates;drift_not_confirmed,source_publish_interval,voltage_rolling_mean=230.612357;source_publish_interval=0.807065,source_publish_interval,0.5255409050732851,9.427458047866821,9.9738750141114
2026-08-10T17:43:57.071879+00:00,communication_drift_01,meter_01,491,none,publish_interval,random,random,random,normal_drift,0.9999999509654209,0.5201644900497875,0,,1,0,collecting_candidates;drift_not_confirmed,source_publish_interval,voltage_rolling_mean=231.592152;source_publish_interval=0.807063,source_publish_interval,3.3309999853372574,17.408874817192554,20.77095885761082
2026-08-10T17:43:57.093058+00:00,communication_drift_01,meter_02,491,none,publish_interval,random,random,random,normal_drift,0.9999999931567694,0.4614018769663249,0,,1,0,collecting_candidates;drift_not_confirmed,source_publish_interval,voltage_rolling_mean=231.433796;source_publish_interval=0.807063,source_publish_interval,0.7203749846667051,10.800166986882687,11.541374959051609
2026-08-10T17:43:57.104698+00:00,communication_drift_01,meter_03,491,none,publish_interval,random,random,random,normal_drift,0.9999999987110031,0.47724913864716734,0,,1,0,collecting_candidates;drift_not_confirmed,source_publish_interval,voltage_rolling_mean=230.612357;source_publish_interval=0.807065,source_publish_interval,0.5080839619040489,9.275582851842046,9.807915892452002
2026-08-10T17:43:57.881877+00:00,communication_drift_01,meter_01,492,none,publish_interval,random,random,random,normal_drift,0.9999999700878055,0.48480877350364177,0,,1,0,collecting_candidates;drift_not_confirmed,source_publish_interval,voltage_rolling_mean=231.592152;source_publish_interval=0.807063,source_publish_interval,3.159833140671253,17.385916085913777,20.579750183969736
2026-08-10T17:43:57.902856+00:00,communication_drift_01,meter_02,492,none,publish_interval,random,random,random,normal_drift,0.9999999578092353,0.4808883867661315,0,,1,0,collecting_candidates;drift_not_confirmed,source_publish_interval,voltage_rolling_mean=231.433796;source_publish_interval=0.807063,source_publish_interval,0.7277920376509428,11.2705840729177,12.018917128443718
2026-08-10T17:43:57.914980+00:00,communication_drift_01,meter_03,492,none,publish_interval,random,random,random,normal_drift,0.9999999971624101,0.5551659080593219,0,,1,0,collecting_candidates;drift_not_confirmed,source_publish_interval,voltage_rolling_mean=230.612357;source_publish_interval=0.807065,source_publish_interval,0.5003749392926693,9.31812496855855,9.837874909862876
2026-08-10T17:43:58.691717+00:00,communication_drift_01,meter_01,493,none,publish_interval,random,random,random,normal_drift,0.9999999760789905,0.45472665399959367,0,,1,0,collecting_candidates;drift_not_confirmed,source_publish_interval,voltage_rolling_mean=231.592152;source_publish_interval=0.807063,source_publish_interval,2.455333946272731,21.814499981701374,24.31679191067815
2026-08-10T17:43:58.716458+00:00,communication_drift_01,meter_02,493,none,publish_interval,random,random,random,normal_drift,0.9999999949223932,0.46297682584697086,0,,1,0,collecting_candidates;drift_not_confirmed,source_publish_interval,voltage_rolling_mean=231.433796;source_publish_interval=0.807063,source_publish_interval,0.7745421025902033,11.824999935925007,12.62666704133153
2026-08-10T17:43:58.729218+00:00,communication_drift_01,meter_03,493,none,publish_interval,random,random,random,normal_drift,0.9999999445939378,0.4931459578853738,0,,1,0,collecting_candidates;drift_not_confirmed,source_publish_interval,voltage_rolling_mean=230.612357;source_publish_interval=0.807065,source_publish_interval,0.5231250543147326,9.60429199039936,10.148125002160668
2026-08-10T17:43:59.502013+00:00,communication_drift_01,meter_01,494,none,publish_interval,random,random,random,normal_drift,0.9999999866913993,0.45359455583031494,0,,1,1,drift_not_confirmed;reference_updated,source_publish_interval,voltage_rolling_mean=231.592152;source_publish_interval=0.807863,source_publish_interval,1.9490409176796675,21.91345812752843,23.908040951937437
2026-08-10T17:43:59.526269+00:00,communication_drift_01,meter_02,494,none,publish_interval,random,random,random,normal_drift,0.9999999969460216,0.43696515274503533,0,,1,1,drift_not_confirmed;reference_updated,source_publish_interval,voltage_rolling_mean=231.433796;source_publish_interval=0.807862,source_publish_interval,0.8449999149888754,11.903958162292838,12.775874929502606
2026-08-10T17:43:59.539165+00:00,communication_drift_01,meter_03,494,none,publish_interval,random,random,random,normal_drift,0.9999999986132548,0.4755226497496671,0,,1,1,drift_not_confirmed;reference_updated,source_publish_interval,voltage_rolling_mean=230.612357;source_publish_interval=0.807862,source_publish_interval,0.5637910217046738,9.905499871820211,10.4931250680238
2026-08-10T17:44:00.311969+00:00,communication_drift_01,meter_01,495,none,publish_interval,random,random,random,normal_drift,0.9999999938348312,0.4373985747322089,0,,1,0,collecting_candidates;drift_not_confirmed,source_publish_interval,voltage_rolling_mean=231.592152;source_publish_interval=0.807863,source_publish_interval,2.713334048166871,22.489082999527454,25.248167105019093
2026-08-10T17:44:00.337734+00:00,communication_drift_01,meter_02,495,none,publish_interval,random,random,random,normal_drift,0.9999999080001907,0.6155961116997362,0,,1,0,collecting_candidates;drift_not_confirmed,source_publish_interval,voltage_rolling_mean=231.433796;source_publish_interval=0.807862,source_publish_interval,0.872874865308404,12.585791060701013,13.486250070855021
2026-08-10T17:44:00.351365+00:00,communication_drift_01,meter_03,495,none,publish_interval,random,random,random,normal_drift,0.9999999979837613,0.43932894746190787,0,,1,0,collecting_candidates;drift_not_confirmed,source_publish_interval,voltage_rolling_mean=230.612357;source_publish_interval=0.807862,source_publish_interval,0.5861669778823853,9.692707797512412,10.298999957740307
2026-08-10T17:44:01.113322+00:00,communication_drift_01,meter_01,496,none,publish_interval,random,random,random,normal_drift,0.9999999888354861,0.4629328902885626,0,,1,0,collecting_candidates;drift_not_confirmed,source_publish_interval,voltage_rolling_mean=231.592152;source_publish_interval=0.807863,source_publish_interval,2.3091670591384172,22.24524994380772,24.592124857008457
2026-08-10T17:44:01.138345+00:00,communication_drift_01,meter_02,496,none,publish_interval,random,random,random,normal_drift,0.9999999931691153,0.4448920189795719,0,,1,0,collecting_candidates;drift_not_confirmed,source_publish_interval,voltage_rolling_mean=231.433796;source_publish_interval=0.807862,source_publish_interval,0.7170001044869423,11.772082885727286,12.51391600817442
2026-08-10T17:44:01.150984+00:00,communication_drift_01,meter_03,496,none,publish_interval,random,random,random,normal_drift,0.9999999890245795,0.44905230179802197,0,,1,0,collecting_candidates;drift_not_confirmed,source_publish_interval,voltage_rolling_mean=230.612357;source_publish_interval=0.807862,source_publish_interval,0.560833141207695,9.451000019907951,10.031415848061442
2026-08-10T17:44:01.915985+00:00,communication_drift_01,meter_01,497,none,publish_interval,random,random,random,normal_drift,0.9999999878063724,0.47082688747390655,0,,1,0,collecting_candidates;drift_not_confirmed,source_publish_interval,voltage_rolling_mean=231.592152;source_publish_interval=0.807863,source_publish_interval,2.0662499591708183,21.946790860965848,24.04641709290445
2026-08-10T17:44:01.940510+00:00,communication_drift_01,meter_02,497,none,publish_interval,random,random,random,normal_drift,0.9999999956042978,0.4533171703916787,0,,1,0,collecting_candidates;drift_not_confirmed,source_publish_interval,voltage_rolling_mean=231.433796;source_publish_interval=0.807862,source_publish_interval,0.8068329188972712,11.894874973222613,12.72474997676909
2026-08-10T17:44:01.953342+00:00,communication_drift_01,meter_03,497,none,publish_interval,random,random,random,normal_drift,0.9999999984178904,0.43549918571591745,0,,1,0,collecting_candidates;drift_not_confirmed,source_publish_interval,voltage_rolling_mean=230.612357;source_publish_interval=0.807862,source_publish_interval,0.5670420359820127,9.649540996178985,10.23587491363287
2026-08-10T17:44:02.725664+00:00,communication_drift_01,meter_01,498,none,publish_interval,random,random,random,normal_drift,0.9999999902424831,0.4431514084172433,0,,1,0,collecting_candidates;drift_not_confirmed,source_publish_interval,voltage_rolling_mean=231.592152;source_publish_interval=0.807863,source_publish_interval,2.0072078332304955,21.87066711485386,23.917125072330236
2026-08-10T17:44:02.749897+00:00,communication_drift_01,meter_02,498,none,publish_interval,random,random,random,normal_drift,0.9999999972774767,0.46316476405989454,0,,1,0,collecting_candidates;drift_not_confirmed,source_publish_interval,voltage_rolling_mean=231.433796;source_publish_interval=0.807862,source_publish_interval,0.7130000740289688,11.963209137320518,12.702791951596737
2026-08-10T17:44:02.762734+00:00,communication_drift_01,meter_03,498,none,publish_interval,random,random,random,normal_drift,0.9999999980577321,0.4343456308878233,0,,1,0,collecting_candidates;drift_not_confirmed,source_publish_interval,voltage_rolling_mean=230.612357;source_publish_interval=0.807862,source_publish_interval,0.5569169297814369,9.559249971061945,10.136458091437817
2026-08-10T17:44:03.531668+00:00,communication_drift_01,meter_01,499,none,publish_interval,random,random,random,normal_drift,0.9999999928256318,0.5414876492559066,0,,1,0,collecting_candidates;drift_not_confirmed,source_publish_interval,voltage_rolling_mean=231.592152;source_publish_interval=0.807863,source_publish_interval,2.065791981294751,19.07387492246926,21.17483294568956
2026-08-10T17:44:03.553260+00:00,communication_drift_01,meter_02,499,none,publish_interval,random,random,random,normal_drift,0.9999999967914805,0.4913903588320882,0,,1,0,collecting_candidates;drift_not_confirmed,source_publish_interval,voltage_rolling_mean=231.433796;source_publish_interval=0.807862,source_publish_interval,0.7016670424491167,11.53387501835823,12.257124995812774
2026-08-10T17:44:03.565614+00:00,communication_drift_01,meter_03,499,none,publish_interval,random,random,random,normal_drift,0.9999999976729113,0.443585244511851,0,,1,0,collecting_candidates;drift_not_confirmed,source_publish_interval,voltage_rolling_mean=230.612357;source_publish_interval=0.807862,source_publish_interval,0.5485410802066326,9.482042165473104,10.051249992102385
2026-08-10T17:44:04.335409+00:00,communication_drift_01,meter_01,500,none,publish_interval,random,random,random,normal_drift,0.9999999668873001,0.4541574711122334,0,,1,0,collecting_candidates;drift_not_confirmed,source_publish_interval,voltage_rolling_mean=231.592152;source_publish_interval=0.807863,source_publish_interval,2.4920420255512,20.97045909613371,23.501167073845863
2026-08-10T17:44:04.359273+00:00,communication_drift_01,meter_02,500,none,publish_interval,random,random,random,normal_drift,0.9999999863171709,0.45493596028329264,0,,1,0,collecting_candidates;drift_not_confirmed,source_publish_interval,voltage_rolling_mean=231.433796;source_publish_interval=0.807862,source_publish_interval,0.7329580839723349,11.627707863226533,12.384249828755856
2026-08-10T17:44:04.371771+00:00,communication_drift_01,meter_03,500,none,publish_interval,random,random,random,normal_drift,0.9999999979052359,0.5251340169747213,0,,1,0,collecting_candidates;drift_not_confirmed,source_publish_interval,voltage_rolling_mean=230.612357;source_publish_interval=0.807862,source_publish_interval,0.5864168051630259,9.598666103556752,10.205042082816362
2026-08-10T17:44:05.145762+00:00,communication_drift_01,meter_01,501,none,publish_interval,random,random,random,normal_drift,0.9999999916848336,0.48071155216534367,0,,1,0,collecting_candidates;drift_not_confirmed,source_publish_interval,voltage_rolling_mean=231.592152;source_publish_interval=0.807863,source_publish_interval,3.444958943873644,23.749709129333496,27.243792079389095
2026-08-10T17:44:05.173404+00:00,communication_drift_01,meter_02,501,none,publish_interval,random,random,random,normal_drift,0.9999999975208584,0.4584390097560614,0,,1,0,collecting_candidates;drift_not_confirmed,source_publish_interval,voltage_rolling_mean=231.433796;source_publish_interval=0.807862,source_publish_interval,0.839458778500557,12.284791097044945,13.151750201359391
2026-08-10T17:44:05.186684+00:00,communication_drift_01,meter_03,501,none,publish_interval,random,random,random,normal_drift,0.9999999993566744,0.5568603550236576,0,,1,0,collecting_candidates;drift_not_confirmed,source_publish_interval,voltage_rolling_mean=230.612357;source_publish_interval=0.807862,source_publish_interval,0.5972499493509531,9.727792115882039,10.344750015065074
2026-08-10T17:44:05.955998+00:00,communication_drift_01,meter_01,502,none,publish_interval,random,random,random,normal_drift,0.9999999954500296,0.43619786685565193,0,,1,0,collecting_candidates;drift_not_confirmed,source_publish_interval,voltage_rolling_mean=231.592152;source_publish_interval=0.807863,source_publish_interval,2.7725829277187586,19.603125052526593,22.410374833270907
2026-08-10T17:44:05.978796+00:00,communication_drift_01,meter_02,502,none,publish_interval,random,random,random,normal_drift,0.9999999969121385,0.4531486282100783,0,,1,0,collecting_candidates;drift_not_confirmed,source_publish_interval,voltage_rolling_mean=231.433796;source_publish_interval=0.807862,source_publish_interval,0.7236248347908258,11.57820806838572,12.324291048571467
2026-08-10T17:44:05.991220+00:00,communication_drift_01,meter_03,502,none,publish_interval,random,random,random,normal_drift,0.9999999991040338,0.4542612652776734,0,,1,0,collecting_candidates;drift_not_confirmed,source_publish_interval,voltage_rolling_mean=230.612357;source_publish_interval=0.807862,source_publish_interval,0.5285409279167652,9.351040935143828,9.899459080770612
2026-08-10T17:44:06.764402+00:00,communication_drift_01,meter_01,503,none,publish_interval,random,random,random,normal_drift,0.999999992844884,0.5100847399615821,0,,1,0,collecting_candidates;drift_not_confirmed,source_publish_interval,voltage_rolling_mean=231.592152;source_publish_interval=0.807863,source_publish_interval,2.2894171997904778,21.613250020891428,23.93412496894598
2026-08-10T17:44:06.788642+00:00,communication_drift_01,meter_02,503,none,publish_interval,random,random,random,normal_drift,0.9999999962007999,0.4457557062809556,0,,1,0,collecting_candidates;drift_not_confirmed,source_publish_interval,voltage_rolling_mean=231.433796;source_publish_interval=0.807862,source_publish_interval,0.7056659087538719,11.812416836619377,12.542709009721875
2026-08-10T17:44:06.801306+00:00,communication_drift_01,meter_03,503,none,publish_interval,random,random,random,normal_drift,0.999999998080658,0.6101786031038957,0,,1,0,collecting_candidates;drift_not_confirmed,source_publish_interval,voltage_rolling_mean=230.612357;source_publish_interval=0.807862,source_publish_interval,0.5506249144673347,9.578041965141892,10.149165987968445
2026-08-10T17:44:07.574189+00:00,communication_drift_01,meter_01,504,none,publish_interval,random,random,random,normal_drift,0.999999994550917,0.448900652029707,0,,1,0,collecting_candidates;drift_not_confirmed,source_publish_interval,voltage_rolling_mean=231.592152;source_publish_interval=0.807863,source_publish_interval,1.8537919968366623,21.81279193609953,23.724957834929228
2026-08-10T17:44:07.598428+00:00,communication_drift_01,meter_02,504,none,publish_interval,random,random,random,normal_drift,0.9999999975462417,0.45649325351504777,0,,1,0,collecting_candidates;drift_not_confirmed,source_publish_interval,voltage_rolling_mean=231.433796;source_publish_interval=0.807862,source_publish_interval,0.9359170217067003,12.20708410255611,13.17558391019702
2026-08-10T17:44:07.611791+00:00,communication_drift_01,meter_03,504,none,publish_interval,random,random,random,normal_drift,0.9999999991476856,0.4419507543916602,0,,1,0,collecting_candidates;drift_not_confirmed,source_publish_interval,voltage_rolling_mean=230.612357;source_publish_interval=0.807862,source_publish_interval,0.602666987106204,9.554124902933836,10.178582975640893
2026-08-10T17:44:08.384698+00:00,communication_drift_01,meter_01,505,none,publish_interval,random,random,random,normal_drift,0.9999999970042497,0.4557238967713766,0,,1,0,collecting_candidates;drift_not_confirmed,source_publish_interval,voltage_rolling_mean=231.592152;source_publish_interval=0.807863,source_publish_interval,2.0150840282440186,18.8145418651402,20.863458048552275
2026-08-10T17:44:08.405968+00:00,communication_drift_01,meter_02,505,none,publish_interval,random,random,random,normal_drift,0.9999999591805312,0.5085538666285969,0,,1,0,collecting_candidates;drift_not_confirmed,source_publish_interval,voltage_rolling_mean=231.433796;source_publish_interval=0.807862,source_publish_interval,0.7164580747485161,11.734917061403394,12.473582988604903
2026-08-10T17:44:08.418545+00:00,communication_drift_01,meter_03,505,none,publish_interval,random,random,random,normal_drift,0.9999999983901271,0.43793458974740873,0,,1,0,collecting_candidates;drift_not_confirmed,source_publish_interval,voltage_rolling_mean=230.612357;source_publish_interval=0.807862,source_publish_interval,0.5180409643799067,9.34224994853139,9.880749974399805
2026-08-10T17:44:09.194601+00:00,communication_drift_01,meter_01,506,none,publish_interval,random,random,random,normal_drift,0.9999999947147407,0.4666518670611485,0,,1,0,collecting_candidates;drift_not_confirmed,source_publish_interval,voltage_rolling_mean=231.592152;source_publish_interval=0.807863,source_publish_interval,2.162707969546318,22.370416903868318,24.586583022028208
2026-08-10T17:44:09.219658+00:00,communication_drift_01,meter_02,506,none,publish_interval,random,random,random,normal_drift,0.9999999894566315,0.47106087044719014,0,,1,0,collecting_candidates;drift_not_confirmed,source_publish_interval,voltage_rolling_mean=231.433796;source_publish_interval=0.807862,source_publish_interval,0.9732500184327364,12.140583945438266,13.144958997145295
2026-08-10T17:44:09.232960+00:00,communication_drift_01,meter_03,506,none,publish_interval,random,random,random,normal_drift,0.9999999983173602,0.4646542703283262,0,,1,0,collecting_candidates;drift_not_confirmed,source_publish_interval,voltage_rolling_mean=230.612357;source_publish_interval=0.807862,source_publish_interval,0.6046660710126162,9.606875013560057,10.232792003080249
2026-08-10T17:44:10.004232+00:00,communication_drift_01,meter_01,507,none,publish_interval,random,random,random,normal_drift,0.9999999929498895,0.4433909212271807,0,,1,0,collecting_candidates;drift_not_confirmed,source_publish_interval,voltage_rolling_mean=231.592152;source_publish_interval=0.807863,source_publish_interval,1.6421661712229252,20.4262500628829,22.10699999704957
2026-08-10T17:44:10.026645+00:00,communication_drift_01,meter_02,507,none,publish_interval,random,random,random,normal_drift,0.9999999949747118,0.4496246768275144,0,,1,0,collecting_candidates;drift_not_confirmed,source_publish_interval,voltage_rolling_mean=231.433796;source_publish_interval=0.807862,source_publish_interval,0.8341660723090172,12.096333084627986,12.95725000090897
2026-08-10T17:44:10.039720+00:00,communication_drift_01,meter_03,507,none,publish_interval,random,random,random,normal_drift,0.9999999989215109,0.4350571782250364,0,,1,0,collecting_candidates;drift_not_confirmed,source_publish_interval,voltage_rolling_mean=230.612357;source_publish_interval=0.807862,source_publish_interval,0.6013340316712856,9.759541135281324,10.384000139310956
2026-08-10T17:44:10.814935+00:00,communication_drift_01,meter_01,508,none,publish_interval,random,random,random,normal_drift,0.9999999959206238,0.4457937121858317,0,,1,0,collecting_candidates;drift_not_confirmed,source_publish_interval,voltage_rolling_mean=231.592152;source_publish_interval=0.807863,source_publish_interval,2.132750116288662,22.15154212899506,24.323292076587677
2026-08-10T17:44:10.839669+00:00,communication_drift_01,meter_02,508,none,publish_interval,random,random,random,normal_drift,0.9999999980011984,0.4687483852008447,0,,1,0,collecting_candidates;drift_not_confirmed,source_publish_interval,voltage_rolling_mean=231.433796;source_publish_interval=0.807862,source_publish_interval,0.8310000412166119,11.96929207071662,12.825042009353638
2026-08-10T17:44:10.852618+00:00,communication_drift_01,meter_03,508,none,publish_interval,random,random,random,normal_drift,0.999999999316117,0.4671401736136612,0,,1,0,collecting_candidates;drift_not_confirmed,source_publish_interval,voltage_rolling_mean=230.612357;source_publish_interval=0.807862,source_publish_interval,0.596167054027319,9.74308280274272,10.359583189710975
2026-08-10T17:44:11.617354+00:00,communication_drift_01,meter_01,509,none,publish_interval,random,random,random,normal_drift,0.9999997747641335,0.5470937552763145,0,,1,0,collecting_candidates;drift_not_confirmed,source_publish_interval,voltage_rolling_mean=231.592152;source_publish_interval=0.807863,source_publish_interval,2.217874862253666,18.565583042800426,20.814874907955527
2026-08-10T17:44:11.638539+00:00,communication_drift_01,meter_02,509,none,publish_interval,random,random,random,normal_drift,0.9999999879685565,0.4455137844438137,0,,1,0,collecting_candidates;drift_not_confirmed,source_publish_interval,voltage_rolling_mean=231.433796;source_publish_interval=0.807862,source_publish_interval,0.6798750255256891,11.58070913515985,12.283375021070242
2026-08-10T17:44:11.650923+00:00,communication_drift_01,meter_03,509,none,publish_interval,random,random,random,normal_drift,0.9999999926996979,0.47396433179246955,0,,1,0,collecting_candidates;drift_not_confirmed,source_publish_interval,voltage_rolling_mean=230.612357;source_publish_interval=0.807862,source_publish_interval,0.5282079800963402,9.478833060711622,10.025374824181199
2026-08-10T17:44:12.427458+00:00,communication_drift_01,meter_01,510,none,publish_interval,random,random,random,normal_drift,0.999999995473787,0.47187461042066303,0,,1,0,collecting_candidates;drift_not_confirmed,source_publish_interval,voltage_rolling_mean=231.592152;source_publish_interval=0.807863,source_publish_interval,2.0124169532209635,20.334416069090366,22.385084070265293
2026-08-10T17:44:12.450196+00:00,communication_drift_01,meter_02,510,none,publish_interval,random,random,random,normal_drift,0.9999999963621593,0.4536952830743939,0,,1,0,collecting_candidates;drift_not_confirmed,source_publish_interval,voltage_rolling_mean=231.433796;source_publish_interval=0.807862,source_publish_interval,0.7106252014636993,11.793999932706356,12.524999910965562
2026-08-10T17:44:12.462835+00:00,communication_drift_01,meter_03,510,none,publish_interval,random,random,random,normal_drift,0.9999999994618347,0.4739060200398666,0,,1,0,collecting_candidates;drift_not_confirmed,source_publish_interval,voltage_rolling_mean=230.612357;source_publish_interval=0.807862,source_publish_interval,0.5507920868694782,9.520542109385133,10.091207921504974
2026-08-10T17:44:13.233785+00:00,communication_drift_01,meter_01,511,none,publish_interval,random,random,random,normal_drift,0.9999999940258193,0.44752774598800876,0,,1,0,collecting_candidates;drift_not_confirmed,source_publish_interval,voltage_rolling_mean=231.592152;source_publish_interval=0.807863,source_publish_interval,2.5215409696102142,17.848917050287127,20.401208195835352
2026-08-10T17:44:13.254554+00:00,communication_drift_01,meter_02,511,none,publish_interval,random,random,random,normal_drift,0.9999999878508182,0.46006142663121463,0,,1,0,collecting_candidates;drift_not_confirmed,source_publish_interval,voltage_rolling_mean=231.433796;source_publish_interval=0.807862,source_publish_interval,0.7058330811560154,11.471000034362078,12.200125027447939
2026-08-10T17:44:13.266847+00:00,communication_drift_01,meter_03,511,none,publish_interval,random,random,random,normal_drift,0.9999999993453876,0.4446920964276904,0,,1,0,collecting_candidates;drift_not_confirmed,source_publish_interval,voltage_rolling_mean=230.612357;source_publish_interval=0.807862,source_publish_interval,0.5236249417066574,9.37229092232883,9.913875022903085
2026-08-10T17:44:14.043821+00:00,communication_drift_01,meter_01,512,none,publish_interval,random,random,random,normal_drift,0.9999999579129117,0.4943072959469013,0,,1,0,collecting_candidates;drift_not_confirmed,source_publish_interval,voltage_rolling_mean=231.592152;source_publish_interval=0.807863,source_publish_interval,2.4274589959532022,18.1017080321908,20.569375017657876
2026-08-10T17:44:14.064775+00:00,communication_drift_01,meter_02,512,none,publish_interval,random,random,random,normal_drift,0.9999999961206065,0.4816587511368864,0,,1,0,collecting_candidates;drift_not_confirmed,source_publish_interval,voltage_rolling_mean=231.433796;source_publish_interval=0.807862,source_publish_interval,0.7419579196721315,11.422625044360757,12.186124920845032
2026-08-10T17:44:14.077066+00:00,communication_drift_01,meter_03,512,none,publish_interval,random,random,random,normal_drift,0.999999999683775,0.4655545890334495,0,,1,0,collecting_candidates;drift_not_confirmed,source_publish_interval,voltage_rolling_mean=230.612357;source_publish_interval=0.807862,source_publish_interval,0.5336671601980925,9.414291009306908,9.969542035833001
2026-08-10T17:44:14.852743+00:00,communication_drift_01,meter_01,513,none,publish_interval,random,random,random,normal_drift,0.9999999848690386,0.4813510851465525,0,,1,0,collecting_candidates;drift_not_confirmed,source_publish_interval,voltage_rolling_mean=231.592152;source_publish_interval=0.807863,source_publish_interval,2.033791970461607,21.52900001965463,23.601291002705693
2026-08-10T17:44:14.876681+00:00,communication_drift_01,meter_02,513,none,publish_interval,random,random,random,normal_drift,0.9999999916334456,0.4496853267948845,0,,1,0,collecting_candidates;drift_not_confirmed,source_publish_interval,voltage_rolling_mean=231.433796;source_publish_interval=0.807862,source_publish_interval,0.7665411103516817,12.200915953144431,12.992833973839879
2026-08-10T17:44:14.889804+00:00,communication_drift_01,meter_03,513,none,publish_interval,random,random,random,normal_drift,0.9999999992707804,0.4984489965486002,0,,1,0,collecting_candidates;drift_not_confirmed,source_publish_interval,voltage_rolling_mean=230.612357;source_publish_interval=0.807862,source_publish_interval,0.6159169133752584,9.858957957476377,10.500125121325254
2026-08-10T17:44:15.660696+00:00,communication_drift_01,meter_01,514,none,publish_interval,random,random,random,normal_drift,0.9999999265462592,0.5283087549264002,0,,1,1,drift_not_confirmed;reference_updated,source_publish_interval,voltage_rolling_mean=231.592152;source_publish_interval=0.807908,source_publish_interval,2.5850411038845778,22.336082998663187,24.970624828711152
2026-08-10T17:44:15.686096+00:00,communication_drift_01,meter_02,514,none,publish_interval,random,random,random,normal_drift,0.9999999977996092,0.5268981631982189,0,,1,1,drift_not_confirmed;reference_updated,source_publish_interval,voltage_rolling_mean=231.433796;source_publish_interval=0.807906,source_publish_interval,0.8476248476654291,11.913249967619777,12.789499945938587
2026-08-10T17:44:15.699019+00:00,communication_drift_01,meter_03,514,none,publish_interval,random,random,random,normal_drift,0.9999999988362063,0.4378244806300037,0,,1,1,drift_not_confirmed;reference_updated,source_publish_interval,voltage_rolling_mean=230.612357;source_publish_interval=0.807903,source_publish_interval,0.6175420712679625,9.725250070914626,10.364624904468656
2026-08-10T17:44:16.471139+00:00,communication_drift_01,meter_01,515,none,publish_interval,random,random,random,normal_drift,0.9999999809238295,0.4609880450310126,0,,1,0,collecting_candidates;drift_not_confirmed,source_publish_interval,voltage_rolling_mean=231.592152;source_publish_interval=0.807908,source_publish_interval,2.857042010873556,20.618333015590906,23.51662516593933
2026-08-10T17:44:16.495079+00:00,communication_drift_01,meter_02,515,none,publish_interval,random,random,random,normal_drift,0.9999999967992517,0.4365792412644685,0,,1,0,collecting_candidates;drift_not_confirmed,source_publish_interval,voltage_rolling_mean=231.433796;source_publish_interval=0.807906,source_publish_interval,0.766499899327755,11.983624892309308,12.775124981999397
2026-08-10T17:44:16.507979+00:00,communication_drift_01,meter_03,515,none,publish_interval,random,random,random,normal_drift,0.9999999997507885,0.5107291928330618,0,,1,0,collecting_candidates;drift_not_confirmed,source_publish_interval,voltage_rolling_mean=230.612357;source_publish_interval=0.807903,source_publish_interval,0.5814579781144857,9.564999956637621,10.166540974751115
2026-08-10T17:44:17.274342+00:00,communication_drift_01,meter_01,516,none,publish_interval,random,random,random,normal_drift,0.9999999930584071,0.46668100393735584,0,,1,0,collecting_candidates;drift_not_confirmed,source_publish_interval,voltage_rolling_mean=231.592152;source_publish_interval=0.807908,source_publish_interval,2.134124981239438,22.161334054544568,24.33325001038611
2026-08-10T17:44:17.299091+00:00,communication_drift_01,meter_02,516,none,publish_interval,random,random,random,normal_drift,0.9999999960020438,0.4426174712967004,0,,1,0,collecting_candidates;drift_not_confirmed,source_publish_interval,voltage_rolling_mean=231.433796;source_publish_interval=0.807906,source_publish_interval,0.7102920208126307,11.776332976296544,12.511542066931725
2026-08-10T17:44:17.311721+00:00,communication_drift_01,meter_03,516,none,publish_interval,random,random,random,normal_drift,0.9999999993652788,0.44799454275874867,0,,1,0,collecting_candidates;drift_not_confirmed,source_publish_interval,voltage_rolling_mean=230.612357;source_publish_interval=0.807903,source_publish_interval,0.6009580101817846,9.869750123471022,10.491458931937814
2026-08-10T17:44:18.083748+00:00,communication_drift_01,meter_01,517,none,publish_interval,random,random,random,normal_drift,0.9999999900146609,0.453706798274719,0,,1,0,collecting_candidates;drift_not_confirmed,source_publish_interval,voltage_rolling_mean=231.592152;source_publish_interval=0.807908,source_publish_interval,1.5949171502143145,22.183042019605637,23.822416085749865
2026-08-10T17:44:18.107880+00:00,communication_drift_01,meter_02,517,none,publish_interval,random,random,random,normal_drift,0.9999999981895895,0.504889151254586,0,,1,0,collecting_candidates;drift_not_confirmed,source_publish_interval,voltage_rolling_mean=231.433796;source_publish_interval=0.807906,source_publish_interval,0.7452089339494705,11.843458050861955,12.613500002771616
2026-08-10T17:44:18.120617+00:00,communication_drift_01,meter_03,517,none,publish_interval,random,random,random,normal_drift,0.9999999995877162,0.4416549433996368,0,,1,0,collecting_candidates;drift_not_confirmed,source_publish_interval,voltage_rolling_mean=230.612357;source_publish_interval=0.807903,source_publish_interval,0.6162920035421848,9.550833841785789,10.186790954321623
2026-08-10T17:44:18.892979+00:00,communication_drift_01,meter_01,518,none,publish_interval,random,random,random,normal_drift,0.9999999894204866,0.4570795052188587,0,,1,0,collecting_candidates;drift_not_confirmed,source_publish_interval,voltage_rolling_mean=231.592152;source_publish_interval=0.807908,source_publish_interval,2.4207080714404583,15.896291937679052,18.349040998145938
2026-08-10T17:44:18.911698+00:00,communication_drift_01,meter_02,518,none,publish_interval,random,random,random,normal_drift,0.9999999971011435,0.5009836076888572,0,,1,0,collecting_candidates;drift_not_confirmed,source_publish_interval,voltage_rolling_mean=231.433796;source_publish_interval=0.807906,source_publish_interval,0.697749899700284,10.768084088340402,11.48687512613833
2026-08-10T17:44:18.923277+00:00,communication_drift_01,meter_03,518,none,publish_interval,random,random,random,normal_drift,0.9999999961808703,0.4435695515453421,0,,1,0,collecting_candidates;drift_not_confirmed,source_publish_interval,voltage_rolling_mean=230.612357;source_publish_interval=0.807903,source_publish_interval,0.5359170027077198,9.105750126764178,9.66016692109406
2026-08-10T17:44:19.703461+00:00,communication_drift_01,meter_01,519,none,publish_interval,random,random,random,normal_drift,0.999999995898196,0.48318940312419156,0,,1,0,collecting_candidates;drift_not_confirmed,source_publish_interval,voltage_rolling_mean=231.592152;source_publish_interval=0.807908,source_publish_interval,3.430666169151664,18.23166711255908,21.697290940210223
2026-08-10T17:44:19.725552+00:00,communication_drift_01,meter_02,519,none,publish_interval,random,random,random,normal_drift,0.9999999960720274,0.43581839804286354,0,,1,0,collecting_candidates;drift_not_confirmed,source_publish_interval,voltage_rolling_mean=231.433796;source_publish_interval=0.807906,source_publish_interval,0.7084999233484268,10.876124957576394,11.606208048760891
2026-08-10T17:44:19.737260+00:00,communication_drift_01,meter_03,519,none,publish_interval,random,random,random,normal_drift,0.9999999983765233,0.5529384470664507,0,,1,0,collecting_candidates;drift_not_confirmed,source_publish_interval,voltage_rolling_mean=230.612357;source_publish_interval=0.807903,source_publish_interval,0.5389170255511999,9.381792042404413,9.940457995980978
2026-08-10T17:44:20.505241+00:00,communication_drift_01,meter_01,520,none,publish_interval,random,random,random,normal_drift,0.9999999961188095,0.46148811044225885,0,,1,0,collecting_candidates;drift_not_confirmed,source_publish_interval,voltage_rolling_mean=231.592152;source_publish_interval=0.807908,source_publish_interval,2.385708037763834,19.90558416582644,22.329583996906877
2026-08-10T17:44:20.527957+00:00,communication_drift_01,meter_02,520,none,publish_interval,random,random,random,normal_drift,0.9999999970359741,0.4530892012691032,0,,1,0,collecting_candidates;drift_not_confirmed,source_publish_interval,voltage_rolling_mean=231.433796;source_publish_interval=0.807906,source_publish_interval,0.7046661339700222,11.286291060969234,12.012500083073974
2026-08-10T17:44:20.540070+00:00,communication_drift_01,meter_03,520,none,publish_interval,random,random,random,normal_drift,0.999999998823939,0.4375388497782248,0,,1,0,collecting_candidates;drift_not_confirmed,source_publish_interval,voltage_rolling_mean=230.612357;source_publish_interval=0.807903,source_publish_interval,0.5396250635385513,9.436374995857477,9.99604188837111
2026-08-10T17:44:21.312665+00:00,communication_drift_01,meter_01,521,none,publish_interval,random,random,random,normal_drift,0.9999999866842348,0.4599266019510864,0,,1,0,collecting_candidates;drift_not_confirmed,source_publish_interval,voltage_rolling_mean=231.592152;source_publish_interval=0.807908,source_publish_interval,0.47975010238587856,8.119042031466961,8.619374828413129
2026-08-10T17:44:21.321377+00:00,communication_drift_01,meter_02,521,none,publish_interval,random,random,random,normal_drift,0.9999999911715852,0.4413169290300579,0,,1,0,collecting_candidates;drift_not_confirmed,source_publish_interval,voltage_rolling_mean=231.433796;source_publish_interval=0.807906,source_publish_interval,0.3978752065449953,7.284207968041301,7.697958033531904
2026-08-10T17:44:21.329142+00:00,communication_drift_01,meter_03,521,none,publish_interval,random,random,random,normal_drift,0.9999999992844131,0.4948490566195139,0,,1,0,collecting_candidates;drift_not_confirmed,source_publish_interval,voltage_rolling_mean=230.612357;source_publish_interval=0.807903,source_publish_interval,0.3929578233510256,6.851917132735252,7.25920801050961
2026-08-10T17:44:22.123419+00:00,communication_drift_01,meter_01,522,none,publish_interval,random,random,random,normal_drift,0.9999999953605665,0.4389468008336103,0,,1,0,collecting_candidates;drift_not_confirmed,source_publish_interval,voltage_rolling_mean=231.592152;source_publish_interval=0.807908,source_publish_interval,1.0312499944120646,20.592124899849296,21.664459025487304
2026-08-10T17:44:22.145320+00:00,communication_drift_01,meter_02,522,none,publish_interval,random,random,random,normal_drift,0.9999999980286702,0.4627675652757817,0,,1,0,collecting_candidates;drift_not_confirmed,source_publish_interval,voltage_rolling_mean=231.433796;source_publish_interval=0.807906,source_publish_interval,0.823416979983449,12.394207995384932,13.242417015135288
2026-08-10T17:44:22.158676+00:00,communication_drift_01,meter_03,522,none,publish_interval,random,random,random,normal_drift,0.9999999997644675,0.44173974016812145,0,,1,0,collecting_candidates;drift_not_confirmed,source_publish_interval,voltage_rolling_mean=230.612357;source_publish_interval=0.807903,source_publish_interval,0.5980001296848059,9.885082952678204,10.502540972083807
2026-08-10T17:44:22.932504+00:00,communication_drift_01,meter_01,523,none,publish_interval,random,random,random,normal_drift,0.9999999924754831,0.4844707794997115,0,,1,0,collecting_candidates;drift_not_confirmed,source_publish_interval,voltage_rolling_mean=231.592152;source_publish_interval=0.807908,source_publish_interval,2.373667201027274,21.681749960407615,24.116917047649622
2026-08-10T17:44:22.957094+00:00,communication_drift_01,meter_02,523,none,publish_interval,random,random,random,normal_drift,0.9999999991259485,0.4791040262236535,0,,1,0,collecting_candidates;drift_not_confirmed,source_publish_interval,voltage_rolling_mean=231.433796;source_publish_interval=0.807906,source_publish_interval,0.839166808873415,12.03629095107317,12.90229195728898
2026-08-10T17:44:22.970142+00:00,communication_drift_01,meter_03,523,none,publish_interval,random,random,random,normal_drift,0.9999999997928368,0.5012051671134218,0,,1,0,collecting_candidates;drift_not_confirmed,source_publish_interval,voltage_rolling_mean=230.612357;source_publish_interval=0.807903,source_publish_interval,0.6133331917226315,9.492333047091961,10.12787502259016
2026-08-10T17:44:23.742095+00:00,communication_drift_01,meter_01,524,none,publish_interval,random,random,random,normal_drift,0.9999999764304172,0.5104843391450039,0,,1,0,collecting_candidates;drift_not_confirmed,source_publish_interval,voltage_rolling_mean=231.592152;source_publish_interval=0.807908,source_publish_interval,2.3025828413665295,22.746457951143384,25.107334135100245
2026-08-10T17:44:23.767750+00:00,communication_drift_01,meter_02,524,none,publish_interval,random,random,random,normal_drift,0.9999999987766277,0.4817952508966236,0,,1,0,collecting_candidates;drift_not_confirmed,source_publish_interval,voltage_rolling_mean=231.433796;source_publish_interval=0.807906,source_publish_interval,0.9377091191709042,12.20037485472858,13.164166826754808
2026-08-10T17:44:23.781064+00:00,communication_drift_01,meter_03,524,none,publish_interval,random,random,random,normal_drift,0.9999999996477544,0.4423784928139838,0,,1,0,collecting_candidates;drift_not_confirmed,source_publish_interval,voltage_rolling_mean=230.612357;source_publish_interval=0.807903,source_publish_interval,0.62700011767447,9.543042164295912,10.197666008025408
2026-08-10T17:44:24.551450+00:00,communication_drift_01,meter_01,525,none,publish_interval,random,random,random,normal_drift,0.9999999851155201,0.44653692452246996,0,,1,0,collecting_candidates;drift_not_confirmed,source_publish_interval,voltage_rolling_mean=231.592152;source_publish_interval=0.807908,source_publish_interval,1.9727081526070833,20.693874917924404,22.7097081951797
2026-08-10T17:44:24.574518+00:00,communication_drift_01,meter_02,525,none,publish_interval,random,random,random,normal_drift,0.999999990190488,0.4488720398222395,0,,1,0,collecting_candidates;drift_not_confirmed,source_publish_interval,voltage_rolling_mean=231.433796;source_publish_interval=0.807906,source_publish_interval,0.7479998748749495,11.790709104388952,12.563291937112808
2026-08-10T17:44:24.587214+00:00,communication_drift_01,meter_03,525,none,publish_interval,random,random,random,normal_drift,0.9999999994768292,0.4410522109747642,0,,1,0,collecting_candidates;drift_not_confirmed,source_publish_interval,voltage_rolling_mean=230.612357;source_publish_interval=0.807903,source_publish_interval,0.615500146523118,9.538582991808653,10.175500065088272
2026-08-10T17:44:25.361749+00:00,communication_drift_01,meter_01,526,none,publish_interval,random,random,random,normal_drift,0.9999999572698828,0.4751120653130169,0,,1,0,collecting_candidates;drift_not_confirmed,source_publish_interval,voltage_rolling_mean=231.592152;source_publish_interval=0.807908,source_publish_interval,3.3983339089900255,19.02424986474216,22.463458124548197
2026-08-10T17:44:25.384611+00:00,communication_drift_01,meter_02,526,none,publish_interval,random,random,random,normal_drift,0.9999999986805181,0.44779817600047284,0,,1,0,collecting_candidates;drift_not_confirmed,source_publish_interval,voltage_rolling_mean=231.433796;source_publish_interval=0.807906,source_publish_interval,0.7064999081194401,11.28854206763208,12.01704191043973
2026-08-10T17:44:25.396738+00:00,communication_drift_01,meter_03,526,none,publish_interval,random,random,random,normal_drift,0.9999999998771942,0.4522815608393269,0,,1,0,collecting_candidates;drift_not_confirmed,source_publish_interval,voltage_rolling_mean=230.612357;source_publish_interval=0.807903,source_publish_interval,0.5452088080346584,9.314832976087928,9.88029083237052
2026-08-10T17:44:26.171621+00:00,communication_drift_01,meter_01,527,none,publish_interval,random,random,random,normal_drift,0.999999988042621,0.46579859606165447,0,,1,0,collecting_candidates;drift_not_confirmed,source_publish_interval,voltage_rolling_mean=231.592152;source_publish_interval=0.807908,source_publish_interval,3.3742079976946115,20.29841602779925,23.714208975434303
2026-08-10T17:44:26.195744+00:00,communication_drift_01,meter_02,527,none,publish_interval,random,random,random,normal_drift,0.9999999965834339,0.44915968969634523,0,,1,0,collecting_candidates;drift_not_confirmed,source_publish_interval,voltage_rolling_mean=231.433796;source_publish_interval=0.807906,source_publish_interval,0.7692079525440931,11.908582877367735,12.702124891802669
2026-08-10T17:44:26.208571+00:00,communication_drift_01,meter_03,527,none,publish_interval,random,random,random,normal_drift,0.999999999747845,0.44283862619809145,0,,1,0,collecting_candidates;drift_not_confirmed,source_publish_interval,voltage_rolling_mean=230.612357;source_publish_interval=0.807903,source_publish_interval,0.5621251184493303,9.542957879602909,10.12487499974668
2026-08-10T17:44:26.981876+00:00,communication_drift_01,meter_01,528,none,publish_interval,random,random,random,normal_drift,0.9999999912980818,0.4461388007090038,0,,1,0,collecting_candidates;drift_not_confirmed,source_publish_interval,voltage_rolling_mean=231.592152;source_publish_interval=0.807908,source_publish_interval,2.016084035858512,21.583582973107696,23.645041044801474
2026-08-10T17:44:27.005948+00:00,communication_drift_01,meter_02,528,none,publish_interval,random,random,random,normal_drift,0.9999999992205111,0.43660476801365833,0,,1,0,collecting_candidates;drift_not_confirmed,source_publish_interval,voltage_rolling_mean=231.433796;source_publish_interval=0.807906,source_publish_interval,0.7443749345839024,11.837958125397563,12.606750009581447
2026-08-10T17:44:27.018670+00:00,communication_drift_01,meter_03,528,none,publish_interval,random,random,random,normal_drift,0.9999999993850899,0.45522357466899754,0,,1,0,collecting_candidates;drift_not_confirmed,source_publish_interval,voltage_rolling_mean=230.612357;source_publish_interval=0.807903,source_publish_interval,0.5405419506132603,9.539874969050288,10.1005001924932
2026-08-10T17:44:27.792022+00:00,communication_drift_01,meter_01,529,none,publish_interval,random,random,random,normal_drift,0.999999991499036,0.45992050817411323,0,,1,0,collecting_candidates;drift_not_confirmed,source_publish_interval,voltage_rolling_mean=231.592152;source_publish_interval=0.807908,source_publish_interval,2.3352080024778843,22.687541088089347,25.085374945774674
2026-08-10T17:44:27.817610+00:00,communication_drift_01,meter_02,529,none,publish_interval,random,random,random,normal_drift,0.9999999854709858,0.6193371328113106,0,,1,0,collecting_candidates;drift_not_confirmed,source_publish_interval,voltage_rolling_mean=231.433796;source_publish_interval=0.807906,source_publish_interval,0.9421671275049448,12.10308400914073,13.074208050966263
2026-08-10T17:44:27.830849+00:00,communication_drift_01,meter_03,529,none,publish_interval,random,random,random,normal_drift,0.9999999999599021,0.4541286817418895,0,,1,0,collecting_candidates;drift_not_confirmed,source_publish_interval,voltage_rolling_mean=230.612357;source_publish_interval=0.807903,source_publish_interval,0.5995410028845072,9.690749924629927,10.31241612508893
2026-08-10T17:44:28.599785+00:00,communication_drift_01,meter_01,530,none,publish_interval,random,random,random,normal_drift,0.9999999884521412,0.4662369936029067,0,,1,0,collecting_candidates;drift_not_confirmed,source_publish_interval,voltage_rolling_mean=231.592152;source_publish_interval=0.807908,source_publish_interval,1.9642082042992115,21.748374914750457,23.76033295877278
2026-08-10T17:44:28.623867+00:00,communication_drift_01,meter_02,530,none,publish_interval,random,random,random,normal_drift,0.9999999922836783,0.4763046798379183,0,,1,0,collecting_candidates;drift_not_confirmed,source_publish_interval,voltage_rolling_mean=231.433796;source_publish_interval=0.807906,source_publish_interval,0.8169161155819893,12.248249957337976,13.103540986776352
2026-08-10T17:44:28.637100+00:00,communication_drift_01,meter_03,530,none,publish_interval,random,random,random,normal_drift,0.9999999998487752,0.5167665168038041,0,,1,0,collecting_candidates;drift_not_confirmed,source_publish_interval,voltage_rolling_mean=230.612357;source_publish_interval=0.807903,source_publish_interval,0.5969589110463858,9.58287506364286,10.20029210485518
2026-08-10T17:44:29.409942+00:00,communication_drift_01,meter_01,531,none,publish_interval,random,random,random,normal_drift,0.9999999934142176,0.4712999504890995,0,,1,0,collecting_candidates;drift_not_confirmed,source_publish_interval,voltage_rolling_mean=231.592152;source_publish_interval=0.807908,source_publish_interval,2.035084180533886,22.067375015467405,24.15116596966982
2026-08-10T17:44:29.434467+00:00,communication_drift_01,meter_02,531,none,publish_interval,random,random,random,normal_drift,0.999999999014159,0.5084294397581947,0,,1,0,collecting_candidates;drift_not_confirmed,source_publish_interval,voltage_rolling_mean=231.433796;source_publish_interval=0.807906,source_publish_interval,0.8483750279992819,12.381250038743019,13.255917001515627
2026-08-10T17:44:29.447849+00:00,communication_drift_01,meter_03,531,none,publish_interval,random,random,random,normal_drift,0.9999999997274531,0.44951798656824754,0,,1,0,collecting_candidates;drift_not_confirmed,source_publish_interval,voltage_rolling_mean=230.612357;source_publish_interval=0.807903,source_publish_interval,0.5857078358530998,9.594707982614636,10.200584074482322
2026-08-10T17:44:30.220016+00:00,communication_drift_01,meter_01,532,none,publish_interval,random,random,random,normal_drift,0.9999999938547526,0.4986805421859683,0,,1,0,collecting_candidates;drift_not_confirmed,source_publish_interval,voltage_rolling_mean=231.592152;source_publish_interval=0.807908,source_publish_interval,2.7122909668833017,16.41887496225536,19.168458180502057
2026-08-10T17:44:30.239583+00:00,communication_drift_01,meter_02,532,none,publish_interval,random,random,random,normal_drift,0.9999999972966416,0.5379295382128949,0,,1,0,collecting_candidates;drift_not_confirmed,source_publish_interval,voltage_rolling_mean=231.433796;source_publish_interval=0.807906,source_publish_interval,0.6966660730540752,10.849749902263284,11.568834073841572
2026-08-10T17:44:30.251262+00:00,communication_drift_01,meter_03,532,none,publish_interval,random,random,random,normal_drift,0.9999999996723914,0.4393889039751014,0,,1,0,collecting_candidates;drift_not_confirmed,source_publish_interval,voltage_rolling_mean=230.612357;source_publish_interval=0.807903,source_publish_interval,0.5218330770730972,9.27533395588398,9.818250080570579
2026-08-10T17:44:31.027519+00:00,communication_drift_01,meter_01,533,none,publish_interval,random,random,random,normal_drift,0.9999999893473678,0.45682116057431005,0,,1,0,collecting_candidates;drift_not_confirmed,source_publish_interval,voltage_rolling_mean=231.592152;source_publish_interval=0.807908,source_publish_interval,2.5059578474611044,18.14933307468891,20.695208106189966
2026-08-10T17:44:31.048628+00:00,communication_drift_01,meter_02,533,none,publish_interval,random,random,random,normal_drift,0.9999999978687428,0.4599864008747217,0,,1,0,collecting_candidates;drift_not_confirmed,source_publish_interval,voltage_rolling_mean=231.433796;source_publish_interval=0.807906,source_publish_interval,0.7396249566227198,11.571583105251193,12.332540936768055
2026-08-10T17:44:31.061074+00:00,communication_drift_01,meter_03,533,none,publish_interval,random,random,random,normal_drift,0.9999999996693762,0.4350990125641849,0,,1,0,collecting_candidates;drift_not_confirmed,source_publish_interval,voltage_rolling_mean=230.612357;source_publish_interval=0.807903,source_publish_interval,0.5279579199850559,9.353207889944315,9.899625089019537
2026-08-10T17:44:31.836343+00:00,communication_drift_01,meter_01,534,none,publish_interval,random,random,random,normal_drift,0.9999999681979196,0.4405265071162472,0,,1,1,drift_not_confirmed;reference_updated,source_publish_interval,voltage_rolling_mean=231.592152;source_publish_interval=0.808337,source_publish_interval,2.3884170223027468,21.452167071402073,23.88591691851616
2026-08-10T17:44:31.860603+00:00,communication_drift_01,meter_02,534,none,publish_interval,random,random,random,normal_drift,0.9999999989384369,0.4443786047492981,0,,1,1,drift_not_confirmed;reference_updated,source_publish_interval,voltage_rolling_mean=231.433796;source_publish_interval=0.808337,source_publish_interval,0.8362079970538616,11.733915889635682,12.596999993547797
2026-08-10T17:44:31.873316+00:00,communication_drift_01,meter_03,534,none,publish_interval,random,random,random,normal_drift,0.9999999997835558,0.4367424768454809,0,,1,1,drift_not_confirmed;reference_updated,source_publish_interval,voltage_rolling_mean=230.612357;source_publish_interval=0.808339,source_publish_interval,0.5757499020546675,9.608791908249259,10.206916835159063
2026-08-10T17:44:32.646045+00:00,communication_drift_01,meter_01,535,none,publish_interval,random,random,random,normal_drift,0.9999999812898385,0.4537770550058379,0,,1,0,collecting_candidates;drift_not_confirmed,source_publish_interval,voltage_rolling_mean=231.592152;source_publish_interval=0.808337,source_publish_interval,2.0981249399483204,20.948915975168347,23.090458009392023
2026-08-10T17:44:32.669540+00:00,communication_drift_01,meter_02,535,none,publish_interval,random,random,random,normal_drift,0.9999999994037929,0.4427549902406293,0,,1,0,collecting_candidates;drift_not_confirmed,source_publish_interval,voltage_rolling_mean=231.433796;source_publish_interval=0.808337,source_publish_interval,0.8595001418143511,12.5642498023808,13.448999961838126
2026-08-10T17:44:32.683114+00:00,communication_drift_01,meter_03,535,none,publish_interval,random,random,random,normal_drift,0.9999999997561411,0.4603806864199563,0,,1,0,collecting_candidates;drift_not_confirmed,source_publish_interval,voltage_rolling_mean=230.612357;source_publish_interval=0.808339,source_publish_interval,0.5892908666282892,9.914249880239367,10.523667093366385
2026-08-10T17:44:33.455094+00:00,communication_drift_01,meter_01,536,none,publish_interval,random,random,random,normal_drift,0.9999999847606227,0.4542606835506225,0,,1,0,collecting_candidates;drift_not_confirmed,source_publish_interval,voltage_rolling_mean=231.592152;source_publish_interval=0.808337,source_publish_interval,1.9510830752551556,21.926166024059057,23.920207982882857
2026-08-10T17:44:33.479360+00:00,communication_drift_01,meter_02,536,none,publish_interval,random,random,random,normal_drift,0.9999999996395488,0.4758186547364573,0,,1,0,collecting_candidates;drift_not_confirmed,source_publish_interval,voltage_rolling_mean=231.433796;source_publish_interval=0.808337,source_publish_interval,0.8351670112460852,11.88925001770258,12.749833054840565
2026-08-10T17:44:33.492236+00:00,communication_drift_01,meter_03,536,none,publish_interval,random,random,random,normal_drift,0.9999999985458659,0.5204768537976956,0,,1,0,collecting_candidates;drift_not_confirmed,source_publish_interval,voltage_rolling_mean=230.612357;source_publish_interval=0.808339,source_publish_interval,0.573290977627039,9.66558395884931,10.259500006213784
2026-08-10T17:44:34.264960+00:00,communication_drift_01,meter_01,537,none,publish_interval,random,random,random,normal_drift,0.9999999733741554,0.43342937344987603,0,,1,0,collecting_candidates;drift_not_confirmed,source_publish_interval,voltage_rolling_mean=231.592152;source_publish_interval=0.808337,source_publish_interval,2.0129578188061714,21.84587507508695,23.892957950010896
2026-08-10T17:44:34.289165+00:00,communication_drift_01,meter_02,537,none,publish_interval,random,random,random,normal_drift,0.9999999960215802,0.48036379243252497,0,,1,0,collecting_candidates;drift_not_confirmed,source_publish_interval,voltage_rolling_mean=231.433796;source_publish_interval=0.808337,source_publish_interval,0.7949590217322111,11.837875004857779,12.656624894589186
2026-08-10T17:44:34.301927+00:00,communication_drift_01,meter_03,537,none,publish_interval,random,random,random,normal_drift,0.9999999995228368,0.5154693300896549,0,,1,0,collecting_candidates;drift_not_confirmed,source_publish_interval,voltage_rolling_mean=230.612357;source_publish_interval=0.808339,source_publish_interval,0.5711251869797707,9.548290865495801,10.138625046238303
2026-08-10T17:44:35.070972+00:00,communication_drift_01,meter_01,538,none,publish_interval,random,random,random,normal_drift,0.9999999680008992,0.43922198769213905,0,,1,0,collecting_candidates;drift_not_confirmed,source_publish_interval,voltage_rolling_mean=231.592152;source_publish_interval=0.808337,source_publish_interval,1.3887919485569,20.076333079487085,21.503041964024305
2026-08-10T17:44:35.092817+00:00,communication_drift_01,meter_02,538,none,publish_interval,random,random,random,normal_drift,0.9999999996260218,0.4657484670495362,0,,1,0,collecting_candidates;drift_not_confirmed,source_publish_interval,voltage_rolling_mean=231.433796;source_publish_interval=0.808337,source_publish_interval,0.8320419583469629,12.39545806311071,13.254208024591208
2026-08-10T17:44:35.106189+00:00,communication_drift_01,meter_03,538,none,publish_interval,random,random,random,normal_drift,0.9999999999641767,0.5104214946310431,0,,1,0,collecting_candidates;drift_not_confirmed,source_publish_interval,voltage_rolling_mean=230.612357;source_publish_interval=0.808339,source_publish_interval,0.5743750371038914,9.848000016063452,10.444374987855554
2026-08-10T17:44:35.881498+00:00,communication_drift_01,meter_01,539,none,publish_interval,random,random,random,normal_drift,0.9999999888476071,0.45753880234475147,0,,1,0,collecting_candidates;drift_not_confirmed,source_publish_interval,voltage_rolling_mean=231.592152;source_publish_interval=0.808337,source_publish_interval,3.3956251572817564,23.92358286306262,27.36925007775426
2026-08-10T17:44:35.909300+00:00,communication_drift_01,meter_02,539,none,publish_interval,random,random,random,normal_drift,0.9999999996335214,0.43105481867532364,0,,1,0,collecting_candidates;drift_not_confirmed,source_publish_interval,voltage_rolling_mean=231.433796;source_publish_interval=0.808337,source_publish_interval,0.8620831649750471,12.352959020063281,13.241208856925368
2026-08-10T17:44:35.922678+00:00,communication_drift_01,meter_03,539,none,publish_interval,random,random,random,normal_drift,0.9999999999932867,0.4651255600503399,0,,1,0,collecting_candidates;drift_not_confirmed,source_publish_interval,voltage_rolling_mean=230.612357;source_publish_interval=0.808339,source_publish_interval,0.579165993258357,9.820791892707348,10.420291917398572
2026-08-10T17:44:36.691792+00:00,communication_drift_01,meter_01,540,none,publish_interval,random,random,random,normal_drift,0.9999999653425063,0.47581295048238587,0,,1,0,collecting_candidates;drift_not_confirmed,source_publish_interval,voltage_rolling_mean=231.592152;source_publish_interval=0.808337,source_publish_interval,2.3816251195967197,21.694625029340386,24.12370895035565
2026-08-10T17:44:36.716366+00:00,communication_drift_01,meter_02,540,none,publish_interval,random,random,random,normal_drift,0.9999999997677937,0.5052813145007503,0,,1,0,collecting_candidates;drift_not_confirmed,source_publish_interval,voltage_rolling_mean=231.433796;source_publish_interval=0.808337,source_publish_interval,0.7382908370345831,11.759750079363585,12.521915836259723
2026-08-10T17:44:36.729020+00:00,communication_drift_01,meter_03,540,none,publish_interval,random,random,random,normal_drift,0.9999999999572369,0.47698729298547593,0,,1,0,collecting_candidates;drift_not_confirmed,source_publish_interval,voltage_rolling_mean=230.612357;source_publish_interval=0.808339,source_publish_interval,0.5600000731647015,9.535582968965173,10.118666104972363
2026-08-10T17:44:37.496774+00:00,communication_drift_01,meter_01,541,none,publish_interval,random,random,random,normal_drift,0.9999999837714664,0.5062527956267526,0,,1,0,collecting_candidates;drift_not_confirmed,source_publish_interval,voltage_rolling_mean=231.592152;source_publish_interval=0.808337,source_publish_interval,2.0107498858124018,21.537457825616002,23.591666016727686
2026-08-10T17:44:37.520708+00:00,communication_drift_01,meter_02,541,none,publish_interval,random,random,random,normal_drift,0.9999999988400481,0.4440173564347733,0,,1,0,collecting_candidates;drift_not_confirmed,source_publish_interval,voltage_rolling_mean=231.433796;source_publish_interval=0.808337,source_publish_interval,0.8180839940905571,12.0899579487741,12.932291952893138
2026-08-10T17:44:37.533755+00:00,communication_drift_01,meter_03,541,none,publish_interval,random,random,random,normal_drift,0.9999999999792331,0.45374616301059795,0,,1,0,collecting_candidates;drift_not_confirmed,source_publish_interval,voltage_rolling_mean=230.612357;source_publish_interval=0.808339,source_publish_interval,0.5851669702678919,9.67712514102459,10.281957918778062
2026-08-10T17:44:38.306837+00:00,communication_drift_01,meter_01,542,none,publish_interval,random,random,random,normal_drift,0.9999999942601874,0.5481428985914083,0,,1,0,collecting_candidates;drift_not_confirmed,source_publish_interval,voltage_rolling_mean=231.592152;source_publish_interval=0.808337,source_publish_interval,1.7444160766899586,21.702416939660907,23.515084059908986
2026-08-10T17:44:38.330831+00:00,communication_drift_01,meter_02,542,none,publish_interval,random,random,random,normal_drift,0.9999999987560821,0.46653884143740076,0,,1,0,collecting_candidates;drift_not_confirmed,source_publish_interval,voltage_rolling_mean=231.433796;source_publish_interval=0.808337,source_publish_interval,0.9107091464102268,12.484082952141762,13.426250079646707
2026-08-10T17:44:38.344431+00:00,communication_drift_01,meter_03,542,none,publish_interval,random,random,random,normal_drift,0.9999999999921718,0.46070677682623956,0,,1,0,collecting_candidates;drift_not_confirmed,source_publish_interval,voltage_rolling_mean=230.612357;source_publish_interval=0.808339,source_publish_interval,0.6092919502407312,9.678083006292582,10.309166042134166
2026-08-10T17:44:39.116319+00:00,communication_drift_01,meter_01,543,none,publish_interval,random,random,random,normal_drift,0.9999999900001139,0.4648422742697683,0,,1,0,collecting_candidates;drift_not_confirmed,source_publish_interval,voltage_rolling_mean=231.592152;source_publish_interval=0.808337,source_publish_interval,1.8480001017451286,21.740916883572936,23.640374885872006
2026-08-10T17:44:39.140298+00:00,communication_drift_01,meter_02,543,none,publish_interval,random,random,random,normal_drift,0.9999999997217568,0.4347281090559955,0,,1,0,collecting_candidates;drift_not_confirmed,source_publish_interval,voltage_rolling_mean=231.433796;source_publish_interval=0.808337,source_publish_interval,0.8729998953640461,12.016457971185446,12.920292094349861
2026-08-10T17:44:39.153395+00:00,communication_drift_01,meter_03,543,none,publish_interval,random,random,random,normal_drift,0.9999999999786753,0.4401003580415712,0,,1,0,collecting_candidates;drift_not_confirmed,source_publish_interval,voltage_rolling_mean=230.612357;source_publish_interval=0.808339,source_publish_interval,0.593625009059906,9.658416034653783,10.275291977450252
2026-08-10T17:44:39.925788+00:00,communication_drift_01,meter_01,544,none,publish_interval,random,random,random,normal_drift,0.9999999859978355,0.43930122548890455,0,,1,0,collecting_candidates;drift_not_confirmed,source_publish_interval,voltage_rolling_mean=231.592152;source_publish_interval=0.808337,source_publish_interval,2.9892500024288893,20.508209010586143,23.54270895011723
2026-08-10T17:44:39.949847+00:00,communication_drift_01,meter_02,544,none,publish_interval,random,random,random,normal_drift,0.9999999997720632,0.4381459740750196,0,,1,0,collecting_candidates;drift_not_confirmed,source_publish_interval,voltage_rolling_mean=231.433796;source_publish_interval=0.808337,source_publish_interval,0.7666659075766802,11.696249945089221,12.490708148106933
2026-08-10T17:44:39.962496+00:00,communication_drift_01,meter_03,544,none,publish_interval,random,random,random,normal_drift,0.9999999999931701,0.5038560836936212,0,,1,0,collecting_candidates;drift_not_confirmed,source_publish_interval,voltage_rolling_mean=230.612357;source_publish_interval=0.808339,source_publish_interval,0.545332906767726,9.43854101933539,10.005541844293475
2026-08-10T17:44:40.735135+00:00,communication_drift_01,meter_01,545,none,publish_interval,random,random,random,normal_drift,0.9999999949369338,0.43354760966184186,0,,1,0,collecting_candidates;drift_not_confirmed,source_publish_interval,voltage_rolling_mean=231.592152;source_publish_interval=0.808337,source_publish_interval,2.0009579602628946,20.63554199412465,22.6753749884665
2026-08-10T17:44:40.758162+00:00,communication_drift_01,meter_02,545,none,publish_interval,random,random,random,normal_drift,0.9999999993779813,0.5096479545661843,0,,1,0,collecting_candidates;drift_not_confirmed,source_publish_interval,voltage_rolling_mean=231.433796;source_publish_interval=0.808337,source_publish_interval,0.8213338442146778,11.929624946787953,12.775999959558249
2026-08-10T17:44:40.771064+00:00,communication_drift_01,meter_03,545,none,publish_interval,random,random,random,normal_drift,0.9999999999748426,0.4470015805162536,0,,1,0,collecting_candidates;drift_not_confirmed,source_publish_interval,voltage_rolling_mean=230.612357;source_publish_interval=0.808339,source_publish_interval,0.5770830903202295,9.52775008045137,10.125958127900958
2026-08-10T17:44:41.543020+00:00,communication_drift_01,meter_01,546,none,publish_interval,random,random,random,normal_drift,0.9999999949854042,0.4428540030010932,0,,1,0,collecting_candidates;drift_not_confirmed,source_publish_interval,voltage_rolling_mean=231.592152;source_publish_interval=0.808337,source_publish_interval,3.215292003005743,18.941957969218493,22.194874938577414
2026-08-10T17:44:41.565595+00:00,communication_drift_01,meter_02,546,none,publish_interval,random,random,random,normal_drift,0.9999999995908353,0.45683493866315256,0,,1,0,collecting_candidates;drift_not_confirmed,source_publish_interval,voltage_rolling_mean=231.433796;source_publish_interval=0.808337,source_publish_interval,0.7208751048892736,11.477750027552247,12.22516712732613
2026-08-10T17:44:41.577950+00:00,communication_drift_01,meter_03,546,none,publish_interval,random,random,random,normal_drift,0.9999999999689615,0.4386979266496086,0,,1,0,collecting_candidates;drift_not_confirmed,source_publish_interval,voltage_rolling_mean=230.612357;source_publish_interval=0.808339,source_publish_interval,0.5237089935690165,9.477208135649562,10.020666988566518
2026-08-10T17:44:42.351010+00:00,communication_drift_01,meter_01,547,none,publish_interval,random,random,random,normal_drift,0.9999999959477319,0.4643140204969742,0,,1,0,collecting_candidates;drift_not_confirmed,source_publish_interval,voltage_rolling_mean=231.592152;source_publish_interval=0.808337,source_publish_interval,2.635084092617035,15.063375001773238,17.726833932101727
2026-08-10T17:44:42.369135+00:00,communication_drift_01,meter_02,547,none,publish_interval,random,random,random,normal_drift,0.9999999992736934,0.4673417531416762,0,,1,0,collecting_candidates;drift_not_confirmed,source_publish_interval,voltage_rolling_mean=231.433796;source_publish_interval=0.808337,source_publish_interval,0.6562918424606323,10.62662503682077,11.304749874398112
2026-08-10T17:44:42.380539+00:00,communication_drift_01,meter_03,547,none,publish_interval,random,random,random,normal_drift,0.9999999999669822,0.45110959341659507,0,,1,0,collecting_candidates;drift_not_confirmed,source_publish_interval,voltage_rolling_mean=230.612357;source_publish_interval=0.808339,source_publish_interval,0.5183331668376923,9.008292108774185,9.545000037178397
2026-08-10T17:44:43.160321+00:00,communication_drift_01,meter_01,548,none,publish_interval,random,random,random,normal_drift,0.999999983905703,0.4735402683488563,0,,1,0,collecting_candidates;drift_not_confirmed,source_publish_interval,voltage_rolling_mean=231.592152;source_publish_interval=0.808337,source_publish_interval,1.9459580071270466,21.699541015550494,23.68358289822936
2026-08-10T17:44:43.184322+00:00,communication_drift_01,meter_02,548,none,publish_interval,random,random,random,normal_drift,0.9999999999407705,0.45432005924538604,0,,1,0,collecting_candidates;drift_not_confirmed,source_publish_interval,voltage_rolling_mean=231.433796;source_publish_interval=0.808337,source_publish_interval,0.7255410309880972,11.862332932651043,12.611708836629987
2026-08-10T17:44:43.197063+00:00,communication_drift_01,meter_03,548,none,publish_interval,random,random,random,normal_drift,0.9999999999968787,0.46765773676066563,0,,1,0,collecting_candidates;drift_not_confirmed,source_publish_interval,voltage_rolling_mean=230.612357;source_publish_interval=0.808339,source_publish_interval,0.5768327973783016,9.495083009824157,10.09216601960361
2026-08-10T17:44:43.970346+00:00,communication_drift_01,meter_01,549,none,publish_interval,random,random,random,normal_drift,0.9999999907921463,0.4736938650319468,0,,1,0,collecting_candidates;drift_not_confirmed,source_publish_interval,voltage_rolling_mean=231.592152;source_publish_interval=0.808337,source_publish_interval,3.280000062659383,20.512624876573682,23.837249958887696
2026-08-10T17:44:43.994620+00:00,communication_drift_01,meter_02,549,none,publish_interval,random,random,random,normal_drift,0.999999999910185,0.43036404970373504,0,,1,0,collecting_candidates;drift_not_confirmed,source_publish_interval,voltage_rolling_mean=231.433796;source_publish_interval=0.808337,source_publish_interval,0.8616249542683363,11.679874965921044,12.566625140607357
2026-08-10T17:44:44.007314+00:00,communication_drift_01,meter_03,549,none,publish_interval,random,random,random,normal_drift,0.9999999999851557,0.6325715827769882,0,,1,0,collecting_candidates;drift_not_confirmed,source_publish_interval,voltage_rolling_mean=230.612357;source_publish_interval=0.808339,source_publish_interval,0.5937500391155481,9.497292106971145,10.1114169228822
2026-08-10T17:44:44.780396+00:00,communication_drift_01,meter_01,550,none,publish_interval,random,random,random,normal_drift,0.9999999914254422,0.467782858161504,0,,1,0,collecting_candidates;drift_not_confirmed,source_publish_interval,voltage_rolling_mean=231.592152;source_publish_interval=0.808337,source_publish_interval,2.310708165168762,19.892000127583742,22.246708162128925
2026-08-10T17:44:44.803032+00:00,communication_drift_01,meter_02,550,none,publish_interval,random,random,random,normal_drift,0.9999999998534717,0.46351867833405225,0,,1,0,collecting_candidates;drift_not_confirmed,source_publish_interval,voltage_rolling_mean=231.433796;source_publish_interval=0.808337,source_publish_interval,0.7489998824894428,11.319540906697512,12.08937494084239
2026-08-10T17:44:44.815226+00:00,communication_drift_01,meter_03,550,none,publish_interval,random,random,random,normal_drift,0.9999999999551727,0.5119481864968659,0,,1,0,collecting_candidates;drift_not_confirmed,source_publish_interval,voltage_rolling_mean=230.612357;source_publish_interval=0.808339,source_publish_interval,0.51716691814363,9.440249996259809,9.977207984775305
2026-08-10T17:44:45.586131+00:00,communication_drift_01,meter_01,551,none,publish_interval,random,random,random,normal_drift,0.9999999857980812,0.4849731936352594,0,,1,0,collecting_candidates;drift_not_confirmed,source_publish_interval,voltage_rolling_mean=231.592152;source_publish_interval=0.808337,source_publish_interval,2.006959170103073,21.510791964828968,23.55583314783871
2026-08-10T17:44:45.610008+00:00,communication_drift_01,meter_02,551,none,publish_interval,random,random,random,normal_drift,0.9999999998270299,0.5236512388495591,0,,1,0,collecting_candidates;drift_not_confirmed,source_publish_interval,voltage_rolling_mean=231.433796;source_publish_interval=0.808337,source_publish_interval,0.7377918809652328,11.639499804005027,12.400625040754676
2026-08-10T17:44:45.622513+00:00,communication_drift_01,meter_03,551,none,publish_interval,random,random,random,normal_drift,0.9999999999849705,0.4874152145888434,0,,1,0,collecting_candidates;drift_not_confirmed,source_publish_interval,voltage_rolling_mean=230.612357;source_publish_interval=0.808339,source_publish_interval,0.5749580450356007,9.48762521147728,10.082334047183394
2026-08-10T17:44:46.388748+00:00,communication_drift_01,meter_01,552,none,publish_interval,random,random,random,normal_drift,0.9999993684655402,0.5083339071836429,0,,1,0,collecting_candidates;drift_not_confirmed,source_publish_interval,voltage_rolling_mean=231.592152;source_publish_interval=0.808337,source_publish_interval,3.0745831318199635,22.727999836206436,25.842417031526566
2026-08-10T17:44:46.415002+00:00,communication_drift_01,meter_02,552,none,publish_interval,random,random,random,normal_drift,0.9999999999324898,0.4870899387348309,0,,1,0,collecting_candidates;drift_not_confirmed,source_publish_interval,voltage_rolling_mean=231.433796;source_publish_interval=0.808337,source_publish_interval,0.8609998039901257,11.963875032961369,12.850207975134254
2026-08-10T17:44:46.427983+00:00,communication_drift_01,meter_03,552,none,publish_interval,random,random,random,normal_drift,0.9999999999942693,0.44577433500495584,0,,1,0,collecting_candidates;drift_not_confirmed,source_publish_interval,voltage_rolling_mean=230.612357;source_publish_interval=0.808339,source_publish_interval,0.5881672259420156,9.704249911010265,10.313082952052355
2026-08-10T17:44:47.195270+00:00,communication_drift_01,meter_01,553,none,publish_interval,random,random,random,normal_drift,0.9999999956698753,0.4425092613284817,0,,1,0,collecting_candidates;drift_not_confirmed,source_publish_interval,voltage_rolling_mean=231.592152;source_publish_interval=0.808337,source_publish_interval,1.855083042755723,19.086458021774888,21.00366703234613
2026-08-10T17:44:47.216723+00:00,communication_drift_01,meter_02,553,none,publish_interval,random,random,random,normal_drift,0.9999999997622999,0.5453290293255234,0,,1,0,collecting_candidates;drift_not_confirmed,source_publish_interval,voltage_rolling_mean=231.433796;source_publish_interval=0.808337,source_publish_interval,0.9234589524567127,12.83354195766151,13.783375034108758
2026-08-10T17:44:47.230649+00:00,communication_drift_01,meter_03,553,none,publish_interval,random,random,random,normal_drift,0.9999999999906974,0.44445565460463976,0,,1,0,collecting_candidates;drift_not_confirmed,source_publish_interval,voltage_rolling_mean=230.612357;source_publish_interval=0.808339,source_publish_interval,0.5948329344391823,9.67137492261827,10.286707896739244
2026-08-10T17:44:47.995283+00:00,communication_drift_01,meter_01,554,none,publish_interval,random,random,random,normal_drift,0.9999999872980586,0.538447361023966,0,,1,1,drift_not_confirmed;reference_updated,source_publish_interval,voltage_rolling_mean=231.592152;source_publish_interval=0.808156,source_publish_interval,1.4454158954322338,20.815041847527027,22.30574982240796
2026-08-10T17:44:48.017897+00:00,communication_drift_01,meter_02,554,none,publish_interval,random,random,random,normal_drift,0.9999999999142568,0.44311224614756173,0,,1,1,drift_not_confirmed;reference_updated,source_publish_interval,voltage_rolling_mean=231.433796;source_publish_interval=0.808153,source_publish_interval,0.8333749137818813,13.26074986718595,14.122750144451857
2026-08-10T17:44:48.032180+00:00,communication_drift_01,meter_03,554,none,publish_interval,random,random,random,normal_drift,0.9999999999901974,0.4485411139483249,0,,1,1,drift_not_confirmed;reference_updated,source_publish_interval,voltage_rolling_mean=230.612357;source_publish_interval=0.808150,source_publish_interval,0.6123329512774944,9.996333857998252,10.630124947056174
2026-08-10T17:44:48.806010+00:00,communication_drift_01,meter_01,555,none,publish_interval,random,random,random,normal_drift,0.9999999984770744,0.47906812664039977,0,,1,0,collecting_candidates;drift_not_confirmed,source_publish_interval,voltage_rolling_mean=231.592152;source_publish_interval=0.808156,source_publish_interval,1.9580000080168247,21.816707914695144,23.826624965295196
2026-08-10T17:44:48.830194+00:00,communication_drift_01,meter_02,555,none,publish_interval,random,random,random,normal_drift,0.999999999517535,0.5869910561722128,0,,1,0,collecting_candidates;drift_not_confirmed,source_publish_interval,voltage_rolling_mean=231.433796;source_publish_interval=0.808153,source_publish_interval,0.9279169607907534,12.174916919320822,13.129584025591612
2026-08-10T17:44:48.843466+00:00,communication_drift_01,meter_03,555,none,publish_interval,random,random,random,normal_drift,0.9999999999915399,0.446186483257425,0,,1,0,collecting_candidates;drift_not_confirmed,source_publish_interval,voltage_rolling_mean=230.612357;source_publish_interval=0.808150,source_publish_interval,0.6061249878257513,9.565875167027116,10.19250019453466
2026-08-10T17:44:49.611712+00:00,communication_drift_01,meter_01,556,none,publish_interval,random,random,random,normal_drift,0.9999999956969012,0.4408137285625277,0,,1,0,collecting_candidates;drift_not_confirmed,source_publish_interval,voltage_rolling_mean=231.592152;source_publish_interval=0.808156,source_publish_interval,3.2425839453935623,13.535749865695834,16.802458092570305
2026-08-10T17:44:49.628881+00:00,communication_drift_01,meter_02,556,none,publish_interval,random,random,random,normal_drift,0.9999999999141054,0.44420336673494176,0,,1,0,collecting_candidates;drift_not_confirmed,source_publish_interval,voltage_rolling_mean=231.433796;source_publish_interval=0.808153,source_publish_interval,0.5882501136511564,10.180167155340314,10.788916843011975
2026-08-10T17:44:49.639770+00:00,communication_drift_01,meter_03,556,none,publish_interval,random,random,random,normal_drift,0.9999999999924054,0.451768364130446,0,,1,0,collecting_candidates;drift_not_confirmed,source_publish_interval,voltage_rolling_mean=230.612357;source_publish_interval=0.808150,source_publish_interval,0.5235830321907997,8.796416921541095,9.338583098724484
2026-08-10T17:44:50.418910+00:00,communication_drift_01,meter_01,557,none,publish_interval,random,random,random,normal_drift,0.9999999989284787,0.4534944000732882,0,,1,0,collecting_candidates;drift_not_confirmed,source_publish_interval,voltage_rolling_mean=231.592152;source_publish_interval=0.808156,source_publish_interval,2.0322080235928297,20.971958059817553,23.0450420640409
2026-08-10T17:44:50.442325+00:00,communication_drift_01,meter_02,557,none,publish_interval,random,random,random,normal_drift,0.999999999950917,0.4420178172790619,0,,1,0,collecting_candidates;drift_not_confirmed,source_publish_interval,voltage_rolling_mean=231.433796;source_publish_interval=0.808153,source_publish_interval,0.8337090257555246,11.886582942679524,12.745041865855455
2026-08-10T17:44:50.455202+00:00,communication_drift_01,meter_03,557,none,publish_interval,random,random,random,normal_drift,0.9999999999757416,0.49282735497201724,0,,1,0,collecting_candidates;drift_not_confirmed,source_publish_interval,voltage_rolling_mean=230.612357;source_publish_interval=0.808150,source_publish_interval,0.6067499052733183,9.700209135189652,10.326833929866552
2026-08-10T17:44:51.221495+00:00,communication_drift_01,meter_01,558,none,publish_interval,random,random,random,normal_drift,0.9999999972090836,0.44788110657203706,0,,1,0,collecting_candidates;drift_not_confirmed,source_publish_interval,voltage_rolling_mean=231.592152;source_publish_interval=0.808156,source_publish_interval,3.1140001956373453,19.959499826654792,23.1068329885602
2026-08-10T17:44:51.244999+00:00,communication_drift_01,meter_02,558,none,publish_interval,random,random,random,normal_drift,0.9999999999893576,0.47886316192131323,0,,1,0,collecting_candidates;drift_not_confirmed,source_publish_interval,voltage_rolling_mean=231.433796;source_publish_interval=0.808153,source_publish_interval,0.6959170568734407,11.477665975689888,12.195750139653683
2026-08-10T17:44:51.257298+00:00,communication_drift_01,meter_03,558,none,publish_interval,random,random,random,normal_drift,0.9999999999949036,0.46640893621080765,0,,1,0,collecting_candidates;drift_not_confirmed,source_publish_interval,voltage_rolling_mean=230.612357;source_publish_interval=0.808150,source_publish_interval,0.5316669121384621,9.443624876439571,9.994708001613617
2026-08-10T17:44:52.031455+00:00,communication_drift_01,meter_01,559,none,publish_interval,random,random,random,normal_drift,0.9999999982720549,0.43528875876178313,0,,1,0,collecting_candidates;drift_not_confirmed,source_publish_interval,voltage_rolling_mean=231.592152;source_publish_interval=0.808156,source_publish_interval,2.827957971021533,20.270500099286437,23.135583149269223
2026-08-10T17:44:52.054981+00:00,communication_drift_01,meter_02,559,none,publish_interval,random,random,random,normal_drift,0.9999999995962887,0.58362329165779,0,,1,0,collecting_candidates;drift_not_confirmed,source_publish_interval,voltage_rolling_mean=231.433796;source_publish_interval=0.808153,source_publish_interval,0.7682919967919588,11.850541923195124,12.641208013519645
2026-08-10T17:44:52.067737+00:00,communication_drift_01,meter_03,559,none,publish_interval,random,random,random,normal_drift,0.9999999999884652,0.4537974611364216,0,,1,0,collecting_candidates;drift_not_confirmed,source_publish_interval,voltage_rolling_mean=230.612357;source_publish_interval=0.808150,source_publish_interval,0.5852091126143932,9.519333019852638,10.123916901648045
2026-08-10T17:44:52.840559+00:00,communication_drift_01,meter_01,560,none,publish_interval,random,random,random,normal_drift,0.9999999986305839,0.445040925406137,0,,1,0,collecting_candidates;drift_not_confirmed,source_publish_interval,voltage_rolling_mean=231.592152;source_publish_interval=0.808156,source_publish_interval,2.0343749783933163,22.04983402043581,24.131833110004663
2026-08-10T17:44:52.865101+00:00,communication_drift_01,meter_02,560,none,publish_interval,random,random,random,normal_drift,0.9999999999750211,0.4455398607580983,0,,1,0,collecting_candidates;drift_not_confirmed,source_publish_interval,voltage_rolling_mean=231.433796;source_publish_interval=0.808153,source_publish_interval,0.7939168717712164,12.02045800164342,12.839584145694971
2026-08-10T17:44:52.878088+00:00,communication_drift_01,meter_03,560,none,publish_interval,random,random,random,normal_drift,0.9999999999953453,0.4545430269797929,0,,1,0,collecting_candidates;drift_not_confirmed,source_publish_interval,voltage_rolling_mean=230.612357;source_publish_interval=0.808150,source_publish_interval,0.5388329736888409,9.796374943107367,10.359290987253189
2026-08-10T17:44:53.642962+00:00,communication_drift_01,meter_01,561,none,publish_interval,random,random,random,normal_drift,0.9999999962279673,0.4446900018251002,0,,1,0,collecting_candidates;drift_not_confirmed,source_publish_interval,voltage_rolling_mean=231.592152;source_publish_interval=0.808156,source_publish_interval,2.2410410456359386,18.954833038151264,21.230542100965977
2026-08-10T17:44:53.664558+00:00,communication_drift_01,meter_02,561,none,publish_interval,random,random,random,normal_drift,0.9999999999769065,0.45131515603166295,0,,1,0,collecting_candidates;drift_not_confirmed,source_publish_interval,voltage_rolling_mean=231.433796;source_publish_interval=0.808153,source_publish_interval,0.7366249337792397,11.50570809841156,12.266583042219281
2026-08-10T17:44:53.676929+00:00,communication_drift_01,meter_03,561,none,publish_interval,random,random,random,normal_drift,0.9999999999847005,0.45576788395631856,0,,1,0,collecting_candidates;drift_not_confirmed,source_publish_interval,voltage_rolling_mean=230.612357;source_publish_interval=0.808150,source_publish_interval,0.5447498988360167,9.403083939105272,9.96866705827415
2026-08-10T17:44:54.445361+00:00,communication_drift_01,meter_01,562,none,publish_interval,random,random,random,normal_drift,0.9999999995208553,0.48467223108010815,0,,1,0,collecting_candidates;drift_not_confirmed,source_publish_interval,voltage_rolling_mean=231.592152;source_publish_interval=0.808156,source_publish_interval,3.3090829383581877,20.849124994128942,24.20045784674585
2026-08-10T17:44:54.469949+00:00,communication_drift_01,meter_02,562,none,publish_interval,random,random,random,normal_drift,0.9999999999885396,0.4480582400027855,0,,1,0,collecting_candidates;drift_not_confirmed,source_publish_interval,voltage_rolling_mean=231.433796;source_publish_interval=0.808153,source_publish_interval,0.7464170921593904,11.707166908308864,12.477625161409378
2026-08-10T17:44:54.482535+00:00,communication_drift_01,meter_03,562,none,publish_interval,random,random,random,normal_drift,0.9999999999859328,0.4865412914237756,0,,1,0,collecting_candidates;drift_not_confirmed,source_publish_interval,voltage_rolling_mean=230.612357;source_publish_interval=0.808150,source_publish_interval,0.5451671313494444,9.538332931697369,10.103249922394753
2026-08-10T17:44:55.252294+00:00,communication_drift_01,meter_01,563,none,publish_interval,random,random,random,normal_drift,0.9999999989819268,0.5391434793227033,0,,1,0,collecting_candidates;drift_not_confirmed,source_publish_interval,voltage_rolling_mean=231.592152;source_publish_interval=0.808156,source_publish_interval,1.456709112972021,21.767541067674756,23.26620905660093
2026-08-10T17:44:55.275912+00:00,communication_drift_01,meter_02,563,none,publish_interval,random,random,random,normal_drift,0.9999999999731981,0.4445842839553426,0,,1,0,collecting_candidates;drift_not_confirmed,source_publish_interval,voltage_rolling_mean=231.433796;source_publish_interval=0.808153,source_publish_interval,0.7643748540431261,11.916792020201683,12.70745787769556
2026-08-10T17:44:55.288768+00:00,communication_drift_01,meter_03,563,none,publish_interval,random,random,random,normal_drift,0.9999999999977751,0.5053540455641218,0,,1,0,collecting_candidates;drift_not_confirmed,source_publish_interval,voltage_rolling_mean=230.612357;source_publish_interval=0.808150,source_publish_interval,0.6054590921849012,9.541874984279275,10.168332839384675
2026-08-10T17:44:56.062573+00:00,communication_drift_01,meter_01,564,none,publish_interval,random,random,random,normal_drift,0.9999999998082183,0.4367196112218047,0,,1,0,collecting_candidates;drift_not_confirmed,source_publish_interval,voltage_rolling_mean=231.592152;source_publish_interval=0.808156,source_publish_interval,1.997541869059205,21.900540916249156,23.94408406689763
2026-08-10T17:44:56.086869+00:00,communication_drift_01,meter_02,564,none,publish_interval,random,random,random,normal_drift,0.9999999998283289,0.5455971667893844,0,,1,0,collecting_candidates;drift_not_confirmed,source_publish_interval,voltage_rolling_mean=231.433796;source_publish_interval=0.808153,source_publish_interval,0.8544579613953829,12.102625099942088,12.981583131477237
2026-08-10T17:44:56.099987+00:00,communication_drift_01,meter_03,564,none,publish_interval,random,random,random,normal_drift,0.9999999999933435,0.457832199404079,0,,1,0,collecting_candidates;drift_not_confirmed,source_publish_interval,voltage_rolling_mean=230.612357;source_publish_interval=0.808150,source_publish_interval,0.5614589899778366,9.485749993473291,10.066958842799067
2026-08-10T17:44:56.867914+00:00,communication_drift_01,meter_01,565,none,publish_interval,random,random,random,normal_drift,0.9999999994560107,0.44218286567668813,0,,1,0,collecting_candidates;drift_not_confirmed,source_publish_interval,voltage_rolling_mean=231.592152;source_publish_interval=0.808156,source_publish_interval,1.7414998728781939,22.087458986788988,23.868332849815488
2026-08-10T17:44:56.892075+00:00,communication_drift_01,meter_02,565,none,publish_interval,random,random,random,normal_drift,0.9999999999864149,0.44528244351544527,0,,1,0,collecting_candidates;drift_not_confirmed,source_publish_interval,voltage_rolling_mean=231.433796;source_publish_interval=0.808153,source_publish_interval,0.8251669351011515,11.984750162810087,12.833249988034368
2026-08-10T17:44:56.905019+00:00,communication_drift_01,meter_03,565,none,publish_interval,random,random,random,normal_drift,0.999999999996992,0.4696986226261112,0,,1,0,collecting_candidates;drift_not_confirmed,source_publish_interval,voltage_rolling_mean=230.612357;source_publish_interval=0.808150,source_publish_interval,0.5944999866187572,9.703999850898981,10.317916981875896
2026-08-10T17:44:57.669835+00:00,communication_drift_01,meter_01,566,none,publish_interval,random,random,random,normal_drift,0.9999999983977861,0.5532549331073187,0,,1,0,collecting_candidates;drift_not_confirmed,source_publish_interval,voltage_rolling_mean=231.592152;source_publish_interval=0.808156,source_publish_interval,2.0859579090029,21.744499914348125,23.868458112701774
2026-08-10T17:44:57.694048+00:00,communication_drift_01,meter_02,566,none,publish_interval,random,random,random,normal_drift,0.99999999998256,0.6100433061072653,0,,1,0,collecting_candidates;drift_not_confirmed,source_publish_interval,voltage_rolling_mean=231.433796;source_publish_interval=0.808153,source_publish_interval,0.8741251658648252,11.793499812483788,12.691959040239453
2026-08-10T17:44:57.706863+00:00,communication_drift_01,meter_03,566,none,publish_interval,random,random,random,normal_drift,0.9999999999842624,0.47400549605651565,0,,1,0,collecting_candidates;drift_not_confirmed,source_publish_interval,voltage_rolling_mean=230.612357;source_publish_interval=0.808150,source_publish_interval,0.5924580618739128,9.719958063215017,10.33158297650516
2026-08-10T17:44:58.479892+00:00,communication_drift_01,meter_01,567,none,publish_interval,random,random,random,normal_drift,0.9999999996528603,0.44645460693101957,0,,1,0,collecting_candidates;drift_not_confirmed,source_publish_interval,voltage_rolling_mean=231.592152;source_publish_interval=0.808156,source_publish_interval,2.0257500000298023,21.47704199887812,23.538416950032115
2026-08-10T17:44:58.503757+00:00,communication_drift_01,meter_02,567,none,publish_interval,random,random,random,normal_drift,0.9999999999841267,0.47273121905172955,0,,1,0,collecting_candidates;drift_not_confirmed,source_publish_interval,voltage_rolling_mean=231.433796;source_publish_interval=0.808153,source_publish_interval,0.7366249337792397,11.688041966408491,12.447500135749578
2026-08-10T17:44:58.516333+00:00,communication_drift_01,meter_03,567,none,publish_interval,random,random,random,normal_drift,0.9999999999924241,0.46664427887221466,0,,1,0,collecting_candidates;drift_not_confirmed,source_publish_interval,voltage_rolling_mean=230.612357;source_publish_interval=0.808150,source_publish_interval,0.58787502348423,9.519750019535422,10.127458022907376
2026-08-10T17:44:59.288346+00:00,communication_drift_01,meter_01,568,none,publish_interval,random,random,random,normal_drift,0.9999999999192506,0.4432449023758419,0,,1,0,collecting_candidates;drift_not_confirmed,source_publish_interval,voltage_rolling_mean=231.592152;source_publish_interval=0.808156,source_publish_interval,2.039792016148567,22.284958977252245,24.36799998395145
2026-08-10T17:44:59.313054+00:00,communication_drift_01,meter_02,568,none,publish_interval,random,random,random,normal_drift,0.9999999999975799,0.5016170775471799,0,,1,0,collecting_candidates;drift_not_confirmed,source_publish_interval,voltage_rolling_mean=231.433796;source_publish_interval=0.808153,source_publish_interval,0.8792080916464329,11.840583058074117,12.745083076879382
2026-08-10T17:44:59.325935+00:00,communication_drift_01,meter_03,568,none,publish_interval,random,random,random,normal_drift,0.9999999999963851,0.4617296258304822,0,,1,0,collecting_candidates;drift_not_confirmed,source_publish_interval,voltage_rolling_mean=230.612357;source_publish_interval=0.808150,source_publish_interval,0.5393750034272671,9.560790844261646,10.121833998709917
2026-08-10T17:45:00.098261+00:00,communication_drift_01,meter_01,569,none,publish_interval,random,random,random,normal_drift,0.9999999998986311,0.46208861838948617,0,,1,0,collecting_candidates;drift_not_confirmed,source_publish_interval,voltage_rolling_mean=231.592152;source_publish_interval=0.808156,source_publish_interval,2.036249963566661,21.874917205423117,23.94679212011397
2026-08-10T17:45:00.122559+00:00,communication_drift_01,meter_02,569,none,publish_interval,random,random,random,normal_drift,0.9999999999959608,0.4497092001564583,0,,1,0,collecting_candidates;drift_not_confirmed,source_publish_interval,voltage_rolling_mean=231.433796;source_publish_interval=0.808153,source_publish_interval,0.8487501181662083,12.032584054395556,12.906000018119812
2026-08-10T17:45:00.135581+00:00,communication_drift_01,meter_03,569,none,publish_interval,random,random,random,normal_drift,0.999999999998427,0.46228163315747667,0,,1,0,collecting_candidates;drift_not_confirmed,source_publish_interval,voltage_rolling_mean=230.612357;source_publish_interval=0.808150,source_publish_interval,0.5871248431503773,9.570792084559798,10.178915923461318
2026-08-10T17:45:00.900856+00:00,communication_drift_01,meter_01,570,none,publish_interval,random,random,random,normal_drift,0.9999999997879532,0.44720312844923893,0,,1,0,collecting_candidates;drift_not_confirmed,source_publish_interval,voltage_rolling_mean=231.592152;source_publish_interval=0.808156,source_publish_interval,2.993999980390072,14.255082933232188,17.279166029766202
2026-08-10T17:45:00.918523+00:00,communication_drift_01,meter_02,570,none,publish_interval,random,random,random,normal_drift,0.9999999999905493,0.5466001462462726,0,,1,0,collecting_candidates;drift_not_confirmed,source_publish_interval,voltage_rolling_mean=231.433796;source_publish_interval=0.808153,source_publish_interval,0.6709999870508909,10.377292055636644,11.070042150095105
2026-08-10T17:45:00.929695+00:00,communication_drift_01,meter_03,570,none,publish_interval,random,random,random,normal_drift,0.999999999940262,0.5028056922668989,0,,1,0,collecting_candidates;drift_not_confirmed,source_publish_interval,voltage_rolling_mean=230.612357;source_publish_interval=0.808150,source_publish_interval,0.5240419413894415,8.990334114059806,9.535833029076457
2026-08-10T17:45:01.702241+00:00,communication_drift_01,meter_01,571,none,publish_interval,random,random,random,normal_drift,0.999999999977121,0.4663691263416937,0,,1,0,collecting_candidates;drift_not_confirmed,source_publish_interval,voltage_rolling_mean=231.592152;source_publish_interval=0.808156,source_publish_interval,2.0048338919878006,20.07966721430421,22.124582901597023
2026-08-10T17:45:01.724666+00:00,communication_drift_01,meter_02,571,none,publish_interval,random,random,random,normal_drift,0.9999999999933644,0.44518106978501926,0,,1,0,collecting_candidates;drift_not_confirmed,source_publish_interval,voltage_rolling_mean=231.433796;source_publish_interval=0.808153,source_publish_interval,0.7589999586343765,11.79804210551083,12.581499991938472
2026-08-10T17:45:01.737378+00:00,communication_drift_01,meter_03,571,none,publish_interval,random,random,random,normal_drift,0.9999999999977871,0.5382158601574283,0,,1,0,collecting_candidates;drift_not_confirmed,source_publish_interval,voltage_rolling_mean=230.612357;source_publish_interval=0.808150,source_publish_interval,0.52220793440938,9.473958984017372,10.01591607928276
2026-08-10T17:45:02.505085+00:00,communication_drift_01,meter_01,572,none,publish_interval,random,random,random,normal_drift,0.9999999998307125,0.5178320309795456,0,,1,0,collecting_candidates;drift_not_confirmed,source_publish_interval,voltage_rolling_mean=231.592152;source_publish_interval=0.808156,source_publish_interval,3.438167041167617,19.843083107843995,23.317583138123155
2026-08-10T17:45:02.528916+00:00,communication_drift_01,meter_02,572,none,publish_interval,random,random,random,normal_drift,0.9999999999805618,0.44961799673348685,0,,1,0,collecting_candidates;drift_not_confirmed,source_publish_interval,voltage_rolling_mean=231.433796;source_publish_interval=0.808153,source_publish_interval,0.7043750956654549,11.644124984741211,12.370584066957235
2026-08-10T17:45:02.541396+00:00,communication_drift_01,meter_03,572,none,publish_interval,random,random,random,normal_drift,0.9999999999789906,0.5225982940018588,0,,1,0,collecting_candidates;drift_not_confirmed,source_publish_interval,voltage_rolling_mean=230.612357;source_publish_interval=0.808150,source_publish_interval,0.525832874700427,9.464583126828074,10.010584024712443
2026-08-10T17:45:03.314759+00:00,communication_drift_01,meter_01,573,none,publish_interval,random,random,random,normal_drift,0.9999999999516058,0.43747322163663954,0,,1,0,collecting_candidates;drift_not_confirmed,source_publish_interval,voltage_rolling_mean=231.592152;source_publish_interval=0.808156,source_publish_interval,2.2047499660402536,21.764874923974276,24.00449989363551
2026-08-10T17:45:03.339204+00:00,communication_drift_01,meter_02,573,none,publish_interval,random,random,random,normal_drift,0.9999999999949587,0.4497762791099387,0,,1,0,collecting_candidates;drift_not_confirmed,source_publish_interval,voltage_rolling_mean=231.433796;source_publish_interval=0.808153,source_publish_interval,0.8531669154763222,12.027583085000515,12.904624920338392
2026-08-10T17:45:03.352234+00:00,communication_drift_01,meter_03,573,none,publish_interval,random,random,random,normal_drift,0.999999999995973,0.48871319464743534,0,,1,0,collecting_candidates;drift_not_confirmed,source_publish_interval,voltage_rolling_mean=230.612357;source_publish_interval=0.808150,source_publish_interval,0.5787909030914307,9.662625147029757,10.261374991387129
2026-08-10T17:45:04.124141+00:00,communication_drift_01,meter_01,574,none,publish_interval,random,random,random,normal_drift,0.9999999999836473,0.4966897626928536,0,,1,1,drift_not_confirmed;reference_updated,source_publish_interval,voltage_rolling_mean=231.592152;source_publish_interval=0.807273,source_publish_interval,2.2728331387043,17.321333987638354,19.636499928310513
2026-08-10T17:45:04.144251+00:00,communication_drift_01,meter_02,574,none,publish_interval,random,random,random,normal_drift,0.999999999989333,0.4827560170682989,0,,1,1,drift_not_confirmed;reference_updated,source_publish_interval,voltage_rolling_mean=231.433796;source_publish_interval=0.807276,source_publish_interval,0.7472920697182417,11.291125090792775,12.062584049999714
2026-08-10T17:45:04.156420+00:00,communication_drift_01,meter_03,574,none,publish_interval,random,random,random,normal_drift,0.9999999999647273,0.4886746037278529,0,,1,1,drift_not_confirmed;reference_updated,source_publish_interval,voltage_rolling_mean=230.612357;source_publish_interval=0.807279,source_publish_interval,0.5207080394029617,9.351916844025254,9.894334012642503
2026-08-10T17:45:04.924865+00:00,communication_drift_01,meter_01,575,none,publish_interval,random,random,random,normal_drift,0.9999999996947329,0.4721635766018538,0,,1,0,collecting_candidates;drift_not_confirmed,source_publish_interval,voltage_rolling_mean=231.592152;source_publish_interval=0.807273,source_publish_interval,2.2673748899251223,22.306500002741814,24.616416078060865
2026-08-10T17:45:04.949885+00:00,communication_drift_01,meter_02,575,none,publish_interval,random,random,random,normal_drift,0.9999999999566465,0.48017191795068737,0,,1,0,collecting_candidates;drift_not_confirmed,source_publish_interval,voltage_rolling_mean=231.433796;source_publish_interval=0.807276,source_publish_interval,0.8717500604689121,12.327958131209016,13.225625036284328
2026-08-10T17:45:04.963240+00:00,communication_drift_01,meter_03,575,none,publish_interval,random,random,random,normal_drift,0.999999999977655,0.48506225854622054,0,,1,0,collecting_candidates;drift_not_confirmed,source_publish_interval,voltage_rolling_mean=230.612357;source_publish_interval=0.807279,source_publish_interval,0.5263751372694969,9.579290868714452,10.126542067155242
2026-08-10T17:45:05.726843+00:00,communication_drift_01,meter_01,576,none,publish_interval,random,random,random,normal_drift,0.9999999999884956,0.509196290797849,0,,1,0,collecting_candidates;drift_not_confirmed,source_publish_interval,voltage_rolling_mean=231.592152;source_publish_interval=0.807273,source_publish_interval,2.563375048339367,19.73187504336238,22.329999832436442
2026-08-10T17:45:05.749588+00:00,communication_drift_01,meter_02,576,none,publish_interval,random,random,random,normal_drift,0.9999999999967812,0.4689911345982927,0,,1,0,collecting_candidates;drift_not_confirmed,source_publish_interval,voltage_rolling_mean=231.433796;source_publish_interval=0.807276,source_publish_interval,0.7362088654190302,11.514500016346574,12.271207990124822
2026-08-10T17:45:05.761963+00:00,communication_drift_01,meter_03,576,none,publish_interval,random,random,random,normal_drift,0.9999999999902334,0.4498900909921295,0,,1,0,collecting_candidates;drift_not_confirmed,source_publish_interval,voltage_rolling_mean=230.612357;source_publish_interval=0.807279,source_publish_interval,0.5244161002337933,9.441332891583443,9.986167075112462
2026-08-10T17:45:06.536323+00:00,communication_drift_01,meter_01,577,none,publish_interval,random,random,random,normal_drift,0.9999999999840754,0.4705786773184553,0,,1,0,collecting_candidates;drift_not_confirmed,source_publish_interval,voltage_rolling_mean=231.592152;source_publish_interval=0.807273,source_publish_interval,2.1388339810073376,22.14937494136393,24.33583396486938
2026-08-10T17:45:06.561105+00:00,communication_drift_01,meter_02,577,none,publish_interval,random,random,random,normal_drift,0.999999999986454,0.4961193347915145,0,,1,0,collecting_candidates;drift_not_confirmed,source_publish_interval,voltage_rolling_mean=231.433796;source_publish_interval=0.807276,source_publish_interval,0.7925420068204403,11.89225004054606,12.710666982457042
2026-08-10T17:45:06.573953+00:00,communication_drift_01,meter_03,577,none,publish_interval,random,random,random,normal_drift,0.9999999999929055,0.4637653304375742,0,,1,0,collecting_candidates;drift_not_confirmed,source_publish_interval,voltage_rolling_mean=230.612357;source_publish_interval=0.807279,source_publish_interval,0.6085839122533798,9.56970895640552,10.198416886851192
2026-08-10T17:45:07.346052+00:00,communication_drift_01,meter_01,578,none,publish_interval,random,random,random,normal_drift,0.9999999999674716,0.4922398756803595,0,,1,0,collecting_candidates;drift_not_confirmed,source_publish_interval,voltage_rolling_mean=231.592152;source_publish_interval=0.807273,source_publish_interval,2.165582962334156,20.967958960682154,23.172625107690692
2026-08-10T17:45:07.369589+00:00,communication_drift_01,meter_02,578,none,publish_interval,random,random,random,normal_drift,0.9999999999985332,0.4925173103486905,0,,1,0,collecting_candidates;drift_not_confirmed,source_publish_interval,voltage_rolling_mean=231.433796;source_publish_interval=0.807276,source_publish_interval,0.8693330455571413,11.771874967962503,12.662458000704646
2026-08-10T17:45:07.382366+00:00,communication_drift_01,meter_03,578,none,publish_interval,random,random,random,normal_drift,0.9999999999982923,0.48775930793228245,0,,1,0,collecting_candidates;drift_not_confirmed,source_publish_interval,voltage_rolling_mean=230.612357;source_publish_interval=0.807279,source_publish_interval,0.5205420311540365,9.521375177428126,10.062542045488954
2026-08-10T17:45:08.149594+00:00,communication_drift_01,meter_01,579,none,publish_interval,random,random,random,normal_drift,0.9999999999520326,0.45906358909522427,0,,1,0,collecting_candidates;drift_not_confirmed,source_publish_interval,voltage_rolling_mean=231.592152;source_publish_interval=0.807273,source_publish_interval,3.1397079583257437,20.882749930024147,24.089458165690303
2026-08-10T17:45:08.174219+00:00,communication_drift_01,meter_02,579,none,publish_interval,random,random,random,normal_drift,0.9999999999874714,0.45888362223619533,0,,1,0,collecting_candidates;drift_not_confirmed,source_publish_interval,voltage_rolling_mean=231.433796;source_publish_interval=0.807276,source_publish_interval,0.8239999879151583,12.035333784297109,12.887292075902224
2026-08-10T17:45:08.187274+00:00,communication_drift_01,meter_03,579,none,publish_interval,random,random,random,normal_drift,0.999999999972417,0.4871805998696356,0,,1,0,collecting_candidates;drift_not_confirmed,source_publish_interval,voltage_rolling_mean=230.612357;source_publish_interval=0.807279,source_publish_interval,0.5396250635385513,9.560917038470507,10.124500142410398
2026-08-10T17:45:08.959343+00:00,communication_drift_01,meter_01,580,none,publish_interval,random,random,random,normal_drift,0.9999999999700022,0.4485146019815988,0,,1,0,collecting_candidates;drift_not_confirmed,source_publish_interval,voltage_rolling_mean=231.592152;source_publish_interval=0.807273,source_publish_interval,2.4179171305149794,21.509958198294044,23.975125048309565
2026-08-10T17:45:08.983770+00:00,communication_drift_01,meter_02,580,none,publish_interval,random,random,random,normal_drift,0.9999999999974154,0.4858132690240429,0,,1,0,collecting_candidates;drift_not_confirmed,source_publish_interval,voltage_rolling_mean=231.433796;source_publish_interval=0.807276,source_publish_interval,0.9010410867631435,11.817499995231628,12.749374844133854
2026-08-10T17:45:08.996665+00:00,communication_drift_01,meter_03,580,none,publish_interval,random,random,random,normal_drift,0.9999999999894793,0.47037499179317066,0,,1,0,collecting_candidates;drift_not_confirmed,source_publish_interval,voltage_rolling_mean=230.612357;source_publish_interval=0.807279,source_publish_interval,0.6122500635683537,9.621166158467531,10.254249908030033
2026-08-10T17:45:09.769674+00:00,communication_drift_01,meter_01,581,none,publish_interval,random,random,random,normal_drift,0.9999999999892977,0.46213689069469566,0,,1,0,collecting_candidates;drift_not_confirmed,source_publish_interval,voltage_rolling_mean=231.592152;source_publish_interval=0.807273,source_publish_interval,2.3785000666975975,22.59133313782513,25.021666893735528
2026-08-10T17:45:09.795170+00:00,communication_drift_01,meter_02,581,none,publish_interval,random,random,random,normal_drift,0.9999999999966895,0.49371742773478317,0,,1,0,collecting_candidates;drift_not_confirmed,source_publish_interval,voltage_rolling_mean=231.433796;source_publish_interval=0.807276,source_publish_interval,0.937208067625761,12.11437489837408,13.081416953355074
2026-08-10T17:45:09.808428+00:00,communication_drift_01,meter_03,581,none,publish_interval,random,random,random,normal_drift,0.9999999999944538,0.48002329618764,0,,1,0,collecting_candidates;drift_not_confirmed,source_publish_interval,voltage_rolling_mean=230.612357;source_publish_interval=0.807279,source_publish_interval,0.6062500178813934,9.73387504927814,10.361292166635394
2026-08-10T17:45:10.580013+00:00,communication_drift_01,meter_01,582,none,publish_interval,random,random,random,normal_drift,0.9999999999838718,0.4694516927246374,0,,1,0,collecting_candidates;drift_not_confirmed,source_publish_interval,voltage_rolling_mean=231.592152;source_publish_interval=0.807273,source_publish_interval,1.965374918654561,21.791707957163453,23.79929111339152
2026-08-10T17:45:10.604221+00:00,communication_drift_01,meter_02,582,none,publish_interval,random,random,random,normal_drift,0.9999999999958193,0.4587368917967556,0,,1,0,collecting_candidates;drift_not_confirmed,source_publish_interval,voltage_rolling_mean=231.433796;source_publish_interval=0.807276,source_publish_interval,0.841124914586544,12.030834099277854,12.897625099867582
2026-08-10T17:45:10.617238+00:00,communication_drift_01,meter_03,582,none,publish_interval,random,random,random,normal_drift,0.9999999999875329,0.4506743766458672,0,,1,0,collecting_candidates;drift_not_confirmed,source_publish_interval,voltage_rolling_mean=230.612357;source_publish_interval=0.807279,source_publish_interval,0.6057920400053263,9.764791931957006,10.392500087618828
2026-08-10T17:45:11.385320+00:00,communication_drift_01,meter_01,583,none,publish_interval,random,random,random,normal_drift,0.9999999999420892,0.4778178976438834,0,,1,0,collecting_candidates;drift_not_confirmed,source_publish_interval,voltage_rolling_mean=231.592152;source_publish_interval=0.807273,source_publish_interval,3.343291115015745,17.301624873653054,20.68920899182558
2026-08-10T17:45:11.406435+00:00,communication_drift_01,meter_02,583,none,publish_interval,random,random,random,normal_drift,0.9999999999849998,0.4885272881610683,0,,1,0,collecting_candidates;drift_not_confirmed,source_publish_interval,voltage_rolling_mean=231.433796;source_publish_interval=0.807276,source_publish_interval,0.7417087908834219,10.952792130410671,11.717791901901364
2026-08-10T17:45:11.418270+00:00,communication_drift_01,meter_03,583,none,publish_interval,random,random,random,normal_drift,0.9999999999869016,0.4655786012679125,0,,1,0,collecting_candidates;drift_not_confirmed,source_publish_interval,voltage_rolling_mean=230.612357;source_publish_interval=0.807279,source_publish_interval,0.5344580858945847,9.293375071138144,9.849209105595946
2026-08-10T17:45:12.193384+00:00,communication_drift_01,meter_01,584,none,publish_interval,random,random,random,normal_drift,0.9999999999024021,0.5621596739438434,0,,1,0,collecting_candidates;drift_not_confirmed,source_publish_interval,voltage_rolling_mean=231.592152;source_publish_interval=0.807273,source_publish_interval,3.0786250717937946,16.003791010007262,19.126541912555695
2026-08-10T17:45:12.212935+00:00,communication_drift_01,meter_02,584,none,publish_interval,random,random,random,normal_drift,0.9999999999894085,0.45508221837201873,0,,1,0,collecting_candidates;drift_not_confirmed,source_publish_interval,voltage_rolling_mean=231.433796;source_publish_interval=0.807276,source_publish_interval,0.7281659636646509,10.693874908611178,11.443791911005974
2026-08-10T17:45:12.224483+00:00,communication_drift_01,meter_03,584,none,publish_interval,random,random,random,normal_drift,0.9999999999900024,0.4688856651575895,0,,1,0,collecting_candidates;drift_not_confirmed,source_publish_interval,voltage_rolling_mean=230.612357;source_publish_interval=0.807279,source_publish_interval,0.5261250771582127,9.186832932755351,9.732791222631931
2026-08-10T17:45:13.003515+00:00,communication_drift_01,meter_01,585,none,publish_interval,random,random,random,normal_drift,0.9999999999935585,0.4792722486524575,0,,1,0,collecting_candidates;drift_not_confirmed,source_publish_interval,voltage_rolling_mean=231.592152;source_publish_interval=0.807273,source_publish_interval,2.10454105399549,22.252708906307817,24.398582987487316
2026-08-10T17:45:13.028330+00:00,communication_drift_01,meter_02,585,none,publish_interval,random,random,random,normal_drift,0.9999999999942222,0.46034942353622715,0,,1,0,collecting_candidates;drift_not_confirmed,source_publish_interval,voltage_rolling_mean=231.433796;source_publish_interval=0.807276,source_publish_interval,0.8299581240862608,11.993165826424956,12.847208185121417
2026-08-10T17:45:13.041316+00:00,communication_drift_01,meter_03,585,none,publish_interval,random,random,random,normal_drift,0.9999999999966958,0.45103743617258707,0,,1,0,collecting_candidates;drift_not_confirmed,source_publish_interval,voltage_rolling_mean=230.612357;source_publish_interval=0.807279,source_publish_interval,0.5944590084254742,9.730458026751876,10.345167014747858
2026-08-10T17:45:13.813568+00:00,communication_drift_01,meter_01,586,none,publish_interval,random,random,random,normal_drift,0.999999999996964,0.5132840619136801,0,,1,0,collecting_candidates;drift_not_confirmed,source_publish_interval,voltage_rolling_mean=231.592152;source_publish_interval=0.807273,source_publish_interval,3.338332986459136,16.468333080410957,19.840958062559366
2026-08-10T17:45:13.833791+00:00,communication_drift_01,meter_02,586,none,publish_interval,random,random,random,normal_drift,0.999999999981791,0.49165079615329677,0,,1,0,collecting_candidates;drift_not_confirmed,source_publish_interval,voltage_rolling_mean=231.433796;source_publish_interval=0.807276,source_publish_interval,0.6937910802662373,10.984541149809957,11.699958937242627
2026-08-10T17:45:13.845602+00:00,communication_drift_01,meter_03,586,none,publish_interval,random,random,random,normal_drift,0.9999999999909772,0.461786350607416,0,,1,0,collecting_candidates;drift_not_confirmed,source_publish_interval,voltage_rolling_mean=230.612357;source_publish_interval=0.807279,source_publish_interval,0.5210000090301037,9.200207889080048,9.742042049765587
2026-08-10T17:45:14.623604+00:00,communication_drift_01,meter_01,587,none,publish_interval,random,random,random,normal_drift,0.9999999999916975,0.4618803513349839,0,,1,0,collecting_candidates;drift_not_confirmed,source_publish_interval,voltage_rolling_mean=231.592152;source_publish_interval=0.807273,source_publish_interval,2.05754186026752,22.30916707776487,24.41041707061231
2026-08-10T17:45:14.648427+00:00,communication_drift_01,meter_02,587,none,publish_interval,random,random,random,normal_drift,0.9999999999980285,0.4565524903649328,0,,1,0,collecting_candidates;drift_not_confirmed,source_publish_interval,voltage_rolling_mean=231.433796;source_publish_interval=0.807276,source_publish_interval,0.8729170076549053,11.94520783610642,12.845792109146714
2026-08-10T17:45:14.661416+00:00,communication_drift_01,meter_03,587,none,publish_interval,random,random,random,normal_drift,0.9999999999961942,0.49319203804893685,0,,1,0,collecting_candidates;drift_not_confirmed,source_publish_interval,voltage_rolling_mean=230.612357;source_publish_interval=0.807279,source_publish_interval,0.6113748531788588,9.697249857708812,10.329833021387458
2026-08-10T17:45:15.427881+00:00,communication_drift_01,meter_01,588,none,publish_interval,random,random,random,normal_drift,0.9999999999746498,0.44520953993947304,0,,1,0,collecting_candidates;drift_not_confirmed,source_publish_interval,voltage_rolling_mean=231.592152;source_publish_interval=0.807273,source_publish_interval,1.9670838955789804,22.11445802822709,24.123582988977432
2026-08-10T17:45:15.452372+00:00,communication_drift_01,meter_02,588,none,publish_interval,random,random,random,normal_drift,0.9999999999727847,0.4770115863237284,0,,1,0,collecting_candidates;drift_not_confirmed,source_publish_interval,voltage_rolling_mean=231.433796;source_publish_interval=0.807276,source_publish_interval,0.8624999318271875,11.926749954000115,12.815166031941772
2026-08-10T17:45:15.465315+00:00,communication_drift_01,meter_03,588,none,publish_interval,random,random,random,normal_drift,0.9999999999697884,0.4647774797347554,0,,1,0,collecting_candidates;drift_not_confirmed,source_publish_interval,voltage_rolling_mean=230.612357;source_publish_interval=0.807279,source_publish_interval,0.5417091306298971,9.51937516219914,10.089334100484848
2026-08-10T17:45:16.228609+00:00,communication_drift_01,meter_01,589,none,publish_interval,random,random,random,normal_drift,0.9999999999723943,0.44954475899224616,0,,1,0,collecting_candidates;drift_not_confirmed,source_publish_interval,voltage_rolling_mean=231.592152;source_publish_interval=0.807273,source_publish_interval,1.296540955081582,19.7802500333637,21.11970796249807
2026-08-10T17:45:16.249985+00:00,communication_drift_01,meter_02,589,none,publish_interval,random,random,random,normal_drift,0.9999999999497147,0.4874925030509259,0,,1,0,collecting_candidates;drift_not_confirmed,source_publish_interval,voltage_rolling_mean=231.433796;source_publish_interval=0.807276,source_publish_interval,0.9029998909682035,12.285334058105946,13.212958117946982
2026-08-10T17:45:16.263328+00:00,communication_drift_01,meter_03,589,none,publish_interval,random,random,random,normal_drift,0.9999999999819307,0.44128018159245175,0,,1,0,collecting_candidates;drift_not_confirmed,source_publish_interval,voltage_rolling_mean=230.612357;source_publish_interval=0.807279,source_publish_interval,0.5920000839978456,9.899624856188893,10.512541979551315
2026-08-10T17:45:17.039451+00:00,communication_drift_01,meter_01,590,none,publish_interval,random,random,random,normal_drift,0.9999999999727855,0.49763801910713523,0,,1,0,collecting_candidates;drift_not_confirmed,source_publish_interval,voltage_rolling_mean=231.592152;source_publish_interval=0.807273,source_publish_interval,2.249291865155101,21.50712488219142,23.797041969373822
2026-08-10T17:45:17.063991+00:00,communication_drift_01,meter_02,590,none,publish_interval,random,random,random,normal_drift,0.9999999999863143,0.46833545895141093,0,,1,0,collecting_candidates;drift_not_confirmed,source_publish_interval,voltage_rolling_mean=231.433796;source_publish_interval=0.807276,source_publish_interval,0.7206660229712725,11.448125122115016,12.192874914035201
2026-08-10T17:45:17.076304+00:00,communication_drift_01,meter_03,590,none,publish_interval,random,random,random,normal_drift,0.9999999999965177,0.46107026815680413,0,,1,0,collecting_candidates;drift_not_confirmed,source_publish_interval,voltage_rolling_mean=230.612357;source_publish_interval=0.807279,source_publish_interval,0.5882908590137959,9.518250124529004,10.130374925211072
2026-08-10T17:45:17.849956+00:00,communication_drift_01,meter_01,591,none,publish_interval,random,random,random,normal_drift,0.9999999999899998,0.4751916725376007,0,,1,0,collecting_candidates;drift_not_confirmed,source_publish_interval,voltage_rolling_mean=231.592152;source_publish_interval=0.807273,source_publish_interval,2.0320420153439045,20.84033307619393,22.9092079680413
2026-08-10T17:45:17.873437+00:00,communication_drift_01,meter_02,591,none,publish_interval,random,random,random,normal_drift,0.9999999999966109,0.480071594094282,0,,1,0,collecting_candidates;drift_not_confirmed,source_publish_interval,voltage_rolling_mean=231.433796;source_publish_interval=0.807276,source_publish_interval,0.7712908554822206,11.854666052386165,12.650375021621585
2026-08-10T17:45:17.886203+00:00,communication_drift_01,meter_03,591,none,publish_interval,random,random,random,normal_drift,0.9999999999864584,0.4542235320453684,0,,1,0,collecting_candidates;drift_not_confirmed,source_publish_interval,voltage_rolling_mean=230.612357;source_publish_interval=0.807279,source_publish_interval,0.5705831572413445,9.455041959881783,10.045541916042566
2026-08-10T17:45:18.655957+00:00,communication_drift_01,meter_01,592,none,publish_interval,random,random,random,normal_drift,0.999999999981166,0.4735580733940144,0,,1,0,collecting_candidates;drift_not_confirmed,source_publish_interval,voltage_rolling_mean=231.592152;source_publish_interval=0.807273,source_publish_interval,2.2364999167621136,22.232416085898876,24.52033292502165
2026-08-10T17:45:18.680935+00:00,communication_drift_01,meter_02,592,none,publish_interval,random,random,random,normal_drift,0.9999999999958744,0.4642008397367451,0,,1,0,collecting_candidates;drift_not_confirmed,source_publish_interval,voltage_rolling_mean=231.433796;source_publish_interval=0.807276,source_publish_interval,0.7433751598000526,12.007333105430007,12.780250050127506
2026-08-10T17:45:18.693865+00:00,communication_drift_01,meter_03,592,none,publish_interval,random,random,random,normal_drift,0.9999999999851406,0.441583308289267,0,,1,0,collecting_candidates;drift_not_confirmed,source_publish_interval,voltage_rolling_mean=230.612357;source_publish_interval=0.807279,source_publish_interval,0.5814579781144857,9.582625003531575,10.185416787862778
2026-08-10T17:45:19.463162+00:00,communication_drift_01,meter_01,593,none,publish_interval,random,random,random,normal_drift,0.9999999999968123,0.4975836293115423,0,,1,0,collecting_candidates;drift_not_confirmed,source_publish_interval,voltage_rolling_mean=231.592152;source_publish_interval=0.807273,source_publish_interval,1.9761668518185616,21.722457837313414,23.7361250910908
2026-08-10T17:45:19.487222+00:00,communication_drift_01,meter_02,593,none,publish_interval,random,random,random,normal_drift,0.9999999999941225,0.4478681741950214,0,,1,0,collecting_candidates;drift_not_confirmed,source_publish_interval,voltage_rolling_mean=231.433796;source_publish_interval=0.807276,source_publish_interval,0.8243338670581579,11.897334130480886,12.747125001624227
2026-08-10T17:45:19.500098+00:00,communication_drift_01,meter_03,593,none,publish_interval,random,random,random,normal_drift,0.9999999999081093,0.5750679303925665,0,,1,0,collecting_candidates;drift_not_confirmed,source_publish_interval,voltage_rolling_mean=230.612357;source_publish_interval=0.807279,source_publish_interval,0.5862500984221697,9.73608298227191,10.343166068196297
2026-08-10T17:45:20.266543+00:00,communication_drift_01,meter_01,594,none,publish_interval,random,random,random,normal_drift,0.9999999999736504,0.4649201841673575,0,,1,1,drift_not_confirmed;reference_updated,source_publish_interval,voltage_rolling_mean=231.592152;source_publish_interval=0.807222,source_publish_interval,1.3241670094430447,20.42291685938835,21.79450006224215
2026-08-10T17:45:20.288640+00:00,communication_drift_01,meter_02,594,none,publish_interval,random,random,random,normal_drift,0.9999999999781568,0.5131714934699191,0,,1,1,drift_not_confirmed;reference_updated,source_publish_interval,voltage_rolling_mean=231.433796;source_publish_interval=0.807218,source_publish_interval,0.8133330848067999,12.577041052281857,13.423167169094086
2026-08-10T17:45:20.302231+00:00,communication_drift_01,meter_03,594,none,publish_interval,random,random,random,normal_drift,0.9999999999733462,0.4508860594570055,0,,1,1,drift_not_confirmed;reference_updated,source_publish_interval,voltage_rolling_mean=230.612357;source_publish_interval=0.807214,source_publish_interval,0.575625104829669,9.872833965346217,10.474833194166422
2026-08-10T17:45:21.077531+00:00,communication_drift_01,meter_01,595,none,publish_interval,random,random,random,normal_drift,0.9999999999493163,0.5704688441917604,0,,1,0,collecting_candidates;drift_not_confirmed,source_publish_interval,voltage_rolling_mean=231.592152;source_publish_interval=0.807222,source_publish_interval,1.9942079670727253,21.935000084340572,23.9701671525836
2026-08-10T17:45:21.101936+00:00,communication_drift_01,meter_02,595,none,publish_interval,random,random,random,normal_drift,0.999999999998539,0.47986403766149466,0,,1,0,collecting_candidates;drift_not_confirmed,source_publish_interval,voltage_rolling_mean=231.433796;source_publish_interval=0.807218,source_publish_interval,0.8572498336434364,12.10366701707244,12.986583868041635
2026-08-10T17:45:21.115056+00:00,communication_drift_01,meter_03,595,none,publish_interval,random,random,random,normal_drift,0.9999999999874849,0.4463487611507312,0,,1,0,collecting_candidates;drift_not_confirmed,source_publish_interval,voltage_rolling_mean=230.612357;source_publish_interval=0.807214,source_publish_interval,0.5942920688539743,9.697874775156379,10.312542086467147
2026-08-10T17:45:21.885483+00:00,communication_drift_01,meter_01,596,none,publish_interval,random,random,random,normal_drift,0.9999999999964024,0.5142378436926858,0,,1,0,collecting_candidates;drift_not_confirmed,source_publish_interval,voltage_rolling_mean=231.592152;source_publish_interval=0.807222,source_publish_interval,2.1662500221282244,22.381208837032318,24.589749984443188
2026-08-10T17:45:21.910543+00:00,communication_drift_01,meter_02,596,none,publish_interval,random,random,random,normal_drift,0.9999999999971738,0.45405426428742507,0,,1,0,collecting_candidates;drift_not_confirmed,source_publish_interval,voltage_rolling_mean=231.433796;source_publish_interval=0.807218,source_publish_interval,0.8317918982356787,11.900792131200433,12.758165830746293
2026-08-10T17:45:21.923430+00:00,communication_drift_01,meter_03,596,none,publish_interval,random,random,random,normal_drift,0.9999999999827995,0.5602261757940269,0,,1,0,collecting_candidates;drift_not_confirmed,source_publish_interval,voltage_rolling_mean=230.612357;source_publish_interval=0.807214,source_publish_interval,0.5887909792363644,9.70758288167417,10.316417086869478
2026-08-10T17:45:22.692720+00:00,communication_drift_01,meter_01,597,none,publish_interval,random,random,random,normal_drift,0.9999999999956894,0.5093176345260066,0,,1,0,collecting_candidates;drift_not_confirmed,source_publish_interval,voltage_rolling_mean=231.592152;source_publish_interval=0.807222,source_publish_interval,2.2019159514456987,22.420624969527125,24.66104202903807
2026-08-10T17:45:22.717782+00:00,communication_drift_01,meter_02,597,none,publish_interval,random,random,random,normal_drift,0.9999999999946596,0.46265196767500444,0,,1,0,collecting_candidates;drift_not_confirmed,source_publish_interval,voltage_rolling_mean=231.433796;source_publish_interval=0.807218,source_publish_interval,0.80829206854105,12.429499998688698,13.264291919767857
2026-08-10T17:45:22.731181+00:00,communication_drift_01,meter_03,597,none,publish_interval,random,random,random,normal_drift,0.9999999999929432,0.44425990898738005,0,,1,0,collecting_candidates;drift_not_confirmed,source_publish_interval,voltage_rolling_mean=230.612357;source_publish_interval=0.807214,source_publish_interval,0.584583031013608,9.639750001952052,10.245166020467877
2026-08-10T17:45:23.499103+00:00,communication_drift_01,meter_01,598,none,publish_interval,random,random,random,normal_drift,0.9999999999897613,0.4703107926109478,0,,1,0,collecting_candidates;drift_not_confirmed,source_publish_interval,voltage_rolling_mean=231.592152;source_publish_interval=0.807222,source_publish_interval,1.8850001506507397,20.598625065758824,22.545167012140155
2026-08-10T17:45:23.522096+00:00,communication_drift_01,meter_02,598,none,publish_interval,random,random,random,normal_drift,0.9999999999510647,0.5616773456897451,0,,1,0,collecting_candidates;drift_not_confirmed,source_publish_interval,voltage_rolling_mean=231.433796;source_publish_interval=0.807218,source_publish_interval,0.9044159669429064,12.283125193789601,13.2187909912318
2026-08-10T17:45:23.535502+00:00,communication_drift_01,meter_03,598,none,publish_interval,random,random,random,normal_drift,0.9999999997742528,0.5071334381254059,0,,1,0,collecting_candidates;drift_not_confirmed,source_publish_interval,voltage_rolling_mean=230.612357;source_publish_interval=0.807214,source_publish_interval,0.5999160930514336,9.601457975804806,10.223499964922667
2026-08-10T17:45:24.304890+00:00,communication_drift_01,meter_01,599,none,publish_interval,random,random,random,normal_drift,0.9999999999867413,0.46794591263452573,0,,1,0,collecting_candidates;drift_not_confirmed,source_publish_interval,voltage_rolling_mean=231.592152;source_publish_interval=0.807222,source_publish_interval,1.9397910218685865,21.948332898318768,23.92729208804667
2026-08-10T17:45:24.329267+00:00,communication_drift_01,meter_02,599,none,publish_interval,random,random,random,normal_drift,0.9999999999722171,0.4414101064031837,0,,1,0,collecting_candidates;drift_not_confirmed,source_publish_interval,voltage_rolling_mean=231.433796;source_publish_interval=0.807218,source_publish_interval,0.8253331761807203,12.153166113421321,13.003082945942879
2026-08-10T17:45:24.342401+00:00,communication_drift_01,meter_03,599,none,publish_interval,random,random,random,normal_drift,0.9999999999922338,0.4617395343287489,0,,1,0,collecting_candidates;drift_not_confirmed,source_publish_interval,voltage_rolling_mean=230.612357;source_publish_interval=0.807214,source_publish_interval,0.5837078206241131,9.65941697359085,10.263290954753757
2026-08-10T17:45:25.114964+00:00,communication_drift_01,meter_01,600,none,none,random,random,random,normal_drift,0.9999999999949933,0.47073392744826553,0,,1,0,collecting_candidates;drift_not_confirmed,source_publish_interval,voltage_rolling_mean=231.592152;source_publish_interval=0.807222,source_publish_interval,2.8061671182513237,16.249334206804633,19.089499954134226
2026-08-10T17:45:25.134433+00:00,communication_drift_01,meter_02,600,none,none,random,random,random,normal_drift,0.999999999999482,0.48621136333386683,0,,1,0,collecting_candidates;drift_not_confirmed,source_publish_interval,voltage_rolling_mean=231.433796;source_publish_interval=0.807218,source_publish_interval,0.6936660502105951,10.700999991968274,11.416417080909014
2026-08-10T17:45:25.145956+00:00,communication_drift_01,meter_03,600,none,none,random,random,random,normal_drift,0.9999999999867204,0.455013715376045,0,,1,0,collecting_candidates;drift_not_confirmed,source_publish_interval,voltage_rolling_mean=230.612357;source_publish_interval=0.807214,source_publish_interval,0.5003339610993862,9.191167075186968,9.711000137031078
2026-08-10T17:45:25.620668+00:00,communication_drift_01,meter_01,601,none,none,none,none,none,normal_drift,0.9886328141415984,0.46106069466247834,0,,1,0,collecting_candidates;drift_not_confirmed,source_publish_interval,voltage_rolling_mean=231.592152;source_publish_interval=0.807222,source_publish_interval,2.558165928348899,21.008457988500595,23.61429203301668
2026-08-10T17:45:25.644706+00:00,communication_drift_01,meter_02,601,none,none,none,none,none,normal_drift,0.992852432689734,0.45484286085775455,0,,1,0,collecting_candidates;drift_not_confirmed,source_publish_interval,voltage_rolling_mean=231.433796;source_publish_interval=0.807218,source_publish_interval,0.6842499133199453,11.828332906588912,12.538374867290258
2026-08-10T17:45:25.657372+00:00,communication_drift_01,meter_03,601,none,none,none,none,none,normal_drift,0.9862316375110084,0.45047757789504644,0,,1,0,collecting_candidates;drift_not_confirmed,source_publish_interval,voltage_rolling_mean=230.612357;source_publish_interval=0.807214,source_publish_interval,0.549625139683485,9.558290941640735,10.127374902367592
2026-08-10T17:45:26.122768+00:00,communication_drift_01,meter_01,602,none,none,none,none,none,normal_drift,0.9958169924962654,0.4613781604849199,0,,1,0,collecting_candidates;drift_not_confirmed,source_publish_interval,voltage_rolling_mean=231.592152;source_publish_interval=0.807222,source_publish_interval,2.588041126728058,17.779167043045163,20.40662500075996
2026-08-10T17:45:26.143612+00:00,communication_drift_01,meter_02,602,none,none,none,none,none,normal_drift,0.9910733531850336,0.4749102243193514,0,,1,0,collecting_candidates;drift_not_confirmed,source_publish_interval,voltage_rolling_mean=231.433796;source_publish_interval=0.807218,source_publish_interval,0.7018328178673983,11.1436250153929,11.866000015288591
2026-08-10T17:45:26.155586+00:00,communication_drift_01,meter_03,602,none,none,none,none,none,normal_drift,0.9996475597359018,0.44792488359131377,0,,1,0,collecting_candidates;drift_not_confirmed,source_publish_interval,voltage_rolling_mean=230.612357;source_publish_interval=0.807214,source_publish_interval,0.5048329476267099,9.354665875434875,9.879459161311388
2026-08-10T17:45:26.630948+00:00,communication_drift_01,meter_01,603,none,none,none,none,none,normal_drift,0.9982186901433636,0.49390591494808883,0,,1,0,collecting_candidates;drift_not_confirmed,source_publish_interval,voltage_rolling_mean=231.592152;source_publish_interval=0.807222,source_publish_interval,2.4220410268753767,18.122375011444092,20.584041951224208
2026-08-10T17:45:26.651922+00:00,communication_drift_01,meter_02,603,none,none,none,none,none,normal_drift,0.9855669442544404,0.49829736599715596,0,,1,0,collecting_candidates;drift_not_confirmed,source_publish_interval,voltage_rolling_mean=231.433796;source_publish_interval=0.807218,source_publish_interval,0.652833841741085,11.13166706636548,11.805290821939707
2026-08-10T17:45:26.663822+00:00,communication_drift_01,meter_03,603,none,none,none,none,none,normal_drift,0.9989624971476578,0.44290649176730945,0,,1,0,collecting_candidates;drift_not_confirmed,source_publish_interval,voltage_rolling_mean=230.612357;source_publish_interval=0.807214,source_publish_interval,0.4989171866327524,9.221374988555908,9.739500004798174
2026-08-10T17:45:27.137725+00:00,communication_drift_01,meter_01,604,none,none,none,none,none,normal_drift,0.9950672001626789,0.45876365893311827,0,,1,0,collecting_candidates;drift_not_confirmed,source_publish_interval,voltage_rolling_mean=231.592152;source_publish_interval=0.807222,source_publish_interval,1.9728341139853,21.9930000603199,24.006082909181714
2026-08-10T17:45:27.162060+00:00,communication_drift_01,meter_02,604,none,none,none,none,none,none,0.9430727732265957,0.45631749016827466,0,,0,0,drift_not_confirmed;sample_not_trusted,,voltage_rolling_mean=231.433796;source_publish_interval=0.807218,source_publish_interval,0.8300421759486198,12.062125140801072,12.918708147481084
2026-08-10T17:45:27.175100+00:00,communication_drift_01,meter_03,604,none,none,none,none,none,normal_drift,0.999681697322101,0.6057661251768977,0,,1,0,collecting_candidates;drift_not_confirmed,source_publish_interval,voltage_rolling_mean=230.612357;source_publish_interval=0.807214,source_publish_interval,0.58366684243083,10.026332922279835,10.631750104948878
2026-08-10T17:45:27.646781+00:00,communication_drift_01,meter_01,605,none,none,none,none,none,normal_drift,0.9994824719250979,0.5452467925977633,0,,1,0,collecting_candidates;drift_not_confirmed,source_publish_interval,voltage_rolling_mean=231.592152;source_publish_interval=0.807222,source_publish_interval,2.9131670016795397,17.526666168123484,20.483374828472733
2026-08-10T17:45:27.667823+00:00,communication_drift_01,meter_02,605,none,none,none,none,none,none,0.9564419305325902,0.45344487041528164,0,,0,0,drift_not_confirmed;sample_not_trusted,,voltage_rolling_mean=231.433796;source_publish_interval=0.807218,source_publish_interval,0.7295841351151466,11.227374896407127,11.981209041550756
2026-08-10T17:45:27.679915+00:00,communication_drift_01,meter_03,605,none,none,none,none,none,normal_drift,0.9997074552759191,0.553471375191799,0,,1,0,collecting_candidates;drift_not_confirmed,source_publish_interval,voltage_rolling_mean=230.612357;source_publish_interval=0.807214,source_publish_interval,0.5266249645501375,9.32283396832645,9.87066701054573
2026-08-10T17:45:28.156498+00:00,communication_drift_01,meter_01,606,none,none,none,none,none,normal_drift,0.9998561644678033,0.609735740171227,0,,1,0,collecting_candidates;drift_not_confirmed,source_publish_interval,voltage_rolling_mean=231.592152;source_publish_interval=0.807222,source_publish_interval,2.994042122736573,17.390916822478175,20.418167114257812
2026-08-10T17:45:28.177302+00:00,communication_drift_01,meter_02,606,none,none,none,none,none,normal_drift,0.9988810497280041,0.4852673647317597,0,,1,0,collecting_candidates;drift_not_confirmed,source_publish_interval,voltage_rolling_mean=231.433796;source_publish_interval=0.807218,source_publish_interval,0.7076251786202192,11.308708926662803,12.038416927680373
2026-08-10T17:45:28.189447+00:00,communication_drift_01,meter_03,606,none,none,none,none,none,normal_drift,0.998657362849216,0.5017186052791816,0,,1,0,collecting_candidates;drift_not_confirmed,source_publish_interval,voltage_rolling_mean=230.612357;source_publish_interval=0.807214,source_publish_interval,0.5265830550342798,9.438791079446673,9.9841661285609
2026-08-10T17:45:28.665236+00:00,communication_drift_01,meter_01,607,none,none,none,none,none,normal_drift,0.9927527808330705,0.4621246396712501,0,,1,0,collecting_candidates;drift_not_confirmed,source_publish_interval,voltage_rolling_mean=231.592152;source_publish_interval=0.807222,source_publish_interval,3.0945418402552605,15.826999908313155,18.956542015075684
2026-08-10T17:45:28.684580+00:00,communication_drift_01,meter_02,607,none,none,none,none,none,normal_drift,0.9913387542394583,0.4782618640619812,0,,1,0,collecting_candidates;drift_not_confirmed,source_publish_interval,voltage_rolling_mean=231.433796;source_publish_interval=0.807218,source_publish_interval,0.7020831108093262,10.725707979872823,11.449499987065792
2026-08-10T17:45:28.696128+00:00,communication_drift_01,meter_03,607,none,none,none,none,none,normal_drift,0.9992400700458117,0.4777141573095894,0,,1,0,collecting_candidates;drift_not_confirmed,source_publish_interval,voltage_rolling_mean=230.612357;source_publish_interval=0.807214,source_publish_interval,0.5017919465899467,9.150499943643808,9.67079191468656
2026-08-10T17:45:29.171220+00:00,communication_drift_01,meter_01,608,none,none,none,none,none,normal_drift,0.9958660350772337,0.44768648072660144,1,source_publish_interval,1,0,collecting_candidates;drift_not_confirmed,source_publish_interval,voltage_rolling_mean=231.592152;source_publish_interval=0.807222,source_publish_interval,2.7585839852690697,18.684083130210638,21.48079196922481
2026-08-10T17:45:29.193078+00:00,communication_drift_01,meter_02,608,none,none,none,none,none,none,0.9778074762044137,0.5457952466041447,1,source_publish_interval,0,0,drift_not_confirmed;sample_not_trusted,,voltage_rolling_mean=231.433796;source_publish_interval=0.807218,source_publish_interval,0.6858750712126493,11.412624968215823,12.125709094107151
2026-08-10T17:45:29.205301+00:00,communication_drift_01,meter_03,608,none,none,none,none,none,normal_drift,0.9991198242188366,0.5023695946286073,1,source_publish_interval,1,0,collecting_candidates;drift_not_confirmed,source_publish_interval,voltage_rolling_mean=230.612357;source_publish_interval=0.807214,source_publish_interval,0.521583016961813,9.384084027260542,9.92695800960064
2026-08-10T17:45:29.681288+00:00,communication_drift_01,meter_01,609,none,none,none,none,none,normal_drift,0.9805371631359873,0.47127673184200114,0,,1,0,collecting_candidates;drift_not_confirmed,source_publish_interval,voltage_rolling_mean=231.592152;source_publish_interval=0.807222,source_publish_interval,1.9684999715536833,22.0504158642143,24.059167131781578
2026-08-10T17:45:29.705725+00:00,communication_drift_01,meter_02,609,none,none,none,none,none,normal_drift,0.9873593280874535,0.5107933285454506,0,,1,0,collecting_candidates;drift_not_confirmed,source_publish_interval,voltage_rolling_mean=231.433796;source_publish_interval=0.807218,source_publish_interval,0.8620419539511204,11.963499942794442,12.850500177592039
2026-08-10T17:45:29.718689+00:00,communication_drift_01,meter_03,609,none,none,none,none,none,normal_drift,0.9998019391102736,0.45939495614714204,0,,1,0,collecting_candidates;drift_not_confirmed,source_publish_interval,voltage_rolling_mean=230.612357;source_publish_interval=0.807214,source_publish_interval,0.5681249313056469,9.648374980315566,10.23733289912343
2026-08-10T17:45:30.189017+00:00,communication_drift_01,meter_01,610,none,none,none,none,none,normal_drift,0.9978109131832409,0.4617897268083351,0,,1,0,collecting_candidates;drift_not_confirmed,source_publish_interval,voltage_rolling_mean=231.592152;source_publish_interval=0.807222,source_publish_interval,2.0290410611778498,22.083583055064082,24.151166900992393
2026-08-10T17:45:30.213503+00:00,communication_drift_01,meter_02,610,none,none,none,none,none,none,0.9707019099206847,0.4771232857889734,0,,0,0,drift_not_confirmed;sample_not_trusted,,voltage_rolling_mean=231.433796;source_publish_interval=0.807218,source_publish_interval,0.8342501241713762,11.941791977733374,12.801666976884007
2026-08-10T17:45:30.226423+00:00,communication_drift_01,meter_03,610,none,none,none,none,none,normal_drift,0.999879617240068,0.4626667805452369,0,,1,0,collecting_candidates;drift_not_confirmed,source_publish_interval,voltage_rolling_mean=230.612357;source_publish_interval=0.807214,source_publish_interval,0.5672078114002943,9.626416955143213,10.21370803937316
2026-08-10T17:45:30.699265+00:00,communication_drift_01,meter_01,611,none,none,none,none,none,none,0.9797544299695827,0.4679514593094267,0,,0,0,drift_not_confirmed;sample_not_trusted,,voltage_rolling_mean=231.592152;source_publish_interval=0.807222,source_publish_interval,3.042500000447035,17.260583117604256,20.3341250307858
2026-08-10T17:45:30.719955+00:00,communication_drift_01,meter_02,611,none,none,none,none,none,normal_drift,0.9907587203485013,0.44453408779608183,0,,1,0,collecting_candidates;drift_not_confirmed,source_publish_interval,voltage_rolling_mean=231.433796;source_publish_interval=0.807218,source_publish_interval,0.6892080418765545,11.158499866724014,11.868624947965145
2026-08-10T17:45:30.731922+00:00,communication_drift_01,meter_03,611,none,none,none,none,none,normal_drift,0.9999104027749853,0.44244877051044323,0,,1,0,collecting_candidates;drift_not_confirmed,source_publish_interval,voltage_rolling_mean=230.612357;source_publish_interval=0.807214,source_publish_interval,0.49045798368752,9.317957796156406,9.826833847910166
2026-08-10T17:45:31.205565+00:00,communication_drift_01,meter_01,612,none,none,none,none,none,normal_drift,0.9972625847509412,0.4602253301469327,0,,1,0,collecting_candidates;drift_not_confirmed,source_publish_interval,voltage_rolling_mean=231.592152;source_publish_interval=0.807222,source_publish_interval,2.265874994918704,21.0358330514282,23.3410419896245
2026-08-10T17:45:31.229305+00:00,communication_drift_01,meter_02,612,none,none,none,none,none,normal_drift,0.9960071233657224,0.5199597373117243,0,,1,0,collecting_candidates;drift_not_confirmed,source_publish_interval,voltage_rolling_mean=231.433796;source_publish_interval=0.807218,source_publish_interval,0.7540001533925533,11.634042020887136,12.41045817732811
2026-08-10T17:45:31.241823+00:00,communication_drift_01,meter_03,612,none,none,none,none,none,normal_drift,0.9997788084048329,0.5190359893993224,0,,1,0,collecting_candidates;drift_not_confirmed,source_publish_interval,voltage_rolling_mean=230.612357;source_publish_interval=0.807214,source_publish_interval,0.49724988639354706,9.445374831557274,9.962334064766765
2026-08-10T17:45:31.710574+00:00,communication_drift_01,meter_01,613,none,none,none,none,none,normal_drift,0.9838589161342725,0.46215011571008957,0,,1,0,collecting_candidates;drift_not_confirmed,source_publish_interval,voltage_rolling_mean=231.592152;source_publish_interval=0.807222,source_publish_interval,2.008334035053849,21.579083055257797,23.623709101229906
2026-08-10T17:45:31.734536+00:00,communication_drift_01,meter_02,613,none,none,none,none,none,normal_drift,0.9873892805874506,0.46124053342780025,0,,1,0,collecting_candidates;drift_not_confirmed,source_publish_interval,voltage_rolling_mean=231.433796;source_publish_interval=0.807218,source_publish_interval,0.8167088963091373,11.883709114044905,12.724499916657805
2026-08-10T17:45:31.747377+00:00,communication_drift_01,meter_03,613,none,none,none,none,none,normal_drift,0.9999880357221856,0.45087467407672716,0,,1,0,collecting_candidates;drift_not_confirmed,source_publish_interval,voltage_rolling_mean=230.612357;source_publish_interval=0.807214,source_publish_interval,0.5687081720679998,9.627583203837276,10.215708054602146
2026-08-10T17:45:32.216888+00:00,communication_drift_01,meter_01,614,none,none,none,none,none,normal_drift,0.9882484955473978,0.4532514126436076,0,,1,0,collecting_candidates;drift_not_confirmed,source_publish_interval,voltage_rolling_mean=231.592152;source_publish_interval=0.807222,source_publish_interval,2.3909159936010838,18.350915983319283,20.77370905317366
2026-08-10T17:45:32.238058+00:00,communication_drift_01,meter_02,614,none,none,none,none,none,normal_drift,0.9965689155381214,0.5467652476285231,0,,1,0,collecting_candidates;drift_not_confirmed,source_publish_interval,voltage_rolling_mean=231.433796;source_publish_interval=0.807218,source_publish_interval,0.7326249033212662,11.585499858483672,12.342292116954923
2026-08-10T17:45:32.250502+00:00,communication_drift_01,meter_03,614,none,none,none,none,none,normal_drift,0.9999827358042142,0.4874018851611731,0,,1,1,drift_not_confirmed;reference_updated,source_publish_interval,voltage_rolling_mean=230.612357;source_publish_interval=0.702359,source_publish_interval,0.5486670415848494,9.373791050165892,9.944583987817168
2026-08-10T17:45:32.724915+00:00,communication_drift_01,meter_01,615,none,none,none,unknown,unknown,unknown,0.9108680141898616,0.4538019158386368,0,,0,0,drift_not_confirmed;sample_not_trusted,,voltage_rolling_mean=231.592152;source_publish_interval=0.807222,source_publish_interval,2.4065421894192696,18.107624957337976,20.54770803079009
2026-08-10T17:45:32.745849+00:00,communication_drift_01,meter_02,615,none,none,none,none,none,normal_drift,0.9975934430962252,0.44643523312852174,0,,1,0,collecting_candidates;drift_not_confirmed,source_publish_interval,voltage_rolling_mean=231.433796;source_publish_interval=0.807218,source_publish_interval,0.7158750668168068,11.445750016719103,12.182625010609627
2026-08-10T17:45:32.758134+00:00,communication_drift_01,meter_03,615,none,none,none,none,none,normal_drift,0.9999765199096878,0.4473095379288153,0,,1,0,collecting_candidates;drift_not_confirmed,source_publish_interval,voltage_rolling_mean=230.612357;source_publish_interval=0.702359,source_publish_interval,0.49700005911290646,9.456624975427985,9.982708841562271
2026-08-10T17:45:33.231244+00:00,communication_drift_01,meter_01,616,none,none,none,none,none,normal_drift,0.9812681534178821,0.4656765330148269,0,,1,1,drift_not_confirmed;reference_updated,source_publish_interval,voltage_rolling_mean=231.592152;source_publish_interval=0.702255,source_publish_interval,2.073874929919839,20.858709001913667,22.973708109930158
2026-08-10T17:45:33.254668+00:00,communication_drift_01,meter_02,616,none,none,none,none,none,normal_drift,0.9990567521706025,0.4704237696325589,0,,1,0,collecting_candidates;drift_not_confirmed,source_publish_interval,voltage_rolling_mean=231.433796;source_publish_interval=0.807218,source_publish_interval,0.7515000179409981,11.665042024105787,12.439667014405131
2026-08-10T17:45:33.267239+00:00,communication_drift_01,meter_03,616,none,none,none,none,none,normal_drift,0.9999933669174487,0.4487200780421179,0,,1,0,collecting_candidates;drift_not_confirmed,source_publish_interval,voltage_rolling_mean=230.612357;source_publish_interval=0.702359,source_publish_interval,0.5094581283628941,9.362542070448399,9.891459019854665
2026-08-10T17:45:33.738358+00:00,communication_drift_01,meter_01,617,none,none,none,none,none,normal_drift,0.9808635587679034,0.47182166949761434,0,,1,0,collecting_candidates;drift_not_confirmed,source_publish_interval,voltage_rolling_mean=231.592152;source_publish_interval=0.702255,source_publish_interval,2.142000012099743,21.641749888658524,23.820583010092378
2026-08-10T17:45:33.762559+00:00,communication_drift_01,meter_02,617,none,none,none,none,none,normal_drift,0.9920975640814274,0.47302123718802364,0,,1,0,collecting_candidates;drift_not_confirmed,source_publish_interval,voltage_rolling_mean=231.433796;source_publish_interval=0.807218,source_publish_interval,0.8329160045832396,11.77266612648964,12.63049989938736
2026-08-10T17:45:33.775303+00:00,communication_drift_01,meter_03,617,none,none,none,none,none,normal_drift,0.9999820968774918,0.4747872742260341,0,,1,0,collecting_candidates;drift_not_confirmed,source_publish_interval,voltage_rolling_mean=230.612357;source_publish_interval=0.702359,source_publish_interval,0.569791067391634,9.561290964484215,10.150334099307656
2026-08-10T17:45:34.239255+00:00,communication_drift_01,meter_01,618,none,none,none,none,none,normal_drift,0.9990762510014671,0.5463803895013006,0,,1,0,collecting_candidates;drift_not_confirmed,source_publish_interval,voltage_rolling_mean=231.592152;source_publish_interval=0.702255,source_publish_interval,2.8744579758495092,14.629167038947344,17.533416161313653
2026-08-10T17:45:34.257209+00:00,communication_drift_01,meter_02,618,none,none,none,none,none,normal_drift,0.9995706594479284,0.4369201107955845,0,,1,1,drift_not_confirmed;reference_updated,source_publish_interval,voltage_rolling_mean=231.433796;source_publish_interval=0.702181,source_publish_interval,0.6032909732311964,10.464665945619345,11.092000175267458
2026-08-10T17:45:34.268402+00:00,communication_drift_01,meter_03,618,none,none,none,none,none,normal_drift,0.9999906291753521,0.4565285265079656,0,,1,0,collecting_candidates;drift_not_confirmed,source_publish_interval,voltage_rolling_mean=230.612357;source_publish_interval=0.702359,source_publish_interval,0.5241669714450836,8.970125112682581,9.512958116829395
2026-08-10T17:45:34.749035+00:00,communication_drift_01,meter_01,619,none,none,none,unknown,unknown,unknown,0.8742491119867953,0.5748537910073577,0,,0,0,drift_not_confirmed;sample_not_trusted,,voltage_rolling_mean=231.592152;source_publish_interval=0.702255,source_publish_interval,1.3755830004811287,20.84491611458361,22.261708043515682
2026-08-10T17:45:34.771568+00:00,communication_drift_01,meter_02,619,none,none,none,none,none,normal_drift,0.9990369495728763,0.4419043248709558,0,,1,0,collecting_candidates;drift_not_confirmed,source_publish_interval,voltage_rolling_mean=231.433796;source_publish_interval=0.702181,source_publish_interval,0.8586251642554998,13.935125200077891,14.825541991740465
2026-08-10T17:45:34.786535+00:00,communication_drift_01,meter_03,619,none,none,none,none,none,normal_drift,0.9999723504375823,0.44564824860481334,0,,1,0,collecting_candidates;drift_not_confirmed,source_publish_interval,voltage_rolling_mean=230.612357;source_publish_interval=0.702359,source_publish_interval,0.6294581107795238,9.864542167633772,10.515375062823296
2026-08-10T17:45:35.254713+00:00,communication_drift_01,meter_01,620,none,none,none,none,none,normal_drift,0.9982619028473302,0.5340526217446316,0,,1,0,collecting_candidates;drift_not_confirmed,source_publish_interval,voltage_rolling_mean=231.592152;source_publish_interval=0.702255,source_publish_interval,1.978500047698617,21.841540932655334,23.855583975091577
2026-08-10T17:45:35.278940+00:00,communication_drift_01,meter_02,620,none,none,none,none,none,normal_drift,0.9998557720632073,0.4683036283063437,0,,1,0,collecting_candidates;drift_not_confirmed,source_publish_interval,voltage_rolling_mean=231.433796;source_publish_interval=0.702181,source_publish_interval,0.7059578783810139,11.728583835065365,12.46058288961649
2026-08-10T17:45:35.291509+00:00,communication_drift_01,meter_03,620,none,none,none,none,none,normal_drift,0.9999971983185117,0.4737839375225987,0,,1,0,collecting_candidates;drift_not_confirmed,source_publish_interval,voltage_rolling_mean=230.612357;source_publish_interval=0.702359,source_publish_interval,0.5847502034157515,9.527540998533368,10.130999842658639
2026-08-10T17:45:35.756218+00:00,communication_drift_01,meter_01,621,none,none,none,none,none,normal_drift,0.9890328881525825,0.44427555033519434,0,,1,0,collecting_candidates;drift_not_confirmed,source_publish_interval,voltage_rolling_mean=231.592152;source_publish_interval=0.702255,source_publish_interval,1.3652080669999123,20.40604199282825,21.81724994443357
2026-08-10T17:45:35.778304+00:00,communication_drift_01,meter_02,621,none,none,none,none,none,normal_drift,0.9997019311097713,0.5281349246260798,0,,1,0,collecting_candidates;drift_not_confirmed,source_publish_interval,voltage_rolling_mean=231.433796;source_publish_interval=0.702181,source_publish_interval,0.846249982714653,12.372624827548862,13.243415858596563
2026-08-10T17:45:35.791683+00:00,communication_drift_01,meter_03,621,none,none,none,none,none,normal_drift,0.9999967454198001,0.4764375038973189,0,,1,0,collecting_candidates;drift_not_confirmed,source_publish_interval,voltage_rolling_mean=230.612357;source_publish_interval=0.702359,source_publish_interval,0.5910829640924931,9.879749966785312,10.490499902516603
2026-08-10T17:45:36.267395+00:00,communication_drift_01,meter_01,622,none,none,none,none,none,normal_drift,0.9990148168091605,0.596431617262754,0,,1,0,collecting_candidates;drift_not_confirmed,source_publish_interval,voltage_rolling_mean=231.592152;source_publish_interval=0.702255,source_publish_interval,2.4214170407503843,21.254708990454674,23.708624998107553
2026-08-10T17:45:36.291503+00:00,communication_drift_01,meter_02,622,none,none,none,none,none,normal_drift,0.9987956421559729,0.5652795522969903,0,,1,0,collecting_candidates;drift_not_confirmed,source_publish_interval,voltage_rolling_mean=231.433796;source_publish_interval=0.702181,source_publish_interval,0.7075830362737179,11.740874964743853,12.472583912312984
2026-08-10T17:45:36.304096+00:00,communication_drift_01,meter_03,622,none,none,none,none,none,normal_drift,0.9999911174476586,0.4362065125362079,0,,1,0,collecting_candidates;drift_not_confirmed,source_publish_interval,voltage_rolling_mean=230.612357;source_publish_interval=0.702359,source_publish_interval,0.586584210395813,9.681582916527987,10.288374964147806
2026-08-10T17:45:36.776424+00:00,communication_drift_01,meter_01,623,none,none,none,unknown,unknown,normal_drift,0.9968769917181065,0.6245103664716247,0,,1,0,collecting_candidates;drift_not_confirmed,source_publish_interval,voltage_rolling_mean=231.592152;source_publish_interval=0.702255,source_publish_interval,1.3784579932689667,20.651542115956545,22.07225002348423
2026-08-10T17:45:36.798813+00:00,communication_drift_01,meter_02,623,none,none,none,none,none,normal_drift,0.9998921998878803,0.4498267756560017,0,,1,0,collecting_candidates;drift_not_confirmed,source_publish_interval,voltage_rolling_mean=231.433796;source_publish_interval=0.702181,source_publish_interval,0.8809168357402086,12.751708971336484,13.656666968017817
2026-08-10T17:45:36.812599+00:00,communication_drift_01,meter_03,623,none,none,none,none,none,normal_drift,0.9999974622346749,0.4545111087863974,0,,1,0,collecting_candidates;drift_not_confirmed,source_publish_interval,voltage_rolling_mean=230.612357;source_publish_interval=0.702359,source_publish_interval,0.6183329969644547,9.817959042266011,10.456583928316832
