receive_timestamp,scenario_id,device_id,sequence_number,true_attack_type,true_drift_type,known_prediction,decision,raw_decision,drift_aware_decision,confidence,anomaly_score,drift_detected,drift_features,adaptation_allowed,adaptation_updated,adaptation_reason,adaptation_features,adaptation_references,approved_drift_features,feature_extraction_ms,model_inference_ms,total_detection_ms
2026-08-10T17:10:29.401469+00:00,communication_drift_01,meter_01,0,none,none,none,none,none,none,1.0,0.4812926709783497,0,,0,0,calibration_sample_not_trusted,,,,0.12662517838180065,9.936042129993439,10.087999980896711
2026-08-10T17:10:29.411685+00:00,communication_drift_01,meter_02,0,none,none,none,none,none,none,1.0,0.4456128209943238,0,,0,0,calibration_sample_not_trusted,,,,0.05504186265170574,6.186333019286394,6.2560830265283585
2026-08-10T17:10:29.418013+00:00,communication_drift_01,meter_03,0,none,none,none,none,none,none,1.0,0.46021469474192733,0,,0,0,calibration_sample_not_trusted,,,,0.039207981899380684,5.890917032957077,5.947791039943695
2026-08-10T17:10:29.908565+00:00,communication_drift_01,meter_01,1,none,none,none,none,none,none,0.9999923986064435,0.4529875755828689,0,,0,0,calibration_sample_not_trusted,,,,0.7801661267876625,22.63420890085399,23.479416966438293
2026-08-10T17:10:29.932443+00:00,communication_drift_01,meter_02,1,none,none,none,none,none,none,0.9999508455033307,0.5260685611382854,0,,0,0,calibration_sample_not_trusted,,,,0.31779101118445396,12.576916953548789,12.92162504978478
2026-08-10T17:10:29.945529+00:00,communication_drift_01,meter_03,1,none,none,none,none,none,none,0.9999812347787769,0.4825436589191879,0,,0,0,calibration_sample_not_trusted,,,,0.15362491831183434,9.739999892190099,9.913125075399876
2026-08-10T17:10:30.413232+00:00,communication_drift_01,meter_01,2,none,none,none,none,none,none,0.9920610096930826,0.4514032333837078,0,,0,0,calibration_sample_not_trusted,,,,1.1856670025736094,19.93479090742767,21.147208055481315
2026-08-10T17:10:30.434813+00:00,communication_drift_01,meter_02,2,none,none,none,none,none,none,0.9999864291700545,0.47937402328309203,0,,0,0,calibration_sample_not_trusted,,,,0.3657920751720667,11.692458996549249,12.080291984602809
2026-08-10T17:10:30.447006+00:00,communication_drift_01,meter_03,2,none,none,none,none,none,none,0.9999985234981883,0.5831677639337963,0,,0,0,calibration_sample_not_trusted,,,,0.22929208353161812,9.523832937702537,9.769124910235405
2026-08-10T17:10:30.917169+00:00,communication_drift_01,meter_01,3,none,none,none,none,none,none,0.9999952005977603,0.5082610900840376,0,,0,0,calibration_sample_not_trusted,,,,1.3080418575555086,19.312000134959817,20.647082943469286
2026-08-10T17:10:30.938152+00:00,communication_drift_01,meter_02,3,none,none,none,none,none,none,0.9999537049628877,0.5158820042625488,0,,0,0,calibration_sample_not_trusted,,,,0.36266702227294445,11.672291904687881,12.050833087414503
2026-08-10T17:10:30.950288+00:00,communication_drift_01,meter_03,3,none,none,none,none,none,none,0.9999970556415396,0.49707040433635075,0,,0,0,calibration_sample_not_trusted,,,,0.2168749924749136,9.448624914512038,9.681208059191704
2026-08-10T17:10:31.421708+00:00,communication_drift_01,meter_01,4,none,none,none,none,none,none,0.9999958524011017,0.5616791575053393,0,,0,0,calibration_sample_not_trusted,,,,0.9290419984608889,23.065583081915975,24.03445797972381
2026-08-10T17:10:31.446095+00:00,communication_drift_01,meter_02,4,none,none,none,none,none,none,0.9999869469956141,0.46539764523212396,0,,0,0,calibration_sample_not_trusted,,,,0.5090839695185423,12.302791932597756,12.832958018407226
2026-08-10T17:10:31.459076+00:00,communication_drift_01,meter_03,4,none,none,none,none,none,none,0.9999865499884766,0.4738928481636554,0,,0,0,calibration_sample_not_trusted,,,,0.28600008226931095,9.710791055113077,10.01324993558228
2026-08-10T17:10:31.927565+00:00,communication_drift_01,meter_01,5,none,none,none,none,none,none,0.9999910965813211,0.45773494007297466,0,,0,0,calibration_sample_not_trusted,,,,1.486124936491251,22.23070804029703,23.749666986986995
2026-08-10T17:10:31.951776+00:00,communication_drift_01,meter_02,5,none,none,none,none,none,none,0.9999785899618119,0.4390309979490002,0,,0,0,calibration_sample_not_trusted,,,,0.5009160377085209,12.131167110055685,12.652707984670997
2026-08-10T17:10:31.964573+00:00,communication_drift_01,meter_03,5,none,none,none,none,none,none,0.9999965555573932,0.45036077625776166,0,,0,0,calibration_sample_not_trusted,,,,0.31991605646908283,9.505749912932515,9.841040940955281
2026-08-10T17:10:32.432463+00:00,communication_drift_01,meter_01,6,none,none,none,none,none,none,0.9999940215340442,0.45383418737883224,0,,0,0,calibration_sample_not_trusted,,,,1.7555002123117447,19.800666021183133,21.58091706223786
2026-08-10T17:10:32.454408+00:00,communication_drift_01,meter_02,6,none,none,none,none,none,none,0.9999973163847558,0.47132955888107664,0,,0,0,calibration_sample_not_trusted,,,,0.41145901195704937,11.775375111028552,12.203874997794628
2026-08-10T17:10:32.466714+00:00,communication_drift_01,meter_03,6,none,none,none,none,none,none,0.9999959790569312,0.5496328167976681,0,,0,0,calibration_sample_not_trusted,,,,0.33004116266965866,9.52516682446003,9.869499830529094
2026-08-10T17:10:32.935190+00:00,communication_drift_01,meter_01,7,none,none,none,none,none,none,0.9999876180259737,0.5489201863870473,0,,0,0,calibration_sample_not_trusted,,,,1.7986670136451721,19.299749983474612,21.125666797161102
2026-08-10T17:10:32.956683+00:00,communication_drift_01,meter_02,7,none,none,none,none,none,none,0.9999641171753244,0.4396372188325136,0,,0,0,calibration_sample_not_trusted,,,,0.45370799489319324,11.521416017785668,11.991583975031972
2026-08-10T17:10:32.968775+00:00,communication_drift_01,meter_03,7,none,none,none,none,none,none,0.9999980627974774,0.5478087524879945,0,,0,0,calibration_sample_not_trusted,,,,0.3131250850856304,9.355916175991297,9.683832991868258
2026-08-10T17:10:33.438742+00:00,communication_drift_01,meter_01,8,none,none,none,none,none,none,0.9999891227570493,0.5392524921396877,0,,0,0,calibration_sample_not_trusted,,,,2.089542103931308,23.634084034711123,25.754875037819147
2026-08-10T17:10:33.464869+00:00,communication_drift_01,meter_02,8,none,none,none,none,none,none,0.9999644445102631,0.45165664088406765,0,,0,0,calibration_sample_not_trusted,,,,0.5384581163525581,12.030000099912286,12.586499797180295
2026-08-10T17:10:33.477563+00:00,communication_drift_01,meter_03,8,none,none,none,none,none,none,0.9999927874742073,0.4413636370443051,0,,0,0,calibration_sample_not_trusted,,,,0.3737909719347954,9.644042002037168,10.03345800563693
2026-08-10T17:10:33.942483+00:00,communication_drift_01,meter_01,9,none,none,none,none,none,none,0.9999844858957582,0.4364731344002291,0,,0,0,calibration_sample_not_trusted,,,,1.5833750367164612,22.7572089061141,24.374041939154267
2026-08-10T17:10:33.967231+00:00,communication_drift_01,meter_02,9,none,none,none,none,none,none,0.9999440341491537,0.4423022951901724,0,,0,0,calibration_sample_not_trusted,,,,0.5590419750660658,11.821583146229386,12.398082995787263
2026-08-10T17:10:33.979740+00:00,communication_drift_01,meter_03,9,none,none,none,none,none,none,0.9999966151962628,0.4646560539742795,0,,0,0,calibration_sample_not_trusted,,,,0.38374983705580235,9.412750136107206,9.81099996715784
2026-08-10T17:10:34.446280+00:00,communication_drift_01,meter_01,10,none,none,none,none,none,none,0.9999890962170568,0.5213386480819435,0,,0,0,calibration_sample_not_trusted,,,,2.1666670218110085,23.017749888822436,25.215958943590522
2026-08-10T17:10:34.471881+00:00,communication_drift_01,meter_02,10,none,none,none,none,none,none,0.9999983324271154,0.4630498473511005,0,,0,0,calibration_sample_not_trusted,,,,0.5911251064389944,12.183750048279762,12.792417081072927
2026-08-10T17:10:34.484784+00:00,communication_drift_01,meter_03,10,none,none,none,none,none,none,0.9999983789491099,0.45276148077893313,0,,0,0,calibration_sample_not_trusted,,,,0.4015420563519001,9.524707915261388,9.941499913111329
2026-08-10T17:10:34.950632+00:00,communication_drift_01,meter_01,11,none,none,none,none,none,none,0.9999875375666063,0.43652139912583693,0,,0,0,calibration_sample_not_trusted,,,,1.5945001505315304,22.093834122642875,23.741999873891473
2026-08-10T17:10:34.974873+00:00,communication_drift_01,meter_02,11,none,none,none,none,none,none,0.9999902794399391,0.43791877507867527,0,,0,0,calibration_sample_not_trusted,,,,0.7584169507026672,12.689375085756183,13.47079104743898
2026-08-10T17:10:34.988506+00:00,communication_drift_01,meter_03,11,none,none,none,none,none,none,0.9999992425545592,0.4526207385508079,0,,0,0,calibration_sample_not_trusted,,,,0.4437081515789032,9.885082952678204,10.345458053052425
2026-08-10T17:10:35.454171+00:00,communication_drift_01,meter_01,12,none,none,none,none,none,none,0.9999894717589407,0.44210036074680664,0,,0,0,calibration_sample_not_trusted,,,,1.9684999715536833,19.378833007067442,21.378709003329277
2026-08-10T17:10:35.475942+00:00,communication_drift_01,meter_02,12,none,none,none,none,none,none,0.9999877282871418,0.4929601959395958,0,,0,0,calibration_sample_not_trusted,,,,0.6125001236796379,11.532415868714452,12.163459090515971
2026-08-10T17:10:35.488223+00:00,communication_drift_01,meter_03,12,none,none,none,none,none,none,0.9999899098371127,0.4622512923851817,0,,0,0,calibration_sample_not_trusted,,,,0.421375036239624,9.469290962442756,9.90679208189249
2026-08-10T17:10:35.955170+00:00,communication_drift_01,meter_01,13,none,none,none,none,none,none,0.9999972837962651,0.47526745698805445,0,,0,0,calibration_sample_not_trusted,,,,1.7697089351713657,22.140375105664134,23.93729193136096
2026-08-10T17:10:35.979414+00:00,communication_drift_01,meter_02,13,none,none,none,none,none,none,0.9999986769943052,0.4407104420862115,0,,0,0,calibration_sample_not_trusted,,,,0.6680418737232685,11.93204103037715,12.617792002856731
2026-08-10T17:10:35.992144+00:00,communication_drift_01,meter_03,13,none,none,none,none,none,none,0.9999985961511991,0.4479789877282164,0,,0,0,calibration_sample_not_trusted,,,,0.4627078305929899,9.437707951292396,9.915166068822145
2026-08-10T17:10:36.459221+00:00,communication_drift_01,meter_01,14,none,none,none,none,none,none,0.9999958112006303,0.44152067740655143,0,,0,0,calibration_sample_not_trusted,,,,2.0414169412106276,23.185540921986103,25.26308293454349
2026-08-10T17:10:36.484739+00:00,communication_drift_01,meter_02,14,none,none,none,none,none,none,0.9999980236324646,0.5040155442864704,0,,0,0,calibration_sample_not_trusted,,,,0.7670000195503235,12.276416877284646,13.065124861896038
2026-08-10T17:10:36.497954+00:00,communication_drift_01,meter_03,14,none,none,none,none,none,none,0.9999991594009728,0.4467269015529374,0,,0,0,calibration_sample_not_trusted,,,,0.49812509678304195,9.507125010713935,10.021707974374294
2026-08-10T17:10:36.965548+00:00,communication_drift_01,meter_01,15,none,none,none,none,none,none,0.9999925420243495,0.49871185165816556,0,,0,0,calibration_sample_not_trusted,,,,2.2262500133365393,21.877000108361244,24.129250086843967
2026-08-10T17:10:36.990056+00:00,communication_drift_01,meter_02,15,none,none,none,none,none,none,0.9999965727522785,0.468498878864257,0,,0,0,calibration_sample_not_trusted,,,,0.6472920067608356,11.781583074480295,12.4465839471668
2026-08-10T17:10:37.002610+00:00,communication_drift_01,meter_03,15,none,none,none,none,none,none,0.9999991486828952,0.4432652976843799,0,,0,0,calibration_sample_not_trusted,,,,0.48925005830824375,9.571457980200648,10.074791964143515
2026-08-10T17:10:37.469850+00:00,communication_drift_01,meter_01,16,none,none,none,none,none,none,0.9999894825687154,0.48150034399831804,0,,0,0,calibration_sample_not_trusted,,,,2.217707922682166,20.70174994878471,22.945541888475418
2026-08-10T17:10:37.493154+00:00,communication_drift_01,meter_02,16,none,none,none,none,none,none,0.9999990051843983,0.4373433845532785,0,,0,0,calibration_sample_not_trusted,,,,0.6412919610738754,11.906458996236324,12.566750170663
2026-08-10T17:10:37.505837+00:00,communication_drift_01,meter_03,16,none,none,none,none,none,none,0.9999982209325721,0.4865865580194519,0,,0,0,calibration_sample_not_trusted,,,,0.5259588360786438,9.516041027382016,10.057416977360845
2026-08-10T17:10:37.974939+00:00,communication_drift_01,meter_01,17,none,none,none,none,none,none,0.9999913821670527,0.49288408809118234,0,,0,0,calibration_sample_not_trusted,,,,2.388708060607314,19.229167141020298,21.643374813720584
2026-08-10T17:10:37.996970+00:00,communication_drift_01,meter_02,17,none,none,none,unknown,unknown,unknown,0.9999986745424945,0.6497357017225015,0,,0,0,calibration_sample_not_trusted,,,,0.6687501445412636,11.658500181511045,12.344041839241982
2026-08-10T17:10:38.009439+00:00,communication_drift_01,meter_03,17,none,none,none,none,none,none,0.9999989541535432,0.44738819388841056,0,,0,0,calibration_sample_not_trusted,,,,0.4881671629846096,9.397125104442239,9.900457924231887
2026-08-10T17:10:38.481410+00:00,communication_drift_01,meter_01,18,none,none,none,none,none,none,0.9999928806159782,0.4604812325692331,0,,0,0,calibration_sample_not_trusted,,,,2.0905830897390842,21.942832972854376,24.06020788475871
2026-08-10T17:10:38.505733+00:00,communication_drift_01,meter_02,18,none,none,none,none,none,none,0.9999942565958869,0.5379073178558967,0,,0,0,calibration_sample_not_trusted,,,,0.8009159937500954,11.924291960895061,12.743541970849037
2026-08-10T17:10:38.518601+00:00,communication_drift_01,meter_03,18,none,none,none,none,none,none,0.9999984526566605,0.4462754215771935,0,,0,0,calibration_sample_not_trusted,,,,0.511332880705595,9.40216681919992,9.927875129505992
2026-08-10T17:10:38.984891+00:00,communication_drift_01,meter_01,19,none,none,none,none,none,none,0.9999955256310559,0.5520874499034791,0,,0,0,calibration_sample_not_trusted,,,,1.9329579081386328,21.822917042300105,23.783375043421984
2026-08-10T17:10:39.008974+00:00,communication_drift_01,meter_02,19,none,none,none,none,none,none,0.9999991062793374,0.5847818348603959,0,,0,0,calibration_sample_not_trusted,,,,0.80829206854105,11.983959004282951,12.809582985937595
2026-08-10T17:10:39.021884+00:00,communication_drift_01,meter_03,19,none,none,none,none,none,none,0.9999991561067382,0.4503526148919104,0,,0,0,calibration_sample_not_trusted,,,,0.5539169069379568,9.415541775524616,9.98354097828269
2026-08-10T17:10:39.489362+00:00,communication_drift_01,meter_01,20,none,none,none,none,none,none,0.9999888210906516,0.5612768748485572,0,,0,0,none,,,,1.9933751318603754,20.772666903212667,22.81504194252193
2026-08-10T17:10:39.512506+00:00,communication_drift_01,meter_02,20,none,none,none,none,none,none,0.9999979894290093,0.4473144107282406,0,,0,0,none,,,,0.8431249298155308,11.820416897535324,12.681041145697236
2026-08-10T17:10:39.525290+00:00,communication_drift_01,meter_03,20,none,none,none,none,none,none,0.9999972753969802,0.45898929966235513,0,,0,0,none,,,,0.5142909940332174,9.406415978446603,9.937292197719216
2026-08-10T17:10:39.994453+00:00,communication_drift_01,meter_01,21,none,none,none,none,none,none,0.9999928386086756,0.48434168726599686,0,,0,0,none,,,,2.3432080633938313,22.374625084921718,24.753083009272814
2026-08-10T17:10:40.019597+00:00,communication_drift_01,meter_02,21,none,none,none,none,none,none,0.9999981880491942,0.4880739236632291,0,,0,0,none,,,,0.8721249178051949,12.093541910871863,12.986042071133852
2026-08-10T17:10:40.032698+00:00,communication_drift_01,meter_03,21,none,none,none,none,none,none,0.9999979561950356,0.44852275015856036,0,,0,0,none,,,,0.5745838861912489,9.438749868422747,10.02875017002225
2026-08-10T17:10:40.499078+00:00,communication_drift_01,meter_01,22,none,none,none,none,none,none,0.9999733038969872,0.43863974706126435,0,,0,0,none,,,,2.0527499727904797,21.729958010837436,23.80945789627731
2026-08-10T17:10:40.523183+00:00,communication_drift_01,meter_02,22,none,none,none,none,none,none,0.9999960008822124,0.5400884085104407,0,,0,0,none,,,,0.8355409372597933,11.993707856163383,12.8474161028862
2026-08-10T17:10:40.536125+00:00,communication_drift_01,meter_03,22,none,none,none,none,none,none,0.9999990216832632,0.5723616333137538,0,,0,0,none,,,,0.5546249449253082,9.514416800811887,10.083707980811596
2026-08-10T17:10:41.001433+00:00,communication_drift_01,meter_01,23,none,none,none,none,none,none,0.9999942179301878,0.46007115480221594,0,,0,0,none,,,,1.981500070542097,21.74391597509384,23.753457935526967
2026-08-10T17:10:41.025505+00:00,communication_drift_01,meter_02,23,none,none,none,none,none,none,0.999997543116576,0.4786633254105802,0,,0,0,none,,,,0.826000003144145,11.94437500089407,12.787208892405033
2026-08-10T17:10:41.038382+00:00,communication_drift_01,meter_03,23,none,none,none,none,none,none,0.9999986838210827,0.4851924214532772,0,,0,0,none,,,,0.5552079528570175,9.406583150848746,9.976250119507313
2026-08-10T17:10:41.506537+00:00,communication_drift_01,meter_01,24,none,none,none,none,none,none,0.9999942272801359,0.5196707485928305,0,,0,0,none,,,,2.3069169837981462,20.35754220560193,22.696249885484576
2026-08-10T17:10:41.529599+00:00,communication_drift_01,meter_02,24,none,none,none,none,none,none,0.9999891876108514,0.4396225389849385,0,,0,0,none,,,,0.7342498283833265,11.629666900262237,12.380542000755668
2026-08-10T17:10:41.542079+00:00,communication_drift_01,meter_03,24,none,none,none,none,none,none,0.999998808611558,0.573185413339484,0,,0,0,none,,,,0.5167911294847727,9.373916080221534,9.905542014166713
2026-08-10T17:10:42.011116+00:00,communication_drift_01,meter_01,25,none,none,none,none,none,none,0.9999769350471864,0.4785489230028493,0,,0,0,none,,,,1.4412919990718365,22.069792030379176,23.541459115222096
2026-08-10T17:10:42.034886+00:00,communication_drift_01,meter_02,25,none,none,none,none,none,none,0.9999961124976325,0.446737797387494,0,,0,0,none,,,,0.8459580130875111,12.456625001505017,13.319999910891056
2026-08-10T17:10:42.048336+00:00,communication_drift_01,meter_03,25,none,none,none,none,none,none,0.9999989115262358,0.5283916809725409,0,,0,0,none,,,,0.5652080290019512,9.687000187113881,10.26645814999938
2026-08-10T17:10:42.516341+00:00,communication_drift_01,meter_01,26,none,none,none,none,none,none,0.999985606367026,0.46573920414373077,0,,0,0,none,,,,1.984375063329935,21.963416133075953,23.979708086699247
2026-08-10T17:10:42.540702+00:00,communication_drift_01,meter_02,26,none,none,none,none,none,none,0.9999900236813288,0.4973843077995273,0,,0,0,none,,,,0.8500840049237013,12.071416014805436,12.939790962263942
2026-08-10T17:10:42.553741+00:00,communication_drift_01,meter_03,26,none,none,none,none,none,none,0.9999938727834593,0.4416249366904093,0,,0,0,none,,,,0.5681249313056469,9.527459042146802,10.11050003580749
2026-08-10T17:10:43.019743+00:00,communication_drift_01,meter_01,27,none,none,none,none,none,none,0.9999953713670479,0.4387306888489432,0,,0,0,none,,,,2.248208038508892,19.940041936933994,22.218249971047044
2026-08-10T17:10:43.042316+00:00,communication_drift_01,meter_02,27,none,none,none,none,none,none,0.9999983326449712,0.45641874846515323,0,,0,0,none,,,,0.7363748736679554,11.718666180968285,12.470709159970284
2026-08-10T17:10:43.054877+00:00,communication_drift_01,meter_03,27,none,none,none,none,none,none,0.9999987932402287,0.5564360321083249,0,,0,0,none,,,,0.5268750246614218,9.423915995284915,9.965249802917242
2026-08-10T17:10:43.524330+00:00,communication_drift_01,meter_01,28,none,none,none,none,none,none,0.9999904046575068,0.5449278879093469,0,,0,0,none,,,,2.3494588676840067,22.335750050842762,24.71270808018744
2026-08-10T17:10:43.549381+00:00,communication_drift_01,meter_02,28,none,none,none,none,none,none,0.9999969977605159,0.4567367588170901,0,,0,0,none,,,,0.8234160486608744,11.90433301962912,12.745166895911098
2026-08-10T17:10:43.562221+00:00,communication_drift_01,meter_03,28,none,none,none,none,none,none,0.9999991416693019,0.5034169069793003,0,,0,0,none,,,,0.5907081067562103,9.554916992783546,10.160041972994804
2026-08-10T17:10:44.029775+00:00,communication_drift_01,meter_01,29,none,none,none,none,none,none,0.9983621532325154,0.44749939048860105,0,,0,0,none,,,,1.9577918574213982,21.813416853547096,23.802499985322356
2026-08-10T17:10:44.053860+00:00,communication_drift_01,meter_02,29,none,none,none,none,none,none,0.9999991434224788,0.4648539757261053,0,,0,0,none,,,,0.8158329874277115,11.941958917304873,12.777167139574885
2026-08-10T17:10:44.066737+00:00,communication_drift_01,meter_03,29,none,none,none,none,none,none,0.9999995266430575,0.47398517371013055,0,,0,0,none,,,,0.5780409555882215,9.39979194663465,9.99270798638463
2026-08-10T17:10:44.534922+00:00,communication_drift_01,meter_01,30,none,none,none,none,none,none,0.9999256661249605,0.5020272601174454,0,,0,0,none,,,,1.9760830327868462,20.05029213614762,22.05112506635487
2026-08-10T17:10:44.557243+00:00,communication_drift_01,meter_02,30,none,none,none,none,none,none,0.9999981640173683,0.44982283299432935,0,,0,0,none,,,,0.6991249974817038,11.70608401298523,12.421207968145609
2026-08-10T17:10:44.569753+00:00,communication_drift_01,meter_03,30,none,none,none,none,none,none,0.9999963361152702,0.4721718383546805,0,,0,0,none,,,,0.5162078887224197,9.380957810208201,9.911957895383239
2026-08-10T17:10:45.039907+00:00,communication_drift_01,meter_01,31,none,none,none,none,none,none,0.9999932374697678,0.4669367987356522,0,,0,0,none,,,,2.4105000775307417,18.016084097325802,20.453666802495718
2026-08-10T17:10:45.060688+00:00,communication_drift_01,meter_02,31,none,none,none,none,none,none,0.999997860670683,0.4596977741625341,0,,0,0,none,,,,0.6824580486863852,11.137833818793297,11.835875222459435
2026-08-10T17:10:45.072612+00:00,communication_drift_01,meter_03,31,none,none,none,none,none,none,0.9999931594246932,0.44124287999564277,0,,0,0,none,,,,0.521667068824172,9.45458305068314,9.991124970838428
2026-08-10T17:10:45.544629+00:00,communication_drift_01,meter_01,32,none,none,none,none,none,none,0.9999935335801952,0.44854472125647965,0,,0,0,none,,,,1.790208974853158,22.934500128030777,24.751582881435752
2026-08-10T17:10:45.569645+00:00,communication_drift_01,meter_02,32,none,none,none,none,none,none,0.9999952145792657,0.45903513135766466,0,,0,0,none,,,,0.8486250881105661,12.019665911793709,12.885542120784521
2026-08-10T17:10:45.582624+00:00,communication_drift_01,meter_03,32,none,none,none,none,none,none,0.9999957390590952,0.45002388631360063,0,,0,0,none,,,,0.5702918861061335,9.53545793890953,10.120750172063708
2026-08-10T17:10:46.050343+00:00,communication_drift_01,meter_01,33,none,none,none,none,none,none,0.9999901064715983,0.4437213017949321,0,,0,0,none,,,,2.5968749541789293,18.500707810744643,21.126125007867813
2026-08-10T17:10:46.071825+00:00,communication_drift_01,meter_02,33,none,none,none,none,none,none,0.9999964554492006,0.4628356379981846,0,,0,0,none,,,,0.6986670196056366,11.364666046574712,12.080082902684808
2026-08-10T17:10:46.083989+00:00,communication_drift_01,meter_03,33,none,none,none,none,none,none,0.9999985808995234,0.4453915954290895,0,,0,0,none,,,,0.5165829788893461,9.40199987962842,9.932792047038674
2026-08-10T17:10:46.554838+00:00,communication_drift_01,meter_01,34,none,none,none,none,none,none,0.9999604621263254,0.4818119550433961,0,,0,0,none,,,,2.3777498863637447,18.570750020444393,20.970999961718917
2026-08-10T17:10:46.576148+00:00,communication_drift_01,meter_02,34,none,none,none,none,none,none,0.9999982609882404,0.5031342573067361,0,,0,0,none,,,,0.7069581188261509,11.302541010081768,12.026333017274737
2026-08-10T17:10:46.588256+00:00,communication_drift_01,meter_03,34,none,none,none,none,none,none,0.9999978577220389,0.4331252441753714,0,,0,0,none,,,,0.5153329111635685,9.350750129669905,9.879333199933171
2026-08-10T17:10:47.060072+00:00,communication_drift_01,meter_01,35,none,none,none,none,none,none,0.9998892139703599,0.4618839825334241,0,,0,0,none,,,,2.4795839563012123,21.63079218007624,24.13912513293326
2026-08-10T17:10:47.084571+00:00,communication_drift_01,meter_02,35,none,none,none,none,none,none,0.9999981630413961,0.4649825787831034,0,,0,0,none,,,,0.8118748664855957,11.814250145107508,12.642707908526063
2026-08-10T17:10:47.097309+00:00,communication_drift_01,meter_03,35,none,none,none,none,none,none,0.999997745998663,0.44323319965930863,0,,0,0,none,,,,0.5800421349704266,9.645667159929872,10.239499853923917
2026-08-10T17:10:47.564976+00:00,communication_drift_01,meter_01,36,none,none,none,none,none,none,0.9999891477659248,0.4558629968237893,0,,0,0,none,,,,2.0327079109847546,21.8813749961555,23.940375074744225
2026-08-10T17:10:47.589235+00:00,communication_drift_01,meter_02,36,none,none,none,none,none,none,0.9999989388980048,0.4430153032143421,0,,0,0,none,,,,0.8634999394416809,11.888458160683513,12.768875109031796
2026-08-10T17:10:47.602108+00:00,communication_drift_01,meter_03,36,none,none,none,none,none,none,0.9999981767458594,0.5094594724077989,0,,0,0,none,,,,0.5837080534547567,9.518875041976571,10.117582976818085
2026-08-10T17:10:48.070269+00:00,communication_drift_01,meter_01,37,none,none,none,none,none,none,0.9999964192462228,0.4454167176436807,0,,0,0,none,,,,2.456959104165435,19.235040992498398,21.714957896620035
2026-08-10T17:10:48.092333+00:00,communication_drift_01,meter_02,37,none,none,none,none,none,none,0.9999969258281106,0.4707460982667215,0,,0,0,none,,,,0.7352498359978199,11.457249987870455,12.208374915644526
2026-08-10T17:10:48.104628+00:00,communication_drift_01,meter_03,37,none,none,none,none,none,none,0.9999988578797477,0.43511253952725504,0,,0,0,none,,,,0.5236249417066574,9.367040824145079,9.905166923999786
2026-08-10T17:10:48.573828+00:00,communication_drift_01,meter_01,38,none,none,none,none,none,none,0.9999950701380582,0.49635302759337113,0,,0,0,none,,,,0.4279159475117922,7.158540887758136,7.59979197755456
2026-08-10T17:10:48.581500+00:00,communication_drift_01,meter_02,38,none,none,none,none,none,none,0.9999996585897126,0.4663747923134149,0,,0,0,none,,,,0.37058303132653236,6.645499961450696,7.027209037914872
2026-08-10T17:10:48.588581+00:00,communication_drift_01,meter_03,38,none,none,none,none,none,none,0.9999969912390548,0.4363576724710263,0,,0,0,none,,,,0.34683290868997574,6.558625027537346,6.9162920117378235
2026-08-10T17:10:49.080311+00:00,communication_drift_01,meter_01,39,none,none,none,none,none,none,0.9999978011265345,0.43975699060049983,0,,0,0,none,,,,2.3176248650997877,18.640167079865932,20.995207829400897
2026-08-10T17:10:49.101700+00:00,communication_drift_01,meter_02,39,none,none,none,none,none,none,0.9999959638919594,0.46339236084762686,0,,0,0,none,,,,0.7930828724056482,11.513791978359222,12.324209092184901
2026-08-10T17:10:49.114122+00:00,communication_drift_01,meter_03,39,none,none,none,none,none,none,0.9999862091035765,0.4796999518443226,0,,0,0,none,,,,0.5256251897662878,9.377333102747798,9.91712510585785
2026-08-10T17:10:49.583562+00:00,communication_drift_01,meter_01,40,none,none,none,none,none,none,0.9998838317772305,0.5025915360814761,0,,0,0,none,,,,1.9944580271840096,22.18754217028618,24.210290983319283
2026-08-10T17:10:49.608114+00:00,communication_drift_01,meter_02,40,none,none,none,none,none,none,0.9999991099494118,0.4530379335979668,0,,0,0,none,,,,0.8409579750150442,11.960832867771387,12.81883311457932
2026-08-10T17:10:49.621023+00:00,communication_drift_01,meter_03,40,none,none,none,none,none,none,0.9999990561900497,0.547731081170416,0,,0,0,none,,,,0.5841250531375408,9.452917147427797,10.051290970295668
2026-08-10T17:10:50.084160+00:00,communication_drift_01,meter_01,41,none,none,none,none,none,none,0.9999947986990954,0.4891715165368394,0,,0,0,none,,,,2.3640841245651245,22.296624956652522,24.685709038749337
2026-08-10T17:10:50.109198+00:00,communication_drift_01,meter_02,41,none,none,none,none,none,none,0.9999983084913712,0.43510481232203513,0,,0,0,none,,,,0.8170828223228455,11.968208942562342,12.802332872524858
2026-08-10T17:10:50.122096+00:00,communication_drift_01,meter_03,41,none,none,none,none,none,none,0.9999982772249768,0.4981019376212583,0,,0,0,none,,,,0.590750016272068,9.520167019218206,10.125084081664681
2026-08-10T17:10:50.586725+00:00,communication_drift_01,meter_01,42,none,none,none,none,none,none,0.9999966527579097,0.44599380748185696,0,,0,0,none,,,,1.9454588182270527,21.59454091452062,23.56754196807742
2026-08-10T17:10:50.610559+00:00,communication_drift_01,meter_02,42,none,none,none,none,none,none,0.9999982473192298,0.4401493663355805,0,,0,0,none,,,,0.8513340726494789,11.827291920781136,12.697583064436913
2026-08-10T17:10:50.623346+00:00,communication_drift_01,meter_03,42,none,none,none,none,none,none,0.9999984710819997,0.4458783383242759,0,,0,0,none,,,,0.571040902286768,9.481959044933319,10.067125083878636
2026-08-10T17:10:51.088216+00:00,communication_drift_01,meter_01,43,none,none,none,none,none,none,0.9999940138467462,0.49209130223957276,0,,0,0,none,,,,1.9867080263793468,22.155917016789317,24.174249963834882
2026-08-10T17:10:51.112730+00:00,communication_drift_01,meter_02,43,none,none,none,none,none,none,0.9999979265461998,0.44056572010477757,0,,0,0,none,,,,0.8795410394668579,12.106040958315134,13.00354185514152
2026-08-10T17:10:51.125839+00:00,communication_drift_01,meter_03,43,none,none,none,none,none,none,0.9999987002915737,0.48646799010742253,0,,0,0,none,,,,0.5578747950494289,9.540708037093282,10.113334050402045
2026-08-10T17:10:51.592464+00:00,communication_drift_01,meter_01,44,none,none,none,none,none,none,0.9999982698637397,0.45547572699850414,0,,0,0,none,,,,1.9558749627321959,22.10083301179111,24.099875008687377
2026-08-10T17:10:51.616886+00:00,communication_drift_01,meter_02,44,none,none,none,none,none,none,0.9999984012314956,0.4373302542923998,0,,0,0,none,,,,0.891790958121419,11.992375133559108,12.904540868476033
2026-08-10T17:10:51.629916+00:00,communication_drift_01,meter_03,44,none,none,none,none,none,none,0.999999034122015,0.4441430506703154,0,,0,0,none,,,,0.5585001781582832,9.459916967898607,10.034416802227497
2026-08-10T17:10:52.097670+00:00,communication_drift_01,meter_01,45,none,none,none,none,none,none,0.9999884804081742,0.45494931645598274,0,,0,0,none,,,,2.5708749890327454,17.712750006467104,20.308499922975898
2026-08-10T17:10:52.118310+00:00,communication_drift_01,meter_02,45,none,none,none,none,none,none,0.999995950529975,0.474173759416361,0,,0,0,none,,,,0.7150410674512386,11.227541835978627,11.959124822169542
2026-08-10T17:10:52.130364+00:00,communication_drift_01,meter_03,45,none,none,none,none,none,none,0.9999992590675167,0.4447878070531265,0,,0,0,none,,,,0.5124579183757305,9.3642498832196,9.891667170450091
2026-08-10T17:10:52.602887+00:00,communication_drift_01,meter_01,46,none,none,none,none,none,none,0.9999898174241348,0.447852076181452,0,,0,0,none,,,,3.122833091765642,15.873625176027417,19.02020792476833
2026-08-10T17:10:52.622257+00:00,communication_drift_01,meter_02,46,none,none,none,none,none,none,0.9999977421919888,0.47997832893796316,0,,0,0,none,,,,0.7069169078022242,10.514874942600727,11.237500002607703
2026-08-10T17:10:52.633578+00:00,communication_drift_01,meter_03,46,none,none,none,none,none,none,0.9999991789819823,0.4510802309107888,0,,0,0,none,,,,0.5031661130487919,9.178083157166839,9.695000015199184
2026-08-10T17:10:53.107933+00:00,communication_drift_01,meter_01,47,none,none,none,none,none,none,0.9999975354554649,0.44822049725218316,0,,0,0,none,,,,2.2680831607431173,22.209207993000746,24.510249961167574
2026-08-10T17:10:53.132838+00:00,communication_drift_01,meter_02,47,none,none,none,none,none,none,0.9999932472880336,0.4530228784387779,0,,0,0,none,,,,0.7398328743875027,11.847457848489285,12.605333933606744
2026-08-10T17:10:53.145550+00:00,communication_drift_01,meter_03,47,none,none,none,none,none,none,0.9999942857935595,0.4990156857372336,0,,0,0,none,,,,0.5782500375062227,9.568625129759312,10.162000078707933
2026-08-10T17:10:53.609892+00:00,communication_drift_01,meter_01,48,none,none,none,none,none,none,0.9999950933487315,0.46304520420958245,0,,0,0,none,,,,1.2390408664941788,21.001707995310426,22.26862497627735
2026-08-10T17:10:53.632387+00:00,communication_drift_01,meter_02,48,none,none,none,none,none,none,0.9999985841281399,0.4713286034502394,0,,0,0,none,,,,0.837832922115922,13.131875079125166,13.991958927363157
2026-08-10T17:10:53.646485+00:00,communication_drift_01,meter_03,48,none,none,none,none,none,none,0.9999976051161391,0.4315341451781355,0,,0,0,none,,,,0.6192498840391636,10.11270796880126,10.746541898697615
2026-08-10T17:10:54.114652+00:00,communication_drift_01,meter_01,49,none,none,none,none,none,none,0.9999981697923507,0.45303803799128567,0,,0,0,none,,,,2.1677077747881413,18.707292154431343,20.90225019492209
2026-08-10T17:10:54.135907+00:00,communication_drift_01,meter_02,49,none,none,none,none,none,none,0.999995791629885,0.49004933610832463,0,,0,0,none,,,,0.687125138938427,11.375624919310212,12.078458908945322
2026-08-10T17:10:54.148085+00:00,communication_drift_01,meter_03,49,none,none,none,none,none,none,0.9999993532745816,0.4745469421580919,0,,0,0,none,,,,0.5193750839680433,9.37333283945918,9.907499887049198
2026-08-10T17:10:54.619341+00:00,communication_drift_01,meter_01,50,none,none,none,none,none,none,0.9999970284257009,0.4745111808162822,0,,0,0,none,,,,2.0597497932612896,22.113250102847815,24.20108299702406
2026-08-10T17:10:54.643840+00:00,communication_drift_01,meter_02,50,none,none,none,none,none,none,0.9999959707985928,0.4556383770302324,0,,0,0,none,,,,0.8155000396072865,11.90995890647173,12.743165949359536
2026-08-10T17:10:54.656682+00:00,communication_drift_01,meter_03,50,none,none,none,none,none,none,0.9999990745895198,0.5186000469527364,0,,0,0,none,,,,0.5522919818758965,9.44966683164239,10.01683296635747
2026-08-10T17:10:55.123524+00:00,communication_drift_01,meter_01,51,none,none,none,none,none,none,0.999998826391802,0.4847102880768625,0,,0,0,none,,,,1.3576250057667494,21.12662512809038,22.516374941915274
2026-08-10T17:10:55.146270+00:00,communication_drift_01,meter_02,51,none,none,none,none,none,none,0.9999994854667983,0.45386261309095327,0,,0,0,none,,,,0.8704159408807755,13.36450013332069,14.252458000555634
2026-08-10T17:10:55.160632+00:00,communication_drift_01,meter_03,51,none,none,none,none,none,none,0.9999987247670352,0.45326314657450617,0,,0,0,none,,,,0.575958052650094,9.809457929804921,10.39962493814528
2026-08-10T17:10:55.629578+00:00,communication_drift_01,meter_01,52,none,none,none,none,none,none,0.9999990178172798,0.526012282729958,0,,0,0,none,,,,2.023416105657816,21.482208976522088,23.543250048533082
2026-08-10T17:10:55.653460+00:00,communication_drift_01,meter_02,52,none,none,none,none,none,none,0.9999986900046675,0.4626338291685598,0,,0,0,none,,,,0.8535000961273909,12.017208151519299,12.889208039268851
2026-08-10T17:10:55.666464+00:00,communication_drift_01,meter_03,52,none,none,none,none,none,none,0.9999994562617208,0.47504315454024515,0,,0,0,none,,,,0.5746670067310333,9.452416095882654,10.042457841336727
2026-08-10T17:10:56.134386+00:00,communication_drift_01,meter_01,53,none,none,none,none,none,none,0.9999982840544036,0.4605886082394744,0,,0,0,none,,,,1.9931250717490911,22.056000074371696,24.077707901597023
2026-08-10T17:10:56.158757+00:00,communication_drift_01,meter_02,53,none,none,none,none,none,none,0.9999990970361863,0.47273026488109865,0,,0,0,none,,,,0.8212078828364611,11.891166912391782,12.730499962344766
2026-08-10T17:10:56.171585+00:00,communication_drift_01,meter_03,53,none,none,none,none,none,none,0.999997050197364,0.5095331091653776,0,,0,0,none,,,,0.5352918524295092,9.378249989822507,9.928334038704634
2026-08-10T17:10:56.637795+00:00,communication_drift_01,meter_01,54,none,none,none,none,none,none,0.9999988077911061,0.45156866437701254,0,,0,0,none,,,,2.3045840207487345,18.373917089775205,20.70712484419346
2026-08-10T17:10:56.658887+00:00,communication_drift_01,meter_02,54,none,none,none,none,none,none,0.999999337226107,0.43147640452354563,0,,0,0,none,,,,0.7158750668168068,11.016916017979383,11.74970786087215
2026-08-10T17:10:56.670733+00:00,communication_drift_01,meter_03,54,none,none,none,none,none,none,0.9999994811577143,0.44006857828814355,0,,0,0,none,,,,0.5067919846624136,9.531041141599417,10.054541053250432
2026-08-10T17:10:57.138529+00:00,communication_drift_01,meter_01,55,none,none,none,none,none,none,0.9999988789078754,0.4539344510210185,0,,0,0,none,,,,2.4738339707255363,21.680417004972696,24.18441604822874
2026-08-10T17:10:57.163087+00:00,communication_drift_01,meter_02,55,none,none,none,none,none,none,0.9999985005135248,0.43304645399277897,0,,0,0,none,,,,0.7299170829355717,11.624667095020413,12.372166849672794
2026-08-10T17:10:57.175561+00:00,communication_drift_01,meter_03,55,none,none,none,none,none,none,0.9999993319346068,0.5090097534304147,0,,0,0,none,,,,0.5719999317079782,9.574332972988486,10.160750010982156
2026-08-10T17:10:57.643864+00:00,communication_drift_01,meter_01,56,none,none,none,none,none,none,0.9999989891697679,0.49206875118925386,0,,0,0,none,,,,2.3009590804576874,22.56066701374948,24.889499880373478
2026-08-10T17:10:57.669155+00:00,communication_drift_01,meter_02,56,none,none,none,none,none,none,0.9999984198741826,0.4649863277886538,0,,0,0,none,,,,0.8003748953342438,11.994542088359594,12.813417008146644
2026-08-10T17:10:57.682067+00:00,communication_drift_01,meter_03,56,none,none,none,none,none,none,0.9999975934568338,0.45513783805780567,0,,0,0,none,,,,0.5488330498337746,9.432666003704071,9.996209060773253
2026-08-10T17:10:58.146826+00:00,communication_drift_01,meter_01,57,none,none,none,none,none,none,0.999998553540126,0.447790905521036,0,,0,0,none,,,,2.4238750338554382,21.58699999563396,24.038249859586358
2026-08-10T17:10:58.171235+00:00,communication_drift_01,meter_02,57,none,none,none,none,none,none,0.9999996458299041,0.547181739178438,0,,0,0,none,,,,0.7169169839471579,11.797957820817828,12.532874941825867
2026-08-10T17:10:58.183855+00:00,communication_drift_01,meter_03,57,none,none,none,none,none,none,0.9999981559716228,0.44847330293912263,0,,0,0,none,,,,0.5274999421089888,9.513708995655179,10.055500082671642
2026-08-10T17:10:58.651632+00:00,communication_drift_01,meter_01,58,none,none,none,none,none,none,0.9999927359759413,0.481170828863271,0,,0,0,none,,,,2.0509581081569195,22.27795892395079,24.353875080123544
2026-08-10T17:10:58.676248+00:00,communication_drift_01,meter_02,58,none,none,none,none,none,none,0.9999996229018965,0.5616023430514063,0,,0,0,none,,,,0.7769998628646135,12.00420898385346,12.798124924302101
2026-08-10T17:10:58.689134+00:00,communication_drift_01,meter_03,58,none,none,none,none,none,none,0.999998534436785,0.4330326951689996,0,,0,0,none,,,,0.5620832089334726,9.412042098119855,9.988124947994947
2026-08-10T17:10:59.157037+00:00,communication_drift_01,meter_01,59,none,none,none,none,none,none,0.9999985265198688,0.479516854922863,0,,0,0,none,,,,2.000249922275543,21.625249879434705,23.65175005979836
2026-08-10T17:10:59.181004+00:00,communication_drift_01,meter_02,59,none,none,none,none,none,none,0.9999988603870553,0.43835109902366626,0,,0,0,none,,,,0.799334142357111,11.954458896070719,12.77141715399921
2026-08-10T17:10:59.193871+00:00,communication_drift_01,meter_03,59,none,none,none,none,none,none,0.9999992763796957,0.49703630163674606,0,,0,0,none,,,,0.5972909275442362,9.486959083005786,10.098708095028996
2026-08-10T17:10:59.659837+00:00,communication_drift_01,meter_01,60,none,none,none,none,none,none,0.999995409413637,0.44450358961114367,0,,0,0,none,,,,2.5717499665915966,20.867125131189823,23.46216607838869
2026-08-10T17:10:59.683661+00:00,communication_drift_01,meter_02,60,none,none,none,none,none,none,0.9999992253656907,0.5661390377379497,0,,0,0,none,,,,0.6632918957620859,11.692749802023172,12.37370795570314
2026-08-10T17:10:59.696127+00:00,communication_drift_01,meter_03,60,none,none,none,none,none,none,0.9999941268899671,0.44321265138653954,0,,0,0,none,,,,0.575666781514883,9.51654207892716,10.10733307339251
2026-08-10T17:11:00.165107+00:00,communication_drift_01,meter_01,61,none,none,none,none,none,none,0.9999882312615206,0.47393251228044564,0,,0,0,none,,,,2.5857079308480024,22.41858304478228,25.033541955053806
2026-08-10T17:11:00.190588+00:00,communication_drift_01,meter_02,61,none,none,none,none,none,none,0.999998894148839,0.49007766689187743,0,,0,0,none,,,,0.7833749987185001,12.219541007652879,13.020707992836833
2026-08-10T17:11:00.203706+00:00,communication_drift_01,meter_03,61,none,none,none,none,none,none,0.9999986438281678,0.46050586148533457,0,,0,0,none,,,,0.587542075663805,9.551625000312924,10.154249845072627
2026-08-10T17:11:00.668171+00:00,communication_drift_01,meter_01,62,none,none,none,none,none,none,0.9999740871438589,0.5215946698880228,0,,0,0,none,,,,2.1478331182152033,22.178125102072954,24.363874923437834
2026-08-10T17:11:00.692980+00:00,communication_drift_01,meter_02,62,none,none,none,none,none,none,0.9999989955794079,0.478288296064065,0,,0,0,none,,,,0.8345001842826605,12.543084099888802,13.397834030911326
2026-08-10T17:11:00.706522+00:00,communication_drift_01,meter_03,62,none,none,none,none,none,none,0.9999982382830171,0.4661657780992764,0,,0,0,none,,,,0.5563751328736544,9.601208148524165,10.172792011871934
2026-08-10T17:11:01.171759+00:00,communication_drift_01,meter_01,63,none,none,none,none,none,none,0.999994285182401,0.4449080092035891,0,,0,0,none,,,,1.9914999138563871,22.196375066414475,24.217375088483095
2026-08-10T17:11:01.196292+00:00,communication_drift_01,meter_02,63,none,none,none,none,none,none,0.9999996267742085,0.43304337192762704,0,,0,0,none,,,,0.8171249646693468,11.888000182807446,12.728000059723854
2026-08-10T17:11:01.209136+00:00,communication_drift_01,meter_03,63,none,none,none,none,none,none,0.9999983426145078,0.4444763214106332,0,,0,0,none,,,,0.5374590400606394,9.445625124499202,9.997500106692314
2026-08-10T17:11:01.676991+00:00,communication_drift_01,meter_01,64,none,none,none,none,none,none,0.9999985018158438,0.48493001246047934,0,,0,0,none,,,,2.136999974027276,21.692082984372973,23.853916907683015
2026-08-10T17:11:01.701280+00:00,communication_drift_01,meter_02,64,none,none,none,none,none,none,0.9999996713879428,0.4360694481341896,0,,0,0,none,,,,0.7070000283420086,11.675332905724645,12.398457853123546
2026-08-10T17:11:01.713774+00:00,communication_drift_01,meter_03,64,none,none,none,none,none,none,0.9999980842048114,0.43378768819516456,0,,0,0,none,,,,0.5260410252958536,9.429541882127523,9.970166953280568
2026-08-10T17:11:02.180290+00:00,communication_drift_01,meter_01,65,none,none,none,none,none,none,0.9999994426974268,0.48660468789611816,0,,0,0,none,,,,2.3735410068184137,21.774000022560358,24.18629196472466
2026-08-10T17:11:02.204839+00:00,communication_drift_01,meter_02,65,none,none,none,none,none,none,0.9999932817185863,0.5146443135955672,0,,0,0,none,,,,0.7769581861793995,11.89454086124897,12.690291972830892
2026-08-10T17:11:02.217635+00:00,communication_drift_01,meter_03,65,none,none,none,none,none,none,0.9999992103818054,0.4474157010069899,0,,0,0,none,,,,0.6260829977691174,9.749166900292039,10.390167124569416
2026-08-10T17:11:02.682120+00:00,communication_drift_01,meter_01,66,none,none,none,none,none,none,0.9999948504913502,0.45267105569901406,0,,0,0,none,,,,1.944500021636486,21.2656669318676,23.24316604062915
2026-08-10T17:11:02.705661+00:00,communication_drift_01,meter_02,66,none,none,none,none,none,none,0.9999991594655622,0.48710406841144427,0,,0,0,none,,,,0.7100831717252731,11.783249909058213,12.510625179857016
2026-08-10T17:11:02.718269+00:00,communication_drift_01,meter_03,66,none,none,none,none,none,none,0.9999989351939726,0.4356258952145003,0,,0,0,none,,,,0.6114998832345009,9.630874963477254,10.257208021357656
2026-08-10T17:11:03.187058+00:00,communication_drift_01,meter_01,67,none,none,none,none,none,none,0.9999966830168535,0.4470678935026759,0,,0,0,none,,,,2.195333130657673,22.550416877493262,24.780666921287775
2026-08-10T17:11:03.212217+00:00,communication_drift_01,meter_02,67,none,none,none,none,none,none,0.9999995985338228,0.48371763902698833,0,,0,0,none,,,,0.8250419050455093,11.968333972617984,12.811125023290515
2026-08-10T17:11:03.225124+00:00,communication_drift_01,meter_03,67,none,none,none,none,none,none,0.9999863000064085,0.4766040000630323,0,,0,0,none,,,,0.5608750507235527,9.567624889314175,10.143333114683628
2026-08-10T17:11:03.692010+00:00,communication_drift_01,meter_01,68,none,none,none,none,none,none,0.9999995848885024,0.47566746667760296,0,,0,0,none,,,,1.975584076717496,21.71145915053785,23.710167035460472
2026-08-10T17:11:03.715982+00:00,communication_drift_01,meter_02,68,none,none,none,none,none,none,0.9999997708965761,0.501677857578457,0,,0,0,none,,,,0.6967079825699329,11.869709007441998,12.584124924615026
2026-08-10T17:11:03.728651+00:00,communication_drift_01,meter_03,68,none,none,none,none,none,none,0.999996829118969,0.5573488937792834,0,,0,0,none,,,,0.5944170989096165,9.539375081658363,10.14899997971952
2026-08-10T17:11:04.196774+00:00,communication_drift_01,meter_01,69,none,none,none,none,none,none,0.9999993991024614,0.4753428842514435,0,,0,0,reference_calibrated,,voltage_rolling_mean=231.651065;source_publish_interval=0.504229,,1.6370001249015331,21.54170791618526,23.239167174324393
2026-08-10T17:11:04.220316+00:00,communication_drift_01,meter_02,69,none,none,none,none,none,none,0.9999997224152934,0.47047452953589997,0,,0,0,reference_calibrated,,voltage_rolling_mean=231.458249;source_publish_interval=0.504230,,0.8735000155866146,12.300583999603987,13.204291928559542
2026-08-10T17:11:04.233639+00:00,communication_drift_01,meter_03,69,none,none,none,none,none,none,0.9999973965655837,0.43385072900210286,0,,0,0,reference_calibrated,,voltage_rolling_mean=230.583691;source_publish_interval=0.504231,,0.6030420772731304,9.538042126223445,10.164457838982344
2026-08-10T17:11:04.701166+00:00,communication_drift_01,meter_01,70,none,none,none,none,none,none,0.9999986465787626,0.46158073527749854,0,,0,0,drift_not_confirmed,,voltage_rolling_mean=231.651065;source_publish_interval=0.504229,,2.0866249687969685,23.13883393071592,25.26774979196489
2026-08-10T17:11:04.726815+00:00,communication_drift_01,meter_02,70,none,none,none,none,none,none,0.9999993125282557,0.4433378269501507,0,,0,0,drift_not_confirmed,,voltage_rolling_mean=231.458249;source_publish_interval=0.504230,,0.7605410646647215,11.662582866847515,12.44633411988616
2026-08-10T17:11:04.739362+00:00,communication_drift_01,meter_03,70,none,none,none,none,none,none,0.9999987344428176,0.44691242332858827,0,,0,0,drift_not_confirmed,,voltage_rolling_mean=230.583691;source_publish_interval=0.504231,,0.5387079436331987,9.321417193859816,9.879375109449029
2026-08-10T17:11:05.204847+00:00,communication_drift_01,meter_01,71,none,none,none,none,none,none,0.9999996152163713,0.5099019277706851,0,,0,0,drift_not_confirmed,,voltage_rolling_mean=231.651065;source_publish_interval=0.504229,,2.113083843141794,21.269415970891714,23.428749991580844
2026-08-10T17:11:05.228645+00:00,communication_drift_01,meter_02,71,none,none,none,none,none,none,0.9999990417044744,0.4729342681900259,0,,0,0,drift_not_confirmed,,voltage_rolling_mean=231.458249;source_publish_interval=0.504230,,0.8015420753508806,11.81620778515935,12.641082983464003
2026-08-10T17:11:05.241378+00:00,communication_drift_01,meter_03,71,none,none,none,none,none,none,0.9999992914002181,0.46365511808812276,0,,0,0,drift_not_confirmed,,voltage_rolling_mean=230.583691;source_publish_interval=0.504231,,0.5376669578254223,9.470958029851317,10.027792071923614
2026-08-10T17:11:05.709804+00:00,communication_drift_01,meter_01,72,none,none,none,none,none,none,0.9999993238333131,0.4493405888885419,0,,0,0,drift_not_confirmed,,voltage_rolling_mean=231.651065;source_publish_interval=0.504229,,2.6942500844597816,21.93637494929135,24.670875165611506
2026-08-10T17:11:05.734882+00:00,communication_drift_01,meter_02,72,none,none,none,none,none,none,0.9999993246701508,0.4431703671238763,0,,0,0,drift_not_confirmed,,voltage_rolling_mean=231.458249;source_publish_interval=0.504230,,0.7827919907867908,11.781041976064444,12.589124962687492
2026-08-10T17:11:05.747579+00:00,communication_drift_01,meter_03,72,none,none,none,none,none,none,0.9999982736566806,0.5596229421309723,0,,0,0,drift_not_confirmed,,voltage_rolling_mean=230.583691;source_publish_interval=0.504231,,0.6093750707805157,9.594334056600928,10.222624987363815
2026-08-10T17:11:06.214795+00:00,communication_drift_01,meter_01,73,none,none,none,none,none,none,0.9999994548201611,0.4560367270153897,0,,0,0,drift_not_confirmed,,voltage_rolling_mean=231.651065;source_publish_interval=0.504229,,2.4592080153524876,22.45183289051056,24.945749901235104
2026-08-10T17:11:06.240107+00:00,communication_drift_01,meter_02,73,none,none,none,none,none,none,0.9999993350658536,0.45535162096319287,0,,0,0,drift_not_confirmed,,voltage_rolling_mean=231.458249;source_publish_interval=0.504230,,0.7902500219643116,12.037541950121522,12.85083289258182
2026-08-10T17:11:06.253055+00:00,communication_drift_01,meter_03,73,none,none,none,none,none,none,0.9999966248967127,0.45324418361223884,0,,0,0,drift_not_confirmed,,voltage_rolling_mean=230.583691;source_publish_interval=0.504231,,0.5982089787721634,9.505042107775807,10.12129196897149
2026-08-10T17:11:06.719903+00:00,communication_drift_01,meter_01,74,none,none,none,none,none,none,0.9999968936232906,0.4503221633314634,0,,0,0,drift_not_confirmed,,voltage_rolling_mean=231.651065;source_publish_interval=0.504229,,1.9719169940799475,21.806000033393502,23.814500076696277
2026-08-10T17:11:06.744004+00:00,communication_drift_01,meter_02,74,none,none,none,none,none,none,0.9999994583849097,0.4513103625724529,0,,0,0,drift_not_confirmed,,voltage_rolling_mean=231.458249;source_publish_interval=0.504230,,0.810583820566535,11.948875151574612,12.781708966940641
2026-08-10T17:11:06.756882+00:00,communication_drift_01,meter_03,74,none,none,none,none,none,none,0.9999959835054345,0.4439469469241375,0,,0,0,drift_not_confirmed,,voltage_rolling_mean=230.583691;source_publish_interval=0.504231,,0.5825418047606945,9.468584088608623,10.069125099107623
2026-08-10T17:11:07.224895+00:00,communication_drift_01,meter_01,75,none,none,none,none,none,none,0.9999994189073286,0.46242060013666647,0,,0,0,drift_not_confirmed,,voltage_rolling_mean=231.651065;source_publish_interval=0.504229,,2.3481249809265137,22.255541989579797,24.63883301243186
2026-08-10T17:11:07.249893+00:00,communication_drift_01,meter_02,75,none,none,none,none,none,none,0.9999997039788732,0.4570657712776017,0,,0,0,drift_not_confirmed,,voltage_rolling_mean=231.458249;source_publish_interval=0.504230,,0.704584177583456,11.862792074680328,12.590834172442555
2026-08-10T17:11:07.262587+00:00,communication_drift_01,meter_03,75,none,none,none,none,none,none,0.9999938866393929,0.4475573619523596,0,,0,0,drift_not_confirmed,,voltage_rolling_mean=230.583691;source_publish_interval=0.504231,,0.5964159499853849,9.533541044220328,10.14833408407867
2026-08-10T17:11:07.729994+00:00,communication_drift_01,meter_01,76,none,none,none,none,none,none,0.999999750997655,0.43767124782760014,0,,0,0,drift_not_confirmed,,voltage_rolling_mean=231.651065;source_publish_interval=0.504229,,2.3411670699715614,22.38341700285673,24.77970812469721
2026-08-10T17:11:07.755216+00:00,communication_drift_01,meter_02,76,none,none,none,none,none,none,0.9999979015761367,0.5432178010721612,0,,0,0,drift_not_confirmed,,voltage_rolling_mean=231.458249;source_publish_interval=0.504230,,0.9032920934259892,12.286707991734147,13.21779191493988
2026-08-10T17:11:07.768576+00:00,communication_drift_01,meter_03,76,none,none,none,none,none,none,0.9999358400933466,0.4777186748986753,0,,0,0,drift_not_confirmed,,voltage_rolling_mean=230.583691;source_publish_interval=0.504231,,0.5750828422605991,9.499124949797988,10.09404193609953
2026-08-10T17:11:08.235123+00:00,communication_drift_01,meter_01,77,none,none,none,none,none,none,0.9999990050076432,0.4605793072398654,0,,0,0,drift_not_confirmed,,voltage_rolling_mean=231.651065;source_publish_interval=0.504229,,1.8752499017864466,22.02858403325081,23.939749924466014
2026-08-10T17:11:08.259331+00:00,communication_drift_01,meter_02,77,none,none,none,none,none,none,0.9999987141506183,0.5475139393364903,0,,0,0,drift_not_confirmed,,voltage_rolling_mean=231.458249;source_publish_interval=0.504230,,0.815749866887927,12.169125024229288,13.008875073865056
2026-08-10T17:11:08.272449+00:00,communication_drift_01,meter_03,77,none,none,none,none,none,none,0.9999956733113169,0.4933132160335027,0,,0,0,drift_not_confirmed,,voltage_rolling_mean=230.583691;source_publish_interval=0.504231,,0.5694590508937836,9.478500112891197,10.066541843116283
2026-08-10T17:11:08.736029+00:00,communication_drift_01,meter_01,78,none,none,none,none,none,none,0.9999994287110876,0.48115584340129147,0,,0,0,drift_not_confirmed,,voltage_rolling_mean=231.651065;source_publish_interval=0.504229,,1.625667093321681,21.138541866093874,22.824292071163654
2026-08-10T17:11:08.759205+00:00,communication_drift_01,meter_02,78,none,none,none,none,none,none,0.9999994328926173,0.4987531042918184,0,,0,0,drift_not_confirmed,,voltage_rolling_mean=231.458249;source_publish_interval=0.504230,,0.8993749506771564,12.616707943379879,13.541999971494079
2026-08-10T17:11:08.772916+00:00,communication_drift_01,meter_03,78,none,none,none,none,none,none,0.9999983614578766,0.44471939909255925,0,,0,0,drift_not_confirmed,,voltage_rolling_mean=230.583691;source_publish_interval=0.504231,,0.6158328615128994,9.739582892507315,10.375000070780516
2026-08-10T17:11:09.241865+00:00,communication_drift_01,meter_01,79,none,none,none,none,none,none,0.9999996817915924,0.4907380761624957,0,,0,0,drift_not_confirmed,,voltage_rolling_mean=231.651065;source_publish_interval=0.504229,,2.07895808853209,20.81337501294911,22.931833053007722
2026-08-10T17:11:09.265221+00:00,communication_drift_01,meter_02,79,none,none,none,none,none,none,0.9999969908131201,0.4462930179539594,0,,0,0,drift_not_confirmed,,voltage_rolling_mean=231.458249;source_publish_interval=0.504230,,0.7472499273717403,11.782958172261715,12.556124944239855
2026-08-10T17:11:09.277902+00:00,communication_drift_01,meter_03,79,none,none,none,none,none,none,0.9999969526864692,0.4493536287337166,0,,0,0,drift_not_confirmed,,voltage_rolling_mean=230.583691;source_publish_interval=0.504231,,0.5673749838024378,9.553833166137338,10.140708182007074
2026-08-10T17:11:09.745302+00:00,communication_drift_01,meter_01,80,none,none,none,none,none,none,0.9999995010442762,0.4408442287831667,0,,0,0,drift_not_confirmed,,voltage_rolling_mean=231.651065;source_publish_interval=0.504229,,2.932916861027479,17.757500056177378,20.72458411566913
2026-08-10T17:11:09.766371+00:00,communication_drift_01,meter_02,80,none,none,none,none,none,none,0.9999994505556017,0.44195222331902473,0,,0,0,drift_not_confirmed,,voltage_rolling_mean=231.458249;source_publish_interval=0.504230,,0.7017499301582575,11.109292041510344,11.830957839265466
2026-08-10T17:11:09.778288+00:00,communication_drift_01,meter_03,80,none,none,none,none,none,none,0.99998258856488,0.519654146383899,0,,0,0,drift_not_confirmed,,voltage_rolling_mean=230.583691;source_publish_interval=0.504231,,0.5355831235647202,9.464959148317575,10.019458131864667
2026-08-10T17:11:10.248271+00:00,communication_drift_01,meter_01,81,none,none,none,none,none,none,0.9999995710916433,0.46130627744639785,0,,0,0,drift_not_confirmed,,voltage_rolling_mean=231.651065;source_publish_interval=0.504229,,2.7926249895244837,18.122458830475807,20.950083853676915
2026-08-10T17:11:10.269579+00:00,communication_drift_01,meter_02,81,none,none,none,none,none,none,0.9999992726090361,0.47518883376097554,0,,0,0,drift_not_confirmed,,voltage_rolling_mean=231.458249;source_publish_interval=0.504230,,0.7123330142349005,11.371542001143098,12.10433291271329
2026-08-10T17:11:10.281782+00:00,communication_drift_01,meter_03,81,none,none,none,none,none,none,0.9999958427627181,0.46150971880166547,0,,0,0,drift_not_confirmed,,voltage_rolling_mean=230.583691;source_publish_interval=0.504231,,0.5425829440355301,9.407459059730172,9.968459140509367
2026-08-10T17:11:10.753686+00:00,communication_drift_01,meter_01,82,none,none,none,none,none,none,0.9999997128055752,0.44939926783250733,0,,0,0,drift_not_confirmed,,voltage_rolling_mean=231.651065;source_publish_interval=0.504229,,2.2442920599132776,20.747957983985543,23.01970892585814
2026-08-10T17:11:10.777051+00:00,communication_drift_01,meter_02,82,none,none,none,none,none,none,0.9999984768761234,0.4364617982303358,0,,0,0,drift_not_confirmed,,voltage_rolling_mean=231.458249;source_publish_interval=0.504230,,0.6996251177042723,11.533624958246946,12.254874920472503
2026-08-10T17:11:10.789394+00:00,communication_drift_01,meter_03,82,none,none,none,none,none,none,0.9999955868043506,0.49076180939867,0,,0,0,drift_not_confirmed,,voltage_rolling_mean=230.583691;source_publish_interval=0.504231,,0.5811671726405621,9.501375025138259,10.100458981469274
2026-08-10T17:11:11.258816+00:00,communication_drift_01,meter_01,83,none,none,none,none,none,none,0.9999991579554965,0.44402044280298,0,,0,0,drift_not_confirmed,,voltage_rolling_mean=231.651065;source_publish_interval=0.504229,,2.079542027786374,22.327875019982457,24.441874818876386
2026-08-10T17:11:11.283616+00:00,communication_drift_01,meter_02,83,none,none,none,none,none,none,0.9999985098516656,0.48431958672447906,0,,0,0,drift_not_confirmed,,voltage_rolling_mean=231.458249;source_publish_interval=0.504230,,0.8306668605655432,12.016250053420663,12.870457954704762
2026-08-10T17:11:11.296609+00:00,communication_drift_01,meter_03,83,none,none,none,none,none,none,0.999983217435827,0.48290977201887836,0,,0,0,drift_not_confirmed,,voltage_rolling_mean=230.583691;source_publish_interval=0.504231,,0.5573751404881477,9.519832907244563,10.095749981701374
2026-08-10T17:11:11.763176+00:00,communication_drift_01,meter_01,84,none,none,none,none,none,none,0.9999995893562842,0.4318643289535103,0,,0,0,drift_not_confirmed,,voltage_rolling_mean=231.651065;source_publish_interval=0.504229,,2.395333955064416,19.002333050593734,21.4285000693053
2026-08-10T17:11:11.784969+00:00,communication_drift_01,meter_02,84,none,none,none,none,none,none,0.9999978436694291,0.5106300871195076,0,,0,0,drift_not_confirmed,,voltage_rolling_mean=231.458249;source_publish_interval=0.504230,,0.7123330142349005,11.496332939714193,12.22891709767282
2026-08-10T17:11:11.797297+00:00,communication_drift_01,meter_03,84,none,none,none,none,none,none,0.9999937995480214,0.46112765373061226,0,,0,0,drift_not_confirmed,,voltage_rolling_mean=230.583691;source_publish_interval=0.504231,,0.5343749653548002,9.597124997526407,10.152167174965143
2026-08-10T17:11:12.268864+00:00,communication_drift_01,meter_01,85,none,none,none,none,none,none,0.9999954458221073,0.4436099163830576,0,,0,0,drift_not_confirmed,,voltage_rolling_mean=231.651065;source_publish_interval=0.504229,,2.1279589273035526,22.039500065147877,24.203416891396046
2026-08-10T17:11:12.293340+00:00,communication_drift_01,meter_02,85,none,none,none,none,none,none,0.9999983694903589,0.44017814057873456,0,,0,0,drift_not_confirmed,,voltage_rolling_mean=231.458249;source_publish_interval=0.504230,,0.8397500496357679,11.977167101576924,12.83858297392726
2026-08-10T17:11:12.306290+00:00,communication_drift_01,meter_03,85,none,none,none,none,none,none,0.9999927494025194,0.5619156765916863,0,,0,0,drift_not_confirmed,,voltage_rolling_mean=230.583691;source_publish_interval=0.504231,,0.5420409142971039,9.551625000312924,10.11283416301012
2026-08-10T17:11:12.771359+00:00,communication_drift_01,meter_01,86,none,none,none,none,none,none,0.9999995889637936,0.4446219041298632,0,,0,0,drift_not_confirmed,,voltage_rolling_mean=231.651065;source_publish_interval=0.504229,,2.2246669977903366,22.33458310365677,24.59433302283287
2026-08-10T17:11:12.796389+00:00,communication_drift_01,meter_02,86,none,none,none,none,none,none,0.9999987997849461,0.5553074964318607,0,,0,0,drift_not_confirmed,,voltage_rolling_mean=231.458249;source_publish_interval=0.504230,,0.8351251017302275,12.064749840646982,12.921916088089347
2026-08-10T17:11:12.809401+00:00,communication_drift_01,meter_03,86,none,none,none,none,none,none,0.9999915630093851,0.4580526930576611,0,,0,0,drift_not_confirmed,,voltage_rolling_mean=230.583691;source_publish_interval=0.504231,,0.5815410986542702,9.495415957644582,10.095416102558374
2026-08-10T17:11:13.274686+00:00,communication_drift_01,meter_01,87,none,none,none,none,none,none,0.9999983816455055,0.4352971165809763,0,,0,0,drift_not_confirmed,,voltage_rolling_mean=231.651065;source_publish_interval=0.504229,,1.344500109553337,21.301833214238286,22.680292138829827
2026-08-10T17:11:13.297624+00:00,communication_drift_01,meter_02,87,none,none,none,none,none,none,0.9999932441580357,0.4884139360853949,0,,0,0,drift_not_confirmed,,voltage_rolling_mean=231.458249;source_publish_interval=0.504230,,0.8699579630047083,12.899916851893067,13.79195787012577
2026-08-10T17:11:13.311513+00:00,communication_drift_01,meter_03,87,none,none,none,none,none,none,0.9999905514439474,0.4819901851697731,0,,0,0,drift_not_confirmed,,voltage_rolling_mean=230.583691;source_publish_interval=0.504231,,0.588791910558939,9.979083901271224,10.58591715991497
2026-08-10T17:11:13.780612+00:00,communication_drift_01,meter_01,88,none,none,none,none,none,none,0.9999987563866006,0.4828503297671716,0,,0,0,drift_not_confirmed,,voltage_rolling_mean=231.651065;source_publish_interval=0.504229,,2.146249869838357,22.299292031675577,24.47841688990593
2026-08-10T17:11:13.805463+00:00,communication_drift_01,meter_02,88,none,none,none,none,none,none,0.9999974910861947,0.4640534226431204,0,,0,0,drift_not_confirmed,,voltage_rolling_mean=231.458249;source_publish_interval=0.504230,,0.8172090165317059,11.902499943971634,12.740958947688341
2026-08-10T17:11:13.818294+00:00,communication_drift_01,meter_03,88,none,none,none,none,none,none,0.9999810080113171,0.45240307751807796,0,,0,0,drift_not_confirmed,,voltage_rolling_mean=230.583691;source_publish_interval=0.504231,,0.5757079925388098,9.461457841098309,10.054875165224075
2026-08-10T17:11:14.280962+00:00,communication_drift_01,meter_01,89,none,none,none,none,none,none,0.9999998050508847,0.4619572926085984,0,,0,0,drift_not_confirmed,,voltage_rolling_mean=231.651065;source_publish_interval=0.504229,,2.0671249367296696,22.275000112131238,24.3775830604136
2026-08-10T17:11:14.305698+00:00,communication_drift_01,meter_02,89,none,none,none,none,none,none,0.9999974387875439,0.4639967278284764,0,,0,0,drift_not_confirmed,,voltage_rolling_mean=231.458249;source_publish_interval=0.504230,,0.837292056530714,11.939499992877245,12.798459036275744
2026-08-10T17:11:14.318594+00:00,communication_drift_01,meter_03,89,none,none,none,none,none,none,0.9999934957689844,0.45415790723272254,0,,0,0,drift_not_confirmed,,voltage_rolling_mean=230.583691;source_publish_interval=0.504231,,0.5704581271857023,9.474457940086722,10.06275019608438
2026-08-10T17:11:14.785866+00:00,communication_drift_01,meter_01,90,none,none,none,none,none,none,0.9999991753075006,0.4454439253473733,0,,0,0,drift_not_confirmed,,voltage_rolling_mean=231.651065;source_publish_interval=0.504229,,2.61187506839633,21.04962500743568,23.690166883170605
2026-08-10T17:11:14.809897+00:00,communication_drift_01,meter_02,90,none,none,none,none,none,none,0.9999979657244893,0.5098428412255083,0,,0,0,drift_not_confirmed,,voltage_rolling_mean=231.458249;source_publish_interval=0.504230,,0.6970001850277185,11.83558302000165,12.55424995906651
2026-08-10T17:11:14.822537+00:00,communication_drift_01,meter_03,90,none,none,none,none,none,none,0.9999768820832124,0.49674388708717654,0,,0,0,drift_not_confirmed,,voltage_rolling_mean=230.583691;source_publish_interval=0.504231,,0.5651661194860935,9.466749848797917,10.049874894320965
2026-08-10T17:11:15.285679+00:00,communication_drift_01,meter_01,91,none,none,none,none,none,none,0.9999997993566762,0.44239311110558693,0,,0,0,drift_not_confirmed,,voltage_rolling_mean=231.651065;source_publish_interval=0.504229,,1.618916867300868,20.790540846064687,22.448415867984295
2026-08-10T17:11:15.308404+00:00,communication_drift_01,meter_02,91,none,none,none,none,none,none,0.9999973839612473,0.4635416648504604,0,,0,0,drift_not_confirmed,,voltage_rolling_mean=231.458249;source_publish_interval=0.504230,,0.8079998660832644,12.301875045523047,13.132290914654732
2026-08-10T17:11:15.321632+00:00,communication_drift_01,meter_03,91,none,none,none,none,none,none,0.9999209279669838,0.45902892925400296,0,,0,0,drift_not_confirmed,,voltage_rolling_mean=230.583691;source_publish_interval=0.504231,,0.550874974578619,9.762959089130163,10.331833036616445
2026-08-10T17:11:15.790888+00:00,communication_drift_01,meter_01,92,none,none,none,none,none,none,0.9999996835151739,0.5206537935047905,0,,0,0,drift_not_confirmed,,voltage_rolling_mean=231.651065;source_publish_interval=0.504229,,2.597625134512782,20.973083097487688,23.60191708430648
2026-08-10T17:11:15.814842+00:00,communication_drift_01,meter_02,92,none,none,none,none,none,none,0.9999983745645865,0.44580098075359087,0,,0,0,drift_not_confirmed,,voltage_rolling_mean=231.458249;source_publish_interval=0.504230,,0.7132079917937517,11.655624955892563,12.390791904181242
2026-08-10T17:11:15.827322+00:00,communication_drift_01,meter_03,92,none,none,none,none,none,none,0.9999543100623585,0.4591635544014107,0,,0,0,drift_not_confirmed,,voltage_rolling_mean=230.583691;source_publish_interval=0.504231,,0.5553748924285173,9.479708038270473,10.05254196934402
2026-08-10T17:11:16.295854+00:00,communication_drift_01,meter_01,93,none,none,none,none,none,none,0.9999998182241621,0.48549817495945324,0,,0,0,drift_not_confirmed,,voltage_rolling_mean=231.651065;source_publish_interval=0.504229,,2.160708885639906,18.634416861459613,20.828708074986935
2026-08-10T17:11:16.317059+00:00,communication_drift_01,meter_02,93,none,none,none,none,none,none,0.9999977372382101,0.49640960753213004,0,,0,0,drift_not_confirmed,,voltage_rolling_mean=231.458249;source_publish_interval=0.504230,,0.7156659848988056,11.383166071027517,12.120041996240616
2026-08-10T17:11:16.329276+00:00,communication_drift_01,meter_03,93,none,none,none,none,none,none,0.9999882611978554,0.4589517882951833,0,,0,0,drift_not_confirmed,,voltage_rolling_mean=230.583691;source_publish_interval=0.504231,,0.5047079175710678,9.513125056400895,10.035709012299776
2026-08-10T17:11:16.801083+00:00,communication_drift_01,meter_01,94,none,none,none,none,none,none,0.9999997048051547,0.443064148772966,0,,0,0,drift_not_confirmed,,voltage_rolling_mean=231.651065;source_publish_interval=0.504229,,2.2524171508848667,22.413540864363313,24.701958056539297
2026-08-10T17:11:16.826140+00:00,communication_drift_01,meter_02,94,none,none,none,none,none,none,0.9999965027829915,0.46183389835504157,0,,0,0,drift_not_confirmed,,voltage_rolling_mean=231.458249;source_publish_interval=0.504230,,0.8357497863471508,11.927166022360325,12.788417050614953
2026-08-10T17:11:16.839034+00:00,communication_drift_01,meter_03,94,none,none,none,none,none,none,0.9999817957480569,0.5841897450629429,0,,0,0,drift_not_confirmed,,voltage_rolling_mean=230.583691;source_publish_interval=0.504231,,0.5695419386029243,9.405541932210326,9.99408308416605
2026-08-10T17:11:17.306035+00:00,communication_drift_01,meter_01,95,none,none,none,none,none,none,0.9999989882244696,0.4521910679247511,0,,0,0,drift_not_confirmed,,voltage_rolling_mean=231.651065;source_publish_interval=0.504229,,2.3304580245167017,19.185290904715657,21.545082796365023
2026-08-10T17:11:17.327948+00:00,communication_drift_01,meter_02,95,none,none,none,none,none,none,0.9999976181645495,0.4736805248343364,0,,0,0,drift_not_confirmed,,voltage_rolling_mean=231.458249;source_publish_interval=0.504230,,0.7025841623544693,11.409499915316701,12.133582960814238
2026-08-10T17:11:17.340168+00:00,communication_drift_01,meter_03,95,none,none,none,none,none,none,0.9999932020569053,0.4963483939911213,0,,0,0,drift_not_confirmed,,voltage_rolling_mean=230.583691;source_publish_interval=0.504231,,0.5497091915458441,9.400208946317434,9.96770802885294
2026-08-10T17:11:17.811006+00:00,communication_drift_01,meter_01,96,none,none,none,none,none,none,0.9999996711731489,0.5519219580024921,0,,0,0,drift_not_confirmed,,voltage_rolling_mean=231.651065;source_publish_interval=0.504229,,1.8511251546442509,23.16266600973904,25.06791613996029
2026-08-10T17:11:17.836390+00:00,communication_drift_01,meter_02,96,none,none,none,none,none,none,0.9999982000089697,0.5354178936331185,0,,0,0,drift_not_confirmed,,voltage_rolling_mean=231.458249;source_publish_interval=0.504230,,0.8770418353378773,12.269666884094477,13.169042067602277
2026-08-10T17:11:17.849675+00:00,communication_drift_01,meter_03,96,none,none,none,none,none,none,0.9999251343673486,0.45605591355595043,0,,0,0,drift_not_confirmed,,voltage_rolling_mean=230.583691;source_publish_interval=0.504231,,0.5694171413779259,9.643999859690666,10.23191586136818
2026-08-10T17:11:18.315291+00:00,communication_drift_01,meter_01,97,none,none,none,none,none,none,0.9999991391852754,0.4363094679430838,0,,0,0,drift_not_confirmed,,voltage_rolling_mean=231.651065;source_publish_interval=0.504229,,1.9469158723950386,21.95566613227129,23.937083082273602
2026-08-10T17:11:18.339583+00:00,communication_drift_01,meter_02,97,none,none,none,none,none,none,0.9999930252761116,0.47455584142853596,0,,0,0,drift_not_confirmed,,voltage_rolling_mean=231.458249;source_publish_interval=0.504230,,0.7297920528799295,11.946124956011772,12.699041981250048
2026-08-10T17:11:18.352398+00:00,communication_drift_01,meter_03,97,none,none,none,none,none,none,0.999982555304573,0.5563164132484086,0,,0,0,drift_not_confirmed,,voltage_rolling_mean=230.583691;source_publish_interval=0.504231,,0.5517080426216125,9.614415932446718,10.184540878981352
2026-08-10T17:11:18.815180+00:00,communication_drift_01,meter_01,98,none,none,none,none,none,none,0.9999995020925473,0.4782884866938633,0,,0,0,drift_not_confirmed,,voltage_rolling_mean=231.651065;source_publish_interval=0.504229,,0.720334006473422,11.17845787666738,11.922959005460143
2026-08-10T17:11:18.827213+00:00,communication_drift_01,meter_02,98,none,none,none,none,none,none,0.9999992084327016,0.4645205800696418,0,,0,0,drift_not_confirmed,,voltage_rolling_mean=231.458249;source_publish_interval=0.504230,,0.5410828161984682,9.190957993268967,9.750250028446317
2026-08-10T17:11:18.837032+00:00,communication_drift_01,meter_03,98,none,none,none,none,none,none,0.9999904582035848,0.4536892916031099,0,,0,0,drift_not_confirmed,,voltage_rolling_mean=230.583691;source_publish_interval=0.504231,,0.42754202149808407,8.17612512037158,8.619291940703988
2026-08-10T17:11:19.322109+00:00,communication_drift_01,meter_01,99,none,none,none,none,none,none,0.9999991783213987,0.43393188944878086,0,,0,0,drift_not_confirmed,,voltage_rolling_mean=231.651065;source_publish_interval=0.504229,,2.283209003508091,22.49791705980897,24.815042037516832
2026-08-10T17:11:19.347295+00:00,communication_drift_01,meter_02,99,none,none,none,none,none,none,0.9999933937092196,0.46468411155007083,0,,0,0,drift_not_confirmed,,voltage_rolling_mean=231.458249;source_publish_interval=0.504230,,0.8414171170443296,12.361375149339437,13.227000134065747
2026-08-10T17:11:19.360627+00:00,communication_drift_01,meter_03,99,none,none,none,none,none,none,0.999749027686333,0.551948979760243,0,,0,0,drift_not_confirmed,,voltage_rolling_mean=230.583691;source_publish_interval=0.504231,,0.5217501893639565,9.40929097123444,9.94991697371006
2026-08-10T17:11:19.826581+00:00,communication_drift_01,meter_01,100,none,none,none,none,none,none,0.9999997586654809,0.4495275321100099,0,,0,0,drift_not_confirmed,,voltage_rolling_mean=231.651065;source_publish_interval=0.504229,,1.6367919743061066,22.986458847299218,24.659082992002368
2026-08-10T17:11:19.851542+00:00,communication_drift_01,meter_02,100,none,none,none,none,none,none,0.9999936997037486,0.4594860393778722,0,,0,0,drift_not_confirmed,,voltage_rolling_mean=231.458249;source_publish_interval=0.504230,,0.8432080503553152,12.202333193272352,13.068165862932801
2026-08-10T17:11:19.864715+00:00,communication_drift_01,meter_03,100,none,none,none,none,none,none,0.9998259239418186,0.4658720098520274,0,,0,0,drift_not_confirmed,,voltage_rolling_mean=230.583691;source_publish_interval=0.504231,,0.5691670812666416,9.865417145192623,10.45312499627471
2026-08-10T17:11:20.332264+00:00,communication_drift_01,meter_01,101,none,none,none,none,none,none,0.9999997668175937,0.4814159297926818,0,,0,0,drift_not_confirmed,,voltage_rolling_mean=231.651065;source_publish_interval=0.504229,,2.091457834467292,21.9071249011904,24.030374828726053
2026-08-10T17:11:20.356593+00:00,communication_drift_01,meter_02,101,none,none,none,none,none,none,0.9999864128116888,0.46606179993468627,0,,0,0,drift_not_confirmed,,voltage_rolling_mean=231.458249;source_publish_interval=0.504230,,0.8091670460999012,11.943000135943294,12.77354103513062
2026-08-10T17:11:20.369463+00:00,communication_drift_01,meter_03,101,none,none,none,none,none,none,0.9999683606373675,0.5013558703164722,0,,0,0,drift_not_confirmed,,voltage_rolling_mean=230.583691;source_publish_interval=0.504231,,0.5355000030249357,9.520416846498847,10.073750047013164
2026-08-10T17:11:20.836386+00:00,communication_drift_01,meter_01,102,none,none,none,none,none,none,0.99999959965629,0.5346574012837526,0,,0,0,drift_not_confirmed,,voltage_rolling_mean=231.651065;source_publish_interval=0.504229,,1.9760830327868462,22.474915953353047,24.495874997228384
2026-08-10T17:11:20.861208+00:00,communication_drift_01,meter_02,102,none,none,none,none,none,none,0.999998043997126,0.47153541778482316,0,,0,0,drift_not_confirmed,,voltage_rolling_mean=231.458249;source_publish_interval=0.504230,,0.8663749322295189,11.80641702376306,12.700291816145182
2026-08-10T17:11:20.874025+00:00,communication_drift_01,meter_03,102,none,none,none,none,none,none,0.9993967782175671,0.491335407601577,0,,0,0,drift_not_confirmed,,voltage_rolling_mean=230.583691;source_publish_interval=0.504231,,0.5202498286962509,9.444208117201924,9.984708856791258
2026-08-10T17:11:21.341582+00:00,communication_drift_01,meter_01,103,none,none,none,none,none,none,0.9999996586187223,0.445580859384487,0,,0,0,drift_not_confirmed,,voltage_rolling_mean=231.651065;source_publish_interval=0.504229,,2.06258287653327,22.028292063623667,24.127291049808264
2026-08-10T17:11:21.366058+00:00,communication_drift_01,meter_02,103,none,none,none,none,none,none,0.9999959694173539,0.4741701082921646,0,,0,0,drift_not_confirmed,,voltage_rolling_mean=231.458249;source_publish_interval=0.504230,,0.8483750279992819,11.831958079710603,12.70299986936152
2026-08-10T17:11:21.378864+00:00,communication_drift_01,meter_03,103,none,none,none,none,none,none,0.9996313321098097,0.5306735231785277,0,,0,0,drift_not_confirmed,,voltage_rolling_mean=230.583691;source_publish_interval=0.504231,,0.5419580265879631,9.481291053816676,10.042250156402588
2026-08-10T17:11:21.845851+00:00,communication_drift_01,meter_01,104,none,none,none,none,none,none,0.9999997956795468,0.4558729553656886,0,,0,0,drift_not_confirmed,,voltage_rolling_mean=231.651065;source_publish_interval=0.504229,,2.073500072583556,22.114583058282733,24.224332999438047
2026-08-10T17:11:21.870396+00:00,communication_drift_01,meter_02,104,none,none,none,none,none,none,0.999994129192732,0.4679463566678531,0,,0,0,drift_not_confirmed,,voltage_rolling_mean=231.458249;source_publish_interval=0.504230,,0.8357500191777945,11.956792091950774,12.816624948754907
2026-08-10T17:11:21.883336+00:00,communication_drift_01,meter_03,104,none,none,none,none,none,none,0.999268538737355,0.4562093152343588,0,,0,0,drift_not_confirmed,,voltage_rolling_mean=230.583691;source_publish_interval=0.504231,,0.5465410649776459,9.440915891900659,10.006875032559037
2026-08-10T17:11:22.350975+00:00,communication_drift_01,meter_01,105,none,none,none,none,none,none,0.9999997781843112,0.47019727132030575,0,,0,0,drift_not_confirmed,,voltage_rolling_mean=231.651065;source_publish_interval=0.504229,,2.191999927163124,22.151374956592917,24.377499939873815
2026-08-10T17:11:22.375723+00:00,communication_drift_01,meter_02,105,none,none,none,none,none,none,0.999990643164223,0.46163251553933266,0,,0,0,drift_not_confirmed,,voltage_rolling_mean=231.458249;source_publish_interval=0.504230,,0.8018750231713057,11.956417001783848,12.781041907146573
2026-08-10T17:11:22.388610+00:00,communication_drift_01,meter_03,105,none,none,none,none,none,none,0.9996718991670037,0.5140745547213844,0,,0,0,drift_not_confirmed,,voltage_rolling_mean=230.583691;source_publish_interval=0.504231,,0.5720830522477627,9.471000172197819,10.061291977763176
2026-08-10T17:11:22.856077+00:00,communication_drift_01,meter_01,106,none,none,none,none,none,none,0.9999987502081175,0.4382196895849635,0,,0,0,drift_not_confirmed,,voltage_rolling_mean=231.651065;source_publish_interval=0.504229,,2.4696658365428448,19.365124870091677,21.87195816077292
2026-08-10T17:11:22.878312+00:00,communication_drift_01,meter_02,106,none,none,none,none,none,none,0.999993395200475,0.4960604356041774,0,,0,0,drift_not_confirmed,,voltage_rolling_mean=231.458249;source_publish_interval=0.504230,,0.6883330643177032,11.44262496381998,12.153291143476963
2026-08-10T17:11:22.890557+00:00,communication_drift_01,meter_03,106,none,none,none,none,none,none,0.9995480741595162,0.5061736358028179,0,,0,0,drift_not_confirmed,,voltage_rolling_mean=230.583691;source_publish_interval=0.504231,,0.5514158401638269,9.644916979596019,10.215374873951077
2026-08-10T17:11:23.360628+00:00,communication_drift_01,meter_01,107,none,none,none,none,none,none,0.9999992661620841,0.43675829746430095,0,,0,0,drift_not_confirmed,,voltage_rolling_mean=231.651065;source_publish_interval=0.504229,,2.0662080496549606,21.902957931160927,24.00479093194008
2026-08-10T17:11:23.384956+00:00,communication_drift_01,meter_02,107,none,none,none,none,none,none,0.9999990248252839,0.5604977249712111,0,,0,0,drift_not_confirmed,,voltage_rolling_mean=231.458249;source_publish_interval=0.504230,,0.8040419779717922,11.938625015318394,12.764791026711464
2026-08-10T17:11:23.397828+00:00,communication_drift_01,meter_03,107,none,none,none,none,none,none,0.9941675483120163,0.44648591493685136,0,,0,0,drift_not_confirmed,,voltage_rolling_mean=230.583691;source_publish_interval=0.504231,,0.5205417983233929,9.444084018468857,9.98287508264184
2026-08-10T17:11:23.862527+00:00,communication_drift_01,meter_01,108,none,none,none,none,none,none,0.9999997020430422,0.501655232384607,0,,0,0,drift_not_confirmed,,voltage_rolling_mean=231.651065;source_publish_interval=0.504229,,1.7445830162614584,21.906042005866766,23.705875035375357
2026-08-10T17:11:23.886632+00:00,communication_drift_01,meter_02,108,none,none,none,none,none,none,0.9999968814071739,0.45995467050587496,0,,0,0,drift_not_confirmed,,voltage_rolling_mean=231.458249;source_publish_interval=0.504230,,0.8801249787211418,12.290291953831911,13.19716707803309
2026-08-10T17:11:23.899973+00:00,communication_drift_01,meter_03,108,none,none,none,none,none,none,0.999799231929389,0.4502455521203266,0,,0,0,drift_not_confirmed,,voltage_rolling_mean=230.583691;source_publish_interval=0.504231,,0.5389999132603407,9.62762488052249,10.184874990954995
2026-08-10T17:11:24.367607+00:00,communication_drift_01,meter_01,109,none,none,none,none,none,none,0.9999995812655634,0.45253010671137245,0,,0,0,drift_not_confirmed,,voltage_rolling_mean=231.651065;source_publish_interval=0.504229,,2.522375201806426,22.56841608323157,25.133874965831637
2026-08-10T17:11:24.393070+00:00,communication_drift_01,meter_02,109,none,none,none,none,none,none,0.9999800598869654,0.472735938486084,0,,0,0,drift_not_confirmed,,voltage_rolling_mean=231.458249;source_publish_interval=0.504230,,0.8225408382713795,12.212666915729642,13.05858395062387
2026-08-10T17:11:24.406239+00:00,communication_drift_01,meter_03,109,none,none,none,none,none,none,0.9997658037403656,0.5088956503574235,0,,0,0,drift_not_confirmed,,voltage_rolling_mean=230.583691;source_publish_interval=0.504231,,0.5828340072184801,9.58474981598556,10.18529199063778
2026-08-10T17:11:24.872718+00:00,communication_drift_01,meter_01,110,none,none,none,none,none,none,0.9999991472116678,0.4706083972629902,0,,0,0,drift_not_confirmed,,voltage_rolling_mean=231.651065;source_publish_interval=0.504229,,1.9681251142174006,21.466583013534546,23.473416920751333
2026-08-10T17:11:24.896491+00:00,communication_drift_01,meter_02,110,none,none,none,none,none,none,0.9999941027976377,0.4714327611069348,0,,0,0,drift_not_confirmed,,voltage_rolling_mean=231.458249;source_publish_interval=0.504230,,0.7219170220196247,11.78254117257893,12.527832994237542
2026-08-10T17:11:24.909126+00:00,communication_drift_01,meter_03,110,none,none,none,none,none,none,0.9997558340226245,0.4619423358061819,0,,0,0,drift_not_confirmed,,voltage_rolling_mean=230.583691;source_publish_interval=0.504231,,0.570832984521985,9.566333144903183,10.155667085200548
2026-08-10T17:11:25.375002+00:00,communication_drift_01,meter_01,111,none,none,none,none,none,none,0.9999990134088513,0.4740848001508707,0,,0,0,drift_not_confirmed,,voltage_rolling_mean=231.651065;source_publish_interval=0.504229,,1.9896661397069693,21.8085830565542,23.83075002580881
2026-08-10T17:11:25.399134+00:00,communication_drift_01,meter_02,111,none,none,none,none,none,none,0.9999840488502229,0.4662377729034987,0,,0,0,drift_not_confirmed,,voltage_rolling_mean=231.458249;source_publish_interval=0.504230,,0.736375106498599,11.952332919463515,12.712999945506454
2026-08-10T17:11:25.411959+00:00,communication_drift_01,meter_03,111,none,none,none,none,none,none,0.9921391493180326,0.48652403763753316,0,,0,0,drift_not_confirmed,,voltage_rolling_mean=230.583691;source_publish_interval=0.504231,,0.5847080610692501,9.564459091052413,10.168042033910751
2026-08-10T17:11:25.880150+00:00,communication_drift_01,meter_01,112,none,none,none,none,none,none,0.9999936997237783,0.5014702751776869,0,,0,0,drift_not_confirmed,,voltage_rolling_mean=231.651065;source_publish_interval=0.504229,,2.0084590651094913,21.78249997086823,23.83270813152194
2026-08-10T17:11:25.904353+00:00,communication_drift_01,meter_02,112,none,none,none,none,none,none,0.9999501000300965,0.47479481679908964,0,,0,0,drift_not_confirmed,,voltage_rolling_mean=231.458249;source_publish_interval=0.504230,,0.7081250660121441,11.750957928597927,12.48249993659556
2026-08-10T17:11:25.916938+00:00,communication_drift_01,meter_03,112,none,none,none,none,none,none,0.9989801319267884,0.4519054358741802,0,,0,0,drift_not_confirmed,,voltage_rolling_mean=230.583691;source_publish_interval=0.504231,,0.5732921417802572,9.656875161454082,10.248832870274782
2026-08-10T17:11:26.385247+00:00,communication_drift_01,meter_01,113,none,none,none,none,none,none,0.9999974910827202,0.4715591827803061,0,,0,0,drift_not_confirmed,,voltage_rolling_mean=231.651065;source_publish_interval=0.504229,,2.0580000709742308,21.481166826561093,23.57099996879697
2026-08-10T17:11:26.409086+00:00,communication_drift_01,meter_02,113,none,none,none,none,none,none,0.9999944332330596,0.5431322639785956,0,,0,0,drift_not_confirmed,,voltage_rolling_mean=231.458249;source_publish_interval=0.504230,,0.8207079954445362,11.98770897462964,12.830916093662381
2026-08-10T17:11:26.422011+00:00,communication_drift_01,meter_03,113,none,none,none,none,none,none,0.9974531362413934,0.4472770770647334,0,,0,0,drift_not_confirmed,,voltage_rolling_mean=230.583691;source_publish_interval=0.504231,,0.5669998936355114,9.454457787796855,10.039541870355606
2026-08-10T17:11:26.886815+00:00,communication_drift_01,meter_01,114,none,none,none,none,none,none,0.9999981265506583,0.4457537022406698,0,,0,0,drift_not_confirmed,,voltage_rolling_mean=231.651065;source_publish_interval=0.504229,,2.9126659501343966,21.025666035711765,23.975000018253922
2026-08-10T17:11:26.911144+00:00,communication_drift_01,meter_02,114,none,none,none,none,none,none,0.9999846937142605,0.4654103268988578,0,,0,0,drift_not_confirmed,,voltage_rolling_mean=231.458249;source_publish_interval=0.504230,,0.685208011418581,11.665457859635353,12.371292104944587
2026-08-10T17:11:26.923608+00:00,communication_drift_01,meter_03,114,none,none,none,none,none,none,0.9986273344695391,0.45039172640573927,0,,0,0,drift_not_confirmed,,voltage_rolling_mean=230.583691;source_publish_interval=0.504231,,0.5185001064091921,9.42366593517363,9.960082825273275
2026-08-10T17:11:27.390807+00:00,communication_drift_01,meter_01,115,none,none,none,none,none,none,0.9999990066997811,0.5048794208447708,0,,0,0,drift_not_confirmed,,voltage_rolling_mean=231.651065;source_publish_interval=0.504229,,2.3615839891135693,22.25425001233816,24.646249832585454
2026-08-10T17:11:27.415788+00:00,communication_drift_01,meter_02,115,none,none,none,none,none,none,0.9999252623431147,0.46074818802869727,0,,0,0,drift_not_confirmed,,voltage_rolling_mean=231.458249;source_publish_interval=0.504230,,0.6988749373704195,11.914041824638844,12.634457787498832
2026-08-10T17:11:27.428515+00:00,communication_drift_01,meter_03,115,none,none,none,none,none,none,0.9968347048390814,0.44313096122016926,0,,0,0,drift_not_confirmed,,voltage_rolling_mean=230.583691;source_publish_interval=0.504231,,0.5712918937206268,9.501958033069968,10.091166943311691
2026-08-10T17:11:27.892541+00:00,communication_drift_01,meter_01,116,none,none,none,none,none,none,0.9999989285847695,0.4532469751847021,0,,0,0,drift_not_confirmed,,voltage_rolling_mean=231.651065;source_publish_interval=0.504229,,1.3365831691771746,23.06558401323855,24.436709005385637
2026-08-10T17:11:27.917223+00:00,communication_drift_01,meter_02,116,none,none,none,none,none,none,0.999898245698762,0.4591128241396688,0,,0,0,drift_not_confirmed,,voltage_rolling_mean=231.458249;source_publish_interval=0.504230,,0.8463340345770121,12.187292100861669,13.05666589178145
2026-08-10T17:11:27.930398+00:00,communication_drift_01,meter_03,116,none,none,none,none,none,none,0.9934399782116797,0.44871771676170963,0,,0,0,drift_not_confirmed,,voltage_rolling_mean=230.583691;source_publish_interval=0.504231,,0.5710839759558439,9.672333020716906,10.26216708123684
2026-08-10T17:11:28.398551+00:00,communication_drift_01,meter_01,117,none,none,none,none,none,none,0.9999987008502673,0.4688717101567211,0,,0,0,drift_not_confirmed,,voltage_rolling_mean=231.651065;source_publish_interval=0.504229,,2.0678339060395956,22.314000176265836,24.417208041995764
2026-08-10T17:11:28.423338+00:00,communication_drift_01,meter_02,117,none,none,none,none,none,none,0.9996512016802331,0.44933433173308585,0,,0,0,drift_not_confirmed,,voltage_rolling_mean=231.458249;source_publish_interval=0.504230,,0.8136250544339418,11.909749824553728,12.74537481367588
2026-08-10T17:11:28.436196+00:00,communication_drift_01,meter_03,117,none,none,none,none,none,none,0.984015984453986,0.5152920545718616,0,,0,0,drift_not_confirmed,,voltage_rolling_mean=230.583691;source_publish_interval=0.504231,,0.5736660677939653,9.473124984651804,10.064749978482723
2026-08-10T17:11:28.901124+00:00,communication_drift_01,meter_01,118,none,none,none,none,none,none,0.9999983165624153,0.4517839364304464,0,,0,0,drift_not_confirmed,,voltage_rolling_mean=231.651065;source_publish_interval=0.504229,,2.1827910095453262,19.799959147349,22.012791829183698
2026-08-10T17:11:28.923499+00:00,communication_drift_01,meter_02,118,none,none,none,none,none,none,0.9973031452069172,0.4643776218430465,0,,0,0,drift_not_confirmed,,voltage_rolling_mean=231.458249;source_publish_interval=0.504230,,0.7092917803674936,11.46454201079905,12.196250027045608
2026-08-10T17:11:28.935788+00:00,communication_drift_01,meter_03,118,none,none,none,none,none,none,0.9973349939898194,0.5057423698911371,0,,0,0,drift_not_confirmed,,voltage_rolling_mean=230.583691;source_publish_interval=0.504231,,0.5223751068115234,9.453749982640147,9.994541993364692
2026-08-10T17:11:29.403993+00:00,communication_drift_01,meter_01,119,none,none,none,none,none,none,0.9999979447211602,0.4480349033365082,0,,0,0,drift_not_confirmed,,voltage_rolling_mean=231.651065;source_publish_interval=0.504229,,1.9020410254597664,21.297874860465527,23.23212497867644
2026-08-10T17:11:29.427501+00:00,communication_drift_01,meter_02,119,none,none,none,none,none,none,0.9996047227751942,0.48418773939591486,0,,0,0,drift_not_confirmed,,voltage_rolling_mean=231.458249;source_publish_interval=0.504230,,0.7565419655293226,11.693250155076385,12.472125003114343
2026-08-10T17:11:29.440074+00:00,communication_drift_01,meter_03,119,none,none,none,none,none,none,0.9899670927212311,0.5176423943167755,0,,0,0,drift_not_confirmed,,voltage_rolling_mean=230.583691;source_publish_interval=0.504231,,0.5646669305860996,9.612582856789231,10.195791954174638
2026-08-10T17:11:29.909083+00:00,communication_drift_01,meter_01,120,none,none,none,none,none,none,0.9999941563222082,0.506163207191087,0,,0,0,drift_not_confirmed,,voltage_rolling_mean=231.651065;source_publish_interval=0.504229,,2.0688329823315144,21.51462505571544,23.61799986101687
2026-08-10T17:11:29.933078+00:00,communication_drift_01,meter_02,120,none,none,none,none,none,none,0.9998020150299541,0.46403319063171594,0,,0,0,drift_not_confirmed,,voltage_rolling_mean=231.458249;source_publish_interval=0.504230,,0.7575829513370991,11.671332875266671,12.452000053599477
2026-08-10T17:11:29.945634+00:00,communication_drift_01,meter_03,120,none,none,none,none,none,none,0.9832006035638436,0.45075556440025294,0,,0,0,drift_not_confirmed,,voltage_rolling_mean=230.583691;source_publish_interval=0.504231,,0.5606669001281261,9.685750119388103,10.264333104714751
2026-08-10T17:11:30.413757+00:00,communication_drift_01,meter_01,121,none,none,none,none,none,none,0.999998148183171,0.5068876150495388,0,,0,0,drift_not_confirmed,,voltage_rolling_mean=231.651065;source_publish_interval=0.504229,,2.5767500046640635,22.177208214998245,24.78837501257658
2026-08-10T17:11:30.438899+00:00,communication_drift_01,meter_02,121,none,none,none,none,none,none,0.9997971925072942,0.542638146154819,0,,0,0,drift_not_confirmed,,voltage_rolling_mean=231.458249;source_publish_interval=0.504230,,0.74179214425385,12.176207965239882,12.940667103976011
2026-08-10T17:11:30.451928+00:00,communication_drift_01,meter_03,121,none,none,none,unknown,unknown,unknown,0.8790405307803001,0.4485345462117603,0,,0,0,drift_not_confirmed,,voltage_rolling_mean=230.583691;source_publish_interval=0.504231,,0.5744169466197491,9.5467499922961,10.139042045921087
2026-08-10T17:11:30.916425+00:00,communication_drift_01,meter_01,122,none,none,none,none,none,none,0.9999973868589447,0.45168180491491594,0,,0,0,drift_not_confirmed,,voltage_rolling_mean=231.651065;source_publish_interval=0.504229,,1.9443330820649862,21.369459107518196,23.351166862994432
2026-08-10T17:11:30.940132+00:00,communication_drift_01,meter_02,122,none,none,none,none,none,none,0.9999425725857003,0.5011439782015988,0,,0,0,drift_not_confirmed,,voltage_rolling_mean=231.458249;source_publish_interval=0.504230,,0.8589171338826418,12.255957815796137,13.137375004589558
2026-08-10T17:11:30.953379+00:00,communication_drift_01,meter_03,122,none,none,none,none,none,none,0.9968476116807841,0.5722986144687959,0,,0,0,drift_not_confirmed,,voltage_rolling_mean=230.583691;source_publish_interval=0.504231,,0.5810000002384186,9.583459002897143,10.182584170252085
2026-08-10T17:11:31.421235+00:00,communication_drift_01,meter_01,123,none,none,none,none,none,none,0.999997521295328,0.4541048194129165,0,,0,0,drift_not_confirmed,,voltage_rolling_mean=231.651065;source_publish_interval=0.504229,,2.529999939724803,22.137249819934368,24.70075013116002
2026-08-10T17:11:31.446283+00:00,communication_drift_01,meter_02,123,none,none,none,none,none,none,0.9997671812730101,0.47896409008332946,0,,0,0,drift_not_confirmed,,voltage_rolling_mean=231.458249;source_publish_interval=0.504230,,0.7770000956952572,11.782834073528647,12.581166112795472
2026-08-10T17:11:31.458961+00:00,communication_drift_01,meter_03,123,none,none,none,none,none,none,0.9986095901006536,0.49250549320885045,0,,0,0,drift_not_confirmed,,voltage_rolling_mean=230.583691;source_publish_interval=0.504231,,0.5754590965807438,9.625374805182219,10.218834038823843
2026-08-10T17:11:31.926080+00:00,communication_drift_01,meter_01,124,none,none,none,none,none,none,0.9999906997479164,0.49258128801137724,0,,0,0,drift_not_confirmed,,voltage_rolling_mean=231.651065;source_publish_interval=0.504229,,2.4992499966174364,18.57470883987844,21.101499907672405
2026-08-10T17:11:31.947504+00:00,communication_drift_01,meter_02,124,none,none,none,none,none,none,0.9996841795463899,0.4469396445797774,0,,0,0,drift_not_confirmed,,voltage_rolling_mean=231.458249;source_publish_interval=0.504230,,0.7102079689502716,11.432999977841973,12.164584128186107
2026-08-10T17:11:31.959757+00:00,communication_drift_01,meter_03,124,none,none,none,none,none,none,0.9966611964866516,0.46365059887960225,0,,0,0,drift_not_confirmed,,voltage_rolling_mean=230.583691;source_publish_interval=0.504231,,0.5250410176813602,9.438833920285106,9.981667157262564
2026-08-10T17:11:32.431186+00:00,communication_drift_01,meter_01,125,none,none,none,unknown,unknown,unknown,0.9999976986233122,0.6168400645353626,0,,0,0,drift_not_confirmed,,voltage_rolling_mean=231.651065;source_publish_interval=0.504229,,2.015042118728161,21.452666958793998,23.500791983678937
2026-08-10T17:11:32.455020+00:00,communication_drift_01,meter_02,125,none,none,none,none,none,none,0.9970168611871326,0.4659358649091843,0,,0,0,drift_not_confirmed,,voltage_rolling_mean=231.458249;source_publish_interval=0.504230,,0.7335830014199018,11.619624914601445,12.371999910101295
2026-08-10T17:11:32.467484+00:00,communication_drift_01,meter_03,125,none,none,none,none,none,none,0.9922527911081633,0.4657267089263134,0,,0,0,drift_not_confirmed,,voltage_rolling_mean=230.583691;source_publish_interval=0.504231,,0.5237089935690165,9.621707955375314,10.163167025893927
2026-08-10T17:11:32.932487+00:00,communication_drift_01,meter_01,126,none,none,none,none,none,none,0.9999790635752482,0.4588206999162435,0,,0,0,drift_not_confirmed,,voltage_rolling_mean=231.651065;source_publish_interval=0.504229,,2.7323749382048845,16.79866691119969,19.565541995689273
2026-08-10T17:11:32.952432+00:00,communication_drift_01,meter_02,126,none,none,none,none,none,none,0.9988577273460917,0.4586660743318911,0,,0,0,drift_not_confirmed,,voltage_rolling_mean=231.458249;source_publish_interval=0.504230,,0.7391672115772963,10.954750003293157,11.7143748793751
2026-08-10T17:11:32.964241+00:00,communication_drift_01,meter_03,126,none,none,none,none,none,none,0.9892150489702919,0.4873604482817022,0,,0,0,drift_not_confirmed,,voltage_rolling_mean=230.583691;source_publish_interval=0.504231,,0.5259171593934298,9.357667062431574,9.90241696126759
2026-08-10T17:11:33.437386+00:00,communication_drift_01,meter_01,127,none,none,none,none,none,none,0.9999642934312902,0.46018247427275727,0,,0,0,drift_not_confirmed,,voltage_rolling_mean=231.651065;source_publish_interval=0.504229,,1.344124786555767,21.05124993249774,22.437541978433728
2026-08-10T17:11:33.460069+00:00,communication_drift_01,meter_02,127,none,none,none,none,none,none,0.9997507030385455,0.5639210783703814,0,,0,0,drift_not_confirmed,,voltage_rolling_mean=231.458249;source_publish_interval=0.504230,,0.9072499815374613,13.309249887242913,14.239499811083078
2026-08-10T17:11:33.474427+00:00,communication_drift_01,meter_03,127,none,none,none,none,none,none,0.9485546019396262,0.5103079972561112,0,,0,0,drift_not_confirmed,,voltage_rolling_mean=230.583691;source_publish_interval=0.504231,,0.5914999637752771,9.868666995316744,10.48258412629366
2026-08-10T17:11:33.942960+00:00,communication_drift_01,meter_01,128,none,none,none,none,none,none,0.9999936703538109,0.46099727268052704,0,,0,0,drift_not_confirmed,,voltage_rolling_mean=231.651065;source_publish_interval=0.504229,,2.8695829678326845,17.389083979651332,20.288042025640607
2026-08-10T17:11:33.963578+00:00,communication_drift_01,meter_02,128,none,none,none,none,none,none,0.9984895663828082,0.4972406748555096,0,,0,0,drift_not_confirmed,,voltage_rolling_mean=231.458249;source_publish_interval=0.504230,,0.6959999445825815,11.015208205208182,11.730165919288993
2026-08-10T17:11:33.975396+00:00,communication_drift_01,meter_03,128,none,none,none,none,none,none,0.9974435118063931,0.44004779555848395,0,,0,0,drift_not_confirmed,,voltage_rolling_mean=230.583691;source_publish_interval=0.504231,,0.5037500523030758,9.379666997119784,9.901250014081597
2026-08-10T17:11:34.447119+00:00,communication_drift_01,meter_01,129,none,none,none,none,none,none,0.9999712689802494,0.47308740882641004,0,,0,0,drift_not_confirmed,,voltage_rolling_mean=231.651065;source_publish_interval=0.504229,,2.34045903198421,20.591875072568655,22.96500001102686
2026-08-10T17:11:34.470447+00:00,communication_drift_01,meter_02,129,none,none,none,none,none,none,0.9984981298175181,0.4632431481988307,0,,0,0,drift_not_confirmed,,voltage_rolling_mean=231.458249;source_publish_interval=0.504230,,0.7288330234587193,11.597833829000592,12.348791118711233
2026-08-10T17:11:34.482900+00:00,communication_drift_01,meter_03,129,none,none,none,none,none,none,0.9596979985034727,0.439168041452364,0,,0,0,drift_not_confirmed,,voltage_rolling_mean=230.583691;source_publish_interval=0.504231,,0.5794998724013567,9.479957865551114,10.07745903916657
2026-08-10T17:11:34.950819+00:00,communication_drift_01,meter_01,130,none,none,none,none,none,none,0.9999932925559701,0.5187807366969729,0,,0,0,drift_not_confirmed,,voltage_rolling_mean=231.651065;source_publish_interval=0.504229,,2.644000109285116,19.902291940525174,22.60229201056063
2026-08-10T17:11:34.973865+00:00,communication_drift_01,meter_02,130,none,none,none,none,none,none,0.9930223099124027,0.4877586506069326,0,,0,0,drift_not_confirmed,,voltage_rolling_mean=231.458249;source_publish_interval=0.504230,,0.8172499947249889,11.957417009398341,12.804124969989061
2026-08-10T17:11:34.986837+00:00,communication_drift_01,meter_03,130,none,none,none,unknown,unknown,unknown,0.8567986031836435,0.43899114924514476,0,,0,0,drift_not_confirmed,,voltage_rolling_mean=230.583691;source_publish_interval=0.504231,,0.5628750659525394,9.69220814295113,10.275207925587893
2026-08-10T17:11:35.454984+00:00,communication_drift_01,meter_01,131,none,none,none,none,none,none,0.9999916310543445,0.538111608697156,0,,0,0,drift_not_confirmed,,voltage_rolling_mean=231.651065;source_publish_interval=0.504229,,2.0056250505149364,22.418499924242496,24.481291184201837
2026-08-10T17:11:35.479861+00:00,communication_drift_01,meter_02,131,none,none,none,none,none,none,0.9987473622317411,0.4519874247992306,0,,0,0,drift_not_confirmed,,voltage_rolling_mean=231.458249;source_publish_interval=0.504230,,0.9215420577675104,12.550499988719821,13.499584048986435
2026-08-10T17:11:35.493512+00:00,communication_drift_01,meter_03,131,none,none,none,unknown,unknown,unknown,0.9281465715629554,0.4569270286943616,0,,0,0,drift_not_confirmed,,voltage_rolling_mean=230.583691;source_publish_interval=0.504231,,0.6152079440653324,9.598208125680685,10.233291890472174
2026-08-10T17:11:35.960206+00:00,communication_drift_01,meter_01,132,none,none,none,none,none,none,0.9999415909495003,0.457551527668906,0,,0,0,drift_not_confirmed,,voltage_rolling_mean=231.651065;source_publish_interval=0.504229,,2.0501669496297836,22.612750064581633,24.721874855458736
2026-08-10T17:11:35.985294+00:00,communication_drift_01,meter_02,132,none,none,none,none,none,none,0.9910570775455654,0.4825204987585864,0,,0,0,drift_not_confirmed,,voltage_rolling_mean=231.458249;source_publish_interval=0.504230,,0.9385410230606794,12.41362513974309,13.379583833739161
2026-08-10T17:11:35.998818+00:00,communication_drift_01,meter_03,132,none,none,none,none,none,none,0.9676126613444814,0.4332633935911751,0,,0,0,drift_not_confirmed,,voltage_rolling_mean=230.583691;source_publish_interval=0.504231,,0.6150000263005495,9.593874914571643,10.229083010926843
2026-08-10T17:11:36.464786+00:00,communication_drift_01,meter_01,133,none,none,none,none,none,none,0.9996954863144403,0.4831736707746351,0,,0,0,drift_not_confirmed,,voltage_rolling_mean=231.651065;source_publish_interval=0.504229,,1.6120001673698425,20.455415826290846,22.101833950728178
2026-08-10T17:11:36.487118+00:00,communication_drift_01,meter_02,133,none,none,none,none,none,none,0.9995465322826123,0.4560963517065511,0,,0,0,drift_not_confirmed,,voltage_rolling_mean=231.458249;source_publish_interval=0.504230,,0.849124975502491,12.564334087073803,13.436957960948348
2026-08-10T17:11:36.500675+00:00,communication_drift_01,meter_03,133,none,none,none,none,none,none,0.9563918451217726,0.4906934923569775,0,,0,0,drift_not_confirmed,,voltage_rolling_mean=230.583691;source_publish_interval=0.504231,,0.6018329877406359,10.227957973256707,10.852750157937407
2026-08-10T17:11:36.969361+00:00,communication_drift_01,meter_01,134,none,none,none,none,none,none,0.9999754649494986,0.5434839941887877,0,,0,0,drift_not_confirmed,,voltage_rolling_mean=231.651065;source_publish_interval=0.504229,,2.167833037674427,22.627166006714106,24.834084091708064
2026-08-10T17:11:36.994573+00:00,communication_drift_01,meter_02,134,none,none,none,none,none,none,0.9939112562482326,0.44643075746841204,0,,0,0,drift_not_confirmed,,voltage_rolling_mean=231.458249;source_publish_interval=0.504230,,0.8660829626023769,11.844499967992306,12.733042007312179
2026-08-10T17:11:37.007416+00:00,communication_drift_01,meter_03,134,none,none,none,none,none,none,0.9821242077531233,0.4910528416927412,0,,0,0,drift_not_confirmed,,voltage_rolling_mean=230.583691;source_publish_interval=0.504231,,0.5327500402927399,9.582625003531575,10.134750045835972
2026-08-10T17:11:37.474801+00:00,communication_drift_01,meter_01,135,none,none,none,none,none,none,0.999831986234587,0.454319334242892,0,,0,0,drift_not_confirmed,,voltage_rolling_mean=231.651065;source_publish_interval=0.504229,,2.5690000038594007,21.052041091024876,23.649540962651372
2026-08-10T17:11:37.498795+00:00,communication_drift_01,meter_02,135,none,none,none,none,none,none,0.9985605308428686,0.5678668022251316,0,,0,0,drift_not_confirmed,,voltage_rolling_mean=231.458249;source_publish_interval=0.504230,,0.6856671534478664,11.805792106315494,12.514041038230062
2026-08-10T17:11:37.511405+00:00,communication_drift_01,meter_03,135,none,none,none,none,none,none,0.9912729302212924,0.4566251627417613,0,,0,0,drift_not_confirmed,,voltage_rolling_mean=230.583691;source_publish_interval=0.504231,,0.5815001204609871,9.46425017900765,10.064000030979514
2026-08-10T17:11:37.979603+00:00,communication_drift_01,meter_01,136,none,none,none,none,none,none,0.9996740862493971,0.4879558858499181,0,,0,0,drift_not_confirmed,,voltage_rolling_mean=231.651065;source_publish_interval=0.504229,,2.7375000063329935,21.38008293695748,24.15795810520649
2026-08-10T17:11:38.004139+00:00,communication_drift_01,meter_02,136,none,none,none,none,none,none,0.9994361350572823,0.5189669633906143,0,,0,0,drift_not_confirmed,,voltage_rolling_mean=231.458249;source_publish_interval=0.504230,,0.8320841006934643,11.763167101889849,12.619749875739217
2026-08-10T17:11:38.016871+00:00,communication_drift_01,meter_03,136,none,none,none,none,none,none,0.9887562425538999,0.43795418929821855,0,,0,0,drift_not_confirmed,,voltage_rolling_mean=230.583691;source_publish_interval=0.504231,,0.5322911310940981,9.38137504272163,9.932334069162607
2026-08-10T17:11:38.484862+00:00,communication_drift_01,meter_01,137,none,none,none,none,none,none,0.9998968062795749,0.4492012919354568,0,,0,0,drift_not_confirmed,,voltage_rolling_mean=231.651065;source_publish_interval=0.504229,,2.2112911101430655,20.565208047628403,22.80725003220141
2026-08-10T17:11:38.507998+00:00,communication_drift_01,meter_02,137,none,none,none,none,none,none,0.9932518090878888,0.456799310377026,0,,0,0,drift_not_confirmed,,voltage_rolling_mean=231.458249;source_publish_interval=0.504230,,0.6966250948607922,11.62383402697742,12.344291899353266
2026-08-10T17:11:38.520434+00:00,communication_drift_01,meter_03,137,none,none,none,none,none,none,0.998373903971061,0.5217701350145435,0,,0,0,drift_not_confirmed,,voltage_rolling_mean=230.583691;source_publish_interval=0.504231,,0.5851660389453173,9.620542172342539,10.223709046840668
2026-08-10T17:11:38.988868+00:00,communication_drift_01,meter_01,138,none,none,none,none,none,none,0.9983990327517612,0.4660742722977375,0,,0,0,drift_not_confirmed,,voltage_rolling_mean=231.651065;source_publish_interval=0.504229,,1.3948329724371433,21.630875067785382,23.068416165187955
2026-08-10T17:11:39.012212+00:00,communication_drift_01,meter_02,138,none,none,none,none,none,none,0.999696222555913,0.5242785452446942,0,,0,0,drift_not_confirmed,,voltage_rolling_mean=231.458249;source_publish_interval=0.504230,,0.8720420300960541,12.811833992600441,13.707167003303766
2026-08-10T17:11:39.026027+00:00,communication_drift_01,meter_03,138,none,none,none,none,none,none,0.9964159941803523,0.44264022088416394,0,,0,0,drift_not_confirmed,,voltage_rolling_mean=230.583691;source_publish_interval=0.504231,,0.6043338216841221,10.306291049346328,10.92920801602304
2026-08-10T17:11:39.491727+00:00,communication_drift_01,meter_01,139,none,none,none,none,none,none,0.9996972241247273,0.45358048537261286,0,,0,0,drift_not_confirmed,,voltage_rolling_mean=231.651065;source_publish_interval=0.504229,,2.072625095024705,22.826167056337,24.934708140790462
2026-08-10T17:11:39.516938+00:00,communication_drift_01,meter_02,139,none,none,none,none,none,none,0.9925367845893115,0.4756072027888848,0,,0,0,drift_not_confirmed,,voltage_rolling_mean=231.458249;source_publish_interval=0.504230,,0.8124581072479486,12.042416958138347,12.877958128228784
2026-08-10T17:11:39.529919+00:00,communication_drift_01,meter_03,139,none,none,none,none,none,none,0.9912840555159712,0.512313424456295,0,,0,0,drift_not_confirmed,,voltage_rolling_mean=230.583691;source_publish_interval=0.504231,,0.5959579721093178,9.52637498266995,10.141166159883142
2026-08-10T17:11:39.992839+00:00,communication_drift_01,meter_01,140,none,none,none,none,none,none,0.999896923942644,0.48210574964481456,0,,0,0,drift_not_confirmed,,voltage_rolling_mean=231.651065;source_publish_interval=0.504229,,2.4807921145111322,21.37895906344056,23.892791010439396
2026-08-10T17:11:40.017090+00:00,communication_drift_01,meter_02,140,none,none,none,none,none,none,0.9995997683871195,0.5054943403400813,0,,0,0,drift_not_confirmed,,voltage_rolling_mean=231.458249;source_publish_interval=0.504230,,0.793500104919076,11.775000020861626,12.590875150635839
2026-08-10T17:11:40.029776+00:00,communication_drift_01,meter_03,140,none,none,none,none,none,none,0.9935825060312465,0.44748925575779375,0,,0,0,drift_not_confirmed,,voltage_rolling_mean=230.583691;source_publish_interval=0.504231,,0.5343749653548002,9.544374886900187,10.097292019054294
2026-08-10T17:11:40.495982+00:00,communication_drift_01,meter_01,141,none,none,none,none,none,none,0.9988097515848425,0.4522075323766769,0,,0,0,drift_not_confirmed,,voltage_rolling_mean=231.651065;source_publish_interval=0.504229,,2.372290939092636,21.966040832921863,24.377333000302315
2026-08-10T17:11:40.520755+00:00,communication_drift_01,meter_02,141,none,none,none,none,none,none,0.9961163755474243,0.4867057737476525,0,,0,0,drift_not_confirmed,,voltage_rolling_mean=231.458249;source_publish_interval=0.504230,,0.7379581220448017,11.75066689029336,12.510667089372873
2026-08-10T17:11:40.533381+00:00,communication_drift_01,meter_03,141,none,none,none,none,none,none,0.9991249694048887,0.5079632307428253,0,,0,0,drift_not_confirmed,,voltage_rolling_mean=230.583691;source_publish_interval=0.504231,,0.5986669566482306,9.64808277785778,10.265541030094028
2026-08-10T17:11:40.997041+00:00,communication_drift_01,meter_01,142,none,none,none,none,none,none,0.9994589829542143,0.44522410682538316,0,,0,0,drift_not_confirmed,,voltage_rolling_mean=231.651065;source_publish_interval=0.504229,,2.161625074222684,22.44691690430045,24.643250042572618
2026-08-10T17:11:41.021995+00:00,communication_drift_01,meter_02,142,none,none,none,none,none,none,0.9991121867219335,0.5668913602531415,0,,0,0,drift_not_confirmed,,voltage_rolling_mean=231.458249;source_publish_interval=0.504230,,0.8106250315904617,12.651625089347363,13.484416995197535
2026-08-10T17:11:41.035581+00:00,communication_drift_01,meter_03,142,none,none,none,none,none,none,0.9895921928444511,0.4438267209249127,0,,0,0,drift_not_confirmed,,voltage_rolling_mean=230.583691;source_publish_interval=0.504231,,0.5801250226795673,9.783499874174595,10.38200012408197
2026-08-10T17:11:41.501079+00:00,communication_drift_01,meter_01,143,none,none,none,none,none,none,0.9992491543534454,0.45535454077814536,0,,0,0,drift_not_confirmed,,voltage_rolling_mean=231.651065;source_publish_interval=0.504229,,1.3150421436876059,21.456124959513545,22.815957898274064
2026-08-10T17:11:41.524170+00:00,communication_drift_01,meter_02,143,none,none,none,none,none,none,0.9995881876059365,0.5050647513970574,0,,0,0,drift_not_confirmed,,voltage_rolling_mean=231.458249;source_publish_interval=0.504230,,0.860708998516202,13.221542118117213,14.106041984632611
2026-08-10T17:11:41.538393+00:00,communication_drift_01,meter_03,143,none,none,none,none,none,none,0.9755142539449125,0.47054613413079316,0,,0,0,drift_not_confirmed,,voltage_rolling_mean=230.583691;source_publish_interval=0.504231,,0.5975000094622374,9.97466710396111,10.590916033834219
2026-08-10T17:11:42.006859+00:00,communication_drift_01,meter_01,144,none,none,none,none,none,none,0.9969694803593059,0.4467384526159762,0,,0,0,drift_not_confirmed,,voltage_rolling_mean=231.651065;source_publish_interval=0.504229,,2.5602499954402447,17.796583008021116,20.387584110721946
2026-08-10T17:11:42.027609+00:00,communication_drift_01,meter_02,144,none,none,none,none,none,none,0.9935798291126318,0.47101524434704883,0,,0,0,drift_not_confirmed,,voltage_rolling_mean=231.458249;source_publish_interval=0.504230,,0.6940839812159538,10.923750000074506,11.637791991233826
2026-08-10T17:11:42.039337+00:00,communication_drift_01,meter_03,144,none,none,none,none,none,none,0.9864556769948684,0.4375108078344673,0,,0,0,drift_not_confirmed,,voltage_rolling_mean=230.583691;source_publish_interval=0.504231,,0.5162500310689211,9.349041851237416,9.882875019684434
2026-08-10T17:11:42.509392+00:00,communication_drift_01,meter_01,145,none,none,none,none,none,none,0.9997626705918318,0.529727829653733,0,,0,0,drift_not_confirmed,,voltage_rolling_mean=231.651065;source_publish_interval=0.504229,,2.2238329984247684,22.435291903093457,24.696666980162263
2026-08-10T17:11:42.534406+00:00,communication_drift_01,meter_02,145,none,none,none,unknown,unknown,unknown,0.9178498457315409,0.48010665457392177,0,,0,0,drift_not_confirmed,,voltage_rolling_mean=231.458249;source_publish_interval=0.504230,,0.8142080623656511,12.027083896100521,12.8627500962466
2026-08-10T17:11:42.547390+00:00,communication_drift_01,meter_03,145,none,none,none,none,none,none,0.9939101131983057,0.4344711784792184,0,,0,0,drift_not_confirmed,,voltage_rolling_mean=230.583691;source_publish_interval=0.504231,,0.5860000383108854,9.451624937355518,10.055667022243142
2026-08-10T17:11:43.013597+00:00,communication_drift_01,meter_01,146,none,none,none,none,none,none,0.9980688419264947,0.5030859762318587,0,,0,0,drift_not_confirmed,,voltage_rolling_mean=231.651065;source_publish_interval=0.504229,,1.312833046540618,21.33212494663894,22.6842500269413
2026-08-10T17:11:43.036522+00:00,communication_drift_01,meter_02,146,none,none,none,none,none,none,0.9944647023086942,0.4502811047080958,0,,0,0,drift_not_confirmed,,voltage_rolling_mean=231.458249;source_publish_interval=0.504230,,0.8930421900004148,12.950292089954019,13.865874847397208
2026-08-10T17:11:43.050493+00:00,communication_drift_01,meter_03,146,none,none,none,none,none,none,0.9980105493089527,0.44100966475574316,0,,0,0,drift_not_confirmed,,voltage_rolling_mean=230.583691;source_publish_interval=0.504231,,0.6170000415295362,10.19354211166501,10.829417034983635
2026-08-10T17:11:43.517951+00:00,communication_drift_01,meter_01,147,none,none,none,none,none,none,0.9976550495973843,0.4883400788879359,0,,0,0,drift_not_confirmed,,voltage_rolling_mean=231.651065;source_publish_interval=0.504229,,2.1754580084234476,22.585542174056172,24.7940830886364
2026-08-10T17:11:43.543124+00:00,communication_drift_01,meter_02,147,none,none,none,none,none,none,0.9773575661939261,0.4587161302322033,0,,0,0,drift_not_confirmed,,voltage_rolling_mean=231.458249;source_publish_interval=0.504230,,0.8086669258773327,11.826500063762069,12.656499864533544
2026-08-10T17:11:43.555878+00:00,communication_drift_01,meter_03,147,none,none,none,none,none,none,0.9991787696999457,0.4471766966597197,0,,0,0,drift_not_confirmed,,voltage_rolling_mean=230.583691;source_publish_interval=0.504231,,0.5861660465598106,9.712999919429421,10.317083913832903
2026-08-10T17:11:44.022951+00:00,communication_drift_01,meter_01,148,none,none,none,none,none,none,0.9985543106365568,0.4720760206770405,0,,0,0,drift_not_confirmed,,voltage_rolling_mean=231.651065;source_publish_interval=0.504229,,2.010249998420477,22.083749994635582,24.127583019435406
2026-08-10T17:11:44.047508+00:00,communication_drift_01,meter_02,148,none,none,none,none,none,none,0.9850253988220181,0.48211624152932814,0,,0,0,drift_not_confirmed,,voltage_rolling_mean=231.458249;source_publish_interval=0.504230,,0.8196248672902584,11.901458026841283,12.743332888931036
2026-08-10T17:11:44.060350+00:00,communication_drift_01,meter_03,148,none,none,none,none,none,none,0.9991093669656775,0.43411503212074093,0,,0,0,drift_not_confirmed,,voltage_rolling_mean=230.583691;source_publish_interval=0.504231,,0.5992080550640821,9.439209010452032,10.056583909317851
2026-08-10T17:11:44.527583+00:00,communication_drift_01,meter_01,149,none,none,none,none,none,none,0.9919165665621721,0.4537522190002424,0,,0,0,drift_not_confirmed,,voltage_rolling_mean=231.651065;source_publish_interval=0.504229,,2.023374894633889,22.334625013172626,24.39987496472895
2026-08-10T17:11:44.552356+00:00,communication_drift_01,meter_02,149,none,none,none,none,none,none,0.9814938612450074,0.4456697549867524,0,,0,0,drift_not_confirmed,,voltage_rolling_mean=231.458249;source_publish_interval=0.504230,,0.7928339764475822,12.004290940240026,12.81983288936317
2026-08-10T17:11:44.565277+00:00,communication_drift_01,meter_03,149,none,none,none,none,none,none,0.9905436158976821,0.4601126311579854,0,,0,0,drift_not_confirmed,,voltage_rolling_mean=230.583691;source_publish_interval=0.504231,,0.5761659704148769,9.47449984960258,10.069499956443906
2026-08-10T17:11:45.033376+00:00,communication_drift_01,meter_01,150,none,publish_interval,none,none,none,none,0.990295202365647,0.56963091367137,0,,0,0,drift_not_confirmed,,voltage_rolling_mean=231.651065;source_publish_interval=0.504229,,1.9998750649392605,21.958209108561277,23.995625087991357
2026-08-10T17:11:45.057656+00:00,communication_drift_01,meter_02,150,none,publish_interval,none,none,none,none,0.9711118073565995,0.47110301795423465,0,,0,0,drift_not_confirmed,,voltage_rolling_mean=231.458249;source_publish_interval=0.504230,,0.8130830246955156,11.894125025719404,12.730041984468699
2026-08-10T17:11:45.070492+00:00,communication_drift_01,meter_03,150,none,publish_interval,none,none,none,none,0.9896705097133917,0.43715797609489815,0,,0,0,drift_not_confirmed,,voltage_rolling_mean=230.583691;source_publish_interval=0.504231,,0.5772081203758717,9.594416944310069,10.190916946157813
2026-08-10T17:11:45.835066+00:00,communication_drift_01,meter_01,151,none,publish_interval,random,random,random,random,0.9999999999938836,0.47958836590344806,0,,0,0,drift_not_confirmed,,voltage_rolling_mean=231.651065;source_publish_interval=0.504229,,1.2998338788747787,20.869916072115302,22.210208931937814
2026-08-10T17:11:45.857673+00:00,communication_drift_01,meter_02,151,none,publish_interval,random,random,random,random,0.999999999952917,0.6034431566316715,0,,0,0,drift_not_confirmed,,voltage_rolling_mean=231.458249;source_publish_interval=0.504230,,0.8759589400142431,13.336374890059233,14.236917020753026
2026-08-10T17:11:45.872053+00:00,communication_drift_01,meter_03,151,none,publish_interval,random,random,random,random,0.9999999998334936,0.5178379476138308,0,,0,0,drift_not_confirmed,,voltage_rolling_mean=230.583691;source_publish_interval=0.504231,,0.6125830113887787,9.989208076149225,10.620000073686242
2026-08-10T17:11:46.638575+00:00,communication_drift_01,meter_01,152,none,publish_interval,random,random,random,random,0.9999999999665725,0.5083856676189623,0,,0,0,drift_not_confirmed,,voltage_rolling_mean=231.651065;source_publish_interval=0.504229,,2.306832931935787,22.583457874134183,24.928499944508076
2026-08-10T17:11:46.663927+00:00,communication_drift_01,meter_02,152,none,publish_interval,random,random,random,random,0.9999999999973652,0.4400749112520252,0,,0,0,drift_not_confirmed,,voltage_rolling_mean=231.458249;source_publish_interval=0.504230,,0.848833005875349,12.127666966989636,13.000291073694825
2026-08-10T17:11:46.677060+00:00,communication_drift_01,meter_03,152,none,publish_interval,random,random,random,random,0.999999999978219,0.4594184665144036,0,,0,0,drift_not_confirmed,,voltage_rolling_mean=230.583691;source_publish_interval=0.504231,,0.5606669001281261,9.580624988302588,10.159833123907447
2026-08-10T17:11:47.442957+00:00,communication_drift_01,meter_01,153,none,publish_interval,random,random,random,random,0.9999999998924487,0.59432172531264,0,,0,0,drift_not_confirmed,,voltage_rolling_mean=231.651065;source_publish_interval=0.504229,,1.2842919677495956,21.320750005543232,22.6436669472605
2026-08-10T17:11:47.465873+00:00,communication_drift_01,meter_02,153,none,publish_interval,random,random,random,random,0.999999999997226,0.4485125242280556,0,,0,0,drift_not_confirmed,,voltage_rolling_mean=231.458249;source_publish_interval=0.504230,,0.8474579080939293,12.722457991912961,13.592957984656096
2026-08-10T17:11:47.479593+00:00,communication_drift_01,meter_03,153,none,publish_interval,random,random,random,random,0.9999999999586728,0.45426046831463013,0,,0,0,drift_not_confirmed,,voltage_rolling_mean=230.583691;source_publish_interval=0.504231,,0.5771659780293703,9.798499988391995,10.393333854153752
2026-08-10T17:11:48.244325+00:00,communication_drift_01,meter_01,154,none,publish_interval,random,random,random,random,0.9999999999746287,0.4482624988097428,0,,0,0,drift_not_confirmed,,voltage_rolling_mean=231.651065;source_publish_interval=0.504229,,3.4052920527756214,15.296790981665254,18.732500029727817
2026-08-10T17:11:48.263415+00:00,communication_drift_01,meter_02,154,none,publish_interval,random,random,random,random,0.9999999999892366,0.45605059226354366,0,,0,0,drift_not_confirmed,,voltage_rolling_mean=231.458249;source_publish_interval=0.504230,,0.6960420869290829,10.756207862868905,11.471749981865287
2026-08-10T17:11:48.274980+00:00,communication_drift_01,meter_03,154,none,publish_interval,random,random,random,random,0.9999999998913023,0.4493228368594478,0,,0,0,drift_not_confirmed,,voltage_rolling_mean=230.583691;source_publish_interval=0.504231,,0.512541038915515,9.167416952550411,9.698416106402874
2026-08-10T17:11:49.044443+00:00,communication_drift_01,meter_01,155,none,publish_interval,random,random,random,normal_drift,0.999999999990506,0.5565726462641404,1,source_publish_interval,1,0,collecting_candidates;drift_not_confirmed,source_publish_interval,voltage_rolling_mean=231.651065;source_publish_interval=0.504229,source_publish_interval,1.3258748222142458,21.092499839141965,22.470250027254224
2026-08-10T17:11:49.067225+00:00,communication_drift_01,meter_02,155,none,publish_interval,random,random,random,normal_drift,0.9999999999662954,0.5040019955518853,1,source_publish_interval,1,0,collecting_candidates;drift_not_confirmed,source_publish_interval,voltage_rolling_mean=231.458249;source_publish_interval=0.504230,source_publish_interval,0.9010839276015759,12.914584018290043,13.84916715323925
2026-08-10T17:11:49.081202+00:00,communication_drift_01,meter_03,155,none,publish_interval,random,random,random,normal_drift,0.9999999999872569,0.5185734819014549,1,source_publish_interval,1,0,collecting_candidates;drift_not_confirmed,source_publish_interval,voltage_rolling_mean=230.583691;source_publish_interval=0.504231,source_publish_interval,0.6223749369382858,9.671624982729554,10.314708109945059
2026-08-10T17:11:49.850201+00:00,communication_drift_01,meter_01,156,none,publish_interval,random,random,random,normal_drift,0.9999999999973408,0.5014297360851189,0,,1,0,collecting_candidates;drift_not_confirmed,source_publish_interval,voltage_rolling_mean=231.651065;source_publish_interval=0.504229,source_publish_interval,2.5161670055240393,18.427582923322916,20.977000007405877
2026-08-10T17:11:49.871559+00:00,communication_drift_01,meter_02,156,none,publish_interval,random,random,random,normal_drift,0.9999999999984923,0.4472406109127334,0,,1,0,collecting_candidates;drift_not_confirmed,source_publish_interval,voltage_rolling_mean=231.458249;source_publish_interval=0.504230,source_publish_interval,0.7030421402305365,11.089041829109192,11.81333395652473
2026-08-10T17:11:49.883470+00:00,communication_drift_01,meter_03,156,none,publish_interval,random,random,random,normal_drift,0.9999999999228317,0.5018652031953683,0,,1,0,collecting_candidates;drift_not_confirmed,source_publish_interval,voltage_rolling_mean=230.583691;source_publish_interval=0.504231,source_publish_interval,0.5027500446885824,9.386041900143027,9.908042149618268
2026-08-10T17:11:50.655744+00:00,communication_drift_01,meter_01,157,none,publish_interval,random,random,random,normal_drift,0.999999999997734,0.5156424348416907,0,,1,0,collecting_candidates;drift_not_confirmed,source_publish_interval,voltage_rolling_mean=231.651065;source_publish_interval=0.504229,source_publish_interval,1.9881250336766243,22.32374995946884,24.348790990188718
2026-08-10T17:11:50.680502+00:00,communication_drift_01,meter_02,157,none,publish_interval,random,random,random,normal_drift,0.9999999999956899,0.4782239388054371,0,,1,0,collecting_candidates;drift_not_confirmed,source_publish_interval,voltage_rolling_mean=231.458249;source_publish_interval=0.504230,source_publish_interval,0.8280829060822725,11.892166920006275,12.743459083139896
2026-08-10T17:11:50.693368+00:00,communication_drift_01,meter_03,157,none,publish_interval,random,random,random,normal_drift,0.9999999996480224,0.49169552194020294,0,,1,0,collecting_candidates;drift_not_confirmed,source_publish_interval,voltage_rolling_mean=230.583691;source_publish_interval=0.504231,source_publish_interval,0.5288748070597649,9.539458900690079,10.087791131809354
2026-08-10T17:11:51.459443+00:00,communication_drift_01,meter_01,158,none,publish_interval,random,random,random,normal_drift,0.9999999999863423,0.5072320966396477,0,,1,0,collecting_candidates;drift_not_confirmed,source_publish_interval,voltage_rolling_mean=231.651065;source_publish_interval=0.504229,source_publish_interval,1.8613750580698252,23.217834066599607,25.131415808573365
2026-08-10T17:11:51.484880+00:00,communication_drift_01,meter_02,158,none,publish_interval,random,random,random,normal_drift,0.9999999999978268,0.4610308220461777,0,,1,0,collecting_candidates;drift_not_confirmed,source_publish_interval,voltage_rolling_mean=231.458249;source_publish_interval=0.504230,source_publish_interval,0.8268340025097132,12.107959017157555,12.961165979504585
2026-08-10T17:11:51.497971+00:00,communication_drift_01,meter_03,158,none,publish_interval,random,random,random,normal_drift,0.9999999999526366,0.5641809304814017,0,,1,0,collecting_candidates;drift_not_confirmed,source_publish_interval,voltage_rolling_mean=230.583691;source_publish_interval=0.504231,source_publish_interval,0.5729999393224716,9.501375025138259,10.094666155055165
2026-08-10T17:11:52.264162+00:00,communication_drift_01,meter_01,159,none,publish_interval,random,random,random,normal_drift,0.9999999999942963,0.44992975418082753,0,,1,0,collecting_candidates;drift_not_confirmed,source_publish_interval,voltage_rolling_mean=231.651065;source_publish_interval=0.504229,source_publish_interval,2.9831661377102137,22.42762502282858,25.447749998420477
2026-08-10T17:11:52.290002+00:00,communication_drift_01,meter_02,159,none,publish_interval,random,random,random,normal_drift,0.9999999999823144,0.5045813324428523,0,,1,0,collecting_candidates;drift_not_confirmed,source_publish_interval,voltage_rolling_mean=231.458249;source_publish_interval=0.504230,source_publish_interval,0.7448750548064709,11.937000090256333,12.705124914646149
2026-08-10T17:11:52.302818+00:00,communication_drift_01,meter_03,159,none,publish_interval,random,random,random,normal_drift,0.9999999997669076,0.4462832568878944,0,,1,0,collecting_candidates;drift_not_confirmed,source_publish_interval,voltage_rolling_mean=230.583691;source_publish_interval=0.504231,source_publish_interval,0.5680420435965061,9.618625044822693,10.20612521097064
2026-08-10T17:11:53.063754+00:00,communication_drift_01,meter_01,160,none,publish_interval,random,random,random,normal_drift,0.9999999999962657,0.45810412646258464,0,,1,0,collecting_candidates;drift_not_confirmed,source_publish_interval,voltage_rolling_mean=231.651065;source_publish_interval=0.504229,source_publish_interval,1.2932501267641783,20.52537491545081,21.859250031411648
2026-08-10T17:11:53.085879+00:00,communication_drift_01,meter_02,160,none,publish_interval,random,random,random,normal_drift,0.9999999999918994,0.4526389651827852,0,,1,0,collecting_candidates;drift_not_confirmed,source_publish_interval,voltage_rolling_mean=231.458249;source_publish_interval=0.504230,source_publish_interval,0.8234579581767321,12.614458100870252,13.462125090882182
2026-08-10T17:11:53.099450+00:00,communication_drift_01,meter_03,160,none,publish_interval,random,random,random,normal_drift,0.9999999998702189,0.4514339472849008,0,,1,0,collecting_candidates;drift_not_confirmed,source_publish_interval,voltage_rolling_mean=230.583691;source_publish_interval=0.504231,source_publish_interval,0.567292096093297,9.8368339240551,10.423207888379693
2026-08-10T17:11:53.863859+00:00,communication_drift_01,meter_01,161,none,publish_interval,random,random,random,normal_drift,0.9999999999940488,0.49767761611504496,0,,1,0,collecting_candidates;drift_not_confirmed,source_publish_interval,voltage_rolling_mean=231.651065;source_publish_interval=0.504229,source_publish_interval,1.2947081122547388,20.85712505504489,22.192832781001925
2026-08-10T17:11:53.886322+00:00,communication_drift_01,meter_02,161,none,publish_interval,random,random,random,normal_drift,0.9999999999965306,0.44811334477742903,0,,1,0,collecting_candidates;drift_not_confirmed,source_publish_interval,voltage_rolling_mean=231.458249;source_publish_interval=0.504230,source_publish_interval,0.8627919014543295,13.004957931116223,13.891290873289108
2026-08-10T17:11:53.900321+00:00,communication_drift_01,meter_03,161,none,publish_interval,random,random,random,normal_drift,0.99999998636336,0.6017999925741506,0,,1,0,collecting_candidates;drift_not_confirmed,source_publish_interval,voltage_rolling_mean=230.583691;source_publish_interval=0.504231,source_publish_interval,0.5867090076208115,9.983542142435908,10.589292040094733
2026-08-10T17:11:54.667760+00:00,communication_drift_01,meter_01,162,none,publish_interval,random,random,random,normal_drift,0.9999999999977585,0.4598332322743666,0,,1,0,collecting_candidates;drift_not_confirmed,source_publish_interval,voltage_rolling_mean=231.651065;source_publish_interval=0.504229,source_publish_interval,2.2787079215049744,22.554999915882945,24.870875058695674
2026-08-10T17:11:54.693026+00:00,communication_drift_01,meter_02,162,none,publish_interval,random,random,random,normal_drift,0.9999999999870122,0.44414526825424155,0,,1,0,collecting_candidates;drift_not_confirmed,source_publish_interval,voltage_rolling_mean=231.458249;source_publish_interval=0.504230,source_publish_interval,0.8231669198721647,11.964416829869151,12.810374842956662
2026-08-10T17:11:54.705944+00:00,communication_drift_01,meter_03,162,none,publish_interval,random,random,random,normal_drift,0.9999999998508138,0.48917302721964134,0,,1,0,collecting_candidates;drift_not_confirmed,source_publish_interval,voltage_rolling_mean=230.583691;source_publish_interval=0.504231,source_publish_interval,0.5591250956058502,9.4849590677768,10.062874993309379
2026-08-10T17:11:55.471710+00:00,communication_drift_01,meter_01,163,none,publish_interval,random,random,random,normal_drift,0.9999999999935398,0.46880032417140327,0,,1,0,collecting_candidates;drift_not_confirmed,source_publish_interval,voltage_rolling_mean=231.651065;source_publish_interval=0.504229,source_publish_interval,1.9991251174360514,21.978292148560286,24.0169579628855
2026-08-10T17:11:55.496074+00:00,communication_drift_01,meter_02,163,none,publish_interval,random,random,random,normal_drift,0.9999999999951403,0.4502951398623647,0,,1,0,collecting_candidates;drift_not_confirmed,source_publish_interval,voltage_rolling_mean=231.458249;source_publish_interval=0.504230,source_publish_interval,0.857125036418438,12.069500051438808,12.953125173225999
2026-08-10T17:11:55.509158+00:00,communication_drift_01,meter_03,163,none,publish_interval,random,random,random,normal_drift,0.9999999996563631,0.4473308251907117,0,,1,0,collecting_candidates;drift_not_confirmed,source_publish_interval,voltage_rolling_mean=230.583691;source_publish_interval=0.504231,source_publish_interval,0.5556249525398016,9.478833060711622,10.053749894723296
2026-08-10T17:11:56.277234+00:00,communication_drift_01,meter_01,164,none,publish_interval,random,random,random,normal_drift,0.9999999999970095,0.47237797564826745,0,,1,0,collecting_candidates;drift_not_confirmed,source_publish_interval,voltage_rolling_mean=231.651065;source_publish_interval=0.504229,source_publish_interval,1.9202500116080046,22.38304098136723,24.340250063687563
2026-08-10T17:11:56.301893+00:00,communication_drift_01,meter_02,164,none,publish_interval,random,random,random,normal_drift,0.9999999999961657,0.4348501546238596,0,,1,0,collecting_candidates;drift_not_confirmed,source_publish_interval,voltage_rolling_mean=231.458249;source_publish_interval=0.504230,source_publish_interval,0.8203329052776098,11.832624906674027,12.675291858613491
2026-08-10T17:11:56.314674+00:00,communication_drift_01,meter_03,164,none,publish_interval,random,random,random,normal_drift,0.9999999996918358,0.4499039121231665,0,,1,0,collecting_candidates;drift_not_confirmed,source_publish_interval,voltage_rolling_mean=230.583691;source_publish_interval=0.504231,source_publish_interval,0.5213750991970301,9.463582886382937,10.004083858802915
2026-08-10T17:11:57.080575+00:00,communication_drift_01,meter_01,165,none,publish_interval,random,random,random,normal_drift,0.999999999989478,0.5105432711136334,0,,1,0,collecting_candidates;drift_not_confirmed,source_publish_interval,voltage_rolling_mean=231.651065;source_publish_interval=0.504229,source_publish_interval,2.1630411501973867,22.81412505544722,25.03208303824067
2026-08-10T17:11:57.106085+00:00,communication_drift_01,meter_02,165,none,publish_interval,random,random,random,normal_drift,0.9999999999919402,0.44889383160216284,0,,1,0,collecting_candidates;drift_not_confirmed,source_publish_interval,voltage_rolling_mean=231.458249;source_publish_interval=0.504230,source_publish_interval,0.8638328872621059,12.209709035232663,13.10695894062519
2026-08-10T17:11:57.119356+00:00,communication_drift_01,meter_03,165,none,publish_interval,random,random,random,normal_drift,0.9999999996483704,0.4499587792223217,0,,1,0,collecting_candidates;drift_not_confirmed,source_publish_interval,voltage_rolling_mean=230.583691;source_publish_interval=0.504231,source_publish_interval,0.5502079147845507,9.513291995972395,10.086166905239224
2026-08-10T17:11:57.884400+00:00,communication_drift_01,meter_01,166,none,publish_interval,random,random,random,normal_drift,0.9999999999973204,0.450628707372508,0,,1,0,collecting_candidates;drift_not_confirmed,source_publish_interval,voltage_rolling_mean=231.651065;source_publish_interval=0.504229,source_publish_interval,1.9784171599894762,21.894417004659772,23.92195793800056
2026-08-10T17:11:57.908729+00:00,communication_drift_01,meter_02,166,none,publish_interval,random,random,random,normal_drift,0.9999999999897855,0.4710303487475828,0,,1,0,collecting_candidates;drift_not_confirmed,source_publish_interval,voltage_rolling_mean=231.458249;source_publish_interval=0.504230,source_publish_interval,0.7034579757601023,11.940583121031523,12.669207993894815
2026-08-10T17:11:57.921525+00:00,communication_drift_01,meter_03,166,none,publish_interval,random,random,random,normal_drift,0.999999998961171,0.47368529829174966,0,,1,0,collecting_candidates;drift_not_confirmed,source_publish_interval,voltage_rolling_mean=230.583691;source_publish_interval=0.504231,source_publish_interval,0.5741249769926071,9.534416953101754,10.127832880243659
2026-08-10T17:11:58.684969+00:00,communication_drift_01,meter_01,167,none,publish_interval,random,random,random,normal_drift,0.9999999999954527,0.4923893068523886,0,,1,0,collecting_candidates;drift_not_confirmed,source_publish_interval,voltage_rolling_mean=231.651065;source_publish_interval=0.504229,source_publish_interval,2.0009998697787523,21.30245789885521,23.345999885350466
2026-08-10T17:11:58.708657+00:00,communication_drift_01,meter_02,167,none,publish_interval,random,random,random,normal_drift,0.9999999999903355,0.5910073618258347,0,,1,0,collecting_candidates;drift_not_confirmed,source_publish_interval,voltage_rolling_mean=231.458249;source_publish_interval=0.504230,source_publish_interval,0.8328750263899565,12.314416002482176,13.17241694778204
2026-08-10T17:11:58.721964+00:00,communication_drift_01,meter_03,167,none,publish_interval,random,random,random,normal_drift,0.9999999994048725,0.44284972150012875,0,,1,0,collecting_candidates;drift_not_confirmed,source_publish_interval,voltage_rolling_mean=230.583691;source_publish_interval=0.504231,source_publish_interval,0.5919160321354866,9.55104106105864,10.163208935409784
2026-08-10T17:11:59.490171+00:00,communication_drift_01,meter_01,168,none,publish_interval,random,random,random,normal_drift,0.9999999999939446,0.43828772238645475,0,,1,0,collecting_candidates;drift_not_confirmed,source_publish_interval,voltage_rolling_mean=231.651065;source_publish_interval=0.504229,source_publish_interval,3.0415840446949005,21.086832974106073,24.165333015844226
2026-08-10T17:11:59.514715+00:00,communication_drift_01,meter_02,168,none,publish_interval,random,random,random,normal_drift,0.9999999999908165,0.44198682901611863,0,,1,0,collecting_candidates;drift_not_confirmed,source_publish_interval,voltage_rolling_mean=231.458249;source_publish_interval=0.504230,source_publish_interval,0.7467498071491718,11.81375002488494,12.58462481200695
2026-08-10T17:11:59.527431+00:00,communication_drift_01,meter_03,168,none,publish_interval,random,random,random,normal_drift,0.9999999996822546,0.4489537637200695,0,,1,0,collecting_candidates;drift_not_confirmed,source_publish_interval,voltage_rolling_mean=230.583691;source_publish_interval=0.504231,source_publish_interval,0.5937910173088312,9.618875104933977,10.232583852484822
2026-08-10T17:12:00.294218+00:00,communication_drift_01,meter_01,169,none,publish_interval,random,random,random,normal_drift,0.9999999999989189,0.4607960842748094,0,,1,0,collecting_candidates;drift_not_confirmed,source_publish_interval,voltage_rolling_mean=231.651065;source_publish_interval=0.504229,source_publish_interval,2.0201250445097685,21.162041928619146,23.2248748652637
2026-08-10T17:12:00.317880+00:00,communication_drift_01,meter_02,169,none,publish_interval,random,random,random,normal_drift,0.9999999999762568,0.4577901010037571,0,,1,0,collecting_candidates;drift_not_confirmed,source_publish_interval,voltage_rolling_mean=231.458249;source_publish_interval=0.504230,source_publish_interval,0.7775828707963228,11.837333906441927,12.63729203492403
2026-08-10T17:12:00.330642+00:00,communication_drift_01,meter_03,169,none,publish_interval,random,random,random,normal_drift,0.9999999989652866,0.43907387306586615,0,,1,0,collecting_candidates;drift_not_confirmed,source_publish_interval,voltage_rolling_mean=230.583691;source_publish_interval=0.504231,source_publish_interval,0.5323749501258135,9.450082900002599,10.003209114074707
2026-08-10T17:12:01.097507+00:00,communication_drift_01,meter_01,170,none,publish_interval,random,random,random,normal_drift,0.9999999999971494,0.4475463500259032,0,,1,0,collecting_candidates;drift_not_confirmed,source_publish_interval,voltage_rolling_mean=231.651065;source_publish_interval=0.504229,source_publish_interval,1.4095001388341188,22.37175009213388,23.831916972994804
2026-08-10T17:12:01.121798+00:00,communication_drift_01,meter_02,170,none,publish_interval,random,random,random,normal_drift,0.9999999999738838,0.4430434742936179,0,,1,0,collecting_candidates;drift_not_confirmed,source_publish_interval,voltage_rolling_mean=231.458249;source_publish_interval=0.504230,source_publish_interval,0.9079170413315296,12.119832914322615,13.054959010332823
2026-08-10T17:12:01.135001+00:00,communication_drift_01,meter_03,170,none,publish_interval,random,random,random,normal_drift,0.9999999978459526,0.4419065082678753,0,,1,0,collecting_candidates;drift_not_confirmed,source_publish_interval,voltage_rolling_mean=230.583691;source_publish_interval=0.504231,source_publish_interval,0.6032499950379133,9.694332955405116,10.318083921447396
2026-08-10T17:12:01.900390+00:00,communication_drift_01,meter_01,171,none,publish_interval,random,random,random,normal_drift,0.9999999999976292,0.5405928362445935,0,,1,0,collecting_candidates;drift_not_confirmed,source_publish_interval,voltage_rolling_mean=231.651065;source_publish_interval=0.504229,source_publish_interval,1.9876251462846994,22.466250229626894,24.504374945536256
2026-08-10T17:12:01.925471+00:00,communication_drift_01,meter_02,171,none,publish_interval,random,random,random,normal_drift,0.9999999999799716,0.5368218220789849,0,,1,0,collecting_candidates;drift_not_confirmed,source_publish_interval,voltage_rolling_mean=231.458249;source_publish_interval=0.504230,source_publish_interval,0.8885001298040152,12.080916902050376,12.996250065043569
2026-08-10T17:12:01.938617+00:00,communication_drift_01,meter_03,171,none,publish_interval,random,random,random,normal_drift,0.999999998995466,0.47102178103383335,0,,1,0,collecting_candidates;drift_not_confirmed,source_publish_interval,voltage_rolling_mean=230.583691;source_publish_interval=0.504231,source_publish_interval,0.5422499962151051,9.587042033672333,10.15104097314179
2026-08-10T17:12:02.703727+00:00,communication_drift_01,meter_01,172,none,publish_interval,random,random,random,normal_drift,0.9999999999966502,0.5864227967486285,0,,1,0,collecting_candidates;drift_not_confirmed,source_publish_interval,voltage_rolling_mean=231.651065;source_publish_interval=0.504229,source_publish_interval,2.034207805991173,22.13874994777143,24.217916885390878
2026-08-10T17:12:02.728244+00:00,communication_drift_01,meter_02,172,none,publish_interval,random,random,random,normal_drift,0.9999999999780116,0.4420026357627685,0,,1,0,collecting_candidates;drift_not_confirmed,source_publish_interval,voltage_rolling_mean=231.458249;source_publish_interval=0.504230,source_publish_interval,0.8555829990655184,11.911625042557716,12.788957916200161
2026-08-10T17:12:02.741141+00:00,communication_drift_01,meter_03,172,none,publish_interval,random,random,random,normal_drift,0.9999999986316417,0.4492670466721661,0,,1,0,collecting_candidates;drift_not_confirmed,source_publish_interval,voltage_rolling_mean=230.583691;source_publish_interval=0.504231,source_publish_interval,0.5243341438472271,9.770750068128109,10.315457824617624
2026-08-10T17:12:03.508750+00:00,communication_drift_01,meter_01,173,none,publish_interval,random,random,random,normal_drift,0.9999999999959255,0.5010036488611168,0,,1,0,collecting_candidates;drift_not_confirmed,source_publish_interval,voltage_rolling_mean=231.651065;source_publish_interval=0.504229,source_publish_interval,1.93070899695158,21.902208914980292,23.87395896948874
2026-08-10T17:12:03.532939+00:00,communication_drift_01,meter_02,173,none,publish_interval,random,random,random,normal_drift,0.9999999995607398,0.5668825878479539,0,,1,0,collecting_candidates;drift_not_confirmed,source_publish_interval,voltage_rolling_mean=231.458249;source_publish_interval=0.504230,source_publish_interval,0.8318750187754631,11.98966708034277,12.84483284689486
2026-08-10T17:12:03.545892+00:00,communication_drift_01,meter_03,173,none,publish_interval,random,random,random,normal_drift,0.999999996802095,0.4586771798748261,0,,1,0,collecting_candidates;drift_not_confirmed,source_publish_interval,voltage_rolling_mean=230.583691;source_publish_interval=0.504231,source_publish_interval,0.5668748635798693,9.40041709691286,9.986334014683962
2026-08-10T17:12:04.313826+00:00,communication_drift_01,meter_01,174,none,publish_interval,random,random,random,normal_drift,0.9999999999958473,0.4451517425684614,0,,1,1,drift_not_confirmed;reference_updated,source_publish_interval,voltage_rolling_mean=231.651065;source_publish_interval=0.653855,source_publish_interval,2.411917084828019,17.62266713194549,20.077292108908296
2026-08-10T17:12:04.334288+00:00,communication_drift_01,meter_02,174,none,publish_interval,random,random,random,normal_drift,0.9999999999692368,0.44242708281325344,0,,1,1,drift_not_confirmed;reference_updated,source_publish_interval,voltage_rolling_mean=231.458249;source_publish_interval=0.653856,source_publish_interval,0.7127500139176846,11.121375020593405,11.856749886646867
2026-08-10T17:12:04.346245+00:00,communication_drift_01,meter_03,174,none,publish_interval,random,random,random,normal_drift,0.9999999959888279,0.43926702515868554,0,,1,1,drift_not_confirmed;reference_updated,source_publish_interval,voltage_rolling_mean=230.583691;source_publish_interval=0.653856,source_publish_interval,0.5227501969784498,9.295165771618485,9.83966700732708
2026-08-10T17:12:05.118954+00:00,communication_drift_01,meter_01,175,none,publish_interval,random,random,random,normal_drift,0.9999999999957194,0.4331987232763568,0,,1,0,collecting_candidates;drift_not_confirmed,source_publish_interval,voltage_rolling_mean=231.651065;source_publish_interval=0.653855,source_publish_interval,2.3063330445438623,18.686041934415698,21.03612502105534
2026-08-10T17:12:05.140371+00:00,communication_drift_01,meter_02,175,none,publish_interval,random,random,random,normal_drift,0.9999999992398014,0.5008547559224331,0,,1,0,collecting_candidates;drift_not_confirmed,source_publish_interval,voltage_rolling_mean=231.458249;source_publish_interval=0.653856,source_publish_interval,0.7648749742656946,11.469040997326374,12.256459100171924
2026-08-10T17:12:05.152748+00:00,communication_drift_01,meter_03,175,none,publish_interval,random,random,random,normal_drift,0.9999999988948021,0.4568234451420389,0,,1,0,collecting_candidates;drift_not_confirmed,source_publish_interval,voltage_rolling_mean=230.583691;source_publish_interval=0.653856,source_publish_interval,0.534792197868228,9.478208143264055,10.036916006356478
2026-08-10T17:12:05.923501+00:00,communication_drift_01,meter_01,176,none,publish_interval,random,random,random,normal_drift,0.9999999999983202,0.43885507970005444,0,,1,0,collecting_candidates;drift_not_confirmed,source_publish_interval,voltage_rolling_mean=231.651065;source_publish_interval=0.653855,source_publish_interval,1.8713749013841152,22.1519588958472,24.064542027190328
2026-08-10T17:12:05.947932+00:00,communication_drift_01,meter_02,176,none,publish_interval,random,random,random,normal_drift,0.9999999996717199,0.590663678806361,0,,1,0,collecting_candidates;drift_not_confirmed,source_publish_interval,voltage_rolling_mean=231.458249;source_publish_interval=0.653856,source_publish_interval,0.8907499723136425,12.991082854568958,13.90512497164309
2026-08-10T17:12:05.961973+00:00,communication_drift_01,meter_03,176,none,publish_interval,random,random,random,normal_drift,0.9999999928342762,0.5336184700068762,0,,1,0,collecting_candidates;drift_not_confirmed,source_publish_interval,voltage_rolling_mean=230.583691;source_publish_interval=0.653856,source_publish_interval,0.6141660269349813,10.151667054742575,10.785749880596995
2026-08-10T17:12:06.727777+00:00,communication_drift_01,meter_01,177,none,publish_interval,random,random,random,normal_drift,0.9999999999963785,0.4847750044379568,0,,1,0,collecting_candidates;drift_not_confirmed,source_publish_interval,voltage_rolling_mean=231.651065;source_publish_interval=0.653855,source_publish_interval,1.371749909594655,21.104541141539812,22.514875046908855
2026-08-10T17:12:06.750597+00:00,communication_drift_01,meter_02,177,none,publish_interval,random,random,random,normal_drift,0.9999999999151699,0.45062294435774825,0,,1,0,collecting_candidates;drift_not_confirmed,source_publish_interval,voltage_rolling_mean=231.458249;source_publish_interval=0.653856,source_publish_interval,0.8945409208536148,13.146999990567565,14.067207928746939
2026-08-10T17:12:06.764796+00:00,communication_drift_01,meter_03,177,none,publish_interval,random,random,random,normal_drift,0.9999999925686227,0.4368688658133457,0,,1,0,collecting_candidates;drift_not_confirmed,source_publish_interval,voltage_rolling_mean=230.583691;source_publish_interval=0.653856,source_publish_interval,0.6355000659823418,9.840040933340788,10.495583061128855
2026-08-10T17:12:07.533075+00:00,communication_drift_01,meter_01,178,none,publish_interval,random,random,random,normal_drift,0.9999999999943869,0.47962006571098215,0,,1,0,collecting_candidates;drift_not_confirmed,source_publish_interval,voltage_rolling_mean=231.651065;source_publish_interval=0.653855,source_publish_interval,2.064333064481616,22.46641693636775,24.579790886491537
2026-08-10T17:12:07.558051+00:00,communication_drift_01,meter_02,178,none,publish_interval,random,random,random,normal_drift,0.9999999999545706,0.4434870304486527,0,,1,0,collecting_candidates;drift_not_confirmed,source_publish_interval,voltage_rolling_mean=231.458249;source_publish_interval=0.653856,source_publish_interval,0.8612088859081268,12.070124968886375,12.95700017362833
2026-08-10T17:12:07.571138+00:00,communication_drift_01,meter_03,178,none,publish_interval,random,random,random,normal_drift,0.9999999936701502,0.46101493172036745,0,,1,0,collecting_candidates;drift_not_confirmed,source_publish_interval,voltage_rolling_mean=230.583691;source_publish_interval=0.653856,source_publish_interval,0.5408339202404022,9.490124881267548,10.051375022158027
2026-08-10T17:12:08.337733+00:00,communication_drift_01,meter_01,179,none,publish_interval,random,random,random,normal_drift,0.9999999999989664,0.4726602577728061,0,,1,0,collecting_candidates;drift_not_confirmed,source_publish_interval,voltage_rolling_mean=231.651065;source_publish_interval=0.653855,source_publish_interval,1.2899169232696295,21.195124834775925,22.525083040818572
2026-08-10T17:12:08.360583+00:00,communication_drift_01,meter_02,179,none,publish_interval,random,random,random,normal_drift,0.9999999998297728,0.4836112470477345,0,,1,0,collecting_candidates;drift_not_confirmed,source_publish_interval,voltage_rolling_mean=231.458249;source_publish_interval=0.653856,source_publish_interval,0.9012499358505011,13.116750167682767,14.043167000636458
2026-08-10T17:12:08.374751+00:00,communication_drift_01,meter_03,179,none,publish_interval,random,random,random,normal_drift,0.9999999928440395,0.4409371986543562,0,,1,0,collecting_candidates;drift_not_confirmed,source_publish_interval,voltage_rolling_mean=230.583691;source_publish_interval=0.653856,source_publish_interval,0.6337501108646393,9.83575009740889,10.490000015124679
2026-08-10T17:12:09.143665+00:00,communication_drift_01,meter_01,180,none,publish_interval,random,random,random,normal_drift,0.9999999999964841,0.46236081280097213,0,,1,0,collecting_candidates;drift_not_confirmed,source_publish_interval,voltage_rolling_mean=231.651065;source_publish_interval=0.653855,source_publish_interval,3.3409169409424067,24.869166081771255,28.25395786203444
2026-08-10T17:12:09.172357+00:00,communication_drift_01,meter_02,180,none,publish_interval,random,random,random,normal_drift,0.9999999999503764,0.45197401452970176,0,,1,0,collecting_candidates;drift_not_confirmed,source_publish_interval,voltage_rolling_mean=231.458249;source_publish_interval=0.653856,source_publish_interval,0.8655830752104521,12.100875144824386,12.992874952033162
2026-08-10T17:12:09.185481+00:00,communication_drift_01,meter_03,180,none,publish_interval,random,random,random,normal_drift,0.9999999977605523,0.5225986155971886,0,,1,0,collecting_candidates;drift_not_confirmed,source_publish_interval,voltage_rolling_mean=230.583691;source_publish_interval=0.653856,source_publish_interval,0.5995000246912241,9.843833977356553,10.46374998986721
2026-08-10T17:12:09.948408+00:00,communication_drift_01,meter_01,181,none,publish_interval,random,random,random,normal_drift,0.999999999875324,0.58527245679125,0,,1,0,collecting_candidates;drift_not_confirmed,source_publish_interval,voltage_rolling_mean=231.651065;source_publish_interval=0.653855,source_publish_interval,1.8344579730182886,22.034750087186694,23.907584138214588
2026-08-10T17:12:09.972636+00:00,communication_drift_01,meter_02,181,none,publish_interval,random,random,random,normal_drift,0.999999999434436,0.49890936060628144,0,,1,0,collecting_candidates;drift_not_confirmed,source_publish_interval,voltage_rolling_mean=231.458249;source_publish_interval=0.653856,source_publish_interval,0.871000112965703,12.22795806825161,13.124041957780719
2026-08-10T17:12:09.985882+00:00,communication_drift_01,meter_03,181,none,publish_interval,random,random,random,normal_drift,0.9999999891883312,0.5172990459746429,0,,1,0,collecting_candidates;drift_not_confirmed,source_publish_interval,voltage_rolling_mean=230.583691;source_publish_interval=0.653856,source_publish_interval,0.5652499385178089,9.626749902963638,10.212166933342814
2026-08-10T17:12:10.751113+00:00,communication_drift_01,meter_01,182,none,publish_interval,random,random,random,normal_drift,0.9999999999574989,0.476601763746961,0,,1,0,collecting_candidates;drift_not_confirmed,source_publish_interval,voltage_rolling_mean=231.651065;source_publish_interval=0.653855,source_publish_interval,1.918416004627943,22.112000035122037,24.071458959951997
2026-08-10T17:12:10.775517+00:00,communication_drift_01,meter_02,182,none,publish_interval,random,random,random,normal_drift,0.9999999999009093,0.4780278803091104,0,,1,0,collecting_candidates;drift_not_confirmed,source_publish_interval,voltage_rolling_mean=231.458249;source_publish_interval=0.653856,source_publish_interval,0.8490001782774925,11.961083160713315,12.835500063374639
2026-08-10T17:12:10.788473+00:00,communication_drift_01,meter_03,182,none,publish_interval,random,random,random,normal_drift,0.9999999944118194,0.44097641717268804,0,,1,0,collecting_candidates;drift_not_confirmed,source_publish_interval,voltage_rolling_mean=230.583691;source_publish_interval=0.653856,source_publish_interval,0.5326671525835991,9.485583053901792,10.037707863375545
2026-08-10T17:12:11.556362+00:00,communication_drift_01,meter_01,183,none,publish_interval,random,random,random,normal_drift,0.9999999997995812,0.5681095805408642,0,,1,0,collecting_candidates;drift_not_confirmed,source_publish_interval,voltage_rolling_mean=231.651065;source_publish_interval=0.653855,source_publish_interval,2.154249930754304,20.939374808222055,23.135417141020298
2026-08-10T17:12:11.579820+00:00,communication_drift_01,meter_02,183,none,publish_interval,random,random,random,normal_drift,0.9999999999547047,0.4688501504561577,0,,1,0,collecting_candidates;drift_not_confirmed,source_publish_interval,voltage_rolling_mean=231.458249;source_publish_interval=0.653856,source_publish_interval,0.7565838750451803,11.754000093787909,12.533207889646292
2026-08-10T17:12:11.592467+00:00,communication_drift_01,meter_03,183,none,publish_interval,random,random,random,normal_drift,0.9999999871566226,0.4461602652126878,0,,1,0,collecting_candidates;drift_not_confirmed,source_publish_interval,voltage_rolling_mean=230.583691;source_publish_interval=0.653856,source_publish_interval,0.5394590552896261,9.478416061028838,10.037833824753761
2026-08-10T17:12:12.361386+00:00,communication_drift_01,meter_01,184,none,publish_interval,random,random,random,normal_drift,0.9999999994174364,0.4954018315883936,0,,1,0,collecting_candidates;drift_not_confirmed,source_publish_interval,voltage_rolling_mean=231.651065;source_publish_interval=0.653855,source_publish_interval,2.44308402761817,18.665082985535264,21.14104200154543
2026-08-10T17:12:12.382906+00:00,communication_drift_01,meter_02,184,none,publish_interval,random,random,random,normal_drift,0.9999999994725421,0.46458309510758183,0,,1,0,collecting_candidates;drift_not_confirmed,source_publish_interval,voltage_rolling_mean=231.458249;source_publish_interval=0.653856,source_publish_interval,0.7497088517993689,11.135790962725878,11.906125117093325
2026-08-10T17:12:12.394916+00:00,communication_drift_01,meter_03,184,none,publish_interval,random,random,random,normal_drift,0.9999996750232764,0.5041203664830584,0,,1,0,collecting_candidates;drift_not_confirmed,source_publish_interval,voltage_rolling_mean=230.583691;source_publish_interval=0.653856,source_publish_interval,0.532250152900815,9.45474999025464,10.004999814555049
2026-08-10T17:12:13.166263+00:00,communication_drift_01,meter_01,185,none,publish_interval,random,random,random,normal_drift,0.9999999999966243,0.4670665327001325,0,,1,0,collecting_candidates;drift_not_confirmed,source_publish_interval,voltage_rolling_mean=231.651065;source_publish_interval=0.653855,source_publish_interval,1.9719998817890882,22.610082989558578,24.625875055789948
2026-08-10T17:12:13.191311+00:00,communication_drift_01,meter_02,185,none,publish_interval,random,random,random,normal_drift,0.9999999986638644,0.5006448190627244,0,,1,0,collecting_candidates;drift_not_confirmed,source_publish_interval,voltage_rolling_mean=231.458249;source_publish_interval=0.653856,source_publish_interval,0.8578749839216471,11.9571250397712,12.838041177019477
2026-08-10T17:12:13.204266+00:00,communication_drift_01,meter_03,185,none,publish_interval,random,random,random,normal_drift,0.9999999886555154,0.46485476845169904,0,,1,0,collecting_candidates;drift_not_confirmed,source_publish_interval,voltage_rolling_mean=230.583691;source_publish_interval=0.653856,source_publish_interval,0.5315830931067467,9.515041951090097,10.06658305414021
2026-08-10T17:12:13.970598+00:00,communication_drift_01,meter_01,186,none,publish_interval,random,random,random,normal_drift,0.9999999999606637,0.45752679201037316,0,,1,0,collecting_candidates;drift_not_confirmed,source_publish_interval,voltage_rolling_mean=231.651065;source_publish_interval=0.653855,source_publish_interval,2.324041910469532,16.035583103075624,18.38933303952217
2026-08-10T17:12:13.989347+00:00,communication_drift_01,meter_02,186,none,publish_interval,random,random,random,normal_drift,0.9999999996066917,0.44676404154466637,0,,1,0,collecting_candidates;drift_not_confirmed,source_publish_interval,voltage_rolling_mean=231.458249;source_publish_interval=0.653856,source_publish_interval,0.7154999766498804,10.871625039726496,11.608042055740952
2026-08-10T17:12:14.001047+00:00,communication_drift_01,meter_03,186,none,publish_interval,random,random,random,normal_drift,0.9999999843188783,0.4988696228783648,0,,1,0,collecting_candidates;drift_not_confirmed,source_publish_interval,voltage_rolling_mean=230.583691;source_publish_interval=0.653856,source_publish_interval,0.5248330999165773,9.202833054587245,9.746416006237268
2026-08-10T17:12:14.775633+00:00,communication_drift_01,meter_01,187,none,publish_interval,random,random,random,normal_drift,0.9999999999785885,0.45810377909327443,0,,1,0,collecting_candidates;drift_not_confirmed,source_publish_interval,voltage_rolling_mean=231.651065;source_publish_interval=0.653855,source_publish_interval,2.684874925762415,17.105374950915575,19.828416872769594
2026-08-10T17:12:14.795858+00:00,communication_drift_01,meter_02,187,none,publish_interval,random,random,random,normal_drift,0.9999999998806897,0.4638247697644297,0,,1,0,collecting_candidates;drift_not_confirmed,source_publish_interval,voltage_rolling_mean=231.458249;source_publish_interval=0.653856,source_publish_interval,0.7379578892141581,11.150582926347852,11.910208035260439
2026-08-10T17:12:14.807873+00:00,communication_drift_01,meter_03,187,none,publish_interval,random,random,random,normal_drift,0.9999999060588726,0.6298713001302292,0,,1,0,collecting_candidates;drift_not_confirmed,source_publish_interval,voltage_rolling_mean=230.583691;source_publish_interval=0.653856,source_publish_interval,0.5240829195827246,9.288500063121319,9.831667179241776
2026-08-10T17:12:15.580761+00:00,communication_drift_01,meter_01,188,none,publish_interval,random,random,random,normal_drift,0.9999999998912321,0.4655495139591485,0,,1,0,collecting_candidates;drift_not_confirmed,source_publish_interval,voltage_rolling_mean=231.651065;source_publish_interval=0.653855,source_publish_interval,3.2893328461796045,22.319915937259793,25.655207922682166
2026-08-10T17:12:15.606847+00:00,communication_drift_01,meter_02,188,none,publish_interval,random,random,random,normal_drift,0.9999999998063849,0.44295483483838355,0,,1,0,collecting_candidates;drift_not_confirmed,source_publish_interval,voltage_rolling_mean=231.458249;source_publish_interval=0.653856,source_publish_interval,0.813791062682867,11.985999997705221,12.825584039092064
2026-08-10T17:12:15.619810+00:00,communication_drift_01,meter_03,188,none,publish_interval,random,random,random,normal_drift,0.9999999607742913,0.46618582212155707,0,,1,0,collecting_candidates;drift_not_confirmed,source_publish_interval,voltage_rolling_mean=230.583691;source_publish_interval=0.653856,source_publish_interval,0.5916249938309193,9.730458026751876,10.34170901402831
2026-08-10T17:12:16.385811+00:00,communication_drift_01,meter_01,189,none,publish_interval,random,random,random,normal_drift,0.9999999998622566,0.4442042742613022,0,,1,0,collecting_candidates;drift_not_confirmed,source_publish_interval,voltage_rolling_mean=231.651065;source_publish_interval=0.653855,source_publish_interval,2.6004589162766933,16.851583030074835,19.487207988277078
2026-08-10T17:12:16.405667+00:00,communication_drift_01,meter_02,189,none,publish_interval,random,random,random,normal_drift,0.9999999996263575,0.4603990294777493,0,,1,0,collecting_candidates;drift_not_confirmed,source_publish_interval,voltage_rolling_mean=231.458249;source_publish_interval=0.653856,source_publish_interval,0.6959999445825815,11.038958095014095,11.755625018849969
2026-08-10T17:12:16.417519+00:00,communication_drift_01,meter_03,189,none,publish_interval,random,random,random,normal_drift,0.9999999584050323,0.4480848298438241,0,,1,0,collecting_candidates;drift_not_confirmed,source_publish_interval,voltage_rolling_mean=230.583691;source_publish_interval=0.653856,source_publish_interval,0.539249973371625,9.326542029157281,9.884458966553211
2026-08-10T17:12:17.190754+00:00,communication_drift_01,meter_01,190,none,publish_interval,random,random,random,normal_drift,0.9999999999461648,0.45582896217826596,0,,1,0,collecting_candidates;drift_not_confirmed,source_publish_interval,voltage_rolling_mean=231.651065;source_publish_interval=0.653855,source_publish_interval,1.897208858281374,21.879833191633224,23.814083077013493
2026-08-10T17:12:17.214897+00:00,communication_drift_01,meter_02,190,none,publish_interval,random,random,random,normal_drift,0.9999999983386956,0.44875856316018325,0,,1,0,collecting_candidates;drift_not_confirmed,source_publish_interval,voltage_rolling_mean=231.458249;source_publish_interval=0.653856,source_publish_interval,0.7264579180628061,11.976042063906789,12.728082947432995
2026-08-10T17:12:17.227745+00:00,communication_drift_01,meter_03,190,none,publish_interval,random,random,random,normal_drift,0.9999999788809006,0.43747160901513604,0,,1,0,collecting_candidates;drift_not_confirmed,source_publish_interval,voltage_rolling_mean=230.583691;source_publish_interval=0.653856,source_publish_interval,0.6045419722795486,9.522416163235903,10.147291934117675
2026-08-10T17:12:17.996016+00:00,communication_drift_01,meter_01,191,none,publish_interval,random,random,random,normal_drift,0.9999999998232669,0.4912088515007893,0,,1,0,collecting_candidates;drift_not_confirmed,source_publish_interval,voltage_rolling_mean=231.651065;source_publish_interval=0.653855,source_publish_interval,1.9818330183625221,21.82829100638628,23.848916869610548
2026-08-10T17:12:18.020197+00:00,communication_drift_01,meter_02,191,none,publish_interval,random,random,random,normal_drift,0.9999999989960624,0.4465010972753001,0,,1,0,collecting_candidates;drift_not_confirmed,source_publish_interval,voltage_rolling_mean=231.458249;source_publish_interval=0.653856,source_publish_interval,0.7293338421732187,11.973374988883734,12.727083871141076
2026-08-10T17:12:18.033035+00:00,communication_drift_01,meter_03,191,none,publish_interval,random,random,random,normal_drift,0.9999999943509226,0.43196769717421785,0,,1,0,collecting_candidates;drift_not_confirmed,source_publish_interval,voltage_rolling_mean=230.583691;source_publish_interval=0.653856,source_publish_interval,0.5688329692929983,9.43737500347197,10.0255839060992
2026-08-10T17:12:18.801022+00:00,communication_drift_01,meter_01,192,none,publish_interval,random,random,random,normal_drift,0.99999999990218,0.44049500329934593,0,,1,0,collecting_candidates;drift_not_confirmed,source_publish_interval,voltage_rolling_mean=231.651065;source_publish_interval=0.653855,source_publish_interval,2.5605829432606697,18.661417067050934,21.252708975225687
2026-08-10T17:12:18.822628+00:00,communication_drift_01,meter_02,192,none,publish_interval,random,random,random,normal_drift,0.9999999965180855,0.4472677528712881,0,,1,0,collecting_candidates;drift_not_confirmed,source_publish_interval,voltage_rolling_mean=231.458249;source_publish_interval=0.653856,source_publish_interval,0.679458025842905,11.195708066225052,11.895708041265607
2026-08-10T17:12:18.834612+00:00,communication_drift_01,meter_03,192,none,publish_interval,random,random,random,normal_drift,0.999999939899816,0.51367766000668,0,,1,0,collecting_candidates;drift_not_confirmed,source_publish_interval,voltage_rolling_mean=230.583691;source_publish_interval=0.653856,source_publish_interval,0.5153748206794262,9.334791917353868,9.870250010862947
2026-08-10T17:12:19.606193+00:00,communication_drift_01,meter_01,193,none,publish_interval,random,random,random,normal_drift,0.999999999945359,0.45387103618723457,0,,1,0,collecting_candidates;drift_not_confirmed,source_publish_interval,voltage_rolling_mean=231.651065;source_publish_interval=0.653855,source_publish_interval,1.9544160459190607,22.063624812290072,24.060457944869995
2026-08-10T17:12:19.630606+00:00,communication_drift_01,meter_02,193,none,publish_interval,random,random,random,normal_drift,0.9999999994462834,0.44735537449375723,0,,1,0,collecting_candidates;drift_not_confirmed,source_publish_interval,voltage_rolling_mean=231.458249;source_publish_interval=0.653856,source_publish_interval,0.8269590325653553,11.960417032241821,12.814708985388279
2026-08-10T17:12:19.643546+00:00,communication_drift_01,meter_03,193,none,publish_interval,random,random,random,normal_drift,0.9999999845665855,0.55106120054751,0,,1,0,collecting_candidates;drift_not_confirmed,source_publish_interval,voltage_rolling_mean=230.583691;source_publish_interval=0.653856,source_publish_interval,0.5550829228013754,9.502749890089035,10.077625047415495
2026-08-10T17:12:20.411568+00:00,communication_drift_01,meter_01,194,none,publish_interval,random,random,random,normal_drift,0.9999999999007705,0.4505579707990195,0,,1,1,drift_not_confirmed;reference_updated,source_publish_interval,voltage_rolling_mean=231.651065;source_publish_interval=0.729363,source_publish_interval,1.919416943565011,22.319250041618943,24.28379189223051
2026-08-10T17:12:20.436212+00:00,communication_drift_01,meter_02,194,none,publish_interval,random,random,random,normal_drift,0.9999999945086453,0.47365678972649283,0,,1,1,drift_not_confirmed;reference_updated,source_publish_interval,voltage_rolling_mean=231.458249;source_publish_interval=0.729364,source_publish_interval,0.8203750476241112,11.973665794357657,12.818959075957537
2026-08-10T17:12:20.449161+00:00,communication_drift_01,meter_03,194,none,publish_interval,random,random,random,normal_drift,0.9999999950766736,0.43535049166312956,0,,1,1,drift_not_confirmed;reference_updated,source_publish_interval,voltage_rolling_mean=230.583691;source_publish_interval=0.729365,source_publish_interval,0.5244161002337933,9.726166957989335,10.273040970787406
2026-08-10T17:12:21.213425+00:00,communication_drift_01,meter_01,195,none,publish_interval,random,random,random,normal_drift,0.9999999998302478,0.445305945768922,0,,1,0,collecting_candidates;drift_not_confirmed,source_publish_interval,voltage_rolling_mean=231.651065;source_publish_interval=0.729363,source_publish_interval,2.232208149507642,22.59575016796589,24.874249938875437
2026-08-10T17:12:21.238756+00:00,communication_drift_01,meter_02,195,none,publish_interval,random,random,random,normal_drift,0.9999999989264905,0.46650813752228026,0,,1,0,collecting_candidates;drift_not_confirmed,source_publish_interval,voltage_rolling_mean=231.458249;source_publish_interval=0.729364,source_publish_interval,0.82633295096457,12.041999958455563,12.892792001366615
2026-08-10T17:12:21.251774+00:00,communication_drift_01,meter_03,195,none,publish_interval,random,random,random,normal_drift,0.9999996161015591,0.43772685567033076,0,,1,0,collecting_candidates;drift_not_confirmed,source_publish_interval,voltage_rolling_mean=230.583691;source_publish_interval=0.729365,source_publish_interval,0.5391659215092659,9.472750127315521,10.031125042587519
2026-08-10T17:12:22.017510+00:00,communication_drift_01,meter_01,196,none,publish_interval,random,random,random,normal_drift,0.9999999997908326,0.4430343372728863,0,,1,0,collecting_candidates;drift_not_confirmed,source_publish_interval,voltage_rolling_mean=231.651065;source_publish_interval=0.729363,source_publish_interval,1.9596251659095287,22.451791912317276,24.45558295585215
2026-08-10T17:12:22.042303+00:00,communication_drift_01,meter_02,196,none,publish_interval,random,random,random,normal_drift,0.999999996304932,0.5031093632678788,0,,1,0,collecting_candidates;drift_not_confirmed,source_publish_interval,voltage_rolling_mean=231.458249;source_publish_interval=0.729364,source_publish_interval,0.8287078235298395,11.840332997962832,12.693207943812013
2026-08-10T17:12:22.055118+00:00,communication_drift_01,meter_03,196,none,publish_interval,random,random,random,normal_drift,0.9999999976499212,0.44213269095643704,0,,1,0,collecting_candidates;drift_not_confirmed,source_publish_interval,voltage_rolling_mean=230.583691;source_publish_interval=0.729365,source_publish_interval,0.5678329616785049,9.718292159959674,10.305250063538551
2026-08-10T17:12:22.822796+00:00,communication_drift_01,meter_01,197,none,publish_interval,random,random,random,normal_drift,0.9999999992551292,0.5059847236912451,0,,1,0,collecting_candidates;drift_not_confirmed,source_publish_interval,voltage_rolling_mean=231.651065;source_publish_interval=0.729363,source_publish_interval,2.0637090783566236,22.59737509302795,24.70445795916021
2026-08-10T17:12:22.847931+00:00,communication_drift_01,meter_02,197,none,publish_interval,random,random,random,normal_drift,0.9999999989124684,0.48186806834035284,0,,1,0,collecting_candidates;drift_not_confirmed,source_publish_interval,voltage_rolling_mean=231.458249;source_publish_interval=0.729364,source_publish_interval,0.8580000139772892,12.002750067040324,12.886707903817296
2026-08-10T17:12:22.860943+00:00,communication_drift_01,meter_03,197,none,publish_interval,random,random,random,normal_drift,0.9999999881418623,0.4397891225811363,0,,1,0,collecting_candidates;drift_not_confirmed,source_publish_interval,voltage_rolling_mean=230.583691;source_publish_interval=0.729365,source_publish_interval,0.5154160317033529,9.567625122144818,10.102958884090185
2026-08-10T17:12:23.627002+00:00,communication_drift_01,meter_01,198,none,publish_interval,random,random,random,normal_drift,0.9999999994126731,0.5164633289879206,0,,1,0,collecting_candidates;drift_not_confirmed,source_publish_interval,voltage_rolling_mean=231.651065;source_publish_interval=0.729363,source_publish_interval,2.478916896507144,21.563875023275614,24.083459051325917
2026-08-10T17:12:23.651550+00:00,communication_drift_01,meter_02,198,none,publish_interval,random,random,random,normal_drift,0.9999999987168084,0.4378175450696025,0,,1,0,collecting_candidates;drift_not_confirmed,source_publish_interval,voltage_rolling_mean=231.458249;source_publish_interval=0.729364,source_publish_interval,0.7354582194238901,11.94541691802442,12.70524994470179
2026-08-10T17:12:23.664369+00:00,communication_drift_01,meter_03,198,none,publish_interval,random,random,random,normal_drift,0.999999984719459,0.4348070252712055,0,,1,0,collecting_candidates;drift_not_confirmed,source_publish_interval,voltage_rolling_mean=230.583691;source_publish_interval=0.729365,source_publish_interval,0.5679160822182894,9.501083055511117,10.08770801126957
2026-08-10T17:12:24.430982+00:00,communication_drift_01,meter_01,199,none,publish_interval,random,random,random,normal_drift,0.999999998779151,0.47710137569547856,0,,1,0,collecting_candidates;drift_not_confirmed,source_publish_interval,voltage_rolling_mean=231.651065;source_publish_interval=0.729363,source_publish_interval,2.29337508790195,22.530874935910106,24.859125027433038
2026-08-10T17:12:24.456170+00:00,communication_drift_01,meter_02,199,none,publish_interval,random,random,random,normal_drift,0.9999999963896613,0.43952361481284674,0,,1,0,collecting_candidates;drift_not_confirmed,source_publish_interval,voltage_rolling_mean=231.458249;source_publish_interval=0.729364,source_publish_interval,0.7446662057191133,11.685209115967155,12.453790986910462
2026-08-10T17:12:24.468729+00:00,communication_drift_01,meter_03,199,none,publish_interval,random,random,random,normal_drift,0.9999999898830746,0.45870706642983766,0,,1,0,collecting_candidates;drift_not_confirmed,source_publish_interval,voltage_rolling_mean=230.583691;source_publish_interval=0.729365,source_publish_interval,0.5695831496268511,9.67875006608665,10.267957812175155
2026-08-10T17:12:25.237493+00:00,communication_drift_01,meter_01,200,none,publish_interval,random,random,random,normal_drift,0.9999999986579549,0.47252685348391055,0,,1,0,collecting_candidates;drift_not_confirmed,source_publish_interval,voltage_rolling_mean=231.651065;source_publish_interval=0.729363,source_publish_interval,2.511124825105071,20.934166153892875,23.47720810212195
2026-08-10T17:12:25.261351+00:00,communication_drift_01,meter_02,200,none,publish_interval,random,random,random,normal_drift,0.9999999978819738,0.44033559633135444,0,,1,0,collecting_candidates;drift_not_confirmed,source_publish_interval,voltage_rolling_mean=231.458249;source_publish_interval=0.729364,source_publish_interval,0.6925421766936779,11.714708991348743,12.430792208760977
2026-08-10T17:12:25.273888+00:00,communication_drift_01,meter_03,200,none,publish_interval,random,random,random,normal_drift,0.9999999940610895,0.4384310646377734,0,,1,0,collecting_candidates;drift_not_confirmed,source_publish_interval,voltage_rolling_mean=230.583691;source_publish_interval=0.729365,source_publish_interval,0.5707081872969866,9.563042083755136,10.153000010177493
2026-08-10T17:12:26.041250+00:00,communication_drift_01,meter_01,201,none,publish_interval,random,random,random,normal_drift,0.9999999996669184,0.44837070771002674,0,,1,0,collecting_candidates;drift_not_confirmed,source_publish_interval,voltage_rolling_mean=231.651065;source_publish_interval=0.729363,source_publish_interval,1.932790968567133,21.97791705839336,23.958958918228745
2026-08-10T17:12:26.065569+00:00,communication_drift_01,meter_02,201,none,publish_interval,random,random,random,normal_drift,0.999999854258249,0.6143423694825486,0,,1,0,collecting_candidates;drift_not_confirmed,source_publish_interval,voltage_rolling_mean=231.458249;source_publish_interval=0.729364,source_publish_interval,0.871292082592845,12.112334137782454,13.00995796918869
2026-08-10T17:12:26.078710+00:00,communication_drift_01,meter_03,201,none,publish_interval,random,random,random,normal_drift,0.9999999953053447,0.47888427381156223,0,,1,0,collecting_candidates;drift_not_confirmed,source_publish_interval,voltage_rolling_mean=230.583691;source_publish_interval=0.729365,source_publish_interval,0.5340408533811569,9.472207864746451,10.025708004832268
2026-08-10T17:12:26.843923+00:00,communication_drift_01,meter_01,202,none,publish_interval,random,random,random,normal_drift,0.9999999978317693,0.4893355674363643,0,,1,0,collecting_candidates;drift_not_confirmed,source_publish_interval,voltage_rolling_mean=231.651065;source_publish_interval=0.729363,source_publish_interval,3.1889579258859158,14.972749864682555,18.200459191575646
2026-08-10T17:12:26.862601+00:00,communication_drift_01,meter_02,202,none,publish_interval,random,random,random,normal_drift,0.9999999680333055,0.5860024609346408,0,,1,0,collecting_candidates;drift_not_confirmed,source_publish_interval,voltage_rolling_mean=231.458249;source_publish_interval=0.729364,source_publish_interval,0.6445830222219229,10.53941692225635,11.207540985196829
2026-08-10T17:12:26.873924+00:00,communication_drift_01,meter_03,202,none,publish_interval,random,random,random,normal_drift,0.9999999912201324,0.4428715918006432,0,,1,0,collecting_candidates;drift_not_confirmed,source_publish_interval,voltage_rolling_mean=230.583691;source_publish_interval=0.729365,source_publish_interval,0.5324590019881725,8.88037495315075,9.435542160645127
2026-08-10T17:12:27.646841+00:00,communication_drift_01,meter_01,203,none,publish_interval,random,random,random,normal_drift,0.9999999414265196,0.5839788747733914,0,,1,0,collecting_candidates;drift_not_confirmed,source_publish_interval,voltage_rolling_mean=231.651065;source_publish_interval=0.729363,source_publish_interval,1.9831249956041574,22.675458109006286,24.70095898024738
2026-08-10T17:12:27.671908+00:00,communication_drift_01,meter_02,203,none,publish_interval,random,random,random,normal_drift,0.9999999936630732,0.43396071546181464,0,,1,0,collecting_candidates;drift_not_confirmed,source_publish_interval,voltage_rolling_mean=231.458249;source_publish_interval=0.729364,source_publish_interval,0.881540821865201,12.142166960984468,13.048292137682438
2026-08-10T17:12:27.685093+00:00,communication_drift_01,meter_03,203,none,publish_interval,random,random,random,normal_drift,0.9999999967260209,0.4457183934170856,0,,1,0,collecting_candidates;drift_not_confirmed,source_publish_interval,voltage_rolling_mean=230.583691;source_publish_interval=0.729365,source_publish_interval,0.5228749942034483,9.508125018328428,10.051083052530885
2026-08-10T17:12:28.451784+00:00,communication_drift_01,meter_01,204,none,publish_interval,random,random,random,normal_drift,0.9999999988908328,0.4925278995372088,0,,1,0,collecting_candidates;drift_not_confirmed,source_publish_interval,voltage_rolling_mean=231.651065;source_publish_interval=0.729363,source_publish_interval,1.6237921081483364,21.979250013828278,23.65191699936986
2026-08-10T17:12:28.475714+00:00,communication_drift_01,meter_02,204,none,publish_interval,random,random,random,normal_drift,0.999999995477211,0.5406880698253295,0,,1,0,collecting_candidates;drift_not_confirmed,source_publish_interval,voltage_rolling_mean=231.458249;source_publish_interval=0.729364,source_publish_interval,0.7384999189525843,11.759542161598802,12.520916992798448
2026-08-10T17:12:28.488349+00:00,communication_drift_01,meter_03,204,none,publish_interval,random,random,random,normal_drift,0.9999999842080338,0.44279884901264127,0,,1,0,collecting_candidates;drift_not_confirmed,source_publish_interval,voltage_rolling_mean=230.583691;source_publish_interval=0.729365,source_publish_interval,0.520625151693821,9.654040914028883,10.195042006671429
2026-08-10T17:12:29.255664+00:00,communication_drift_01,meter_01,205,none,publish_interval,random,random,random,normal_drift,0.9999999992078463,0.4935694887307981,0,,1,0,collecting_candidates;drift_not_confirmed,source_publish_interval,voltage_rolling_mean=231.651065;source_publish_interval=0.729363,source_publish_interval,1.3934581074863672,21.521207876503468,22.953040897846222
2026-08-10T17:12:29.278928+00:00,communication_drift_01,meter_02,205,none,publish_interval,random,random,random,normal_drift,0.9999999933059669,0.432141599317811,0,,1,0,collecting_candidates;drift_not_confirmed,source_publish_interval,voltage_rolling_mean=231.458249;source_publish_interval=0.729364,source_publish_interval,0.8754171431064606,13.021790888160467,13.92233301885426
2026-08-10T17:12:29.292980+00:00,communication_drift_01,meter_03,205,none,publish_interval,random,random,random,normal_drift,0.9999999857152899,0.5702042428062128,0,,1,0,collecting_candidates;drift_not_confirmed,source_publish_interval,voltage_rolling_mean=230.583691;source_publish_interval=0.729365,source_publish_interval,0.6140831392258406,10.300124995410442,10.934999911114573
2026-08-10T17:12:30.061262+00:00,communication_drift_01,meter_01,206,none,publish_interval,random,random,random,normal_drift,0.9999999989762489,0.4553804983427094,0,,1,0,collecting_candidates;drift_not_confirmed,source_publish_interval,voltage_rolling_mean=231.651065;source_publish_interval=0.729363,source_publish_interval,1.9751659128814936,21.973415976390243,23.991459049284458
2026-08-10T17:12:30.085697+00:00,communication_drift_01,meter_02,206,none,publish_interval,random,random,random,normal_drift,0.9999999959455108,0.441891639884604,0,,1,0,collecting_candidates;drift_not_confirmed,source_publish_interval,voltage_rolling_mean=231.458249;source_publish_interval=0.729364,source_publish_interval,0.8391248993575573,11.92316715605557,12.78449990786612
2026-08-10T17:12:30.098594+00:00,communication_drift_01,meter_03,206,none,publish_interval,random,random,random,normal_drift,0.9999999954724377,0.46722283978251894,0,,1,0,collecting_candidates;drift_not_confirmed,source_publish_interval,voltage_rolling_mean=230.583691;source_publish_interval=0.729365,source_publish_interval,0.5057079251855612,9.611040819436312,10.136707918718457
2026-08-10T17:12:30.866578+00:00,communication_drift_01,meter_01,207,none,publish_interval,random,random,random,normal_drift,0.9999999990043857,0.45300528545353574,0,,1,0,collecting_candidates;drift_not_confirmed,source_publish_interval,voltage_rolling_mean=231.651065;source_publish_interval=0.729363,source_publish_interval,1.939541194587946,21.56879217363894,23.546624928712845
2026-08-10T17:12:30.890458+00:00,communication_drift_01,meter_02,207,none,publish_interval,random,random,random,normal_drift,0.999999992704302,0.44674946100600993,0,,1,0,collecting_candidates;drift_not_confirmed,source_publish_interval,voltage_rolling_mean=231.458249;source_publish_interval=0.729364,source_publish_interval,0.6909999065101147,11.739791138097644,12.453207978978753
2026-08-10T17:12:30.903028+00:00,communication_drift_01,meter_03,207,none,publish_interval,random,random,random,normal_drift,0.9999999930444556,0.4410317383648284,0,,1,0,collecting_candidates;drift_not_confirmed,source_publish_interval,voltage_rolling_mean=230.583691;source_publish_interval=0.729365,source_publish_interval,0.5073328502476215,9.427750017493963,9.955459041520953
2026-08-10T17:12:31.668830+00:00,communication_drift_01,meter_01,208,none,publish_interval,random,random,random,normal_drift,0.9999999979366667,0.4498823822526578,0,,1,0,collecting_candidates;drift_not_confirmed,source_publish_interval,voltage_rolling_mean=231.651065;source_publish_interval=0.729363,source_publish_interval,1.93875003606081,22.00291701592505,23.979249875992537
2026-08-10T17:12:31.693135+00:00,communication_drift_01,meter_02,208,none,publish_interval,random,random,random,normal_drift,0.9999999939181872,0.4350376281287568,0,,1,0,collecting_candidates;drift_not_confirmed,source_publish_interval,voltage_rolling_mean=231.458249;source_publish_interval=0.729364,source_publish_interval,0.8335418533533812,11.932292021811008,12.78920890763402
2026-08-10T17:12:31.706038+00:00,communication_drift_01,meter_03,208,none,publish_interval,random,random,random,normal_drift,0.9999999420404633,0.49039359474126076,0,,1,0,collecting_candidates;drift_not_confirmed,source_publish_interval,voltage_rolling_mean=230.583691;source_publish_interval=0.729365,source_publish_interval,0.5220409948378801,9.520499967038631,10.061957873404026
2026-08-10T17:12:32.473968+00:00,communication_drift_01,meter_01,209,none,publish_interval,random,random,random,normal_drift,0.9999999958456778,0.508121298208184,0,,1,0,collecting_candidates;drift_not_confirmed,source_publish_interval,voltage_rolling_mean=231.651065;source_publish_interval=0.729363,source_publish_interval,2.0072089973837137,22.04299997538328,24.096500128507614
2026-08-10T17:12:32.498437+00:00,communication_drift_01,meter_02,209,none,publish_interval,random,random,random,normal_drift,0.9999999977663245,0.4982599022143691,0,,1,0,collecting_candidates;drift_not_confirmed,source_publish_interval,voltage_rolling_mean=231.458249;source_publish_interval=0.729364,source_publish_interval,0.8434581104665995,12.095916084945202,12.963457964360714
2026-08-10T17:12:32.511526+00:00,communication_drift_01,meter_03,209,none,publish_interval,random,random,random,normal_drift,0.9999999907982372,0.48140216064467795,0,,1,0,collecting_candidates;drift_not_confirmed,source_publish_interval,voltage_rolling_mean=230.583691;source_publish_interval=0.729365,source_publish_interval,0.5185829941183329,9.52020799741149,10.058959014713764
2026-08-10T17:12:33.278407+00:00,communication_drift_01,meter_01,210,none,publish_interval,random,random,random,normal_drift,0.9999999983888235,0.529747818925211,0,,1,0,collecting_candidates;drift_not_confirmed,source_publish_interval,voltage_rolling_mean=231.651065;source_publish_interval=0.729363,source_publish_interval,2.011708915233612,22.025249898433685,24.089334066957235
2026-08-10T17:12:33.302990+00:00,communication_drift_01,meter_02,210,none,publish_interval,random,random,random,normal_drift,0.9999999854464765,0.4532429052098701,0,,1,0,collecting_candidates;drift_not_confirmed,source_publish_interval,voltage_rolling_mean=231.458249;source_publish_interval=0.729364,source_publish_interval,0.8710830006748438,12.237749993801117,13.137124944478273
2026-08-10T17:12:33.316278+00:00,communication_drift_01,meter_03,210,none,publish_interval,random,random,random,normal_drift,0.9999999976560945,0.46943183484362216,0,,1,0,collecting_candidates;drift_not_confirmed,source_publish_interval,voltage_rolling_mean=230.583691;source_publish_interval=0.729365,source_publish_interval,0.5691670812666416,9.564582956954837,10.153374867513776
2026-08-10T17:12:34.082076+00:00,communication_drift_01,meter_01,211,none,publish_interval,random,random,random,normal_drift,0.9999999988067676,0.45877087732399924,0,,1,0,collecting_candidates;drift_not_confirmed,source_publish_interval,voltage_rolling_mean=231.651065;source_publish_interval=0.729363,source_publish_interval,1.326332800090313,20.350666949525476,21.718875039368868
2026-08-10T17:12:34.104047+00:00,communication_drift_01,meter_02,211,none,publish_interval,random,random,random,normal_drift,0.9999999789048817,0.45828318109368815,0,,1,0,collecting_candidates;drift_not_confirmed,source_publish_interval,voltage_rolling_mean=231.458249;source_publish_interval=0.729364,source_publish_interval,0.8382501546293497,12.735958909615874,13.600625097751617
2026-08-10T17:12:34.117785+00:00,communication_drift_01,meter_03,211,none,publish_interval,random,random,random,normal_drift,0.9999999791886924,0.5356533705805142,0,,1,0,collecting_candidates;drift_not_confirmed,source_publish_interval,voltage_rolling_mean=230.583691;source_publish_interval=0.729365,source_publish_interval,0.5725000519305468,9.817542042583227,10.410916991531849
2026-08-10T17:12:34.888080+00:00,communication_drift_01,meter_01,212,none,publish_interval,random,random,random,normal_drift,0.9999999935155173,0.4656224378813054,0,,1,0,collecting_candidates;drift_not_confirmed,source_publish_interval,voltage_rolling_mean=231.651065;source_publish_interval=0.729363,source_publish_interval,2.233915962278843,22.310083033517003,24.602999910712242
2026-08-10T17:12:34.913146+00:00,communication_drift_01,meter_02,212,none,publish_interval,random,random,random,normal_drift,0.9999999980781111,0.474631475118635,0,,1,0,collecting_candidates;drift_not_confirmed,source_publish_interval,voltage_rolling_mean=231.458249;source_publish_interval=0.729364,source_publish_interval,0.9088329970836639,12.248208047822118,13.191333040595055
2026-08-10T17:12:34.926516+00:00,communication_drift_01,meter_03,212,none,publish_interval,random,random,random,normal_drift,0.999999995665966,0.47913027696393157,0,,1,0,collecting_candidates;drift_not_confirmed,source_publish_interval,voltage_rolling_mean=230.583691;source_publish_interval=0.729365,source_publish_interval,0.5729170516133308,9.691541083157063,10.288750054314733
2026-08-10T17:12:35.693017+00:00,communication_drift_01,meter_01,213,none,publish_interval,random,random,random,normal_drift,0.9999999973775955,0.48596548558343394,0,,1,0,collecting_candidates;drift_not_confirmed,source_publish_interval,voltage_rolling_mean=231.651065;source_publish_interval=0.729363,source_publish_interval,2.479374874383211,22.6992079988122,25.23512509651482
2026-08-10T17:12:35.718755+00:00,communication_drift_01,meter_02,213,none,publish_interval,random,random,random,normal_drift,0.9999999929408743,0.4543575013694408,0,,1,0,collecting_candidates;drift_not_confirmed,source_publish_interval,voltage_rolling_mean=231.458249;source_publish_interval=0.729364,source_publish_interval,0.907916808500886,11.960959061980247,12.896083062514663
2026-08-10T17:12:35.731817+00:00,communication_drift_01,meter_03,213,none,publish_interval,random,random,random,normal_drift,0.9999999946817428,0.45573026044579507,0,,1,0,collecting_candidates;drift_not_confirmed,source_publish_interval,voltage_rolling_mean=230.583691;source_publish_interval=0.729365,source_publish_interval,0.538958003744483,9.529166854918003,10.090999770909548
2026-08-10T17:12:36.498081+00:00,communication_drift_01,meter_01,214,none,publish_interval,random,random,random,normal_drift,0.9999999979528986,0.44084366092023725,0,,1,1,drift_not_confirmed;reference_updated,source_publish_interval,voltage_rolling_mean=231.651065;source_publish_interval=0.766848,source_publish_interval,2.587374998256564,18.765917047858238,21.393083035945892
2026-08-10T17:12:36.519922+00:00,communication_drift_01,meter_02,214,none,publish_interval,random,random,random,normal_drift,0.9999999930160024,0.5223934796576764,0,,1,1,drift_not_confirmed;reference_updated,source_publish_interval,voltage_rolling_mean=231.458249;source_publish_interval=0.766849,source_publish_interval,0.7600840181112289,11.477665975689888,12.263125041499734
2026-08-10T17:12:36.532310+00:00,communication_drift_01,meter_03,214,none,publish_interval,random,random,random,normal_drift,0.9999999521217883,0.48908739699822684,0,,1,1,drift_not_confirmed;reference_updated,source_publish_interval,voltage_rolling_mean=230.583691;source_publish_interval=0.766850,source_publish_interval,0.5275839939713478,9.515875019133091,10.06820797920227
2026-08-10T17:12:37.302949+00:00,communication_drift_01,meter_01,215,none,publish_interval,random,random,random,normal_drift,0.9999999846592535,0.4987210264604366,0,,1,0,collecting_candidates;drift_not_confirmed,source_publish_interval,voltage_rolling_mean=231.651065;source_publish_interval=0.766848,source_publish_interval,2.366333967074752,22.506916895508766,24.92654207162559
2026-08-10T17:12:37.328324+00:00,communication_drift_01,meter_02,215,none,publish_interval,random,random,random,normal_drift,0.9999999895594275,0.4652437450959983,0,,1,0,collecting_candidates;drift_not_confirmed,source_publish_interval,voltage_rolling_mean=231.458249;source_publish_interval=0.766849,source_publish_interval,0.8666249923408031,12.198666110634804,13.09300004504621
2026-08-10T17:12:37.341559+00:00,communication_drift_01,meter_03,215,none,publish_interval,random,random,random,normal_drift,0.9999999965966921,0.4555635075363068,0,,1,0,collecting_candidates;drift_not_confirmed,source_publish_interval,voltage_rolling_mean=230.583691;source_publish_interval=0.766850,source_publish_interval,0.5266661755740643,9.576500160619617,10.124958818778396
2026-08-10T17:12:38.108039+00:00,communication_drift_01,meter_01,216,none,publish_interval,random,random,random,normal_drift,0.9999999985063426,0.443094488563965,0,,1,0,collecting_candidates;drift_not_confirmed,source_publish_interval,voltage_rolling_mean=231.651065;source_publish_interval=0.766848,source_publish_interval,1.9167920108884573,21.78491698578,23.74995779246092
2026-08-10T17:12:38.132134+00:00,communication_drift_01,meter_02,216,none,publish_interval,random,random,random,normal_drift,0.9999999844962275,0.4763028454863273,0,,1,0,collecting_candidates;drift_not_confirmed,source_publish_interval,voltage_rolling_mean=231.458249;source_publish_interval=0.766849,source_publish_interval,0.7524171378463507,12.039874913170934,12.824458070099354
2026-08-10T17:12:38.145104+00:00,communication_drift_01,meter_03,216,none,publish_interval,random,random,random,normal_drift,0.999999994260514,0.4618322795043935,0,,1,0,collecting_candidates;drift_not_confirmed,source_publish_interval,voltage_rolling_mean=230.583691;source_publish_interval=0.766850,source_publish_interval,0.5740830674767494,9.745500050485134,10.34287502989173
2026-08-10T17:12:38.908309+00:00,communication_drift_01,meter_01,217,none,publish_interval,random,random,random,normal_drift,0.9999999810906651,0.5309246705290371,0,,1,0,collecting_candidates;drift_not_confirmed,source_publish_interval,voltage_rolling_mean=231.651065;source_publish_interval=0.766848,source_publish_interval,1.8905831966549158,22.173792123794556,24.10624991171062
2026-08-10T17:12:38.932740+00:00,communication_drift_01,meter_02,217,none,publish_interval,random,random,random,normal_drift,0.9999999892848074,0.47169530776940255,0,,1,0,collecting_candidates;drift_not_confirmed,source_publish_interval,voltage_rolling_mean=231.458249;source_publish_interval=0.766849,source_publish_interval,0.8387078996747732,12.026416836306453,12.887541903182864
2026-08-10T17:12:38.945741+00:00,communication_drift_01,meter_03,217,none,publish_interval,random,random,random,normal_drift,0.9999999917375085,0.4399405654838158,0,,1,0,collecting_candidates;drift_not_confirmed,source_publish_interval,voltage_rolling_mean=230.583691;source_publish_interval=0.766850,source_publish_interval,0.5093750078231096,9.627750143408775,10.157125070691109
2026-08-10T17:12:39.713359+00:00,communication_drift_01,meter_01,218,none,publish_interval,random,random,random,normal_drift,0.9999999988834678,0.45330218255759497,0,,1,0,collecting_candidates;drift_not_confirmed,source_publish_interval,voltage_rolling_mean=231.651065;source_publish_interval=0.766848,source_publish_interval,2.234417013823986,20.38266696035862,22.655416978523135
2026-08-10T17:12:39.736417+00:00,communication_drift_01,meter_02,218,none,publish_interval,random,random,random,normal_drift,0.9999999975081348,0.47262688954051957,0,,1,0,collecting_candidates;drift_not_confirmed,source_publish_interval,voltage_rolling_mean=231.458249;source_publish_interval=0.766849,source_publish_interval,0.7217500824481249,11.626332998275757,12.37150002270937
2026-08-10T17:12:39.748901+00:00,communication_drift_01,meter_03,218,none,publish_interval,random,random,random,normal_drift,0.9999999882142198,0.44677326994936806,0,,1,0,collecting_candidates;drift_not_confirmed,source_publish_interval,voltage_rolling_mean=230.583691;source_publish_interval=0.766850,source_publish_interval,0.5145410541445017,9.3943749088794,9.929750114679337
2026-08-10T17:12:40.517659+00:00,communication_drift_01,meter_01,219,none,publish_interval,random,random,random,normal_drift,0.999999998069171,0.44042560142529436,0,,1,0,collecting_candidates;drift_not_confirmed,source_publish_interval,voltage_rolling_mean=231.651065;source_publish_interval=0.766848,source_publish_interval,2.1697089541703463,21.867499919608235,24.08204204402864
2026-08-10T17:12:40.542141+00:00,communication_drift_01,meter_02,219,none,publish_interval,random,random,random,normal_drift,0.9999999943805968,0.43817974708019247,0,,1,0,collecting_candidates;drift_not_confirmed,source_publish_interval,voltage_rolling_mean=231.458249;source_publish_interval=0.766849,source_publish_interval,0.7676251698285341,11.773125035688281,12.566541088744998
2026-08-10T17:12:40.554835+00:00,communication_drift_01,meter_03,219,none,publish_interval,random,random,random,normal_drift,0.9999999892657324,0.4377177201397704,0,,1,0,collecting_candidates;drift_not_confirmed,source_publish_interval,voltage_rolling_mean=230.583691;source_publish_interval=0.766850,source_publish_interval,0.5899579264223576,9.648374980315566,10.259750066325068
2026-08-10T17:12:41.321889+00:00,communication_drift_01,meter_01,220,none,publish_interval,random,random,random,normal_drift,0.9999999922924464,0.4945090264427137,0,,1,0,collecting_candidates;drift_not_confirmed,source_publish_interval,voltage_rolling_mean=231.651065;source_publish_interval=0.766848,source_publish_interval,1.9841250032186508,22.146417060866952,24.17354192584753
2026-08-10T17:12:41.346386+00:00,communication_drift_01,meter_02,220,none,publish_interval,random,random,random,normal_drift,0.9999999861596307,0.5509660120563086,0,,1,0,collecting_candidates;drift_not_confirmed,source_publish_interval,voltage_rolling_mean=231.458249;source_publish_interval=0.766849,source_publish_interval,0.8699169848114252,11.961375130340457,12.85612490028143
2026-08-10T17:12:41.359356+00:00,communication_drift_01,meter_03,220,none,publish_interval,random,random,random,normal_drift,0.9999999903939861,0.44138812423037505,0,,1,0,collecting_candidates;drift_not_confirmed,source_publish_interval,voltage_rolling_mean=230.583691;source_publish_interval=0.766850,source_publish_interval,0.5381251685321331,9.596208110451698,10.154333198443055
2026-08-10T17:12:42.124886+00:00,communication_drift_01,meter_01,221,none,publish_interval,random,random,random,normal_drift,0.9999999992890094,0.48845643711843095,0,,1,0,collecting_candidates;drift_not_confirmed,source_publish_interval,voltage_rolling_mean=231.651065;source_publish_interval=0.766848,source_publish_interval,1.9374170806258917,21.57637500204146,23.55195814743638
2026-08-10T17:12:42.148748+00:00,communication_drift_01,meter_02,221,none,publish_interval,random,random,random,normal_drift,0.9999999962212252,0.58323113247684,0,,1,0,collecting_candidates;drift_not_confirmed,source_publish_interval,voltage_rolling_mean=231.458249;source_publish_interval=0.766849,source_publish_interval,0.881916843354702,12.15520896948874,13.061332982033491
2026-08-10T17:12:42.161924+00:00,communication_drift_01,meter_03,221,none,publish_interval,random,random,random,normal_drift,0.9999999894572827,0.45232989608447705,0,,1,0,collecting_candidates;drift_not_confirmed,source_publish_interval,voltage_rolling_mean=230.583691;source_publish_interval=0.766850,source_publish_interval,0.5916249938309193,9.583208942785859,10.195082984864712
2026-08-10T17:12:42.926584+00:00,communication_drift_01,meter_01,222,none,publish_interval,random,random,random,normal_drift,0.9999999987464061,0.44009814573937805,0,,1,0,collecting_candidates;drift_not_confirmed,source_publish_interval,voltage_rolling_mean=231.651065;source_publish_interval=0.766848,source_publish_interval,1.9405409693717957,22.31466700322926,24.29370884783566
2026-08-10T17:12:42.951218+00:00,communication_drift_01,meter_02,222,none,publish_interval,random,random,random,normal_drift,0.9999999985941492,0.45145668699386826,0,,1,0,collecting_candidates;drift_not_confirmed,source_publish_interval,voltage_rolling_mean=231.458249;source_publish_interval=0.766849,source_publish_interval,0.8801671210676432,11.974624823778868,12.877500150352716
2026-08-10T17:12:42.964215+00:00,communication_drift_01,meter_03,222,none,publish_interval,random,random,random,normal_drift,0.9999999943865068,0.4613889537038531,0,,1,0,collecting_candidates;drift_not_confirmed,source_publish_interval,voltage_rolling_mean=230.583691;source_publish_interval=0.766850,source_publish_interval,0.5382909439504147,9.464041097089648,10.022459086030722
2026-08-10T17:12:43.731629+00:00,communication_drift_01,meter_01,223,none,publish_interval,random,random,random,normal_drift,0.9999999995572844,0.514970967789055,0,,1,0,collecting_candidates;drift_not_confirmed,source_publish_interval,voltage_rolling_mean=231.651065;source_publish_interval=0.766848,source_publish_interval,2.7491250075399876,18.952874932438135,21.736874943599105
2026-08-10T17:12:43.753737+00:00,communication_drift_01,meter_02,223,none,publish_interval,random,random,random,normal_drift,0.9999999904225997,0.46684665061706543,0,,1,0,collecting_candidates;drift_not_confirmed,source_publish_interval,voltage_rolling_mean=231.458249;source_publish_interval=0.766849,source_publish_interval,0.7385420612990856,11.64850010536611,12.409625109285116
2026-08-10T17:12:43.766253+00:00,communication_drift_01,meter_03,223,none,publish_interval,random,random,random,normal_drift,0.99999999219212,0.47137555592514047,0,,1,0,collecting_candidates;drift_not_confirmed,source_publish_interval,voltage_rolling_mean=230.583691;source_publish_interval=0.766850,source_publish_interval,0.5234589334577322,9.394416119903326,9.938042145222425
2026-08-10T17:12:44.533814+00:00,communication_drift_01,meter_01,224,none,publish_interval,random,random,random,normal_drift,0.9999999981378915,0.44004606499941434,0,,1,0,collecting_candidates;drift_not_confirmed,source_publish_interval,voltage_rolling_mean=231.651065;source_publish_interval=0.766848,source_publish_interval,1.272458117455244,21.552375052124262,22.864583879709244
2026-08-10T17:12:44.556955+00:00,communication_drift_01,meter_02,224,none,publish_interval,random,random,random,normal_drift,0.999999991846337,0.4445352829571068,0,,1,0,collecting_candidates;drift_not_confirmed,source_publish_interval,voltage_rolling_mean=231.458249;source_publish_interval=0.766849,source_publish_interval,0.9419589769095182,12.961958069354296,13.929417124018073
2026-08-10T17:12:44.571044+00:00,communication_drift_01,meter_03,224,none,publish_interval,random,random,random,normal_drift,0.9999999620995993,0.4737986730785505,0,,1,0,collecting_candidates;drift_not_confirmed,source_publish_interval,voltage_rolling_mean=230.583691;source_publish_interval=0.766850,source_publish_interval,0.6239581853151321,10.098292026668787,10.746167041361332
2026-08-10T17:12:45.335709+00:00,communication_drift_01,meter_01,225,none,publish_interval,random,random,random,normal_drift,0.9999999977753302,0.43567246189044423,0,,1,0,collecting_candidates;drift_not_confirmed,source_publish_interval,voltage_rolling_mean=231.651065;source_publish_interval=0.766848,source_publish_interval,1.972333062440157,21.617542020976543,23.634084034711123
2026-08-10T17:12:45.359665+00:00,communication_drift_01,meter_02,225,none,publish_interval,random,random,random,normal_drift,0.9999999953822631,0.47139084965356554,0,,1,0,collecting_candidates;drift_not_confirmed,source_publish_interval,voltage_rolling_mean=231.458249;source_publish_interval=0.766849,source_publish_interval,0.8538749534636736,12.086832895874977,12.964332941919565
2026-08-10T17:12:45.372755+00:00,communication_drift_01,meter_03,225,none,publish_interval,random,random,random,normal_drift,0.9999999736935021,0.45168783380536587,0,,1,0,collecting_candidates;drift_not_confirmed,source_publish_interval,voltage_rolling_mean=230.583691;source_publish_interval=0.766850,source_publish_interval,0.5853748880326748,9.555165888741612,10.159916942939162
2026-08-10T17:12:46.136529+00:00,communication_drift_01,meter_01,226,none,publish_interval,random,random,random,normal_drift,0.9999999954174061,0.49412894132956636,0,,1,0,collecting_candidates;drift_not_confirmed,source_publish_interval,voltage_rolling_mean=231.651065;source_publish_interval=0.766848,source_publish_interval,1.8822499550879002,21.8298330437392,23.75437505543232
2026-08-10T17:12:46.160595+00:00,communication_drift_01,meter_02,226,none,publish_interval,random,random,random,normal_drift,0.9999999944417142,0.4314715093655217,0,,1,0,collecting_candidates;drift_not_confirmed,source_publish_interval,voltage_rolling_mean=231.458249;source_publish_interval=0.766849,source_publish_interval,0.8432501927018166,11.917208088561893,12.78329105116427
2026-08-10T17:12:46.173475+00:00,communication_drift_01,meter_03,226,none,publish_interval,random,random,random,normal_drift,0.9999999961246633,0.46584412400664293,0,,1,0,collecting_candidates;drift_not_confirmed,source_publish_interval,voltage_rolling_mean=230.583691;source_publish_interval=0.766850,source_publish_interval,0.5839159712195396,9.50541696511209,10.10829210281372
2026-08-10T17:12:46.941555+00:00,communication_drift_01,meter_01,227,none,publish_interval,random,random,random,normal_drift,0.9999999997250573,0.49557620349281384,0,,1,0,collecting_candidates;drift_not_confirmed,source_publish_interval,voltage_rolling_mean=231.651065;source_publish_interval=0.766848,source_publish_interval,2.5204161647707224,20.89595887809992,23.460499942302704
2026-08-10T17:12:46.965432+00:00,communication_drift_01,meter_02,227,none,publish_interval,random,random,random,normal_drift,0.9999999991336805,0.5318303492168193,0,,1,0,collecting_candidates;drift_not_confirmed,source_publish_interval,voltage_rolling_mean=231.458249;source_publish_interval=0.766849,source_publish_interval,0.8009579032659531,11.846875073388219,12.673791963607073
2026-08-10T17:12:46.978230+00:00,communication_drift_01,meter_03,227,none,publish_interval,random,random,random,normal_drift,0.9999999742686458,0.439823717608005,0,,1,0,collecting_candidates;drift_not_confirmed,source_publish_interval,voltage_rolling_mean=230.583691;source_publish_interval=0.766850,source_publish_interval,0.5898748058825731,9.595167124643922,10.206333128735423
2026-08-10T17:12:47.746547+00:00,communication_drift_01,meter_01,228,none,publish_interval,random,random,random,normal_drift,0.9999999981859511,0.43999090275217195,0,,1,0,collecting_candidates;drift_not_confirmed,source_publish_interval,voltage_rolling_mean=231.651065;source_publish_interval=0.766848,source_publish_interval,2.2471249103546143,22.37320807762444,24.661917006596923
2026-08-10T17:12:47.771606+00:00,communication_drift_01,meter_02,228,none,publish_interval,random,random,random,normal_drift,0.9999999936604744,0.4427543736073721,0,,1,0,collecting_candidates;drift_not_confirmed,source_publish_interval,voltage_rolling_mean=231.458249;source_publish_interval=0.766849,source_publish_interval,0.9292089380323887,12.217208044603467,13.171583181247115
2026-08-10T17:12:47.784917+00:00,communication_drift_01,meter_03,228,none,publish_interval,random,random,random,normal_drift,0.9999999961965542,0.4871190737224672,0,,1,0,collecting_candidates;drift_not_confirmed,source_publish_interval,voltage_rolling_mean=230.583691;source_publish_interval=0.766850,source_publish_interval,0.6065829657018185,9.608290856704116,10.235000168904662
2026-08-10T17:12:48.551663+00:00,communication_drift_01,meter_01,229,none,publish_interval,random,random,random,normal_drift,0.9999999946327989,0.4726495191955931,0,,1,0,collecting_candidates;drift_not_confirmed,source_publish_interval,voltage_rolling_mean=231.651065;source_publish_interval=0.766848,source_publish_interval,2.376875141635537,19.539499888196588,21.948874928057194
2026-08-10T17:12:48.573989+00:00,communication_drift_01,meter_02,229,none,publish_interval,random,random,random,normal_drift,0.999999997333219,0.44181896939761567,0,,1,0,collecting_candidates;drift_not_confirmed,source_publish_interval,voltage_rolling_mean=231.458249;source_publish_interval=0.766849,source_publish_interval,0.7361248135566711,11.592833092436194,12.354250065982342
2026-08-10T17:12:48.586452+00:00,communication_drift_01,meter_03,229,none,publish_interval,random,random,random,normal_drift,0.9999999916834984,0.5758782832385948,0,,1,0,collecting_candidates;drift_not_confirmed,source_publish_interval,voltage_rolling_mean=230.583691;source_publish_interval=0.766850,source_publish_interval,0.553417019546032,9.472290985286236,10.0464578717947
2026-08-10T17:12:49.356395+00:00,communication_drift_01,meter_01,230,none,publish_interval,random,random,random,normal_drift,0.9999999988585377,0.4355052678312122,0,,1,0,collecting_candidates;drift_not_confirmed,source_publish_interval,voltage_rolling_mean=231.651065;source_publish_interval=0.766848,source_publish_interval,2.764957956969738,18.799833953380585,21.60666696727276
2026-08-10T17:12:49.378421+00:00,communication_drift_01,meter_02,230,none,publish_interval,random,random,random,normal_drift,0.9999999846065077,0.4730306106279942,0,,1,0,collecting_candidates;drift_not_confirmed,source_publish_interval,voltage_rolling_mean=231.458249;source_publish_interval=0.766849,source_publish_interval,0.7717921398580074,11.592458002269268,12.386874994263053
2026-08-10T17:12:49.390922+00:00,communication_drift_01,meter_03,230,none,publish_interval,random,random,random,normal_drift,0.9999999634645413,0.49047753681978445,0,,1,0,collecting_candidates;drift_not_confirmed,source_publish_interval,voltage_rolling_mean=230.583691;source_publish_interval=0.766850,source_publish_interval,0.539958942681551,9.526124922558665,10.087208123877645
2026-08-10T17:12:50.159329+00:00,communication_drift_01,meter_01,231,none,publish_interval,random,random,random,normal_drift,0.9999999982062977,0.5299106295886982,0,,1,0,collecting_candidates;drift_not_confirmed,source_publish_interval,voltage_rolling_mean=231.651065;source_publish_interval=0.766848,source_publish_interval,2.2411660756915808,18.254749942570925,20.529290894046426
2026-08-10T17:12:50.180260+00:00,communication_drift_01,meter_02,231,none,publish_interval,random,random,random,normal_drift,0.9999999950479783,0.46197498882113397,0,,1,0,collecting_candidates;drift_not_confirmed,source_publish_interval,voltage_rolling_mean=231.458249;source_publish_interval=0.766849,source_publish_interval,0.7333329413086176,11.404125019907951,12.158915866166353
2026-08-10T17:12:50.192521+00:00,communication_drift_01,meter_03,231,none,publish_interval,random,random,random,normal_drift,0.9999999955375869,0.4962609548829522,0,,1,0,collecting_candidates;drift_not_confirmed,source_publish_interval,voltage_rolling_mean=230.583691;source_publish_interval=0.766850,source_publish_interval,0.5238328594714403,9.354916866868734,9.8984579090029
2026-08-10T17:12:50.964495+00:00,communication_drift_01,meter_01,232,none,publish_interval,random,random,random,normal_drift,0.9999999996003186,0.43382680004090185,0,,1,0,collecting_candidates;drift_not_confirmed,source_publish_interval,voltage_rolling_mean=231.651065;source_publish_interval=0.766848,source_publish_interval,2.2731670178472996,18.57016677968204,20.87795897386968
2026-08-10T17:12:50.985769+00:00,communication_drift_01,meter_02,232,none,publish_interval,random,random,random,normal_drift,0.9999999952913545,0.442666917432747,0,,1,0,collecting_candidates;drift_not_confirmed,source_publish_interval,voltage_rolling_mean=231.458249;source_publish_interval=0.766849,source_publish_interval,0.7342500612139702,11.341040953993797,12.096125166863203
2026-08-10T17:12:50.997960+00:00,communication_drift_01,meter_03,232,none,publish_interval,random,random,random,normal_drift,0.9999999887863146,0.44932843536467476,0,,1,0,collecting_candidates;drift_not_confirmed,source_publish_interval,voltage_rolling_mean=230.583691;source_publish_interval=0.766850,source_publish_interval,0.5179580766707659,9.489916963502765,10.027042124420404
2026-08-10T17:12:51.769527+00:00,communication_drift_01,meter_01,233,none,publish_interval,random,random,random,normal_drift,0.9999999986713983,0.4730524723694269,0,,1,0,collecting_candidates;drift_not_confirmed,source_publish_interval,voltage_rolling_mean=231.651065;source_publish_interval=0.766848,source_publish_interval,3.292375011369586,13.031041948124766,16.356874955818057
2026-08-10T17:12:51.786258+00:00,communication_drift_01,meter_02,233,none,publish_interval,random,random,random,normal_drift,0.9999999890274497,0.4879610250972973,0,,1,0,collecting_candidates;drift_not_confirmed,source_publish_interval,voltage_rolling_mean=231.458249;source_publish_interval=0.766849,source_publish_interval,0.6515418644994497,9.594291914254427,10.265584103763103
2026-08-10T17:12:51.796612+00:00,communication_drift_01,meter_03,233,none,publish_interval,random,random,random,normal_drift,0.999999985813329,0.4890835217840929,0,,1,0,collecting_candidates;drift_not_confirmed,source_publish_interval,voltage_rolling_mean=230.583691;source_publish_interval=0.766850,source_publish_interval,0.48933294601738453,8.570667123422027,9.078250033780932
2026-08-10T17:12:52.570745+00:00,communication_drift_01,meter_01,234,none,publish_interval,random,random,random,normal_drift,0.9999999932875072,0.5564482328430247,0,,1,1,drift_not_confirmed;reference_updated,source_publish_interval,voltage_rolling_mean=231.651065;source_publish_interval=0.785241,source_publish_interval,2.2667921148240566,22.502666106447577,24.81020800769329
2026-08-10T17:12:52.595864+00:00,communication_drift_01,meter_02,234,none,publish_interval,random,random,random,normal_drift,0.9999999984841257,0.46478951812053443,0,,1,1,drift_not_confirmed;reference_updated,source_publish_interval,voltage_rolling_mean=231.458249;source_publish_interval=0.785241,source_publish_interval,0.7823330815881491,12.134958989918232,12.944333022460341
2026-08-10T17:12:52.608932+00:00,communication_drift_01,meter_03,234,none,publish_interval,random,random,random,normal_drift,0.9999999927500751,0.4419525748403453,0,,1,1,drift_not_confirmed;reference_updated,source_publish_interval,voltage_rolling_mean=230.583691;source_publish_interval=0.785247,source_publish_interval,0.5996250547468662,9.62070794776082,10.24112501181662
2026-08-10T17:12:53.375575+00:00,communication_drift_01,meter_01,235,none,publish_interval,random,random,random,normal_drift,0.9999999960832842,0.4734580532952173,0,,1,0,collecting_candidates;drift_not_confirmed,source_publish_interval,voltage_rolling_mean=231.651065;source_publish_interval=0.785241,source_publish_interval,1.9430420361459255,21.65658283047378,23.63825007341802
2026-08-10T17:12:53.399541+00:00,communication_drift_01,meter_02,235,none,publish_interval,random,random,random,normal_drift,0.9999999955237249,0.4508751434454133,0,,1,0,collecting_candidates;drift_not_confirmed,source_publish_interval,voltage_rolling_mean=231.458249;source_publish_interval=0.785241,source_publish_interval,0.7652090862393379,11.934042209759355,12.724125059321523
2026-08-10T17:12:53.412384+00:00,communication_drift_01,meter_03,235,none,publish_interval,random,random,random,normal_drift,0.9999999660166456,0.4723748666370077,0,,1,0,collecting_candidates;drift_not_confirmed,source_publish_interval,voltage_rolling_mean=230.583691;source_publish_interval=0.785247,source_publish_interval,0.5976660177111626,9.581583086401224,10.200458113104105
2026-08-10T17:12:54.180513+00:00,communication_drift_01,meter_01,236,none,publish_interval,random,random,random,normal_drift,0.9999999995626536,0.5335041382878772,0,,1,0,collecting_candidates;drift_not_confirmed,source_publish_interval,voltage_rolling_mean=231.651065;source_publish_interval=0.785241,source_publish_interval,1.9680832047015429,22.17941707931459,24.182333145290613
2026-08-10T17:12:54.205083+00:00,communication_drift_01,meter_02,236,none,publish_interval,random,random,random,normal_drift,0.9999999928324117,0.4408717742224895,0,,1,0,collecting_candidates;drift_not_confirmed,source_publish_interval,voltage_rolling_mean=231.458249;source_publish_interval=0.785241,source_publish_interval,0.8461249526590109,11.981707997620106,12.852624990046024
2026-08-10T17:12:54.218044+00:00,communication_drift_01,meter_03,236,none,publish_interval,random,random,random,normal_drift,0.9999999632277423,0.4763882224226886,0,,1,0,collecting_candidates;drift_not_confirmed,source_publish_interval,voltage_rolling_mean=230.583691;source_publish_interval=0.785247,source_publish_interval,0.5900422111153603,9.489624993875623,10.09970880113542
2026-08-10T17:12:54.983640+00:00,communication_drift_01,meter_01,237,none,publish_interval,random,random,random,normal_drift,0.9999999981943437,0.43705404923405755,0,,1,0,collecting_candidates;drift_not_confirmed,source_publish_interval,voltage_rolling_mean=231.651065;source_publish_interval=0.785241,source_publish_interval,1.330832950770855,21.56183309853077,22.934499895200133
2026-08-10T17:12:55.006834+00:00,communication_drift_01,meter_02,237,none,publish_interval,random,random,random,normal_drift,0.9999999934195798,0.46761420172667145,0,,1,0,collecting_candidates;drift_not_confirmed,source_publish_interval,voltage_rolling_mean=231.458249;source_publish_interval=0.785241,source_publish_interval,0.8992080111056566,13.425582787021995,14.35158308595419
2026-08-10T17:12:55.021316+00:00,communication_drift_01,meter_03,237,none,publish_interval,random,random,random,normal_drift,0.999999995113676,0.4501890488894068,0,,1,0,collecting_candidates;drift_not_confirmed,source_publish_interval,voltage_rolling_mean=230.583691;source_publish_interval=0.785247,source_publish_interval,0.600416911765933,9.775958023965359,10.395125020295382
2026-08-10T17:12:55.789525+00:00,communication_drift_01,meter_01,238,none,publish_interval,random,random,random,normal_drift,0.9999999995224265,0.4548841676741757,0,,1,0,collecting_candidates;drift_not_confirmed,source_publish_interval,voltage_rolling_mean=231.651065;source_publish_interval=0.785241,source_publish_interval,2.381207887083292,21.452167071402073,23.872541030868888
2026-08-10T17:12:55.813812+00:00,communication_drift_01,meter_02,238,none,publish_interval,random,random,random,normal_drift,0.9999999820046771,0.4701876618794405,0,,1,0,collecting_candidates;drift_not_confirmed,source_publish_interval,voltage_rolling_mean=231.458249;source_publish_interval=0.785241,source_publish_interval,0.774916959926486,11.75033301115036,12.548041995614767
2026-08-10T17:12:55.826481+00:00,communication_drift_01,meter_03,238,none,publish_interval,random,random,random,normal_drift,0.9999999873881552,0.4422140029186572,0,,1,0,collecting_candidates;drift_not_confirmed,source_publish_interval,voltage_rolling_mean=230.583691;source_publish_interval=0.785247,source_publish_interval,0.5254580173641443,9.645541897043586,10.192624991759658
2026-08-10T17:12:56.590980+00:00,communication_drift_01,meter_01,239,none,publish_interval,random,random,random,normal_drift,0.9999999991591106,0.4920010034378857,0,,1,0,collecting_candidates;drift_not_confirmed,source_publish_interval,voltage_rolling_mean=231.651065;source_publish_interval=0.785241,source_publish_interval,1.3407501392066479,21.84695890173316,23.225834127515554
2026-08-10T17:12:56.614493+00:00,communication_drift_01,meter_02,239,none,publish_interval,random,random,random,normal_drift,0.9999999853817081,0.4816416143999094,0,,1,0,collecting_candidates;drift_not_confirmed,source_publish_interval,voltage_rolling_mean=231.458249;source_publish_interval=0.785241,source_publish_interval,0.8455000352114439,13.060042168945074,13.931416906416416
2026-08-10T17:12:56.628555+00:00,communication_drift_01,meter_03,239,none,publish_interval,random,random,random,normal_drift,0.9999999819187365,0.45027469907456796,0,,1,0,collecting_candidates;drift_not_confirmed,source_publish_interval,voltage_rolling_mean=230.583691;source_publish_interval=0.785247,source_publish_interval,0.587250106036663,9.661165997385979,10.267749894410372
2026-08-10T17:12:57.396732+00:00,communication_drift_01,meter_01,240,none,publish_interval,random,random,random,normal_drift,0.9999999990531081,0.4551851321450288,0,,1,0,collecting_candidates;drift_not_confirmed,source_publish_interval,voltage_rolling_mean=231.651065;source_publish_interval=0.785241,source_publish_interval,2.6650410145521164,22.30104082264006,25.002375012263656
2026-08-10T17:12:57.422121+00:00,communication_drift_01,meter_02,240,none,publish_interval,random,random,random,normal_drift,0.9999999982710894,0.48257811671668394,0,,1,0,collecting_candidates;drift_not_confirmed,source_publish_interval,voltage_rolling_mean=231.458249;source_publish_interval=0.785241,source_publish_interval,0.8097090758383274,11.953499866649508,12.787832878530025
2026-08-10T17:12:57.435019+00:00,communication_drift_01,meter_03,240,none,publish_interval,random,random,random,normal_drift,0.999999992352841,0.45880763818204123,0,,1,0,collecting_candidates;drift_not_confirmed,source_publish_interval,voltage_rolling_mean=230.583691;source_publish_interval=0.785247,source_publish_interval,0.545040937140584,9.399333037436008,9.963917080312967
2026-08-10T17:12:58.201636+00:00,communication_drift_01,meter_01,241,none,publish_interval,random,random,random,normal_drift,0.9999999996725213,0.4463671828564683,0,,1,0,collecting_candidates;drift_not_confirmed,source_publish_interval,voltage_rolling_mean=231.651065;source_publish_interval=0.785241,source_publish_interval,2.3215841501951218,21.266333991661668,23.633958073332906
2026-08-10T17:12:58.225704+00:00,communication_drift_01,meter_02,241,none,publish_interval,random,random,random,normal_drift,0.9999998891905105,0.4580424934295342,0,,1,0,collecting_candidates;drift_not_confirmed,source_publish_interval,voltage_rolling_mean=231.458249;source_publish_interval=0.785241,source_publish_interval,0.8631250821053982,12.005124939605594,12.893749866634607
2026-08-10T17:12:58.238724+00:00,communication_drift_01,meter_03,241,none,publish_interval,random,random,random,normal_drift,0.9999999362084716,0.5007537647115697,0,,1,0,collecting_candidates;drift_not_confirmed,source_publish_interval,voltage_rolling_mean=230.583691;source_publish_interval=0.785247,source_publish_interval,0.5508330650627613,9.526333073154092,10.098999831825495
2026-08-10T17:12:59.004437+00:00,communication_drift_01,meter_01,242,none,publish_interval,random,random,random,normal_drift,0.9999999988437704,0.4403333316513265,0,,1,0,collecting_candidates;drift_not_confirmed,source_publish_interval,voltage_rolling_mean=231.651065;source_publish_interval=0.785241,source_publish_interval,2.311292104423046,18.528749933466315,20.882457960397005
2026-08-10T17:12:59.025767+00:00,communication_drift_01,meter_02,242,none,publish_interval,random,random,random,normal_drift,0.9999999891547294,0.4779871959515952,0,,1,0,collecting_candidates;drift_not_confirmed,source_publish_interval,voltage_rolling_mean=231.458249;source_publish_interval=0.785241,source_publish_interval,0.7585829589515924,11.299208970740438,12.08037487231195
2026-08-10T17:12:59.037962+00:00,communication_drift_01,meter_03,242,none,publish_interval,random,random,random,normal_drift,0.9999999799698771,0.4504597161254124,0,,1,0,collecting_candidates;drift_not_confirmed,source_publish_interval,voltage_rolling_mean=230.583691;source_publish_interval=0.785247,source_publish_interval,0.5478749517351389,9.381458163261414,9.949792176485062
2026-08-10T17:12:59.808166+00:00,communication_drift_01,meter_01,243,none,publish_interval,random,random,random,normal_drift,0.9999999972266309,0.44691556862701687,0,,1,0,collecting_candidates;drift_not_confirmed,source_publish_interval,voltage_rolling_mean=231.651065;source_publish_interval=0.785241,source_publish_interval,2.0515830256044865,22.310375003144145,24.398459121584892
2026-08-10T17:12:59.832916+00:00,communication_drift_01,meter_02,243,none,publish_interval,random,random,random,normal_drift,0.9999999811750139,0.4499850522350851,0,,1,0,collecting_candidates;drift_not_confirmed,source_publish_interval,voltage_rolling_mean=231.458249;source_publish_interval=0.785241,source_publish_interval,0.8603751193732023,12.014958076179028,12.899458874017
2026-08-10T17:12:59.845929+00:00,communication_drift_01,meter_03,243,none,publish_interval,random,random,random,normal_drift,0.9999999877608329,0.4508156641625233,0,,1,0,collecting_candidates;drift_not_confirmed,source_publish_interval,voltage_rolling_mean=230.583691;source_publish_interval=0.785247,source_publish_interval,0.581416068598628,9.615666000172496,10.217250091955066
2026-08-10T17:13:00.608984+00:00,communication_drift_01,meter_01,244,none,publish_interval,random,random,random,normal_drift,0.9999999989161275,0.4495838829659157,0,,1,0,collecting_candidates;drift_not_confirmed,source_publish_interval,voltage_rolling_mean=231.651065;source_publish_interval=0.785241,source_publish_interval,2.4893339723348618,22.41424983367324,24.94287514127791
2026-08-10T17:13:00.634317+00:00,communication_drift_01,meter_02,244,none,publish_interval,random,random,random,normal_drift,0.9999999953700769,0.4697485992402333,0,,1,0,collecting_candidates;drift_not_confirmed,source_publish_interval,voltage_rolling_mean=231.458249;source_publish_interval=0.785241,source_publish_interval,0.7159579545259476,11.936374939978123,12.67716707661748
2026-08-10T17:13:00.647103+00:00,communication_drift_01,meter_03,244,none,publish_interval,random,random,random,normal_drift,0.9999999579713359,0.47029871445747756,0,,1,0,collecting_candidates;drift_not_confirmed,source_publish_interval,voltage_rolling_mean=230.583691;source_publish_interval=0.785247,source_publish_interval,0.5899998359382153,9.546042187139392,10.154749965295196
2026-08-10T17:13:01.414088+00:00,communication_drift_01,meter_01,245,none,publish_interval,random,random,random,normal_drift,0.9999999993656234,0.4355726636137886,0,,1,0,collecting_candidates;drift_not_confirmed,source_publish_interval,voltage_rolling_mean=231.651065;source_publish_interval=0.785241,source_publish_interval,2.0110001787543297,21.715875016525388,23.76466686837375
2026-08-10T17:13:01.438194+00:00,communication_drift_01,meter_02,245,none,publish_interval,random,random,random,normal_drift,0.9999999723970571,0.46114713140613567,0,,1,0,collecting_candidates;drift_not_confirmed,source_publish_interval,voltage_rolling_mean=231.458249;source_publish_interval=0.785241,source_publish_interval,0.7366251666098833,11.994250118732452,12.756374897435308
2026-08-10T17:13:01.451075+00:00,communication_drift_01,meter_03,245,none,publish_interval,random,random,random,normal_drift,0.9999999900270043,0.5395479303845456,0,,1,0,collecting_candidates;drift_not_confirmed,source_publish_interval,voltage_rolling_mean=230.583691;source_publish_interval=0.785247,source_publish_interval,0.580166932195425,9.553333977237344,10.153708048164845
2026-08-10T17:13:02.214558+00:00,communication_drift_01,meter_01,246,none,publish_interval,random,random,random,normal_drift,0.9999999978915848,0.6331935391991815,0,,1,0,collecting_candidates;drift_not_confirmed,source_publish_interval,voltage_rolling_mean=231.651065;source_publish_interval=0.785241,source_publish_interval,1.604457851499319,23.311082972213626,24.95683287270367
2026-08-10T17:13:02.239776+00:00,communication_drift_01,meter_02,246,none,publish_interval,random,random,random,normal_drift,0.9999999869121992,0.4419642215314791,0,,1,0,collecting_candidates;drift_not_confirmed,source_publish_interval,voltage_rolling_mean=231.458249;source_publish_interval=0.785241,source_publish_interval,0.8752499707043171,11.957417009398341,12.856791960075498
2026-08-10T17:13:02.252751+00:00,communication_drift_01,meter_03,246,none,publish_interval,random,random,random,normal_drift,0.9999999826262053,0.4530899415927862,0,,1,0,collecting_candidates;drift_not_confirmed,source_publish_interval,voltage_rolling_mean=230.583691;source_publish_interval=0.785247,source_publish_interval,0.5272920243442059,9.539667051285505,10.086582973599434
2026-08-10T17:13:03.017918+00:00,communication_drift_01,meter_01,247,none,publish_interval,random,random,random,normal_drift,0.9999999992747479,0.5706186419366464,0,,1,0,collecting_candidates;drift_not_confirmed,source_publish_interval,voltage_rolling_mean=231.651065;source_publish_interval=0.785241,source_publish_interval,2.5425420608371496,15.61670913361013,18.19099998101592
2026-08-10T17:13:03.036497+00:00,communication_drift_01,meter_02,247,none,publish_interval,random,random,random,normal_drift,0.9999999910797911,0.44740687499513665,0,,1,0,collecting_candidates;drift_not_confirmed,source_publish_interval,voltage_rolling_mean=231.458249;source_publish_interval=0.785241,source_publish_interval,0.700624892488122,10.837333975359797,11.559666832908988
2026-08-10T17:13:03.048156+00:00,communication_drift_01,meter_03,247,none,publish_interval,random,random,random,normal_drift,0.9999999623919188,0.4499368946425047,0,,1,0,collecting_candidates;drift_not_confirmed,source_publish_interval,voltage_rolling_mean=230.583691;source_publish_interval=0.785247,source_publish_interval,0.5169159267097712,9.137917077168822,9.673916967585683
2026-08-10T17:13:03.822980+00:00,communication_drift_01,meter_01,248,none,publish_interval,random,random,random,normal_drift,0.9999999981956005,0.44394894104494037,0,,1,0,collecting_candidates;drift_not_confirmed,source_publish_interval,voltage_rolling_mean=231.651065;source_publish_interval=0.785241,source_publish_interval,2.0077088847756386,22.04770897515118,24.107916047796607
2026-08-10T17:13:03.847457+00:00,communication_drift_01,meter_02,248,none,publish_interval,random,random,random,normal_drift,0.9999999308679751,0.5979416335564993,0,,1,0,collecting_candidates;drift_not_confirmed,source_publish_interval,voltage_rolling_mean=231.458249;source_publish_interval=0.785241,source_publish_interval,0.8337078616023064,11.824499815702438,12.681416934356093
2026-08-10T17:13:03.860261+00:00,communication_drift_01,meter_03,248,none,publish_interval,random,random,random,normal_drift,0.9999999969902287,0.455023068275574,0,,1,0,collecting_candidates;drift_not_confirmed,source_publish_interval,voltage_rolling_mean=230.583691;source_publish_interval=0.785247,source_publish_interval,0.5365419201552868,9.610083186998963,10.166709078475833
2026-08-10T17:13:04.627218+00:00,communication_drift_01,meter_01,249,none,publish_interval,random,random,random,normal_drift,0.9999999994948539,0.4897259085746452,0,,1,0,collecting_candidates;drift_not_confirmed,source_publish_interval,voltage_rolling_mean=231.651065;source_publish_interval=0.785241,source_publish_interval,2.172792097553611,21.16058301180601,23.372665978968143
2026-08-10T17:13:04.650901+00:00,communication_drift_01,meter_02,249,none,publish_interval,random,random,random,normal_drift,0.9999999918291048,0.44419041193463077,0,,1,0,collecting_candidates;drift_not_confirmed,source_publish_interval,voltage_rolling_mean=231.458249;source_publish_interval=0.785241,source_publish_interval,0.7431670092046261,11.651499895378947,12.416749959811568
2026-08-10T17:13:04.663428+00:00,communication_drift_01,meter_03,249,none,publish_interval,random,random,random,normal_drift,0.9999999661471399,0.4786366715220088,0,,1,0,collecting_candidates;drift_not_confirmed,source_publish_interval,voltage_rolling_mean=230.583691;source_publish_interval=0.785247,source_publish_interval,0.54574990645051,9.421624941751361,9.988042060285807
2026-08-10T17:13:05.432144+00:00,communication_drift_01,meter_01,250,none,publish_interval,random,random,random,normal_drift,0.9999999910403682,0.5180681504802133,0,,1,0,collecting_candidates;drift_not_confirmed,source_publish_interval,voltage_rolling_mean=231.651065;source_publish_interval=0.785241,source_publish_interval,2.4631249252706766,22.39749999716878,24.901167023926973
2026-08-10T17:13:05.457484+00:00,communication_drift_01,meter_02,250,none,publish_interval,random,random,random,normal_drift,0.9999999655750748,0.4675784137099946,0,,1,0,collecting_candidates;drift_not_confirmed,source_publish_interval,voltage_rolling_mean=231.458249;source_publish_interval=0.785241,source_publish_interval,0.8535000961273909,12.029750039801002,12.907000025734305
2026-08-10T17:13:05.470512+00:00,communication_drift_01,meter_03,250,none,publish_interval,random,random,random,normal_drift,0.9999999715796287,0.4579403859199634,0,,1,0,collecting_candidates;drift_not_confirmed,source_publish_interval,voltage_rolling_mean=230.583691;source_publish_interval=0.785247,source_publish_interval,0.5862500984221697,9.488165844231844,10.093499906361103
2026-08-10T17:13:06.236996+00:00,communication_drift_01,meter_01,251,none,publish_interval,random,random,random,normal_drift,0.9999999993492412,0.4959470270271998,0,,1,0,collecting_candidates;drift_not_confirmed,source_publish_interval,voltage_rolling_mean=231.651065;source_publish_interval=0.785241,source_publish_interval,1.9867909140884876,21.97841601446271,24.009790970012546
2026-08-10T17:13:06.261304+00:00,communication_drift_01,meter_02,251,none,publish_interval,random,random,random,normal_drift,0.9999999957196302,0.4406397879049845,0,,1,0,collecting_candidates;drift_not_confirmed,source_publish_interval,voltage_rolling_mean=231.458249;source_publish_interval=0.785241,source_publish_interval,0.8425421547144651,12.090875068679452,12.958917068317533
2026-08-10T17:13:06.274402+00:00,communication_drift_01,meter_03,251,none,publish_interval,random,random,random,normal_drift,0.9999999021246302,0.6055450855359649,0,,1,0,collecting_candidates;drift_not_confirmed,source_publish_interval,voltage_rolling_mean=230.583691;source_publish_interval=0.785247,source_publish_interval,0.5383749958127737,9.566250024363399,10.12787502259016
2026-08-10T17:13:07.041399+00:00,communication_drift_01,meter_01,252,none,publish_interval,random,random,random,normal_drift,0.999999983341233,0.5481750863298471,0,,1,0,collecting_candidates;drift_not_confirmed,source_publish_interval,voltage_rolling_mean=231.651065;source_publish_interval=0.785241,source_publish_interval,3.154083853587508,23.64187501370907,26.8334171269089
2026-08-10T17:13:07.068623+00:00,communication_drift_01,meter_02,252,none,publish_interval,random,random,random,normal_drift,0.9999999885475549,0.5117309048383011,0,,1,0,collecting_candidates;drift_not_confirmed,source_publish_interval,voltage_rolling_mean=231.458249;source_publish_interval=0.785241,source_publish_interval,0.8046249859035015,12.172375107184052,13.000791892409325
2026-08-10T17:13:07.081739+00:00,communication_drift_01,meter_03,252,none,publish_interval,random,random,random,normal_drift,0.999999994035486,0.455220215507924,0,,1,0,collecting_candidates;drift_not_confirmed,source_publish_interval,voltage_rolling_mean=230.583691;source_publish_interval=0.785247,source_publish_interval,0.5765410605818033,9.81604098342359,10.411541908979416
2026-08-10T17:13:07.846271+00:00,communication_drift_01,meter_01,253,none,publish_interval,random,random,random,normal_drift,0.999999999199721,0.44708156848994685,0,,1,0,collecting_candidates;drift_not_confirmed,source_publish_interval,voltage_rolling_mean=231.651065;source_publish_interval=0.785241,source_publish_interval,2.8115420136600733,17.67387497238815,20.52149991504848
2026-08-10T17:13:07.867266+00:00,communication_drift_01,meter_02,253,none,publish_interval,random,random,random,normal_drift,0.999999992020891,0.5709455579320556,0,,1,0,collecting_candidates;drift_not_confirmed,source_publish_interval,voltage_rolling_mean=231.458249;source_publish_interval=0.785241,source_publish_interval,0.7154170889407396,37.99516707658768,38.74258301220834
2026-08-10T17:13:07.906162+00:00,communication_drift_01,meter_03,253,none,publish_interval,random,random,random,normal_drift,0.9999999987563692,0.4627821343444086,0,,1,0,collecting_candidates;drift_not_confirmed,source_publish_interval,voltage_rolling_mean=230.583691;source_publish_interval=0.785247,source_publish_interval,0.451832776889205,7.525791879743338,7.996750064194202
2026-08-10T17:13:08.650831+00:00,communication_drift_01,meter_01,254,none,publish_interval,random,random,random,normal_drift,0.9999999982387731,0.44433994092277296,0,,1,1,drift_not_confirmed;reference_updated,source_publish_interval,voltage_rolling_mean=231.651065;source_publish_interval=0.794635,source_publish_interval,3.0130839440971613,18.406667048111558,21.50320913642645
2026-08-10T17:13:08.672887+00:00,communication_drift_01,meter_02,254,none,publish_interval,random,random,random,normal_drift,0.9999999835482487,0.46763237100139177,0,,1,1,drift_not_confirmed;reference_updated,source_publish_interval,voltage_rolling_mean=231.458249;source_publish_interval=0.794633,source_publish_interval,0.8262910414487123,11.98754203505814,12.844040989875793
2026-08-10T17:13:08.685915+00:00,communication_drift_01,meter_03,254,none,publish_interval,random,random,random,normal_drift,0.9999996949247238,0.5323486722600064,0,,1,1,drift_not_confirmed;reference_updated,source_publish_interval,voltage_rolling_mean=230.583691;source_publish_interval=0.794627,source_publish_interval,0.5707910750061274,9.48145892471075,10.075457859784365
2026-08-10T17:13:09.456221+00:00,communication_drift_01,meter_01,255,none,publish_interval,random,random,random,normal_drift,0.9999999962643225,0.4363969687871364,0,,1,0,collecting_candidates;drift_not_confirmed,source_publish_interval,voltage_rolling_mean=231.651065;source_publish_interval=0.794635,source_publish_interval,1.9906670786440372,20.698958076536655,22.741167107596993
2026-08-10T17:13:09.479346+00:00,communication_drift_01,meter_02,255,none,publish_interval,random,random,random,normal_drift,0.9999999858176623,0.4457580088479326,0,,1,0,collecting_candidates;drift_not_confirmed,source_publish_interval,voltage_rolling_mean=231.458249;source_publish_interval=0.794633,source_publish_interval,0.7687078323215246,11.955083115026355,12.750125024467707
2026-08-10T17:13:09.492229+00:00,communication_drift_01,meter_03,255,none,publish_interval,random,random,random,normal_drift,0.999999981845035,0.5233253309576267,0,,1,0,collecting_candidates;drift_not_confirmed,source_publish_interval,voltage_rolling_mean=230.583691;source_publish_interval=0.794627,source_publish_interval,0.5533329676836729,9.544790955260396,10.119874961674213
2026-08-10T17:13:10.260457+00:00,communication_drift_01,meter_01,256,none,publish_interval,random,random,random,normal_drift,0.9999999948555354,0.45812435771176857,0,,1,0,collecting_candidates;drift_not_confirmed,source_publish_interval,voltage_rolling_mean=231.651065;source_publish_interval=0.794635,source_publish_interval,2.0578340627253056,21.978457923978567,24.08575010485947
2026-08-10T17:13:10.284912+00:00,communication_drift_01,meter_02,256,none,publish_interval,random,random,random,normal_drift,0.9999999915945151,0.4524340465588641,0,,1,0,collecting_candidates;drift_not_confirmed,source_publish_interval,voltage_rolling_mean=231.458249;source_publish_interval=0.794633,source_publish_interval,0.8672499097883701,11.894917115569115,12.789750006049871
2026-08-10T17:13:10.297847+00:00,communication_drift_01,meter_03,256,none,publish_interval,random,random,random,normal_drift,0.999999991745753,0.45312981884529485,0,,1,0,collecting_candidates;drift_not_confirmed,source_publish_interval,voltage_rolling_mean=230.583691;source_publish_interval=0.794627,source_publish_interval,0.5357079207897186,9.477542014792562,10.035458952188492
2026-08-10T17:13:11.062329+00:00,communication_drift_01,meter_01,257,none,publish_interval,random,random,random,normal_drift,0.9999999982017194,0.4424981702038586,0,,1,0,collecting_candidates;drift_not_confirmed,source_publish_interval,voltage_rolling_mean=231.651065;source_publish_interval=0.794635,source_publish_interval,2.083791885524988,22.059916984289885,24.185042129829526
2026-08-10T17:13:11.086915+00:00,communication_drift_01,meter_02,257,none,publish_interval,random,random,random,normal_drift,0.9999999826825493,0.4459126734106755,0,,1,0,collecting_candidates;drift_not_confirmed,source_publish_interval,voltage_rolling_mean=231.458249;source_publish_interval=0.794633,source_publish_interval,0.8329581469297409,11.9825410656631,12.841833056882024
2026-08-10T17:13:11.099888+00:00,communication_drift_01,meter_03,257,none,publish_interval,random,random,random,normal_drift,0.9999999660586061,0.5380410114145122,0,,1,0,collecting_candidates;drift_not_confirmed,source_publish_interval,voltage_rolling_mean=230.583691;source_publish_interval=0.794627,source_publish_interval,0.6001249421387911,9.594040922820568,10.21541585214436
2026-08-10T17:13:11.867611+00:00,communication_drift_01,meter_01,258,none,publish_interval,random,random,random,normal_drift,0.9999999826624616,0.5237109176015099,0,,1,0,collecting_candidates;drift_not_confirmed,source_publish_interval,voltage_rolling_mean=231.651065;source_publish_interval=0.794635,source_publish_interval,2.1425841841846704,22.257665870711207,24.43758281879127
2026-08-10T17:13:11.892430+00:00,communication_drift_01,meter_02,258,none,publish_interval,random,random,random,normal_drift,0.9999999880679856,0.45058876881982346,0,,1,0,collecting_candidates;drift_not_confirmed,source_publish_interval,voltage_rolling_mean=231.458249;source_publish_interval=0.794633,source_publish_interval,0.8241250179708004,11.94154191762209,12.790707871317863
2026-08-10T17:13:11.905340+00:00,communication_drift_01,meter_03,258,none,publish_interval,random,random,random,normal_drift,0.9999999891135231,0.54923480236829,0,,1,0,collecting_candidates;drift_not_confirmed,source_publish_interval,voltage_rolling_mean=230.583691;source_publish_interval=0.794627,source_publish_interval,0.5755829624831676,9.561042068526149,10.155834024772048
2026-08-10T17:13:12.671117+00:00,communication_drift_01,meter_01,259,none,publish_interval,random,random,random,normal_drift,0.9999999952575986,0.4507169715614794,0,,1,0,collecting_candidates;drift_not_confirmed,source_publish_interval,voltage_rolling_mean=231.651065;source_publish_interval=0.794635,source_publish_interval,1.3366250786930323,22.801582934334874,24.174875114113092
2026-08-10T17:13:12.695562+00:00,communication_drift_01,meter_02,259,none,publish_interval,random,random,random,normal_drift,0.999999970574474,0.46486106080251194,0,,1,0,collecting_candidates;drift_not_confirmed,source_publish_interval,voltage_rolling_mean=231.458249;source_publish_interval=0.794633,source_publish_interval,0.8783331140875816,13.43587483279407,14.338958077132702
2026-08-10T17:13:12.710024+00:00,communication_drift_01,meter_03,259,none,publish_interval,random,random,random,normal_drift,0.9999999971334994,0.46883632109362944,0,,1,0,collecting_candidates;drift_not_confirmed,source_publish_interval,voltage_rolling_mean=230.583691;source_publish_interval=0.794627,source_publish_interval,0.6111660040915012,10.433708084747195,11.063833022490144
2026-08-10T17:13:13.475166+00:00,communication_drift_01,meter_01,260,none,publish_interval,random,random,random,normal_drift,0.9999999952579399,0.4348687182752097,0,,1,0,collecting_candidates;drift_not_confirmed,source_publish_interval,voltage_rolling_mean=231.651065;source_publish_interval=0.794635,source_publish_interval,2.1863749716430902,22.21887488849461,24.45383300073445
2026-08-10T17:13:13.500111+00:00,communication_drift_01,meter_02,260,none,publish_interval,random,random,random,normal_drift,0.9999999921280197,0.470310345379526,0,,1,0,collecting_candidates;drift_not_confirmed,source_publish_interval,voltage_rolling_mean=231.458249;source_publish_interval=0.794633,source_publish_interval,0.7809579838067293,11.870708083733916,12.684541987255216
2026-08-10T17:13:13.512943+00:00,communication_drift_01,meter_03,260,none,publish_interval,random,random,random,normal_drift,0.9999999679399246,0.5312039853746974,0,,1,0,collecting_candidates;drift_not_confirmed,source_publish_interval,voltage_rolling_mean=230.583691;source_publish_interval=0.794627,source_publish_interval,0.6159581243991852,9.59341716952622,10.231417138129473
2026-08-10T17:13:14.279840+00:00,communication_drift_01,meter_01,261,none,publish_interval,random,random,random,normal_drift,0.999999995893667,0.4429314535888192,0,,1,0,collecting_candidates;drift_not_confirmed,source_publish_interval,voltage_rolling_mean=231.651065;source_publish_interval=0.794635,source_publish_interval,1.64899998344481,20.502083003520966,22.195792058482766
2026-08-10T17:13:14.302323+00:00,communication_drift_01,meter_02,261,none,publish_interval,random,random,random,normal_drift,0.9999999946073028,0.5107091172223448,0,,1,0,collecting_candidates;drift_not_confirmed,source_publish_interval,voltage_rolling_mean=231.458249;source_publish_interval=0.794633,source_publish_interval,0.86229108273983,12.474958086386323,13.363916892558336
2026-08-10T17:13:14.315838+00:00,communication_drift_01,meter_03,261,none,publish_interval,random,random,random,normal_drift,0.9999999974735494,0.5484593773976483,0,,1,0,collecting_candidates;drift_not_confirmed,source_publish_interval,voltage_rolling_mean=230.583691;source_publish_interval=0.794627,source_publish_interval,0.5904999561607838,9.730207966640592,10.34158281981945
2026-08-10T17:13:15.085082+00:00,communication_drift_01,meter_01,262,none,publish_interval,random,random,random,normal_drift,0.9999999848302927,0.4731595957206209,0,,1,0,collecting_candidates;drift_not_confirmed,source_publish_interval,voltage_rolling_mean=231.651065;source_publish_interval=0.794635,source_publish_interval,2.1498340647667646,22.324457997456193,24.518375052139163
2026-08-10T17:13:15.110023+00:00,communication_drift_01,meter_02,262,none,publish_interval,random,random,random,normal_drift,0.9999999851392556,0.48685083149187647,0,,1,0,collecting_candidates;drift_not_confirmed,source_publish_interval,voltage_rolling_mean=231.458249;source_publish_interval=0.794633,source_publish_interval,0.8637087885290384,11.967416852712631,12.86120805889368
2026-08-10T17:13:15.123018+00:00,communication_drift_01,meter_03,262,none,publish_interval,random,random,random,normal_drift,0.9999999949311547,0.45494877841709563,0,,1,0,collecting_candidates;drift_not_confirmed,source_publish_interval,voltage_rolling_mean=230.583691;source_publish_interval=0.794627,source_publish_interval,0.5403328686952591,9.539749938994646,10.10091695934534
2026-08-10T17:13:15.890115+00:00,communication_drift_01,meter_01,263,none,publish_interval,random,random,random,normal_drift,0.9999999985072128,0.47189100515751026,0,,1,0,collecting_candidates;drift_not_confirmed,source_publish_interval,voltage_rolling_mean=231.651065;source_publish_interval=0.794635,source_publish_interval,1.9993330352008343,21.54250000603497,23.58150016516447
2026-08-10T17:13:15.914035+00:00,communication_drift_01,meter_02,263,none,publish_interval,random,random,random,normal_drift,0.9999999918504944,0.49116343135739166,0,,1,0,collecting_candidates;drift_not_confirmed,source_publish_interval,voltage_rolling_mean=231.458249;source_publish_interval=0.794633,source_publish_interval,0.7245840970426798,11.735750129446387,12.485458981245756
2026-08-10T17:13:15.926645+00:00,communication_drift_01,meter_03,263,none,publish_interval,random,random,random,normal_drift,0.9999999981543701,0.4590130476526218,0,,1,0,collecting_candidates;drift_not_confirmed,source_publish_interval,voltage_rolling_mean=230.583691;source_publish_interval=0.794627,source_publish_interval,0.6007091142237186,9.594291914254427,10.215791873633862
2026-08-10T17:13:16.693924+00:00,communication_drift_01,meter_01,264,none,publish_interval,random,random,random,normal_drift,0.9999999929691097,0.45555702190487574,0,,1,0,collecting_candidates;drift_not_confirmed,source_publish_interval,voltage_rolling_mean=231.651065;source_publish_interval=0.794635,source_publish_interval,1.2970000971108675,21.123541053384542,22.464791079983115
2026-08-10T17:13:16.716664+00:00,communication_drift_01,meter_02,264,none,publish_interval,random,random,random,normal_drift,0.9999999952872636,0.4790522225805042,0,,1,0,collecting_candidates;drift_not_confirmed,source_publish_interval,voltage_rolling_mean=231.458249;source_publish_interval=0.794633,source_publish_interval,0.9234999306499958,13.438165886327624,14.386374969035387
2026-08-10T17:13:16.731217+00:00,communication_drift_01,meter_03,264,none,publish_interval,random,random,random,normal_drift,0.9999999983581709,0.4814840237702093,0,,1,0,collecting_candidates;drift_not_confirmed,source_publish_interval,voltage_rolling_mean=230.583691;source_publish_interval=0.794627,source_publish_interval,0.6159578915685415,10.323833907023072,10.959708131849766
2026-08-10T17:13:17.497001+00:00,communication_drift_01,meter_01,265,none,publish_interval,random,random,random,normal_drift,0.9999999731733982,0.5661545755944101,0,,1,0,collecting_candidates;drift_not_confirmed,source_publish_interval,voltage_rolling_mean=231.651065;source_publish_interval=0.794635,source_publish_interval,2.275958890095353,22.375707980245352,24.690000107511878
2026-08-10T17:13:17.522111+00:00,communication_drift_01,meter_02,265,none,publish_interval,random,random,random,normal_drift,0.9999999671309008,0.5139556514656575,0,,1,0,collecting_candidates;drift_not_confirmed,source_publish_interval,voltage_rolling_mean=231.458249;source_publish_interval=0.794633,source_publish_interval,0.8470830507576466,12.094416189938784,12.96658394858241
2026-08-10T17:13:17.535207+00:00,communication_drift_01,meter_03,265,none,publish_interval,random,random,random,normal_drift,0.9999999863927467,0.48883256687581694,0,,1,0,collecting_candidates;drift_not_confirmed,source_publish_interval,voltage_rolling_mean=230.583691;source_publish_interval=0.794627,source_publish_interval,0.5592911038547754,9.472165955230594,10.050709126517177
2026-08-10T17:13:18.300656+00:00,communication_drift_01,meter_01,266,none,publish_interval,random,random,random,normal_drift,0.9999999965264266,0.47789264995843234,0,,1,0,collecting_candidates;drift_not_confirmed,source_publish_interval,voltage_rolling_mean=231.651065;source_publish_interval=0.794635,source_publish_interval,2.5588329881429672,21.982667036354542,24.575375020503998
2026-08-10T17:13:18.325642+00:00,communication_drift_01,meter_02,266,none,publish_interval,random,random,random,normal_drift,0.9999999482677271,0.47482504496306055,0,,1,0,collecting_candidates;drift_not_confirmed,source_publish_interval,voltage_rolling_mean=231.458249;source_publish_interval=0.794633,source_publish_interval,0.7313750684261322,12.07304117269814,12.830124935135245
2026-08-10T17:13:18.338595+00:00,communication_drift_01,meter_03,266,none,publish_interval,random,random,random,normal_drift,0.9999999891329275,0.46885289035864464,0,,1,0,collecting_candidates;drift_not_confirmed,source_publish_interval,voltage_rolling_mean=230.583691;source_publish_interval=0.794627,source_publish_interval,0.5812079180032015,9.476166917011142,10.076042031869292
2026-08-10T17:13:19.105937+00:00,communication_drift_01,meter_01,267,none,publish_interval,random,random,random,normal_drift,0.9999999960171846,0.45704918355547125,0,,1,0,collecting_candidates;drift_not_confirmed,source_publish_interval,voltage_rolling_mean=231.651065;source_publish_interval=0.794635,source_publish_interval,2.0348329562693834,21.68674999848008,23.763875011354685
2026-08-10T17:13:19.130126+00:00,communication_drift_01,meter_02,267,none,publish_interval,random,random,random,normal_drift,0.9999999942354036,0.4544732830427472,0,,1,0,collecting_candidates;drift_not_confirmed,source_publish_interval,voltage_rolling_mean=231.458249;source_publish_interval=0.794633,source_publish_interval,0.7443339563906193,12.129707960411906,12.90441700257361
2026-08-10T17:13:19.143166+00:00,communication_drift_01,meter_03,267,none,publish_interval,random,random,random,normal_drift,0.9999999980870216,0.4494652197027057,0,,1,0,collecting_candidates;drift_not_confirmed,source_publish_interval,voltage_rolling_mean=230.583691;source_publish_interval=0.794627,source_publish_interval,0.6065408233553171,9.587542153894901,10.215374873951077
2026-08-10T17:13:19.909251+00:00,communication_drift_01,meter_01,268,none,publish_interval,random,random,random,normal_drift,0.9999999956421202,0.44753218796106453,0,,1,0,collecting_candidates;drift_not_confirmed,source_publish_interval,voltage_rolling_mean=231.651065;source_publish_interval=0.794635,source_publish_interval,2.856000093743205,22.344083059579134,25.239875074476004
2026-08-10T17:13:19.934914+00:00,communication_drift_01,meter_02,268,none,publish_interval,random,random,random,normal_drift,0.9999999636184194,0.4851951199682919,0,,1,0,collecting_candidates;drift_not_confirmed,source_publish_interval,voltage_rolling_mean=231.458249;source_publish_interval=0.794633,source_publish_interval,0.8370000869035721,12.123499996960163,12.988083064556122
2026-08-10T17:13:19.948022+00:00,communication_drift_01,meter_03,268,none,publish_interval,random,random,random,normal_drift,0.999999986864698,0.5265027603601496,0,,1,0,collecting_candidates;drift_not_confirmed,source_publish_interval,voltage_rolling_mean=230.583691;source_publish_interval=0.794627,source_publish_interval,0.5638329312205315,9.622458834201097,10.206792037934065
2026-08-10T17:13:20.714251+00:00,communication_drift_01,meter_01,269,none,publish_interval,random,random,random,normal_drift,0.9999999983406878,0.5212303759874504,0,,1,0,collecting_candidates;drift_not_confirmed,source_publish_interval,voltage_rolling_mean=231.651065;source_publish_interval=0.794635,source_publish_interval,2.5386670604348183,22.505833068862557,25.083832908421755
2026-08-10T17:13:20.739778+00:00,communication_drift_01,meter_02,269,none,publish_interval,random,random,random,normal_drift,0.9999999920404327,0.46288388997535085,0,,1,0,collecting_candidates;drift_not_confirmed,source_publish_interval,voltage_rolling_mean=231.458249;source_publish_interval=0.794633,source_publish_interval,0.8621669840067625,12.085875030606985,12.974000070244074
2026-08-10T17:13:20.752880+00:00,communication_drift_01,meter_03,269,none,publish_interval,random,random,random,normal_drift,0.9999999971989695,0.4479693025411035,0,,1,0,collecting_candidates;drift_not_confirmed,source_publish_interval,voltage_rolling_mean=230.583691;source_publish_interval=0.794627,source_publish_interval,0.5793750751763582,9.641583077609539,10.240791831165552
2026-08-10T17:13:21.519511+00:00,communication_drift_01,meter_01,270,none,publish_interval,random,random,random,normal_drift,0.9999999954548138,0.4535925337680253,0,,1,0,collecting_candidates;drift_not_confirmed,source_publish_interval,voltage_rolling_mean=231.651065;source_publish_interval=0.794635,source_publish_interval,2.3715421557426453,21.321708103641868,23.732416098937392
2026-08-10T17:13:21.543694+00:00,communication_drift_01,meter_02,270,none,publish_interval,random,random,random,normal_drift,0.9999999934482662,0.46959247410401894,0,,1,0,collecting_candidates;drift_not_confirmed,source_publish_interval,voltage_rolling_mean=231.458249;source_publish_interval=0.794633,source_publish_interval,0.83183404058218,11.779916007071733,12.635624967515469
2026-08-10T17:13:21.556449+00:00,communication_drift_01,meter_03,270,none,publish_interval,random,random,random,normal_drift,0.9999999837743812,0.46986967510177613,0,,1,0,collecting_candidates;drift_not_confirmed,source_publish_interval,voltage_rolling_mean=230.583691;source_publish_interval=0.794627,source_publish_interval,0.5214158445596695,9.480166947469115,10.02137502655387
2026-08-10T17:13:22.324532+00:00,communication_drift_01,meter_01,271,none,publish_interval,random,random,random,normal_drift,0.9999999949027303,0.5753073988123143,0,,1,0,collecting_candidates;drift_not_confirmed,source_publish_interval,voltage_rolling_mean=231.651065;source_publish_interval=0.794635,source_publish_interval,2.00662505812943,22.116541862487793,24.15620908141136
2026-08-10T17:13:22.349085+00:00,communication_drift_01,meter_02,271,none,publish_interval,random,random,random,normal_drift,0.9999999893115833,0.4829222536795577,0,,1,0,collecting_candidates;drift_not_confirmed,source_publish_interval,voltage_rolling_mean=231.458249;source_publish_interval=0.794633,source_publish_interval,0.8135000243782997,11.979958042502403,12.816125061362982
2026-08-10T17:13:22.362005+00:00,communication_drift_01,meter_03,271,none,publish_interval,random,random,random,normal_drift,0.999999995587808,0.505741822298037,0,,1,0,collecting_candidates;drift_not_confirmed,source_publish_interval,voltage_rolling_mean=230.583691;source_publish_interval=0.794627,source_publish_interval,0.5732499994337559,9.541040984913707,10.133333038538694
2026-08-10T17:13:23.129864+00:00,communication_drift_01,meter_01,272,none,publish_interval,random,random,random,normal_drift,0.9999999847035552,0.48326543056544635,0,,1,0,collecting_candidates;drift_not_confirmed,source_publish_interval,voltage_rolling_mean=231.651065;source_publish_interval=0.794635,source_publish_interval,2.463707933202386,21.75945811904967,24.25695792771876
2026-08-10T17:13:23.154486+00:00,communication_drift_01,meter_02,272,none,publish_interval,random,random,random,normal_drift,0.9999999570240173,0.5624392037957456,0,,1,0,collecting_candidates;drift_not_confirmed,source_publish_interval,voltage_rolling_mean=231.458249;source_publish_interval=0.794633,source_publish_interval,0.7934169843792915,11.731541948392987,12.548333965241909
2026-08-10T17:13:23.167149+00:00,communication_drift_01,meter_03,272,none,publish_interval,random,random,random,normal_drift,0.9999999953444327,0.45934280956194745,0,,1,0,collecting_candidates;drift_not_confirmed,source_publish_interval,voltage_rolling_mean=230.583691;source_publish_interval=0.794627,source_publish_interval,0.6099171005189419,9.647625032812357,10.276250075548887
2026-08-10T17:13:23.934876+00:00,communication_drift_01,meter_01,273,none,publish_interval,random,random,random,normal_drift,0.9999999967077442,0.45608335828294877,0,,1,0,collecting_candidates;drift_not_confirmed,source_publish_interval,voltage_rolling_mean=231.651065;source_publish_interval=0.794635,source_publish_interval,2.442249795421958,22.258917102590203,24.73175013437867
2026-08-10T17:13:23.959993+00:00,communication_drift_01,meter_02,273,none,publish_interval,random,random,random,normal_drift,0.9999999742548926,0.4708479935263834,0,,1,0,collecting_candidates;drift_not_confirmed,source_publish_interval,voltage_rolling_mean=231.458249;source_publish_interval=0.794633,source_publish_interval,0.7027501706033945,12.0128751732409,12.738625053316355
2026-08-10T17:13:23.972838+00:00,communication_drift_01,meter_03,273,none,publish_interval,random,random,random,normal_drift,0.9999999917743804,0.5215990121469914,0,,1,0,collecting_candidates;drift_not_confirmed,source_publish_interval,voltage_rolling_mean=230.583691;source_publish_interval=0.794627,source_publish_interval,0.5744171794503927,9.601583005860448,10.195082984864712
2026-08-10T17:13:24.738195+00:00,communication_drift_01,meter_01,274,none,publish_interval,random,random,random,normal_drift,0.9999999827836598,0.46907156172052056,0,,1,1,drift_not_confirmed;reference_updated,source_publish_interval,voltage_rolling_mean=231.651065;source_publish_interval=0.799503,source_publish_interval,1.358875073492527,21.65049989707768,23.04904186166823
2026-08-10T17:13:24.761509+00:00,communication_drift_01,meter_02,274,none,publish_interval,random,random,random,normal_drift,0.9999999892129602,0.4725977374816802,0,,1,1,drift_not_confirmed;reference_updated,source_publish_interval,voltage_rolling_mean=231.458249;source_publish_interval=0.799499,source_publish_interval,0.8150420617312193,13.012291863560677,13.852125033736229
2026-08-10T17:13:24.775477+00:00,communication_drift_01,meter_03,274,none,publish_interval,random,random,random,normal_drift,0.9999999708846152,0.5026510560541415,0,,1,1,drift_not_confirmed;reference_updated,source_publish_interval,voltage_rolling_mean=230.583691;source_publish_interval=0.799495,source_publish_interval,0.6097080186009407,10.462250094860792,11.094958987087011
2026-08-10T17:13:25.543867+00:00,communication_drift_01,meter_01,275,none,publish_interval,random,random,random,normal_drift,0.999999990472818,0.45099898362939767,0,,1,0,collecting_candidates;drift_not_confirmed,source_publish_interval,voltage_rolling_mean=231.651065;source_publish_interval=0.799503,source_publish_interval,2.2906670346856117,22.512208903208375,24.843916995450854
2026-08-10T17:13:25.569133+00:00,communication_drift_01,meter_02,275,none,publish_interval,random,random,random,normal_drift,0.9999999963136166,0.47151127225026496,0,,1,0,collecting_candidates;drift_not_confirmed,source_publish_interval,voltage_rolling_mean=231.458249;source_publish_interval=0.799499,source_publish_interval,0.8426250424236059,11.941000120714307,12.808541068807244
2026-08-10T17:13:25.582057+00:00,communication_drift_01,meter_03,275,none,publish_interval,random,random,random,normal_drift,0.9999999927978214,0.4543308581742667,0,,1,0,collecting_candidates;drift_not_confirmed,source_publish_interval,voltage_rolling_mean=230.583691;source_publish_interval=0.799495,source_publish_interval,0.5641670431941748,9.445290779694915,10.029500117525458
2026-08-10T17:13:26.348898+00:00,communication_drift_01,meter_01,276,none,publish_interval,random,random,random,normal_drift,0.999999984961119,0.46616422924545126,0,,1,0,collecting_candidates;drift_not_confirmed,source_publish_interval,voltage_rolling_mean=231.651065;source_publish_interval=0.799503,source_publish_interval,2.3638750426471233,20.540457917377353,22.937291068956256
2026-08-10T17:13:26.372213+00:00,communication_drift_01,meter_02,276,none,publish_interval,random,random,random,normal_drift,0.9999999904560734,0.5004991024953068,0,,1,0,collecting_candidates;drift_not_confirmed,source_publish_interval,voltage_rolling_mean=231.458249;source_publish_interval=0.799499,source_publish_interval,0.7102920208126307,11.601959122344851,12.335082981735468
2026-08-10T17:13:26.384652+00:00,communication_drift_01,meter_03,276,none,publish_interval,random,random,random,normal_drift,0.9999999682953667,0.499631441903852,0,,1,0,collecting_candidates;drift_not_confirmed,source_publish_interval,voltage_rolling_mean=230.583691;source_publish_interval=0.799495,source_publish_interval,0.575625104829669,9.55200009047985,10.14687493443489
2026-08-10T17:13:27.153936+00:00,communication_drift_01,meter_01,277,none,publish_interval,random,random,random,normal_drift,0.9999999871133115,0.4487551519192,0,,1,0,collecting_candidates;drift_not_confirmed,source_publish_interval,voltage_rolling_mean=231.651065;source_publish_interval=0.799503,source_publish_interval,2.9135001823306084,21.07320912182331,24.02750006876886
2026-08-10T17:13:27.178402+00:00,communication_drift_01,meter_02,277,none,publish_interval,random,random,random,normal_drift,0.9999999881289293,0.5129077327866982,0,,1,0,collecting_candidates;drift_not_confirmed,source_publish_interval,voltage_rolling_mean=231.458249;source_publish_interval=0.799499,source_publish_interval,0.8076250087469816,11.817124905064702,12.654083082452416
2026-08-10T17:13:27.191200+00:00,communication_drift_01,meter_03,277,none,publish_interval,random,random,random,normal_drift,0.9999999968017106,0.46435623545871363,0,,1,0,collecting_candidates;drift_not_confirmed,source_publish_interval,voltage_rolling_mean=230.583691;source_publish_interval=0.799495,source_publish_interval,0.6247919518500566,9.603000013157725,10.249957907944918
2026-08-10T17:13:27.959110+00:00,communication_drift_01,meter_01,278,none,publish_interval,random,random,random,normal_drift,0.999999992471181,0.5932332576125537,0,,1,0,collecting_candidates;drift_not_confirmed,source_publish_interval,voltage_rolling_mean=231.651065;source_publish_interval=0.799503,source_publish_interval,2.5448750238865614,22.234708070755005,24.816832970827818
2026-08-10T17:13:27.984328+00:00,communication_drift_01,meter_02,278,none,publish_interval,random,random,random,normal_drift,0.9999999926060987,0.5525085852584027,0,,1,0,collecting_candidates;drift_not_confirmed,source_publish_interval,voltage_rolling_mean=231.458249;source_publish_interval=0.799499,source_publish_interval,0.7237081881612539,12.07637507468462,12.827249942347407
2026-08-10T17:13:27.997269+00:00,communication_drift_01,meter_03,278,none,publish_interval,random,random,random,normal_drift,0.9999999987918535,0.4696936096055355,0,,1,0,collecting_candidates;drift_not_confirmed,source_publish_interval,voltage_rolling_mean=230.583691;source_publish_interval=0.799495,source_publish_interval,0.6000830326229334,9.703125106170774,10.322999907657504
2026-08-10T17:13:28.763250+00:00,communication_drift_01,meter_01,279,none,publish_interval,random,random,random,normal_drift,0.9999999936558157,0.4791362109327109,0,,1,0,collecting_candidates;drift_not_confirmed,source_publish_interval,voltage_rolling_mean=231.651065;source_publish_interval=0.799503,source_publish_interval,1.41670904122293,20.9710409399122,22.42387505248189
2026-08-10T17:13:28.785964+00:00,communication_drift_01,meter_02,279,none,publish_interval,random,random,random,normal_drift,0.9999999773607525,0.46870901139578813,0,,1,0,collecting_candidates;drift_not_confirmed,source_publish_interval,voltage_rolling_mean=231.458249;source_publish_interval=0.799499,source_publish_interval,0.8405409753322601,13.027291977778077,13.891832903027534
2026-08-10T17:13:28.799977+00:00,communication_drift_01,meter_03,279,none,publish_interval,random,random,random,normal_drift,0.999999997668696,0.44830257061033746,0,,1,0,collecting_candidates;drift_not_confirmed,source_publish_interval,voltage_rolling_mean=230.583691;source_publish_interval=0.799495,source_publish_interval,0.6139168981462717,9.974458022043109,10.60866704210639
2026-08-10T17:13:29.568860+00:00,communication_drift_01,meter_01,280,none,publish_interval,random,random,random,normal_drift,0.99999998678425,0.4871309751673577,0,,1,0,collecting_candidates;drift_not_confirmed,source_publish_interval,voltage_rolling_mean=231.651065;source_publish_interval=0.799503,source_publish_interval,2.191707957535982,21.940709091722965,24.17016588151455
2026-08-10T17:13:29.593409+00:00,communication_drift_01,meter_02,280,none,publish_interval,random,random,random,normal_drift,0.9999999970311684,0.45846463774732493,0,,1,0,collecting_candidates;drift_not_confirmed,source_publish_interval,voltage_rolling_mean=231.458249;source_publish_interval=0.799499,source_publish_interval,0.8269590325653553,11.877959128469229,12.728416128084064
2026-08-10T17:13:29.606253+00:00,communication_drift_01,meter_03,280,none,publish_interval,random,random,random,normal_drift,0.9999999980627385,0.45027368641597754,0,,1,0,collecting_candidates;drift_not_confirmed,source_publish_interval,voltage_rolling_mean=230.583691;source_publish_interval=0.799495,source_publish_interval,0.5498330574482679,9.49787488207221,10.067417053505778
2026-08-10T17:13:30.370483+00:00,communication_drift_01,meter_01,281,none,publish_interval,random,random,random,normal_drift,0.9999999935946866,0.520296497186089,0,,1,0,collecting_candidates;drift_not_confirmed,source_publish_interval,voltage_rolling_mean=231.651065;source_publish_interval=0.799503,source_publish_interval,2.0852088928222656,22.18237495981157,24.309041909873486
2026-08-10T17:13:30.395299+00:00,communication_drift_01,meter_02,281,none,publish_interval,random,random,random,normal_drift,0.9999999909209504,0.466922349615271,0,,1,0,collecting_candidates;drift_not_confirmed,source_publish_interval,voltage_rolling_mean=231.458249;source_publish_interval=0.799499,source_publish_interval,0.8627499919384718,12.027916964143515,12.916916981339455
2026-08-10T17:13:30.408357+00:00,communication_drift_01,meter_03,281,none,publish_interval,random,random,random,normal_drift,0.9999999979077319,0.44627865947630874,0,,1,0,collecting_candidates;drift_not_confirmed,source_publish_interval,voltage_rolling_mean=230.583691;source_publish_interval=0.799495,source_publish_interval,0.5590841174125671,9.554333053529263,10.134832933545113
2026-08-10T17:13:31.173044+00:00,communication_drift_01,meter_01,282,none,publish_interval,random,random,random,normal_drift,0.9999999851585069,0.4765323191176997,0,,1,0,collecting_candidates;drift_not_confirmed,source_publish_interval,voltage_rolling_mean=231.651065;source_publish_interval=0.799503,source_publish_interval,1.3568748254328966,21.85570797882974,23.256707936525345
2026-08-10T17:13:31.196570+00:00,communication_drift_01,meter_02,282,none,publish_interval,random,random,random,normal_drift,0.9999999916791055,0.4480230207214355,0,,1,0,collecting_candidates;drift_not_confirmed,source_publish_interval,voltage_rolling_mean=231.458249;source_publish_interval=0.799499,source_publish_interval,0.8785829413682222,13.16045899875462,14.062624890357256
2026-08-10T17:13:31.210748+00:00,communication_drift_01,meter_03,282,none,publish_interval,random,random,random,normal_drift,0.9999999961081367,0.46149129891447593,0,,1,0,collecting_candidates;drift_not_confirmed,source_publish_interval,voltage_rolling_mean=230.583691;source_publish_interval=0.799495,source_publish_interval,0.6091659888625145,10.171541012823582,10.800792137160897
2026-08-10T17:13:31.978831+00:00,communication_drift_01,meter_01,283,none,publish_interval,random,random,random,normal_drift,0.9999999939992634,0.46543985323674597,0,,1,0,collecting_candidates;drift_not_confirmed,source_publish_interval,voltage_rolling_mean=231.651065;source_publish_interval=0.799503,source_publish_interval,2.5472501292824745,18.624041927978396,21.204791963100433
2026-08-10T17:13:32.000439+00:00,communication_drift_01,meter_02,283,none,publish_interval,random,random,random,normal_drift,0.9999999934472212,0.4618483789060205,0,,1,0,collecting_candidates;drift_not_confirmed,source_publish_interval,voltage_rolling_mean=231.458249;source_publish_interval=0.799499,source_publish_interval,0.7134161423891783,11.408375110477209,12.143917148932815
2026-08-10T17:13:32.012683+00:00,communication_drift_01,meter_03,283,none,publish_interval,random,random,random,normal_drift,0.999999979710305,0.5210018031915699,0,,1,0,collecting_candidates;drift_not_confirmed,source_publish_interval,voltage_rolling_mean=230.583691;source_publish_interval=0.799495,source_publish_interval,0.5236249417066574,9.447958087548614,9.990833001211286
2026-08-10T17:13:32.783904+00:00,communication_drift_01,meter_01,284,none,publish_interval,random,random,random,normal_drift,0.9999999790741534,0.5079685224438338,0,,1,0,collecting_candidates;drift_not_confirmed,source_publish_interval,voltage_rolling_mean=231.651065;source_publish_interval=0.799503,source_publish_interval,2.8825830668210983,18.95387494005263,21.889167139306664
2026-08-10T17:13:32.806234+00:00,communication_drift_01,meter_02,284,none,publish_interval,random,random,random,normal_drift,0.9999999556956687,0.5821789886566903,0,,1,0,collecting_candidates;drift_not_confirmed,source_publish_interval,voltage_rolling_mean=231.458249;source_publish_interval=0.799499,source_publish_interval,0.7610837928950787,11.398999951779842,12.183083919808269
2026-08-10T17:13:32.818536+00:00,communication_drift_01,meter_03,284,none,publish_interval,random,random,random,normal_drift,0.9999999978288336,0.46553637294988015,0,,1,0,collecting_candidates;drift_not_confirmed,source_publish_interval,voltage_rolling_mean=230.583691;source_publish_interval=0.799495,source_publish_interval,0.5637500435113907,9.277542121708393,9.86104179173708
2026-08-10T17:13:33.585429+00:00,communication_drift_01,meter_01,285,none,publish_interval,random,random,random,normal_drift,0.9999999677095105,0.485059638720596,0,,1,0,collecting_candidates;drift_not_confirmed,source_publish_interval,voltage_rolling_mean=231.651065;source_publish_interval=0.799503,source_publish_interval,2.085832878947258,21.806999808177352,23.935250006616116
2026-08-10T17:13:33.609685+00:00,communication_drift_01,meter_02,285,none,publish_interval,random,random,random,normal_drift,0.999999993469677,0.4493382234432306,0,,1,0,collecting_candidates;drift_not_confirmed,source_publish_interval,voltage_rolling_mean=231.458249;source_publish_interval=0.799499,source_publish_interval,0.818875152617693,11.931458953768015,12.774207862094045
2026-08-10T17:13:33.622581+00:00,communication_drift_01,meter_03,285,none,publish_interval,random,random,random,normal_drift,0.9999999985151313,0.4872976242361,0,,1,0,collecting_candidates;drift_not_confirmed,source_publish_interval,voltage_rolling_mean=230.583691;source_publish_interval=0.799495,source_publish_interval,0.5551669746637344,9.53016709536314,10.105333058163524
2026-08-10T17:13:34.388756+00:00,communication_drift_01,meter_01,286,none,publish_interval,random,random,random,normal_drift,0.9999999881783869,0.4627432342520616,0,,1,0,collecting_candidates;drift_not_confirmed,source_publish_interval,voltage_rolling_mean=231.651065;source_publish_interval=0.799503,source_publish_interval,1.3722078874707222,21.105792140588164,22.520666010677814
2026-08-10T17:13:34.411611+00:00,communication_drift_01,meter_02,286,none,publish_interval,random,random,random,normal_drift,0.9999999931881176,0.4661145470161498,0,,1,0,collecting_candidates;drift_not_confirmed,source_publish_interval,voltage_rolling_mean=231.458249;source_publish_interval=0.799499,source_publish_interval,0.8893748745322227,12.824459001421928,13.739291112869978
2026-08-10T17:13:34.425506+00:00,communication_drift_01,meter_03,286,none,publish_interval,random,random,random,normal_drift,0.9999999979249463,0.4951642354710769,0,,1,0,collecting_candidates;drift_not_confirmed,source_publish_interval,voltage_rolling_mean=230.583691;source_publish_interval=0.799495,source_publish_interval,0.605541979894042,9.668165817856789,10.293958010151982
2026-08-10T17:13:35.194392+00:00,communication_drift_01,meter_01,287,none,publish_interval,random,random,random,normal_drift,0.9999999941896807,0.45707589056642584,0,,1,0,collecting_candidates;drift_not_confirmed,source_publish_interval,voltage_rolling_mean=231.651065;source_publish_interval=0.799503,source_publish_interval,2.63662519864738,20.777666941285133,23.47599994391203
2026-08-10T17:13:35.218371+00:00,communication_drift_01,meter_02,287,none,publish_interval,random,random,random,normal_drift,0.9999999885232297,0.44756543039195007,0,,1,0,collecting_candidates;drift_not_confirmed,source_publish_interval,voltage_rolling_mean=231.458249;source_publish_interval=0.799499,source_publish_interval,0.8153331000357866,11.910625034943223,12.754916911944747
2026-08-10T17:13:35.231286+00:00,communication_drift_01,meter_03,287,none,publish_interval,random,random,random,normal_drift,0.9999999940166617,0.4644441960030339,0,,1,0,collecting_candidates;drift_not_confirmed,source_publish_interval,voltage_rolling_mean=230.583691;source_publish_interval=0.799495,source_publish_interval,0.5526668392121792,9.515041019767523,10.091917123645544
2026-08-10T17:13:35.999377+00:00,communication_drift_01,meter_01,288,none,publish_interval,random,random,random,normal_drift,0.9999999001819622,0.5852186819064344,0,,1,0,collecting_candidates;drift_not_confirmed,source_publish_interval,voltage_rolling_mean=231.651065;source_publish_interval=0.799503,source_publish_interval,2.0234580151736736,22.2311660181731,24.314583046361804
2026-08-10T17:13:36.024071+00:00,communication_drift_01,meter_02,288,none,publish_interval,random,random,random,normal_drift,0.9999999979641112,0.48373278355987065,0,,1,0,collecting_candidates;drift_not_confirmed,source_publish_interval,voltage_rolling_mean=231.458249;source_publish_interval=0.799499,source_publish_interval,0.9694590698927641,12.31895899400115,13.315749820321798
2026-08-10T17:13:36.037566+00:00,communication_drift_01,meter_03,288,none,publish_interval,random,random,random,normal_drift,0.9999999974484086,0.4719021049757972,0,,1,0,collecting_candidates;drift_not_confirmed,source_publish_interval,voltage_rolling_mean=230.583691;source_publish_interval=0.799495,source_publish_interval,0.5634590052068233,9.58483386784792,10.169917019084096
2026-08-10T17:13:36.804565+00:00,communication_drift_01,meter_01,289,none,publish_interval,random,random,random,normal_drift,0.9999999800359511,0.45536679660605905,0,,1,0,collecting_candidates;drift_not_confirmed,source_publish_interval,voltage_rolling_mean=231.651065;source_publish_interval=0.799503,source_publish_interval,2.5432920083403587,23.10470794327557,25.710958056151867
2026-08-10T17:13:36.830726+00:00,communication_drift_01,meter_02,289,none,publish_interval,random,random,random,normal_drift,0.9999999700308404,0.500725943155279,0,,1,0,collecting_candidates;drift_not_confirmed,source_publish_interval,voltage_rolling_mean=231.458249;source_publish_interval=0.799499,source_publish_interval,0.9187078103423119,12.362125096842647,13.310875045135617
2026-08-10T17:13:36.844209+00:00,communication_drift_01,meter_03,289,none,publish_interval,random,random,random,normal_drift,0.9999999924142678,0.44404959009351624,0,,1,0,collecting_candidates;drift_not_confirmed,source_publish_interval,voltage_rolling_mean=230.583691;source_publish_interval=0.799495,source_publish_interval,0.5847918801009655,9.49616706930101,10.104084154590964
2026-08-10T17:13:37.609595+00:00,communication_drift_01,meter_01,290,none,publish_interval,random,random,random,normal_drift,0.9999999934451027,0.500825432229465,0,,1,0,collecting_candidates;drift_not_confirmed,source_publish_interval,voltage_rolling_mean=231.651065;source_publish_interval=0.799503,source_publish_interval,2.0020410884171724,22.16425002552569,24.20724998228252
2026-08-10T17:13:37.634114+00:00,communication_drift_01,meter_02,290,none,publish_interval,random,random,random,normal_drift,0.9999999826039659,0.47337907121920075,0,,1,0,collecting_candidates;drift_not_confirmed,source_publish_interval,voltage_rolling_mean=231.458249;source_publish_interval=0.799499,source_publish_interval,0.8655828423798084,11.993875028565526,12.885374948382378
2026-08-10T17:13:37.647125+00:00,communication_drift_01,meter_03,290,none,publish_interval,random,random,random,normal_drift,0.9999999981997727,0.43931325666956134,0,,1,0,collecting_candidates;drift_not_confirmed,source_publish_interval,voltage_rolling_mean=230.583691;source_publish_interval=0.799495,source_publish_interval,0.5374171305447817,9.569500107318163,10.128041030839086
2026-08-10T17:13:38.414435+00:00,communication_drift_01,meter_01,291,none,publish_interval,random,random,random,normal_drift,0.9999999899215627,0.5160313267029797,0,,1,0,collecting_candidates;drift_not_confirmed,source_publish_interval,voltage_rolling_mean=231.651065;source_publish_interval=0.799503,source_publish_interval,2.4688749108463526,20.481374813243747,22.982791997492313
2026-08-10T17:13:38.437847+00:00,communication_drift_01,meter_02,291,none,publish_interval,random,random,random,normal_drift,0.999999987949279,0.48665048811548217,0,,1,0,collecting_candidates;drift_not_confirmed,source_publish_interval,voltage_rolling_mean=231.458249;source_publish_interval=0.799499,source_publish_interval,0.7596658542752266,11.500207940116525,12.282416922971606
2026-08-10T17:13:38.450251+00:00,communication_drift_01,meter_03,291,none,publish_interval,random,random,random,normal_drift,0.9999999899580246,0.44768937656686986,0,,1,0,collecting_candidates;drift_not_confirmed,source_publish_interval,voltage_rolling_mean=230.583691;source_publish_interval=0.799495,source_publish_interval,0.5222922191023827,9.573375107720494,10.115500073879957
2026-08-10T17:13:39.214852+00:00,communication_drift_01,meter_01,292,none,publish_interval,random,random,random,normal_drift,0.999999981095724,0.4571406438395431,0,,1,0,collecting_candidates;drift_not_confirmed,source_publish_interval,voltage_rolling_mean=231.651065;source_publish_interval=0.799503,source_publish_interval,1.3272089418023825,21.473291097208858,22.84083398990333
2026-08-10T17:13:39.237946+00:00,communication_drift_01,meter_02,292,none,publish_interval,random,random,random,normal_drift,0.9999999885081586,0.5047743887016777,0,,1,0,collecting_candidates;drift_not_confirmed,source_publish_interval,voltage_rolling_mean=231.458249;source_publish_interval=0.799499,source_publish_interval,0.9083750192075968,13.046584092080593,13.983000069856644
2026-08-10T17:13:39.252101+00:00,communication_drift_01,meter_03,292,none,publish_interval,random,random,random,normal_drift,0.999999997795098,0.48109997658860054,0,,1,0,collecting_candidates;drift_not_confirmed,source_publish_interval,voltage_rolling_mean=230.583691;source_publish_interval=0.799495,source_publish_interval,0.6041659507900476,9.960375027731061,10.58608409948647
2026-08-10T17:13:40.018941+00:00,communication_drift_01,meter_01,293,none,publish_interval,random,random,random,normal_drift,0.9999999916925854,0.46497276186454384,0,,1,0,collecting_candidates;drift_not_confirmed,source_publish_interval,voltage_rolling_mean=231.651065;source_publish_interval=0.799503,source_publish_interval,2.369499998167157,20.12333390302956,22.529499838128686
2026-08-10T17:13:40.041826+00:00,communication_drift_01,meter_02,293,none,publish_interval,random,random,random,normal_drift,0.9999999911568439,0.45166093081190234,0,,1,0,collecting_candidates;drift_not_confirmed,source_publish_interval,voltage_rolling_mean=231.458249;source_publish_interval=0.799499,source_publish_interval,0.7485828828066587,11.534250108525157,12.305875075981021
2026-08-10T17:13:40.054247+00:00,communication_drift_01,meter_03,293,none,publish_interval,random,random,random,normal_drift,0.9999999875414597,0.48564771581849,0,,1,0,collecting_candidates;drift_not_confirmed,source_publish_interval,voltage_rolling_mean=230.583691;source_publish_interval=0.799495,source_publish_interval,0.5292091518640518,9.485833114013076,10.035916930064559
2026-08-10T17:13:40.822863+00:00,communication_drift_01,meter_01,294,none,publish_interval,random,random,random,normal_drift,0.9999999922769683,0.47106194347787855,0,,1,1,drift_not_confirmed;reference_updated,source_publish_interval,voltage_rolling_mean=231.651065;source_publish_interval=0.801874,source_publish_interval,1.4016658533364534,21.03245910257101,22.47987501323223
2026-08-10T17:13:40.845666+00:00,communication_drift_01,meter_02,294,none,publish_interval,random,random,random,normal_drift,0.9999999319409663,0.48519361151388773,0,,1,1,drift_not_confirmed;reference_updated,source_publish_interval,voltage_rolling_mean=231.458249;source_publish_interval=0.801871,source_publish_interval,0.8941669948399067,13.241457985714078,14.16395790874958
2026-08-10T17:13:40.859962+00:00,communication_drift_01,meter_03,294,none,publish_interval,random,random,random,normal_drift,0.999999934904104,0.5972527099094143,0,,1,1,drift_not_confirmed;reference_updated,source_publish_interval,voltage_rolling_mean=230.583691;source_publish_interval=0.801867,source_publish_interval,0.6077499128878117,9.95066692121327,10.579833062365651
2026-08-10T17:13:41.629202+00:00,communication_drift_01,meter_01,295,none,publish_interval,random,random,random,normal_drift,0.999999919858908,0.5054467331538673,0,,1,0,collecting_candidates;drift_not_confirmed,source_publish_interval,voltage_rolling_mean=231.651065;source_publish_interval=0.801874,source_publish_interval,2.044708002358675,22.130583878606558,24.21087515540421
2026-08-10T17:13:41.653757+00:00,communication_drift_01,meter_02,295,none,publish_interval,random,random,random,normal_drift,0.9999999962535493,0.44217025405747656,0,,1,0,collecting_candidates;drift_not_confirmed,source_publish_interval,voltage_rolling_mean=231.458249;source_publish_interval=0.801871,source_publish_interval,0.8695421274751425,12.103124987334013,12.996834004297853
2026-08-10T17:13:41.666877+00:00,communication_drift_01,meter_03,295,none,publish_interval,random,random,random,normal_drift,0.9999999922161916,0.44263671151601836,0,,1,0,collecting_candidates;drift_not_confirmed,source_publish_interval,voltage_rolling_mean=230.583691;source_publish_interval=0.801867,source_publish_interval,0.5391668528318405,9.524209192022681,10.083166882395744
2026-08-10T17:13:42.434302+00:00,communication_drift_01,meter_01,296,none,publish_interval,random,random,random,normal_drift,0.9999999040978146,0.5393038946628941,0,,1,0,collecting_candidates;drift_not_confirmed,source_publish_interval,voltage_rolling_mean=231.651065;source_publish_interval=0.801874,source_publish_interval,2.0591658540070057,22.202542051672935,24.29941692389548
2026-08-10T17:13:42.458998+00:00,communication_drift_01,meter_02,296,none,publish_interval,random,random,random,normal_drift,0.9999999418315835,0.5162564441383841,0,,1,0,collecting_candidates;drift_not_confirmed,source_publish_interval,voltage_rolling_mean=231.458249;source_publish_interval=0.801871,source_publish_interval,0.8357090409845114,11.891790898516774,12.751542031764984
2026-08-10T17:13:42.474274+00:00,communication_drift_01,meter_03,296,none,publish_interval,random,random,random,normal_drift,0.9999999988201074,0.5545602614528434,0,,1,0,collecting_candidates;drift_not_confirmed,source_publish_interval,voltage_rolling_mean=230.583691;source_publish_interval=0.801867,source_publish_interval,0.5764998495578766,10.276959044858813,10.8749580103904
2026-08-10T17:13:43.233898+00:00,communication_drift_01,meter_01,297,none,publish_interval,random,random,random,normal_drift,0.9999999129088666,0.4944734843144901,0,,1,0,collecting_candidates;drift_not_confirmed,source_publish_interval,voltage_rolling_mean=231.651065;source_publish_interval=0.801874,source_publish_interval,1.5294591430574656,20.172083051875234,21.744042169302702
2026-08-10T17:13:43.255945+00:00,communication_drift_01,meter_02,297,none,publish_interval,random,random,random,normal_drift,0.9999999703065405,0.45230544159067293,0,,1,0,collecting_candidates;drift_not_confirmed,source_publish_interval,voltage_rolling_mean=231.458249;source_publish_interval=0.801871,source_publish_interval,0.830167206004262,12.587167089805007,13.442166149616241
2026-08-10T17:13:43.269530+00:00,communication_drift_01,meter_03,297,none,publish_interval,random,random,random,normal_drift,0.9999999954517207,0.4494830340203785,0,,1,0,collecting_candidates;drift_not_confirmed,source_publish_interval,voltage_rolling_mean=230.583691;source_publish_interval=0.801867,source_publish_interval,0.581792090088129,9.893917012959719,10.495792143046856
2026-08-10T17:13:44.037834+00:00,communication_drift_01,meter_01,298,none,publish_interval,random,random,random,normal_drift,0.9999999329854299,0.44960916211857865,0,,1,0,collecting_candidates;drift_not_confirmed,source_publish_interval,voltage_rolling_mean=231.651065;source_publish_interval=0.801874,source_publish_interval,2.2630421444773674,22.587666986510158,24.905791971832514
2026-08-10T17:13:44.063170+00:00,communication_drift_01,meter_02,298,none,publish_interval,random,random,random,normal_drift,0.999999988631754,0.5193286538067059,0,,1,0,collecting_candidates;drift_not_confirmed,source_publish_interval,voltage_rolling_mean=231.458249;source_publish_interval=0.801871,source_publish_interval,0.8683330379426479,12.044624891132116,12.93900003656745
2026-08-10T17:13:44.076238+00:00,communication_drift_01,meter_03,298,none,publish_interval,random,random,random,normal_drift,0.9999999991189779,0.4791255302633528,0,,1,0,collecting_candidates;drift_not_confirmed,source_publish_interval,voltage_rolling_mean=230.583691;source_publish_interval=0.801867,source_publish_interval,0.536374980583787,9.481250075623393,10.037583066150546
2026-08-10T17:13:44.839477+00:00,communication_drift_01,meter_01,299,none,publish_interval,random,random,random,normal_drift,0.9999999690738913,0.44748393744733966,0,,1,0,collecting_candidates;drift_not_confirmed,source_publish_interval,voltage_rolling_mean=231.651065;source_publish_interval=0.801874,source_publish_interval,2.1592918783426285,18.718000035732985,20.912125008180737
2026-08-10T17:13:44.860800+00:00,communication_drift_01,meter_02,299,none,publish_interval,random,random,random,normal_drift,0.9999999705323206,0.5525741995664716,0,,1,0,collecting_candidates;drift_not_confirmed,source_publish_interval,voltage_rolling_mean=231.458249;source_publish_interval=0.801871,source_publish_interval,0.7289999630302191,11.401499854400754,12.152292067185044
2026-08-10T17:13:44.873062+00:00,communication_drift_01,meter_03,299,none,publish_interval,random,random,random,normal_drift,0.9999999977206615,0.47970849456298226,0,,1,0,collecting_candidates;drift_not_confirmed,source_publish_interval,voltage_rolling_mean=230.583691;source_publish_interval=0.801867,source_publish_interval,0.511624850332737,9.513583034276962,10.045708855614066
2026-08-10T17:13:45.642089+00:00,communication_drift_01,meter_01,300,none,publish_interval,random,random,random,normal_drift,0.9999999810411221,0.4488368048496206,0,,1,0,collecting_candidates;drift_not_confirmed,source_publish_interval,voltage_rolling_mean=231.651065;source_publish_interval=0.801874,source_publish_interval,2.4573749396950006,20.945166004821658,23.436166113242507
2026-08-10T17:13:45.665907+00:00,communication_drift_01,meter_02,300,none,publish_interval,random,random,random,normal_drift,0.9999998766503414,0.5337459863217455,0,,1,0,collecting_candidates;drift_not_confirmed,source_publish_interval,voltage_rolling_mean=231.458249;source_publish_interval=0.801871,source_publish_interval,0.6943331100046635,11.770833050832152,12.49075005762279
2026-08-10T17:13:45.678518+00:00,communication_drift_01,meter_03,300,none,publish_interval,random,random,random,normal_drift,0.9999999731076178,0.4949510069579841,0,,1,0,collecting_candidates;drift_not_confirmed,source_publish_interval,voltage_rolling_mean=230.583691;source_publish_interval=0.801867,source_publish_interval,0.5775841418653727,9.574790950864553,10.171707952395082
2026-08-10T17:13:46.446899+00:00,communication_drift_01,meter_01,301,none,publish_interval,random,random,random,normal_drift,0.9999999222992269,0.4703588122774233,0,,1,0,collecting_candidates;drift_not_confirmed,source_publish_interval,voltage_rolling_mean=231.651065;source_publish_interval=0.801874,source_publish_interval,1.3776668347418308,21.86554088257253,23.282499983906746
2026-08-10T17:13:46.470462+00:00,communication_drift_01,meter_02,301,none,publish_interval,random,random,random,normal_drift,0.9999999875851734,0.49919469394782595,0,,1,0,collecting_candidates;drift_not_confirmed,source_publish_interval,voltage_rolling_mean=231.458249;source_publish_interval=0.801871,source_publish_interval,0.9154998697340488,13.433124870061874,14.378332998603582
2026-08-10T17:13:46.484994+00:00,communication_drift_01,meter_03,301,none,publish_interval,random,random,random,normal_drift,0.9999999993109898,0.4359785025297134,0,,1,0,collecting_candidates;drift_not_confirmed,source_publish_interval,voltage_rolling_mean=230.583691;source_publish_interval=0.801867,source_publish_interval,0.6199581548571587,10.019750101491809,10.65999991260469
2026-08-10T17:13:47.252567+00:00,communication_drift_01,meter_01,302,none,publish_interval,random,random,random,normal_drift,0.9999999632807586,0.44573290706034635,0,,1,0,collecting_candidates;drift_not_confirmed,source_publish_interval,voltage_rolling_mean=231.651065;source_publish_interval=0.801874,source_publish_interval,1.9815422128885984,21.32045803591609,23.340208921581507
2026-08-10T17:13:47.276240+00:00,communication_drift_01,meter_02,302,none,publish_interval,random,random,random,normal_drift,0.9999999943236766,0.4713463032118474,0,,1,0,collecting_candidates;drift_not_confirmed,source_publish_interval,voltage_rolling_mean=231.458249;source_publish_interval=0.801871,source_publish_interval,0.701333861798048,11.73670799471438,12.461249949410558
2026-08-10T17:13:47.288819+00:00,communication_drift_01,meter_03,302,none,publish_interval,random,random,random,normal_drift,0.9999999931038626,0.4841425067397614,0,,1,0,collecting_candidates;drift_not_confirmed,source_publish_interval,voltage_rolling_mean=230.583691;source_publish_interval=0.801867,source_publish_interval,0.5734160076826811,9.673499967902899,10.266290977597237
2026-08-10T17:13:48.057352+00:00,communication_drift_01,meter_01,303,none,publish_interval,random,random,random,normal_drift,0.9999999156791335,0.5407343966942108,0,,1,0,collecting_candidates;drift_not_confirmed,source_publish_interval,voltage_rolling_mean=231.651065;source_publish_interval=0.801874,source_publish_interval,2.297749975696206,23.051667027175426,25.395333068445325
2026-08-10T17:13:48.083149+00:00,communication_drift_01,meter_02,303,none,publish_interval,random,random,random,normal_drift,0.999999875953781,0.5490111171134325,0,,1,0,collecting_candidates;drift_not_confirmed,source_publish_interval,voltage_rolling_mean=231.458249;source_publish_interval=0.801871,source_publish_interval,0.8662501350045204,12.26529199630022,13.157290872186422
2026-08-10T17:13:48.096450+00:00,communication_drift_01,meter_03,303,none,publish_interval,random,random,random,normal_drift,0.999999998414749,0.4477625124536383,0,,1,0,collecting_candidates;drift_not_confirmed,source_publish_interval,voltage_rolling_mean=230.583691;source_publish_interval=0.801867,source_publish_interval,0.5544170271605253,9.560083970427513,10.13487484306097
2026-08-10T17:13:48.863044+00:00,communication_drift_01,meter_01,304,none,publish_interval,random,random,random,normal_drift,0.9999999763593977,0.44496733229796365,0,,1,0,collecting_candidates;drift_not_confirmed,source_publish_interval,voltage_rolling_mean=231.651065;source_publish_interval=0.801874,source_publish_interval,2.1299170330166817,22.377332905307412,24.549833964556456
2026-08-10T17:13:48.888096+00:00,communication_drift_01,meter_02,304,none,publish_interval,random,random,random,normal_drift,0.999999991673664,0.4620675280275624,0,,1,0,collecting_candidates;drift_not_confirmed,source_publish_interval,voltage_rolling_mean=231.458249;source_publish_interval=0.801871,source_publish_interval,0.8467079605907202,11.938499985262752,12.807083083316684
2026-08-10T17:13:48.901011+00:00,communication_drift_01,meter_03,304,none,publish_interval,random,random,random,normal_drift,0.9999999990845643,0.4422768587308065,0,,1,0,collecting_candidates;drift_not_confirmed,source_publish_interval,voltage_rolling_mean=230.583691;source_publish_interval=0.801867,source_publish_interval,0.519416993483901,9.45750018581748,9.996541077271104
2026-08-10T17:13:49.665004+00:00,communication_drift_01,meter_01,305,none,publish_interval,random,random,random,normal_drift,0.9999999227326397,0.44635779906365647,0,,1,0,collecting_candidates;drift_not_confirmed,source_publish_interval,voltage_rolling_mean=231.651065;source_publish_interval=0.801874,source_publish_interval,1.3760419096797705,21.02308301255107,22.441291948780417
2026-08-10T17:13:49.687712+00:00,communication_drift_01,meter_02,305,none,publish_interval,random,random,random,normal_drift,0.9999999835133739,0.4363366895378135,0,,1,0,collecting_candidates;drift_not_confirmed,source_publish_interval,voltage_rolling_mean=231.458249;source_publish_interval=0.801871,source_publish_interval,0.8699591271579266,12.99037504941225,13.884792104363441
2026-08-10T17:13:49.701725+00:00,communication_drift_01,meter_03,305,none,publish_interval,random,random,random,normal_drift,0.9999999985115395,0.4379509327605095,0,,1,0,collecting_candidates;drift_not_confirmed,source_publish_interval,voltage_rolling_mean=230.583691;source_publish_interval=0.801867,source_publish_interval,0.6108330562710762,9.892707923427224,10.523207951337099
2026-08-10T17:13:50.470299+00:00,communication_drift_01,meter_01,306,none,publish_interval,random,random,random,normal_drift,0.9999999659828473,0.47268155278569196,0,,1,0,collecting_candidates;drift_not_confirmed,source_publish_interval,voltage_rolling_mean=231.651065;source_publish_interval=0.801874,source_publish_interval,2.148207975551486,22.17116695828736,24.361375020816922
2026-08-10T17:13:50.495052+00:00,communication_drift_01,meter_02,306,none,publish_interval,random,random,random,normal_drift,0.9999999950363212,0.4807802822985073,0,,1,0,collecting_candidates;drift_not_confirmed,source_publish_interval,voltage_rolling_mean=231.458249;source_publish_interval=0.801871,source_publish_interval,0.8955001831054688,12.221500044688582,13.141707982867956
2026-08-10T17:13:50.508338+00:00,communication_drift_01,meter_03,306,none,publish_interval,random,random,random,normal_drift,0.9999999938985422,0.5033918917974114,0,,1,0,collecting_candidates;drift_not_confirmed,source_publish_interval,voltage_rolling_mean=230.583691;source_publish_interval=0.801867,source_publish_interval,0.5396660417318344,9.645042009651661,10.205541038885713
2026-08-10T17:13:51.275415+00:00,communication_drift_01,meter_01,307,none,publish_interval,random,random,random,normal_drift,0.9999999087757324,0.4595199144446051,0,,1,0,collecting_candidates;drift_not_confirmed,source_publish_interval,voltage_rolling_mean=231.651065;source_publish_interval=0.801874,source_publish_interval,3.464125096797943,20.748334005475044,24.254207964986563
2026-08-10T17:13:51.300085+00:00,communication_drift_01,meter_02,307,none,publish_interval,random,random,random,normal_drift,0.9999999895590849,0.43608272881792753,0,,1,0,collecting_candidates;drift_not_confirmed,source_publish_interval,voltage_rolling_mean=231.458249;source_publish_interval=0.801871,source_publish_interval,0.70966687053442,11.689958162605762,12.423790991306305
2026-08-10T17:13:51.312626+00:00,communication_drift_01,meter_03,307,none,publish_interval,random,random,random,normal_drift,0.9999999998851301,0.4735355958174708,0,,1,0,collecting_candidates;drift_not_confirmed,source_publish_interval,voltage_rolling_mean=230.583691;source_publish_interval=0.801867,source_publish_interval,0.5767920520156622,9.504250017926097,10.098790982738137
2026-08-10T17:13:52.079677+00:00,communication_drift_01,meter_01,308,none,publish_interval,random,random,random,normal_drift,0.9999998497432813,0.5186143701705421,0,,1,0,collecting_candidates;drift_not_confirmed,source_publish_interval,voltage_rolling_mean=231.651065;source_publish_interval=0.801874,source_publish_interval,1.279749907553196,21.687000058591366,23.005499970167875
2026-08-10T17:13:52.102969+00:00,communication_drift_01,meter_02,308,none,publish_interval,random,random,random,normal_drift,0.9999999933855723,0.4673193566168315,0,,1,0,collecting_candidates;drift_not_confirmed,source_publish_interval,voltage_rolling_mean=231.458249;source_publish_interval=0.801871,source_publish_interval,0.8350829593837261,12.451292015612125,13.31049995496869
2026-08-10T17:13:52.116403+00:00,communication_drift_01,meter_03,308,none,publish_interval,random,random,random,normal_drift,0.9999999989362742,0.4953307441651196,0,,1,0,collecting_candidates;drift_not_confirmed,source_publish_interval,voltage_rolling_mean=230.583691;source_publish_interval=0.801867,source_publish_interval,0.5990839563310146,9.724166942760348,10.343207977712154
2026-08-10T17:13:52.884681+00:00,communication_drift_01,meter_01,309,none,publish_interval,random,random,random,normal_drift,0.9999998060199239,0.4904206772100457,0,,1,0,collecting_candidates;drift_not_confirmed,source_publish_interval,voltage_rolling_mean=231.651065;source_publish_interval=0.801874,source_publish_interval,2.2632081527262926,22.38845801912248,24.68962501734495
2026-08-10T17:13:52.909759+00:00,communication_drift_01,meter_02,309,none,publish_interval,random,random,random,normal_drift,0.9999999505261652,0.5861813747083925,0,,1,0,collecting_candidates;drift_not_confirmed,source_publish_interval,voltage_rolling_mean=231.458249;source_publish_interval=0.801871,source_publish_interval,0.8342498913407326,12.058083899319172,12.91649998165667
2026-08-10T17:13:52.922790+00:00,communication_drift_01,meter_03,309,none,publish_interval,random,random,random,normal_drift,0.9999999996442477,0.4876771384111826,0,,1,0,collecting_candidates;drift_not_confirmed,source_publish_interval,voltage_rolling_mean=230.583691;source_publish_interval=0.801867,source_publish_interval,0.5225001368671656,9.561666985973716,10.103791952133179
2026-08-10T17:13:53.689390+00:00,communication_drift_01,meter_01,310,none,publish_interval,random,random,random,normal_drift,0.9999999469519333,0.4427031821061218,0,,1,0,collecting_candidates;drift_not_confirmed,source_publish_interval,voltage_rolling_mean=231.651065;source_publish_interval=0.801874,source_publish_interval,1.9693751819431782,22.27766695432365,24.289207998663187
2026-08-10T17:13:53.714046+00:00,communication_drift_01,meter_02,310,none,publish_interval,random,random,random,normal_drift,0.9999999930215366,0.49724767704291745,0,,1,0,collecting_candidates;drift_not_confirmed,source_publish_interval,voltage_rolling_mean=231.458249;source_publish_interval=0.801871,source_publish_interval,0.860708998516202,12.132625095546246,13.017917051911354
2026-08-10T17:13:53.727194+00:00,communication_drift_01,meter_03,310,none,publish_interval,random,random,random,normal_drift,0.9999999996894937,0.46594644377325434,0,,1,0,collecting_candidates;drift_not_confirmed,source_publish_interval,voltage_rolling_mean=230.583691;source_publish_interval=0.801867,source_publish_interval,0.5344999954104424,9.561208076775074,10.115167126059532
2026-08-10T17:13:54.494861+00:00,communication_drift_01,meter_01,311,none,publish_interval,random,random,random,normal_drift,0.9999999780534607,0.4568313593273958,0,,1,0,collecting_candidates;drift_not_confirmed,source_publish_interval,voltage_rolling_mean=231.651065;source_publish_interval=0.801874,source_publish_interval,2.4730830918997526,22.444749949499965,24.95604194700718
2026-08-10T17:13:54.520223+00:00,communication_drift_01,meter_02,311,none,publish_interval,random,random,random,normal_drift,0.9999999889359473,0.4962331798620235,0,,1,0,collecting_candidates;drift_not_confirmed,source_publish_interval,voltage_rolling_mean=231.458249;source_publish_interval=0.801871,source_publish_interval,0.8339169435203075,12.312375009059906,13.172082835808396
2026-08-10T17:13:54.533512+00:00,communication_drift_01,meter_03,311,none,publish_interval,random,random,random,normal_drift,0.9999999998546674,0.44784633461836976,0,,1,0,collecting_candidates;drift_not_confirmed,source_publish_interval,voltage_rolling_mean=230.583691;source_publish_interval=0.801867,source_publish_interval,0.571749871596694,9.547333000227809,10.139125166460872
2026-08-10T17:13:55.299886+00:00,communication_drift_01,meter_01,312,none,publish_interval,random,random,random,normal_drift,0.999999871992779,0.5218323092735405,0,,1,0,collecting_candidates;drift_not_confirmed,source_publish_interval,voltage_rolling_mean=231.651065;source_publish_interval=0.801874,source_publish_interval,2.2594998590648174,21.77112502977252,24.07449996098876
2026-08-10T17:13:55.324342+00:00,communication_drift_01,meter_02,312,none,publish_interval,random,random,random,normal_drift,0.9999999970071327,0.4999549284309901,0,,1,0,collecting_candidates;drift_not_confirmed,source_publish_interval,voltage_rolling_mean=231.458249;source_publish_interval=0.801871,source_publish_interval,0.7189998868852854,11.743708979338408,12.485957937315106
2026-08-10T17:13:55.336933+00:00,communication_drift_01,meter_03,312,none,publish_interval,random,random,random,normal_drift,0.9999999992437816,0.4385195679879409,0,,1,0,collecting_candidates;drift_not_confirmed,source_publish_interval,voltage_rolling_mean=230.583691;source_publish_interval=0.801867,source_publish_interval,0.5837909411638975,9.668875019997358,10.27199998497963
2026-08-10T17:13:56.105125+00:00,communication_drift_01,meter_01,313,none,publish_interval,random,random,random,normal_drift,0.9999999780750757,0.45459311113211764,0,,1,0,collecting_candidates;drift_not_confirmed,source_publish_interval,voltage_rolling_mean=231.651065;source_publish_interval=0.801874,source_publish_interval,2.4664578959345818,22.674416890367866,25.19137505441904
2026-08-10T17:13:56.130756+00:00,communication_drift_01,meter_02,313,none,publish_interval,random,random,random,normal_drift,0.9999999983709922,0.44703398382541726,0,,1,0,collecting_candidates;drift_not_confirmed,source_publish_interval,voltage_rolling_mean=231.458249;source_publish_interval=0.801871,source_publish_interval,0.8632908575236797,12.010582955554128,12.898207874968648
2026-08-10T17:13:56.143779+00:00,communication_drift_01,meter_03,313,none,publish_interval,random,random,random,normal_drift,0.9999999999683109,0.4377961899705371,0,,1,0,collecting_candidates;drift_not_confirmed,source_publish_interval,voltage_rolling_mean=230.583691;source_publish_interval=0.801867,source_publish_interval,0.5771249998360872,9.545499924570322,10.143000166863203
2026-08-10T17:13:56.910022+00:00,communication_drift_01,meter_01,314,none,publish_interval,random,random,random,normal_drift,0.9999999496790143,0.4455655629020989,0,,1,1,drift_not_confirmed;reference_updated,source_publish_interval,voltage_rolling_mean=231.651065;source_publish_interval=0.803099,source_publish_interval,2.0974171347916126,22.360374918207526,24.502958171069622
2026-08-10T17:13:56.934931+00:00,communication_drift_01,meter_02,314,none,publish_interval,random,random,random,normal_drift,0.9999999874676432,0.4946414244191452,0,,1,1,drift_not_confirmed;reference_updated,source_publish_interval,voltage_rolling_mean=231.458249;source_publish_interval=0.803103,source_publish_interval,0.8339581545442343,12.039249995723367,12.898833025246859
2026-08-10T17:13:56.947942+00:00,communication_drift_01,meter_03,314,none,publish_interval,random,random,random,normal_drift,0.9999999999132045,0.501240497928474,0,,1,1,drift_not_confirmed;reference_updated,source_publish_interval,voltage_rolling_mean=230.583691;source_publish_interval=0.803106,source_publish_interval,0.5506670568138361,9.54608409665525,10.117541998624802
2026-08-10T17:13:57.710165+00:00,communication_drift_01,meter_01,315,none,publish_interval,random,random,random,normal_drift,0.9999997259227765,0.47022661233208346,0,,1,0,collecting_candidates;drift_not_confirmed,source_publish_interval,voltage_rolling_mean=231.651065;source_publish_interval=0.803099,source_publish_interval,2.0429580472409725,22.085250122472644,24.16441706009209
2026-08-10T17:13:57.734660+00:00,communication_drift_01,meter_02,315,none,publish_interval,random,random,random,normal_drift,0.9999999936056745,0.4710267813943551,0,,1,0,collecting_candidates;drift_not_confirmed,source_publish_interval,voltage_rolling_mean=231.458249;source_publish_interval=0.803103,source_publish_interval,0.8257499430328608,12.369874864816666,13.219417072832584
2026-08-10T17:13:57.748010+00:00,communication_drift_01,meter_03,315,none,publish_interval,random,random,random,normal_drift,0.9999999998402878,0.468595148027436,0,,1,0,collecting_candidates;drift_not_confirmed,source_publish_interval,voltage_rolling_mean=230.583691;source_publish_interval=0.803106,source_publish_interval,0.580750172957778,9.984750067815185,10.585666866973042
2026-08-10T17:13:58.515653+00:00,communication_drift_01,meter_01,316,none,publish_interval,random,random,random,normal_drift,0.999999925160054,0.4685481058070969,0,,1,0,collecting_candidates;drift_not_confirmed,source_publish_interval,voltage_rolling_mean=231.651065;source_publish_interval=0.803099,source_publish_interval,2.2561659570783377,21.186084020882845,23.476999951526523
2026-08-10T17:13:58.539503+00:00,communication_drift_01,meter_02,316,none,publish_interval,random,random,random,normal_drift,0.9999999836665185,0.5233386809462923,0,,1,0,collecting_candidates;drift_not_confirmed,source_publish_interval,voltage_rolling_mean=231.458249;source_publish_interval=0.803103,source_publish_interval,0.8240831084549427,11.885041138157248,12.732040835544467
2026-08-10T17:13:58.552340+00:00,communication_drift_01,meter_03,316,none,publish_interval,random,random,random,normal_drift,0.9999999999566174,0.48053445855948335,0,,1,0,collecting_candidates;drift_not_confirmed,source_publish_interval,voltage_rolling_mean=230.583691;source_publish_interval=0.803106,source_publish_interval,0.5240838509052992,9.547374909743667,10.090457974001765
2026-08-10T17:13:59.320770+00:00,communication_drift_01,meter_01,317,none,publish_interval,random,random,random,normal_drift,0.999999963988575,0.44963499128228196,0,,1,0,collecting_candidates;drift_not_confirmed,source_publish_interval,voltage_rolling_mean=231.651065;source_publish_interval=0.803099,source_publish_interval,2.212917199358344,21.975083043798804,24.22583312727511
2026-08-10T17:13:59.345410+00:00,communication_drift_01,meter_02,317,none,publish_interval,random,random,random,normal_drift,0.9999999994723872,0.4560126230256559,0,,1,0,collecting_candidates;drift_not_confirmed,source_publish_interval,voltage_rolling_mean=231.458249;source_publish_interval=0.803103,source_publish_interval,0.7387499790638685,12.032333994284272,12.795124901458621
2026-08-10T17:13:59.358323+00:00,communication_drift_01,meter_03,317,none,publish_interval,random,random,random,normal_drift,0.9999999999266551,0.48239151882145603,0,,1,0,collecting_candidates;drift_not_confirmed,source_publish_interval,voltage_rolling_mean=230.583691;source_publish_interval=0.803106,source_publish_interval,0.609333161264658,9.6327920909971,10.260833892971277
2026-08-10T17:14:00.125982+00:00,communication_drift_01,meter_01,318,none,publish_interval,random,random,random,normal_drift,0.9999997963704336,0.5860343420047228,0,,1,0,collecting_candidates;drift_not_confirmed,source_publish_interval,voltage_rolling_mean=231.651065;source_publish_interval=0.803099,source_publish_interval,2.6979579124599695,18.60237494111061,21.34099998511374
2026-08-10T17:14:00.147741+00:00,communication_drift_01,meter_02,318,none,publish_interval,random,random,random,normal_drift,0.9999999985640855,0.44650238289527655,0,,1,0,collecting_candidates;drift_not_confirmed,source_publish_interval,voltage_rolling_mean=231.458249;source_publish_interval=0.803103,source_publish_interval,0.7651248015463352,11.410917155444622,12.198667041957378
2026-08-10T17:14:00.160055+00:00,communication_drift_01,meter_03,318,none,publish_interval,random,random,random,normal_drift,0.9999999999486937,0.442614967509621,0,,1,0,collecting_candidates;drift_not_confirmed,source_publish_interval,voltage_rolling_mean=230.583691;source_publish_interval=0.803106,source_publish_interval,0.5349579732865095,9.635416092351079,10.191958863288164
2026-08-10T17:14:00.931014+00:00,communication_drift_01,meter_01,319,none,publish_interval,random,random,random,normal_drift,0.9999999569748969,0.49242317127013735,0,,1,0,collecting_candidates;drift_not_confirmed,source_publish_interval,voltage_rolling_mean=231.651065;source_publish_interval=0.803099,source_publish_interval,2.0916250068694353,22.65183301642537,24.783541914075613
2026-08-10T17:14:00.956189+00:00,communication_drift_01,meter_02,319,none,publish_interval,random,random,random,normal_drift,0.9999999986052104,0.45276648439567735,0,,1,0,collecting_candidates;drift_not_confirmed,source_publish_interval,voltage_rolling_mean=231.458249;source_publish_interval=0.803103,source_publish_interval,0.8471249602735043,11.870416114106774,12.740375008434057
2026-08-10T17:14:00.969044+00:00,communication_drift_01,meter_03,319,none,publish_interval,random,random,random,normal_drift,0.9999999999288407,0.44822925899198324,0,,1,0,collecting_candidates;drift_not_confirmed,source_publish_interval,voltage_rolling_mean=230.583691;source_publish_interval=0.803106,source_publish_interval,0.5231669638305902,9.499792009592056,10.044208029285073
2026-08-10T17:14:01.736065+00:00,communication_drift_01,meter_01,320,none,publish_interval,random,random,random,normal_drift,0.9999999907053102,0.48164145767233096,0,,1,0,collecting_candidates;drift_not_confirmed,source_publish_interval,voltage_rolling_mean=231.651065;source_publish_interval=0.803099,source_publish_interval,1.9527499098330736,22.244791965931654,24.25008313730359
2026-08-10T17:14:01.760686+00:00,communication_drift_01,meter_02,320,none,publish_interval,random,random,random,normal_drift,0.9999999981304237,0.4416170533005752,0,,1,0,collecting_candidates;drift_not_confirmed,source_publish_interval,voltage_rolling_mean=231.458249;source_publish_interval=0.803103,source_publish_interval,0.869459006935358,12.041875161230564,12.935749953612685
2026-08-10T17:14:01.773745+00:00,communication_drift_01,meter_03,320,none,publish_interval,random,random,random,normal_drift,0.9999999999194098,0.44814538838558415,0,,1,0,collecting_candidates;drift_not_confirmed,source_publish_interval,voltage_rolling_mean=230.583691;source_publish_interval=0.803106,source_publish_interval,0.5378748755902052,9.628375060856342,10.187417035922408
2026-08-10T17:14:02.539435+00:00,communication_drift_01,meter_01,321,none,publish_interval,random,random,random,normal_drift,0.9999997748272341,0.5064707346904769,0,,1,0,collecting_candidates;drift_not_confirmed,source_publish_interval,voltage_rolling_mean=231.651065;source_publish_interval=0.803099,source_publish_interval,1.3757077977061272,21.055708173662424,22.470999974757433
2026-08-10T17:14:02.562207+00:00,communication_drift_01,meter_02,321,none,publish_interval,random,random,random,normal_drift,0.9999999985690728,0.5514091499718639,0,,1,0,collecting_candidates;drift_not_confirmed,source_publish_interval,voltage_rolling_mean=231.458249;source_publish_interval=0.803103,source_publish_interval,0.9084579069167376,12.722041923552752,13.655290938913822
2026-08-10T17:14:02.575993+00:00,communication_drift_01,meter_03,321,none,publish_interval,random,random,random,normal_drift,0.9999999999595888,0.4489062134308004,0,,1,0,collecting_candidates;drift_not_confirmed,source_publish_interval,voltage_rolling_mean=230.583691;source_publish_interval=0.803106,source_publish_interval,0.6034169346094131,9.802583139389753,10.4267499409616
2026-08-10T17:14:03.345715+00:00,communication_drift_01,meter_01,322,none,publish_interval,random,random,random,normal_drift,0.9999999567165497,0.4357370344857429,0,,1,0,collecting_candidates;drift_not_confirmed,source_publish_interval,voltage_rolling_mean=231.651065;source_publish_interval=0.803099,source_publish_interval,2.228042110800743,18.936417065560818,21.19812509045005
2026-08-10T17:14:03.367314+00:00,communication_drift_01,meter_02,322,none,publish_interval,random,random,random,normal_drift,0.9999999990764294,0.44338450111844807,0,,1,0,collecting_candidates;drift_not_confirmed,source_publish_interval,voltage_rolling_mean=231.458249;source_publish_interval=0.803103,source_publish_interval,0.7139160297811031,11.543584056198597,12.27879198268056
2026-08-10T17:14:03.379713+00:00,communication_drift_01,meter_03,322,none,publish_interval,random,random,random,normal_drift,0.9999999999822535,0.542603587057544,0,,1,0,collecting_candidates;drift_not_confirmed,source_publish_interval,voltage_rolling_mean=230.583691;source_publish_interval=0.803106,source_publish_interval,0.5378331989049911,9.435166139155626,9.993250016123056
2026-08-10T17:14:04.146945+00:00,communication_drift_01,meter_01,323,none,publish_interval,random,random,random,normal_drift,0.9999999893097292,0.4854103019215708,0,,1,0,collecting_candidates;drift_not_confirmed,source_publish_interval,voltage_rolling_mean=231.651065;source_publish_interval=0.803099,source_publish_interval,1.8233750015497208,22.333916975185275,24.197874823585153
2026-08-10T17:14:04.171431+00:00,communication_drift_01,meter_02,323,none,publish_interval,random,random,random,normal_drift,0.9999999995108804,0.4558048690849431,0,,1,0,collecting_candidates;drift_not_confirmed,source_publish_interval,voltage_rolling_mean=231.458249;source_publish_interval=0.803103,source_publish_interval,0.8335001766681671,11.920792050659657,12.777499854564667
2026-08-10T17:14:04.184324+00:00,communication_drift_01,meter_03,323,none,publish_interval,random,random,random,normal_drift,0.9999999991293615,0.6110279965871026,0,,1,0,collecting_candidates;drift_not_confirmed,source_publish_interval,voltage_rolling_mean=230.583691;source_publish_interval=0.803106,source_publish_interval,0.5543329752981663,9.5767502207309,10.149749927222729
2026-08-10T17:14:04.950427+00:00,communication_drift_01,meter_01,324,none,publish_interval,random,random,random,normal_drift,0.9999998563319068,0.44501186811507243,0,,1,0,collecting_candidates;drift_not_confirmed,source_publish_interval,voltage_rolling_mean=231.651065;source_publish_interval=0.803099,source_publish_interval,1.4538750983774662,21.715624956414104,23.208667058497667
2026-08-10T17:14:04.973914+00:00,communication_drift_01,meter_02,324,none,publish_interval,random,random,random,normal_drift,0.9999999982743744,0.47836944825993444,0,,1,0,collecting_candidates;drift_not_confirmed,source_publish_interval,voltage_rolling_mean=231.458249;source_publish_interval=0.803103,source_publish_interval,0.8560409769415855,12.362124864012003,13.242957880720496
2026-08-10T17:14:04.987295+00:00,communication_drift_01,meter_03,324,none,publish_interval,random,random,random,normal_drift,0.999999999972867,0.4558390964707667,0,,1,0,collecting_candidates;drift_not_confirmed,source_publish_interval,voltage_rolling_mean=230.583691;source_publish_interval=0.803106,source_publish_interval,0.6388749461621046,9.768875082954764,10.42683282867074
2026-08-10T17:14:05.755308+00:00,communication_drift_01,meter_01,325,none,publish_interval,random,random,random,normal_drift,0.9999999871985695,0.439078949053924,0,,1,0,collecting_candidates;drift_not_confirmed,source_publish_interval,voltage_rolling_mean=231.651065;source_publish_interval=0.803099,source_publish_interval,2.011083997786045,22.50545797869563,24.556250078603625
2026-08-10T17:14:05.780235+00:00,communication_drift_01,meter_02,325,none,publish_interval,random,random,random,normal_drift,0.9999999991129791,0.4415348424010457,0,,1,0,collecting_candidates;drift_not_confirmed,source_publish_interval,voltage_rolling_mean=231.458249;source_publish_interval=0.803103,source_publish_interval,0.8330000564455986,12.008332880213857,12.865041149780154
2026-08-10T17:14:05.793231+00:00,communication_drift_01,meter_03,325,none,publish_interval,random,random,random,normal_drift,0.9999999999701845,0.4684838767225324,0,,1,0,collecting_candidates;drift_not_confirmed,source_publish_interval,voltage_rolling_mean=230.583691;source_publish_interval=0.803106,source_publish_interval,0.5660420283675194,9.534667013213038,10.119874961674213
2026-08-10T17:14:06.559346+00:00,communication_drift_01,meter_01,326,none,publish_interval,random,random,random,normal_drift,0.9999999731814988,0.499556173693534,0,,1,0,collecting_candidates;drift_not_confirmed,source_publish_interval,voltage_rolling_mean=231.651065;source_publish_interval=0.803099,source_publish_interval,1.9818330183625221,22.704416885972023,24.7297917958349
2026-08-10T17:14:06.584443+00:00,communication_drift_01,meter_02,326,none,publish_interval,random,random,random,normal_drift,0.9999999932872161,0.49050838817137066,0,,1,0,collecting_candidates;drift_not_confirmed,source_publish_interval,voltage_rolling_mean=231.458249;source_publish_interval=0.803103,source_publish_interval,0.8010000456124544,11.88925001770258,12.715625111013651
2026-08-10T17:14:06.597297+00:00,communication_drift_01,meter_03,326,none,publish_interval,random,random,random,normal_drift,0.9999999999873241,0.4654204298829034,0,,1,0,collecting_candidates;drift_not_confirmed,source_publish_interval,voltage_rolling_mean=230.583691;source_publish_interval=0.803106,source_publish_interval,0.553749967366457,9.553584037348628,10.127958143129945
2026-08-10T17:14:07.364573+00:00,communication_drift_01,meter_01,327,none,publish_interval,random,random,random,normal_drift,0.9999999896546227,0.5248955506762452,0,,1,0,collecting_candidates;drift_not_confirmed,source_publish_interval,voltage_rolling_mean=231.651065;source_publish_interval=0.803099,source_publish_interval,3.215499920770526,23.244792129844427,26.496874867007136
2026-08-10T17:14:07.391464+00:00,communication_drift_01,meter_02,327,none,publish_interval,random,random,random,normal_drift,0.9999999983481642,0.4587199983758711,0,,1,0,collecting_candidates;drift_not_confirmed,source_publish_interval,voltage_rolling_mean=231.458249;source_publish_interval=0.803103,source_publish_interval,0.858166953548789,12.221917044371367,13.105042045935988
2026-08-10T17:14:07.404690+00:00,communication_drift_01,meter_03,327,none,publish_interval,random,random,random,normal_drift,0.9999999999894305,0.4464692828875291,0,,1,0,collecting_candidates;drift_not_confirmed,source_publish_interval,voltage_rolling_mean=230.583691;source_publish_interval=0.803106,source_publish_interval,0.5900829564779997,9.522165870293975,10.131875053048134
2026-08-10T17:14:08.169352+00:00,communication_drift_01,meter_01,328,none,publish_interval,random,random,random,normal_drift,0.9999998247307081,0.565686015306054,0,,1,0,collecting_candidates;drift_not_confirmed,source_publish_interval,voltage_rolling_mean=231.651065;source_publish_interval=0.803099,source_publish_interval,2.793417079374194,17.086290987208486,19.91549995727837
2026-08-10T17:14:08.189703+00:00,communication_drift_01,meter_02,328,none,publish_interval,random,random,random,normal_drift,0.9999999981915191,0.47252675579241527,0,,1,0,collecting_candidates;drift_not_confirmed,source_publish_interval,voltage_rolling_mean=231.458249;source_publish_interval=0.803103,source_publish_interval,0.712833134457469,11.071000015363097,11.805332964286208
2026-08-10T17:14:08.201612+00:00,communication_drift_01,meter_03,328,none,publish_interval,random,random,random,normal_drift,0.9999999999870124,0.47151048134087603,0,,1,0,collecting_candidates;drift_not_confirmed,source_publish_interval,voltage_rolling_mean=230.583691;source_publish_interval=0.803106,source_publish_interval,0.5233339034020901,9.368333034217358,9.911041939631104
2026-08-10T17:14:08.971789+00:00,communication_drift_01,meter_01,329,none,publish_interval,random,random,random,normal_drift,0.9999999961195121,0.458016819094977,0,,1,0,collecting_candidates;drift_not_confirmed,source_publish_interval,voltage_rolling_mean=231.651065;source_publish_interval=0.803099,source_publish_interval,2.141500124707818,22.34479202888906,24.526750203222036
2026-08-10T17:14:08.996732+00:00,communication_drift_01,meter_02,329,none,publish_interval,random,random,random,normal_drift,0.9999999972590194,0.6163823198881389,0,,1,0,collecting_candidates;drift_not_confirmed,source_publish_interval,voltage_rolling_mean=231.458249;source_publish_interval=0.803103,source_publish_interval,0.8417500648647547,12.157999910414219,13.024375075474381
2026-08-10T17:14:09.009878+00:00,communication_drift_01,meter_03,329,none,publish_interval,random,random,random,normal_drift,0.999999999993304,0.45877063779392885,0,,1,0,collecting_candidates;drift_not_confirmed,source_publish_interval,voltage_rolling_mean=230.583691;source_publish_interval=0.803106,source_publish_interval,0.5555839743465185,9.524666937068105,10.10004198178649
2026-08-10T17:14:09.776992+00:00,communication_drift_01,meter_01,330,none,publish_interval,random,random,random,normal_drift,0.9999999134752936,0.5500735107837644,0,,1,0,collecting_candidates;drift_not_confirmed,source_publish_interval,voltage_rolling_mean=231.651065;source_publish_interval=0.803099,source_publish_interval,1.9485410302877426,22.00870797969401,24.008666165173054
2026-08-10T17:14:09.801340+00:00,communication_drift_01,meter_02,330,none,publish_interval,random,random,random,normal_drift,0.9999999997717686,0.4445813014552461,0,,1,0,collecting_candidates;drift_not_confirmed,source_publish_interval,voltage_rolling_mean=231.458249;source_publish_interval=0.803103,source_publish_interval,0.863624969497323,12.11495790630579,13.003249885514379
2026-08-10T17:14:09.814467+00:00,communication_drift_01,meter_03,330,none,publish_interval,random,random,random,normal_drift,0.9999999999879645,0.4451305203093914,0,,1,0,collecting_candidates;drift_not_confirmed,source_publish_interval,voltage_rolling_mean=230.583691;source_publish_interval=0.803106,source_publish_interval,0.5330420099198818,9.546916000545025,10.09995792992413
2026-08-10T17:14:10.579550+00:00,communication_drift_01,meter_01,331,none,publish_interval,random,random,random,normal_drift,0.999999996982813,0.4648159213886016,0,,1,0,collecting_candidates;drift_not_confirmed,source_publish_interval,voltage_rolling_mean=231.651065;source_publish_interval=0.803099,source_publish_interval,1.983333146199584,21.985374856740236,24.00766685605049
2026-08-10T17:14:10.603873+00:00,communication_drift_01,meter_02,331,none,publish_interval,random,random,random,normal_drift,0.9999999997846263,0.45444767195167457,0,,1,0,collecting_candidates;drift_not_confirmed,source_publish_interval,voltage_rolling_mean=231.458249;source_publish_interval=0.803103,source_publish_interval,0.8051658514887094,11.904125101864338,12.732875067740679
2026-08-10T17:14:10.616722+00:00,communication_drift_01,meter_03,331,none,publish_interval,random,random,random,normal_drift,0.9999999999782461,0.4404623449916555,0,,1,0,collecting_candidates;drift_not_confirmed,source_publish_interval,voltage_rolling_mean=230.583691;source_publish_interval=0.803106,source_publish_interval,0.568249961361289,9.457999840378761,10.045208968222141
2026-08-10T17:14:11.384495+00:00,communication_drift_01,meter_01,332,none,publish_interval,random,random,random,normal_drift,0.9999999955324892,0.4405082291672228,0,,1,0,collecting_candidates;drift_not_confirmed,source_publish_interval,voltage_rolling_mean=231.651065;source_publish_interval=0.803099,source_publish_interval,3.00725013948977,19.683999940752983,22.732999874278903
2026-08-10T17:14:11.407617+00:00,communication_drift_01,meter_02,332,none,publish_interval,random,random,random,normal_drift,0.9999999998581788,0.4434896173034253,0,,1,0,collecting_candidates;drift_not_confirmed,source_publish_interval,voltage_rolling_mean=231.458249;source_publish_interval=0.803103,source_publish_interval,0.7052910514175892,11.620083125308156,12.3497499153018
2026-08-10T17:14:11.420079+00:00,communication_drift_01,meter_03,332,none,publish_interval,random,random,random,normal_drift,0.9999999999949223,0.44546415300255476,0,,1,0,collecting_candidates;drift_not_confirmed,source_publish_interval,voltage_rolling_mean=230.583691;source_publish_interval=0.803106,source_publish_interval,0.5344590172171593,9.493625024333596,10.047790827229619
2026-08-10T17:14:12.189086+00:00,communication_drift_01,meter_01,333,none,publish_interval,random,random,random,normal_drift,0.9999999857487067,0.47504620501484585,0,,1,0,collecting_candidates;drift_not_confirmed,source_publish_interval,voltage_rolling_mean=231.651065;source_publish_interval=0.803099,source_publish_interval,1.5488751232624054,21.470957901328802,23.05770805105567
2026-08-10T17:14:12.212409+00:00,communication_drift_01,meter_02,333,none,publish_interval,random,random,random,normal_drift,0.9999999997400475,0.47015601342445595,0,,1,0,collecting_candidates;drift_not_confirmed,source_publish_interval,voltage_rolling_mean=231.458249;source_publish_interval=0.803103,source_publish_interval,0.8244169875979424,13.0105409771204,13.860374921932817
2026-08-10T17:14:12.226388+00:00,communication_drift_01,meter_03,333,none,publish_interval,random,random,random,normal_drift,0.9999999999915932,0.44293486434549023,0,,1,0,collecting_candidates;drift_not_confirmed,source_publish_interval,voltage_rolling_mean=230.583691;source_publish_interval=0.803106,source_publish_interval,0.6015831604599953,9.75183304399252,10.37324988283217
2026-08-10T17:14:12.994796+00:00,communication_drift_01,meter_01,334,none,publish_interval,random,random,random,normal_drift,0.9999999967275954,0.5168727107735226,0,,1,1,drift_not_confirmed;reference_updated,source_publish_interval,voltage_rolling_mean=231.651065;source_publish_interval=0.803673,source_publish_interval,2.231250051409006,22.266874788329005,24.54849984496832
2026-08-10T17:14:13.019763+00:00,communication_drift_01,meter_02,334,none,publish_interval,random,random,random,normal_drift,0.9999999990012305,0.48784777304843213,0,,1,1,drift_not_confirmed;reference_updated,source_publish_interval,voltage_rolling_mean=231.458249;source_publish_interval=0.803676,source_publish_interval,0.7645830046385527,12.151958188042045,12.94816704466939
2026-08-10T17:14:13.032867+00:00,communication_drift_01,meter_03,334,none,publish_interval,random,random,random,normal_drift,0.9999999999973608,0.44352892044910797,0,,1,1,drift_not_confirmed;reference_updated,source_publish_interval,voltage_rolling_mean=230.583691;source_publish_interval=0.803676,source_publish_interval,0.5899998359382153,9.599207900464535,10.213375091552734
2026-08-10T17:14:13.798780+00:00,communication_drift_01,meter_01,335,none,publish_interval,random,random,random,normal_drift,0.9999999971391103,0.4392810026134267,0,,1,0,collecting_candidates;drift_not_confirmed,source_publish_interval,voltage_rolling_mean=231.651065;source_publish_interval=0.803673,source_publish_interval,1.3093750458210707,22.783542051911354,24.147041840478778
2026-08-10T17:14:13.823335+00:00,communication_drift_01,meter_02,335,none,publish_interval,random,random,random,normal_drift,0.9999999999589808,0.49983918280825873,0,,1,0,collecting_candidates;drift_not_confirmed,source_publish_interval,voltage_rolling_mean=231.458249;source_publish_interval=0.803676,source_publish_interval,0.9311670437455177,12.509582797065377,13.471042038872838
2026-08-10T17:14:13.836960+00:00,communication_drift_01,meter_03,335,none,publish_interval,random,random,random,normal_drift,0.9999999999828839,0.5016979742769418,0,,1,0,collecting_candidates;drift_not_confirmed,source_publish_interval,voltage_rolling_mean=230.583691;source_publish_interval=0.803676,source_publish_interval,0.5914999637752771,9.697832865640521,10.31137490645051
2026-08-10T17:14:14.600472+00:00,communication_drift_01,meter_01,336,none,publish_interval,random,random,random,normal_drift,0.9999999982148635,0.4463943321745228,0,,1,0,collecting_candidates;drift_not_confirmed,source_publish_interval,voltage_rolling_mean=231.651065;source_publish_interval=0.803673,source_publish_interval,1.1917920783162117,21.334375021979213,22.60149992071092
2026-08-10T17:14:14.623537+00:00,communication_drift_01,meter_02,336,none,publish_interval,random,random,random,normal_drift,0.9999999996057611,0.49555067450085827,0,,1,0,collecting_candidates;drift_not_confirmed,source_publish_interval,voltage_rolling_mean=231.458249;source_publish_interval=0.803676,source_publish_interval,0.9952920954674482,12.824000092223287,13.85316695086658
2026-08-10T17:14:14.637595+00:00,communication_drift_01,meter_03,336,none,publish_interval,random,random,random,normal_drift,0.9999999999972762,0.4945123641621118,0,,1,0,collecting_candidates;drift_not_confirmed,source_publish_interval,voltage_rolling_mean=230.583691;source_publish_interval=0.803676,source_publish_interval,0.6392910145223141,9.72308311611414,10.385124944150448
2026-08-10T17:14:15.406347+00:00,communication_drift_01,meter_01,337,none,publish_interval,random,random,random,normal_drift,0.9999998645486211,0.5450233844442076,0,,1,0,collecting_candidates;drift_not_confirmed,source_publish_interval,voltage_rolling_mean=231.651065;source_publish_interval=0.803673,source_publish_interval,2.092750044539571,21.527291042730212,23.6714999191463
2026-08-10T17:14:15.430495+00:00,communication_drift_01,meter_02,337,none,publish_interval,random,random,random,normal_drift,0.9999999999469311,0.450049673265735,0,,1,0,collecting_candidates;drift_not_confirmed,source_publish_interval,voltage_rolling_mean=231.458249;source_publish_interval=0.803676,source_publish_interval,0.7556250784546137,12.036083033308387,12.820041039958596
2026-08-10T17:14:15.443466+00:00,communication_drift_01,meter_03,337,none,publish_interval,random,random,random,normal_drift,0.9999999999881348,0.4494164624607627,0,,1,0,collecting_candidates;drift_not_confirmed,source_publish_interval,voltage_rolling_mean=230.583691;source_publish_interval=0.803676,source_publish_interval,0.6104998756200075,9.577207965776324,10.209083091467619
2026-08-10T17:14:16.211131+00:00,communication_drift_01,meter_01,338,none,publish_interval,random,random,random,normal_drift,0.9999999939318469,0.45397469282587455,0,,1,0,collecting_candidates;drift_not_confirmed,source_publish_interval,voltage_rolling_mean=231.651065;source_publish_interval=0.803673,source_publish_interval,3.3360000234097242,21.970625035464764,25.38674999959767
2026-08-10T17:14:16.237086+00:00,communication_drift_01,meter_02,338,none,publish_interval,random,random,random,normal_drift,0.9999999999479969,0.4446988614083099,0,,1,0,collecting_candidates;drift_not_confirmed,source_publish_interval,voltage_rolling_mean=231.458249;source_publish_interval=0.803676,source_publish_interval,0.8787079714238644,12.022915994748473,12.932667043060064
2026-08-10T17:14:16.250189+00:00,communication_drift_01,meter_03,338,none,publish_interval,random,random,random,normal_drift,0.9999999999924769,0.453105257827971,0,,1,0,collecting_candidates;drift_not_confirmed,source_publish_interval,voltage_rolling_mean=230.583691;source_publish_interval=0.803676,source_publish_interval,0.5696672014892101,9.549833135679364,10.143333114683628
2026-08-10T17:14:17.016491+00:00,communication_drift_01,meter_01,339,none,publish_interval,random,random,random,normal_drift,0.9999999985322667,0.43512614775571706,0,,1,0,collecting_candidates;drift_not_confirmed,source_publish_interval,voltage_rolling_mean=231.651065;source_publish_interval=0.803673,source_publish_interval,1.975958002731204,22.683833027258515,24.7294579166919
2026-08-10T17:14:17.041719+00:00,communication_drift_01,meter_02,339,none,publish_interval,random,random,random,normal_drift,0.9999999999647391,0.445723397095995,0,,1,0,collecting_candidates;drift_not_confirmed,source_publish_interval,voltage_rolling_mean=231.458249;source_publish_interval=0.803676,source_publish_interval,0.9259588550776243,11.97708398103714,12.931374832987785
2026-08-10T17:14:17.054829+00:00,communication_drift_01,meter_03,339,none,publish_interval,random,random,random,normal_drift,0.9999999999963092,0.47930336749074764,0,,1,0,collecting_candidates;drift_not_confirmed,source_publish_interval,voltage_rolling_mean=230.583691;source_publish_interval=0.803676,source_publish_interval,0.5770418792963028,9.495000122115016,10.093792108818889
2026-08-10T17:14:17.821449+00:00,communication_drift_01,meter_01,340,none,publish_interval,random,random,random,normal_drift,0.9999999984152546,0.4655729533939472,0,,1,0,collecting_candidates;drift_not_confirmed,source_publish_interval,voltage_rolling_mean=231.651065;source_publish_interval=0.803673,source_publish_interval,2.520583104342222,20.960374968126416,23.525875061750412
2026-08-10T17:14:17.845428+00:00,communication_drift_01,meter_02,340,none,publish_interval,random,random,random,normal_drift,0.9999999999530835,0.454948216741621,0,,1,0,collecting_candidates;drift_not_confirmed,source_publish_interval,voltage_rolling_mean=231.458249;source_publish_interval=0.803676,source_publish_interval,0.767500139772892,11.748999822884798,12.545208912342787
2026-08-10T17:14:17.858106+00:00,communication_drift_01,meter_03,340,none,publish_interval,random,random,random,normal_drift,0.9999999999944043,0.4352622705162826,0,,1,0,collecting_candidates;drift_not_confirmed,source_publish_interval,voltage_rolling_mean=230.583691;source_publish_interval=0.803676,source_publish_interval,0.5445419810712337,9.89779201336205,10.465457802638412
2026-08-10T17:14:18.625824+00:00,communication_drift_01,meter_01,341,none,publish_interval,random,random,random,normal_drift,0.9999999968403144,0.5530215059172352,0,,1,0,collecting_candidates;drift_not_confirmed,source_publish_interval,voltage_rolling_mean=231.651065;source_publish_interval=0.803673,source_publish_interval,2.068958943709731,22.132290992885828,24.245833978056908
2026-08-10T17:14:18.650406+00:00,communication_drift_01,meter_02,341,none,publish_interval,random,random,random,normal_drift,0.9999999999688347,0.45707929983810425,0,,1,0,collecting_candidates;drift_not_confirmed,source_publish_interval,voltage_rolling_mean=231.458249;source_publish_interval=0.803676,source_publish_interval,0.8758341427892447,11.96158304810524,12.865375028923154
2026-08-10T17:14:18.663410+00:00,communication_drift_01,meter_03,341,none,publish_interval,random,random,random,normal_drift,0.9999999999973563,0.4870572230683025,0,,1,0,collecting_candidates;drift_not_confirmed,source_publish_interval,voltage_rolling_mean=230.583691;source_publish_interval=0.803676,source_publish_interval,0.5422080866992474,9.566416032612324,10.129791917279363
2026-08-10T17:14:19.429470+00:00,communication_drift_01,meter_01,342,none,publish_interval,random,random,random,normal_drift,0.9999999992006272,0.45985694207177735,0,,1,0,collecting_candidates;drift_not_confirmed,source_publish_interval,voltage_rolling_mean=231.651065;source_publish_interval=0.803673,source_publish_interval,1.132583012804389,22.764124907553196,23.94379209727049
2026-08-10T17:14:19.453725+00:00,communication_drift_01,meter_02,342,none,publish_interval,random,random,random,normal_drift,0.999999999819402,0.4729293276955888,0,,1,0,collecting_candidates;drift_not_confirmed,source_publish_interval,voltage_rolling_mean=231.458249;source_publish_interval=0.803676,source_publish_interval,0.8587499614804983,12.58095889352262,13.467458076775074
2026-08-10T17:14:19.467353+00:00,communication_drift_01,meter_03,342,none,publish_interval,random,random,random,normal_drift,0.9999999999681848,0.49329591618587576,0,,1,0,collecting_candidates;drift_not_confirmed,source_publish_interval,voltage_rolling_mean=230.583691;source_publish_interval=0.803676,source_publish_interval,0.603624852374196,9.645875077694654,10.26945817284286
2026-08-10T17:14:20.234123+00:00,communication_drift_01,meter_01,343,none,publish_interval,random,random,random,normal_drift,0.9999999934982859,0.5104435863478259,0,,1,0,collecting_candidates;drift_not_confirmed,source_publish_interval,voltage_rolling_mean=231.651065;source_publish_interval=0.803673,source_publish_interval,1.451042015105486,23.000124841928482,24.492749944329262
2026-08-10T17:14:20.258893+00:00,communication_drift_01,meter_02,343,none,publish_interval,random,random,random,normal_drift,0.999999999980197,0.4750362269476536,0,,1,0,collecting_candidates;drift_not_confirmed,source_publish_interval,voltage_rolling_mean=231.458249;source_publish_interval=0.803676,source_publish_interval,0.8472499903291464,12.43937504477799,13.312708120793104
2026-08-10T17:14:20.272349+00:00,communication_drift_01,meter_03,343,none,publish_interval,random,random,random,normal_drift,0.9999999999963449,0.43572329271782534,0,,1,0,collecting_candidates;drift_not_confirmed,source_publish_interval,voltage_rolling_mean=230.583691;source_publish_interval=0.803676,source_publish_interval,0.5924170836806297,9.723583003506064,10.337125044316053
2026-08-10T17:14:21.040515+00:00,communication_drift_01,meter_01,344,none,publish_interval,random,random,random,normal_drift,0.9999999996759794,0.4831888064839239,0,,1,0,collecting_candidates;drift_not_confirmed,source_publish_interval,voltage_rolling_mean=231.651065;source_publish_interval=0.803673,source_publish_interval,2.446209080517292,21.205582888796926,23.685958003625274
2026-08-10T17:14:21.064611+00:00,communication_drift_01,meter_02,344,none,publish_interval,random,random,random,normal_drift,0.999999999764918,0.5069428883029871,0,,1,0,collecting_candidates;drift_not_confirmed,source_publish_interval,voltage_rolling_mean=231.458249;source_publish_interval=0.803676,source_publish_interval,0.7126249838620424,11.973666027188301,12.711332878097892
2026-08-10T17:14:21.077446+00:00,communication_drift_01,meter_03,344,none,publish_interval,random,random,random,normal_drift,0.9999999999878126,0.4874683756800943,0,,1,0,collecting_candidates;drift_not_confirmed,source_publish_interval,voltage_rolling_mean=230.583691;source_publish_interval=0.803676,source_publish_interval,0.5227909423410892,9.577166056260467,10.120374849066138
2026-08-10T17:14:21.845793+00:00,communication_drift_01,meter_01,345,none,publish_interval,random,random,random,normal_drift,0.9999999988533805,0.44050518058797106,0,,1,0,collecting_candidates;drift_not_confirmed,source_publish_interval,voltage_rolling_mean=231.651065;source_publish_interval=0.803673,source_publish_interval,2.035041805356741,22.133792052045465,24.221415864303708
2026-08-10T17:14:21.870484+00:00,communication_drift_01,meter_02,345,none,publish_interval,random,random,random,normal_drift,0.9999999999794766,0.45747123218640845,0,,1,0,collecting_candidates;drift_not_confirmed,source_publish_interval,voltage_rolling_mean=231.458249;source_publish_interval=0.803676,source_publish_interval,0.8618750143796206,12.094625039026141,12.982625048607588
2026-08-10T17:14:21.883614+00:00,communication_drift_01,meter_03,345,none,publish_interval,random,random,random,normal_drift,0.9999999999892257,0.45550088841913616,0,,1,0,collecting_candidates;drift_not_confirmed,source_publish_interval,voltage_rolling_mean=230.583691;source_publish_interval=0.803676,source_publish_interval,0.5294170696288347,9.5875000115484,10.137374978512526
2026-08-10T17:14:22.650871+00:00,communication_drift_01,meter_01,346,none,publish_interval,random,random,random,normal_drift,0.9999999993854543,0.49800603512939495,0,,1,0,collecting_candidates;drift_not_confirmed,source_publish_interval,voltage_rolling_mean=231.651065;source_publish_interval=0.803673,source_publish_interval,2.204708056524396,22.55537500604987,24.812125135213137
2026-08-10T17:14:22.676132+00:00,communication_drift_01,meter_02,346,none,publish_interval,random,random,random,normal_drift,0.9999999999874742,0.45266241313258815,0,,1,0,collecting_candidates;drift_not_confirmed,source_publish_interval,voltage_rolling_mean=231.458249;source_publish_interval=0.803676,source_publish_interval,0.8881250396370888,12.085957918316126,13.001374900341034
2026-08-10T17:14:22.689290+00:00,communication_drift_01,meter_03,346,none,publish_interval,random,random,random,normal_drift,0.9999999999900517,0.4463990279206658,0,,1,0,collecting_candidates;drift_not_confirmed,source_publish_interval,voltage_rolling_mean=230.583691;source_publish_interval=0.803676,source_publish_interval,0.5445408169180155,9.490750031545758,10.065958835184574
2026-08-10T17:14:23.455634+00:00,communication_drift_01,meter_01,347,none,publish_interval,random,random,random,normal_drift,0.9999999997663818,0.4506836986326468,0,,1,0,collecting_candidates;drift_not_confirmed,source_publish_interval,voltage_rolling_mean=231.651065;source_publish_interval=0.803673,source_publish_interval,1.8309999722987413,22.649541031569242,24.518457939848304
2026-08-10T17:14:23.480600+00:00,communication_drift_01,meter_02,347,none,publish_interval,random,random,random,normal_drift,0.9999999999883344,0.4702035108275768,0,,1,0,collecting_candidates;drift_not_confirmed,source_publish_interval,voltage_rolling_mean=231.458249;source_publish_interval=0.803676,source_publish_interval,0.8238339796662331,12.06541690044105,12.913041980937123
2026-08-10T17:14:23.493628+00:00,communication_drift_01,meter_03,347,none,publish_interval,random,random,random,normal_drift,0.9999999999269822,0.6462782656708304,0,,1,0,collecting_candidates;drift_not_confirmed,source_publish_interval,voltage_rolling_mean=230.583691;source_publish_interval=0.803676,source_publish_interval,0.5270829424262047,9.584374958649278,10.131292045116425
2026-08-10T17:14:24.259968+00:00,communication_drift_01,meter_01,348,none,publish_interval,random,random,random,normal_drift,0.9999999998537195,0.44748752854823837,0,,1,0,collecting_candidates;drift_not_confirmed,source_publish_interval,voltage_rolling_mean=231.651065;source_publish_interval=0.803673,source_publish_interval,2.395041985437274,19.995207898318768,22.42370811291039
2026-08-10T17:14:24.282777+00:00,communication_drift_01,meter_02,348,none,publish_interval,random,random,random,normal_drift,0.9999999999838749,0.463383598933106,0,,1,0,collecting_candidates;drift_not_confirmed,source_publish_interval,voltage_rolling_mean=231.458249;source_publish_interval=0.803676,source_publish_interval,0.71470788680017,11.617624899372458,12.354084057733417
2026-08-10T17:14:24.295234+00:00,communication_drift_01,meter_03,348,none,publish_interval,random,random,random,normal_drift,0.9999999999699969,0.4791914421580532,0,,1,0,collecting_candidates;drift_not_confirmed,source_publish_interval,voltage_rolling_mean=230.583691;source_publish_interval=0.803676,source_publish_interval,0.5127079784870148,9.570499882102013,10.102707892656326
2026-08-10T17:14:25.064210+00:00,communication_drift_01,meter_01,349,none,publish_interval,random,random,random,normal_drift,0.9999999917558838,0.5212388704691315,0,,1,0,collecting_candidates;drift_not_confirmed,source_publish_interval,voltage_rolling_mean=231.651065;source_publish_interval=0.803673,source_publish_interval,1.4928749296814203,21.000332897529006,22.544875042513013
2026-08-10T17:14:25.087210+00:00,communication_drift_01,meter_02,349,none,publish_interval,random,random,random,normal_drift,0.9999999999842915,0.4532460043248872,0,,1,0,collecting_candidates;drift_not_confirmed,source_publish_interval,voltage_rolling_mean=231.458249;source_publish_interval=0.803676,source_publish_interval,0.9235839825123549,12.563333846628666,13.516082894057035
2026-08-10T17:14:25.100908+00:00,communication_drift_01,meter_03,349,none,publish_interval,random,random,random,normal_drift,0.9999999999979894,0.4773986433076982,0,,1,0,collecting_candidates;drift_not_confirmed,source_publish_interval,voltage_rolling_mean=230.583691;source_publish_interval=0.803676,source_publish_interval,0.5950001068413258,9.59991617128253,10.216332972049713
2026-08-10T17:14:25.869639+00:00,communication_drift_01,meter_01,350,none,publish_interval,random,random,random,normal_drift,0.9999999999751177,0.47695970622734557,0,,1,0,collecting_candidates;drift_not_confirmed,source_publish_interval,voltage_rolling_mean=231.651065;source_publish_interval=0.803673,source_publish_interval,2.4298750795423985,22.721457993611693,25.203959085047245
2026-08-10T17:14:25.895299+00:00,communication_drift_01,meter_02,350,none,publish_interval,random,random,random,normal_drift,0.9999999999954163,0.5099322017695195,0,,1,0,collecting_candidates;drift_not_confirmed,source_publish_interval,voltage_rolling_mean=231.458249;source_publish_interval=0.803676,source_publish_interval,0.9106248617172241,12.260999996215105,13.199625071138144
2026-08-10T17:14:25.908656+00:00,communication_drift_01,meter_03,350,none,publish_interval,random,random,random,normal_drift,0.999999999998666,0.5607614344174937,0,,1,0,collecting_candidates;drift_not_confirmed,source_publish_interval,voltage_rolling_mean=230.583691;source_publish_interval=0.803676,source_publish_interval,0.5546670872718096,9.561792016029358,10.136124910786748
2026-08-10T17:14:26.673573+00:00,communication_drift_01,meter_01,351,none,publish_interval,random,random,random,normal_drift,0.9999999991432491,0.50239129050118,0,,1,0,collecting_candidates;drift_not_confirmed,source_publish_interval,voltage_rolling_mean=231.651065;source_publish_interval=0.803673,source_publish_interval,2.319958060979843,22.54225010983646,24.90154094994068
2026-08-10T17:14:26.698733+00:00,communication_drift_01,meter_02,351,none,publish_interval,random,random,random,normal_drift,0.999999999943648,0.5039708254430396,0,,1,0,collecting_candidates;drift_not_confirmed,source_publish_interval,voltage_rolling_mean=231.458249;source_publish_interval=0.803676,source_publish_interval,0.8597089909017086,12.535458197817206,13.420458883047104
2026-08-10T17:14:26.712293+00:00,communication_drift_01,meter_03,351,none,publish_interval,random,random,random,normal_drift,0.9999999999954365,0.4370068242970797,0,,1,0,collecting_candidates;drift_not_confirmed,source_publish_interval,voltage_rolling_mean=230.583691;source_publish_interval=0.803676,source_publish_interval,0.5810409784317017,9.688332909718156,10.29000012204051
2026-08-10T17:14:27.479619+00:00,communication_drift_01,meter_01,352,none,publish_interval,random,random,random,normal_drift,0.9999999867895524,0.5874800423746689,0,,1,0,collecting_candidates;drift_not_confirmed,source_publish_interval,voltage_rolling_mean=231.651065;source_publish_interval=0.803673,source_publish_interval,2.047749934718013,22.514167008921504,24.612874956801534
2026-08-10T17:14:27.504625+00:00,communication_drift_01,meter_02,352,none,publish_interval,random,random,random,normal_drift,0.9999999999693441,0.5179441883112704,0,,1,0,collecting_candidates;drift_not_confirmed,source_publish_interval,voltage_rolling_mean=231.458249;source_publish_interval=0.803676,source_publish_interval,0.8767498657107353,12.063292087987065,12.967917136847973
2026-08-10T17:14:27.517750+00:00,communication_drift_01,meter_03,352,none,publish_interval,random,random,random,normal_drift,0.9999999999909805,0.516717831314026,0,,1,0,collecting_candidates;drift_not_confirmed,source_publish_interval,voltage_rolling_mean=230.583691;source_publish_interval=0.803676,source_publish_interval,0.5290841218084097,9.49479197151959,10.045917006209493
2026-08-10T17:14:28.280466+00:00,communication_drift_01,meter_01,353,none,publish_interval,random,random,random,normal_drift,0.9999999999533016,0.44614370922915036,0,,1,0,collecting_candidates;drift_not_confirmed,source_publish_interval,voltage_rolling_mean=231.651065;source_publish_interval=0.803673,source_publish_interval,1.950541976839304,21.84541616588831,23.835917003452778
2026-08-10T17:14:28.304677+00:00,communication_drift_01,meter_02,353,none,publish_interval,random,random,random,normal_drift,0.9999999999952587,0.4825417503063221,0,,1,0,collecting_candidates;drift_not_confirmed,source_publish_interval,voltage_rolling_mean=231.458249;source_publish_interval=0.803676,source_publish_interval,0.754290958866477,12.009374797344208,12.793082976713777
2026-08-10T17:14:28.317603+00:00,communication_drift_01,meter_03,353,none,publish_interval,random,random,random,normal_drift,0.9999999999856886,0.4642250023361533,0,,1,0,collecting_candidates;drift_not_confirmed,source_publish_interval,voltage_rolling_mean=230.583691;source_publish_interval=0.803676,source_publish_interval,0.5702499765902758,9.513166965916753,10.103750042617321
2026-08-10T17:14:29.085426+00:00,communication_drift_01,meter_01,354,none,publish_interval,random,random,random,normal_drift,0.9999999999193512,0.44858297040132944,0,,1,1,drift_not_confirmed;reference_updated,source_publish_interval,voltage_rolling_mean=231.651065;source_publish_interval=0.804101,source_publish_interval,2.222292125225067,20.567667204886675,22.831832990050316
2026-08-10T17:14:29.108627+00:00,communication_drift_01,meter_02,354,none,publish_interval,random,random,random,normal_drift,0.9999999999931279,0.5057698510553815,0,,1,1,drift_not_confirmed;reference_updated,source_publish_interval,voltage_rolling_mean=231.458249;source_publish_interval=0.804102,source_publish_interval,0.7254588417708874,11.797584127634764,12.550499988719821
2026-08-10T17:14:29.121293+00:00,communication_drift_01,meter_03,354,none,publish_interval,random,random,random,normal_drift,0.9999999999965692,0.4659959891202329,0,,1,1,drift_not_confirmed;reference_updated,source_publish_interval,voltage_rolling_mean=230.583691;source_publish_interval=0.804102,source_publish_interval,0.5751668941229582,9.578125085681677,10.174333117902279
2026-08-10T17:14:29.888205+00:00,communication_drift_01,meter_01,355,none,publish_interval,random,random,random,normal_drift,0.9999999997415698,0.46490992899597305,0,,1,0,collecting_candidates;drift_not_confirmed,source_publish_interval,voltage_rolling_mean=231.651065;source_publish_interval=0.804101,source_publish_interval,2.164833014830947,18.718792125582695,20.922124851495028
2026-08-10T17:14:29.909525+00:00,communication_drift_01,meter_02,355,none,publish_interval,random,random,random,normal_drift,0.9999999999954463,0.4794368369777397,0,,1,0,collecting_candidates;drift_not_confirmed,source_publish_interval,voltage_rolling_mean=231.458249;source_publish_interval=0.804102,source_publish_interval,0.7492918521165848,11.710207909345627,12.48483406379819
2026-08-10T17:14:29.922130+00:00,communication_drift_01,meter_03,355,none,publish_interval,random,random,random,normal_drift,0.9999999999923339,0.4381300129190025,0,,1,0,collecting_candidates;drift_not_confirmed,source_publish_interval,voltage_rolling_mean=230.583691;source_publish_interval=0.804102,source_publish_interval,0.5301251076161861,9.511749958619475,10.062041925266385
2026-08-10T17:14:30.693290+00:00,communication_drift_01,meter_01,356,none,publish_interval,random,random,random,normal_drift,0.9999999999346818,0.47946944969636135,0,,1,0,collecting_candidates;drift_not_confirmed,source_publish_interval,voltage_rolling_mean=231.651065;source_publish_interval=0.804101,source_publish_interval,2.4699168279767036,22.052875021472573,24.560290854424238
2026-08-10T17:14:30.718250+00:00,communication_drift_01,meter_02,356,none,publish_interval,random,random,random,normal_drift,0.999999999996406,0.4622240072611387,0,,1,0,collecting_candidates;drift_not_confirmed,source_publish_interval,voltage_rolling_mean=231.458249;source_publish_interval=0.804102,source_publish_interval,0.7863331120461226,11.778792133554816,12.589999940246344
2026-08-10T17:14:30.730959+00:00,communication_drift_01,meter_03,356,none,publish_interval,random,random,random,normal_drift,0.9999999999961642,0.43790067132778177,0,,1,0,collecting_candidates;drift_not_confirmed,source_publish_interval,voltage_rolling_mean=230.583691;source_publish_interval=0.804102,source_publish_interval,0.5655421409755945,9.659459115937352,10.244041914120317
2026-08-10T17:14:31.497970+00:00,communication_drift_01,meter_01,357,none,publish_interval,random,random,random,normal_drift,0.9999999998903588,0.44777204381494967,0,,1,0,collecting_candidates;drift_not_confirmed,source_publish_interval,voltage_rolling_mean=231.651065;source_publish_interval=0.804101,source_publish_interval,1.8814171198755503,22.056167013943195,23.97729200311005
2026-08-10T17:14:31.522264+00:00,communication_drift_01,meter_02,357,none,publish_interval,random,random,random,normal_drift,0.9999999998813489,0.4888863051466481,0,,1,0,collecting_candidates;drift_not_confirmed,source_publish_interval,voltage_rolling_mean=231.458249;source_publish_interval=0.804102,source_publish_interval,0.8449580054730177,12.039000168442726,12.907291995361447
2026-08-10T17:14:31.535279+00:00,communication_drift_01,meter_03,357,none,publish_interval,random,random,random,normal_drift,0.9999999999785514,0.5108535463653121,0,,1,0,collecting_candidates;drift_not_confirmed,source_publish_interval,voltage_rolling_mean=230.583691;source_publish_interval=0.804102,source_publish_interval,0.5483331624418497,9.500582935288548,10.068167001008987
2026-08-10T17:14:32.303252+00:00,communication_drift_01,meter_01,358,none,publish_interval,random,random,random,normal_drift,0.9999999999350195,0.44180569514600593,0,,1,0,collecting_candidates;drift_not_confirmed,source_publish_interval,voltage_rolling_mean=231.651065;source_publish_interval=0.804101,source_publish_interval,2.2454168647527695,22.747458890080452,25.032707955688238
2026-08-10T17:14:32.328660+00:00,communication_drift_01,meter_02,358,none,publish_interval,random,random,random,normal_drift,0.9999999999975755,0.4384258053749172,0,,1,0,collecting_candidates;drift_not_confirmed,source_publish_interval,voltage_rolling_mean=231.458249;source_publish_interval=0.804102,source_publish_interval,0.8599997963756323,12.219458119943738,13.103666948154569
2026-08-10T17:14:32.341882+00:00,communication_drift_01,meter_03,358,none,publish_interval,random,random,random,normal_drift,0.9999999999965943,0.438476140035644,0,,1,0,collecting_candidates;drift_not_confirmed,source_publish_interval,voltage_rolling_mean=230.583691;source_publish_interval=0.804102,source_publish_interval,0.5530000198632479,9.546041954308748,10.119208134710789
2026-08-10T17:14:33.104315+00:00,communication_drift_01,meter_01,359,none,publish_interval,random,random,random,normal_drift,0.9999999998955176,0.4450582551615465,0,,1,0,collecting_candidates;drift_not_confirmed,source_publish_interval,voltage_rolling_mean=231.651065;source_publish_interval=0.804101,source_publish_interval,3.2913750037550926,20.492833107709885,23.831000085920095
2026-08-10T17:14:33.128594+00:00,communication_drift_01,meter_02,359,none,publish_interval,random,random,random,normal_drift,0.9999999999761895,0.4479859112377898,0,,1,0,collecting_candidates;drift_not_confirmed,source_publish_interval,voltage_rolling_mean=231.458249;source_publish_interval=0.804102,source_publish_interval,0.8063330315053463,11.91887492313981,12.750917114317417
2026-08-10T17:14:33.143292+00:00,communication_drift_01,meter_03,359,none,publish_interval,random,random,random,normal_drift,0.9999999999598281,0.5102663599223002,0,,1,0,collecting_candidates;drift_not_confirmed,source_publish_interval,voltage_rolling_mean=230.583691;source_publish_interval=0.804102,source_publish_interval,0.5495408549904823,9.6646249294281,10.234792018309236
2026-08-10T17:14:33.908890+00:00,communication_drift_01,meter_01,360,none,publish_interval,random,random,random,normal_drift,0.9999999999669387,0.4630720011209437,0,,1,0,collecting_candidates;drift_not_confirmed,source_publish_interval,voltage_rolling_mean=231.651065;source_publish_interval=0.804101,source_publish_interval,1.4080828987061977,21.462083095684648,22.908041952177882
2026-08-10T17:14:33.932048+00:00,communication_drift_01,meter_02,360,none,publish_interval,random,random,random,normal_drift,0.9999999999975455,0.4830004366410303,0,,1,0,collecting_candidates;drift_not_confirmed,source_publish_interval,voltage_rolling_mean=231.458249;source_publish_interval=0.804102,source_publish_interval,0.8465421851724386,12.652833946049213,13.523833127692342
2026-08-10T17:14:33.945708+00:00,communication_drift_01,meter_03,360,none,publish_interval,random,random,random,normal_drift,0.999999999961841,0.46476472933727714,0,,1,0,collecting_candidates;drift_not_confirmed,source_publish_interval,voltage_rolling_mean=230.583691;source_publish_interval=0.804102,source_publish_interval,0.5697498563677073,9.82970790937543,10.419792030006647
2026-08-10T17:14:34.714128+00:00,communication_drift_01,meter_01,361,none,publish_interval,random,random,random,normal_drift,0.9999999998485984,0.48279185344009967,0,,1,0,collecting_candidates;drift_not_confirmed,source_publish_interval,voltage_rolling_mean=231.651065;source_publish_interval=0.804101,source_publish_interval,2.654916839674115,19.842249806970358,22.534832824021578
2026-08-10T17:14:34.737064+00:00,communication_drift_01,meter_02,361,none,publish_interval,random,random,random,normal_drift,0.9999999999974807,0.46302914761781866,0,,1,0,collecting_candidates;drift_not_confirmed,source_publish_interval,voltage_rolling_mean=231.458249;source_publish_interval=0.804102,source_publish_interval,0.7458748295903206,11.612041853368282,12.381665874272585
2026-08-10T17:14:34.749564+00:00,communication_drift_01,meter_03,361,none,publish_interval,random,random,random,normal_drift,0.9999999999951732,0.4604074814058653,0,,1,0,collecting_candidates;drift_not_confirmed,source_publish_interval,voltage_rolling_mean=230.583691;source_publish_interval=0.804102,source_publish_interval,0.5261250771582127,9.580624988302588,10.12779213488102
2026-08-10T17:14:35.517298+00:00,communication_drift_01,meter_01,362,none,publish_interval,random,random,random,normal_drift,0.9999999998984523,0.4854203122083241,0,,1,0,collecting_candidates;drift_not_confirmed,source_publish_interval,voltage_rolling_mean=231.651065;source_publish_interval=0.804101,source_publish_interval,2.251334022730589,18.589667044579983,20.916499895974994
2026-08-10T17:14:35.538704+00:00,communication_drift_01,meter_02,362,none,publish_interval,random,random,random,normal_drift,0.9999999999956031,0.4425682739967768,0,,1,0,collecting_candidates;drift_not_confirmed,source_publish_interval,voltage_rolling_mean=231.458249;source_publish_interval=0.804102,source_publish_interval,0.82250009290874,11.507791932672262,12.356541119515896
2026-08-10T17:14:35.551215+00:00,communication_drift_01,meter_03,362,none,publish_interval,random,random,random,normal_drift,0.9999999999701397,0.42942992869263646,0,,1,0,collecting_candidates;drift_not_confirmed,source_publish_interval,voltage_rolling_mean=230.583691;source_publish_interval=0.804102,source_publish_interval,0.5350417923182249,9.570833062753081,10.129291098564863
2026-08-10T17:14:36.321882+00:00,communication_drift_01,meter_01,363,none,publish_interval,random,random,random,normal_drift,0.9999999999670837,0.4533552660446014,0,,1,0,collecting_candidates;drift_not_confirmed,source_publish_interval,voltage_rolling_mean=231.651065;source_publish_interval=0.804101,source_publish_interval,2.141167176887393,19.985750084742904,22.170957876369357
2026-08-10T17:14:36.344455+00:00,communication_drift_01,meter_02,363,none,publish_interval,random,random,random,normal_drift,0.9999999999877902,0.5195955947818534,0,,1,0,collecting_candidates;drift_not_confirmed,source_publish_interval,voltage_rolling_mean=231.458249;source_publish_interval=0.804102,source_publish_interval,0.7828748784959316,11.961875017732382,12.772541958838701
2026-08-10T17:14:36.357367+00:00,communication_drift_01,meter_03,363,none,publish_interval,random,random,random,normal_drift,0.9999999999990719,0.47241055881421484,0,,1,0,collecting_candidates;drift_not_confirmed,source_publish_interval,voltage_rolling_mean=230.583691;source_publish_interval=0.804102,source_publish_interval,0.5382499657571316,9.488333947956562,10.049415985122323
2026-08-10T17:14:37.125578+00:00,communication_drift_01,meter_01,364,none,publish_interval,random,random,random,normal_drift,0.9999999998995224,0.5086784685872181,0,,1,0,collecting_candidates;drift_not_confirmed,source_publish_interval,voltage_rolling_mean=231.651065;source_publish_interval=0.804101,source_publish_interval,2.5625000707805157,22.03695895150304,24.655875051394105
2026-08-10T17:14:37.150709+00:00,communication_drift_01,meter_02,364,none,publish_interval,random,random,random,normal_drift,0.9999999999962359,0.4743546020534947,0,,1,0,collecting_candidates;drift_not_confirmed,source_publish_interval,voltage_rolling_mean=231.458249;source_publish_interval=0.804102,source_publish_interval,0.7978340145200491,11.88829098828137,12.714250013232231
2026-08-10T17:14:37.163584+00:00,communication_drift_01,meter_03,364,none,publish_interval,random,random,random,normal_drift,0.9999999999976286,0.5277470298862842,0,,1,0,collecting_candidates;drift_not_confirmed,source_publish_interval,voltage_rolling_mean=230.583691;source_publish_interval=0.804102,source_publish_interval,0.5414579063653946,9.458833141252398,10.02200017683208
2026-08-10T17:14:37.930365+00:00,communication_drift_01,meter_01,365,none,publish_interval,random,random,random,normal_drift,0.999999999966056,0.4414879867818453,0,,1,0,collecting_candidates;drift_not_confirmed,source_publish_interval,voltage_rolling_mean=231.651065;source_publish_interval=0.804101,source_publish_interval,1.9932091236114502,22.35983405262232,24.39374988898635
2026-08-10T17:14:37.955068+00:00,communication_drift_01,meter_02,365,none,publish_interval,random,random,random,normal_drift,0.9999999999956033,0.4677511399696206,0,,1,0,collecting_candidates;drift_not_confirmed,source_publish_interval,voltage_rolling_mean=231.458249;source_publish_interval=0.804102,source_publish_interval,0.8322091307491064,11.898458935320377,12.755082920193672
2026-08-10T17:14:37.967947+00:00,communication_drift_01,meter_03,365,none,publish_interval,random,random,random,normal_drift,0.9999999999816651,0.488381459419568,0,,1,0,collecting_candidates;drift_not_confirmed,source_publish_interval,voltage_rolling_mean=230.583691;source_publish_interval=0.804102,source_publish_interval,0.5297081079334021,9.47725004516542,10.026708012446761
2026-08-10T17:14:38.733673+00:00,communication_drift_01,meter_01,366,none,publish_interval,random,random,random,normal_drift,0.9999999994507787,0.5690939240643648,0,,1,0,collecting_candidates;drift_not_confirmed,source_publish_interval,voltage_rolling_mean=231.651065;source_publish_interval=0.804101,source_publish_interval,2.039375016465783,22.319291019812226,24.403667077422142
2026-08-10T17:14:38.758454+00:00,communication_drift_01,meter_02,366,none,publish_interval,random,random,random,normal_drift,0.9999999999966214,0.45215507179022013,0,,1,0,collecting_candidates;drift_not_confirmed,source_publish_interval,voltage_rolling_mean=231.458249;source_publish_interval=0.804102,source_publish_interval,0.8474159985780716,11.986541794613004,12.86074984818697
2026-08-10T17:14:38.771464+00:00,communication_drift_01,meter_03,366,none,publish_interval,random,random,random,normal_drift,0.9999999999927007,0.4354786736382847,0,,1,0,collecting_candidates;drift_not_confirmed,source_publish_interval,voltage_rolling_mean=230.583691;source_publish_interval=0.804102,source_publish_interval,0.5407091230154037,9.463208029046655,10.02420810982585
2026-08-10T17:14:39.538756+00:00,communication_drift_01,meter_01,367,none,publish_interval,random,random,random,normal_drift,0.9999999999681033,0.43679390398779466,0,,1,0,collecting_candidates;drift_not_confirmed,source_publish_interval,voltage_rolling_mean=231.651065;source_publish_interval=0.804101,source_publish_interval,1.2751249596476555,20.917415851727128,22.23008289001882
2026-08-10T17:14:39.561279+00:00,communication_drift_01,meter_02,367,none,publish_interval,random,random,random,normal_drift,0.9999999999966205,0.4389333622045816,0,,1,0,collecting_candidates;drift_not_confirmed,source_publish_interval,voltage_rolling_mean=231.458249;source_publish_interval=0.804102,source_publish_interval,0.8465000428259373,12.89208303205669,13.767333002761006
2026-08-10T17:14:39.575174+00:00,communication_drift_01,meter_03,367,none,publish_interval,random,random,random,normal_drift,0.999999999991602,0.4520645099257329,0,,1,0,collecting_candidates;drift_not_confirmed,source_publish_interval,voltage_rolling_mean=230.583691;source_publish_interval=0.804102,source_publish_interval,0.6111250258982182,10.230625048279762,10.862250113859773
2026-08-10T17:14:40.342130+00:00,communication_drift_01,meter_01,368,none,publish_interval,random,random,random,normal_drift,0.9999999999255795,0.4396348470698012,0,,1,0,collecting_candidates;drift_not_confirmed,source_publish_interval,voltage_rolling_mean=231.651065;source_publish_interval=0.804101,source_publish_interval,2.0241669844835997,22.460874868556857,24.528417037799954
2026-08-10T17:14:40.367013+00:00,communication_drift_01,meter_02,368,none,publish_interval,random,random,random,normal_drift,0.9999999999689371,0.5098083988258022,0,,1,0,collecting_candidates;drift_not_confirmed,source_publish_interval,voltage_rolling_mean=231.458249;source_publish_interval=0.804102,source_publish_interval,0.8026252035051584,12.016749940812588,12.849124846979976
2026-08-10T17:14:40.380022+00:00,communication_drift_01,meter_03,368,none,publish_interval,random,random,random,normal_drift,0.9999999999986395,0.45443539998157095,0,,1,0,collecting_candidates;drift_not_confirmed,source_publish_interval,voltage_rolling_mean=230.583691;source_publish_interval=0.804102,source_publish_interval,0.6040001753717661,9.635542053729296,10.260415961965919
2026-08-10T17:14:41.146110+00:00,communication_drift_01,meter_01,369,none,publish_interval,random,random,random,normal_drift,0.9999999998294413,0.6185964611119706,0,,1,0,collecting_candidates;drift_not_confirmed,source_publish_interval,voltage_rolling_mean=231.651065;source_publish_interval=0.804101,source_publish_interval,1.5184169169515371,21.06020785868168,22.62141602113843
2026-08-10T17:14:41.169004+00:00,communication_drift_01,meter_02,369,none,publish_interval,random,random,random,normal_drift,0.9999999999957383,0.4614129906883653,0,,1,0,collecting_candidates;drift_not_confirmed,source_publish_interval,voltage_rolling_mean=231.458249;source_publish_interval=0.804102,source_publish_interval,0.854582991451025,12.8733750898391,13.755541061982512
2026-08-10T17:14:41.182920+00:00,communication_drift_01,meter_03,369,none,publish_interval,random,random,random,normal_drift,0.9999999999964586,0.5197202759457027,0,,1,0,collecting_candidates;drift_not_confirmed,source_publish_interval,voltage_rolling_mean=230.583691;source_publish_interval=0.804102,source_publish_interval,0.606458866968751,10.250166989862919,10.877749882638454
2026-08-10T17:14:41.951021+00:00,communication_drift_01,meter_01,370,none,publish_interval,random,random,random,normal_drift,0.9999999999486338,0.47624528927723797,0,,1,0,collecting_candidates;drift_not_confirmed,source_publish_interval,voltage_rolling_mean=231.651065;source_publish_interval=0.804101,source_publish_interval,2.0177089609205723,22.517459001392126,24.577958043664694
2026-08-10T17:14:41.975981+00:00,communication_drift_01,meter_02,370,none,publish_interval,random,random,random,normal_drift,0.9999999999979108,0.44199931741172216,0,,1,0,collecting_candidates;drift_not_confirmed,source_publish_interval,voltage_rolling_mean=231.458249;source_publish_interval=0.804102,source_publish_interval,0.8339169435203075,11.92325004376471,12.78058416210115
2026-08-10T17:14:41.988898+00:00,communication_drift_01,meter_03,370,none,publish_interval,random,random,random,normal_drift,0.9999999999890334,0.45687450231037147,0,,1,0,collecting_candidates;drift_not_confirmed,source_publish_interval,voltage_rolling_mean=230.583691;source_publish_interval=0.804102,source_publish_interval,0.5245828069746494,9.538040962070227,10.083291912451386
2026-08-10T17:14:42.752108+00:00,communication_drift_01,meter_01,371,none,publish_interval,random,random,random,normal_drift,0.9999999999903,0.46909056688067174,0,,1,0,collecting_candidates;drift_not_confirmed,source_publish_interval,voltage_rolling_mean=231.651065;source_publish_interval=0.804101,source_publish_interval,2.1874578669667244,22.015041206032038,24.250042159110308
2026-08-10T17:14:42.776766+00:00,communication_drift_01,meter_02,371,none,publish_interval,random,random,random,normal_drift,0.9999999999912588,0.43109399288422356,0,,1,0,collecting_candidates;drift_not_confirmed,source_publish_interval,voltage_rolling_mean=231.458249;source_publish_interval=0.804102,source_publish_interval,0.8525419980287552,11.990291997790337,12.868000194430351
2026-08-10T17:14:42.789768+00:00,communication_drift_01,meter_03,371,none,publish_interval,random,random,random,normal_drift,0.999999999990284,0.5585290435426752,0,,1,0,collecting_candidates;drift_not_confirmed,source_publish_interval,voltage_rolling_mean=230.583691;source_publish_interval=0.804102,source_publish_interval,0.5417501088231802,9.546540910378098,10.108916088938713
2026-08-10T17:14:43.556314+00:00,communication_drift_01,meter_01,372,none,publish_interval,random,random,random,normal_drift,0.9999999999776024,0.4513095485729986,0,,1,0,collecting_candidates;drift_not_confirmed,source_publish_interval,voltage_rolling_mean=231.651065;source_publish_interval=0.804101,source_publish_interval,1.8971669487655163,20.5228750128299,22.458875086158514
2026-08-10T17:14:43.579125+00:00,communication_drift_01,meter_02,372,none,publish_interval,random,random,random,normal_drift,0.9999999999963285,0.5037389847715694,0,,1,0,collecting_candidates;drift_not_confirmed,source_publish_interval,voltage_rolling_mean=231.458249;source_publish_interval=0.804102,source_publish_interval,0.7519579958170652,11.756791034713387,12.53404188901186
2026-08-10T17:14:43.591800+00:00,communication_drift_01,meter_03,372,none,publish_interval,random,random,random,normal_drift,0.9999999999965978,0.4712697152713865,0,,1,0,collecting_candidates;drift_not_confirmed,source_publish_interval,voltage_rolling_mean=230.583691;source_publish_interval=0.804102,source_publish_interval,0.5585411563515663,9.613833157345653,10.193416848778725
2026-08-10T17:14:44.361187+00:00,communication_drift_01,meter_01,373,none,publish_interval,random,random,random,normal_drift,0.9999999999869953,0.4444163573872461,0,,1,0,collecting_candidates;drift_not_confirmed,source_publish_interval,voltage_rolling_mean=231.651065;source_publish_interval=0.804101,source_publish_interval,1.930291997268796,21.718291100114584,23.70029198937118
2026-08-10T17:14:44.385310+00:00,communication_drift_01,meter_02,373,none,publish_interval,random,random,random,normal_drift,0.9999999999973277,0.5748679731088236,0,,1,0,collecting_candidates;drift_not_confirmed,source_publish_interval,voltage_rolling_mean=231.458249;source_publish_interval=0.804102,source_publish_interval,0.7428750395774841,11.728832963854074,12.494291877374053
2026-08-10T17:14:44.397937+00:00,communication_drift_01,meter_03,373,none,publish_interval,random,random,random,normal_drift,0.9999999999903575,0.44243948737792216,0,,1,0,collecting_candidates;drift_not_confirmed,source_publish_interval,voltage_rolling_mean=230.583691;source_publish_interval=0.804102,source_publish_interval,0.5237499717622995,9.630459127947688,10.174000170081854
2026-08-10T17:14:45.166255+00:00,communication_drift_01,meter_01,374,none,publish_interval,random,random,random,normal_drift,0.9999999999874549,0.4565853651201806,0,,1,1,drift_not_confirmed;reference_updated,source_publish_interval,voltage_rolling_mean=231.651065;source_publish_interval=0.804069,source_publish_interval,3.3517919946461916,19.31529212743044,22.712582955136895
2026-08-10T17:14:45.189351+00:00,communication_drift_01,meter_02,374,none,publish_interval,random,random,random,normal_drift,0.9999999999854805,0.49408987378054364,0,,1,1,drift_not_confirmed;reference_updated,source_publish_interval,voltage_rolling_mean=231.458249;source_publish_interval=0.804068,source_publish_interval,0.6967091467231512,11.525332927703857,12.245042016729712
2026-08-10T17:14:45.201700+00:00,communication_drift_01,meter_03,374,none,publish_interval,random,random,random,normal_drift,0.9999999999440243,0.5171692015130398,0,,1,1,drift_not_confirmed;reference_updated,source_publish_interval,voltage_rolling_mean=230.583691;source_publish_interval=0.804070,source_publish_interval,0.5050001200288534,9.426624979823828,9.952582884579897
2026-08-10T17:14:45.970235+00:00,communication_drift_01,meter_01,375,none,publish_interval,random,random,random,normal_drift,0.9999999999949594,0.4710348114176703,0,,1,0,collecting_candidates;drift_not_confirmed,source_publish_interval,voltage_rolling_mean=231.651065;source_publish_interval=0.804069,source_publish_interval,2.8609998989850283,17.9430830758065,20.841832971200347
2026-08-10T17:14:45.991497+00:00,communication_drift_01,meter_02,375,none,publish_interval,random,random,random,normal_drift,0.9999999999974734,0.4371625363677618,0,,1,0,collecting_candidates;drift_not_confirmed,source_publish_interval,voltage_rolling_mean=231.458249;source_publish_interval=0.804068,source_publish_interval,0.7317080162465572,11.18679204955697,11.939166812226176
2026-08-10T17:14:46.003537+00:00,communication_drift_01,meter_03,375,none,publish_interval,random,random,random,normal_drift,0.9999999999523903,0.4812651040862196,0,,1,0,collecting_candidates;drift_not_confirmed,source_publish_interval,voltage_rolling_mean=230.583691;source_publish_interval=0.804070,source_publish_interval,0.5106248427182436,9.438083041459322,9.973583975806832
2026-08-10T17:14:46.774685+00:00,communication_drift_01,meter_01,376,none,publish_interval,random,random,random,normal_drift,0.9999999999930833,0.45087581691346135,0,,1,0,collecting_candidates;drift_not_confirmed,source_publish_interval,voltage_rolling_mean=231.651065;source_publish_interval=0.804069,source_publish_interval,2.5333331432193518,20.37745900452137,22.950957994908094
2026-08-10T17:14:46.798049+00:00,communication_drift_01,meter_02,376,none,publish_interval,random,random,random,normal_drift,0.9999999999956859,0.4388095724554484,0,,1,0,collecting_candidates;drift_not_confirmed,source_publish_interval,voltage_rolling_mean=231.458249;source_publish_interval=0.804068,source_publish_interval,0.7647499442100525,11.85791683383286,12.644416885450482
2026-08-10T17:14:46.810808+00:00,communication_drift_01,meter_03,376,none,publish_interval,random,random,random,normal_drift,0.9999999999943148,0.45037329843935264,0,,1,0,collecting_candidates;drift_not_confirmed,source_publish_interval,voltage_rolling_mean=230.583691;source_publish_interval=0.804070,source_publish_interval,0.531249912455678,9.472250007092953,10.02299995161593
2026-08-10T17:14:47.578806+00:00,communication_drift_01,meter_01,377,none,publish_interval,random,random,random,normal_drift,0.9999999999708733,0.4615929889282597,0,,1,0,collecting_candidates;drift_not_confirmed,source_publish_interval,voltage_rolling_mean=231.651065;source_publish_interval=0.804069,source_publish_interval,1.9813340622931719,22.3192498087883,24.352667154744267
2026-08-10T17:14:47.603550+00:00,communication_drift_01,meter_02,377,none,publish_interval,random,random,random,normal_drift,0.9999999999977431,0.4466546510856006,0,,1,0,collecting_candidates;drift_not_confirmed,source_publish_interval,voltage_rolling_mean=231.458249;source_publish_interval=0.804068,source_publish_interval,0.9220410138368607,12.369749834761024,13.31691606901586
2026-08-10T17:14:47.617021+00:00,communication_drift_01,meter_03,377,none,publish_interval,random,random,random,normal_drift,0.9999999999925369,0.43789734598091873,0,,1,0,collecting_candidates;drift_not_confirmed,source_publish_interval,voltage_rolling_mean=230.583691;source_publish_interval=0.804070,source_publish_interval,0.5339160561561584,9.603665908798575,10.159000055864453
2026-08-10T17:14:48.379762+00:00,communication_drift_01,meter_01,378,none,publish_interval,random,random,random,normal_drift,0.9999999999699467,0.5353416176828703,0,,1,0,collecting_candidates;drift_not_confirmed,source_publish_interval,voltage_rolling_mean=231.651065;source_publish_interval=0.804069,source_publish_interval,1.9929169211536646,22.245500003919005,24.2786668241024
2026-08-10T17:14:48.404379+00:00,communication_drift_01,meter_02,378,none,publish_interval,random,random,random,normal_drift,0.9999999999966069,0.442589693364332,0,,1,0,collecting_candidates;drift_not_confirmed,source_publish_interval,voltage_rolling_mean=231.458249;source_publish_interval=0.804068,source_publish_interval,0.8581660222262144,11.945791076868773,12.827999889850616
2026-08-10T17:14:48.417322+00:00,communication_drift_01,meter_03,378,none,publish_interval,random,random,random,normal_drift,0.9999999999878326,0.48808519476521217,0,,1,0,collecting_candidates;drift_not_confirmed,source_publish_interval,voltage_rolling_mean=230.583691;source_publish_interval=0.804070,source_publish_interval,0.5070001352578402,9.522957960143685,10.04954194650054
2026-08-10T17:14:49.185141+00:00,communication_drift_01,meter_01,379,none,publish_interval,random,random,random,normal_drift,0.9999999999948503,0.47372036977753135,0,,1,0,collecting_candidates;drift_not_confirmed,source_publish_interval,voltage_rolling_mean=231.651065;source_publish_interval=0.804069,source_publish_interval,1.9915411248803139,21.793999942019582,23.82487477734685
2026-08-10T17:14:49.209287+00:00,communication_drift_01,meter_02,379,none,publish_interval,random,random,random,normal_drift,0.9999999999961788,0.4350391448163973,0,,1,0,collecting_candidates;drift_not_confirmed,source_publish_interval,voltage_rolling_mean=231.458249;source_publish_interval=0.804068,source_publish_interval,0.8539999835193157,12.082749977707863,12.965291971340775
2026-08-10T17:14:49.222382+00:00,communication_drift_01,meter_03,379,none,publish_interval,random,random,random,normal_drift,0.9999999998608247,0.5607838663714718,0,,1,0,collecting_candidates;drift_not_confirmed,source_publish_interval,voltage_rolling_mean=230.583691;source_publish_interval=0.804070,source_publish_interval,0.516790896654129,9.443124989047647,9.979333961382508
2026-08-10T17:14:49.987486+00:00,communication_drift_01,meter_01,380,none,publish_interval,random,random,random,normal_drift,0.9999999999975167,0.48245478341186543,0,,1,0,collecting_candidates;drift_not_confirmed,source_publish_interval,voltage_rolling_mean=231.651065;source_publish_interval=0.804069,source_publish_interval,2.294291974976659,18.43983307480812,20.765791879966855
2026-08-10T17:14:50.008606+00:00,communication_drift_01,meter_02,380,none,publish_interval,random,random,random,normal_drift,0.999999999988449,0.517032939666348,0,,1,0,collecting_candidates;drift_not_confirmed,source_publish_interval,voltage_rolling_mean=231.458249;source_publish_interval=0.804068,source_publish_interval,0.7207079324871302,11.301875114440918,12.04220810905099
2026-08-10T17:14:50.020743+00:00,communication_drift_01,meter_03,380,none,publish_interval,random,random,random,normal_drift,0.9999999999271045,0.4456423464283821,0,,1,0,collecting_candidates;drift_not_confirmed,source_publish_interval,voltage_rolling_mean=230.583691;source_publish_interval=0.804070,source_publish_interval,0.48895785585045815,9.361958131194115,9.870792040601373
2026-08-10T17:14:50.791877+00:00,communication_drift_01,meter_01,381,none,publish_interval,random,random,random,normal_drift,0.9999999999901994,0.4822921865172387,0,,1,0,collecting_candidates;drift_not_confirmed,source_publish_interval,voltage_rolling_mean=231.651065;source_publish_interval=0.804069,source_publish_interval,2.060833154246211,22.036459064111114,24.141208035871387
2026-08-10T17:14:50.816359+00:00,communication_drift_01,meter_02,381,none,publish_interval,random,random,random,normal_drift,0.9999999999993079,0.4572377778853019,0,,1,0,collecting_candidates;drift_not_confirmed,source_publish_interval,voltage_rolling_mean=231.458249;source_publish_interval=0.804068,source_publish_interval,0.9057919960469007,12.092832941561937,13.025333173573017
2026-08-10T17:14:50.829505+00:00,communication_drift_01,meter_03,381,none,publish_interval,random,random,random,normal_drift,0.9999999999596532,0.4682992386731655,0,,1,0,collecting_candidates;drift_not_confirmed,source_publish_interval,voltage_rolling_mean=230.583691;source_publish_interval=0.804070,source_publish_interval,0.5027910228818655,9.553957963362336,10.07650000974536
2026-08-10T17:14:51.597106+00:00,communication_drift_01,meter_01,382,none,publish_interval,random,random,random,normal_drift,0.9999999999948903,0.48541186307603,0,,1,0,collecting_candidates;drift_not_confirmed,source_publish_interval,voltage_rolling_mean=231.651065;source_publish_interval=0.804069,source_publish_interval,2.55016703158617,22.532250033691525,25.123042054474354
2026-08-10T17:14:51.622657+00:00,communication_drift_01,meter_02,382,none,publish_interval,random,random,random,normal_drift,0.9999999999737452,0.5654431122376351,0,,1,0,collecting_candidates;drift_not_confirmed,source_publish_interval,voltage_rolling_mean=231.458249;source_publish_interval=0.804068,source_publish_interval,0.8637078572064638,12.258833972737193,13.147583929821849
2026-08-10T17:14:51.635931+00:00,communication_drift_01,meter_03,382,none,publish_interval,random,random,random,normal_drift,0.9999999999615192,0.4352659357271344,0,,1,0,collecting_candidates;drift_not_confirmed,source_publish_interval,voltage_rolling_mean=230.583691;source_publish_interval=0.804070,source_publish_interval,0.5495408549904823,9.533791802823544,10.104042012244463
2026-08-10T17:14:52.401805+00:00,communication_drift_01,meter_01,383,none,publish_interval,random,random,random,normal_drift,0.9999999999899021,0.4539240355381255,0,,1,0,collecting_candidates;drift_not_confirmed,source_publish_interval,voltage_rolling_mean=231.651065;source_publish_interval=0.804069,source_publish_interval,2.604583976790309,22.48275000602007,25.12787515297532
2026-08-10T17:14:52.427316+00:00,communication_drift_01,meter_02,383,none,publish_interval,random,random,random,normal_drift,0.9999999999951108,0.4622104577453878,0,,1,0,collecting_candidates;drift_not_confirmed,source_publish_interval,voltage_rolling_mean=231.458249;source_publish_interval=0.804068,source_publish_interval,0.8537499234080315,12.007666984573007,12.885082978755236
2026-08-10T17:14:52.440310+00:00,communication_drift_01,meter_03,383,none,publish_interval,random,random,random,normal_drift,0.9999999999595977,0.4503953850987435,0,,1,0,collecting_candidates;drift_not_confirmed,source_publish_interval,voltage_rolling_mean=230.583691;source_publish_interval=0.804070,source_publish_interval,0.5482078995555639,9.54812509007752,10.115999961271882
2026-08-10T17:14:53.207159+00:00,communication_drift_01,meter_01,384,none,publish_interval,random,random,random,normal_drift,0.99999999999505,0.4751888082593102,0,,1,0,collecting_candidates;drift_not_confirmed,source_publish_interval,voltage_rolling_mean=231.651065;source_publish_interval=0.804069,source_publish_interval,2.681999932974577,21.77875000052154,24.496416794136167
2026-08-10T17:14:53.232043+00:00,communication_drift_01,meter_02,384,none,publish_interval,random,random,random,normal_drift,0.9999999999912226,0.4442582726068258,0,,1,0,collecting_candidates;drift_not_confirmed,source_publish_interval,voltage_rolling_mean=231.458249;source_publish_interval=0.804068,source_publish_interval,0.821791123598814,11.799583211541176,12.645124923437834
2026-08-10T17:14:53.244793+00:00,communication_drift_01,meter_03,384,none,publish_interval,random,random,random,normal_drift,0.9999999998636615,0.45993833352958,0,,1,0,collecting_candidates;drift_not_confirmed,source_publish_interval,voltage_rolling_mean=230.583691;source_publish_interval=0.804070,source_publish_interval,0.540291890501976,9.901166893541813,10.471042012795806
2026-08-10T17:14:54.009619+00:00,communication_drift_01,meter_01,385,none,publish_interval,random,random,random,normal_drift,0.9999999999975799,0.4336438541195503,0,,1,0,collecting_candidates;drift_not_confirmed,source_publish_interval,voltage_rolling_mean=231.651065;source_publish_interval=0.804069,source_publish_interval,3.382416907697916,16.366583993658423,19.78779211640358
2026-08-10T17:14:54.029755+00:00,communication_drift_01,meter_02,385,none,publish_interval,random,random,random,normal_drift,0.9999999999740761,0.454384971363531,0,,1,0,collecting_candidates;drift_not_confirmed,source_publish_interval,voltage_rolling_mean=231.458249;source_publish_interval=0.804068,source_publish_interval,0.7374589331448078,10.814249981194735,11.572708142921329
2026-08-10T17:14:54.041429+00:00,communication_drift_01,meter_03,385,none,publish_interval,random,random,random,normal_drift,0.99999999931878,0.48994558342534517,0,,1,0,collecting_candidates;drift_not_confirmed,source_publish_interval,voltage_rolling_mean=230.583691;source_publish_interval=0.804070,source_publish_interval,0.49308291636407375,9.265665896236897,9.77770914323628
2026-08-10T17:14:54.813624+00:00,communication_drift_01,meter_01,386,none,publish_interval,random,random,random,normal_drift,0.9999999999972069,0.4261690832363238,0,,1,0,collecting_candidates;drift_not_confirmed,source_publish_interval,voltage_rolling_mean=231.651065;source_publish_interval=0.804069,source_publish_interval,2.1933328825980425,20.53591702133417,22.761540953069925
2026-08-10T17:14:54.836761+00:00,communication_drift_01,meter_02,386,none,publish_interval,random,random,random,normal_drift,0.9999999999894877,0.4887434553389963,0,,1,0,collecting_candidates;drift_not_confirmed,source_publish_interval,voltage_rolling_mean=231.458249;source_publish_interval=0.804068,source_publish_interval,0.7390000391751528,11.72549999319017,12.487541884183884
2026-08-10T17:14:54.849356+00:00,communication_drift_01,meter_03,386,none,publish_interval,random,random,random,normal_drift,0.9999999998481666,0.4462318134849372,0,,1,0,collecting_candidates;drift_not_confirmed,source_publish_interval,voltage_rolling_mean=230.583691;source_publish_interval=0.804070,source_publish_interval,0.5493329372256994,9.588417131453753,10.156959062442183
2026-08-10T17:14:55.618036+00:00,communication_drift_01,meter_01,387,none,publish_interval,random,random,random,normal_drift,0.9999999999983522,0.4812963402853393,0,,1,0,collecting_candidates;drift_not_confirmed,source_publish_interval,voltage_rolling_mean=231.651065;source_publish_interval=0.804069,source_publish_interval,1.474916934967041,21.231124876067042,22.742040921002626
2026-08-10T17:14:55.641064+00:00,communication_drift_01,meter_02,387,none,publish_interval,random,random,random,normal_drift,0.9999999999858826,0.44176722760237147,0,,1,0,collecting_candidates;drift_not_confirmed,source_publish_interval,voltage_rolling_mean=231.458249;source_publish_interval=0.804068,source_publish_interval,0.8287089876830578,12.978791957721114,13.833499979227781
2026-08-10T17:14:55.655029+00:00,communication_drift_01,meter_03,387,none,publish_interval,random,random,random,normal_drift,0.9999999999149816,0.4350049550376597,0,,1,0,collecting_candidates;drift_not_confirmed,source_publish_interval,voltage_rolling_mean=230.583691;source_publish_interval=0.804070,source_publish_interval,0.5658750887960196,10.007541161030531,10.592874838039279
2026-08-10T17:14:56.423553+00:00,communication_drift_01,meter_01,388,none,publish_interval,random,random,random,normal_drift,0.9999999999977409,0.5048715264664153,0,,1,0,collecting_candidates;drift_not_confirmed,source_publish_interval,voltage_rolling_mean=231.651065;source_publish_interval=0.804069,source_publish_interval,2.17737490311265,22.24875008687377,24.46399978362024
2026-08-10T17:14:56.448389+00:00,communication_drift_01,meter_02,388,none,publish_interval,random,random,random,normal_drift,0.9999999999900855,0.4470974036489079,0,,1,0,collecting_candidates;drift_not_confirmed,source_publish_interval,voltage_rolling_mean=231.458249;source_publish_interval=0.804068,source_publish_interval,0.885500106960535,12.121375184506178,13.030541129410267
2026-08-10T17:14:56.461537+00:00,communication_drift_01,meter_03,388,none,publish_interval,random,random,random,normal_drift,0.9999999993113977,0.4501511340743897,0,,1,0,collecting_candidates;drift_not_confirmed,source_publish_interval,voltage_rolling_mean=230.583691;source_publish_interval=0.804070,source_publish_interval,0.5461249966174364,9.570457972586155,10.136040858924389
2026-08-10T17:14:57.228706+00:00,communication_drift_01,meter_01,389,none,publish_interval,random,random,random,normal_drift,0.9999999999974554,0.43981908171630446,0,,1,0,collecting_candidates;drift_not_confirmed,source_publish_interval,voltage_rolling_mean=231.651065;source_publish_interval=0.804069,source_publish_interval,1.997208222746849,22.38087495788932,24.425667012110353
2026-08-10T17:14:57.253520+00:00,communication_drift_01,meter_02,389,none,publish_interval,random,random,random,normal_drift,0.9999999999937752,0.5388380824075448,0,,1,0,collecting_candidates;drift_not_confirmed,source_publish_interval,voltage_rolling_mean=231.458249;source_publish_interval=0.804068,source_publish_interval,0.8261250331997871,12.071458157151937,12.922291178256273
2026-08-10T17:14:57.266572+00:00,communication_drift_01,meter_03,389,none,publish_interval,random,random,random,normal_drift,0.9999999999200455,0.46014828970880917,0,,1,0,collecting_candidates;drift_not_confirmed,source_publish_interval,voltage_rolling_mean=230.583691;source_publish_interval=0.804070,source_publish_interval,0.5734169390052557,9.759875014424324,10.353958001360297
2026-08-10T17:14:58.031799+00:00,communication_drift_01,meter_01,390,none,publish_interval,random,random,random,normal_drift,0.9999999999973088,0.45488986891590766,0,,1,0,collecting_candidates;drift_not_confirmed,source_publish_interval,voltage_rolling_mean=231.651065;source_publish_interval=0.804069,source_publish_interval,2.0409170538187027,21.786999888718128,23.864916991442442
2026-08-10T17:14:58.055981+00:00,communication_drift_01,meter_02,390,none,publish_interval,random,random,random,normal_drift,0.9999999999930258,0.4380667318686696,0,,1,0,collecting_candidates;drift_not_confirmed,source_publish_interval,voltage_rolling_mean=231.458249;source_publish_interval=0.804068,source_publish_interval,0.8791249711066484,12.00550002977252,12.90887501090765
2026-08-10T17:14:58.069009+00:00,communication_drift_01,meter_03,390,none,publish_interval,random,random,random,normal_drift,0.9999999994963522,0.4525873860213858,0,,1,0,collecting_candidates;drift_not_confirmed,source_publish_interval,voltage_rolling_mean=230.583691;source_publish_interval=0.804070,source_publish_interval,0.5125000607222319,9.531375020742416,10.063833091408014
2026-08-10T17:14:58.836685+00:00,communication_drift_01,meter_01,391,none,publish_interval,random,random,random,normal_drift,0.999999999996241,0.43752219603364667,0,,1,0,collecting_candidates;drift_not_confirmed,source_publish_interval,voltage_rolling_mean=231.651065;source_publish_interval=0.804069,source_publish_interval,2.302875043824315,18.82745884358883,21.163665922358632
2026-08-10T17:14:58.858219+00:00,communication_drift_01,meter_02,391,none,publish_interval,random,random,random,normal_drift,0.9999999999860436,0.4764619784925518,0,,1,0,collecting_candidates;drift_not_confirmed,source_publish_interval,voltage_rolling_mean=231.458249;source_publish_interval=0.804068,source_publish_interval,0.7602919358760118,11.49766705930233,12.279083952307701
2026-08-10T17:14:58.870602+00:00,communication_drift_01,meter_03,391,none,publish_interval,random,random,random,normal_drift,0.9999999996854314,0.45174043803685254,0,,1,0,collecting_candidates;drift_not_confirmed,source_publish_interval,voltage_rolling_mean=230.583691;source_publish_interval=0.804070,source_publish_interval,0.502333976328373,9.568541077896953,10.09491691365838
2026-08-10T17:14:59.641709+00:00,communication_drift_01,meter_01,392,none,publish_interval,random,random,random,normal_drift,0.9999999999985585,0.44868539109820593,0,,1,0,collecting_candidates;drift_not_confirmed,source_publish_interval,voltage_rolling_mean=231.651065;source_publish_interval=0.804069,source_publish_interval,2.4161250330507755,19.220167072489858,21.677250042557716
2026-08-10T17:14:59.663776+00:00,communication_drift_01,meter_02,392,none,publish_interval,random,random,random,normal_drift,0.9999999999766704,0.45827346607932323,0,,1,0,collecting_candidates;drift_not_confirmed,source_publish_interval,voltage_rolling_mean=231.458249;source_publish_interval=0.804068,source_publish_interval,0.7480001077055931,11.634666938334703,12.413291027769446
2026-08-10T17:14:59.676293+00:00,communication_drift_01,meter_03,392,none,publish_interval,random,random,random,normal_drift,0.9999999997503883,0.47413055586556313,0,,1,0,collecting_candidates;drift_not_confirmed,source_publish_interval,voltage_rolling_mean=230.583691;source_publish_interval=0.804070,source_publish_interval,0.5215420387685299,9.384250035509467,9.92475007660687
2026-08-10T17:15:00.445735+00:00,communication_drift_01,meter_01,393,none,publish_interval,random,random,random,normal_drift,0.9999999999980151,0.4644398568773538,0,,1,0,collecting_candidates;drift_not_confirmed,source_publish_interval,voltage_rolling_mean=231.651065;source_publish_interval=0.804069,source_publish_interval,3.018332878127694,14.954624930396676,18.004958052188158
2026-08-10T17:15:00.464112+00:00,communication_drift_01,meter_02,393,none,publish_interval,random,random,random,normal_drift,0.9999999999914881,0.4325856014395181,0,,1,0,collecting_candidates;drift_not_confirmed,source_publish_interval,voltage_rolling_mean=231.458249;source_publish_interval=0.804068,source_publish_interval,0.7182089611887932,10.448083048686385,11.188125004991889
2026-08-10T17:15:00.475412+00:00,communication_drift_01,meter_03,393,none,publish_interval,random,random,random,normal_drift,0.9999999993563184,0.4501838327438341,0,,1,0,collecting_candidates;drift_not_confirmed,source_publish_interval,voltage_rolling_mean=230.583691;source_publish_interval=0.804070,source_publish_interval,0.508457887917757,9.098249953240156,9.627458173781633
2026-08-10T17:15:01.250965+00:00,communication_drift_01,meter_01,394,none,publish_interval,random,random,random,normal_drift,0.9999999999982772,0.43433006795044593,0,,1,1,drift_not_confirmed;reference_updated,source_publish_interval,voltage_rolling_mean=231.651065;source_publish_interval=0.804155,source_publish_interval,2.584584057331085,22.60658284649253,25.233917171135545
2026-08-10T17:15:01.276627+00:00,communication_drift_01,meter_02,394,none,publish_interval,random,random,random,normal_drift,0.9999999999966422,0.492240129048439,0,,1,1,drift_not_confirmed;reference_updated,source_publish_interval,voltage_rolling_mean=231.458249;source_publish_interval=0.804155,source_publish_interval,0.9193338919430971,12.198457960039377,13.14504211768508
2026-08-10T17:15:01.289892+00:00,communication_drift_01,meter_03,394,none,publish_interval,random,random,random,normal_drift,0.9999999994150772,0.4562841092579362,0,,1,1,drift_not_confirmed;reference_updated,source_publish_interval,voltage_rolling_mean=230.583691;source_publish_interval=0.804154,source_publish_interval,0.5379999056458473,9.571041911840439,10.130791924893856
2026-08-10T17:15:02.056090+00:00,communication_drift_01,meter_01,395,none,publish_interval,random,random,random,normal_drift,0.9999999999930627,0.5048350337114696,0,,1,0,collecting_candidates;drift_not_confirmed,source_publish_interval,voltage_rolling_mean=231.651065;source_publish_interval=0.804155,source_publish_interval,2.5322081055492163,19.198166904971004,21.766124991700053
2026-08-10T17:15:02.078242+00:00,communication_drift_01,meter_02,395,none,publish_interval,random,random,random,normal_drift,0.9999999999879103,0.4386030833903022,0,,1,0,collecting_candidates;drift_not_confirmed,source_publish_interval,voltage_rolling_mean=231.458249;source_publish_interval=0.804155,source_publish_interval,0.7336670532822609,11.490833945572376,12.246083933860064
2026-08-10T17:15:02.090589+00:00,communication_drift_01,meter_03,395,none,publish_interval,random,random,random,normal_drift,0.9999999945796259,0.49864887948287645,0,,1,0,collecting_candidates;drift_not_confirmed,source_publish_interval,voltage_rolling_mean=230.583691;source_publish_interval=0.804154,source_publish_interval,0.5196249112486839,9.446291020140052,9.985166136175394
2026-08-10T17:15:02.859601+00:00,communication_drift_01,meter_01,396,none,publish_interval,random,random,random,normal_drift,0.9999999999925198,0.4522072392686733,0,,1,0,collecting_candidates;drift_not_confirmed,source_publish_interval,voltage_rolling_mean=231.651065;source_publish_interval=0.804155,source_publish_interval,2.030292060226202,21.989665925502777,24.058875162154436
2026-08-10T17:15:02.884034+00:00,communication_drift_01,meter_02,396,none,publish_interval,random,random,random,normal_drift,0.9999999999807248,0.4749091107790184,0,,1,0,collecting_candidates;drift_not_confirmed,source_publish_interval,voltage_rolling_mean=231.458249;source_publish_interval=0.804155,source_publish_interval,0.8846248965710402,12.101333821192384,13.009666930884123
2026-08-10T17:15:02.897181+00:00,communication_drift_01,meter_03,396,none,publish_interval,random,random,random,normal_drift,0.9999999977620118,0.45884846156115744,0,,1,0,collecting_candidates;drift_not_confirmed,source_publish_interval,voltage_rolling_mean=230.583691;source_publish_interval=0.804154,source_publish_interval,0.5596252158284187,9.580083889886737,10.159083874896169
2026-08-10T17:15:03.665366+00:00,communication_drift_01,meter_01,397,none,publish_interval,random,random,random,normal_drift,0.9999999999924758,0.47507724154035147,0,,1,0,collecting_candidates;drift_not_confirmed,source_publish_interval,voltage_rolling_mean=231.651065;source_publish_interval=0.804155,source_publish_interval,3.309125080704689,14.852874912321568,18.19241582415998
2026-08-10T17:15:03.683946+00:00,communication_drift_01,meter_02,397,none,publish_interval,random,random,random,normal_drift,0.9999999999841973,0.44191742577860565,0,,1,0,collecting_candidates;drift_not_confirmed,source_publish_interval,voltage_rolling_mean=231.458249;source_publish_interval=0.804155,source_publish_interval,0.7145002018660307,10.663416935130954,11.398833943530917
2026-08-10T17:15:03.695460+00:00,communication_drift_01,meter_03,397,none,publish_interval,random,random,random,normal_drift,0.9999999910513496,0.45032568537226225,0,,1,0,collecting_candidates;drift_not_confirmed,source_publish_interval,voltage_rolling_mean=230.583691;source_publish_interval=0.804154,source_publish_interval,0.5019588861614466,9.115458931773901,9.635833092033863
2026-08-10T17:15:04.467367+00:00,communication_drift_01,meter_01,398,none,publish_interval,random,random,random,normal_drift,0.9999999999977895,0.44701038703517043,0,,1,0,collecting_candidates;drift_not_confirmed,source_publish_interval,voltage_rolling_mean=231.651065;source_publish_interval=0.804155,source_publish_interval,2.885832916945219,18.816000083461404,21.742124808952212
2026-08-10T17:15:04.489508+00:00,communication_drift_01,meter_02,398,none,publish_interval,random,random,random,normal_drift,0.9999999999913409,0.4658615319327417,0,,1,0,collecting_candidates;drift_not_confirmed,source_publish_interval,voltage_rolling_mean=231.458249;source_publish_interval=0.804155,source_publish_interval,0.7753749378025532,11.591166956350207,12.38749991171062
2026-08-10T17:15:04.502002+00:00,communication_drift_01,meter_03,398,none,publish_interval,random,random,random,normal_drift,0.9999999989507413,0.4648162565493716,0,,1,0,collecting_candidates;drift_not_confirmed,source_publish_interval,voltage_rolling_mean=230.583691;source_publish_interval=0.804154,source_publish_interval,0.5117910914123058,9.493458084762096,10.022791801020503
2026-08-10T17:15:05.271383+00:00,communication_drift_01,meter_01,399,none,publish_interval,random,random,random,normal_drift,0.9999999999664742,0.6279326089214559,0,,1,0,collecting_candidates;drift_not_confirmed,source_publish_interval,voltage_rolling_mean=231.651065;source_publish_interval=0.804155,source_publish_interval,2.282707951962948,18.45945813693106,20.774625008925796
2026-08-10T17:15:05.292509+00:00,communication_drift_01,meter_02,399,none,publish_interval,random,random,random,normal_drift,0.9999999999256808,0.4612911643985415,0,,1,0,collecting_candidates;drift_not_confirmed,source_publish_interval,voltage_rolling_mean=231.458249;source_publish_interval=0.804155,source_publish_interval,0.7107919082045555,11.625666869804263,12.358375126495957
2026-08-10T17:15:05.304964+00:00,communication_drift_01,meter_03,399,none,publish_interval,random,random,random,normal_drift,0.9999999988545831,0.6351873957385337,0,,1,0,collecting_candidates;drift_not_confirmed,source_publish_interval,voltage_rolling_mean=230.583691;source_publish_interval=0.804154,source_publish_interval,0.5086250603199005,9.329250082373619,9.85687505453825
2026-08-10T17:15:06.075484+00:00,communication_drift_01,meter_01,400,none,publish_interval,random,random,random,normal_drift,0.9999999999965843,0.4336892480070488,0,,1,0,collecting_candidates;drift_not_confirmed,source_publish_interval,voltage_rolling_mean=231.651065;source_publish_interval=0.804155,source_publish_interval,2.8256659861654043,16.033665975555778,18.892250023782253
2026-08-10T17:15:06.094771+00:00,communication_drift_01,meter_02,400,none,publish_interval,random,random,random,normal_drift,0.9999999999445712,0.517626246217069,0,,1,0,collecting_candidates;drift_not_confirmed,source_publish_interval,voltage_rolling_mean=231.458249;source_publish_interval=0.804155,source_publish_interval,0.7605000864714384,10.726917069405317,11.508749797940254
2026-08-10T17:15:06.106378+00:00,communication_drift_01,meter_03,400,none,publish_interval,random,random,random,normal_drift,0.9999999949118226,0.4489855752605565,0,,1,0,collecting_candidates;drift_not_confirmed,source_publish_interval,voltage_rolling_mean=230.583691;source_publish_interval=0.804154,source_publish_interval,0.5076669622212648,9.156541200354695,9.684375021606684
2026-08-10T17:15:06.877998+00:00,communication_drift_01,meter_01,401,none,publish_interval,random,random,random,normal_drift,0.9999999999925895,0.4732369929161387,0,,1,0,collecting_candidates;drift_not_confirmed,source_publish_interval,voltage_rolling_mean=231.651065;source_publish_interval=0.804155,source_publish_interval,2.2444999776780605,22.08912489004433,24.380540940910578
2026-08-10T17:15:06.902753+00:00,communication_drift_01,meter_02,401,none,publish_interval,random,random,random,normal_drift,0.9999999999862432,0.4555368593295864,0,,1,0,collecting_candidates;drift_not_confirmed,source_publish_interval,voltage_rolling_mean=231.458249;source_publish_interval=0.804155,source_publish_interval,0.7234171498566866,12.18137494288385,12.928416952490807
2026-08-10T17:15:06.915792+00:00,communication_drift_01,meter_03,401,none,publish_interval,random,random,random,normal_drift,0.9999999978815577,0.47940694743856044,0,,1,0,collecting_candidates;drift_not_confirmed,source_publish_interval,voltage_rolling_mean=230.583691;source_publish_interval=0.804154,source_publish_interval,0.5563751328736544,9.571708040311933,10.147209046408534
2026-08-10T17:15:07.680843+00:00,communication_drift_01,meter_01,402,none,publish_interval,random,random,random,normal_drift,0.9999999999885179,0.6039392374663181,0,,1,0,collecting_candidates;drift_not_confirmed,source_publish_interval,voltage_rolling_mean=231.651065;source_publish_interval=0.804155,source_publish_interval,2.432124922052026,22.25487492978573,24.72437499091029
2026-08-10T17:15:07.705999+00:00,communication_drift_01,meter_02,402,none,publish_interval,random,random,random,normal_drift,0.9999999999436011,0.44018045198317013,0,,1,0,collecting_candidates;drift_not_confirmed,source_publish_interval,voltage_rolling_mean=231.458249;source_publish_interval=0.804155,source_publish_interval,0.7353750988841057,12.055875035002828,12.816417030990124
2026-08-10T17:15:07.718937+00:00,communication_drift_01,meter_03,402,none,publish_interval,random,random,random,normal_drift,0.999999943441945,0.6291033208631821,0,,1,0,collecting_candidates;drift_not_confirmed,source_publish_interval,voltage_rolling_mean=230.583691;source_publish_interval=0.804154,source_publish_interval,0.5861248355358839,9.58229205571115,10.188083164393902
2026-08-10T17:15:08.485837+00:00,communication_drift_01,meter_01,403,none,publish_interval,random,random,random,normal_drift,0.9999999999857903,0.4757036433398115,0,,1,0,collecting_candidates;drift_not_confirmed,source_publish_interval,voltage_rolling_mean=231.651065;source_publish_interval=0.804155,source_publish_interval,2.4800419341772795,15.277292113751173,17.78629096224904
2026-08-10T17:15:08.503971+00:00,communication_drift_01,meter_02,403,none,publish_interval,random,random,random,normal_drift,0.9999999998531242,0.4552966303650023,0,,1,0,collecting_candidates;drift_not_confirmed,source_publish_interval,voltage_rolling_mean=231.458249;source_publish_interval=0.804155,source_publish_interval,0.7012500427663326,10.71054209023714,11.432333150878549
2026-08-10T17:15:08.515496+00:00,communication_drift_01,meter_03,403,none,publish_interval,random,random,random,normal_drift,0.9999999950149345,0.4665795586734944,0,,1,0,collecting_candidates;drift_not_confirmed,source_publish_interval,voltage_rolling_mean=230.583691;source_publish_interval=0.804154,source_publish_interval,0.4952079616487026,9.217208018526435,9.730459190905094
2026-08-10T17:15:09.290908+00:00,communication_drift_01,meter_01,404,none,publish_interval,random,random,random,normal_drift,0.9999999999913856,0.43887116753633093,0,,1,0,collecting_candidates;drift_not_confirmed,source_publish_interval,voltage_rolling_mean=231.651065;source_publish_interval=0.804155,source_publish_interval,2.53920815885067,18.74649990350008,21.330832969397306
2026-08-10T17:15:09.312635+00:00,communication_drift_01,meter_02,404,none,publish_interval,random,random,random,normal_drift,0.9999999991588919,0.4641139253349276,0,,1,0,collecting_candidates;drift_not_confirmed,source_publish_interval,voltage_rolling_mean=231.458249;source_publish_interval=0.804155,source_publish_interval,0.7458750624209642,11.482750065624714,12.250749859958887
2026-08-10T17:15:09.324986+00:00,communication_drift_01,meter_03,404,none,publish_interval,random,random,random,normal_drift,0.9999999964046993,0.4577638696140732,0,,1,0,collecting_candidates;drift_not_confirmed,source_publish_interval,voltage_rolling_mean=230.583691;source_publish_interval=0.804154,source_publish_interval,0.5141249857842922,9.452291065827012,9.985208977013826
2026-08-10T17:15:10.091559+00:00,communication_drift_01,meter_01,405,none,publish_interval,random,random,random,normal_drift,0.9999999999971767,0.5583993908574475,0,,1,0,collecting_candidates;drift_not_confirmed,source_publish_interval,voltage_rolling_mean=231.651065;source_publish_interval=0.804155,source_publish_interval,1.359791960567236,21.57416706904769,22.97666692174971
2026-08-10T17:15:10.114801+00:00,communication_drift_01,meter_02,405,none,publish_interval,random,random,random,normal_drift,0.9999999999092122,0.4500778182201009,0,,1,0,collecting_candidates;drift_not_confirmed,source_publish_interval,voltage_rolling_mean=231.458249;source_publish_interval=0.804155,source_publish_interval,0.9350830223411322,13.908083084970713,14.866374898701906
2026-08-10T17:15:10.129788+00:00,communication_drift_01,meter_03,405,none,publish_interval,random,random,random,normal_drift,0.9999999698260544,0.4833913053815688,0,,1,0,collecting_candidates;drift_not_confirmed,source_publish_interval,voltage_rolling_mean=230.583691;source_publish_interval=0.804154,source_publish_interval,0.5871658213436604,10.478666983544827,11.085292091593146
2026-08-10T17:15:10.897069+00:00,communication_drift_01,meter_01,406,none,publish_interval,random,random,random,normal_drift,0.9999999999963389,0.48017851942318385,0,,1,0,collecting_candidates;drift_not_confirmed,source_publish_interval,voltage_rolling_mean=231.651065;source_publish_interval=0.804155,source_publish_interval,3.072208957746625,18.62258301116526,21.726957987993956
2026-08-10T17:15:10.919191+00:00,communication_drift_01,meter_02,406,none,publish_interval,random,random,random,normal_drift,0.9999999990045629,0.4747127720345335,0,,1,0,collecting_candidates;drift_not_confirmed,source_publish_interval,voltage_rolling_mean=231.458249;source_publish_interval=0.804155,source_publish_interval,0.7392910774797201,11.368040926754475,12.127875117585063
2026-08-10T17:15:10.931412+00:00,communication_drift_01,meter_03,406,none,publish_interval,random,random,random,normal_drift,0.9999999299844176,0.47025935158878496,0,,1,0,collecting_candidates;drift_not_confirmed,source_publish_interval,voltage_rolling_mean=230.583691;source_publish_interval=0.804154,source_publish_interval,0.5240829195827246,9.620499797165394,10.166083928197622
2026-08-10T17:15:11.701253+00:00,communication_drift_01,meter_01,407,none,publish_interval,random,random,random,normal_drift,0.999999999984617,0.4537968372377987,0,,1,0,collecting_candidates;drift_not_confirmed,source_publish_interval,voltage_rolling_mean=231.651065;source_publish_interval=0.804155,source_publish_interval,2.0186249166727066,22.008958039805293,24.070375133305788
2026-08-10T17:15:11.725653+00:00,communication_drift_01,meter_02,407,none,publish_interval,random,random,random,normal_drift,0.9999999988271442,0.5047848736112931,0,,1,0,collecting_candidates;drift_not_confirmed,source_publish_interval,voltage_rolling_mean=231.458249;source_publish_interval=0.804155,source_publish_interval,0.874832971021533,12.009999947622418,12.921167071908712
2026-08-10T17:15:11.738706+00:00,communication_drift_01,meter_03,407,none,publish_interval,random,random,random,normal_drift,0.9999999934990125,0.4560396256581435,0,,1,0,collecting_candidates;drift_not_confirmed,source_publish_interval,voltage_rolling_mean=230.583691;source_publish_interval=0.804154,source_publish_interval,0.5973749794065952,9.70979081466794,10.32712496817112
2026-08-10T17:15:12.506246+00:00,communication_drift_01,meter_01,408,none,publish_interval,random,random,random,normal_drift,0.9999999999887785,0.44331292574062464,0,,1,0,collecting_candidates;drift_not_confirmed,source_publish_interval,voltage_rolling_mean=231.651065;source_publish_interval=0.804155,source_publish_interval,2.25108303129673,18.53412506170571,20.828250097110868
2026-08-10T17:15:12.527480+00:00,communication_drift_01,meter_02,408,none,publish_interval,random,random,random,normal_drift,0.999999999742232,0.4400444572166446,0,,1,0,collecting_candidates;drift_not_confirmed,source_publish_interval,voltage_rolling_mean=231.458249;source_publish_interval=0.804155,source_publish_interval,0.7329580839723349,11.220542015507817,11.97391701862216
2026-08-10T17:15:12.539555+00:00,communication_drift_01,meter_03,408,none,publish_interval,random,random,random,normal_drift,0.9999999740061485,0.47388902971868097,0,,1,0,collecting_candidates;drift_not_confirmed,source_publish_interval,voltage_rolling_mean=230.583691;source_publish_interval=0.804154,source_publish_interval,0.5119999404996634,9.333958849310875,9.865167085081339
2026-08-10T17:15:13.311290+00:00,communication_drift_01,meter_01,409,none,publish_interval,random,random,random,normal_drift,0.9999999999954994,0.44298382332585,0,,1,0,collecting_candidates;drift_not_confirmed,source_publish_interval,voltage_rolling_mean=231.651065;source_publish_interval=0.804155,source_publish_interval,1.9625830464065075,21.92287496291101,23.925915826112032
2026-08-10T17:15:13.335548+00:00,communication_drift_01,meter_02,409,none,publish_interval,random,random,random,normal_drift,0.9999999993889479,0.6330813516000992,0,,1,0,collecting_candidates;drift_not_confirmed,source_publish_interval,voltage_rolling_mean=231.458249;source_publish_interval=0.804155,source_publish_interval,0.8279578760266304,12.115958845242858,12.96700001694262
2026-08-10T17:15:13.348627+00:00,communication_drift_01,meter_03,409,none,publish_interval,random,random,random,normal_drift,0.9999999949791629,0.45180207619593127,0,,1,0,collecting_candidates;drift_not_confirmed,source_publish_interval,voltage_rolling_mean=230.583691;source_publish_interval=0.804154,source_publish_interval,0.5452078767120838,9.597041178494692,10.16199984587729
2026-08-10T17:15:14.116160+00:00,communication_drift_01,meter_01,410,none,publish_interval,random,random,random,normal_drift,0.9999999999847278,0.44666438294692473,0,,1,0,collecting_candidates;drift_not_confirmed,source_publish_interval,voltage_rolling_mean=231.651065;source_publish_interval=0.804155,source_publish_interval,2.6714999694377184,14.922708040103316,17.621542094275355
2026-08-10T17:15:14.134187+00:00,communication_drift_01,meter_02,410,none,publish_interval,random,random,random,normal_drift,0.9999999994005779,0.4716745347700406,0,,1,0,collecting_candidates;drift_not_confirmed,source_publish_interval,voltage_rolling_mean=231.458249;source_publish_interval=0.804155,source_publish_interval,0.6135830190032721,10.594832943752408,11.229083174839616
2026-08-10T17:15:14.145496+00:00,communication_drift_01,meter_03,410,none,publish_interval,random,random,random,normal_drift,0.9999999667870112,0.4577687581166112,0,,1,0,collecting_candidates;drift_not_confirmed,source_publish_interval,voltage_rolling_mean=230.583691;source_publish_interval=0.804154,source_publish_interval,0.5057500675320625,9.18333395384252,9.707291144877672
2026-08-10T17:15:14.920767+00:00,communication_drift_01,meter_01,411,none,publish_interval,random,random,random,normal_drift,0.9999999999417186,0.4688035695328868,0,,1,0,collecting_candidates;drift_not_confirmed,source_publish_interval,voltage_rolling_mean=231.651065;source_publish_interval=0.804155,source_publish_interval,1.3506249524652958,20.59708279557526,21.99433301575482
2026-08-10T17:15:14.943076+00:00,communication_drift_01,meter_02,411,none,publish_interval,random,random,random,normal_drift,0.9999999996424755,0.450753820061103,0,,1,0,collecting_candidates;drift_not_confirmed,source_publish_interval,voltage_rolling_mean=231.458249;source_publish_interval=0.804155,source_publish_interval,0.8615420665591955,13.112416956573725,14.000375056639314
2026-08-10T17:15:14.957212+00:00,communication_drift_01,meter_03,411,none,publish_interval,random,random,random,normal_drift,0.9999999956246197,0.463859183280204,0,,1,0,collecting_candidates;drift_not_confirmed,source_publish_interval,voltage_rolling_mean=230.583691;source_publish_interval=0.804154,source_publish_interval,0.5967079196125269,10.043499991297722,10.663749882951379
2026-08-10T17:15:15.724906+00:00,communication_drift_01,meter_01,412,none,publish_interval,random,random,random,normal_drift,0.999999999994744,0.4982495851161016,0,,1,0,collecting_candidates;drift_not_confirmed,source_publish_interval,voltage_rolling_mean=231.651065;source_publish_interval=0.804155,source_publish_interval,1.3330841902643442,23.08470895513892,24.469500174745917
2026-08-10T17:15:15.749762+00:00,communication_drift_01,meter_02,412,none,publish_interval,random,random,random,normal_drift,0.9999999987315502,0.4615902415591588,0,,1,0,collecting_candidates;drift_not_confirmed,source_publish_interval,voltage_rolling_mean=231.458249;source_publish_interval=0.804155,source_publish_interval,0.9293339680880308,12.729624984785914,13.699749950319529
2026-08-10T17:15:15.763623+00:00,communication_drift_01,meter_03,412,none,publish_interval,random,random,random,normal_drift,0.99999997675057,0.46228316003991005,0,,1,0,collecting_candidates;drift_not_confirmed,source_publish_interval,voltage_rolling_mean=230.583691;source_publish_interval=0.804154,source_publish_interval,0.5917910020798445,9.678457863628864,10.290707927197218
2026-08-10T17:15:16.529374+00:00,communication_drift_01,meter_01,413,none,publish_interval,random,random,random,normal_drift,0.9999999999922617,0.45421908662880256,0,,1,0,collecting_candidates;drift_not_confirmed,source_publish_interval,voltage_rolling_mean=231.651065;source_publish_interval=0.804155,source_publish_interval,2.3967919405549765,15.891249990090728,18.318583955988288
2026-08-10T17:15:16.548095+00:00,communication_drift_01,meter_02,413,none,publish_interval,random,random,random,normal_drift,0.9999999988399209,0.46669511995463786,0,,1,0,collecting_candidates;drift_not_confirmed,source_publish_interval,voltage_rolling_mean=231.458249;source_publish_interval=0.804155,source_publish_interval,0.717666931450367,10.715916054323316,11.454791063442826
2026-08-10T17:15:16.559649+00:00,communication_drift_01,meter_03,413,none,publish_interval,random,random,random,normal_drift,0.9999997828233959,0.5491397574715786,0,,1,0,collecting_candidates;drift_not_confirmed,source_publish_interval,voltage_rolling_mean=230.583691;source_publish_interval=0.804154,source_publish_interval,0.5243329796940088,9.40337497740984,9.94683406315744
2026-08-10T17:15:17.333553+00:00,communication_drift_01,meter_01,414,none,publish_interval,random,random,random,normal_drift,0.9999999998861866,0.554104057083681,0,,1,1,drift_not_confirmed;reference_updated,source_publish_interval,voltage_rolling_mean=231.651065;source_publish_interval=0.804153,source_publish_interval,1.347583020105958,23.454958107322454,24.84625019133091
2026-08-10T17:15:17.358660+00:00,communication_drift_01,meter_02,414,none,publish_interval,random,random,random,normal_drift,0.9999999983529384,0.4481446175427499,0,,1,1,drift_not_confirmed;reference_updated,source_publish_interval,voltage_rolling_mean=231.458249;source_publish_interval=0.804148,source_publish_interval,0.8529580663889647,12.77604210190475,13.656749855726957
2026-08-10T17:15:17.372465+00:00,communication_drift_01,meter_03,414,none,publish_interval,random,random,random,normal_drift,0.9999999889626775,0.5090845379660104,0,,1,1,drift_not_confirmed;reference_updated,source_publish_interval,voltage_rolling_mean=230.583691;source_publish_interval=0.804146,source_publish_interval,0.6015419494360685,9.93033405393362,10.552874999120831
2026-08-10T17:15:18.139514+00:00,communication_drift_01,meter_01,415,none,publish_interval,random,random,random,normal_drift,0.9999999999606561,0.46922072136075577,0,,1,0,collecting_candidates;drift_not_confirmed,source_publish_interval,voltage_rolling_mean=231.651065;source_publish_interval=0.804153,source_publish_interval,2.0791669376194477,22.07508310675621,24.19516583904624
2026-08-10T17:15:18.164052+00:00,communication_drift_01,meter_02,415,none,publish_interval,random,random,random,normal_drift,0.9999999985251931,0.4466723697894842,0,,1,0,collecting_candidates;drift_not_confirmed,source_publish_interval,voltage_rolling_mean=231.458249;source_publish_interval=0.804148,source_publish_interval,0.8846670389175415,12.035958003252745,12.94729090295732
2026-08-10T17:15:18.177133+00:00,communication_drift_01,meter_03,415,none,publish_interval,random,random,random,normal_drift,0.9999999745182901,0.4585907469720464,0,,1,0,collecting_candidates;drift_not_confirmed,source_publish_interval,voltage_rolling_mean=230.583691;source_publish_interval=0.804146,source_publish_interval,0.5404578987509012,9.501209016889334,10.062332963570952
2026-08-10T17:15:18.944598+00:00,communication_drift_01,meter_01,416,none,publish_interval,random,random,random,normal_drift,0.9999999999462776,0.4398080625255675,0,,1,0,collecting_candidates;drift_not_confirmed,source_publish_interval,voltage_rolling_mean=231.651065;source_publish_interval=0.804153,source_publish_interval,1.9475000444799662,21.916875150054693,23.902416927739978
2026-08-10T17:15:18.968837+00:00,communication_drift_01,meter_02,416,none,publish_interval,random,random,random,normal_drift,0.9999999914480963,0.49700880965696703,0,,1,0,collecting_candidates;drift_not_confirmed,source_publish_interval,voltage_rolling_mean=231.458249;source_publish_interval=0.804148,source_publish_interval,0.8260419126600027,12.125000124797225,12.97699986025691
2026-08-10T17:15:18.981940+00:00,communication_drift_01,meter_03,416,none,publish_interval,random,random,random,normal_drift,0.9999999930805139,0.49174460373426304,0,,1,0,collecting_candidates;drift_not_confirmed,source_publish_interval,voltage_rolling_mean=230.583691;source_publish_interval=0.804146,source_publish_interval,0.577207887545228,9.628500090911984,10.226499987766147
2026-08-10T17:15:19.748765+00:00,communication_drift_01,meter_01,417,none,publish_interval,random,random,random,normal_drift,0.9999999999840083,0.49936439607115457,0,,1,0,collecting_candidates;drift_not_confirmed,source_publish_interval,voltage_rolling_mean=231.651065;source_publish_interval=0.804153,source_publish_interval,2.945082960650325,18.411959055811167,21.392874885350466
2026-08-10T17:15:19.770559+00:00,communication_drift_01,meter_02,417,none,publish_interval,random,random,random,normal_drift,0.9999999933190677,0.4461463891465948,0,,1,0,collecting_candidates;drift_not_confirmed,source_publish_interval,voltage_rolling_mean=231.458249;source_publish_interval=0.804148,source_publish_interval,0.6979580502957106,11.35116582736373,12.069957796484232
2026-08-10T17:15:19.782725+00:00,communication_drift_01,meter_03,417,none,publish_interval,random,random,random,normal_drift,0.999999944699099,0.46177608145546184,0,,1,0,collecting_candidates;drift_not_confirmed,source_publish_interval,voltage_rolling_mean=230.583691;source_publish_interval=0.804146,source_publish_interval,0.5252500995993614,9.45075019262731,9.993999963626266
2026-08-10T17:15:20.553220+00:00,communication_drift_01,meter_01,418,none,publish_interval,random,random,random,normal_drift,0.9999999999411631,0.47905322644544446,0,,1,0,collecting_candidates;drift_not_confirmed,source_publish_interval,voltage_rolling_mean=231.651065;source_publish_interval=0.804153,source_publish_interval,2.3830831050872803,19.35337483882904,21.768916165456176
2026-08-10T17:15:20.575417+00:00,communication_drift_01,meter_02,418,none,publish_interval,random,random,random,normal_drift,0.999999999535657,0.45714748066358163,0,,1,0,collecting_candidates;drift_not_confirmed,source_publish_interval,voltage_rolling_mean=231.458249;source_publish_interval=0.804148,source_publish_interval,0.7163749542087317,11.701582930982113,12.439958052709699
2026-08-10T17:15:20.587960+00:00,communication_drift_01,meter_03,418,none,publish_interval,random,random,random,normal_drift,0.999999953439836,0.48907762464981147,0,,1,0,collecting_candidates;drift_not_confirmed,source_publish_interval,voltage_rolling_mean=230.583691;source_publish_interval=0.804146,source_publish_interval,0.5515001248568296,9.540540864691138,10.110665811225772
2026-08-10T17:15:21.358462+00:00,communication_drift_01,meter_01,419,none,publish_interval,random,random,random,normal_drift,0.99999999997164,0.4603144636801369,0,,1,0,collecting_candidates;drift_not_confirmed,source_publish_interval,voltage_rolling_mean=231.651065;source_publish_interval=0.804153,source_publish_interval,1.975625054910779,21.960000041872263,23.979458026587963
2026-08-10T17:15:21.382763+00:00,communication_drift_01,meter_02,419,none,publish_interval,random,random,random,normal_drift,0.9999999888921739,0.4892088723420192,0,,1,0,collecting_candidates;drift_not_confirmed,source_publish_interval,voltage_rolling_mean=231.458249;source_publish_interval=0.804148,source_publish_interval,0.8270000107586384,12.107999995350838,12.958874925971031
2026-08-10T17:15:21.395831+00:00,communication_drift_01,meter_03,419,none,publish_interval,random,random,random,normal_drift,0.9999999864708751,0.4569791441752389,0,,1,0,collecting_candidates;drift_not_confirmed,source_publish_interval,voltage_rolling_mean=230.583691;source_publish_interval=0.804146,source_publish_interval,0.5394578911364079,9.591832989826798,10.150458896532655
2026-08-10T17:15:22.160230+00:00,communication_drift_01,meter_01,420,none,publish_interval,random,random,random,normal_drift,0.9999999999755411,0.43892911531930107,0,,1,0,collecting_candidates;drift_not_confirmed,source_publish_interval,voltage_rolling_mean=231.651065;source_publish_interval=0.804153,source_publish_interval,2.0286671351641417,21.498250076547265,23.570041172206402
2026-08-10T17:15:22.184131+00:00,communication_drift_01,meter_02,420,none,publish_interval,random,random,random,normal_drift,0.9999999962830817,0.45629751209517805,0,,1,0,collecting_candidates;drift_not_confirmed,source_publish_interval,voltage_rolling_mean=231.458249;source_publish_interval=0.804148,source_publish_interval,0.7520830258727074,11.892125010490417,12.667708098888397
2026-08-10T17:15:22.196912+00:00,communication_drift_01,meter_03,420,none,publish_interval,random,random,random,normal_drift,0.9999998522462995,0.44815379369754343,0,,1,0,collecting_candidates;drift_not_confirmed,source_publish_interval,voltage_rolling_mean=230.583691;source_publish_interval=0.804146,source_publish_interval,0.5888750310987234,9.659291012212634,10.267707984894514
2026-08-10T17:15:22.965453+00:00,communication_drift_01,meter_01,421,none,publish_interval,random,random,random,normal_drift,0.9999999998966749,0.474847663275704,0,,1,0,collecting_candidates;drift_not_confirmed,source_publish_interval,voltage_rolling_mean=231.651065;source_publish_interval=0.804153,source_publish_interval,3.2868748530745506,17.289125127717853,20.614667097106576
2026-08-10T17:15:22.986501+00:00,communication_drift_01,meter_02,421,none,publish_interval,random,random,random,normal_drift,0.9999999945275084,0.4534635085606222,0,,1,0,collecting_candidates;drift_not_confirmed,source_publish_interval,voltage_rolling_mean=231.458249;source_publish_interval=0.804148,source_publish_interval,0.7214590441435575,11.154165957123041,11.898207943886518
2026-08-10T17:15:22.998504+00:00,communication_drift_01,meter_03,421,none,publish_interval,random,random,random,normal_drift,0.99999998993915,0.44783674005127916,0,,1,0,collecting_candidates;drift_not_confirmed,source_publish_interval,voltage_rolling_mean=230.583691;source_publish_interval=0.804146,source_publish_interval,0.530916964635253,9.23725008033216,9.788250084966421
2026-08-10T17:15:23.768810+00:00,communication_drift_01,meter_01,422,none,publish_interval,random,random,random,normal_drift,0.999999999779746,0.46513313882388174,0,,1,0,collecting_candidates;drift_not_confirmed,source_publish_interval,voltage_rolling_mean=231.651065;source_publish_interval=0.804153,source_publish_interval,3.2849579583853483,20.18245798535645,23.50812521763146
2026-08-10T17:15:23.792748+00:00,communication_drift_01,meter_02,422,none,publish_interval,random,random,random,normal_drift,0.9999999947775715,0.4639940600401748,0,,1,0,collecting_candidates;drift_not_confirmed,source_publish_interval,voltage_rolling_mean=231.458249;source_publish_interval=0.804148,source_publish_interval,0.7493330631405115,11.736250016838312,12.511041015386581
2026-08-10T17:15:23.805383+00:00,communication_drift_01,meter_03,422,none,publish_interval,random,random,random,normal_drift,0.9999999768019286,0.4463873230846935,0,,1,0,collecting_candidates;drift_not_confirmed,source_publish_interval,voltage_rolling_mean=230.583691;source_publish_interval=0.804146,source_publish_interval,0.5556251853704453,9.65024996548891,10.225333971902728
2026-08-10T17:15:24.571979+00:00,communication_drift_01,meter_01,423,none,publish_interval,random,random,random,normal_drift,0.9999999999428191,0.46355635625653707,0,,1,0,collecting_candidates;drift_not_confirmed,source_publish_interval,voltage_rolling_mean=231.651065;source_publish_interval=0.804153,source_publish_interval,1.734833000227809,21.74483286216855,23.526750039309263
2026-08-10T17:15:24.595882+00:00,communication_drift_01,meter_02,423,none,publish_interval,random,random,random,normal_drift,0.9999999964082722,0.464705036294055,0,,1,0,collecting_candidates;drift_not_confirmed,source_publish_interval,voltage_rolling_mean=231.458249;source_publish_interval=0.804148,source_publish_interval,0.8782499935477972,12.364707887172699,13.271583011373878
2026-08-10T17:15:24.609323+00:00,communication_drift_01,meter_03,423,none,publish_interval,random,random,random,normal_drift,0.999999867435269,0.49342229026276513,0,,1,0,collecting_candidates;drift_not_confirmed,source_publish_interval,voltage_rolling_mean=230.583691;source_publish_interval=0.804146,source_publish_interval,0.6210419815033674,9.692749939858913,10.335291968658566
2026-08-10T17:15:25.377637+00:00,communication_drift_01,meter_01,424,none,publish_interval,random,random,random,normal_drift,0.99999999985418,0.43802374347224227,0,,1,0,collecting_candidates;drift_not_confirmed,source_publish_interval,voltage_rolling_mean=231.651065;source_publish_interval=0.804153,source_publish_interval,2.990625100210309,17.7005419973284,20.7309159450233
2026-08-10T17:15:25.398755+00:00,communication_drift_01,meter_02,424,none,publish_interval,random,random,random,normal_drift,0.9999999971603324,0.4633166362212543,0,,1,0,collecting_candidates;drift_not_confirmed,source_publish_interval,voltage_rolling_mean=231.458249;source_publish_interval=0.804148,source_publish_interval,0.748916994780302,11.159874964505434,11.929667089134455
2026-08-10T17:15:25.410786+00:00,communication_drift_01,meter_03,424,none,publish_interval,random,random,random,normal_drift,0.9999998687948509,0.479438026518048,0,,1,0,collecting_candidates;drift_not_confirmed,source_publish_interval,voltage_rolling_mean=230.583691;source_publish_interval=0.804146,source_publish_interval,0.5360839422792196,9.333499940112233,9.889040840789676
2026-08-10T17:15:26.178182+00:00,communication_drift_01,meter_01,425,none,publish_interval,random,random,random,normal_drift,0.9999999999030564,0.5217277123435219,0,,1,0,collecting_candidates;drift_not_confirmed,source_publish_interval,voltage_rolling_mean=231.651065;source_publish_interval=0.804153,source_publish_interval,3.4710001200437546,20.25654213503003,23.774584056809545
2026-08-10T17:15:26.202384+00:00,communication_drift_01,meter_02,425,none,publish_interval,random,random,random,normal_drift,0.9999999749950919,0.4703959158057553,0,,1,0,collecting_candidates;drift_not_confirmed,source_publish_interval,voltage_rolling_mean=231.458249;source_publish_interval=0.804148,source_publish_interval,0.7487921975553036,11.825042078271508,12.599333887919784
2026-08-10T17:15:26.215115+00:00,communication_drift_01,meter_03,425,none,publish_interval,random,random,random,normal_drift,0.9999999837240299,0.5076645261118552,0,,1,0,collecting_candidates;drift_not_confirmed,source_publish_interval,voltage_rolling_mean=230.583691;source_publish_interval=0.804146,source_publish_interval,0.5789159331470728,9.641166077926755,10.23929100483656
2026-08-10T17:15:26.983627+00:00,communication_drift_01,meter_01,426,none,publish_interval,random,random,random,normal_drift,0.9999999997813238,0.44361385684676174,0,,1,0,collecting_candidates;drift_not_confirmed,source_publish_interval,voltage_rolling_mean=231.651065;source_publish_interval=0.804153,source_publish_interval,2.4326250422745943,21.09550009481609,23.561749840155244
2026-08-10T17:15:27.007610+00:00,communication_drift_01,meter_02,426,none,publish_interval,random,random,random,normal_drift,0.9999999852858537,0.46407448752414227,0,,1,0,collecting_candidates;drift_not_confirmed,source_publish_interval,voltage_rolling_mean=231.458249;source_publish_interval=0.804148,source_publish_interval,0.7386249490082264,11.973083950579166,12.734583113342524
2026-08-10T17:15:27.020459+00:00,communication_drift_01,meter_03,426,none,publish_interval,random,random,random,normal_drift,0.9999999826442924,0.5459694451330174,0,,1,0,collecting_candidates;drift_not_confirmed,source_publish_interval,voltage_rolling_mean=230.583691;source_publish_interval=0.804146,source_publish_interval,0.5437498912215233,9.620541939511895,10.191916022449732
2026-08-10T17:15:27.784021+00:00,communication_drift_01,meter_01,427,none,publish_interval,random,random,random,normal_drift,0.9999999967827429,0.6029454429941882,0,,1,0,collecting_candidates;drift_not_confirmed,source_publish_interval,voltage_rolling_mean=231.651065;source_publish_interval=0.804153,source_publish_interval,1.3180410023778677,21.00345795042813,22.372083039954305
2026-08-10T17:15:27.806690+00:00,communication_drift_01,meter_02,427,none,publish_interval,random,random,random,normal_drift,0.999999983606414,0.4645337583790999,0,,1,0,collecting_candidates;drift_not_confirmed,source_publish_interval,voltage_rolling_mean=231.458249;source_publish_interval=0.804148,source_publish_interval,0.906290952116251,13.563500018790364,14.498875010758638
2026-08-10T17:15:27.821349+00:00,communication_drift_01,meter_03,427,none,publish_interval,random,random,random,normal_drift,0.9999999774127127,0.4512388597632117,0,,1,0,collecting_candidates;drift_not_confirmed,source_publish_interval,voltage_rolling_mean=230.583691;source_publish_interval=0.804146,source_publish_interval,0.6140000186860561,10.276708053424954,10.910958983004093
2026-08-10T17:15:28.589299+00:00,communication_drift_01,meter_01,428,none,publish_interval,random,random,random,normal_drift,0.9999999994841282,0.46286901638345146,0,,1,0,collecting_candidates;drift_not_confirmed,source_publish_interval,voltage_rolling_mean=231.651065;source_publish_interval=0.804153,source_publish_interval,2.288042102009058,22.551292087882757,24.878625059500337
2026-08-10T17:15:28.614604+00:00,communication_drift_01,meter_02,428,none,publish_interval,random,random,random,normal_drift,0.9999999973269769,0.4660385765331999,0,,1,0,collecting_candidates;drift_not_confirmed,source_publish_interval,voltage_rolling_mean=231.458249;source_publish_interval=0.804148,source_publish_interval,0.8442499674856663,12.12695799767971,12.996374862268567
2026-08-10T17:15:28.627726+00:00,communication_drift_01,meter_03,428,none,publish_interval,random,random,random,normal_drift,0.9999999654065542,0.4518728893344523,0,,1,0,collecting_candidates;drift_not_confirmed,source_publish_interval,voltage_rolling_mean=230.583691;source_publish_interval=0.804146,source_publish_interval,0.5923330318182707,9.920124895870686,10.533833876252174
2026-08-10T17:15:29.395504+00:00,communication_drift_01,meter_01,429,none,publish_interval,random,random,random,normal_drift,0.9999999997539637,0.6166089404931292,0,,1,0,collecting_candidates;drift_not_confirmed,source_publish_interval,voltage_rolling_mean=231.651065;source_publish_interval=0.804153,source_publish_interval,2.4343340191990137,22.32425007969141,24.808125104755163
2026-08-10T17:15:29.420727+00:00,communication_drift_01,meter_02,429,none,publish_interval,random,random,random,normal_drift,0.9999999571554253,0.5087380111037366,0,,1,0,collecting_candidates;drift_not_confirmed,source_publish_interval,voltage_rolling_mean=231.458249;source_publish_interval=0.804148,source_publish_interval,0.7945830002427101,12.052500154823065,12.875000014901161
2026-08-10T17:15:29.433760+00:00,communication_drift_01,meter_03,429,none,publish_interval,random,random,random,normal_drift,0.9999999846047205,0.5597172310765218,0,,1,0,collecting_candidates;drift_not_confirmed,source_publish_interval,voltage_rolling_mean=230.583691;source_publish_interval=0.804146,source_publish_interval,0.5598750431090593,9.563291911035776,10.144042083993554
2026-08-10T17:15:30.199611+00:00,communication_drift_01,meter_01,430,none,publish_interval,random,random,random,normal_drift,0.9999999992501674,0.44283579100114856,0,,1,0,collecting_candidates;drift_not_confirmed,source_publish_interval,voltage_rolling_mean=231.651065;source_publish_interval=0.804153,source_publish_interval,1.9636668730527163,20.54112497717142,22.538708057254553
2026-08-10T17:15:30.222453+00:00,communication_drift_01,meter_02,430,none,publish_interval,random,random,random,normal_drift,0.9999999746940851,0.4775893345186276,0,,1,0,collecting_candidates;drift_not_confirmed,source_publish_interval,voltage_rolling_mean=231.458249;source_publish_interval=0.804148,source_publish_interval,0.7250409107655287,11.64616597816348,12.394208926707506
2026-08-10T17:15:30.234961+00:00,communication_drift_01,meter_03,430,none,publish_interval,random,random,random,normal_drift,0.9999998881338313,0.5115250699785961,0,,1,0,collecting_candidates;drift_not_confirmed,source_publish_interval,voltage_rolling_mean=230.583691;source_publish_interval=0.804146,source_publish_interval,0.5434169434010983,9.595916839316487,10.159916011616588
2026-08-10T17:15:31.009437+00:00,communication_drift_01,meter_01,431,none,publish_interval,random,random,random,normal_drift,0.9999999974258946,0.526850383904624,0,,1,0,collecting_candidates;drift_not_confirmed,source_publish_interval,voltage_rolling_mean=231.651065;source_publish_interval=0.804153,source_publish_interval,1.9564172253012657,22.012416971847415,24.00604193098843
2026-08-10T17:15:31.033772+00:00,communication_drift_01,meter_02,431,none,publish_interval,random,random,random,normal_drift,0.9999999773072307,0.4740389757140577,0,,1,0,collecting_candidates;drift_not_confirmed,source_publish_interval,voltage_rolling_mean=231.458249;source_publish_interval=0.804148,source_publish_interval,0.8334580343216658,11.9420001283288,12.799957999959588
2026-08-10T17:15:31.046691+00:00,communication_drift_01,meter_03,431,none,publish_interval,random,random,random,normal_drift,0.9999999788897953,0.5631440403167592,0,,1,0,collecting_candidates;drift_not_confirmed,source_publish_interval,voltage_rolling_mean=230.583691;source_publish_interval=0.804146,source_publish_interval,0.6032499950379133,9.714999934658408,10.338249849155545
2026-08-10T17:15:31.813162+00:00,communication_drift_01,meter_01,432,none,publish_interval,random,random,random,normal_drift,0.9999999984850232,0.4506271387804798,0,,1,0,collecting_candidates;drift_not_confirmed,source_publish_interval,voltage_rolling_mean=231.651065;source_publish_interval=0.804153,source_publish_interval,2.439041156321764,21.031958982348442,23.513416992500424
2026-08-10T17:15:31.837068+00:00,communication_drift_01,meter_02,432,none,publish_interval,random,random,random,normal_drift,0.9999999949039324,0.4821986671487317,0,,1,0,collecting_candidates;drift_not_confirmed,source_publish_interval,voltage_rolling_mean=231.458249;source_publish_interval=0.804148,source_publish_interval,0.7992079481482506,11.849083006381989,12.673415942117572
2026-08-10T17:15:31.849874+00:00,communication_drift_01,meter_03,432,none,publish_interval,random,random,random,normal_drift,0.9999998666801864,0.5290479154010767,0,,1,0,collecting_candidates;drift_not_confirmed,source_publish_interval,voltage_rolling_mean=230.583691;source_publish_interval=0.804146,source_publish_interval,0.5914580542594194,9.590165922418237,10.201999917626381
2026-08-10T17:15:32.620248+00:00,communication_drift_01,meter_01,433,none,publish_interval,random,random,random,normal_drift,0.9999999992539514,0.4457911505132708,0,,1,0,collecting_candidates;drift_not_confirmed,source_publish_interval,voltage_rolling_mean=231.651065;source_publish_interval=0.804153,source_publish_interval,2.503790892660618,18.43016711063683,20.969541976228356
2026-08-10T17:15:32.641622+00:00,communication_drift_01,meter_02,433,none,publish_interval,random,random,random,normal_drift,0.9999999936333082,0.4561672978824385,0,,1,0,collecting_candidates;drift_not_confirmed,source_publish_interval,voltage_rolling_mean=231.458249;source_publish_interval=0.804148,source_publish_interval,0.7025001104921103,11.06745796278119,11.791042052209377
2026-08-10T17:15:32.653514+00:00,communication_drift_01,meter_03,433,none,publish_interval,random,random,random,normal_drift,0.9999999922941841,0.45642945282836644,0,,1,0,collecting_candidates;drift_not_confirmed,source_publish_interval,voltage_rolling_mean=230.583691;source_publish_interval=0.804146,source_publish_interval,0.5167080089449883,9.414917090907693,9.95058286935091
2026-08-10T17:15:33.423202+00:00,communication_drift_01,meter_01,434,none,publish_interval,random,random,random,normal_drift,0.9999999991288093,0.451217575692952,0,,1,1,drift_not_confirmed;reference_updated,source_publish_interval,voltage_rolling_mean=231.651065;source_publish_interval=0.804300,source_publish_interval,2.2996668703854084,20.696749910712242,23.036333033815026
2026-08-10T17:15:33.446633+00:00,communication_drift_01,meter_02,434,none,publish_interval,random,random,random,normal_drift,0.9999999914518852,0.505976653123164,0,,1,1,drift_not_confirmed;reference_updated,source_publish_interval,voltage_rolling_mean=231.458249;source_publish_interval=0.804304,source_publish_interval,0.717374961823225,11.691834079101682,12.43400014936924
2026-08-10T17:15:33.459169+00:00,communication_drift_01,meter_03,434,none,publish_interval,random,random,random,normal_drift,0.9999999833833999,0.44825120516882194,0,,1,1,drift_not_confirmed;reference_updated,source_publish_interval,voltage_rolling_mean=230.583691;source_publish_interval=0.804306,source_publish_interval,0.5246659275144339,9.513749973848462,10.058790910989046
2026-08-10T17:15:34.232933+00:00,communication_drift_01,meter_01,435,none,publish_interval,random,random,random,normal_drift,0.9999999993407596,0.4918310487827742,0,,1,0,collecting_candidates;drift_not_confirmed,source_publish_interval,voltage_rolling_mean=231.651065;source_publish_interval=0.804300,source_publish_interval,2.466375008225441,21.262167021632195,23.765624966472387
2026-08-10T17:15:34.257095+00:00,communication_drift_01,meter_02,435,none,publish_interval,random,random,random,normal_drift,0.9999999931887251,0.5449862221709268,0,,1,0,collecting_candidates;drift_not_confirmed,source_publish_interval,voltage_rolling_mean=231.458249;source_publish_interval=0.804304,source_publish_interval,0.7323750760406256,11.820500018075109,12.576124863699079
2026-08-10T17:15:34.269811+00:00,communication_drift_01,meter_03,435,none,publish_interval,random,random,random,normal_drift,0.999999898559696,0.5302522894262814,0,,1,0,collecting_candidates;drift_not_confirmed,source_publish_interval,voltage_rolling_mean=230.583691;source_publish_interval=0.804306,source_publish_interval,0.5331251304596663,9.679750073701143,10.232666041702032
2026-08-10T17:15:35.042693+00:00,communication_drift_01,meter_01,436,none,publish_interval,random,random,random,normal_drift,0.999999998546929,0.44682275816821765,0,,1,0,collecting_candidates;drift_not_confirmed,source_publish_interval,voltage_rolling_mean=231.651065;source_publish_interval=0.804300,source_publish_interval,1.9368331413716078,18.80908291786909,20.80224989913404
2026-08-10T17:15:35.063942+00:00,communication_drift_01,meter_02,436,none,publish_interval,random,random,random,normal_drift,0.9999999927717369,0.48575629551824273,0,,1,0,collecting_candidates;drift_not_confirmed,source_publish_interval,voltage_rolling_mean=231.458249;source_publish_interval=0.804304,source_publish_interval,0.7941669318825006,12.743207858875394,13.578957878053188
2026-08-10T17:15:35.077739+00:00,communication_drift_01,meter_03,436,none,publish_interval,random,random,random,normal_drift,0.9999999862564861,0.46539629675075295,0,,1,0,collecting_candidates;drift_not_confirmed,source_publish_interval,voltage_rolling_mean=230.583691;source_publish_interval=0.804306,source_publish_interval,0.6153748836368322,10.01862483099103,10.66737505607307
2026-08-10T17:15:35.845098+00:00,communication_drift_01,meter_01,437,none,publish_interval,random,random,random,normal_drift,0.9999999982063643,0.452158405219493,0,,1,0,collecting_candidates;drift_not_confirmed,source_publish_interval,voltage_rolling_mean=231.651065;source_publish_interval=0.804300,source_publish_interval,2.265166025608778,21.26175002194941,23.600124986842275
2026-08-10T17:15:35.869142+00:00,communication_drift_01,meter_02,437,none,publish_interval,random,random,random,normal_drift,0.9999999968936863,0.5524442094585481,0,,1,0,collecting_candidates;drift_not_confirmed,source_publish_interval,voltage_rolling_mean=231.458249;source_publish_interval=0.804304,source_publish_interval,0.968709122389555,12.213333044201136,13.214083155617118
2026-08-10T17:15:35.882556+00:00,communication_drift_01,meter_03,437,none,publish_interval,random,random,random,normal_drift,0.9999999828794285,0.472993528283888,0,,1,0,collecting_candidates;drift_not_confirmed,source_publish_interval,voltage_rolling_mean=230.583691;source_publish_interval=0.804306,source_publish_interval,0.6169578991830349,9.593999944627285,10.234375018626451
2026-08-10T17:15:36.656077+00:00,communication_drift_01,meter_01,438,none,publish_interval,random,random,random,normal_drift,0.9999999995862809,0.4686558945685754,0,,1,0,collecting_candidates;drift_not_confirmed,source_publish_interval,voltage_rolling_mean=231.651065;source_publish_interval=0.804300,source_publish_interval,2.7724169194698334,22.829166846349835,25.640666019171476
2026-08-10T17:15:36.682138+00:00,communication_drift_01,meter_02,438,none,publish_interval,random,random,random,normal_drift,0.9999999978300234,0.46506981366803424,0,,1,0,collecting_candidates;drift_not_confirmed,source_publish_interval,voltage_rolling_mean=231.458249;source_publish_interval=0.804304,source_publish_interval,0.8362908847630024,12.051833095028996,12.914000079035759
2026-08-10T17:15:36.695182+00:00,communication_drift_01,meter_03,438,none,publish_interval,random,random,random,normal_drift,0.9999999935017052,0.5149730539691093,0,,1,0,collecting_candidates;drift_not_confirmed,source_publish_interval,voltage_rolling_mean=230.583691;source_publish_interval=0.804306,source_publish_interval,0.5533329676836729,9.56020806916058,10.133625008165836
2026-08-10T17:15:37.464438+00:00,communication_drift_01,meter_01,439,none,publish_interval,random,random,random,normal_drift,0.9999999985372643,0.4599177974392748,0,,1,0,collecting_candidates;drift_not_confirmed,source_publish_interval,voltage_rolling_mean=231.651065;source_publish_interval=0.804300,source_publish_interval,0.8826660923659801,15.314041869714856,16.22650003992021
2026-08-10T17:15:37.480862+00:00,communication_drift_01,meter_02,439,none,publish_interval,random,random,random,normal_drift,0.9999999917552952,0.45338731773019775,0,,1,0,collecting_candidates;drift_not_confirmed,source_publish_interval,voltage_rolling_mean=231.458249;source_publish_interval=0.804304,source_publish_interval,0.4214160144329071,6.915999809280038,7.35833402723074
2026-08-10T17:15:37.488336+00:00,communication_drift_01,meter_03,439,none,publish_interval,random,random,random,normal_drift,0.9999999797291566,0.47065408387780583,0,,1,0,collecting_candidates;drift_not_confirmed,source_publish_interval,voltage_rolling_mean=230.583691;source_publish_interval=0.804306,source_publish_interval,0.38100010715425014,6.711292080581188,7.112124934792519
2026-08-10T17:15:38.268705+00:00,communication_drift_01,meter_01,440,none,publish_interval,random,random,random,normal_drift,0.9999999989284776,0.4541504932479119,0,,1,0,collecting_candidates;drift_not_confirmed,source_publish_interval,voltage_rolling_mean=231.651065;source_publish_interval=0.804300,source_publish_interval,1.0273340158164501,16.075375024229288,17.168750055134296
2026-08-10T17:15:38.286231+00:00,communication_drift_01,meter_02,440,none,publish_interval,random,random,random,normal_drift,0.999999995364399,0.45357279723732896,0,,1,0,collecting_candidates;drift_not_confirmed,source_publish_interval,voltage_rolling_mean=231.458249;source_publish_interval=0.804304,source_publish_interval,1.0682500433176756,13.08862492442131,14.179332880303264
2026-08-10T17:15:38.300555+00:00,communication_drift_01,meter_03,440,none,publish_interval,random,random,random,normal_drift,0.9999999149161046,0.44901163425656915,0,,1,0,collecting_candidates;drift_not_confirmed,source_publish_interval,voltage_rolling_mean=230.583691;source_publish_interval=0.804306,source_publish_interval,0.3675420302897692,6.972125032916665,7.370708044618368
2026-08-10T17:15:39.074395+00:00,communication_drift_01,meter_01,441,none,publish_interval,random,random,random,normal_drift,0.9999999955498149,0.5072215970431011,0,,1,0,collecting_candidates;drift_not_confirmed,source_publish_interval,voltage_rolling_mean=231.651065;source_publish_interval=0.804300,source_publish_interval,1.2813750654459,16.406957991421223,17.724874895066023
2026-08-10T17:15:39.092327+00:00,communication_drift_01,meter_02,441,none,publish_interval,random,random,random,normal_drift,0.9999999959539323,0.4566233746065857,0,,1,0,collecting_candidates;drift_not_confirmed,source_publish_interval,voltage_rolling_mean=231.458249;source_publish_interval=0.804304,source_publish_interval,0.45916601084172726,7.103540934622288,7.586000021547079
2026-08-10T17:15:39.100058+00:00,communication_drift_01,meter_03,441,none,publish_interval,random,random,random,normal_drift,0.999999991182145,0.4646948535498438,0,,1,0,collecting_candidates;drift_not_confirmed,source_publish_interval,voltage_rolling_mean=230.583691;source_publish_interval=0.804306,source_publish_interval,0.41845813393592834,6.9734579883515835,7.4154159519821405
2026-08-10T17:15:39.881587+00:00,communication_drift_01,meter_01,442,none,publish_interval,random,random,random,normal_drift,0.9999999968227906,0.4493041897859984,0,,1,0,collecting_candidates;drift_not_confirmed,source_publish_interval,voltage_rolling_mean=231.651065;source_publish_interval=0.804300,source_publish_interval,1.9538328051567078,15.03670890815556,17.02270796522498
2026-08-10T17:15:39.898902+00:00,communication_drift_01,meter_02,442,none,publish_interval,random,random,random,normal_drift,0.999999994506384,0.47619487826501306,0,,1,0,collecting_candidates;drift_not_confirmed,source_publish_interval,voltage_rolling_mean=231.458249;source_publish_interval=0.804304,source_publish_interval,0.39733387529850006,6.5113340970128775,6.925749825313687
2026-08-10T17:15:39.905935+00:00,communication_drift_01,meter_03,442,none,publish_interval,random,random,random,normal_drift,0.9999999850494068,0.45592875063403415,0,,1,0,collecting_candidates;drift_not_confirmed,source_publish_interval,voltage_rolling_mean=230.583691;source_publish_interval=0.804306,source_publish_interval,0.32704207114875317,6.4598750323057175,6.806625053286552
2026-08-10T17:15:40.691575+00:00,communication_drift_01,meter_01,443,none,publish_interval,random,random,random,normal_drift,0.9999999987843695,0.4696487604586036,0,,1,0,collecting_candidates;drift_not_confirmed,source_publish_interval,voltage_rolling_mean=231.651065;source_publish_interval=0.804300,source_publish_interval,2.3058748338371515,15.726709039881825,18.062167102470994
2026-08-10T17:15:40.709988+00:00,communication_drift_01,meter_02,443,none,publish_interval,random,random,random,normal_drift,0.9999999970280118,0.46930894000023665,0,,1,0,collecting_candidates;drift_not_confirmed,source_publish_interval,voltage_rolling_mean=231.458249;source_publish_interval=0.804304,source_publish_interval,0.3925408236682415,6.550417048856616,6.960875121876597
2026-08-10T17:15:40.717056+00:00,communication_drift_01,meter_03,443,none,publish_interval,random,random,random,normal_drift,0.9999999955360654,0.4483601594352373,0,,1,0,collecting_candidates;drift_not_confirmed,source_publish_interval,voltage_rolling_mean=230.583691;source_publish_interval=0.804306,source_publish_interval,0.32841600477695465,6.34316704235971,6.687582936137915
2026-08-10T17:15:41.497766+00:00,communication_drift_01,meter_01,444,none,publish_interval,random,random,random,normal_drift,0.9999999922153328,0.45600560994944184,0,,1,0,collecting_candidates;drift_not_confirmed,source_publish_interval,voltage_rolling_mean=231.651065;source_publish_interval=0.804300,source_publish_interval,2.0465839188545942,21.5569578576833,23.680374957621098
2026-08-10T17:15:41.521886+00:00,communication_drift_01,meter_02,444,none,publish_interval,random,random,random,normal_drift,0.99999998529325,0.46657626997373064,0,,1,0,collecting_candidates;drift_not_confirmed,source_publish_interval,voltage_rolling_mean=231.458249;source_publish_interval=0.804304,source_publish_interval,0.9609158150851727,12.635792139917612,13.634291011840105
2026-08-10T17:15:41.535766+00:00,communication_drift_01,meter_03,444,none,publish_interval,random,random,random,normal_drift,0.9999999945898874,0.4542307581481627,0,,1,0,collecting_candidates;drift_not_confirmed,source_publish_interval,voltage_rolling_mean=230.583691;source_publish_interval=0.804306,source_publish_interval,0.5624999757856131,9.975999826565385,10.56645903736353
2026-08-10T17:15:42.301699+00:00,communication_drift_01,meter_01,445,none,publish_interval,random,random,random,normal_drift,0.9999999995391524,0.4733030358775854,0,,1,0,collecting_candidates;drift_not_confirmed,source_publish_interval,voltage_rolling_mean=231.651065;source_publish_interval=0.804300,source_publish_interval,1.1418750509619713,19.65866587124765,20.870709093287587
2026-08-10T17:15:42.322980+00:00,communication_drift_01,meter_02,445,none,publish_interval,random,random,random,normal_drift,0.9999999722353096,0.4539847064071828,0,,1,0,collecting_candidates;drift_not_confirmed,source_publish_interval,voltage_rolling_mean=231.458249;source_publish_interval=0.804304,source_publish_interval,0.9620829951018095,12.727041961625218,13.721249997615814
2026-08-10T17:15:42.336896+00:00,communication_drift_01,meter_03,445,none,publish_interval,random,random,random,normal_drift,0.999999988980652,0.4974886836975806,0,,1,0,collecting_candidates;drift_not_confirmed,source_publish_interval,voltage_rolling_mean=230.583691;source_publish_interval=0.804306,source_publish_interval,0.5968338809907436,10.107667185366154,10.733250062912703
2026-08-10T17:15:43.107172+00:00,communication_drift_01,meter_01,446,none,publish_interval,random,random,random,normal_drift,0.9999999993168958,0.45618789652405456,0,,1,0,collecting_candidates;drift_not_confirmed,source_publish_interval,voltage_rolling_mean=231.651065;source_publish_interval=0.804300,source_publish_interval,2.3725000210106373,19.341374980285764,21.76870801486075
2026-08-10T17:15:43.129442+00:00,communication_drift_01,meter_02,446,none,publish_interval,random,random,random,normal_drift,0.9999999862834403,0.4620146061121686,0,,1,0,collecting_candidates;drift_not_confirmed,source_publish_interval,voltage_rolling_mean=231.458249;source_publish_interval=0.804304,source_publish_interval,0.8250419050455093,11.906833853572607,12.758374912664294
2026-08-10T17:15:43.142347+00:00,communication_drift_01,meter_03,446,none,publish_interval,random,random,random,normal_drift,0.9999999911276088,0.4637295003208975,0,,1,0,collecting_candidates;drift_not_confirmed,source_publish_interval,voltage_rolling_mean=230.583691;source_publish_interval=0.804306,source_publish_interval,0.5339998751878738,9.57312504760921,10.129667120054364
2026-08-10T17:15:43.916752+00:00,communication_drift_01,meter_01,447,none,publish_interval,random,random,random,normal_drift,0.9999999988690049,0.45489560462353823,0,,1,0,collecting_candidates;drift_not_confirmed,source_publish_interval,voltage_rolling_mean=231.651065;source_publish_interval=0.804300,source_publish_interval,1.2718329671770334,19.878041930496693,21.193958120420575
2026-08-10T17:15:43.938294+00:00,communication_drift_01,meter_02,447,none,publish_interval,random,random,random,normal_drift,0.9999999901072595,0.4750149654899432,0,,1,0,collecting_candidates;drift_not_confirmed,source_publish_interval,voltage_rolling_mean=231.458249;source_publish_interval=0.804304,source_publish_interval,0.8876249194145203,13.0108748562634,13.92412488348782
2026-08-10T17:15:43.952359+00:00,communication_drift_01,meter_03,447,none,publish_interval,random,random,random,normal_drift,0.9999999882118941,0.5164691297126061,0,,1,0,collecting_candidates;drift_not_confirmed,source_publish_interval,voltage_rolling_mean=230.583691;source_publish_interval=0.804306,source_publish_interval,0.5694590508937836,10.155875002965331,10.745833162218332
2026-08-10T17:15:44.726774+00:00,communication_drift_01,meter_01,448,none,publish_interval,random,random,random,normal_drift,0.9999999973092419,0.4720259670858267,0,,1,0,collecting_candidates;drift_not_confirmed,source_publish_interval,voltage_rolling_mean=231.651065;source_publish_interval=0.804300,source_publish_interval,1.480082981288433,19.77295894175768,21.31029195152223
2026-08-10T17:15:44.748397+00:00,communication_drift_01,meter_02,448,none,publish_interval,random,random,random,normal_drift,0.9999999978136958,0.47358989761073655,0,,1,0,collecting_candidates;drift_not_confirmed,source_publish_interval,voltage_rolling_mean=231.458249;source_publish_interval=0.804304,source_publish_interval,0.9576249867677689,12.399374973028898,13.387375045567751
2026-08-10T17:15:44.762037+00:00,communication_drift_01,meter_03,448,none,publish_interval,random,random,random,normal_drift,0.9999999713742179,0.4670909115315514,0,,1,0,collecting_candidates;drift_not_confirmed,source_publish_interval,voltage_rolling_mean=230.583691;source_publish_interval=0.804306,source_publish_interval,0.6208750419318676,9.967416990548372,10.615875013172626
2026-08-10T17:15:45.528495+00:00,communication_drift_01,meter_01,449,none,publish_interval,random,random,random,normal_drift,0.9999999969931408,0.4561842496490235,0,,1,0,collecting_candidates;drift_not_confirmed,source_publish_interval,voltage_rolling_mean=231.651065;source_publish_interval=0.804300,source_publish_interval,2.2441670298576355,23.111291928216815,25.39808303117752
2026-08-10T17:15:45.554423+00:00,communication_drift_01,meter_02,449,none,publish_interval,random,random,random,normal_drift,0.9999999642921039,0.5397672214942725,0,,1,0,collecting_candidates;drift_not_confirmed,source_publish_interval,voltage_rolling_mean=231.458249;source_publish_interval=0.804304,source_publish_interval,0.8813329041004181,12.310332851484418,13.216458028182387
2026-08-10T17:15:45.567780+00:00,communication_drift_01,meter_03,449,none,publish_interval,random,random,random,normal_drift,0.9999999215105567,0.47120679119282105,0,,1,0,collecting_candidates;drift_not_confirmed,source_publish_interval,voltage_rolling_mean=230.583691;source_publish_interval=0.804306,source_publish_interval,0.5712921265512705,9.714707965031266,10.305791860446334
2026-08-10T17:15:46.332319+00:00,communication_drift_01,meter_01,450,none,publish_interval,random,random,random,normal_drift,0.9999999928965746,0.4552137046465645,0,,1,0,collecting_candidates;drift_not_confirmed,source_publish_interval,voltage_rolling_mean=231.651065;source_publish_interval=0.804300,source_publish_interval,2.5562909431755543,18.275707960128784,20.870374981313944
2026-08-10T17:15:46.353605+00:00,communication_drift_01,meter_02,450,none,publish_interval,random,random,random,normal_drift,0.9999999908477794,0.447930288890301,0,,1,0,collecting_candidates;drift_not_confirmed,source_publish_interval,voltage_rolling_mean=231.458249;source_publish_interval=0.804304,source_publish_interval,0.7416668813675642,11.455666972324252,12.222707970067859
2026-08-10T17:15:46.365959+00:00,communication_drift_01,meter_03,450,none,publish_interval,random,random,random,normal_drift,0.9999998934486205,0.4812704484974988,0,,1,0,collecting_candidates;drift_not_confirmed,source_publish_interval,voltage_rolling_mean=230.583691;source_publish_interval=0.804306,source_publish_interval,0.5187499336898327,9.621042059734464,10.16183290630579
2026-08-10T17:15:47.132385+00:00,communication_drift_01,meter_01,451,none,publish_interval,random,random,random,normal_drift,0.999999981036677,0.5031909975170384,0,,1,0,collecting_candidates;drift_not_confirmed,source_publish_interval,voltage_rolling_mean=231.651065;source_publish_interval=0.804300,source_publish_interval,1.307999948039651,19.666500156745315,21.01949998177588
2026-08-10T17:15:47.153697+00:00,communication_drift_01,meter_02,451,none,publish_interval,random,random,random,normal_drift,0.9999999664218051,0.5363576585208045,0,,1,0,collecting_candidates;drift_not_confirmed,source_publish_interval,voltage_rolling_mean=231.458249;source_publish_interval=0.804304,source_publish_interval,0.867208931595087,12.448291992768645,13.342292048037052
2026-08-10T17:15:47.167191+00:00,communication_drift_01,meter_03,451,none,publish_interval,random,random,random,normal_drift,0.9999999747906787,0.437403605917199,0,,1,0,collecting_candidates;drift_not_confirmed,source_publish_interval,voltage_rolling_mean=230.583691;source_publish_interval=0.804306,source_publish_interval,0.5883749108761549,9.830791968852282,10.441125137731433
2026-08-10T17:15:47.942585+00:00,communication_drift_01,meter_01,452,none,publish_interval,random,random,random,normal_drift,0.9999999983589529,0.4442972571170318,0,,1,0,collecting_candidates;drift_not_confirmed,source_publish_interval,voltage_rolling_mean=231.651065;source_publish_interval=0.804300,source_publish_interval,1.2625418603420258,19.752291031181812,21.054749842733145
2026-08-10T17:15:47.963891+00:00,communication_drift_01,meter_02,452,none,publish_interval,random,random,random,normal_drift,0.9999999954250023,0.4474493430761589,0,,1,0,collecting_candidates;drift_not_confirmed,source_publish_interval,voltage_rolling_mean=231.458249;source_publish_interval=0.804304,source_publish_interval,0.8594170212745667,11.979042086750269,12.863042065873742
2026-08-10T17:15:47.976893+00:00,communication_drift_01,meter_03,452,none,publish_interval,random,random,random,normal_drift,0.9999999594892491,0.4905276428754388,0,,1,0,collecting_candidates;drift_not_confirmed,source_publish_interval,voltage_rolling_mean=230.583691;source_publish_interval=0.804306,source_publish_interval,0.5706250667572021,9.75362490862608,10.345250135287642
2026-08-10T17:15:48.753382+00:00,communication_drift_01,meter_01,453,none,publish_interval,random,random,random,normal_drift,0.999999998444346,0.44942730323986224,0,,1,0,collecting_candidates;drift_not_confirmed,source_publish_interval,voltage_rolling_mean=231.651065;source_publish_interval=0.804300,source_publish_interval,2.0510840695351362,21.646999986842275,23.745999904349446
2026-08-10T17:15:48.777568+00:00,communication_drift_01,meter_02,453,none,publish_interval,random,random,random,normal_drift,0.9999999810719912,0.4920279639149871,0,,1,0,collecting_candidates;drift_not_confirmed,source_publish_interval,voltage_rolling_mean=231.458249;source_publish_interval=0.804304,source_publish_interval,0.8084999863058329,11.951332911849022,12.785207945853472
2026-08-10T17:15:48.790490+00:00,communication_drift_01,meter_03,453,none,publish_interval,random,random,random,normal_drift,0.9999999821554885,0.4401020550807882,0,,1,0,collecting_candidates;drift_not_confirmed,source_publish_interval,voltage_rolling_mean=230.583691;source_publish_interval=0.804306,source_publish_interval,0.5323749501258135,9.594457922503352,10.147749911993742
2026-08-10T17:15:49.561571+00:00,communication_drift_01,meter_01,454,none,publish_interval,random,random,random,normal_drift,0.9999999992148447,0.4681489064413834,0,,1,1,drift_not_confirmed;reference_updated,source_publish_interval,voltage_rolling_mean=231.651065;source_publish_interval=0.805612,source_publish_interval,3.0023748986423016,17.080333083868027,20.128375152125955
2026-08-10T17:15:49.582166+00:00,communication_drift_01,meter_02,454,none,publish_interval,random,random,random,normal_drift,0.9999999930125434,0.45216410554974606,0,,1,1,drift_not_confirmed;reference_updated,source_publish_interval,voltage_rolling_mean=231.458249;source_publish_interval=0.805613,source_publish_interval,0.7546248380094767,10.82579093053937,11.607625056058168
2026-08-10T17:15:49.593912+00:00,communication_drift_01,meter_03,454,none,publish_interval,random,random,random,normal_drift,0.9999999188978038,0.4670858952258745,0,,1,1,drift_not_confirmed;reference_updated,source_publish_interval,voltage_rolling_mean=230.583691;source_publish_interval=0.805614,source_publish_interval,0.5313330329954624,9.180375142022967,9.73395793698728
2026-08-10T17:15:50.371666+00:00,communication_drift_01,meter_01,455,none,publish_interval,random,random,random,normal_drift,0.9999999976229756,0.46158151914559165,0,,1,0,collecting_candidates;drift_not_confirmed,source_publish_interval,voltage_rolling_mean=231.651065;source_publish_interval=0.805612,source_publish_interval,2.754500135779381,18.099042121320963,20.893207984045148
2026-08-10T17:15:50.392957+00:00,communication_drift_01,meter_02,455,none,publish_interval,random,random,random,normal_drift,0.9999999618746379,0.5742762107130214,0,,1,0,collecting_candidates;drift_not_confirmed,source_publish_interval,voltage_rolling_mean=231.458249;source_publish_interval=0.805613,source_publish_interval,0.7571671158075333,11.400333140045404,12.179791927337646
2026-08-10T17:15:50.405241+00:00,communication_drift_01,meter_03,455,none,publish_interval,random,random,random,normal_drift,0.9999999957021835,0.47078238795995914,0,,1,0,collecting_candidates;drift_not_confirmed,source_publish_interval,voltage_rolling_mean=230.583691;source_publish_interval=0.805614,source_publish_interval,0.5124169401824474,9.29491687566042,9.826916037127376
2026-08-10T17:15:51.181636+00:00,communication_drift_01,meter_01,456,none,publish_interval,random,random,random,normal_drift,0.9999999913676517,0.49996161435248154,0,,1,0,collecting_candidates;drift_not_confirmed,source_publish_interval,voltage_rolling_mean=231.651065;source_publish_interval=0.805612,source_publish_interval,2.047125017270446,22.046917118132114,24.13612511008978
2026-08-10T17:15:51.206106+00:00,communication_drift_01,meter_02,456,none,publish_interval,random,random,random,normal_drift,0.9999999849064369,0.5759323415767265,0,,1,0,collecting_candidates;drift_not_confirmed,source_publish_interval,voltage_rolling_mean=231.458249;source_publish_interval=0.805613,source_publish_interval,0.897333025932312,12.132708914577961,13.054291950538754
2026-08-10T17:15:51.219277+00:00,communication_drift_01,meter_03,456,none,publish_interval,random,random,random,normal_drift,0.9999999884474123,0.5923179270352668,0,,1,0,collecting_candidates;drift_not_confirmed,source_publish_interval,voltage_rolling_mean=230.583691;source_publish_interval=0.805614,source_publish_interval,0.571457901969552,9.625625098124146,10.21629199385643
2026-08-10T17:15:51.991817+00:00,communication_drift_01,meter_01,457,none,publish_interval,random,random,random,normal_drift,0.9999999954069612,0.49924834557496806,0,,1,0,collecting_candidates;drift_not_confirmed,source_publish_interval,voltage_rolling_mean=231.651065;source_publish_interval=0.805612,source_publish_interval,1.951166894286871,21.063624881207943,23.0795422103256
2026-08-10T17:15:52.015326+00:00,communication_drift_01,meter_02,457,none,publish_interval,random,random,random,normal_drift,0.9999999965382143,0.4669365951694923,0,,1,0,collecting_candidates;drift_not_confirmed,source_publish_interval,voltage_rolling_mean=231.458249;source_publish_interval=0.805613,source_publish_interval,0.912209041416645,12.217291863635182,13.161208014935255
2026-08-10T17:15:52.028950+00:00,communication_drift_01,meter_03,457,none,publish_interval,random,random,random,normal_drift,0.999999986334752,0.44258324516458314,0,,1,0,collecting_candidates;drift_not_confirmed,source_publish_interval,voltage_rolling_mean=230.583691;source_publish_interval=0.805614,source_publish_interval,0.6037089042365551,9.932707995176315,10.558957932516932
2026-08-10T17:15:52.793775+00:00,communication_drift_01,meter_01,458,none,publish_interval,random,random,random,normal_drift,0.999999963845017,0.503794185554777,0,,1,0,collecting_candidates;drift_not_confirmed,source_publish_interval,voltage_rolling_mean=231.651065;source_publish_interval=0.805612,source_publish_interval,2.174125052988529,19.647875102236867,21.875791950151324
2026-08-10T17:15:52.816117+00:00,communication_drift_01,meter_02,458,none,publish_interval,random,random,random,normal_drift,0.9999999936722519,0.4964546060564999,0,,1,0,collecting_candidates;drift_not_confirmed,source_publish_interval,voltage_rolling_mean=231.458249;source_publish_interval=0.805613,source_publish_interval,0.8249999955296516,11.790083022788167,12.642834102734923
2026-08-10T17:15:52.828902+00:00,communication_drift_01,meter_03,458,none,publish_interval,random,random,random,normal_drift,0.9999999943468434,0.4747791002116159,0,,1,0,collecting_candidates;drift_not_confirmed,source_publish_interval,voltage_rolling_mean=230.583691;source_publish_interval=0.805614,source_publish_interval,0.5612920504063368,9.347875136882067,9.930457919836044
2026-08-10T17:15:53.595167+00:00,communication_drift_01,meter_01,459,none,publish_interval,random,random,random,normal_drift,0.999999997764109,0.5815542214464786,0,,1,0,collecting_candidates;drift_not_confirmed,source_publish_interval,voltage_rolling_mean=231.651065;source_publish_interval=0.805612,source_publish_interval,1.2348750606179237,19.804332870990038,21.080875070765615
2026-08-10T17:15:53.616537+00:00,communication_drift_01,meter_02,459,none,publish_interval,random,random,random,normal_drift,0.9999999894178352,0.5094509137115972,0,,1,0,collecting_candidates;drift_not_confirmed,source_publish_interval,voltage_rolling_mean=231.458249;source_publish_interval=0.805613,source_publish_interval,0.8947921451181173,12.124208034947515,13.046500040218234
2026-08-10T17:15:53.629710+00:00,communication_drift_01,meter_03,459,none,publish_interval,random,random,random,normal_drift,0.9999999158976609,0.4724055710872623,0,,1,0,collecting_candidates;drift_not_confirmed,source_publish_interval,voltage_rolling_mean=230.583691;source_publish_interval=0.805614,source_publish_interval,0.5675000138580799,9.818624937906861,10.411541908979416
2026-08-10T17:15:54.395326+00:00,communication_drift_01,meter_01,460,none,publish_interval,random,random,random,normal_drift,0.9999999952791616,0.4474686455983331,0,,1,0,collecting_candidates;drift_not_confirmed,source_publish_interval,voltage_rolling_mean=231.651065;source_publish_interval=0.805612,source_publish_interval,1.2547080405056477,19.89141618832946,21.19762497022748
2026-08-10T17:15:54.416804+00:00,communication_drift_01,meter_02,460,none,publish_interval,random,random,random,normal_drift,0.9999999832359573,0.4738968051790477,0,,1,0,collecting_candidates;drift_not_confirmed,source_publish_interval,voltage_rolling_mean=231.458249;source_publish_interval=0.805613,source_publish_interval,0.9073750115931034,12.36620801500976,13.303666142746806
2026-08-10T17:15:54.430274+00:00,communication_drift_01,meter_03,460,none,publish_interval,random,random,random,normal_drift,0.9999999564481786,0.4873538901399569,0,,1,0,collecting_candidates;drift_not_confirmed,source_publish_interval,voltage_rolling_mean=230.583691;source_publish_interval=0.805614,source_publish_interval,0.6078330334275961,9.806415997445583,10.437792167067528
2026-08-10T17:15:55.206047+00:00,communication_drift_01,meter_01,461,none,publish_interval,random,random,random,normal_drift,0.9999999991821076,0.45798622064586303,0,,1,0,collecting_candidates;drift_not_confirmed,source_publish_interval,voltage_rolling_mean=231.651065;source_publish_interval=0.805612,source_publish_interval,2.0267500076442957,22.027415921911597,24.098957888782024
2026-08-10T17:15:55.230506+00:00,communication_drift_01,meter_02,461,none,publish_interval,random,random,random,normal_drift,0.9999999901860562,0.46549278491866175,0,,1,0,collecting_candidates;drift_not_confirmed,source_publish_interval,voltage_rolling_mean=231.458249;source_publish_interval=0.805613,source_publish_interval,0.9298329241573811,12.079499894753098,13.037458062171936
2026-08-10T17:15:55.243675+00:00,communication_drift_01,meter_03,461,none,publish_interval,random,random,random,normal_drift,0.9999999901790174,0.444698423797387,0,,1,0,collecting_candidates;drift_not_confirmed,source_publish_interval,voltage_rolling_mean=230.583691;source_publish_interval=0.805614,source_publish_interval,0.586833106353879,9.745208080857992,10.352292098104954
2026-08-10T17:15:56.013273+00:00,communication_drift_01,meter_01,462,none,publish_interval,random,random,random,normal_drift,0.9999999961316133,0.4765661818109909,0,,1,0,collecting_candidates;drift_not_confirmed,source_publish_interval,voltage_rolling_mean=231.651065;source_publish_interval=0.805612,source_publish_interval,2.0464579574763775,22.12962508201599,24.2212088778615
2026-08-10T17:15:56.037894+00:00,communication_drift_01,meter_02,462,none,publish_interval,random,random,random,normal_drift,0.9999999926369993,0.47686468787346836,0,,1,0,collecting_candidates;drift_not_confirmed,source_publish_interval,voltage_rolling_mean=231.458249;source_publish_interval=0.805613,source_publish_interval,0.9224999230355024,12.0537921320647,13.002250110730529
2026-08-10T17:15:56.051042+00:00,communication_drift_01,meter_03,462,none,publish_interval,random,random,random,normal_drift,0.9999998624537076,0.495707157603919,0,,1,0,collecting_candidates;drift_not_confirmed,source_publish_interval,voltage_rolling_mean=230.583691;source_publish_interval=0.805614,source_publish_interval,0.5988751072436571,9.785084053874016,10.404458036646247
2026-08-10T17:15:56.823468+00:00,communication_drift_01,meter_01,463,none,publish_interval,random,random,random,normal_drift,0.9999999793195053,0.5607422660801133,0,,1,0,collecting_candidates;drift_not_confirmed,source_publish_interval,voltage_rolling_mean=231.651065;source_publish_interval=0.805612,source_publish_interval,2.4563749320805073,19.553791964426637,22.046958096325397
2026-08-10T17:15:56.845918+00:00,communication_drift_01,meter_02,463,none,publish_interval,random,random,random,normal_drift,0.9999999717583191,0.49036454301452415,0,,1,0,collecting_candidates;drift_not_confirmed,source_publish_interval,voltage_rolling_mean=231.458249;source_publish_interval=0.805613,source_publish_interval,0.7623338606208563,11.794124962761998,12.578750029206276
2026-08-10T17:15:56.858613+00:00,communication_drift_01,meter_03,463,none,publish_interval,random,random,random,normal_drift,0.9999999777155577,0.5352011409436115,0,,1,0,collecting_candidates;drift_not_confirmed,source_publish_interval,voltage_rolling_mean=230.583691;source_publish_interval=0.805614,source_publish_interval,0.5286249797791243,9.6841249614954,10.232541942968965
2026-08-10T17:15:57.627875+00:00,communication_drift_01,meter_01,464,none,publish_interval,random,random,random,normal_drift,0.9999999653025945,0.6040525141631343,0,,1,0,collecting_candidates;drift_not_confirmed,source_publish_interval,voltage_rolling_mean=231.651065;source_publish_interval=0.805612,source_publish_interval,2.196999965235591,17.032040981575847,19.26245796494186
2026-08-10T17:15:57.647733+00:00,communication_drift_01,meter_02,464,none,publish_interval,random,random,random,normal_drift,0.9999999530366372,0.49005878130191505,0,,1,0,collecting_candidates;drift_not_confirmed,source_publish_interval,voltage_rolling_mean=231.458249;source_publish_interval=0.805613,source_publish_interval,0.7569158915430307,10.723124956712127,11.502333218231797
2026-08-10T17:15:57.659342+00:00,communication_drift_01,meter_03,464,none,publish_interval,random,random,random,normal_drift,0.9999998802622764,0.5216778722526723,0,,1,0,collecting_candidates;drift_not_confirmed,source_publish_interval,voltage_rolling_mean=230.583691;source_publish_interval=0.805614,source_publish_interval,0.5366669502109289,9.209833107888699,9.765208000317216
2026-08-10T17:15:58.437430+00:00,communication_drift_01,meter_01,465,none,publish_interval,random,random,random,normal_drift,0.9999999986137051,0.45571937353279734,0,,1,0,collecting_candidates;drift_not_confirmed,source_publish_interval,voltage_rolling_mean=231.651065;source_publish_interval=0.805612,source_publish_interval,2.049500122666359,22.139874985441566,24.23516707494855
2026-08-10T17:15:58.462111+00:00,communication_drift_01,meter_02,465,none,publish_interval,random,random,random,normal_drift,0.9999999472539373,0.5909246867476928,0,,1,0,collecting_candidates;drift_not_confirmed,source_publish_interval,voltage_rolling_mean=231.458249;source_publish_interval=0.805613,source_publish_interval,0.9105419740080833,12.27041706442833,13.208125019446015
2026-08-10T17:15:58.475471+00:00,communication_drift_01,meter_03,465,none,publish_interval,random,random,random,normal_drift,0.999999967914689,0.6016818476016904,0,,1,0,collecting_candidates;drift_not_confirmed,source_publish_interval,voltage_rolling_mean=230.583691;source_publish_interval=0.805614,source_publish_interval,0.6121250335127115,9.610957931727171,10.24420908652246
2026-08-10T17:15:59.242398+00:00,communication_drift_01,meter_01,466,none,publish_interval,random,random,random,normal_drift,0.999999992716649,0.48142187529184133,0,,1,0,collecting_candidates;drift_not_confirmed,source_publish_interval,voltage_rolling_mean=231.651065;source_publish_interval=0.805612,source_publish_interval,2.375916810706258,22.30883319862187,24.72054213285446
2026-08-10T17:15:59.267517+00:00,communication_drift_01,meter_02,466,none,publish_interval,random,random,random,normal_drift,0.9999999379766936,0.5417839927223753,0,,1,0,collecting_candidates;drift_not_confirmed,source_publish_interval,voltage_rolling_mean=231.458249;source_publish_interval=0.805613,source_publish_interval,0.7532921154052019,11.882124934345484,12.670583091676235
2026-08-10T17:15:59.280334+00:00,communication_drift_01,meter_03,466,none,publish_interval,random,random,random,normal_drift,0.9999999867985874,0.4424882279126303,0,,1,0,collecting_candidates;drift_not_confirmed,source_publish_interval,voltage_rolling_mean=230.583691;source_publish_interval=0.805614,source_publish_interval,0.5506658926606178,9.602874983102083,10.173625079914927
2026-08-10T17:16:00.046229+00:00,communication_drift_01,meter_01,467,none,publish_interval,random,random,random,normal_drift,0.9999999937152046,0.44855492900866767,0,,1,0,collecting_candidates;drift_not_confirmed,source_publish_interval,voltage_rolling_mean=231.651065;source_publish_interval=0.805612,source_publish_interval,2.305832924321294,21.38858288526535,23.734540911391377
2026-08-10T17:16:00.070362+00:00,communication_drift_01,meter_02,467,none,publish_interval,random,random,random,normal_drift,0.9999999762720971,0.4386274431802546,0,,1,0,collecting_candidates;drift_not_confirmed,source_publish_interval,voltage_rolling_mean=231.458249;source_publish_interval=0.805613,source_publish_interval,0.8515829686075449,12.042332906275988,12.919249944388866
2026-08-10T17:16:00.083412+00:00,communication_drift_01,meter_03,467,none,publish_interval,random,random,random,normal_drift,0.9999999927262593,0.4555045587682663,0,,1,0,collecting_candidates;drift_not_confirmed,source_publish_interval,voltage_rolling_mean=230.583691;source_publish_interval=0.805614,source_publish_interval,0.599415972828865,9.597291937097907,10.217083850875497
2026-08-10T17:16:00.856365+00:00,communication_drift_01,meter_01,468,none,publish_interval,random,random,random,normal_drift,0.9999999982732661,0.44761107591533067,0,,1,0,collecting_candidates;drift_not_confirmed,source_publish_interval,voltage_rolling_mean=231.651065;source_publish_interval=0.805612,source_publish_interval,2.2408340591937304,19.90691595710814,22.20466686412692
2026-08-10T17:16:00.879060+00:00,communication_drift_01,meter_02,468,none,publish_interval,random,random,random,normal_drift,0.999999933985063,0.5219659613322902,0,,1,0,collecting_candidates;drift_not_confirmed,source_publish_interval,voltage_rolling_mean=231.458249;source_publish_interval=0.805613,source_publish_interval,0.8158329874277115,11.680125026032329,12.522208038717508
2026-08-10T17:16:00.891739+00:00,communication_drift_01,meter_03,468,none,publish_interval,random,random,random,normal_drift,0.999999995560074,0.4513068380145061,0,,1,0,collecting_candidates;drift_not_confirmed,source_publish_interval,voltage_rolling_mean=230.583691;source_publish_interval=0.805614,source_publish_interval,0.5533748771995306,9.377916809171438,9.95170883834362
2026-08-10T17:16:01.666132+00:00,communication_drift_01,meter_01,469,none,publish_interval,random,random,random,normal_drift,0.9999999978287735,0.44444355415799097,0,,1,0,collecting_candidates;drift_not_confirmed,source_publish_interval,voltage_rolling_mean=231.651065;source_publish_interval=0.805612,source_publish_interval,1.9519580528140068,21.89712505787611,23.89166713692248
2026-08-10T17:16:01.690367+00:00,communication_drift_01,meter_02,469,none,publish_interval,random,random,random,normal_drift,0.9999999891011365,0.4553892275178162,0,,1,0,collecting_candidates;drift_not_confirmed,source_publish_interval,voltage_rolling_mean=231.458249;source_publish_interval=0.805613,source_publish_interval,0.8935420773923397,12.30533397756517,13.224499998614192
2026-08-10T17:16:01.703725+00:00,communication_drift_01,meter_03,469,none,publish_interval,random,random,random,normal_drift,0.9999999938763795,0.4405204635851849,0,,1,0,collecting_candidates;drift_not_confirmed,source_publish_interval,voltage_rolling_mean=230.583691;source_publish_interval=0.805614,source_publish_interval,0.6001251749694347,9.694542037323117,10.3150000795722
2026-08-10T17:16:02.473831+00:00,communication_drift_01,meter_01,470,none,publish_interval,random,random,random,normal_drift,0.9999999985410972,0.47564081606429254,0,,1,0,collecting_candidates;drift_not_confirmed,source_publish_interval,voltage_rolling_mean=231.651065;source_publish_interval=0.805612,source_publish_interval,1.580375013872981,21.677125012502074,23.300375090911984
2026-08-10T17:16:02.497456+00:00,communication_drift_01,meter_02,470,none,publish_interval,random,random,random,normal_drift,0.9999999761501969,0.4493335378026843,0,,1,0,collecting_candidates;drift_not_confirmed,source_publish_interval,voltage_rolling_mean=231.458249;source_publish_interval=0.805613,source_publish_interval,0.8874170016497374,12.13012496009469,13.042459031566978
2026-08-10T17:16:02.510629+00:00,communication_drift_01,meter_03,470,none,publish_interval,random,random,random,normal_drift,0.9999999952284702,0.4781061405138408,0,,1,0,collecting_candidates;drift_not_confirmed,source_publish_interval,voltage_rolling_mean=230.583691;source_publish_interval=0.805614,source_publish_interval,0.6014581304043531,9.531124960631132,10.152583941817284
2026-08-10T17:16:03.282097+00:00,communication_drift_01,meter_01,471,none,publish_interval,random,random,random,normal_drift,0.9999999826177118,0.5022571621309416,0,,1,0,collecting_candidates;drift_not_confirmed,source_publish_interval,voltage_rolling_mean=231.651065;source_publish_interval=0.805612,source_publish_interval,2.4722081143409014,20.001249853521585,22.506624925881624
2026-08-10T17:16:03.305016+00:00,communication_drift_01,meter_02,471,none,publish_interval,random,random,random,normal_drift,0.9999999940388953,0.4503740033613539,0,,1,0,collecting_candidates;drift_not_confirmed,source_publish_interval,voltage_rolling_mean=231.458249;source_publish_interval=0.805613,source_publish_interval,0.7325001060962677,11.696875095367432,12.451292015612125
2026-08-10T17:16:03.317582+00:00,communication_drift_01,meter_03,471,none,publish_interval,random,random,random,normal_drift,0.9999999894450454,0.5394958864722201,0,,1,0,collecting_candidates;drift_not_confirmed,source_publish_interval,voltage_rolling_mean=230.583691;source_publish_interval=0.805614,source_publish_interval,0.5376248154789209,9.740916080772877,10.29862486757338
2026-08-10T17:16:04.090602+00:00,communication_drift_01,meter_01,472,none,publish_interval,random,random,random,normal_drift,0.9999999972657367,0.5456871336345679,0,,1,0,collecting_candidates;drift_not_confirmed,source_publish_interval,voltage_rolling_mean=231.651065;source_publish_interval=0.805612,source_publish_interval,2.4830421898514032,19.745540805161,22.267332999035716
2026-08-10T17:16:04.113296+00:00,communication_drift_01,meter_02,472,none,publish_interval,random,random,random,normal_drift,0.9999999450680132,0.47876097712527,0,,1,0,collecting_candidates;drift_not_confirmed,source_publish_interval,voltage_rolling_mean=231.458249;source_publish_interval=0.805613,source_publish_interval,0.73208287358284,11.488124961033463,12.241875054314733
2026-08-10T17:16:04.125651+00:00,communication_drift_01,meter_03,472,none,publish_interval,random,random,random,normal_drift,0.9999999959688561,0.4415781222309921,0,,1,0,collecting_candidates;drift_not_confirmed,source_publish_interval,voltage_rolling_mean=230.583691;source_publish_interval=0.805614,source_publish_interval,0.5377079360187054,9.691708022728562,10.250790975987911
2026-08-10T17:16:04.898446+00:00,communication_drift_01,meter_01,473,none,publish_interval,random,random,random,normal_drift,0.9999999983236187,0.4805215890861848,0,,1,0,collecting_candidates;drift_not_confirmed,source_publish_interval,voltage_rolling_mean=231.651065;source_publish_interval=0.805612,source_publish_interval,2.0588329061865807,22.366290912032127,24.474832927808166
2026-08-10T17:16:04.923446+00:00,communication_drift_01,meter_02,473,none,publish_interval,random,random,random,normal_drift,0.9999999924785757,0.4359977639943332,0,,1,0,collecting_candidates;drift_not_confirmed,source_publish_interval,voltage_rolling_mean=231.458249;source_publish_interval=0.805613,source_publish_interval,0.8959169499576092,12.154999887570739,13.079625088721514
2026-08-10T17:16:04.936686+00:00,communication_drift_01,meter_03,473,none,publish_interval,random,random,random,normal_drift,0.9999999970867448,0.4804748199715301,0,,1,0,collecting_candidates;drift_not_confirmed,source_publish_interval,voltage_rolling_mean=230.583691;source_publish_interval=0.805614,source_publish_interval,0.5711659323424101,9.60795790888369,10.200582910329103
2026-08-10T17:16:05.709163+00:00,communication_drift_01,meter_01,474,none,publish_interval,random,random,random,normal_drift,0.9999999946528535,0.4582091788602972,0,,1,1,drift_not_confirmed;reference_updated,source_publish_interval,voltage_rolling_mean=231.651065;source_publish_interval=0.806478,source_publish_interval,1.5247499104589224,22.445083828642964,24.010208901017904
2026-08-10T17:16:05.733446+00:00,communication_drift_01,meter_02,474,none,publish_interval,random,random,random,normal_drift,0.9999999703479601,0.48688630581163633,0,,1,1,drift_not_confirmed;reference_updated,source_publish_interval,voltage_rolling_mean=231.458249;source_publish_interval=0.806480,source_publish_interval,0.8410830050706863,11.969958199188113,12.837875168770552
2026-08-10T17:16:05.746404+00:00,communication_drift_01,meter_03,474,none,publish_interval,random,random,random,normal_drift,0.9999999708678569,0.5134078699502972,0,,1,1,drift_not_confirmed;reference_updated,source_publish_interval,voltage_rolling_mean=230.583691;source_publish_interval=0.806481,source_publish_interval,0.5623328033834696,9.573332965373993,10.157624958083034
2026-08-10T17:16:06.515370+00:00,communication_drift_01,meter_01,475,none,publish_interval,random,random,random,normal_drift,0.9999999962050188,0.4572511257392517,0,,1,0,collecting_candidates;drift_not_confirmed,source_publish_interval,voltage_rolling_mean=231.651065;source_publish_interval=0.806478,source_publish_interval,2.442416036501527,21.7165001668036,24.20545811764896
2026-08-10T17:16:06.540087+00:00,communication_drift_01,meter_02,475,none,publish_interval,random,random,random,normal_drift,0.9999999868296889,0.44040073030331656,0,,1,0,collecting_candidates;drift_not_confirmed,source_publish_interval,voltage_rolling_mean=231.458249;source_publish_interval=0.806480,source_publish_interval,0.8436660282313824,11.824583169072866,12.69429107196629
2026-08-10T17:16:06.552929+00:00,communication_drift_01,meter_03,475,none,publish_interval,random,random,random,normal_drift,0.999999990510038,0.4381456810103116,0,,1,0,collecting_candidates;drift_not_confirmed,source_publish_interval,voltage_rolling_mean=230.583691;source_publish_interval=0.806481,source_publish_interval,0.5731249693781137,9.617000119760633,10.210416978225112
2026-08-10T17:16:07.323845+00:00,communication_drift_01,meter_01,476,none,publish_interval,random,random,random,normal_drift,0.999999998068849,0.447162083721138,0,,1,0,collecting_candidates;drift_not_confirmed,source_publish_interval,voltage_rolling_mean=231.651065;source_publish_interval=0.806478,source_publish_interval,2.2927499376237392,22.23070920445025,24.563875049352646
2026-08-10T17:16:07.348834+00:00,communication_drift_01,meter_02,476,none,publish_interval,random,random,random,normal_drift,0.9999999914855638,0.4650995091392608,0,,1,0,collecting_candidates;drift_not_confirmed,source_publish_interval,voltage_rolling_mean=231.458249;source_publish_interval=0.806480,source_publish_interval,0.8711249101907015,11.884541949257255,12.780291959643364
2026-08-10T17:16:07.361742+00:00,communication_drift_01,meter_03,476,none,publish_interval,random,random,random,normal_drift,0.9999999797623622,0.4756534080359424,0,,1,0,collecting_candidates;drift_not_confirmed,source_publish_interval,voltage_rolling_mean=230.583691;source_publish_interval=0.806481,source_publish_interval,0.5772921722382307,9.752749931067228,10.350124910473824
2026-08-10T17:16:08.129823+00:00,communication_drift_01,meter_01,477,none,publish_interval,random,random,random,normal_drift,0.9999999956339449,0.4380476332716534,0,,1,0,collecting_candidates;drift_not_confirmed,source_publish_interval,voltage_rolling_mean=231.651065;source_publish_interval=0.806478,source_publish_interval,1.8100000452250242,21.65583288297057,23.52429204620421
2026-08-10T17:16:08.153815+00:00,communication_drift_01,meter_02,477,none,publish_interval,random,random,random,normal_drift,0.9999999796618579,0.44976297693221906,0,,1,0,collecting_candidates;drift_not_confirmed,source_publish_interval,voltage_rolling_mean=231.458249;source_publish_interval=0.806480,source_publish_interval,0.9483748581260443,12.432458810508251,13.413249980658293
2026-08-10T17:16:08.167432+00:00,communication_drift_01,meter_03,477,none,publish_interval,random,random,random,normal_drift,0.9999999969630464,0.4476126562019411,0,,1,0,collecting_candidates;drift_not_confirmed,source_publish_interval,voltage_rolling_mean=230.583691;source_publish_interval=0.806481,source_publish_interval,0.6004590541124344,9.804625064134598,10.425792075693607
2026-08-10T17:16:08.931829+00:00,communication_drift_01,meter_01,478,none,publish_interval,random,random,random,normal_drift,0.9999999899026472,0.4728735192177626,0,,1,0,collecting_candidates;drift_not_confirmed,source_publish_interval,voltage_rolling_mean=231.651065;source_publish_interval=0.806478,source_publish_interval,1.3287088368088007,20.77216701582074,22.151165874674916
2026-08-10T17:16:08.954259+00:00,communication_drift_01,meter_02,478,none,publish_interval,random,random,random,normal_drift,0.9999999648138028,0.4844479774677007,0,,1,0,collecting_candidates;drift_not_confirmed,source_publish_interval,voltage_rolling_mean=231.458249;source_publish_interval=0.806480,source_publish_interval,0.9289579465985298,12.57600006647408,13.534124940633774
2026-08-10T17:16:08.967975+00:00,communication_drift_01,meter_03,478,none,publish_interval,random,random,random,normal_drift,0.999999976386004,0.4955180348604085,0,,1,0,collecting_candidates;drift_not_confirmed,source_publish_interval,voltage_rolling_mean=230.583691;source_publish_interval=0.806481,source_publish_interval,0.6220419891178608,9.821165818721056,10.464875027537346
2026-08-10T17:16:09.736512+00:00,communication_drift_01,meter_01,479,none,publish_interval,random,random,random,normal_drift,0.999999959914025,0.5268111989146744,0,,1,0,collecting_candidates;drift_not_confirmed,source_publish_interval,voltage_rolling_mean=231.651065;source_publish_interval=0.806478,source_publish_interval,1.9347909837961197,22.31533289887011,24.297833908349276
2026-08-10T17:16:09.761231+00:00,communication_drift_01,meter_02,479,none,publish_interval,random,random,random,normal_drift,0.9999999911288294,0.5101951662869055,0,,1,0,collecting_candidates;drift_not_confirmed,source_publish_interval,voltage_rolling_mean=231.458249;source_publish_interval=0.806480,source_publish_interval,0.8945420850068331,12.029541889205575,12.951459037140012
2026-08-10T17:16:09.774332+00:00,communication_drift_01,meter_03,479,none,publish_interval,random,random,random,normal_drift,0.9999999977106895,0.46744990885189913,0,,1,0,collecting_candidates;drift_not_confirmed,source_publish_interval,voltage_rolling_mean=230.583691;source_publish_interval=0.806481,source_publish_interval,0.5932918284088373,9.63662494905293,10.249458020552993
2026-08-10T17:16:10.546605+00:00,communication_drift_01,meter_01,480,none,publish_interval,random,random,random,normal_drift,0.9999999695641375,0.6456191664370297,0,,1,0,collecting_candidates;drift_not_confirmed,source_publish_interval,voltage_rolling_mean=231.651065;source_publish_interval=0.806478,source_publish_interval,2.107582986354828,23.026916896924376,25.170916924253106
2026-08-10T17:16:10.572184+00:00,communication_drift_01,meter_02,480,none,publish_interval,random,random,random,normal_drift,0.9999991436108895,0.5478130810622035,0,,1,0,collecting_candidates;drift_not_confirmed,source_publish_interval,voltage_rolling_mean=231.458249;source_publish_interval=0.806480,source_publish_interval,0.7380840834230185,11.755708139389753,12.519082985818386
2026-08-10T17:16:10.584841+00:00,communication_drift_01,meter_03,480,none,publish_interval,random,random,random,normal_drift,0.9999999955703174,0.45127282957586545,0,,1,0,collecting_candidates;drift_not_confirmed,source_publish_interval,voltage_rolling_mean=230.583691;source_publish_interval=0.806481,source_publish_interval,0.5376250483095646,9.594833012670279,10.152208153158426
2026-08-10T17:16:11.350417+00:00,communication_drift_01,meter_01,481,none,publish_interval,random,random,random,normal_drift,0.9999999733910512,0.5337675562176106,0,,1,0,collecting_candidates;drift_not_confirmed,source_publish_interval,voltage_rolling_mean=231.651065;source_publish_interval=0.806478,source_publish_interval,2.0396660547703505,22.10162510164082,24.18079087510705
2026-08-10T17:16:11.375008+00:00,communication_drift_01,meter_02,481,none,publish_interval,random,random,random,normal_drift,0.999999996028659,0.53894240779833,0,,1,0,collecting_candidates;drift_not_confirmed,source_publish_interval,voltage_rolling_mean=231.458249;source_publish_interval=0.806480,source_publish_interval,0.8312498684972525,12.016542023047805,12.872083112597466
2026-08-10T17:16:11.388001+00:00,communication_drift_01,meter_03,481,none,publish_interval,random,random,random,normal_drift,0.9999999920520407,0.46444012073751284,0,,1,0,collecting_candidates;drift_not_confirmed,source_publish_interval,voltage_rolling_mean=230.583691;source_publish_interval=0.806481,source_publish_interval,0.5776248872280121,9.677000110968947,10.274291969835758
2026-08-10T17:16:12.158036+00:00,communication_drift_01,meter_01,482,none,publish_interval,random,random,random,normal_drift,0.9999999978636573,0.44274477608710083,0,,1,0,collecting_candidates;drift_not_confirmed,source_publish_interval,voltage_rolling_mean=231.651065;source_publish_interval=0.806478,source_publish_interval,1.2907921336591244,20.789500093087554,22.124083014205098
2026-08-10T17:16:12.180437+00:00,communication_drift_01,meter_02,482,none,publish_interval,random,random,random,normal_drift,0.9999999408589602,0.46578485383771645,0,,1,0,collecting_candidates;drift_not_confirmed,source_publish_interval,voltage_rolling_mean=231.458249;source_publish_interval=0.806480,source_publish_interval,0.8504160214215517,13.115125009790063,13.98833398707211
2026-08-10T17:16:12.194564+00:00,communication_drift_01,meter_03,482,none,publish_interval,random,random,random,normal_drift,0.9999999972085434,0.4415739070530254,0,,1,0,collecting_candidates;drift_not_confirmed,source_publish_interval,voltage_rolling_mean=230.583691;source_publish_interval=0.806481,source_publish_interval,0.5940829869359732,10.21370803937316,10.827167192474008
2026-08-10T17:16:12.968562+00:00,communication_drift_01,meter_01,483,none,publish_interval,random,random,random,normal_drift,0.9999999983601906,0.4849520770760431,0,,1,0,collecting_candidates;drift_not_confirmed,source_publish_interval,voltage_rolling_mean=231.651065;source_publish_interval=0.806478,source_publish_interval,3.118958091363311,22.751083131879568,25.925292167812586
2026-08-10T17:16:12.994979+00:00,communication_drift_01,meter_02,483,none,publish_interval,random,random,random,normal_drift,0.9999999966658901,0.4407727230265983,0,,1,0,collecting_candidates;drift_not_confirmed,source_publish_interval,voltage_rolling_mean=231.458249;source_publish_interval=0.806480,source_publish_interval,0.7917091716080904,12.052416102960706,12.874834006652236
2026-08-10T17:16:13.008028+00:00,communication_drift_01,meter_03,483,none,publish_interval,random,random,random,normal_drift,0.9999999988418715,0.4523614717047858,0,,1,0,collecting_candidates;drift_not_confirmed,source_publish_interval,voltage_rolling_mean=230.583691;source_publish_interval=0.806481,source_publish_interval,0.555083155632019,9.673374937847257,10.25129179470241
2026-08-10T17:16:13.776946+00:00,communication_drift_01,meter_01,484,none,publish_interval,random,random,random,normal_drift,0.9999999958593817,0.44441268639776005,0,,1,0,collecting_candidates;drift_not_confirmed,source_publish_interval,voltage_rolling_mean=231.651065;source_publish_interval=0.806478,source_publish_interval,2.2802921012043953,19.697792129591107,22.019291063770652
2026-08-10T17:16:13.799383+00:00,communication_drift_01,meter_02,484,none,publish_interval,random,random,random,normal_drift,0.9999999788403566,0.501247797815552,0,,1,0,collecting_candidates;drift_not_confirmed,source_publish_interval,voltage_rolling_mean=231.458249;source_publish_interval=0.806480,source_publish_interval,0.7221249397844076,11.59704104065895,12.34500017017126
2026-08-10T17:16:13.811876+00:00,communication_drift_01,meter_03,484,none,publish_interval,random,random,random,normal_drift,0.9999999903187847,0.4594554569707282,0,,1,0,collecting_candidates;drift_not_confirmed,source_publish_interval,voltage_rolling_mean=230.583691;source_publish_interval=0.806481,source_publish_interval,0.5397081840783358,9.454666171222925,10.015416890382767
2026-08-10T17:16:14.580522+00:00,communication_drift_01,meter_01,485,none,publish_interval,random,random,random,normal_drift,0.9999999642390662,0.5354636600033671,0,,1,0,collecting_candidates;drift_not_confirmed,source_publish_interval,voltage_rolling_mean=231.651065;source_publish_interval=0.806478,source_publish_interval,2.6396671310067177,22.556375013664365,25.23966715671122
2026-08-10T17:16:14.606266+00:00,communication_drift_01,meter_02,485,none,publish_interval,random,random,random,normal_drift,0.9999999947523979,0.45351829656070947,0,,1,0,collecting_candidates;drift_not_confirmed,source_publish_interval,voltage_rolling_mean=231.458249;source_publish_interval=0.806480,source_publish_interval,0.8443749975413084,11.876459000632167,12.748416978865862
2026-08-10T17:16:14.619142+00:00,communication_drift_01,meter_03,485,none,publish_interval,random,random,random,normal_drift,0.9999999993918567,0.46453724673371044,0,,1,0,collecting_candidates;drift_not_confirmed,source_publish_interval,voltage_rolling_mean=230.583691;source_publish_interval=0.806481,source_publish_interval,0.5928329192101955,9.609792148694396,10.223333025351167
2026-08-10T17:16:15.389302+00:00,communication_drift_01,meter_01,486,none,publish_interval,random,random,random,normal_drift,0.9999999947441938,0.4401470112627276,0,,1,0,collecting_candidates;drift_not_confirmed,source_publish_interval,voltage_rolling_mean=231.651065;source_publish_interval=0.806478,source_publish_interval,1.2914170511066914,21.708749933168292,23.044625064358115
2026-08-10T17:16:15.412676+00:00,communication_drift_01,meter_02,486,none,publish_interval,random,random,random,normal_drift,0.9999999932611694,0.4920623430574826,0,,1,0,collecting_candidates;drift_not_confirmed,source_publish_interval,voltage_rolling_mean=231.458249;source_publish_interval=0.806480,source_publish_interval,0.8572079241275787,12.098500039428473,12.981540989130735
2026-08-10T17:16:15.425810+00:00,communication_drift_01,meter_03,486,none,publish_interval,random,random,random,normal_drift,0.999999995070493,0.4635048057319498,0,,1,0,collecting_candidates;drift_not_confirmed,source_publish_interval,voltage_rolling_mean=230.583691;source_publish_interval=0.806481,source_publish_interval,0.6031249649822712,9.680166142061353,10.303999995812774
2026-08-10T17:16:16.199907+00:00,communication_drift_01,meter_01,487,none,publish_interval,random,random,random,normal_drift,0.9999999798638708,0.46719153826763843,0,,1,0,collecting_candidates;drift_not_confirmed,source_publish_interval,voltage_rolling_mean=231.651065;source_publish_interval=0.806478,source_publish_interval,2.1678339689970016,20.842457888647914,23.046207847073674
2026-08-10T17:16:16.223344+00:00,communication_drift_01,meter_02,487,none,publish_interval,random,random,random,normal_drift,0.9999999956788495,0.4570432203339341,0,,1,0,collecting_candidates;drift_not_confirmed,source_publish_interval,voltage_rolling_mean=231.458249;source_publish_interval=0.806480,source_publish_interval,0.7107080891728401,11.990667087957263,12.725500157102942
2026-08-10T17:16:16.236184+00:00,communication_drift_01,meter_03,487,none,publish_interval,random,random,random,normal_drift,0.9999999864878095,0.4908181142473125,0,,1,0,collecting_candidates;drift_not_confirmed,source_publish_interval,voltage_rolling_mean=230.583691;source_publish_interval=0.806481,source_publish_interval,0.5443328991532326,9.595833020284772,10.160500183701515
2026-08-10T17:16:17.010045+00:00,communication_drift_01,meter_01,488,none,publish_interval,random,random,random,normal_drift,0.9999999956777506,0.4385514271789376,0,,1,0,collecting_candidates;drift_not_confirmed,source_publish_interval,voltage_rolling_mean=231.651065;source_publish_interval=0.806478,source_publish_interval,2.7472078800201416,21.862082881852984,24.64395808055997
2026-08-10T17:16:17.035083+00:00,communication_drift_01,meter_02,488,none,publish_interval,random,random,random,normal_drift,0.9999999943508282,0.44540774968304203,0,,1,0,collecting_candidates;drift_not_confirmed,source_publish_interval,voltage_rolling_mean=231.458249;source_publish_interval=0.806480,source_publish_interval,0.7033338770270348,11.734332889318466,12.461625039577484
2026-08-10T17:16:17.047668+00:00,communication_drift_01,meter_03,488,none,publish_interval,random,random,random,normal_drift,0.9999999972007463,0.4413301561910915,0,,1,0,collecting_candidates;drift_not_confirmed,source_publish_interval,voltage_rolling_mean=230.583691;source_publish_interval=0.806481,source_publish_interval,0.5391251761466265,9.526291862130165,10.085375048220158
2026-08-10T17:16:17.819082+00:00,communication_drift_01,meter_01,489,none,publish_interval,random,random,random,normal_drift,0.9999999892156982,0.4369485494233264,0,,1,0,collecting_candidates;drift_not_confirmed,source_publish_interval,voltage_rolling_mean=231.651065;source_publish_interval=0.806478,source_publish_interval,2.5162920355796814,21.532334154471755,24.092959007248282
2026-08-10T17:16:17.843642+00:00,communication_drift_01,meter_02,489,none,publish_interval,random,random,random,normal_drift,0.9999999968771704,0.47310703811408533,0,,1,0,collecting_candidates;drift_not_confirmed,source_publish_interval,voltage_rolling_mean=231.458249;source_publish_interval=0.806480,source_publish_interval,0.8577918633818626,12.034750077873468,12.919374974444509
2026-08-10T17:16:17.856715+00:00,communication_drift_01,meter_03,489,none,publish_interval,random,random,random,normal_drift,0.9999999931395636,0.49887255596623853,0,,1,0,collecting_candidates;drift_not_confirmed,source_publish_interval,voltage_rolling_mean=230.583691;source_publish_interval=0.806481,source_publish_interval,0.6074579432606697,9.495249949395657,10.124415857717395
2026-08-10T17:16:18.629197+00:00,communication_drift_01,meter_01,490,none,publish_interval,random,random,random,normal_drift,0.9999999928670817,0.4372559572963406,0,,1,0,collecting_candidates;drift_not_confirmed,source_publish_interval,voltage_rolling_mean=231.651065;source_publish_interval=0.806478,source_publish_interval,2.2889168467372656,22.49579201452434,24.828291963785887
2026-08-10T17:16:18.654549+00:00,communication_drift_01,meter_02,490,none,publish_interval,random,random,random,normal_drift,0.9999999907590392,0.47182556174615675,0,,1,0,collecting_candidates;drift_not_confirmed,source_publish_interval,voltage_rolling_mean=231.458249;source_publish_interval=0.806480,source_publish_interval,0.8650000672787428,11.98358298279345,12.871582992374897
2026-08-10T17:16:18.667547+00:00,communication_drift_01,meter_03,490,none,publish_interval,random,random,random,normal_drift,0.9999999994013502,0.44143293946904977,0,,1,0,collecting_candidates;drift_not_confirmed,source_publish_interval,voltage_rolling_mean=230.583691;source_publish_interval=0.806481,source_publish_interval,0.5472500342875719,9.556540986523032,10.123291984200478
2026-08-10T17:16:19.431423+00:00,communication_drift_01,meter_01,491,none,publish_interval,random,random,random,normal_drift,0.9999999633464338,0.5564162333682634,0,,1,0,collecting_candidates;drift_not_confirmed,source_publish_interval,voltage_rolling_mean=231.651065;source_publish_interval=0.806478,source_publish_interval,1.5465000178664923,21.12245885655284,22.73170812986791
2026-08-10T17:16:19.454527+00:00,communication_drift_01,meter_02,491,none,publish_interval,random,random,random,normal_drift,0.9999999824972644,0.4724680652477846,0,,1,0,collecting_candidates;drift_not_confirmed,source_publish_interval,voltage_rolling_mean=231.458249;source_publish_interval=0.806480,source_publish_interval,0.9572498966008425,11.604167055338621,12.58916687220335
2026-08-10T17:16:19.467328+00:00,communication_drift_01,meter_03,491,none,publish_interval,random,random,random,normal_drift,0.9999999987190673,0.47651453578443603,0,,1,0,collecting_candidates;drift_not_confirmed,source_publish_interval,voltage_rolling_mean=230.583691;source_publish_interval=0.806481,source_publish_interval,0.37454208359122276,9.217209182679653,9.61370812729001
2026-08-10T17:16:20.242527+00:00,communication_drift_01,meter_01,492,none,publish_interval,random,random,random,normal_drift,0.9999999906380209,0.4511407077876362,0,,1,0,collecting_candidates;drift_not_confirmed,source_publish_interval,voltage_rolling_mean=231.651065;source_publish_interval=0.806478,source_publish_interval,2.74687516503036,22.061499999836087,24.866458028554916
2026-08-10T17:16:20.268065+00:00,communication_drift_01,meter_02,492,none,publish_interval,random,random,random,normal_drift,0.9999999971350986,0.4487310923558737,0,,1,0,collecting_candidates;drift_not_confirmed,source_publish_interval,voltage_rolling_mean=231.458249;source_publish_interval=0.806480,source_publish_interval,0.8431670721620321,12.2123749461025,13.080125208944082
2026-08-10T17:16:20.281274+00:00,communication_drift_01,meter_03,492,none,publish_interval,random,random,random,normal_drift,0.9999999990088821,0.43922044514506553,0,,1,0,collecting_candidates;drift_not_confirmed,source_publish_interval,voltage_rolling_mean=230.583691;source_publish_interval=0.806481,source_publish_interval,0.5962091963738203,9.564250009134412,10.180457960814238
2026-08-10T17:16:21.052308+00:00,communication_drift_01,meter_01,493,none,publish_interval,random,random,random,normal_drift,0.9999999905645592,0.43799162649763995,0,,1,0,collecting_candidates;drift_not_confirmed,source_publish_interval,voltage_rolling_mean=231.651065;source_publish_interval=0.806478,source_publish_interval,2.1389168687164783,22.458041086792946,24.63766699656844
2026-08-10T17:16:21.077337+00:00,communication_drift_01,meter_02,493,none,publish_interval,random,random,random,normal_drift,0.9999999962445316,0.4705307229832227,0,,1,0,collecting_candidates;drift_not_confirmed,source_publish_interval,voltage_rolling_mean=231.458249;source_publish_interval=0.806480,source_publish_interval,0.7589999586343765,11.927708052098751,12.711915886029601
2026-08-10T17:16:21.090192+00:00,communication_drift_01,meter_03,493,none,publish_interval,random,random,random,normal_drift,0.9999999986352639,0.47593397086898104,0,,1,0,collecting_candidates;drift_not_confirmed,source_publish_interval,voltage_rolling_mean=230.583691;source_publish_interval=0.806481,source_publish_interval,0.5464160349220037,9.541792096570134,10.10824996046722
2026-08-10T17:16:21.861485+00:00,communication_drift_01,meter_01,494,none,publish_interval,random,random,random,normal_drift,0.9999999845712122,0.44253752348878994,0,,1,1,drift_not_confirmed;reference_updated,source_publish_interval,voltage_rolling_mean=231.651065;source_publish_interval=0.807082,source_publish_interval,1.279250020161271,20.82641702145338,22.14745804667473
2026-08-10T17:16:21.883883+00:00,communication_drift_01,meter_02,494,none,publish_interval,random,random,random,normal_drift,0.9999999917424732,0.4624740879714113,0,,1,1,drift_not_confirmed;reference_updated,source_publish_interval,voltage_rolling_mean=231.458249;source_publish_interval=0.807077,source_publish_interval,0.8653749246150255,13.133874861523509,14.02958296239376
2026-08-10T17:16:21.898064+00:00,communication_drift_01,meter_03,494,none,publish_interval,random,random,random,normal_drift,0.9999999995024704,0.5931109933515163,0,,1,1,drift_not_confirmed;reference_updated,source_publish_interval,voltage_rolling_mean=230.583691;source_publish_interval=0.807072,source_publish_interval,0.6040830630809069,10.181583929806948,10.812583845108747
2026-08-10T17:16:22.671652+00:00,communication_drift_01,meter_01,495,none,publish_interval,random,random,random,normal_drift,0.9999997242448665,0.6775052336697011,0,,1,0,collecting_candidates;drift_not_confirmed,source_publish_interval,voltage_rolling_mean=231.651065;source_publish_interval=0.807082,source_publish_interval,1.2757920194417238,23.003957932814956,24.322499986737967
2026-08-10T17:16:22.696287+00:00,communication_drift_01,meter_02,495,none,publish_interval,random,random,random,normal_drift,0.9999999984107766,0.47865369786568956,0,,1,0,collecting_candidates;drift_not_confirmed,source_publish_interval,voltage_rolling_mean=231.458249;source_publish_interval=0.807077,source_publish_interval,0.8542910218238831,11.977707967162132,12.85983296111226
2026-08-10T17:16:22.709293+00:00,communication_drift_01,meter_03,495,none,publish_interval,random,random,random,normal_drift,0.9999999957660548,0.4697360813536509,0,,1,0,collecting_candidates;drift_not_confirmed,source_publish_interval,voltage_rolling_mean=230.583691;source_publish_interval=0.807072,source_publish_interval,0.613250071182847,9.714792016893625,10.34887507557869
2026-08-10T17:16:23.475351+00:00,communication_drift_01,meter_01,496,none,publish_interval,random,random,random,normal_drift,0.9999999671304796,0.4523111358062163,0,,1,0,collecting_candidates;drift_not_confirmed,source_publish_interval,voltage_rolling_mean=231.651065;source_publish_interval=0.807082,source_publish_interval,1.342542003840208,22.26700005121529,23.647874826565385
2026-08-10T17:16:23.499268+00:00,communication_drift_01,meter_02,496,none,publish_interval,random,random,random,normal_drift,0.9999999824431011,0.46513413600165865,0,,1,0,collecting_candidates;drift_not_confirmed,source_publish_interval,voltage_rolling_mean=231.458249;source_publish_interval=0.807077,source_publish_interval,0.8277080487459898,12.226792052388191,13.079709140583873
2026-08-10T17:16:23.512505+00:00,communication_drift_01,meter_03,496,none,publish_interval,random,random,random,normal_drift,0.999999997836517,0.4431655505284393,0,,1,0,collecting_candidates;drift_not_confirmed,source_publish_interval,voltage_rolling_mean=230.583691;source_publish_interval=0.807072,source_publish_interval,0.5911248736083508,9.68199991621077,10.292916093021631
2026-08-10T17:16:24.277214+00:00,communication_drift_01,meter_01,497,none,publish_interval,random,random,random,normal_drift,0.9999999876274656,0.4425853216520468,0,,1,0,collecting_candidates;drift_not_confirmed,source_publish_interval,voltage_rolling_mean=231.651065;source_publish_interval=0.807082,source_publish_interval,1.4361250214278698,20.95154207199812,22.430000128224492
2026-08-10T17:16:24.299968+00:00,communication_drift_01,meter_02,497,none,publish_interval,random,random,random,normal_drift,0.9999999558834094,0.5380517747588908,0,,1,0,collecting_candidates;drift_not_confirmed,source_publish_interval,voltage_rolling_mean=231.458249;source_publish_interval=0.807077,source_publish_interval,0.7270409259945154,11.904084123671055,12.656457955017686
2026-08-10T17:16:24.312748+00:00,communication_drift_01,meter_03,497,none,publish_interval,random,random,random,normal_drift,0.9999999978216254,0.44762956337143966,0,,1,0,collecting_candidates;drift_not_confirmed,source_publish_interval,voltage_rolling_mean=230.583691;source_publish_interval=0.807072,source_publish_interval,0.5456248763948679,9.627416962757707,10.205625090748072
2026-08-10T17:16:25.078267+00:00,communication_drift_01,meter_01,498,none,publish_interval,random,random,random,normal_drift,0.9999999791397083,0.4576277696968024,0,,1,0,collecting_candidates;drift_not_confirmed,source_publish_interval,voltage_rolling_mean=231.651065;source_publish_interval=0.807082,source_publish_interval,2.2360840812325478,21.21662488207221,23.490791907534003
2026-08-10T17:16:25.102087+00:00,communication_drift_01,meter_02,498,none,publish_interval,random,random,random,normal_drift,0.9999999946993057,0.5040397078195447,0,,1,0,collecting_candidates;drift_not_confirmed,source_publish_interval,voltage_rolling_mean=231.458249;source_publish_interval=0.807077,source_publish_interval,0.6977920420467854,11.814833153039217,12.536500114947557
2026-08-10T17:16:25.114750+00:00,communication_drift_01,meter_03,498,none,publish_interval,random,random,random,normal_drift,0.9999999988505599,0.4822629242854482,0,,1,0,collecting_candidates;drift_not_confirmed,source_publish_interval,voltage_rolling_mean=230.583691;source_publish_interval=0.807072,source_publish_interval,0.5644580814987421,9.582832921296358,10.166875086724758
2026-08-10T17:16:25.879734+00:00,communication_drift_01,meter_01,499,none,publish_interval,random,random,random,normal_drift,0.9999999884492529,0.4528625517104625,0,,1,0,collecting_candidates;drift_not_confirmed,source_publish_interval,voltage_rolling_mean=231.651065;source_publish_interval=0.807082,source_publish_interval,2.083166968077421,22.182791028171778,24.302500067278743
2026-08-10T17:16:25.904489+00:00,communication_drift_01,meter_02,499,none,publish_interval,random,random,random,normal_drift,0.999999992096612,0.46396905471183997,0,,1,0,collecting_candidates;drift_not_confirmed,source_publish_interval,voltage_rolling_mean=231.458249;source_publish_interval=0.807077,source_publish_interval,0.8515419904142618,11.883375002071261,12.76029204018414
2026-08-10T17:16:25.917380+00:00,communication_drift_01,meter_03,499,none,publish_interval,random,random,random,normal_drift,0.9999999892169588,0.5220129032636232,0,,1,0,collecting_candidates;drift_not_confirmed,source_publish_interval,voltage_rolling_mean=230.583691;source_publish_interval=0.807072,source_publish_interval,0.576250022277236,9.732708102092147,10.32850006595254
2026-08-10T17:16:26.685855+00:00,communication_drift_01,meter_01,500,none,publish_interval,random,random,random,normal_drift,0.9999999955821111,0.44120370672392123,0,,1,0,collecting_candidates;drift_not_confirmed,source_publish_interval,voltage_rolling_mean=231.651065;source_publish_interval=0.807082,source_publish_interval,2.1156659349799156,22.152250166982412,24.313833098858595
2026-08-10T17:16:26.710516+00:00,communication_drift_01,meter_02,500,none,publish_interval,random,random,random,normal_drift,0.9999999807379966,0.505031552685495,0,,1,0,collecting_candidates;drift_not_confirmed,source_publish_interval,voltage_rolling_mean=231.458249;source_publish_interval=0.807077,source_publish_interval,0.8300000336021185,11.841624975204468,12.693374883383512
2026-08-10T17:16:26.723334+00:00,communication_drift_01,meter_03,500,none,publish_interval,random,random,random,normal_drift,0.9999999986471204,0.4370170661184747,0,,1,0,collecting_candidates;drift_not_confirmed,source_publish_interval,voltage_rolling_mean=230.583691;source_publish_interval=0.807072,source_publish_interval,0.5133748054504395,9.532958036288619,10.066542075946927
2026-08-10T17:16:27.490297+00:00,communication_drift_01,meter_01,501,none,publish_interval,random,random,random,normal_drift,0.9999999901809734,0.44289950578701914,0,,1,0,collecting_candidates;drift_not_confirmed,source_publish_interval,voltage_rolling_mean=231.651065;source_publish_interval=0.807082,source_publish_interval,1.9661250989884138,22.0530410297215,24.068124825134873
2026-08-10T17:16:27.514742+00:00,communication_drift_01,meter_02,501,none,publish_interval,random,random,random,normal_drift,0.9999999944249307,0.45977721779925546,0,,1,0,collecting_candidates;drift_not_confirmed,source_publish_interval,voltage_rolling_mean=231.458249;source_publish_interval=0.807077,source_publish_interval,0.8822090458124876,11.9074999820441,12.81616697087884
2026-08-10T17:16:27.527701+00:00,communication_drift_01,meter_03,501,none,publish_interval,random,random,random,normal_drift,0.9999999959769377,0.6042593113150488,0,,1,0,collecting_candidates;drift_not_confirmed,source_publish_interval,voltage_rolling_mean=230.583691;source_publish_interval=0.807072,source_publish_interval,0.5821671802550554,9.61624993942678,10.218041948974133
2026-08-10T17:16:28.298940+00:00,communication_drift_01,meter_01,502,none,publish_interval,random,random,random,normal_drift,0.9999999938767676,0.5595591411433204,0,,1,0,collecting_candidates;drift_not_confirmed,source_publish_interval,voltage_rolling_mean=231.651065;source_publish_interval=0.807082,source_publish_interval,2.0138330291956663,22.661708062514663,24.72329093143344
2026-08-10T17:16:28.324022+00:00,communication_drift_01,meter_02,502,none,publish_interval,random,random,random,normal_drift,0.9999999965349284,0.4633275733373679,0,,1,0,collecting_candidates;drift_not_confirmed,source_publish_interval,voltage_rolling_mean=231.458249;source_publish_interval=0.807077,source_publish_interval,0.8497079834342003,11.715957894921303,12.59199995547533
2026-08-10T17:16:28.336745+00:00,communication_drift_01,meter_03,502,none,publish_interval,random,random,random,normal_drift,0.9999999963868811,0.4872655396697323,0,,1,0,collecting_candidates;drift_not_confirmed,source_publish_interval,voltage_rolling_mean=230.583691;source_publish_interval=0.807072,source_publish_interval,0.5850000306963921,9.644124889746308,10.24966686964035
2026-08-10T17:16:29.107632+00:00,communication_drift_01,meter_01,503,none,publish_interval,random,random,random,normal_drift,0.9999999873537658,0.43898112253455374,0,,1,0,collecting_candidates;drift_not_confirmed,source_publish_interval,voltage_rolling_mean=231.651065;source_publish_interval=0.807082,source_publish_interval,2.3895830381661654,20.299875177443027,22.724375128746033
2026-08-10T17:16:29.130744+00:00,communication_drift_01,meter_02,503,none,publish_interval,random,random,random,normal_drift,0.9999999830790164,0.553603465039096,0,,1,0,collecting_candidates;drift_not_confirmed,source_publish_interval,voltage_rolling_mean=231.458249;source_publish_interval=0.807077,source_publish_interval,0.6844168528914452,11.840916005894542,12.549417093396187
2026-08-10T17:16:29.143406+00:00,communication_drift_01,meter_03,503,none,publish_interval,random,random,random,normal_drift,0.9999999964877291,0.4506088042762467,0,,1,0,collecting_candidates;drift_not_confirmed,source_publish_interval,voltage_rolling_mean=230.583691;source_publish_interval=0.807072,source_publish_interval,0.5517080426216125,9.635417023673654,10.206500068306923
2026-08-10T17:16:29.916618+00:00,communication_drift_01,meter_01,504,none,publish_interval,random,random,random,normal_drift,0.9999998970719753,0.5419398254423331,0,,1,0,collecting_candidates;drift_not_confirmed,source_publish_interval,voltage_rolling_mean=231.651065;source_publish_interval=0.807082,source_publish_interval,1.9585408736020327,22.136667044833302,24.13854096084833
2026-08-10T17:16:29.941106+00:00,communication_drift_01,meter_02,504,none,publish_interval,random,random,random,normal_drift,0.9999999971697007,0.5473483290643775,0,,1,0,collecting_candidates;drift_not_confirmed,source_publish_interval,voltage_rolling_mean=231.458249;source_publish_interval=0.807077,source_publish_interval,0.8638331200927496,12.176332995295525,13.064791914075613
2026-08-10T17:16:29.954294+00:00,communication_drift_01,meter_03,504,none,publish_interval,random,random,random,normal_drift,0.9999999997722602,0.45959176411877706,0,,1,0,collecting_candidates;drift_not_confirmed,source_publish_interval,voltage_rolling_mean=230.583691;source_publish_interval=0.807072,source_publish_interval,0.5661251489073038,9.633083827793598,10.219374904409051
2026-08-10T17:16:30.725332+00:00,communication_drift_01,meter_01,505,none,publish_interval,random,random,random,normal_drift,0.9999999607790606,0.4823566236092433,0,,1,0,collecting_candidates;drift_not_confirmed,source_publish_interval,voltage_rolling_mean=231.651065;source_publish_interval=0.807082,source_publish_interval,2.2864160127937794,19.124625017866492,21.443750010803342
2026-08-10T17:16:30.747242+00:00,communication_drift_01,meter_02,505,none,publish_interval,random,random,random,normal_drift,0.9999999875996485,0.4986506589718265,0,,1,0,collecting_candidates;drift_not_confirmed,source_publish_interval,voltage_rolling_mean=231.458249;source_publish_interval=0.807077,source_publish_interval,0.7073329761624336,11.60012511536479,12.328374898061156
2026-08-10T17:16:30.759671+00:00,communication_drift_01,meter_03,505,none,publish_interval,random,random,random,normal_drift,0.9999999978367597,0.43779842923423395,0,,1,0,collecting_candidates;drift_not_confirmed,source_publish_interval,voltage_rolling_mean=230.583691;source_publish_interval=0.807072,source_publish_interval,0.5065000150352716,9.492791024968028,10.017917025834322
2026-08-10T17:16:31.529489+00:00,communication_drift_01,meter_01,506,none,publish_interval,random,random,random,normal_drift,0.999999987373133,0.44282657197940034,0,,1,0,collecting_candidates;drift_not_confirmed,source_publish_interval,voltage_rolling_mean=231.651065;source_publish_interval=0.807082,source_publish_interval,1.57074979506433,21.480750059708953,23.08591711334884
2026-08-10T17:16:31.552858+00:00,communication_drift_01,meter_02,506,none,publish_interval,random,random,random,normal_drift,0.9999999867168936,0.5280300904462972,0,,1,0,collecting_candidates;drift_not_confirmed,source_publish_interval,voltage_rolling_mean=231.458249;source_publish_interval=0.807077,source_publish_interval,0.7020831108093262,11.82804093696177,12.550791027024388
2026-08-10T17:16:31.565511+00:00,communication_drift_01,meter_03,506,none,publish_interval,random,random,random,normal_drift,0.9999999991279109,0.4408555047585678,0,,1,0,collecting_candidates;drift_not_confirmed,source_publish_interval,voltage_rolling_mean=230.583691;source_publish_interval=0.807072,source_publish_interval,0.5144169554114342,9.59691684693098,10.130083886906505
2026-08-10T17:16:32.340368+00:00,communication_drift_01,meter_01,507,none,publish_interval,random,random,random,normal_drift,0.9999999970565663,0.44189372953783357,0,,1,0,collecting_candidates;drift_not_confirmed,source_publish_interval,voltage_rolling_mean=231.651065;source_publish_interval=0.807082,source_publish_interval,1.9964580424129963,22.09645789116621,24.136458057910204
2026-08-10T17:16:32.364857+00:00,communication_drift_01,meter_02,507,none,publish_interval,random,random,random,normal_drift,0.9999999986877361,0.4646716373440827,0,,1,0,collecting_candidates;drift_not_confirmed,source_publish_interval,voltage_rolling_mean=231.458249;source_publish_interval=0.807077,source_publish_interval,0.8462909609079361,12.028999859467149,12.900416040793061
2026-08-10T17:16:32.377891+00:00,communication_drift_01,meter_03,507,none,publish_interval,random,random,random,normal_drift,0.9999999995984259,0.4391424400658765,0,,1,0,collecting_candidates;drift_not_confirmed,source_publish_interval,voltage_rolling_mean=230.583691;source_publish_interval=0.807072,source_publish_interval,0.5840831436216831,9.65445814654231,10.25866693817079
2026-08-10T17:16:33.150465+00:00,communication_drift_01,meter_01,508,none,publish_interval,random,random,random,normal_drift,0.9999999941739361,0.45843391024063573,0,,1,0,collecting_candidates;drift_not_confirmed,source_publish_interval,voltage_rolling_mean=231.651065;source_publish_interval=0.807082,source_publish_interval,3.3065001480281353,12.979208026081324,16.307916957885027
2026-08-10T17:16:33.167143+00:00,communication_drift_01,meter_02,508,none,publish_interval,random,random,random,normal_drift,0.9999999902801421,0.4988969706565648,0,,1,0,collecting_candidates;drift_not_confirmed,source_publish_interval,voltage_rolling_mean=231.458249;source_publish_interval=0.807077,source_publish_interval,0.5134160164743662,9.172875201329589,9.704082971438766
2026-08-10T17:16:33.176922+00:00,communication_drift_01,meter_03,508,none,publish_interval,random,random,random,normal_drift,0.9999999959062176,0.4473339589952027,0,,1,0,collecting_candidates;drift_not_confirmed,source_publish_interval,voltage_rolling_mean=230.583691;source_publish_interval=0.807072,source_publish_interval,0.43649994768202305,8.129749912768602,8.582917042076588
2026-08-10T17:16:33.952896+00:00,communication_drift_01,meter_01,509,none,publish_interval,random,random,random,normal_drift,0.9999999858990325,0.4495977525294912,0,,1,0,collecting_candidates;drift_not_confirmed,source_publish_interval,voltage_rolling_mean=231.651065;source_publish_interval=0.807082,source_publish_interval,3.005624981597066,19.262790912762284,22.305292077362537
2026-08-10T17:16:33.975630+00:00,communication_drift_01,meter_02,509,none,publish_interval,random,random,random,normal_drift,0.9999999987339436,0.5410745076824711,0,,1,0,collecting_candidates;drift_not_confirmed,source_publish_interval,voltage_rolling_mean=231.458249;source_publish_interval=0.807077,source_publish_interval,0.7142499089241028,11.682666838169098,12.420082930475473
2026-08-10T17:16:33.988166+00:00,communication_drift_01,meter_03,509,none,publish_interval,random,random,random,normal_drift,0.9999999984151673,0.5376950052918152,0,,1,0,collecting_candidates;drift_not_confirmed,source_publish_interval,voltage_rolling_mean=230.583691;source_publish_interval=0.807072,source_publish_interval,0.5439158994704485,9.346582926809788,9.912166045978665
2026-08-10T17:16:34.762289+00:00,communication_drift_01,meter_01,510,none,publish_interval,random,random,random,normal_drift,0.9999999953952636,0.4444656406417769,0,,1,0,collecting_candidates;drift_not_confirmed,source_publish_interval,voltage_rolling_mean=231.651065;source_publish_interval=0.807082,source_publish_interval,2.546166069805622,19.36629111878574,21.949582966044545
2026-08-10T17:16:34.784668+00:00,communication_drift_01,meter_02,510,none,publish_interval,random,random,random,normal_drift,0.9999999960192731,0.49941948042638395,0,,1,0,collecting_candidates;drift_not_confirmed,source_publish_interval,voltage_rolling_mean=231.458249;source_publish_interval=0.807077,source_publish_interval,0.7823330815881491,11.648874962702394,12.452875031158328
2026-08-10T17:16:34.797239+00:00,communication_drift_01,meter_03,510,none,publish_interval,random,random,random,normal_drift,0.9999999971065809,0.4563451626849693,0,,1,0,collecting_candidates;drift_not_confirmed,source_publish_interval,voltage_rolling_mean=230.583691;source_publish_interval=0.807072,source_publish_interval,0.52837491966784,9.41141601651907,9.964667027816176
2026-08-10T17:16:35.571993+00:00,communication_drift_01,meter_01,511,none,publish_interval,random,random,random,normal_drift,0.9999999771528513,0.4845487611008081,0,,1,0,collecting_candidates;drift_not_confirmed,source_publish_interval,voltage_rolling_mean=231.651065;source_publish_interval=0.807082,source_publish_interval,1.7895828932523727,22.140250075608492,23.99674989283085
2026-08-10T17:16:35.596477+00:00,communication_drift_01,meter_02,511,none,publish_interval,random,random,random,normal_drift,0.9999999978923484,0.46285049482523277,0,,1,0,collecting_candidates;drift_not_confirmed,source_publish_interval,voltage_rolling_mean=231.458249;source_publish_interval=0.807077,source_publish_interval,0.9762919507920742,12.53166701644659,13.540416024625301
2026-08-10T17:16:35.610202+00:00,communication_drift_01,meter_03,511,none,publish_interval,random,random,random,normal_drift,0.9999999995866784,0.4686064910161791,0,,1,0,collecting_candidates;drift_not_confirmed,source_publish_interval,voltage_rolling_mean=230.583691;source_publish_interval=0.807072,source_publish_interval,0.6032499950379133,9.590750094503164,10.216833092272282
2026-08-10T17:16:36.382475+00:00,communication_drift_01,meter_01,512,none,publish_interval,random,random,random,normal_drift,0.9999999871965889,0.45042239321718774,0,,1,0,collecting_candidates;drift_not_confirmed,source_publish_interval,voltage_rolling_mean=231.651065;source_publish_interval=0.807082,source_publish_interval,1.9904999062418938,22.341832984238863,24.39650008454919
2026-08-10T17:16:36.407305+00:00,communication_drift_01,meter_02,512,none,publish_interval,random,random,random,normal_drift,0.9999999994815094,0.5007210418612026,0,,1,0,collecting_candidates;drift_not_confirmed,source_publish_interval,voltage_rolling_mean=231.458249;source_publish_interval=0.807077,source_publish_interval,1.0015000589191914,12.217124924063683,13.252916047349572
2026-08-10T17:16:36.420730+00:00,communication_drift_01,meter_03,512,none,publish_interval,random,random,random,normal_drift,0.999999998803355,0.43664876467832103,0,,1,0,collecting_candidates;drift_not_confirmed,source_publish_interval,voltage_rolling_mean=230.583691;source_publish_interval=0.807072,source_publish_interval,0.6081669125705957,9.628749918192625,10.260541923344135
2026-08-10T17:16:37.186024+00:00,communication_drift_01,meter_01,513,none,publish_interval,random,random,random,normal_drift,0.9999999847312759,0.44528479027235535,0,,1,0,collecting_candidates;drift_not_confirmed,source_publish_interval,voltage_rolling_mean=231.651065;source_publish_interval=0.807082,source_publish_interval,3.362875198945403,14.725916087627411,18.128124997019768
2026-08-10T17:16:37.204542+00:00,communication_drift_01,meter_02,513,none,publish_interval,random,random,random,normal_drift,0.9999999882033251,0.49625437420381124,0,,1,0,collecting_candidates;drift_not_confirmed,source_publish_interval,voltage_rolling_mean=231.458249;source_publish_interval=0.807077,source_publish_interval,0.6759578827768564,10.564666939899325,11.263999855145812
2026-08-10T17:16:37.215920+00:00,communication_drift_01,meter_03,513,none,publish_interval,random,random,random,normal_drift,0.9999999988856272,0.4881417141013876,0,,1,0,collecting_candidates;drift_not_confirmed,source_publish_interval,voltage_rolling_mean=230.583691;source_publish_interval=0.807072,source_publish_interval,0.5008329171687365,8.905832888558507,9.42795886658132
2026-08-10T17:16:37.995971+00:00,communication_drift_01,meter_01,514,none,publish_interval,random,random,random,normal_drift,0.9999999887241212,0.45191642385842407,0,,1,1,drift_not_confirmed;reference_updated,source_publish_interval,voltage_rolling_mean=231.651065;source_publish_interval=0.806891,source_publish_interval,2.2661250550299883,21.062209038063884,23.375416873022914
2026-08-10T17:16:38.019771+00:00,communication_drift_01,meter_02,514,none,publish_interval,random,random,random,normal_drift,0.9999999754891428,0.4601390357246887,0,,1,1,drift_not_confirmed;reference_updated,source_publish_interval,voltage_rolling_mean=231.458249;source_publish_interval=0.806893,source_publish_interval,0.7769579533487558,11.6840829141438,12.487208005040884
2026-08-10T17:16:38.032391+00:00,communication_drift_01,meter_03,514,none,publish_interval,random,random,random,normal_drift,0.9999999997172304,0.4894178323161446,0,,1,1,drift_not_confirmed;reference_updated,source_publish_interval,voltage_rolling_mean=230.583691;source_publish_interval=0.806894,source_publish_interval,0.556332990527153,9.459375170990825,10.038207983598113
2026-08-10T17:16:38.806056+00:00,communication_drift_01,meter_01,515,none,publish_interval,random,random,random,normal_drift,0.9999999767269881,0.440104908919675,0,,1,0,collecting_candidates;drift_not_confirmed,source_publish_interval,voltage_rolling_mean=231.651065;source_publish_interval=0.806891,source_publish_interval,2.442666096612811,18.059125170111656,20.544250030070543
2026-08-10T17:16:38.827000+00:00,communication_drift_01,meter_02,515,none,publish_interval,random,random,random,normal_drift,0.9999999974103633,0.47301730053182883,0,,1,0,collecting_candidates;drift_not_confirmed,source_publish_interval,voltage_rolling_mean=231.458249;source_publish_interval=0.806893,source_publish_interval,0.7592500187456608,11.237958911806345,12.019916903227568
2026-08-10T17:16:38.839123+00:00,communication_drift_01,meter_03,515,none,publish_interval,random,random,random,normal_drift,0.9999999985745371,0.4449512467934992,0,,1,0,collecting_candidates;drift_not_confirmed,source_publish_interval,voltage_rolling_mean=230.583691;source_publish_interval=0.806894,source_publish_interval,0.5307910032570362,9.393415879458189,9.944041958078742
2026-08-10T17:16:39.615969+00:00,communication_drift_01,meter_01,516,none,publish_interval,random,random,random,normal_drift,0.9999999953024605,0.4559253573689279,0,,1,0,collecting_candidates;drift_not_confirmed,source_publish_interval,voltage_rolling_mean=231.651065;source_publish_interval=0.806891,source_publish_interval,2.6122499257326126,21.828166907653213,24.49625008739531
2026-08-10T17:16:39.640913+00:00,communication_drift_01,meter_02,516,none,publish_interval,random,random,random,normal_drift,0.9999999984277188,0.4497302826698443,0,,1,0,collecting_candidates;drift_not_confirmed,source_publish_interval,voltage_rolling_mean=231.458249;source_publish_interval=0.806893,source_publish_interval,0.9142081253230572,12.108375085517764,13.048249995335937
2026-08-10T17:16:39.654096+00:00,communication_drift_01,meter_03,516,none,publish_interval,random,random,random,normal_drift,0.9999999992751403,0.4775798420873209,0,,1,0,collecting_candidates;drift_not_confirmed,source_publish_interval,voltage_rolling_mean=230.583691;source_publish_interval=0.806894,source_publish_interval,0.6009170319885015,9.857584023848176,10.480333818122745
2026-08-10T17:16:40.426247+00:00,communication_drift_01,meter_01,517,none,publish_interval,random,random,random,normal_drift,0.9999999940443658,0.4504888968133845,0,,1,0,collecting_candidates;drift_not_confirmed,source_publish_interval,voltage_rolling_mean=231.651065;source_publish_interval=0.806891,source_publish_interval,3.445916110649705,21.01566712372005,24.50795820914209
2026-08-10T17:16:40.451181+00:00,communication_drift_01,meter_02,517,none,publish_interval,random,random,random,normal_drift,0.9999999970729387,0.45363183097606685,0,,1,0,collecting_candidates;drift_not_confirmed,source_publish_interval,voltage_rolling_mean=231.458249;source_publish_interval=0.806893,source_publish_interval,0.7728750351816416,11.911750072613358,12.709167087450624
2026-08-10T17:16:40.464027+00:00,communication_drift_01,meter_03,517,none,publish_interval,random,random,random,normal_drift,0.9999999988340609,0.4675134269388604,0,,1,0,collecting_candidates;drift_not_confirmed,source_publish_interval,voltage_rolling_mean=230.583691;source_publish_interval=0.806894,source_publish_interval,0.5739170592278242,9.37341689132154,9.966833051294088
2026-08-10T17:16:41.227594+00:00,communication_drift_01,meter_01,518,none,publish_interval,random,random,random,normal_drift,0.9999999403135087,0.44710575658229773,0,,1,0,collecting_candidates;drift_not_confirmed,source_publish_interval,voltage_rolling_mean=231.651065;source_publish_interval=0.806891,source_publish_interval,3.409832948818803,23.49716704338789,26.953459018841386
2026-08-10T17:16:41.254994+00:00,communication_drift_01,meter_02,518,none,publish_interval,random,random,random,normal_drift,0.999999894300437,0.45850292236663126,0,,1,0,collecting_candidates;drift_not_confirmed,source_publish_interval,voltage_rolling_mean=231.458249;source_publish_interval=0.806893,source_publish_interval,0.8893751073628664,12.18824996612966,13.105791993439198
2026-08-10T17:16:41.268241+00:00,communication_drift_01,meter_03,518,none,publish_interval,random,random,random,normal_drift,0.9999999994328783,0.455500291324632,0,,1,0,collecting_candidates;drift_not_confirmed,source_publish_interval,voltage_rolling_mean=230.583691;source_publish_interval=0.806894,source_publish_interval,0.6284590344876051,9.823708096519113,10.475999908521771
2026-08-10T17:16:42.037651+00:00,communication_drift_01,meter_01,519,none,publish_interval,random,random,random,normal_drift,0.9999999963078967,0.46609439249594886,0,,1,0,collecting_candidates;drift_not_confirmed,source_publish_interval,voltage_rolling_mean=231.651065;source_publish_interval=0.806891,source_publish_interval,1.9615839701145887,22.017291048541665,24.020125158131123
2026-08-10T17:16:42.062013+00:00,communication_drift_01,meter_02,519,none,publish_interval,random,random,random,normal_drift,0.9999999992739728,0.4536440238689479,0,,1,0,collecting_candidates;drift_not_confirmed,source_publish_interval,voltage_rolling_mean=231.458249;source_publish_interval=0.806893,source_publish_interval,0.8713339921087027,12.249124934896827,13.147957855835557
2026-08-10T17:16:42.075295+00:00,communication_drift_01,meter_03,519,none,publish_interval,random,random,random,normal_drift,0.9999999979894667,0.45982635019764073,0,,1,0,collecting_candidates;drift_not_confirmed,source_publish_interval,voltage_rolling_mean=230.583691;source_publish_interval=0.806894,source_publish_interval,0.6127089727669954,9.597625117748976,10.231166845187545
2026-08-10T17:16:42.847814+00:00,communication_drift_01,meter_01,520,none,publish_interval,random,random,random,normal_drift,0.9999999818190873,0.4365751515781355,0,,1,0,collecting_candidates;drift_not_confirmed,source_publish_interval,voltage_rolling_mean=231.651065;source_publish_interval=0.806891,source_publish_interval,2.222042065113783,18.792625050991774,21.049833158031106
2026-08-10T17:16:42.869253+00:00,communication_drift_01,meter_02,520,none,publish_interval,random,random,random,normal_drift,0.9999999957480235,0.45681706153411694,0,,1,0,collecting_candidates;drift_not_confirmed,source_publish_interval,voltage_rolling_mean=231.458249;source_publish_interval=0.806893,source_publish_interval,0.7360409945249557,11.358292074874043,12.116209138184786
2026-08-10T17:16:42.881470+00:00,communication_drift_01,meter_03,520,none,publish_interval,random,random,random,normal_drift,0.9999999992575543,0.44895217120666964,0,,1,0,collecting_candidates;drift_not_confirmed,source_publish_interval,voltage_rolling_mean=230.583691;source_publish_interval=0.806894,source_publish_interval,0.5315830931067467,9.478250052779913,10.03141701221466
2026-08-10T17:16:43.657773+00:00,communication_drift_01,meter_01,521,none,publish_interval,random,random,random,normal_drift,0.9999999829438077,0.4481873451027647,0,,1,0,collecting_candidates;drift_not_confirmed,source_publish_interval,voltage_rolling_mean=231.651065;source_publish_interval=0.806891,source_publish_interval,1.9818749278783798,22.06250000745058,24.085832992568612
2026-08-10T17:16:43.682269+00:00,communication_drift_01,meter_02,521,none,publish_interval,random,random,random,normal_drift,0.9999999962739623,0.4874037407051642,0,,1,0,collecting_candidates;drift_not_confirmed,source_publish_interval,voltage_rolling_mean=231.458249;source_publish_interval=0.806893,source_publish_interval,0.925667118281126,12.18758407048881,13.13870819285512
2026-08-10T17:16:43.695540+00:00,communication_drift_01,meter_03,521,none,publish_interval,random,random,random,normal_drift,0.9999999974377338,0.43905091008298947,0,,1,0,collecting_candidates;drift_not_confirmed,source_publish_interval,voltage_rolling_mean=230.583691;source_publish_interval=0.806894,source_publish_interval,0.6031668744981289,9.62162483483553,10.244959034025669
2026-08-10T17:16:44.463327+00:00,communication_drift_01,meter_01,522,none,publish_interval,random,random,random,normal_drift,0.9999999907567886,0.5220970700703584,0,,1,0,collecting_candidates;drift_not_confirmed,source_publish_interval,voltage_rolling_mean=231.651065;source_publish_interval=0.806891,source_publish_interval,2.1317910868674517,21.045916015282273,23.219791939482093
2026-08-10T17:16:44.486980+00:00,communication_drift_01,meter_02,522,none,publish_interval,random,random,random,normal_drift,0.9999999855184492,0.43796307191357714,0,,1,0,collecting_candidates;drift_not_confirmed,source_publish_interval,voltage_rolling_mean=231.458249;source_publish_interval=0.806893,source_publish_interval,0.7737500127404928,11.905292049050331,12.701416853815317
2026-08-10T17:16:44.499807+00:00,communication_drift_01,meter_03,522,none,publish_interval,random,random,random,normal_drift,0.9999999986467183,0.46593428041319807,0,,1,0,collecting_candidates;drift_not_confirmed,source_publish_interval,voltage_rolling_mean=230.583691;source_publish_interval=0.806894,source_publish_interval,0.5329998675733805,9.600916877388954,10.153417009860277
2026-08-10T17:16:45.270689+00:00,communication_drift_01,meter_01,523,none,publish_interval,random,random,random,normal_drift,0.9999998371847288,0.5495369821451533,0,,1,0,collecting_candidates;drift_not_confirmed,source_publish_interval,voltage_rolling_mean=231.651065;source_publish_interval=0.806891,source_publish_interval,2.2999581415206194,19.949167035520077,22.2827079705894
2026-08-10T17:16:45.293347+00:00,communication_drift_01,meter_02,523,none,publish_interval,random,random,random,normal_drift,0.9999999866096598,0.46896798122934613,0,,1,0,collecting_candidates;drift_not_confirmed,source_publish_interval,voltage_rolling_mean=231.458249;source_publish_interval=0.806893,source_publish_interval,0.7215829100459814,11.59591693431139,12.338291155174375
2026-08-10T17:16:45.305788+00:00,communication_drift_01,meter_03,523,none,publish_interval,random,random,random,normal_drift,0.9999999986603034,0.45709920002771615,0,,1,0,collecting_candidates;drift_not_confirmed,source_publish_interval,voltage_rolling_mean=230.583691;source_publish_interval=0.806894,source_publish_interval,0.5214170087128878,9.502124972641468,10.043874848634005
2026-08-10T17:16:46.077558+00:00,communication_drift_01,meter_01,524,none,publish_interval,random,random,random,normal_drift,0.9999999415256776,0.44786692381442494,0,,1,0,collecting_candidates;drift_not_confirmed,source_publish_interval,voltage_rolling_mean=231.651065;source_publish_interval=0.806891,source_publish_interval,2.574667101725936,16.22879202477634,18.844374921172857
2026-08-10T17:16:46.096785+00:00,communication_drift_01,meter_02,524,none,publish_interval,random,random,random,normal_drift,0.9999999592419325,0.5554283820336886,0,,1,0,collecting_candidates;drift_not_confirmed,source_publish_interval,voltage_rolling_mean=231.458249;source_publish_interval=0.806893,source_publish_interval,0.7272909861057997,10.577040957286954,11.326249921694398
2026-08-10T17:16:46.108209+00:00,communication_drift_01,meter_03,524,none,publish_interval,random,random,random,normal_drift,0.9999999987622414,0.4603964227138087,0,,1,0,collecting_candidates;drift_not_confirmed,source_publish_interval,voltage_rolling_mean=230.583691;source_publish_interval=0.806894,source_publish_interval,0.5265418440103531,9.087417041882873,9.633082896471024
2026-08-10T17:16:46.886080+00:00,communication_drift_01,meter_01,525,none,publish_interval,random,random,random,normal_drift,0.9999999835447637,0.44491029773518187,0,,1,0,collecting_candidates;drift_not_confirmed,source_publish_interval,voltage_rolling_mean=231.651065;source_publish_interval=0.806891,source_publish_interval,3.0934580136090517,16.777500044554472,19.911125069484115
2026-08-10T17:16:46.906387+00:00,communication_drift_01,meter_02,525,none,publish_interval,random,random,random,normal_drift,0.9999999912568588,0.5055598373092487,0,,1,0,collecting_candidates;drift_not_confirmed,source_publish_interval,voltage_rolling_mean=231.458249;source_publish_interval=0.806893,source_publish_interval,0.7594169583171606,11.0015410464257,11.783040827140212
2026-08-10T17:16:46.918276+00:00,communication_drift_01,meter_03,525,none,publish_interval,random,random,random,normal_drift,0.9999999996827444,0.4343166447258864,0,,1,0,collecting_candidates;drift_not_confirmed,source_publish_interval,voltage_rolling_mean=230.583691;source_publish_interval=0.806894,source_publish_interval,0.5230829119682312,9.158958913758397,9.70149994827807
2026-08-10T17:16:47.694958+00:00,communication_drift_01,meter_01,526,none,publish_interval,random,random,random,normal_drift,0.9999999885341989,0.4478522572944132,0,,1,0,collecting_candidates;drift_not_confirmed,source_publish_interval,voltage_rolling_mean=231.651065;source_publish_interval=0.806891,source_publish_interval,2.027790993452072,18.551124958321452,20.61337511986494
2026-08-10T17:16:47.715939+00:00,communication_drift_01,meter_02,526,none,publish_interval,random,random,random,normal_drift,0.9999999941384636,0.539626605971745,0,,1,0,collecting_candidates;drift_not_confirmed,source_publish_interval,voltage_rolling_mean=231.458249;source_publish_interval=0.806893,source_publish_interval,0.7994999177753925,11.441332986578345,12.261749943718314
2026-08-10T17:16:47.728314+00:00,communication_drift_01,meter_03,526,none,publish_interval,random,random,random,normal_drift,0.9999999991697304,0.4479256284300506,0,,1,0,collecting_candidates;drift_not_confirmed,source_publish_interval,voltage_rolling_mean=230.583691;source_publish_interval=0.806894,source_publish_interval,0.527084106579423,9.405999910086393,9.953083004802465
2026-08-10T17:16:48.502344+00:00,communication_drift_01,meter_01,527,none,publish_interval,random,random,random,normal_drift,0.9999998776658975,0.5202677166193647,0,,1,0,collecting_candidates;drift_not_confirmed,source_publish_interval,voltage_rolling_mean=231.651065;source_publish_interval=0.806891,source_publish_interval,1.4332500286400318,20.541083998978138,22.015040973201394
2026-08-10T17:16:48.524635+00:00,communication_drift_01,meter_02,527,none,publish_interval,random,random,random,normal_drift,0.9999999971488738,0.48807882556804233,0,,1,0,collecting_candidates;drift_not_confirmed,source_publish_interval,voltage_rolling_mean=231.458249;source_publish_interval=0.806893,source_publish_interval,0.8760001510381699,12.745915912091732,13.649666914716363
2026-08-10T17:16:48.538427+00:00,communication_drift_01,meter_03,527,none,publish_interval,random,random,random,normal_drift,0.9999999994637065,0.47471788349259997,0,,1,0,collecting_candidates;drift_not_confirmed,source_publish_interval,voltage_rolling_mean=230.583691;source_publish_interval=0.806894,source_publish_interval,0.6159169133752584,9.986916091293097,10.62254118733108
2026-08-10T17:16:49.312119+00:00,communication_drift_01,meter_01,528,none,publish_interval,random,random,random,normal_drift,0.9999999918338379,0.46848646742436406,0,,1,0,collecting_candidates;drift_not_confirmed,source_publish_interval,voltage_rolling_mean=231.651065;source_publish_interval=0.806891,source_publish_interval,1.9062920473515987,21.874708123505116,23.8195420242846
2026-08-10T17:16:49.336245+00:00,communication_drift_01,meter_02,528,none,publish_interval,random,random,random,normal_drift,0.9999999982040435,0.45022746172353945,0,,1,0,collecting_candidates;drift_not_confirmed,source_publish_interval,voltage_rolling_mean=231.458249;source_publish_interval=0.806893,source_publish_interval,0.8492078632116318,12.000374961644411,12.87412503734231
2026-08-10T17:16:49.349228+00:00,communication_drift_01,meter_03,528,none,publish_interval,random,random,random,normal_drift,0.9999999998728275,0.5112590351335108,0,,1,0,collecting_candidates;drift_not_confirmed,source_publish_interval,voltage_rolling_mean=230.583691;source_publish_interval=0.806894,source_publish_interval,0.5975000094622374,9.712332859635353,10.329874930903316
2026-08-10T17:16:50.122221+00:00,communication_drift_01,meter_01,529,none,publish_interval,random,random,random,normal_drift,0.9999999677717645,0.49008240293994104,0,,1,0,collecting_candidates;drift_not_confirmed,source_publish_interval,voltage_rolling_mean=231.651065;source_publish_interval=0.806891,source_publish_interval,1.9811249803751707,22.107041906565428,24.133582832291722
2026-08-10T17:16:50.146690+00:00,communication_drift_01,meter_02,529,none,publish_interval,random,random,random,normal_drift,0.9999999879084783,0.46033042300393406,0,,1,0,collecting_candidates;drift_not_confirmed,source_publish_interval,voltage_rolling_mean=231.458249;source_publish_interval=0.806893,source_publish_interval,0.865250127390027,12.007000157609582,12.897457927465439
2026-08-10T17:16:50.159710+00:00,communication_drift_01,meter_03,529,none,publish_interval,random,random,random,normal_drift,0.9999999997514566,0.4351540939525689,0,,1,0,collecting_candidates;drift_not_confirmed,source_publish_interval,voltage_rolling_mean=230.583691;source_publish_interval=0.806894,source_publish_interval,0.6025831680744886,9.670833125710487,10.292958002537489
2026-08-10T17:16:50.927700+00:00,communication_drift_01,meter_01,530,none,publish_interval,random,random,random,normal_drift,0.9999999948866405,0.5187374462681624,0,,1,0,collecting_candidates;drift_not_confirmed,source_publish_interval,voltage_rolling_mean=231.651065;source_publish_interval=0.806891,source_publish_interval,1.9858339801430702,22.236709017306566,24.269166868180037
2026-08-10T17:16:50.952326+00:00,communication_drift_01,meter_02,530,none,publish_interval,random,random,random,normal_drift,0.9999999974951421,0.46057185105505616,0,,1,0,collecting_candidates;drift_not_confirmed,source_publish_interval,voltage_rolling_mean=231.458249;source_publish_interval=0.806893,source_publish_interval,0.9088749065995216,12.125124922022223,13.062291080132127
2026-08-10T17:16:50.965550+00:00,communication_drift_01,meter_03,530,none,publish_interval,random,random,random,normal_drift,0.9999999996028952,0.45544452204705055,0,,1,0,collecting_candidates;drift_not_confirmed,source_publish_interval,voltage_rolling_mean=230.583691;source_publish_interval=0.806894,source_publish_interval,0.6302918773144484,9.71116591244936,10.364083107560873
2026-08-10T17:16:51.737648+00:00,communication_drift_01,meter_01,531,none,publish_interval,random,random,random,normal_drift,0.9999999894450274,0.4597976983320609,0,,1,0,collecting_candidates;drift_not_confirmed,source_publish_interval,voltage_rolling_mean=231.651065;source_publish_interval=0.806891,source_publish_interval,2.0575420930981636,21.805500146001577,23.898999905213714
2026-08-10T17:16:51.761953+00:00,communication_drift_01,meter_02,531,none,publish_interval,random,random,random,normal_drift,0.9999999979458833,0.43791674540509207,0,,1,0,collecting_candidates;drift_not_confirmed,source_publish_interval,voltage_rolling_mean=231.458249;source_publish_interval=0.806893,source_publish_interval,0.7416249718517065,12.14725011959672,12.913083890452981
2026-08-10T17:16:51.774984+00:00,communication_drift_01,meter_03,531,none,publish_interval,random,random,random,normal_drift,0.9999999997755209,0.45652948664309856,0,,1,0,collecting_candidates;drift_not_confirmed,source_publish_interval,voltage_rolling_mean=230.583691;source_publish_interval=0.806894,source_publish_interval,0.5583330057561398,9.69758303835988,10.27708314359188
2026-08-10T17:16:52.544191+00:00,communication_drift_01,meter_01,532,none,publish_interval,random,random,random,normal_drift,0.9999999546073811,0.4378965098809897,0,,1,0,collecting_candidates;drift_not_confirmed,source_publish_interval,voltage_rolling_mean=231.651065;source_publish_interval=0.806891,source_publish_interval,2.574541140347719,22.59216597303748,25.204291101545095
2026-08-10T17:16:52.569774+00:00,communication_drift_01,meter_02,532,none,publish_interval,random,random,random,normal_drift,0.9999999956358674,0.48190024519417524,0,,1,0,collecting_candidates;drift_not_confirmed,source_publish_interval,voltage_rolling_mean=231.458249;source_publish_interval=0.806893,source_publish_interval,0.8397921919822693,11.988083133473992,12.852332787588239
2026-08-10T17:16:52.582736+00:00,communication_drift_01,meter_03,532,none,publish_interval,random,random,random,normal_drift,0.9999999998584463,0.5653832887528484,0,,1,0,collecting_candidates;drift_not_confirmed,source_publish_interval,voltage_rolling_mean=230.583691;source_publish_interval=0.806894,source_publish_interval,0.6101671606302261,9.665166959166527,10.294874897226691
2026-08-10T17:16:53.353551+00:00,communication_drift_01,meter_01,533,none,publish_interval,random,random,random,normal_drift,0.999999991482949,0.4410500006535086,0,,1,0,collecting_candidates;drift_not_confirmed,source_publish_interval,voltage_rolling_mean=231.651065;source_publish_interval=0.806891,source_publish_interval,1.4958339743316174,22.11779193021357,23.65754102356732
2026-08-10T17:16:53.377503+00:00,communication_drift_01,meter_02,533,none,publish_interval,random,random,random,normal_drift,0.9999999974614067,0.43621394592782875,0,,1,0,collecting_candidates;drift_not_confirmed,source_publish_interval,voltage_rolling_mean=231.458249;source_publish_interval=0.806893,source_publish_interval,0.8407910354435444,12.164915911853313,13.032125076279044
2026-08-10T17:16:53.390665+00:00,communication_drift_01,meter_03,533,none,publish_interval,random,random,random,normal_drift,0.9999999999222995,0.43538738266380317,0,,1,0,collecting_candidates;drift_not_confirmed,source_publish_interval,voltage_rolling_mean=230.583691;source_publish_interval=0.806894,source_publish_interval,0.6045838817954063,9.721958078444004,10.346458991989493
2026-08-10T17:16:54.163824+00:00,communication_drift_01,meter_01,534,none,publish_interval,random,random,random,normal_drift,0.9999999935204784,0.5379132504811448,0,,1,1,drift_not_confirmed;reference_updated,source_publish_interval,voltage_rolling_mean=231.651065;source_publish_interval=0.807639,source_publish_interval,2.203625161200762,18.78812490031123,21.037291968241334
2026-08-10T17:16:54.185249+00:00,communication_drift_01,meter_02,534,none,publish_interval,random,random,random,normal_drift,0.9999999964832453,0.4596429901122489,0,,1,1,drift_not_confirmed;reference_updated,source_publish_interval,voltage_rolling_mean=231.458249;source_publish_interval=0.807640,source_publish_interval,0.7340421434491873,11.372082866728306,12.1310839895159
2026-08-10T17:16:54.197491+00:00,communication_drift_01,meter_03,534,none,publish_interval,random,random,random,normal_drift,0.999999999927464,0.4425070146795372,0,,1,1,drift_not_confirmed;reference_updated,source_publish_interval,voltage_rolling_mean=230.583691;source_publish_interval=0.807641,source_publish_interval,0.5394581239670515,9.460791014134884,10.02445793710649
2026-08-10T17:16:54.973619+00:00,communication_drift_01,meter_01,535,none,publish_interval,random,random,random,normal_drift,0.9999999850925336,0.4343928631867929,0,,1,0,collecting_candidates;drift_not_confirmed,source_publish_interval,voltage_rolling_mean=231.651065;source_publish_interval=0.807639,source_publish_interval,3.3943341113626957,17.29604206047952,20.73154179379344
2026-08-10T17:16:54.994747+00:00,communication_drift_01,meter_02,535,none,publish_interval,random,random,random,normal_drift,0.9999999992107955,0.4701152560380751,0,,1,0,collecting_candidates;drift_not_confirmed,source_publish_interval,voltage_rolling_mean=231.458249;source_publish_interval=0.807640,source_publish_interval,0.7405828218907118,11.055999901145697,11.818459024652839
2026-08-10T17:16:55.006674+00:00,communication_drift_01,meter_03,535,none,publish_interval,random,random,random,normal_drift,0.9999999999246045,0.44367456876406647,0,,1,0,collecting_candidates;drift_not_confirmed,source_publish_interval,voltage_rolling_mean=230.583691;source_publish_interval=0.807641,source_publish_interval,0.5207499489188194,9.221458109095693,9.762333007529378
2026-08-10T17:16:55.784081+00:00,communication_drift_01,meter_01,536,none,publish_interval,random,random,random,normal_drift,0.9999999862884021,0.5326728096635254,0,,1,0,collecting_candidates;drift_not_confirmed,source_publish_interval,voltage_rolling_mean=231.651065;source_publish_interval=0.807639,source_publish_interval,3.1342499423772097,17.989084124565125,21.165916929021478
2026-08-10T17:16:55.805672+00:00,communication_drift_01,meter_02,536,none,publish_interval,random,random,random,normal_drift,0.9999999970243276,0.4447367058366916,0,,1,0,collecting_candidates;drift_not_confirmed,source_publish_interval,voltage_rolling_mean=231.458249;source_publish_interval=0.807640,source_publish_interval,0.7566660642623901,11.228207964450121,12.005875119939446
2026-08-10T17:16:55.817792+00:00,communication_drift_01,meter_03,536,none,publish_interval,random,random,random,normal_drift,0.9999999998304618,0.5081075969009475,0,,1,0,collecting_candidates;drift_not_confirmed,source_publish_interval,voltage_rolling_mean=230.583691;source_publish_interval=0.807641,source_publish_interval,0.5217089783400297,9.343457873910666,9.88416699692607
2026-08-10T17:16:56.591549+00:00,communication_drift_01,meter_01,537,none,publish_interval,random,random,random,normal_drift,0.9999999870374212,0.4987196464866926,0,,1,0,collecting_candidates;drift_not_confirmed,source_publish_interval,voltage_rolling_mean=231.651065;source_publish_interval=0.807639,source_publish_interval,2.1265000104904175,22.42404199205339,24.590292014181614
2026-08-10T17:16:56.616534+00:00,communication_drift_01,meter_02,537,none,publish_interval,random,random,random,normal_drift,0.9999999994138435,0.45503938225845036,0,,1,0,collecting_candidates;drift_not_confirmed,source_publish_interval,voltage_rolling_mean=231.458249;source_publish_interval=0.807640,source_publish_interval,0.8406660053879023,12.039334047585726,12.904208153486252
2026-08-10T17:16:56.629555+00:00,communication_drift_01,meter_03,537,none,publish_interval,random,random,random,normal_drift,0.9999999999022307,0.4404071047547454,0,,1,0,collecting_candidates;drift_not_confirmed,source_publish_interval,voltage_rolling_mean=230.583691;source_publish_interval=0.807641,source_publish_interval,0.5982499569654465,9.74833290092647,10.36545797251165
2026-08-10T17:16:57.398701+00:00,communication_drift_01,meter_01,538,none,publish_interval,random,random,random,normal_drift,0.9999999631049821,0.4412121066112432,0,,1,0,collecting_candidates;drift_not_confirmed,source_publish_interval,voltage_rolling_mean=231.651065;source_publish_interval=0.807639,source_publish_interval,2.4150831159204245,18.356750020757318,20.81741695292294
2026-08-10T17:16:57.419917+00:00,communication_drift_01,meter_02,538,none,publish_interval,random,random,random,normal_drift,0.9999999730419259,0.5803051099954003,0,,1,0,collecting_candidates;drift_not_confirmed,source_publish_interval,voltage_rolling_mean=231.458249;source_publish_interval=0.807640,source_publish_interval,0.7499170023947954,11.333874892443419,12.105959001928568
2026-08-10T17:16:57.432129+00:00,communication_drift_01,meter_03,538,none,publish_interval,random,random,random,normal_drift,0.9999999999778686,0.4872861325265272,0,,1,0,collecting_candidates;drift_not_confirmed,source_publish_interval,voltage_rolling_mean=230.583691;source_publish_interval=0.807641,source_publish_interval,0.5270831752568483,9.518041973933578,10.069875046610832
2026-08-10T17:16:58.208645+00:00,communication_drift_01,meter_01,539,none,publish_interval,random,random,random,normal_drift,0.999999954372735,0.5055792634013062,0,,1,0,collecting_candidates;drift_not_confirmed,source_publish_interval,voltage_rolling_mean=231.651065;source_publish_interval=0.807639,source_publish_interval,2.3573338985443115,22.2875839099288,24.69104202464223
2026-08-10T17:16:58.233774+00:00,communication_drift_01,meter_02,539,none,publish_interval,random,random,random,normal_drift,0.9999999986426344,0.44429967563254147,0,,1,0,collecting_candidates;drift_not_confirmed,source_publish_interval,voltage_rolling_mean=231.458249;source_publish_interval=0.807640,source_publish_interval,0.8805419784039259,12.232374865561724,13.138959184288979
2026-08-10T17:16:58.247044+00:00,communication_drift_01,meter_03,539,none,publish_interval,random,random,random,normal_drift,0.9999999999668505,0.43897543973962844,0,,1,0,collecting_candidates;drift_not_confirmed,source_publish_interval,voltage_rolling_mean=230.583691;source_publish_interval=0.807641,source_publish_interval,0.601625069975853,9.856749791651964,10.477917036041617
2026-08-10T17:16:59.013927+00:00,communication_drift_01,meter_01,540,none,publish_interval,random,random,random,normal_drift,0.9999999502990851,0.43947225996283484,0,,1,0,collecting_candidates;drift_not_confirmed,source_publish_interval,voltage_rolling_mean=231.651065;source_publish_interval=0.807639,source_publish_interval,1.991166966035962,22.21645787358284,24.25766596570611
2026-08-10T17:16:59.038509+00:00,communication_drift_01,meter_02,540,none,publish_interval,random,random,random,normal_drift,0.9999999965830191,0.43258376481524713,0,,1,0,collecting_candidates;drift_not_confirmed,source_publish_interval,voltage_rolling_mean=231.458249;source_publish_interval=0.807640,source_publish_interval,0.9047500789165497,11.982457945123315,12.914624996483326
2026-08-10T17:16:59.051595+00:00,communication_drift_01,meter_03,540,none,publish_interval,random,random,random,normal_drift,0.9999999999182863,0.4720711498086132,0,,1,0,collecting_candidates;drift_not_confirmed,source_publish_interval,voltage_rolling_mean=230.583691;source_publish_interval=0.807641,source_publish_interval,0.6002499721944332,9.850167203694582,10.472417110577226
2026-08-10T17:16:59.814551+00:00,communication_drift_01,meter_01,541,none,publish_interval,random,random,random,normal_drift,0.9999999830749006,0.43994034837433627,0,,1,0,collecting_candidates;drift_not_confirmed,source_publish_interval,voltage_rolling_mean=231.651065;source_publish_interval=0.807639,source_publish_interval,2.1655000746250153,21.163083147257566,23.374707903712988
2026-08-10T17:16:59.838348+00:00,communication_drift_01,meter_02,541,none,publish_interval,random,random,random,normal_drift,0.9999999938587207,0.5355757140148201,0,,1,0,collecting_candidates;drift_not_confirmed,source_publish_interval,voltage_rolling_mean=231.458249;source_publish_interval=0.807640,source_publish_interval,0.8749999105930328,11.868916917592287,12.77012494392693
2026-08-10T17:16:59.851261+00:00,communication_drift_01,meter_03,541,none,publish_interval,random,random,random,normal_drift,0.9999999999311315,0.43660852260063704,0,,1,0,collecting_candidates;drift_not_confirmed,source_publish_interval,voltage_rolling_mean=230.583691;source_publish_interval=0.807641,source_publish_interval,0.6049999501556158,9.654791792854667,10.280166054144502
2026-08-10T17:17:00.624565+00:00,communication_drift_01,meter_01,542,none,publish_interval,random,random,random,normal_drift,0.9999999487942837,0.49645577401727403,0,,1,0,collecting_candidates;drift_not_confirmed,source_publish_interval,voltage_rolling_mean=231.651065;source_publish_interval=0.807639,source_publish_interval,2.1423338912427425,21.98754088021815,24.168208008632064
2026-08-10T17:17:00.649055+00:00,communication_drift_01,meter_02,542,none,publish_interval,random,random,random,normal_drift,0.9999999990014881,0.4987685979871329,0,,1,0,collecting_candidates;drift_not_confirmed,source_publish_interval,voltage_rolling_mean=231.458249;source_publish_interval=0.807640,source_publish_interval,0.8453750051558018,12.042250018566847,12.912125093862414
2026-08-10T17:17:00.662085+00:00,communication_drift_01,meter_03,542,none,publish_interval,random,random,random,normal_drift,0.9999999999828137,0.4507725358513526,0,,1,0,collecting_candidates;drift_not_confirmed,source_publish_interval,voltage_rolling_mean=230.583691;source_publish_interval=0.807641,source_publish_interval,0.5881250835955143,9.569625137373805,10.1777920499444
2026-08-10T17:17:01.434048+00:00,communication_drift_01,meter_01,543,none,publish_interval,random,random,random,normal_drift,0.9999999823921305,0.43831525563295504,0,,1,0,collecting_candidates;drift_not_confirmed,source_publish_interval,voltage_rolling_mean=231.651065;source_publish_interval=0.807639,source_publish_interval,2.661749953404069,22.075708955526352,24.786125170066953
2026-08-10T17:17:01.459270+00:00,communication_drift_01,meter_02,543,none,publish_interval,random,random,random,normal_drift,0.9999999992079567,0.437562379449531,0,,1,0,collecting_candidates;drift_not_confirmed,source_publish_interval,voltage_rolling_mean=231.458249;source_publish_interval=0.807640,source_publish_interval,0.8863329421728849,12.238083872944117,13.149624923244119
2026-08-10T17:17:01.472576+00:00,communication_drift_01,meter_03,543,none,publish_interval,random,random,random,normal_drift,0.9999999999397184,0.4416183923196946,0,,1,0,collecting_candidates;drift_not_confirmed,source_publish_interval,voltage_rolling_mean=230.583691;source_publish_interval=0.807641,source_publish_interval,0.5985829047858715,9.66674997471273,10.285750031471252
2026-08-10T17:17:02.244070+00:00,communication_drift_01,meter_01,544,none,publish_interval,random,random,random,normal_drift,0.9999999650689883,0.47932878394160316,0,,1,0,collecting_candidates;drift_not_confirmed,source_publish_interval,voltage_rolling_mean=231.651065;source_publish_interval=0.807639,source_publish_interval,3.3342919778078794,21.940374979749322,25.318166008219123
2026-08-10T17:17:02.269832+00:00,communication_drift_01,meter_02,544,none,publish_interval,random,random,random,normal_drift,0.9999999993434314,0.432941922646037,0,,1,0,collecting_candidates;drift_not_confirmed,source_publish_interval,voltage_rolling_mean=231.458249;source_publish_interval=0.807640,source_publish_interval,0.7782918401062489,12.009958969429135,12.81454204581678
2026-08-10T17:17:02.282783+00:00,communication_drift_01,meter_03,544,none,publish_interval,random,random,random,normal_drift,0.9999999999799407,0.44101996158150253,0,,1,0,collecting_candidates;drift_not_confirmed,source_publish_interval,voltage_rolling_mean=230.583691;source_publish_interval=0.807641,source_publish_interval,0.5523748695850372,9.653165936470032,10.225582867860794
2026-08-10T17:17:03.052142+00:00,communication_drift_01,meter_01,545,none,publish_interval,random,random,random,normal_drift,0.9999999918754888,0.45853872242568117,0,,1,0,collecting_candidates;drift_not_confirmed,source_publish_interval,voltage_rolling_mean=231.651065;source_publish_interval=0.807639,source_publish_interval,2.355916891247034,22.44199998676777,24.839916033670306
2026-08-10T17:17:03.077370+00:00,communication_drift_01,meter_02,545,none,publish_interval,random,random,random,normal_drift,0.9999999993403128,0.44908403627576776,0,,1,0,collecting_candidates;drift_not_confirmed,source_publish_interval,voltage_rolling_mean=231.458249;source_publish_interval=0.807640,source_publish_interval,0.8739589247852564,11.982749914750457,12.882041977718472
2026-08-10T17:17:03.090382+00:00,communication_drift_01,meter_03,545,none,publish_interval,random,random,random,normal_drift,0.999999999902254,0.4850912964684767,0,,1,0,collecting_candidates;drift_not_confirmed,source_publish_interval,voltage_rolling_mean=230.583691;source_publish_interval=0.807641,source_publish_interval,0.603916822001338,9.736625012010336,10.363125009462237
2026-08-10T17:17:03.862255+00:00,communication_drift_01,meter_01,546,none,publish_interval,random,random,random,normal_drift,0.9999999630430134,0.5319811609808531,0,,1,0,collecting_candidates;drift_not_confirmed,source_publish_interval,voltage_rolling_mean=231.651065;source_publish_interval=0.807639,source_publish_interval,1.9376669079065323,22.50041696242988,24.489874951541424
2026-08-10T17:17:03.887145+00:00,communication_drift_01,meter_02,546,none,publish_interval,random,random,random,normal_drift,0.9999999992049797,0.4600294656692415,0,,1,0,collecting_candidates;drift_not_confirmed,source_publish_interval,voltage_rolling_mean=231.458249;source_publish_interval=0.807640,source_publish_interval,0.8917499799281359,12.030082987621427,12.948666932061315
2026-08-10T17:17:03.900235+00:00,communication_drift_01,meter_03,546,none,publish_interval,random,random,random,normal_drift,0.999999999988106,0.4373758815773946,0,,1,0,collecting_candidates;drift_not_confirmed,source_publish_interval,voltage_rolling_mean=230.583691;source_publish_interval=0.807641,source_publish_interval,0.6088749505579472,9.617957985028625,10.24729199707508
2026-08-10T17:17:04.668201+00:00,communication_drift_01,meter_01,547,none,publish_interval,random,random,random,normal_drift,0.9999999940719322,0.47625342392313397,0,,1,0,collecting_candidates;drift_not_confirmed,source_publish_interval,voltage_rolling_mean=231.651065;source_publish_interval=0.807639,source_publish_interval,2.465000143274665,19.30095790885389,21.7995410785079
2026-08-10T17:17:04.690397+00:00,communication_drift_01,meter_02,547,none,publish_interval,random,random,random,normal_drift,0.9999999995200031,0.45131279313273454,0,,1,0,collecting_candidates;drift_not_confirmed,source_publish_interval,voltage_rolling_mean=231.458249;source_publish_interval=0.807640,source_publish_interval,0.7237920071929693,11.663292068988085,12.408958980813622
2026-08-10T17:17:04.702912+00:00,communication_drift_01,meter_03,547,none,publish_interval,random,random,random,normal_drift,0.9999999999859559,0.5077716390042172,0,,1,0,collecting_candidates;drift_not_confirmed,source_publish_interval,voltage_rolling_mean=230.583691;source_publish_interval=0.807641,source_publish_interval,0.5238328594714403,9.436083026230335,9.979667142033577
2026-08-10T17:17:05.478402+00:00,communication_drift_01,meter_01,548,none,publish_interval,random,random,random,normal_drift,0.9999999947211919,0.46746154425045655,0,,1,0,collecting_candidates;drift_not_confirmed,source_publish_interval,voltage_rolling_mean=231.651065;source_publish_interval=0.807639,source_publish_interval,2.198458183556795,22.657791851088405,24.89491691812873
2026-08-10T17:17:05.503682+00:00,communication_drift_01,meter_02,548,none,publish_interval,random,random,random,normal_drift,0.9999999998631066,0.4372672128270344,0,,1,0,collecting_candidates;drift_not_confirmed,source_publish_interval,voltage_rolling_mean=231.458249;source_publish_interval=0.807640,source_publish_interval,0.8445000275969505,12.349165976047516,13.221458066254854
2026-08-10T17:17:05.517018+00:00,communication_drift_01,meter_03,548,none,publish_interval,random,random,random,normal_drift,0.9999999999903726,0.4396797074199637,0,,1,0,collecting_candidates;drift_not_confirmed,source_publish_interval,voltage_rolling_mean=230.583691;source_publish_interval=0.807641,source_publish_interval,0.6164589431136847,9.68274986371398,10.318875079974532
2026-08-10T17:17:06.288498+00:00,communication_drift_01,meter_01,549,none,publish_interval,random,random,random,normal_drift,0.9999999978306746,0.46012364292484714,0,,1,0,collecting_candidates;drift_not_confirmed,source_publish_interval,voltage_rolling_mean=231.651065;source_publish_interval=0.807639,source_publish_interval,2.959667006507516,16.47112495265901,19.47033405303955
2026-08-10T17:17:06.308355+00:00,communication_drift_01,meter_02,549,none,publish_interval,random,random,random,normal_drift,0.9999999993914854,0.4425778248977975,0,,1,0,collecting_candidates;drift_not_confirmed,source_publish_interval,voltage_rolling_mean=231.458249;source_publish_interval=0.807640,source_publish_interval,0.7229160983115435,10.91879210434854,11.662916047498584
2026-08-10T17:17:06.320123+00:00,communication_drift_01,meter_03,549,none,publish_interval,random,random,random,normal_drift,0.9999999999586706,0.5031187622802539,0,,1,0,collecting_candidates;drift_not_confirmed,source_publish_interval,voltage_rolling_mean=230.583691;source_publish_interval=0.807641,source_publish_interval,0.5250000394880772,9.058249881491065,9.60154109634459
2026-08-10T17:17:07.090858+00:00,communication_drift_01,meter_01,550,none,publish_interval,random,random,random,normal_drift,0.9999999874734443,0.4463434109840445,0,,1,0,collecting_candidates;drift_not_confirmed,source_publish_interval,voltage_rolling_mean=231.651065;source_publish_interval=0.807639,source_publish_interval,2.0347500685602427,21.204165881499648,23.282458074390888
2026-08-10T17:17:07.114452+00:00,communication_drift_01,meter_02,550,none,publish_interval,random,random,random,normal_drift,0.999999999560107,0.46149704925602375,0,,1,0,collecting_candidates;drift_not_confirmed,source_publish_interval,voltage_rolling_mean=231.458249;source_publish_interval=0.807640,source_publish_interval,0.8300000336021185,11.862667044624686,12.716999975964427
2026-08-10T17:17:07.127284+00:00,communication_drift_01,meter_03,550,none,publish_interval,random,random,random,normal_drift,0.9999999999868232,0.48388284951747257,0,,1,0,collecting_candidates;drift_not_confirmed,source_publish_interval,voltage_rolling_mean=230.583691;source_publish_interval=0.807641,source_publish_interval,0.5799159407615662,9.417917113751173,10.016833897680044
2026-08-10T17:17:07.894040+00:00,communication_drift_01,meter_01,551,none,publish_interval,random,random,random,normal_drift,0.9999999024081598,0.5157098296008256,0,,1,0,collecting_candidates;drift_not_confirmed,source_publish_interval,voltage_rolling_mean=231.651065;source_publish_interval=0.807639,source_publish_interval,1.7202498856931925,21.834625164046884,23.62912497483194
2026-08-10T17:17:07.918117+00:00,communication_drift_01,meter_02,551,none,publish_interval,random,random,random,normal_drift,0.9999999997822173,0.5298488424694464,0,,1,0,collecting_candidates;drift_not_confirmed,source_publish_interval,voltage_rolling_mean=231.458249;source_publish_interval=0.807640,source_publish_interval,1.0088749695569277,12.334957951679826,13.377249939367175
2026-08-10T17:17:07.931679+00:00,communication_drift_01,meter_03,551,none,publish_interval,random,random,random,normal_drift,0.9999999999837497,0.4542825778571367,0,,1,0,collecting_candidates;drift_not_confirmed,source_publish_interval,voltage_rolling_mean=230.583691;source_publish_interval=0.807641,source_publish_interval,0.6114169955253601,9.653375018388033,10.288249934092164
2026-08-10T17:17:08.694324+00:00,communication_drift_01,meter_01,552,none,publish_interval,random,random,random,normal_drift,0.9999999664162091,0.5081541277496275,0,,1,0,collecting_candidates;drift_not_confirmed,source_publish_interval,voltage_rolling_mean=231.651065;source_publish_interval=0.807639,source_publish_interval,1.8804590217769146,21.397042088210583,23.33925012499094
2026-08-10T17:17:08.718090+00:00,communication_drift_01,meter_02,552,none,publish_interval,random,random,random,normal_drift,0.999999999625959,0.4963614860043302,0,,1,0,collecting_candidates;drift_not_confirmed,source_publish_interval,voltage_rolling_mean=231.458249;source_publish_interval=0.807640,source_publish_interval,0.8290410041809082,12.0898331515491,12.95020803809166
2026-08-10T17:17:08.731207+00:00,communication_drift_01,meter_03,552,none,publish_interval,random,random,random,normal_drift,0.9999999999877294,0.46736818692679705,0,,1,0,collecting_candidates;drift_not_confirmed,source_publish_interval,voltage_rolling_mean=230.583691;source_publish_interval=0.807641,source_publish_interval,0.550874974578619,9.574417024850845,10.146750137209892
2026-08-10T17:17:09.501943+00:00,communication_drift_01,meter_01,553,none,publish_interval,random,random,random,normal_drift,0.9999999988772634,0.4804310894357685,0,,1,0,collecting_candidates;drift_not_confirmed,source_publish_interval,voltage_rolling_mean=231.651065;source_publish_interval=0.807639,source_publish_interval,2.2133339662104845,21.02095796726644,23.276624968275428
2026-08-10T17:17:09.525564+00:00,communication_drift_01,meter_02,553,none,publish_interval,random,random,random,normal_drift,0.9999999995606905,0.44232924975496096,0,,1,0,collecting_candidates;drift_not_confirmed,source_publish_interval,voltage_rolling_mean=231.458249;source_publish_interval=0.807640,source_publish_interval,0.8743330836296082,12.017874978482723,12.922249967232347
2026-08-10T17:17:09.538609+00:00,communication_drift_01,meter_03,553,none,publish_interval,random,random,random,normal_drift,0.9999999999816971,0.4409650746266354,0,,1,0,collecting_candidates;drift_not_confirmed,source_publish_interval,voltage_rolling_mean=230.583691;source_publish_interval=0.807641,source_publish_interval,0.5484581924974918,9.511584183201194,10.082208085805178
2026-08-10T17:17:10.305690+00:00,communication_drift_01,meter_01,554,none,publish_interval,random,random,random,normal_drift,0.9999999973772209,0.4895522695497018,0,,1,1,drift_not_confirmed;reference_updated,source_publish_interval,voltage_rolling_mean=231.651065;source_publish_interval=0.807368,source_publish_interval,2.3760418407619,18.657458014786243,21.083374973386526
2026-08-10T17:17:10.327255+00:00,communication_drift_01,meter_02,554,none,publish_interval,random,random,random,normal_drift,0.999999999956307,0.46022814971746323,0,,1,1,drift_not_confirmed;reference_updated,source_publish_interval,voltage_rolling_mean=231.458249;source_publish_interval=0.807369,source_publish_interval,0.8290000259876251,11.599750025197864,12.459833174943924
2026-08-10T17:17:10.339872+00:00,communication_drift_01,meter_03,554,none,publish_interval,random,random,random,normal_drift,0.9999999999872315,0.46228427135411515,0,,1,1,drift_not_confirmed;reference_updated,source_publish_interval,voltage_rolling_mean=230.583691;source_publish_interval=0.807368,source_publish_interval,0.5894580390304327,9.36404219828546,9.979250142350793
2026-08-10T17:17:11.112675+00:00,communication_drift_01,meter_01,555,none,publish_interval,random,random,random,normal_drift,0.9999999989115314,0.4625228787857426,0,,1,0,collecting_candidates;drift_not_confirmed,source_publish_interval,voltage_rolling_mean=231.651065;source_publish_interval=0.807368,source_publish_interval,2.3178751580417156,21.730625070631504,24.105542106553912
2026-08-10T17:17:11.137267+00:00,communication_drift_01,meter_02,555,none,publish_interval,random,random,random,normal_drift,0.9999999999002898,0.5273148571709758,0,,1,0,collecting_candidates;drift_not_confirmed,source_publish_interval,voltage_rolling_mean=231.458249;source_publish_interval=0.807369,source_publish_interval,0.9319579694420099,12.293291045352817,13.254250166937709
2026-08-10T17:17:11.150694+00:00,communication_drift_01,meter_03,555,none,publish_interval,random,random,random,normal_drift,0.9999999999894489,0.44120086250274715,0,,1,0,collecting_candidates;drift_not_confirmed,source_publish_interval,voltage_rolling_mean=230.583691;source_publish_interval=0.807368,source_publish_interval,0.6220838986337185,9.714541025459766,10.360874934121966
2026-08-10T17:17:11.912993+00:00,communication_drift_01,meter_01,556,none,publish_interval,random,random,random,normal_drift,0.9999999976480025,0.48533202596992536,0,,1,0,collecting_candidates;drift_not_confirmed,source_publish_interval,voltage_rolling_mean=231.651065;source_publish_interval=0.807368,source_publish_interval,2.6130839250981808,18.265082966536283,20.91795881278813
2026-08-10T17:17:11.934329+00:00,communication_drift_01,meter_02,556,none,publish_interval,random,random,random,normal_drift,0.9999999997518487,0.4571661023459846,0,,1,0,collecting_candidates;drift_not_confirmed,source_publish_interval,voltage_rolling_mean=231.458249;source_publish_interval=0.807369,source_publish_interval,0.7490830030292273,11.279415804892778,12.051749974489212
2026-08-10T17:17:11.946501+00:00,communication_drift_01,meter_03,556,none,publish_interval,random,random,random,normal_drift,0.999999999933751,0.48873828553939935,0,,1,0,collecting_candidates;drift_not_confirmed,source_publish_interval,voltage_rolling_mean=230.583691;source_publish_interval=0.807368,source_publish_interval,0.5482500419020653,9.350791107863188,9.921208955347538
2026-08-10T17:17:12.723081+00:00,communication_drift_01,meter_01,557,none,publish_interval,random,random,random,normal_drift,0.9999999992606332,0.4589830263684375,0,,1,0,collecting_candidates;drift_not_confirmed,source_publish_interval,voltage_rolling_mean=231.651065;source_publish_interval=0.807368,source_publish_interval,2.8249998576939106,18.236457835882902,21.10400004312396
2026-08-10T17:17:12.745144+00:00,communication_drift_01,meter_02,557,none,publish_interval,random,random,random,normal_drift,0.9999999999520532,0.4390152305556537,0,,1,0,collecting_candidates;drift_not_confirmed,source_publish_interval,voltage_rolling_mean=231.458249;source_publish_interval=0.807369,source_publish_interval,0.7696251850575209,11.61687495186925,12.412125011906028
2026-08-10T17:17:12.757696+00:00,communication_drift_01,meter_03,557,none,publish_interval,random,random,random,normal_drift,0.999999999993193,0.44937298271451454,0,,1,0,collecting_candidates;drift_not_confirmed,source_publish_interval,voltage_rolling_mean=230.583691;source_publish_interval=0.807368,source_publish_interval,0.596500001847744,9.575292002409697,10.195082984864712
2026-08-10T17:17:13.530523+00:00,communication_drift_01,meter_01,558,none,publish_interval,random,random,random,normal_drift,0.9999999948735798,0.4799411258491356,0,,1,0,collecting_candidates;drift_not_confirmed,source_publish_interval,voltage_rolling_mean=231.651065;source_publish_interval=0.807368,source_publish_interval,2.4955831468105316,17.94337504543364,20.48170892521739
2026-08-10T17:17:13.551458+00:00,communication_drift_01,meter_02,558,none,publish_interval,random,random,random,normal_drift,0.9999999997589502,0.44444433040452525,0,,1,0,collecting_candidates;drift_not_confirmed,source_publish_interval,voltage_rolling_mean=231.458249;source_publish_interval=0.807369,source_publish_interval,0.7493749726563692,11.21554197743535,11.988083133473992
2026-08-10T17:17:13.563568+00:00,communication_drift_01,meter_03,558,none,publish_interval,random,random,random,normal_drift,0.9999999999976235,0.4538095391693,0,,1,0,collecting_candidates;drift_not_confirmed,source_publish_interval,voltage_rolling_mean=230.583691;source_publish_interval=0.807368,source_publish_interval,0.5426669958978891,9.270959068089724,9.833750082179904
2026-08-10T17:17:14.339388+00:00,communication_drift_01,meter_01,559,none,publish_interval,random,random,random,normal_drift,0.9999999994150865,0.49383353638372446,0,,1,0,collecting_candidates;drift_not_confirmed,source_publish_interval,voltage_rolling_mean=231.651065;source_publish_interval=0.807368,source_publish_interval,2.4214580189436674,17.693249974399805,20.15141607262194
2026-08-10T17:17:14.359950+00:00,communication_drift_01,meter_02,559,none,publish_interval,random,random,random,normal_drift,0.9999999999843074,0.5249186843554008,0,,1,0,collecting_candidates;drift_not_confirmed,source_publish_interval,voltage_rolling_mean=231.458249;source_publish_interval=0.807369,source_publish_interval,0.7353329565376043,10.996041120961308,11.75349997356534
2026-08-10T17:17:14.371815+00:00,communication_drift_01,meter_03,559,none,publish_interval,random,random,random,normal_drift,0.9999999999593081,0.5046918833466708,0,,1,0,collecting_candidates;drift_not_confirmed,source_publish_interval,voltage_rolling_mean=230.583691;source_publish_interval=0.807368,source_publish_interval,0.5240829195827246,9.441999951377511,9.98833286575973
2026-08-10T17:17:15.149229+00:00,communication_drift_01,meter_01,560,none,publish_interval,random,random,random,normal_drift,0.9999999983112344,0.44542599592260984,0,,1,0,collecting_candidates;drift_not_confirmed,source_publish_interval,voltage_rolling_mean=231.651065;source_publish_interval=0.807368,source_publish_interval,2.289291936904192,21.20987488888204,23.53629213757813
2026-08-10T17:17:15.173191+00:00,communication_drift_01,meter_02,560,none,publish_interval,random,random,random,normal_drift,0.9999999999744571,0.4720384670293476,0,,1,0,collecting_candidates;drift_not_confirmed,source_publish_interval,voltage_rolling_mean=231.458249;source_publish_interval=0.807369,source_publish_interval,0.8556661196053028,11.906041065230966,12.788749998435378
2026-08-10T17:17:15.186099+00:00,communication_drift_01,meter_03,560,none,publish_interval,random,random,random,normal_drift,0.9999999999939719,0.45051031133104336,0,,1,0,collecting_candidates;drift_not_confirmed,source_publish_interval,voltage_rolling_mean=230.583691;source_publish_interval=0.807368,source_publish_interval,0.5865420680493116,9.757542051374912,10.366207920014858
2026-08-10T17:17:15.952705+00:00,communication_drift_01,meter_01,561,none,publish_interval,random,random,random,normal_drift,0.9999999977184519,0.449058045348261,0,,1,0,collecting_candidates;drift_not_confirmed,source_publish_interval,voltage_rolling_mean=231.651065;source_publish_interval=0.807368,source_publish_interval,2.3898330982774496,16.57974999397993,19.022708060219884
2026-08-10T17:17:15.972144+00:00,communication_drift_01,meter_02,561,none,publish_interval,random,random,random,normal_drift,0.9999999999193203,0.4559059478112502,0,,1,0,collecting_candidates;drift_not_confirmed,source_publish_interval,voltage_rolling_mean=231.458249;source_publish_interval=0.807369,source_publish_interval,0.79579115845263,11.093042092397809,11.915541952475905
2026-08-10T17:17:15.984192+00:00,communication_drift_01,meter_03,561,none,publish_interval,random,random,random,normal_drift,0.9999999999234255,0.4929450041350232,0,,1,0,collecting_candidates;drift_not_confirmed,source_publish_interval,voltage_rolling_mean=230.583691;source_publish_interval=0.807368,source_publish_interval,0.5199161823838949,9.201208129525185,9.741957997903228
2026-08-10T17:17:16.762417+00:00,communication_drift_01,meter_01,562,none,publish_interval,random,random,random,normal_drift,0.9999999987398527,0.4528174132538707,0,,1,0,collecting_candidates;drift_not_confirmed,source_publish_interval,voltage_rolling_mean=231.651065;source_publish_interval=0.807368,source_publish_interval,1.8163342028856277,21.979374811053276,23.86549999937415
2026-08-10T17:17:16.786720+00:00,communication_drift_01,meter_02,562,none,publish_interval,random,random,random,normal_drift,0.9999999999726186,0.4482781367206881,0,,1,0,collecting_candidates;drift_not_confirmed,source_publish_interval,voltage_rolling_mean=231.458249;source_publish_interval=0.807369,source_publish_interval,1.0147921275347471,12.553124921396375,13.60179204493761
2026-08-10T17:17:16.800514+00:00,communication_drift_01,meter_03,562,none,publish_interval,random,random,random,normal_drift,0.9999999999934246,0.4616469726024515,0,,1,0,collecting_candidates;drift_not_confirmed,source_publish_interval,voltage_rolling_mean=230.583691;source_publish_interval=0.807368,source_publish_interval,0.6291249301284552,9.659291943535209,10.311666876077652
2026-08-10T17:17:17.572569+00:00,communication_drift_01,meter_01,563,none,publish_interval,random,random,random,normal_drift,0.9999999994331574,0.48977318282660237,0,,1,0,collecting_candidates;drift_not_confirmed,source_publish_interval,voltage_rolling_mean=231.651065;source_publish_interval=0.807368,source_publish_interval,3.176207887008786,16.642791917547584,19.859708845615387
2026-08-10T17:17:17.592863+00:00,communication_drift_01,meter_02,563,none,publish_interval,random,random,random,normal_drift,0.9999999999255962,0.4389274382018794,0,,1,0,collecting_candidates;drift_not_confirmed,source_publish_interval,voltage_rolling_mean=231.458249;source_publish_interval=0.807369,source_publish_interval,0.7838329765945673,10.884499875828624,11.692166095599532
2026-08-10T17:17:17.604674+00:00,communication_drift_01,meter_03,563,none,publish_interval,random,random,random,normal_drift,0.9999999999854128,0.5220487531513076,0,,1,0,collecting_candidates;drift_not_confirmed,source_publish_interval,voltage_rolling_mean=230.583691;source_publish_interval=0.807368,source_publish_interval,0.5234170239418745,9.244874818250537,9.7912079654634
2026-08-10T17:17:18.377697+00:00,communication_drift_01,meter_01,564,none,publish_interval,random,random,random,normal_drift,0.9999999996714963,0.44809558713746944,0,,1,0,collecting_candidates;drift_not_confirmed,source_publish_interval,voltage_rolling_mean=231.651065;source_publish_interval=0.807368,source_publish_interval,2.444916870445013,17.54208281636238,20.018333103507757
2026-08-10T17:17:18.398111+00:00,communication_drift_01,meter_02,564,none,publish_interval,random,random,random,normal_drift,0.9999999999593412,0.44201905320654084,0,,1,0,collecting_candidates;drift_not_confirmed,source_publish_interval,voltage_rolling_mean=231.458249;source_publish_interval=0.807369,source_publish_interval,0.7377089932560921,11.104207951575518,11.863458901643753
2026-08-10T17:17:18.410077+00:00,communication_drift_01,meter_03,564,none,publish_interval,random,random,random,normal_drift,0.9999999999921472,0.45880990968348284,0,,1,0,collecting_candidates;drift_not_confirmed,source_publish_interval,voltage_rolling_mean=230.583691;source_publish_interval=0.807368,source_publish_interval,0.519416993483901,9.343582903966308,9.881624951958656
2026-08-10T17:17:19.186066+00:00,communication_drift_01,meter_01,565,none,publish_interval,random,random,random,normal_drift,0.9999999977519878,0.4628150510956513,0,,1,0,collecting_candidates;drift_not_confirmed,source_publish_interval,voltage_rolling_mean=231.651065;source_publish_interval=0.807368,source_publish_interval,2.0219162106513977,22.135874954983592,24.22379096969962
2026-08-10T17:17:19.210762+00:00,communication_drift_01,meter_02,565,none,publish_interval,random,random,random,normal_drift,0.999999999992824,0.48274214592403,0,,1,0,collecting_candidates;drift_not_confirmed,source_publish_interval,voltage_rolling_mean=231.458249;source_publish_interval=0.807369,source_publish_interval,0.966167077422142,12.339042034000158,13.335667084902525
2026-08-10T17:17:19.224276+00:00,communication_drift_01,meter_03,565,none,publish_interval,random,random,random,normal_drift,0.9999999999737825,0.536780101659686,0,,1,0,collecting_candidates;drift_not_confirmed,source_publish_interval,voltage_rolling_mean=230.583691;source_publish_interval=0.807368,source_publish_interval,0.5888328887522221,9.784250054508448,10.396166937425733
2026-08-10T17:17:19.995270+00:00,communication_drift_01,meter_01,566,none,publish_interval,random,random,random,normal_drift,0.9999999998834583,0.4383861324467266,0,,1,0,collecting_candidates;drift_not_confirmed,source_publish_interval,voltage_rolling_mean=231.651065;source_publish_interval=0.807368,source_publish_interval,2.390374895185232,17.910833936184645,20.336291985586286
2026-08-10T17:17:20.015983+00:00,communication_drift_01,meter_02,566,none,publish_interval,random,random,random,normal_drift,0.9999999999546643,0.44005174097427,0,,1,0,collecting_candidates;drift_not_confirmed,source_publish_interval,voltage_rolling_mean=231.458249;source_publish_interval=0.807369,source_publish_interval,0.7486660033464432,11.508791940286756,12.279957998543978
2026-08-10T17:17:20.028380+00:00,communication_drift_01,meter_03,566,none,publish_interval,random,random,random,normal_drift,0.9999999999611409,0.47773674845640596,0,,1,0,collecting_candidates;drift_not_confirmed,source_publish_interval,voltage_rolling_mean=230.583691;source_publish_interval=0.807368,source_publish_interval,0.5212088581174612,9.4802500680089,10.020375018939376
2026-08-10T17:17:20.797645+00:00,communication_drift_01,meter_01,567,none,publish_interval,random,random,random,normal_drift,0.9999999997647642,0.44467368070812996,0,,1,0,collecting_candidates;drift_not_confirmed,source_publish_interval,voltage_rolling_mean=231.651065;source_publish_interval=0.807368,source_publish_interval,2.4645410012453794,21.742207929491997,24.253749987110496
2026-08-10T17:17:20.822288+00:00,communication_drift_01,meter_02,567,none,publish_interval,random,random,random,normal_drift,0.9999999999645819,0.5127195720938446,0,,1,0,collecting_candidates;drift_not_confirmed,source_publish_interval,voltage_rolling_mean=231.458249;source_publish_interval=0.807369,source_publish_interval,0.9158330503851175,12.016750173643231,12.960875174030662
2026-08-10T17:17:20.835397+00:00,communication_drift_01,meter_03,567,none,publish_interval,random,random,random,normal_drift,0.9999999999595235,0.5576532389332711,0,,1,0,collecting_candidates;drift_not_confirmed,source_publish_interval,voltage_rolling_mean=230.583691;source_publish_interval=0.807368,source_publish_interval,0.6039580330252647,9.612875059247017,10.238208109512925
2026-08-10T17:17:21.606762+00:00,communication_drift_01,meter_01,568,none,publish_interval,random,random,random,normal_drift,0.9999999999229405,0.4497288303487828,0,,1,0,collecting_candidates;drift_not_confirmed,source_publish_interval,voltage_rolling_mean=231.651065;source_publish_interval=0.807368,source_publish_interval,1.3219581451267004,21.04262518696487,22.403416223824024
2026-08-10T17:17:21.629440+00:00,communication_drift_01,meter_02,568,none,publish_interval,random,random,random,normal_drift,0.9999999999941058,0.464667201977248,0,,1,0,collecting_candidates;drift_not_confirmed,source_publish_interval,voltage_rolling_mean=231.458249;source_publish_interval=0.807369,source_publish_interval,0.9012501686811447,12.070625089108944,12.997083133086562
2026-08-10T17:17:21.642580+00:00,communication_drift_01,meter_03,568,none,publish_interval,random,random,random,normal_drift,0.9999999999916025,0.45247575940664314,0,,1,0,collecting_candidates;drift_not_confirmed,source_publish_interval,voltage_rolling_mean=230.583691;source_publish_interval=0.807368,source_publish_interval,0.5335409659892321,9.53862490132451,10.092874988913536
2026-08-10T17:17:22.417273+00:00,communication_drift_01,meter_01,569,none,publish_interval,random,random,random,normal_drift,0.9999999995729143,0.44701769086034904,0,,1,0,collecting_candidates;drift_not_confirmed,source_publish_interval,voltage_rolling_mean=231.651065;source_publish_interval=0.807368,source_publish_interval,2.9577079694718122,16.36941684409976,19.35841701924801
2026-08-10T17:17:22.437047+00:00,communication_drift_01,meter_02,569,none,publish_interval,random,random,random,normal_drift,0.9999999999947538,0.4564380319535989,0,,1,0,collecting_candidates;drift_not_confirmed,source_publish_interval,voltage_rolling_mean=231.458249;source_publish_interval=0.807369,source_publish_interval,0.7454580627381802,10.858333902433515,11.624916922301054
2026-08-10T17:17:22.448776+00:00,communication_drift_01,meter_03,569,none,publish_interval,random,random,random,normal_drift,0.9999999999919256,0.4832426731241206,0,,1,0,collecting_candidates;drift_not_confirmed,source_publish_interval,voltage_rolling_mean=230.583691;source_publish_interval=0.807368,source_publish_interval,0.5122909788042307,9.17791691608727,9.710249956697226
2026-08-10T17:17:23.227311+00:00,communication_drift_01,meter_01,570,none,publish_interval,random,random,random,normal_drift,0.9999999998845335,0.46217472065985415,0,,1,0,collecting_candidates;drift_not_confirmed,source_publish_interval,voltage_rolling_mean=231.651065;source_publish_interval=0.807368,source_publish_interval,3.5250000655651093,13.550667092204094,17.104250146076083
2026-08-10T17:17:23.244776+00:00,communication_drift_01,meter_02,570,none,publish_interval,random,random,random,normal_drift,0.9999999999885458,0.5308065268446737,0,,1,0,collecting_candidates;drift_not_confirmed,source_publish_interval,voltage_rolling_mean=231.458249;source_publish_interval=0.807369,source_publish_interval,0.6560420151799917,10.344333946704865,11.020374950021505
2026-08-10T17:17:23.255894+00:00,communication_drift_01,meter_03,570,none,publish_interval,random,random,random,normal_drift,0.9999999999946783,0.45786725055586114,0,,1,0,collecting_candidates;drift_not_confirmed,source_publish_interval,voltage_rolling_mean=230.583691;source_publish_interval=0.807368,source_publish_interval,0.46958308666944504,8.835875196382403,9.325666818767786
2026-08-10T17:17:24.027694+00:00,communication_drift_01,meter_01,571,none,publish_interval,random,random,random,normal_drift,0.9999999999128064,0.5536381170720452,0,,1,0,collecting_candidates;drift_not_confirmed,source_publish_interval,voltage_rolling_mean=231.651065;source_publish_interval=0.807368,source_publish_interval,2.0439999643713236,21.94024994969368,24.02991591952741
2026-08-10T17:17:24.052110+00:00,communication_drift_01,meter_02,571,none,publish_interval,random,random,random,normal_drift,0.999999999996884,0.5813183241935919,0,,1,0,collecting_candidates;drift_not_confirmed,source_publish_interval,voltage_rolling_mean=231.458249;source_publish_interval=0.807369,source_publish_interval,0.8614999242126942,12.239916017279029,13.127499958500266
2026-08-10T17:17:24.065391+00:00,communication_drift_01,meter_03,571,none,publish_interval,random,random,random,normal_drift,0.999999999991076,0.45150181146697077,0,,1,0,collecting_candidates;drift_not_confirmed,source_publish_interval,voltage_rolling_mean=230.583691;source_publish_interval=0.807368,source_publish_interval,0.5847078282386065,9.676541900262237,10.282124858349562
2026-08-10T17:17:24.835916+00:00,communication_drift_01,meter_01,572,none,publish_interval,random,random,random,normal_drift,0.9999999999620914,0.4480428401027174,0,,1,0,collecting_candidates;drift_not_confirmed,source_publish_interval,voltage_rolling_mean=231.651065;source_publish_interval=0.807368,source_publish_interval,2.4309579748660326,18.118999898433685,20.583041943609715
2026-08-10T17:17:24.856882+00:00,communication_drift_01,meter_02,572,none,publish_interval,random,random,random,normal_drift,0.9999999999984956,0.4944025825366051,0,,1,0,collecting_candidates;drift_not_confirmed,source_publish_interval,voltage_rolling_mean=231.458249;source_publish_interval=0.807369,source_publish_interval,0.7231670897454023,11.450709076598287,12.195749906823039
2026-08-10T17:17:24.869178+00:00,communication_drift_01,meter_03,572,none,publish_interval,random,random,random,normal_drift,0.9999999999859932,0.4531825776161484,0,,1,0,collecting_candidates;drift_not_confirmed,source_publish_interval,voltage_rolling_mean=230.583691;source_publish_interval=0.807368,source_publish_interval,0.5066250450909138,9.481041925027966,10.006624972447753
2026-08-10T17:17:25.644622+00:00,communication_drift_01,meter_01,573,none,publish_interval,random,random,random,normal_drift,0.9999999999720137,0.4589808374056448,0,,1,0,collecting_candidates;drift_not_confirmed,source_publish_interval,voltage_rolling_mean=231.651065;source_publish_interval=0.807368,source_publish_interval,2.500416012480855,22.141666850075126,24.682250106707215
2026-08-10T17:17:25.669722+00:00,communication_drift_01,meter_02,573,none,publish_interval,random,random,random,normal_drift,0.9999999999985876,0.542603168703853,0,,1,0,collecting_candidates;drift_not_confirmed,source_publish_interval,voltage_rolling_mean=231.458249;source_publish_interval=0.807369,source_publish_interval,0.7880839984863997,11.934750014916062,12.74745911359787
2026-08-10T17:17:25.682603+00:00,communication_drift_01,meter_03,573,none,publish_interval,random,random,random,normal_drift,0.9999999999966982,0.4546597775271045,0,,1,0,collecting_candidates;drift_not_confirmed,source_publish_interval,voltage_rolling_mean=230.583691;source_publish_interval=0.807368,source_publish_interval,0.5557499825954437,9.550584014505148,10.126749984920025
2026-08-10T17:17:26.453968+00:00,communication_drift_01,meter_01,574,none,publish_interval,random,random,random,normal_drift,0.9999999999797093,0.4409327057279218,0,,1,1,drift_not_confirmed;reference_updated,source_publish_interval,voltage_rolling_mean=231.651065;source_publish_interval=0.807395,source_publish_interval,2.009834162890911,22.107459139078856,24.162666872143745
2026-08-10T17:17:26.478498+00:00,communication_drift_01,meter_02,574,none,publish_interval,random,random,random,normal_drift,0.9999999999951537,0.5055251210738458,0,,1,1,drift_not_confirmed;reference_updated,source_publish_interval,voltage_rolling_mean=231.458249;source_publish_interval=0.807394,source_publish_interval,0.836250139400363,12.210249900817871,13.073499780148268
2026-08-10T17:17:26.491687+00:00,communication_drift_01,meter_03,574,none,publish_interval,random,random,random,normal_drift,0.9999999999852047,0.5135698048380044,0,,1,1,drift_not_confirmed;reference_updated,source_publish_interval,voltage_rolling_mean=230.583691;source_publish_interval=0.807394,source_publish_interval,0.5912501364946365,9.802416898310184,10.414750082418323
2026-08-10T17:17:27.262362+00:00,communication_drift_01,meter_01,575,none,publish_interval,random,random,random,normal_drift,0.9999999999128819,0.46448322214600113,0,,1,0,collecting_candidates;drift_not_confirmed,source_publish_interval,voltage_rolling_mean=231.651065;source_publish_interval=0.807395,source_publish_interval,1.9987081177532673,21.940707927569747,23.97700003348291
2026-08-10T17:17:27.286691+00:00,communication_drift_01,meter_02,575,none,publish_interval,random,random,random,normal_drift,0.9999999999965579,0.4566541956270232,0,,1,0,collecting_candidates;drift_not_confirmed,source_publish_interval,voltage_rolling_mean=231.458249;source_publish_interval=0.807394,source_publish_interval,0.855916878208518,12.45691697113216,13.341875048354268
2026-08-10T17:17:27.300156+00:00,communication_drift_01,meter_03,575,none,publish_interval,random,random,random,normal_drift,0.9999999999930806,0.5421666008095467,0,,1,0,collecting_candidates;drift_not_confirmed,source_publish_interval,voltage_rolling_mean=230.583691;source_publish_interval=0.807394,source_publish_interval,0.6141250487416983,9.615166112780571,10.250415885820985
2026-08-10T17:17:28.068952+00:00,communication_drift_01,meter_01,576,none,publish_interval,random,random,random,normal_drift,0.999999999895808,0.49114724394742953,0,,1,0,collecting_candidates;drift_not_confirmed,source_publish_interval,voltage_rolling_mean=231.651065;source_publish_interval=0.807395,source_publish_interval,3.191000083461404,19.71474988386035,22.942082956433296
2026-08-10T17:17:28.092269+00:00,communication_drift_01,meter_02,576,none,publish_interval,random,random,random,normal_drift,0.9999999999976419,0.4599214383480808,0,,1,0,collecting_candidates;drift_not_confirmed,source_publish_interval,voltage_rolling_mean=231.458249;source_publish_interval=0.807394,source_publish_interval,0.7010409608483315,11.741542024537921,12.464249972254038
2026-08-10T17:17:28.104842+00:00,communication_drift_01,meter_03,576,none,publish_interval,random,random,random,normal_drift,0.9999999999669871,0.47812637134521796,0,,1,0,collecting_candidates;drift_not_confirmed,source_publish_interval,voltage_rolling_mean=230.583691;source_publish_interval=0.807394,source_publish_interval,0.5333330482244492,9.52404085546732,10.076374979689717
2026-08-10T17:17:28.873082+00:00,communication_drift_01,meter_01,577,none,publish_interval,random,random,random,normal_drift,0.9999999999802383,0.4483103175473592,0,,1,0,collecting_candidates;drift_not_confirmed,source_publish_interval,voltage_rolling_mean=231.651065;source_publish_interval=0.807395,source_publish_interval,2.03204108402133,21.30770799703896,23.385999957099557
2026-08-10T17:17:28.896871+00:00,communication_drift_01,meter_02,577,none,publish_interval,random,random,random,normal_drift,0.999999999995598,0.4585130731330502,0,,1,0,collecting_candidates;drift_not_confirmed,source_publish_interval,voltage_rolling_mean=231.458249;source_publish_interval=0.807394,source_publish_interval,0.8413328323513269,12.14983407407999,13.018874917179346
2026-08-10T17:17:28.910036+00:00,communication_drift_01,meter_03,577,none,publish_interval,random,random,random,normal_drift,0.9999999999944846,0.44831306074705307,0,,1,0,collecting_candidates;drift_not_confirmed,source_publish_interval,voltage_rolling_mean=230.583691;source_publish_interval=0.807394,source_publish_interval,0.601333100348711,9.564209030941129,10.188375134021044
2026-08-10T17:17:29.680007+00:00,communication_drift_01,meter_01,578,none,publish_interval,random,random,random,normal_drift,0.9999999999768163,0.45184831392173364,0,,1,0,collecting_candidates;drift_not_confirmed,source_publish_interval,voltage_rolling_mean=231.651065;source_publish_interval=0.807395,source_publish_interval,2.3265830241143703,18.333875108510256,20.712416153401136
2026-08-10T17:17:29.701153+00:00,communication_drift_01,meter_02,578,none,publish_interval,random,random,random,normal_drift,0.999999999995409,0.4534296759774472,0,,1,0,collecting_candidates;drift_not_confirmed,source_publish_interval,voltage_rolling_mean=231.458249;source_publish_interval=0.807394,source_publish_interval,0.7680421695113182,11.661041993647814,12.452416121959686
2026-08-10T17:17:29.713730+00:00,communication_drift_01,meter_03,578,none,publish_interval,random,random,random,normal_drift,0.9999999999793685,0.4822237505482026,0,,1,0,collecting_candidates;drift_not_confirmed,source_publish_interval,voltage_rolling_mean=230.583691;source_publish_interval=0.807394,source_publish_interval,0.5298750475049019,9.514125064015388,10.063542053103447
2026-08-10T17:17:30.490030+00:00,communication_drift_01,meter_01,579,none,publish_interval,random,random,random,normal_drift,0.9999999999530702,0.4648419328195201,0,,1,0,collecting_candidates;drift_not_confirmed,source_publish_interval,voltage_rolling_mean=231.651065;source_publish_interval=0.807395,source_publish_interval,2.786582801491022,18.129542004317045,20.961291855201125
2026-08-10T17:17:30.511410+00:00,communication_drift_01,meter_02,579,none,publish_interval,random,random,random,normal_drift,0.9999999999897438,0.5281746198241103,0,,1,0,collecting_candidates;drift_not_confirmed,source_publish_interval,voltage_rolling_mean=231.458249;source_publish_interval=0.807394,source_publish_interval,0.7397080771625042,11.36633288115263,12.128083035349846
2026-08-10T17:17:30.523649+00:00,communication_drift_01,meter_03,579,none,publish_interval,random,random,random,normal_drift,0.9999999999949676,0.45836417411165015,0,,1,0,collecting_candidates;drift_not_confirmed,source_publish_interval,voltage_rolling_mean=230.583691;source_publish_interval=0.807394,source_publish_interval,0.5349160637706518,9.490125114098191,10.04716707393527
2026-08-10T17:17:31.300252+00:00,communication_drift_01,meter_01,580,none,publish_interval,random,random,random,normal_drift,0.9999999999838529,0.44470599246201586,0,,1,0,collecting_candidates;drift_not_confirmed,source_publish_interval,voltage_rolling_mean=231.651065;source_publish_interval=0.807395,source_publish_interval,1.9977500196546316,21.914249984547496,23.954249918460846
2026-08-10T17:17:31.324547+00:00,communication_drift_01,meter_02,580,none,publish_interval,random,random,random,normal_drift,0.9999999999979297,0.458082441503153,0,,1,0,collecting_candidates;drift_not_confirmed,source_publish_interval,voltage_rolling_mean=231.458249;source_publish_interval=0.807394,source_publish_interval,0.8432089816778898,12.20174995251,13.070124899968505
2026-08-10T17:17:31.337743+00:00,communication_drift_01,meter_03,580,none,publish_interval,random,random,random,normal_drift,0.9999999999815652,0.5430087681068256,0,,1,0,collecting_candidates;drift_not_confirmed,source_publish_interval,voltage_rolling_mean=230.583691;source_publish_interval=0.807394,source_publish_interval,0.5977500695735216,9.602375095710158,10.219999821856618
2026-08-10T17:17:32.104533+00:00,communication_drift_01,meter_01,581,none,publish_interval,random,random,random,normal_drift,0.9999999999326588,0.4429547076067941,0,,1,0,collecting_candidates;drift_not_confirmed,source_publish_interval,voltage_rolling_mean=231.651065;source_publish_interval=0.807395,source_publish_interval,1.3464579824358225,20.720167085528374,22.1136671025306
2026-08-10T17:17:32.126910+00:00,communication_drift_01,meter_02,581,none,publish_interval,random,random,random,normal_drift,0.9999999999966132,0.45207266335223795,0,,1,0,collecting_candidates;drift_not_confirmed,source_publish_interval,voltage_rolling_mean=231.458249;source_publish_interval=0.807394,source_publish_interval,0.8832921739667654,12.341290945187211,13.25220800936222
2026-08-10T17:17:32.140292+00:00,communication_drift_01,meter_03,581,none,publish_interval,random,random,random,normal_drift,0.9999999999905542,0.4491293952881471,0,,1,0,collecting_candidates;drift_not_confirmed,source_publish_interval,voltage_rolling_mean=230.583691;source_publish_interval=0.807394,source_publish_interval,0.6243749521672726,9.781499858945608,10.42520790360868
2026-08-10T17:17:32.905754+00:00,communication_drift_01,meter_01,582,none,publish_interval,random,random,random,normal_drift,0.9999999999568638,0.4845606798978737,0,,1,0,collecting_candidates;drift_not_confirmed,source_publish_interval,voltage_rolling_mean=231.651065;source_publish_interval=0.807395,source_publish_interval,2.1113338880240917,22.068833000957966,24.224249878898263
2026-08-10T17:17:32.930321+00:00,communication_drift_01,meter_02,582,none,publish_interval,random,random,random,normal_drift,0.9999999999934079,0.45452166436391794,0,,1,0,collecting_candidates;drift_not_confirmed,source_publish_interval,voltage_rolling_mean=231.458249;source_publish_interval=0.807394,source_publish_interval,0.8592081721872091,11.921915924176574,12.806374812498689
2026-08-10T17:17:32.943259+00:00,communication_drift_01,meter_03,582,none,publish_interval,random,random,random,normal_drift,0.9999999999776619,0.46717301751330176,0,,1,0,collecting_candidates;drift_not_confirmed,source_publish_interval,voltage_rolling_mean=230.583691;source_publish_interval=0.807394,source_publish_interval,0.5902920383960009,9.882792131975293,10.495041031390429
2026-08-10T17:17:33.715488+00:00,communication_drift_01,meter_01,583,none,publish_interval,random,random,random,normal_drift,0.9999999999067295,0.4606666034724066,0,,1,0,collecting_candidates;drift_not_confirmed,source_publish_interval,voltage_rolling_mean=231.651065;source_publish_interval=0.807395,source_publish_interval,2.0211669616401196,22.227667039260268,24.28512484766543
2026-08-10T17:17:33.740127+00:00,communication_drift_01,meter_02,583,none,publish_interval,random,random,random,normal_drift,0.9999999999889893,0.49597843900152094,0,,1,0,collecting_candidates;drift_not_confirmed,source_publish_interval,voltage_rolling_mean=231.458249;source_publish_interval=0.807394,source_publish_interval,0.820250017568469,11.831874959170818,12.674042023718357
2026-08-10T17:17:33.752920+00:00,communication_drift_01,meter_03,583,none,publish_interval,random,random,random,normal_drift,0.9999999999939027,0.46837065182997345,0,,1,0,collecting_candidates;drift_not_confirmed,source_publish_interval,voltage_rolling_mean=230.583691;source_publish_interval=0.807394,source_publish_interval,0.5287921521812677,9.551499970257282,10.100125102326274
2026-08-10T17:17:34.516460+00:00,communication_drift_01,meter_01,584,none,publish_interval,random,random,random,normal_drift,0.9999999999640719,0.5050734545423222,0,,1,0,collecting_candidates;drift_not_confirmed,source_publish_interval,voltage_rolling_mean=231.651065;source_publish_interval=0.807395,source_publish_interval,1.3602501712739468,21.474458975717425,22.88283407688141
2026-08-10T17:17:34.539629+00:00,communication_drift_01,meter_02,584,none,publish_interval,random,random,random,normal_drift,0.9999999999784526,0.5004445570316318,0,,1,0,collecting_candidates;drift_not_confirmed,source_publish_interval,voltage_rolling_mean=231.458249;source_publish_interval=0.807394,source_publish_interval,0.9171250276267529,13.622666941955686,14.567832928150892
2026-08-10T17:17:34.554367+00:00,communication_drift_01,meter_03,584,none,publish_interval,random,random,random,normal_drift,0.9999999999931819,0.5812735236341932,0,,1,0,collecting_candidates;drift_not_confirmed,source_publish_interval,voltage_rolling_mean=230.583691;source_publish_interval=0.807394,source_publish_interval,0.610667048022151,10.0057078525424,10.637582978233695
2026-08-10T17:17:35.316432+00:00,communication_drift_01,meter_01,585,none,publish_interval,random,random,random,normal_drift,0.9999999998259219,0.49944370516821196,0,,1,0,collecting_candidates;drift_not_confirmed,source_publish_interval,voltage_rolling_mean=231.651065;source_publish_interval=0.807395,source_publish_interval,0.9114588610827923,16.1337498575449,17.084874911233783
2026-08-10T17:17:35.333722+00:00,communication_drift_01,meter_02,585,none,publish_interval,random,random,random,normal_drift,0.9999999999817917,0.45723386789077036,0,,1,0,collecting_candidates;drift_not_confirmed,source_publish_interval,voltage_rolling_mean=231.458249;source_publish_interval=0.807394,source_publish_interval,0.593625009059906,10.00283402390778,10.62679081223905
2026-08-10T17:17:35.344518+00:00,communication_drift_01,meter_03,585,none,publish_interval,random,random,random,normal_drift,0.9999999999733551,0.4566814692327229,0,,1,0,collecting_candidates;drift_not_confirmed,source_publish_interval,voltage_rolling_mean=230.583691;source_publish_interval=0.807394,source_publish_interval,0.5633749533444643,11.025709100067616,11.618749937042594
2026-08-10T17:17:36.126362+00:00,communication_drift_01,meter_01,586,none,publish_interval,random,random,random,normal_drift,0.9999999999868934,0.4508341767665932,0,,1,0,collecting_candidates;drift_not_confirmed,source_publish_interval,voltage_rolling_mean=231.651065;source_publish_interval=0.807395,source_publish_interval,2.0039170049130917,22.092583123594522,24.151832796633244
2026-08-10T17:17:36.150870+00:00,communication_drift_01,meter_02,586,none,publish_interval,random,random,random,normal_drift,0.9999999999990752,0.46115693746153164,0,,1,0,collecting_candidates;drift_not_confirmed,source_publish_interval,voltage_rolling_mean=231.458249;source_publish_interval=0.807394,source_publish_interval,0.9325419086962938,11.96637493558228,12.931749923154712
2026-08-10T17:17:36.163997+00:00,communication_drift_01,meter_03,586,none,publish_interval,random,random,random,normal_drift,0.9999999999975073,0.44730954874703044,0,,1,0,collecting_candidates;drift_not_confirmed,source_publish_interval,voltage_rolling_mean=230.583691;source_publish_interval=0.807394,source_publish_interval,0.61262515373528,9.600792080163956,10.234917048364878
2026-08-10T17:17:36.928743+00:00,communication_drift_01,meter_01,587,none,publish_interval,random,random,random,normal_drift,0.9999999997515308,0.48447072954683107,0,,1,0,collecting_candidates;drift_not_confirmed,source_publish_interval,voltage_rolling_mean=231.651065;source_publish_interval=0.807395,source_publish_interval,2.214541891589761,22.26991718634963,24.522332940250635
2026-08-10T17:17:36.953722+00:00,communication_drift_01,meter_02,587,none,publish_interval,random,random,random,normal_drift,0.9999999999962017,0.45389360855907274,0,,1,0,collecting_candidates;drift_not_confirmed,source_publish_interval,voltage_rolling_mean=231.458249;source_publish_interval=0.807394,source_publish_interval,0.8270000107586384,11.949208099395037,12.801500037312508
2026-08-10T17:17:36.966653+00:00,communication_drift_01,meter_03,587,none,publish_interval,random,random,random,normal_drift,0.9999999999807314,0.46284616254903743,0,,1,0,collecting_candidates;drift_not_confirmed,source_publish_interval,voltage_rolling_mean=230.583691;source_publish_interval=0.807394,source_publish_interval,0.5965421441942453,9.74587514065206,10.362708009779453
2026-08-10T17:17:37.738186+00:00,communication_drift_01,meter_01,588,none,publish_interval,random,random,random,normal_drift,0.9999999999852436,0.45235460867462235,0,,1,0,collecting_candidates;drift_not_confirmed,source_publish_interval,voltage_rolling_mean=231.651065;source_publish_interval=0.807395,source_publish_interval,2.204792108386755,22.41495787166059,24.66433309018612
2026-08-10T17:17:37.763267+00:00,communication_drift_01,meter_02,588,none,publish_interval,random,random,random,normal_drift,0.9999999999959719,0.4509674568455695,0,,1,0,collecting_candidates;drift_not_confirmed,source_publish_interval,voltage_rolling_mean=231.458249;source_publish_interval=0.807394,source_publish_interval,0.9073747787624598,11.892874957993627,12.827042024582624
2026-08-10T17:17:37.776246+00:00,communication_drift_01,meter_03,588,none,publish_interval,random,random,random,normal_drift,0.9999999999835489,0.483612054400103,0,,1,0,collecting_candidates;drift_not_confirmed,source_publish_interval,voltage_rolling_mean=230.583691;source_publish_interval=0.807394,source_publish_interval,0.5970839411020279,9.682707954198122,10.300874942913651
2026-08-10T17:17:38.547278+00:00,communication_drift_01,meter_01,589,none,publish_interval,random,random,random,normal_drift,0.9999999999659983,0.6042342966656413,0,,1,0,collecting_candidates;drift_not_confirmed,source_publish_interval,voltage_rolling_mean=231.651065;source_publish_interval=0.807395,source_publish_interval,2.0069170277565718,22.142708068713546,24.203124921768904
2026-08-10T17:17:38.571880+00:00,communication_drift_01,meter_02,589,none,publish_interval,random,random,random,normal_drift,0.9999999999989064,0.47605476911710376,0,,1,0,collecting_candidates;drift_not_confirmed,source_publish_interval,voltage_rolling_mean=231.458249;source_publish_interval=0.807394,source_publish_interval,0.9620420169085264,12.001958908513188,12.994708027690649
2026-08-10T17:17:38.585043+00:00,communication_drift_01,meter_03,589,none,publish_interval,random,random,random,normal_drift,0.9999999999612348,0.5400172131510993,0,,1,0,collecting_candidates;drift_not_confirmed,source_publish_interval,voltage_rolling_mean=230.583691;source_publish_interval=0.807394,source_publish_interval,0.6032499950379133,9.642790770158172,10.268208105117083
2026-08-10T17:17:39.356900+00:00,communication_drift_01,meter_01,590,none,publish_interval,random,random,random,normal_drift,0.9999999999903408,0.4893632299813601,0,,1,0,collecting_candidates;drift_not_confirmed,source_publish_interval,voltage_rolling_mean=231.651065;source_publish_interval=0.807395,source_publish_interval,2.1891670767217875,22.708958946168423,24.937666952610016
2026-08-10T17:17:39.382241+00:00,communication_drift_01,meter_02,590,none,publish_interval,random,random,random,normal_drift,0.9999999999934512,0.4535191163743763,0,,1,0,collecting_candidates;drift_not_confirmed,source_publish_interval,voltage_rolling_mean=231.458249;source_publish_interval=0.807394,source_publish_interval,0.8557911496609449,11.921167140826583,12.8024579025805
2026-08-10T17:17:39.395179+00:00,communication_drift_01,meter_03,590,none,publish_interval,random,random,random,normal_drift,0.9999999999924323,0.5617193282256138,0,,1,0,collecting_candidates;drift_not_confirmed,source_publish_interval,voltage_rolling_mean=230.583691;source_publish_interval=0.807394,source_publish_interval,0.5827918648719788,9.719124995172024,10.322083020582795
2026-08-10T17:17:40.166931+00:00,communication_drift_01,meter_01,591,none,publish_interval,random,random,random,normal_drift,0.9999999999329863,0.5013945451238739,0,,1,0,collecting_candidates;drift_not_confirmed,source_publish_interval,voltage_rolling_mean=231.651065;source_publish_interval=0.807395,source_publish_interval,2.6535000652074814,18.057000124827027,20.745875081047416
2026-08-10T17:17:40.188056+00:00,communication_drift_01,meter_02,591,none,publish_interval,random,random,random,normal_drift,0.9999999999946585,0.44938177809944085,0,,1,0,collecting_candidates;drift_not_confirmed,source_publish_interval,voltage_rolling_mean=231.458249;source_publish_interval=0.807394,source_publish_interval,0.731790903955698,11.154165957123041,11.908167041838169
2026-08-10T17:17:40.200079+00:00,communication_drift_01,meter_03,591,none,publish_interval,random,random,random,normal_drift,0.9999999999915066,0.4785458062154845,0,,1,0,collecting_candidates;drift_not_confirmed,source_publish_interval,voltage_rolling_mean=230.583691;source_publish_interval=0.807394,source_publish_interval,0.5147920455783606,9.409666061401367,9.945667115971446
2026-08-10T17:17:40.976189+00:00,communication_drift_01,meter_01,592,none,publish_interval,random,random,random,normal_drift,0.9999999999801332,0.5210649675935605,0,,1,0,collecting_candidates;drift_not_confirmed,source_publish_interval,voltage_rolling_mean=231.651065;source_publish_interval=0.807395,source_publish_interval,2.0499578677117825,22.20183378085494,24.299999931827188
2026-08-10T17:17:41.000842+00:00,communication_drift_01,meter_02,592,none,publish_interval,random,random,random,normal_drift,0.9999999999943692,0.44928884755676946,0,,1,0,collecting_candidates;drift_not_confirmed,source_publish_interval,voltage_rolling_mean=231.458249;source_publish_interval=0.807394,source_publish_interval,0.8168751373887062,11.936292052268982,12.78033317066729
2026-08-10T17:17:41.013769+00:00,communication_drift_01,meter_03,592,none,publish_interval,random,random,random,normal_drift,0.9999999999961837,0.4462528075823084,0,,1,0,collecting_candidates;drift_not_confirmed,source_publish_interval,voltage_rolling_mean=230.583691;source_publish_interval=0.807394,source_publish_interval,0.5952080246061087,9.555584052577615,10.168332839384675
2026-08-10T17:17:41.776731+00:00,communication_drift_01,meter_01,593,none,publish_interval,random,random,random,normal_drift,0.9999999999861646,0.46632236404836863,0,,1,0,collecting_candidates;drift_not_confirmed,source_publish_interval,voltage_rolling_mean=231.651065;source_publish_interval=0.807395,source_publish_interval,2.628415822982788,22.610749816522002,25.277124950662255
2026-08-10T17:17:41.802434+00:00,communication_drift_01,meter_02,593,none,publish_interval,random,random,random,normal_drift,0.9999999999947964,0.4506775593460264,0,,1,0,collecting_candidates;drift_not_confirmed,source_publish_interval,voltage_rolling_mean=231.458249;source_publish_interval=0.807394,source_publish_interval,0.8397500496357679,11.964042205363512,12.828374980017543
2026-08-10T17:17:41.815394+00:00,communication_drift_01,meter_03,593,none,publish_interval,random,random,random,normal_drift,0.9999999999785969,0.44812317464122975,0,,1,0,collecting_candidates;drift_not_confirmed,source_publish_interval,voltage_rolling_mean=230.583691;source_publish_interval=0.807394,source_publish_interval,0.5761249922215939,9.629291016608477,10.225500212982297
2026-08-10T17:17:42.584109+00:00,communication_drift_01,meter_01,594,none,publish_interval,random,random,random,normal_drift,0.9999999999891171,0.46309990877428653,0,,1,1,drift_not_confirmed;reference_updated,source_publish_interval,voltage_rolling_mean=231.651065;source_publish_interval=0.806953,source_publish_interval,1.67254195548594,20.825082901865244,22.537749959155917
2026-08-10T17:17:42.606983+00:00,communication_drift_01,meter_02,594,none,publish_interval,random,random,random,normal_drift,0.9999999999938523,0.4459404330180442,0,,1,1,drift_not_confirmed;reference_updated,source_publish_interval,voltage_rolling_mean=231.458249;source_publish_interval=0.806950,source_publish_interval,0.7316248957067728,11.73945888876915,12.498124968260527
2026-08-10T17:17:42.619597+00:00,communication_drift_01,meter_03,594,none,publish_interval,random,random,random,normal_drift,0.999999999969301,0.4564059602652481,0,,1,1,drift_not_confirmed;reference_updated,source_publish_interval,voltage_rolling_mean=230.583691;source_publish_interval=0.806950,source_publish_interval,0.5224579945206642,9.544583037495613,10.088041890412569
2026-08-10T17:17:43.385531+00:00,communication_drift_01,meter_01,595,none,publish_interval,random,random,random,normal_drift,0.999999999985183,0.45377755368374084,0,,1,0,collecting_candidates;drift_not_confirmed,source_publish_interval,voltage_rolling_mean=231.651065;source_publish_interval=0.806953,source_publish_interval,1.4002081006765366,20.673459162935615,22.117999847978354
2026-08-10T17:17:43.407920+00:00,communication_drift_01,meter_02,595,none,publish_interval,random,random,random,normal_drift,0.9999999999925859,0.46151646242380595,0,,1,0,collecting_candidates;drift_not_confirmed,source_publish_interval,voltage_rolling_mean=231.458249;source_publish_interval=0.806950,source_publish_interval,0.8846670389175415,13.006083201617002,13.917374890297651
2026-08-10T17:17:43.421972+00:00,communication_drift_01,meter_03,595,none,publish_interval,random,random,random,normal_drift,0.9999999997940869,0.6179205295097824,0,,1,0,collecting_candidates;drift_not_confirmed,source_publish_interval,voltage_rolling_mean=230.583691;source_publish_interval=0.806950,source_publish_interval,0.6179590709507465,10.152749950066209,10.79483306966722
2026-08-10T17:17:44.196553+00:00,communication_drift_01,meter_01,596,none,publish_interval,random,random,random,normal_drift,0.9999999999742346,0.47050793383454864,0,,1,0,collecting_candidates;drift_not_confirmed,source_publish_interval,voltage_rolling_mean=231.651065;source_publish_interval=0.806953,source_publish_interval,2.0037919748574495,22.24704180844128,24.292791029438376
2026-08-10T17:17:44.221228+00:00,communication_drift_01,meter_02,596,none,publish_interval,random,random,random,normal_drift,0.9999999999973217,0.45501950438336464,0,,1,0,collecting_candidates;drift_not_confirmed,source_publish_interval,voltage_rolling_mean=231.458249;source_publish_interval=0.806950,source_publish_interval,0.8574160747230053,11.846916982904077,12.728333938866854
2026-08-10T17:17:44.234097+00:00,communication_drift_01,meter_03,596,none,publish_interval,random,random,random,normal_drift,0.9999999999834941,0.48710006412854795,0,,1,0,collecting_candidates;drift_not_confirmed,source_publish_interval,voltage_rolling_mean=230.583691;source_publish_interval=0.806950,source_publish_interval,0.584915978834033,9.61145805194974,10.21604216657579
2026-08-10T17:17:45.006429+00:00,communication_drift_01,meter_01,597,none,publish_interval,random,random,random,normal_drift,0.999999999988328,0.45731290495352656,0,,1,0,collecting_candidates;drift_not_confirmed,source_publish_interval,voltage_rolling_mean=231.651065;source_publish_interval=0.806953,source_publish_interval,2.0342080388218164,22.255124989897013,24.330542190000415
2026-08-10T17:17:45.031117+00:00,communication_drift_01,meter_02,597,none,publish_interval,random,random,random,normal_drift,0.9999999999972375,0.460703659177048,0,,1,0,collecting_candidates;drift_not_confirmed,source_publish_interval,voltage_rolling_mean=231.458249;source_publish_interval=0.806950,source_publish_interval,0.8399588987231255,12.177665950730443,13.045042054727674
2026-08-10T17:17:45.044294+00:00,communication_drift_01,meter_03,597,none,publish_interval,random,random,random,normal_drift,0.9999999999832148,0.49325675530252294,0,,1,0,collecting_candidates;drift_not_confirmed,source_publish_interval,voltage_rolling_mean=230.583691;source_publish_interval=0.806950,source_publish_interval,0.5787920672446489,9.646666003391147,10.247084079310298
2026-08-10T17:17:45.815040+00:00,communication_drift_01,meter_01,598,none,publish_interval,random,random,random,normal_drift,0.9999999999825022,0.4837042807978019,0,,1,0,collecting_candidates;drift_not_confirmed,source_publish_interval,voltage_rolling_mean=231.651065;source_publish_interval=0.806953,source_publish_interval,2.0314580760896206,22.381499875336885,24.46320909075439
2026-08-10T17:17:45.839947+00:00,communication_drift_01,meter_02,598,none,publish_interval,random,random,random,normal_drift,0.9999999999747384,0.5028271532711512,0,,1,0,collecting_candidates;drift_not_confirmed,source_publish_interval,voltage_rolling_mean=231.458249;source_publish_interval=0.806950,source_publish_interval,0.8664168417453766,11.975790839642286,12.867582961916924
2026-08-10T17:17:45.852957+00:00,communication_drift_01,meter_03,598,none,publish_interval,random,random,random,normal_drift,0.9999999999828957,0.4536426626151391,0,,1,0,collecting_candidates;drift_not_confirmed,source_publish_interval,voltage_rolling_mean=230.583691;source_publish_interval=0.806950,source_publish_interval,0.5758330225944519,9.637082926928997,10.23304183036089
2026-08-10T17:17:46.625657+00:00,communication_drift_01,meter_01,599,none,publish_interval,random,random,random,normal_drift,0.9999999999411604,0.507347185375076,0,,1,0,collecting_candidates;drift_not_confirmed,source_publish_interval,voltage_rolling_mean=231.651065;source_publish_interval=0.806953,source_publish_interval,2.15195887722075,22.19987497664988,24.392624851316214
2026-08-10T17:17:46.650467+00:00,communication_drift_01,meter_02,599,none,publish_interval,random,random,random,normal_drift,0.9999999999874396,0.4862751897723293,0,,1,0,collecting_candidates;drift_not_confirmed,source_publish_interval,voltage_rolling_mean=231.458249;source_publish_interval=0.806950,source_publish_interval,0.8291658014059067,11.838915990665555,12.693749973550439
2026-08-10T17:17:46.663280+00:00,communication_drift_01,meter_03,599,none,publish_interval,random,random,random,normal_drift,0.9999999999912215,0.46476126610337865,0,,1,0,collecting_candidates;drift_not_confirmed,source_publish_interval,voltage_rolling_mean=230.583691;source_publish_interval=0.806950,source_publish_interval,0.5755419842898846,9.693874977529049,10.289083002135158
2026-08-10T17:17:47.430692+00:00,communication_drift_01,meter_01,600,none,none,random,random,random,normal_drift,0.9999999999546156,0.47652631862658273,0,,1,0,collecting_candidates;drift_not_confirmed,source_publish_interval,voltage_rolling_mean=231.651065;source_publish_interval=0.806953,source_publish_interval,1.9657500088214874,22.12291699834168,24.122875183820724
2026-08-10T17:17:47.455145+00:00,communication_drift_01,meter_02,600,none,none,random,random,random,normal_drift,0.9999999999944056,0.5710073610833145,0,,1,0,collecting_candidates;drift_not_confirmed,source_publish_interval,voltage_rolling_mean=231.458249;source_publish_interval=0.806950,source_publish_interval,0.7905419915914536,11.899709003046155,12.714957818388939
2026-08-10T17:17:47.467974+00:00,communication_drift_01,meter_03,600,none,none,random,random,random,normal_drift,0.9999999999810734,0.4501334817210207,0,,1,0,collecting_candidates;drift_not_confirmed,source_publish_interval,voltage_rolling_mean=230.583691;source_publish_interval=0.806950,source_publish_interval,0.565582886338234,9.648042032495141,10.23270795121789
2026-08-10T17:17:47.940206+00:00,communication_drift_01,meter_01,601,none,none,none,none,none,normal_drift,0.9888818092036182,0.456864441405765,0,,1,0,collecting_candidates;drift_not_confirmed,source_publish_interval,voltage_rolling_mean=231.651065;source_publish_interval=0.806953,source_publish_interval,2.0004580728709698,22.91316702030599,24.95433297008276
2026-08-10T17:17:47.965540+00:00,communication_drift_01,meter_02,601,none,none,none,none,none,normal_drift,0.9966757197551172,0.5094078317938676,0,,1,0,collecting_candidates;drift_not_confirmed,source_publish_interval,voltage_rolling_mean=231.458249;source_publish_interval=0.806950,source_publish_interval,0.7906248793005943,12.23712507635355,13.051833026111126
2026-08-10T17:17:47.978716+00:00,communication_drift_01,meter_03,601,none,none,none,none,none,normal_drift,0.9921494360266,0.44483645487404605,0,,1,0,collecting_candidates;drift_not_confirmed,source_publish_interval,voltage_rolling_mean=230.583691;source_publish_interval=0.806950,source_publish_interval,0.5612920504063368,9.754708036780357,10.335874976590276
2026-08-10T17:17:48.441160+00:00,communication_drift_01,meter_01,602,none,none,none,none,none,normal_drift,0.996584210099674,0.4632688728439583,0,,1,0,collecting_candidates;drift_not_confirmed,source_publish_interval,voltage_rolling_mean=231.651065;source_publish_interval=0.806953,source_publish_interval,2.145000034943223,21.79004205390811,23.97762518376112
2026-08-10T17:17:48.465460+00:00,communication_drift_01,meter_02,602,none,none,none,none,none,normal_drift,0.9891184202809354,0.5881496419071562,0,,1,0,collecting_candidates;drift_not_confirmed,source_publish_interval,voltage_rolling_mean=231.458249;source_publish_interval=0.806950,source_publish_interval,0.8038331288844347,12.174374889582396,13.002041960135102
2026-08-10T17:17:48.478581+00:00,communication_drift_01,meter_03,602,none,none,none,none,none,normal_drift,0.9993292428138251,0.4496255031769496,0,,1,0,collecting_candidates;drift_not_confirmed,source_publish_interval,voltage_rolling_mean=230.583691;source_publish_interval=0.806950,source_publish_interval,0.5727079696953297,9.530041133984923,10.122333886101842
2026-08-10T17:17:48.951339+00:00,communication_drift_01,meter_01,603,none,none,none,none,none,normal_drift,0.9932295089896599,0.47125736934257056,0,,1,0,collecting_candidates;drift_not_confirmed,source_publish_interval,voltage_rolling_mean=231.651065;source_publish_interval=0.806953,source_publish_interval,2.0000829827040434,22.142707835882902,24.172874866053462
2026-08-10T17:17:48.975801+00:00,communication_drift_01,meter_02,603,none,none,none,unknown,unknown,normal_drift,0.9984534136989112,0.6301726571801529,0,,1,0,collecting_candidates;drift_not_confirmed,source_publish_interval,voltage_rolling_mean=231.458249;source_publish_interval=0.806950,source_publish_interval,0.6764580029994249,11.804583016782999,12.503999983891845
2026-08-10T17:17:48.988410+00:00,communication_drift_01,meter_03,603,none,none,none,none,none,normal_drift,0.9942128208175088,0.4832313727946087,0,,1,0,collecting_candidates;drift_not_confirmed,source_publish_interval,voltage_rolling_mean=230.583691;source_publish_interval=0.806950,source_publish_interval,0.5420420784503222,9.492333047091961,10.053082834929228
2026-08-10T17:17:49.455723+00:00,communication_drift_01,meter_01,604,none,none,none,none,none,normal_drift,0.9957212428673193,0.46079375789954136,0,,1,0,collecting_candidates;drift_not_confirmed,source_publish_interval,voltage_rolling_mean=231.651065;source_publish_interval=0.806953,source_publish_interval,2.712707966566086,22.353583946824074,25.104917120188475
2026-08-10T17:17:49.481244+00:00,communication_drift_01,meter_02,604,none,none,none,none,none,none,0.9691540839036881,0.47756894870826805,0,,0,0,drift_not_confirmed;sample_not_trusted,,voltage_rolling_mean=231.458249;source_publish_interval=0.806950,source_publish_interval,0.7145418785512447,11.859333142638206,12.601542053744197
2026-08-10T17:17:49.493963+00:00,communication_drift_01,meter_03,604,none,none,none,none,none,normal_drift,0.9998077692772399,0.4707615956310175,0,,1,0,collecting_candidates;drift_not_confirmed,source_publish_interval,voltage_rolling_mean=230.583691;source_publish_interval=0.806950,source_publish_interval,0.5725419614464045,9.781667031347752,10.3752501308918
2026-08-10T17:17:49.955853+00:00,communication_drift_01,meter_01,605,none,none,none,none,none,normal_drift,0.9988574116707506,0.4498850663138207,0,,1,0,collecting_candidates;drift_not_confirmed,source_publish_interval,voltage_rolling_mean=231.651065;source_publish_interval=0.806953,source_publish_interval,2.650708192959428,22.587666055187583,25.2745000179857
2026-08-10T17:17:49.981520+00:00,communication_drift_01,meter_02,605,none,none,none,none,none,normal_drift,0.9954526666787178,0.4778757714235431,0,,1,0,collecting_candidates;drift_not_confirmed,source_publish_interval,voltage_rolling_mean=231.458249;source_publish_interval=0.806950,source_publish_interval,0.8195408154278994,11.936250142753124,12.779332930222154
2026-08-10T17:17:49.994418+00:00,communication_drift_01,meter_03,605,none,none,none,none,none,normal_drift,0.9997214260520799,0.5565082381931395,0,,1,0,collecting_candidates;drift_not_confirmed,source_publish_interval,voltage_rolling_mean=230.583691;source_publish_interval=0.806950,source_publish_interval,0.571124954149127,9.63141699321568,10.22195816040039
2026-08-10T17:17:50.465222+00:00,communication_drift_01,meter_01,606,none,none,none,none,none,normal_drift,0.9886658588301085,0.46519627436570665,0,,1,0,collecting_candidates;drift_not_confirmed,source_publish_interval,voltage_rolling_mean=231.651065;source_publish_interval=0.806953,source_publish_interval,1.5165000222623348,20.502374973148108,22.05799985677004
2026-08-10T17:17:50.487591+00:00,communication_drift_01,meter_02,606,none,none,none,none,none,none,0.9764681871260331,0.4714270949038946,0,,0,0,drift_not_confirmed;sample_not_trusted,,voltage_rolling_mean=231.458249;source_publish_interval=0.806950,source_publish_interval,0.8249168749898672,11.858625104650855,12.706832960247993
2026-08-10T17:17:50.500403+00:00,communication_drift_01,meter_03,606,none,none,none,none,none,normal_drift,0.9984019125832388,0.4393198273521091,0,,1,0,collecting_candidates;drift_not_confirmed,source_publish_interval,voltage_rolling_mean=230.583691;source_publish_interval=0.806950,source_publish_interval,0.6076248828321695,9.742041816934943,10.369374882429838
2026-08-10T17:17:50.976420+00:00,communication_drift_01,meter_01,607,none,none,none,none,none,normal_drift,0.9906953330171476,0.45859932871410897,1,source_publish_interval,1,0,collecting_candidates;drift_not_confirmed,source_publish_interval,voltage_rolling_mean=231.651065;source_publish_interval=0.806953,source_publish_interval,2.041958039626479,21.837499924004078,23.920959094539285
2026-08-10T17:17:51.000654+00:00,communication_drift_01,meter_02,607,none,none,none,none,none,none,0.9426804609383228,0.44742611869149607,1,source_publish_interval,0,0,drift_not_confirmed;sample_not_trusted,,voltage_rolling_mean=231.458249;source_publish_interval=0.806950,source_publish_interval,0.8286251686513424,11.664832942187786,12.51891697756946
2026-08-10T17:17:51.013294+00:00,communication_drift_01,meter_03,607,none,none,none,none,none,normal_drift,0.9967826390593477,0.5410362420493897,1,source_publish_interval,1,0,collecting_candidates;drift_not_confirmed,source_publish_interval,voltage_rolling_mean=230.583691;source_publish_interval=0.806950,source_publish_interval,0.561791006475687,9.630458196625113,10.21233294159174
2026-08-10T17:17:51.486726+00:00,communication_drift_01,meter_01,608,none,none,none,none,none,normal_drift,0.9957628286178656,0.4527538235043457,0,,1,0,collecting_candidates;drift_not_confirmed,source_publish_interval,voltage_rolling_mean=231.651065;source_publish_interval=0.806953,source_publish_interval,2.1682498045265675,22.600250085815787,24.811459006741643
2026-08-10T17:17:51.511947+00:00,communication_drift_01,meter_02,608,none,none,none,none,none,none,0.9655721475984325,0.4491207854196872,0,,0,0,drift_not_confirmed;sample_not_trusted,,voltage_rolling_mean=231.458249;source_publish_interval=0.806950,source_publish_interval,0.8408329449594021,11.85150002129376,12.716874945908785
2026-08-10T17:17:51.524777+00:00,communication_drift_01,meter_03,608,none,none,none,none,none,normal_drift,0.9997265085282522,0.46791502626878223,0,,1,0,collecting_candidates;drift_not_confirmed,source_publish_interval,voltage_rolling_mean=230.583691;source_publish_interval=0.806950,source_publish_interval,0.5862079560756683,9.594624862074852,10.200583841651678
2026-08-10T17:17:51.989204+00:00,communication_drift_01,meter_01,609,none,none,none,none,none,normal_drift,0.9945253139860627,0.45194840157369065,0,,1,0,collecting_candidates;drift_not_confirmed,source_publish_interval,voltage_rolling_mean=231.651065;source_publish_interval=0.806953,source_publish_interval,2.052708063274622,21.459458163008094,23.5492498613894
2026-08-10T17:17:52.013085+00:00,communication_drift_01,meter_02,609,none,none,none,none,none,normal_drift,0.993617614889137,0.45771134817416115,0,,1,0,collecting_candidates;drift_not_confirmed,source_publish_interval,voltage_rolling_mean=231.458249;source_publish_interval=0.806950,source_publish_interval,0.8385409601032734,11.934665963053703,12.79795914888382
2026-08-10T17:17:52.026006+00:00,communication_drift_01,meter_03,609,none,none,none,none,none,normal_drift,0.9999374954463588,0.44181257490722303,0,,1,0,collecting_candidates;drift_not_confirmed,source_publish_interval,voltage_rolling_mean=230.583691;source_publish_interval=0.806950,source_publish_interval,0.5860838573426008,9.622333105653524,10.227833176031709
2026-08-10T17:17:52.499237+00:00,communication_drift_01,meter_01,610,none,none,none,none,none,normal_drift,0.9976900609280046,0.47513929166421476,0,,1,0,collecting_candidates;drift_not_confirmed,source_publish_interval,voltage_rolling_mean=231.651065;source_publish_interval=0.806953,source_publish_interval,2.5525419041514397,22.087041987106204,24.679582798853517
2026-08-10T17:17:52.524329+00:00,communication_drift_01,meter_02,610,none,none,none,none,none,normal_drift,0.9962647347039718,0.5579117766269194,0,,1,0,collecting_candidates;drift_not_confirmed,source_publish_interval,voltage_rolling_mean=231.458249;source_publish_interval=0.806950,source_publish_interval,0.7897501345723867,12.00633286498487,12.821333948522806
2026-08-10T17:17:52.537274+00:00,communication_drift_01,meter_03,610,none,none,none,none,none,normal_drift,0.9994027696308952,0.45694991216740444,0,,1,0,collecting_candidates;drift_not_confirmed,source_publish_interval,voltage_rolling_mean=230.583691;source_publish_interval=0.806950,source_publish_interval,0.5579169373959303,9.505165973678231,10.082874912768602
2026-08-10T17:17:53.006206+00:00,communication_drift_01,meter_01,611,none,none,none,none,none,normal_drift,0.9898602749741298,0.4662295897713604,0,,1,0,collecting_candidates;drift_not_confirmed,source_publish_interval,voltage_rolling_mean=231.651065;source_publish_interval=0.806953,source_publish_interval,1.361125148832798,21.21691615320742,22.61799992993474
2026-08-10T17:17:53.029123+00:00,communication_drift_01,meter_02,611,none,none,none,none,none,none,0.975406222580035,0.46898619333723124,0,,0,0,drift_not_confirmed;sample_not_trusted,,voltage_rolling_mean=231.458249;source_publish_interval=0.806950,source_publish_interval,0.8717079181224108,12.719790916889906,13.615417061373591
2026-08-10T17:17:53.042861+00:00,communication_drift_01,meter_03,611,none,none,none,none,none,normal_drift,0.9999777341331155,0.45699975771844253,0,,1,0,collecting_candidates;drift_not_confirmed,source_publish_interval,voltage_rolling_mean=230.583691;source_publish_interval=0.806950,source_publish_interval,0.5973340012133121,9.672458050772548,10.289042023941875
2026-08-10T17:17:53.517071+00:00,communication_drift_01,meter_01,612,none,none,none,none,none,normal_drift,0.9804756482811121,0.45004667139154164,0,,1,0,collecting_candidates;drift_not_confirmed,source_publish_interval,voltage_rolling_mean=231.651065;source_publish_interval=0.806953,source_publish_interval,2.074209041893482,19.47508309967816,21.597417071461678
2026-08-10T17:17:53.539029+00:00,communication_drift_01,meter_02,612,none,none,none,none,none,normal_drift,0.9831875492322132,0.5079638867400418,0,,1,0,collecting_candidates;drift_not_confirmed,source_publish_interval,voltage_rolling_mean=231.458249;source_publish_interval=0.806950,source_publish_interval,0.6880417931824923,11.500791879370809,12.210207991302013
2026-08-10T17:17:53.551335+00:00,communication_drift_01,meter_03,612,none,none,none,none,none,normal_drift,0.9998177269257991,0.4463627598120158,0,,1,0,collecting_candidates;drift_not_confirmed,source_publish_interval,voltage_rolling_mean=230.583691;source_publish_interval=0.806950,source_publish_interval,0.5247499793767929,9.263250045478344,9.80758317746222
2026-08-10T17:17:54.027089+00:00,communication_drift_01,meter_01,613,none,none,none,none,none,normal_drift,0.9981914210700451,0.5087783956375693,0,,1,0,collecting_candidates;drift_not_confirmed,source_publish_interval,voltage_rolling_mean=231.651065;source_publish_interval=0.806953,source_publish_interval,2.655999967828393,22.52454194240272,25.219374801963568
2026-08-10T17:17:54.052738+00:00,communication_drift_01,meter_02,613,none,none,none,unknown,unknown,unknown,0.9074952041579373,0.44060861524335615,0,,0,0,drift_not_confirmed;sample_not_trusted,,voltage_rolling_mean=231.458249;source_publish_interval=0.806950,source_publish_interval,0.8210828527808189,11.851249961182475,12.696374906226993
2026-08-10T17:17:54.065547+00:00,communication_drift_01,meter_03,613,none,none,none,none,none,normal_drift,0.9998425400487896,0.43892741816204256,0,,1,0,collecting_candidates;drift_not_confirmed,source_publish_interval,voltage_rolling_mean=230.583691;source_publish_interval=0.806950,source_publish_interval,0.5899581592530012,9.557707933709025,10.167459025979042
2026-08-10T17:17:54.534156+00:00,communication_drift_01,meter_01,614,none,none,none,none,none,normal_drift,0.990429116033277,0.5181639014015211,0,,1,1,drift_not_confirmed;reference_updated,source_publish_interval,voltage_rolling_mean=231.651065;source_publish_interval=0.702226,source_publish_interval,1.4238341245800257,20.86616586893797,22.36149995587766
2026-08-10T17:17:54.556849+00:00,communication_drift_01,meter_02,614,none,none,none,none,none,normal_drift,0.989103727353889,0.4602424888264407,0,,1,0,collecting_candidates;drift_not_confirmed,source_publish_interval,voltage_rolling_mean=231.458249;source_publish_interval=0.806950,source_publish_interval,0.9572920389473438,12.845041928812861,13.83166597224772
2026-08-10T17:17:54.570854+00:00,communication_drift_01,meter_03,614,none,none,none,none,none,normal_drift,0.9999752532621601,0.438641841563204,0,,1,1,drift_not_confirmed;reference_updated,source_publish_interval,voltage_rolling_mean=230.583691;source_publish_interval=0.702221,source_publish_interval,0.6247081328183413,10.000707814469934,10.647709015756845
2026-08-10T17:17:55.044736+00:00,communication_drift_01,meter_01,615,none,none,none,none,none,normal_drift,0.983513920325915,0.4617138118668427,0,,1,0,collecting_candidates;drift_not_confirmed,source_publish_interval,voltage_rolling_mean=231.651065;source_publish_interval=0.702226,source_publish_interval,2.1738328505307436,22.452167002484202,24.668334051966667
2026-08-10T17:17:55.069846+00:00,communication_drift_01,meter_02,615,none,none,none,none,none,normal_drift,0.9966394844728845,0.5051321698545681,0,,1,0,collecting_candidates;drift_not_confirmed,source_publish_interval,voltage_rolling_mean=231.458249;source_publish_interval=0.806950,source_publish_interval,0.7277089171111584,12.008000165224075,12.76291604153812
2026-08-10T17:17:55.082737+00:00,communication_drift_01,meter_03,615,none,none,none,none,none,normal_drift,0.9999585087867087,0.449066570453581,0,,1,0,collecting_candidates;drift_not_confirmed,source_publish_interval,voltage_rolling_mean=230.583691;source_publish_interval=0.702221,source_publish_interval,0.5591670051217079,9.582041995599866,10.161917190998793
2026-08-10T17:17:55.554554+00:00,communication_drift_01,meter_01,616,none,none,none,none,none,normal_drift,0.997576374003286,0.5299322208812395,0,,1,0,collecting_candidates;drift_not_confirmed,source_publish_interval,voltage_rolling_mean=231.651065;source_publish_interval=0.702226,source_publish_interval,2.169624902307987,21.58391708508134,23.80516706034541
2026-08-10T17:17:55.578768+00:00,communication_drift_01,meter_02,616,none,none,none,none,none,normal_drift,0.9988553725322038,0.48743569456333763,0,,1,0,collecting_candidates;drift_not_confirmed,source_publish_interval,voltage_rolling_mean=231.458249;source_publish_interval=0.806950,source_publish_interval,0.8539999835193157,11.982833035290241,12.873334111645818
2026-08-10T17:17:55.591813+00:00,communication_drift_01,meter_03,616,none,none,none,none,none,normal_drift,0.999985411538164,0.4950476591525827,0,,1,0,collecting_candidates;drift_not_confirmed,source_publish_interval,voltage_rolling_mean=230.583691;source_publish_interval=0.702221,source_publish_interval,0.663332873955369,9.608000051230192,10.296208783984184
2026-08-10T17:17:56.057868+00:00,communication_drift_01,meter_01,617,none,none,none,none,none,none,0.9638206219804424,0.48380200276391094,0,,0,0,drift_not_confirmed;sample_not_trusted,,voltage_rolling_mean=231.651065;source_publish_interval=0.702226,source_publish_interval,2.335167024284601,22.986290976405144,25.36870795302093
2026-08-10T17:17:56.083631+00:00,communication_drift_01,meter_02,617,none,none,none,none,none,normal_drift,0.9979677301008962,0.45762165801571253,0,,1,0,collecting_candidates;drift_not_confirmed,source_publish_interval,voltage_rolling_mean=231.458249;source_publish_interval=0.806950,source_publish_interval,0.8565830066800117,12.466832995414734,13.353542191907763
2026-08-10T17:17:56.097133+00:00,communication_drift_01,meter_03,617,none,none,none,none,none,normal_drift,0.9999932659351165,0.5151800797580511,0,,1,0,collecting_candidates;drift_not_confirmed,source_publish_interval,voltage_rolling_mean=230.583691;source_publish_interval=0.702221,source_publish_interval,0.6252080202102661,9.896290954202414,10.543166194111109
2026-08-10T17:17:56.565910+00:00,communication_drift_01,meter_01,618,none,none,none,none,none,normal_drift,0.9806677427041564,0.5367409819682776,0,,1,0,collecting_candidates;drift_not_confirmed,source_publish_interval,voltage_rolling_mean=231.651065;source_publish_interval=0.702226,source_publish_interval,2.4350001476705074,17.87420897744596,20.343665964901447
2026-08-10T17:17:56.586600+00:00,communication_drift_01,meter_02,618,none,none,none,none,none,normal_drift,0.9997514747436149,0.4681482470054216,0,,1,0,collecting_candidates;drift_not_confirmed,source_publish_interval,voltage_rolling_mean=231.458249;source_publish_interval=0.806950,source_publish_interval,0.6723329424858093,11.048875050619245,11.742583010345697
2026-08-10T17:17:56.598440+00:00,communication_drift_01,meter_03,618,none,none,none,none,none,normal_drift,0.9999940567127521,0.4741268604585251,0,,1,0,collecting_candidates;drift_not_confirmed,source_publish_interval,voltage_rolling_mean=230.583691;source_publish_interval=0.702221,source_publish_interval,0.5290419794619083,9.320209035649896,9.869416942819953
2026-08-10T17:17:57.072543+00:00,communication_drift_01,meter_01,619,none,none,none,none,none,normal_drift,0.9913494216702837,0.4754130960332121,0,,1,0,collecting_candidates;drift_not_confirmed,source_publish_interval,voltage_rolling_mean=231.651065;source_publish_interval=0.702226,source_publish_interval,2.585708163678646,22.38245797343552,25.00729216262698
2026-08-10T17:17:57.097944+00:00,communication_drift_01,meter_02,619,none,none,none,none,none,normal_drift,0.9986670104446576,0.49060884533570115,0,,1,0,collecting_candidates;drift_not_confirmed,source_publish_interval,voltage_rolling_mean=231.458249;source_publish_interval=0.806950,source_publish_interval,0.8136250544339418,12.51112506724894,13.350417139008641
2026-08-10T17:17:57.111417+00:00,communication_drift_01,meter_03,619,none,none,none,none,none,normal_drift,0.9997304605201229,0.49592143790604515,0,,1,0,collecting_candidates;drift_not_confirmed,source_publish_interval,voltage_rolling_mean=230.583691;source_publish_interval=0.702221,source_publish_interval,0.6019170396029949,9.660082869231701,10.281750001013279
2026-08-10T17:17:57.575853+00:00,communication_drift_01,meter_01,620,none,none,none,none,none,normal_drift,0.998062276961096,0.46180286547095445,0,,1,0,collecting_candidates;drift_not_confirmed,source_publish_interval,voltage_rolling_mean=231.651065;source_publish_interval=0.702226,source_publish_interval,1.3927079271525145,20.85141697898507,22.290207911282778
2026-08-10T17:17:57.598418+00:00,communication_drift_01,meter_02,620,none,none,none,none,none,normal_drift,0.9997470236712789,0.496357738347397,0,,1,1,drift_not_confirmed;reference_updated,source_publish_interval,voltage_rolling_mean=231.458249;source_publish_interval=0.701965,source_publish_interval,0.8947919122874737,12.499040924012661,13.42749991454184
2026-08-10T17:17:57.612000+00:00,communication_drift_01,meter_03,620,none,none,none,none,none,normal_drift,0.9999911656616371,0.44008466992268835,0,,1,0,collecting_candidates;drift_not_confirmed,source_publish_interval,voltage_rolling_mean=230.583691;source_publish_interval=0.702221,source_publish_interval,0.6298329681158066,10.049832984805107,10.699916863813996
2026-08-10T17:17:58.079550+00:00,communication_drift_01,meter_01,621,none,none,none,none,none,normal_drift,0.9893208270895495,0.49254189645075086,0,,1,0,collecting_candidates;drift_not_confirmed,source_publish_interval,voltage_rolling_mean=231.651065;source_publish_interval=0.702226,source_publish_interval,2.2357080597430468,18.450334202498198,20.73170803487301
2026-08-10T17:17:58.100716+00:00,communication_drift_01,meter_02,621,none,none,none,none,none,normal_drift,0.9998473122964527,0.46212054283981063,0,,1,0,collecting_candidates;drift_not_confirmed,source_publish_interval,voltage_rolling_mean=231.458249;source_publish_interval=0.701965,source_publish_interval,0.7689998019486666,11.392167070880532,12.185541912913322
2026-08-10T17:17:58.113027+00:00,communication_drift_01,meter_03,621,none,none,none,none,none,normal_drift,0.9999976298602294,0.4850535997588004,0,,1,0,collecting_candidates;drift_not_confirmed,source_publish_interval,voltage_rolling_mean=230.583691;source_publish_interval=0.702221,source_publish_interval,0.5512919742614031,9.364207973703742,9.936708025634289
2026-08-10T17:17:58.589599+00:00,communication_drift_01,meter_01,622,none,none,none,none,none,normal_drift,0.9969352970244294,0.5664423833906073,0,,1,0,collecting_candidates;drift_not_confirmed,source_publish_interval,voltage_rolling_mean=231.651065;source_publish_interval=0.702226,source_publish_interval,1.991791883483529,22.489000111818314,24.523334112018347
2026-08-10T17:17:58.614461+00:00,communication_drift_01,meter_02,622,none,none,none,none,none,normal_drift,0.9997007179193795,0.45345917829319937,0,,1,0,collecting_candidates;drift_not_confirmed,source_publish_interval,voltage_rolling_mean=231.458249;source_publish_interval=0.701965,source_publish_interval,0.8219589944928885,11.753249913454056,12.600540881976485
2026-08-10T17:17:58.627188+00:00,communication_drift_01,meter_03,622,none,none,none,none,none,normal_drift,0.9999940204083871,0.44439926099459637,0,,1,0,collecting_candidates;drift_not_confirmed,source_publish_interval,voltage_rolling_mean=230.583691;source_publish_interval=0.702221,source_publish_interval,0.599374994635582,9.73924994468689,10.35812497138977
2026-08-10T17:17:59.097504+00:00,communication_drift_01,meter_01,623,none,none,none,unknown,unknown,unknown,0.9094498103697577,0.49937378805772714,0,,0,0,drift_not_confirmed;sample_not_trusted,,voltage_rolling_mean=231.651065;source_publish_interval=0.702226,source_publish_interval,2.181667136028409,22.452999837696552,24.673250038176775
2026-08-10T17:17:59.122594+00:00,communication_drift_01,meter_02,623,none,none,none,none,none,normal_drift,0.9998151804869989,0.5011796817158205,0,,1,0,collecting_candidates;drift_not_confirmed,source_publish_interval,voltage_rolling_mean=231.458249;source_publish_interval=0.701965,source_publish_interval,0.8093751966953278,11.961875017732382,12.797500006854534
2026-08-10T17:17:59.135517+00:00,communication_drift_01,meter_03,623,none,none,none,none,none,normal_drift,0.9999962783776717,0.5105626048837931,0,,1,0,collecting_candidates;drift_not_confirmed,source_publish_interval,voltage_rolling_mean=230.583691;source_publish_interval=0.702221,source_publish_interval,0.5902920383960009,9.661917109042406,10.271875187754631
