receive_timestamp,scenario_id,device_id,sequence_number,true_attack_type,true_drift_type,known_prediction,decision,raw_decision,drift_aware_decision,confidence,anomaly_score,drift_detected,drift_features,adaptation_allowed,adaptation_updated,adaptation_reason,adaptation_features,adaptation_references,approved_drift_features,feature_extraction_ms,model_inference_ms,total_detection_ms
2026-08-10T16:45:51.809291+00:00,measurement_drift_01,meter_01,0,none,none,none,none,none,none,1.0,0.4511883727330115,0,,0,0,calibration_sample_not_trusted,,,,0.20183296874165535,9.514000033959746,9.748125215992332
2026-08-10T16:45:51.819210+00:00,measurement_drift_01,meter_02,0,none,none,none,none,none,none,1.0,0.4483253903355495,0,,0,0,calibration_sample_not_trusted,,,,0.07224990986287594,6.1941249296069145,6.281208014115691
2026-08-10T16:45:51.825568+00:00,measurement_drift_01,meter_03,0,none,none,none,none,none,none,1.0,0.5101031034485738,0,,0,0,calibration_sample_not_trusted,,,,0.04079192876815796,6.323500070720911,6.383459083735943
2026-08-10T16:45:52.316836+00:00,measurement_drift_01,meter_01,1,none,none,none,none,none,none,0.999996610584029,0.4499576393282181,0,,0,0,calibration_sample_not_trusted,,,,0.8122499566525221,23.110917070880532,23.989291861653328
2026-08-10T16:45:52.341276+00:00,measurement_drift_01,meter_02,1,none,none,none,none,none,none,0.9999221536887885,0.45742308275572546,0,,0,0,calibration_sample_not_trusted,,,,0.32312492839992046,12.553249951452017,12.900207890197635
2026-08-10T16:45:52.354322+00:00,measurement_drift_01,meter_03,1,none,none,none,none,none,none,0.999994866608338,0.45604920644447444,0,,0,0,calibration_sample_not_trusted,,,,0.148500083014369,9.689708007499576,9.857708122581244
2026-08-10T16:45:52.820863+00:00,measurement_drift_01,meter_01,2,none,none,none,none,none,none,0.999979268111774,0.5587366353125515,0,,0,0,calibration_sample_not_trusted,,,,1.4672079123556614,23.336749989539385,24.85845796763897
2026-08-10T16:45:52.846200+00:00,measurement_drift_01,meter_02,2,none,none,none,none,none,none,0.999992428790797,0.4892075210951849,0,,0,0,calibration_sample_not_trusted,,,,0.49462495371699333,12.324708048254251,12.844374869018793
2026-08-10T16:45:52.859205+00:00,measurement_drift_01,meter_03,2,none,none,none,none,none,none,0.9999978963953524,0.48697140584315823,0,,0,0,calibration_sample_not_trusted,,,,0.2579588908702135,9.587999898940325,9.865124942734838
2026-08-10T16:45:53.323738+00:00,measurement_drift_01,meter_01,3,none,none,none,none,none,none,0.9999937294908149,0.45178600219881043,0,,0,0,calibration_sample_not_trusted,,,,1.4886248391121626,18.69958289898932,20.219374913722277
2026-08-10T16:45:53.344534+00:00,measurement_drift_01,meter_02,3,none,none,none,none,none,none,0.9999791869651953,0.5329904904354253,0,,0,0,calibration_sample_not_trusted,,,,0.382124911993742,11.446292046457529,11.845124885439873
2026-08-10T16:45:53.356483+00:00,measurement_drift_01,meter_03,3,none,none,none,none,none,none,0.9999988581770508,0.4659309849583913,0,,0,0,calibration_sample_not_trusted,,,,0.23345882073044777,9.462499991059303,9.716250002384186
2026-08-10T16:45:53.828579+00:00,measurement_drift_01,meter_01,4,none,none,none,none,none,none,0.9999921494764202,0.44015525507740716,0,,0,0,calibration_sample_not_trusted,,,,1.0903340298682451,22.628957871347666,23.760000010952353
2026-08-10T16:45:53.852748+00:00,measurement_drift_01,meter_02,4,none,none,none,none,none,none,0.9999684616454745,0.47761847611025604,0,,0,0,calibration_sample_not_trusted,,,,0.5294589791446924,12.158999918028712,12.71029096096754
2026-08-10T16:45:53.865620+00:00,measurement_drift_01,meter_03,4,none,none,none,none,none,none,0.9999964875819797,0.46550659031055447,0,,0,0,calibration_sample_not_trusted,,,,0.2908329479396343,9.477166924625635,9.78462491184473
2026-08-10T16:45:54.333980+00:00,measurement_drift_01,meter_01,5,none,none,none,none,none,none,0.9999737761450413,0.47222872715041714,0,,0,0,calibration_sample_not_trusted,,,,1.3750409707427025,22.706958930939436,24.112666957080364
2026-08-10T16:45:54.358492+00:00,measurement_drift_01,meter_02,5,none,none,none,none,none,none,0.9999892045308685,0.5352430984169767,0,,0,0,calibration_sample_not_trusted,,,,0.48154196701943874,12.27041706442833,12.77087489143014
2026-08-10T16:45:54.371402+00:00,measurement_drift_01,meter_03,5,none,none,none,none,none,none,0.9999956816975065,0.543739186697625,0,,0,0,calibration_sample_not_trusted,,,,0.3222080413252115,9.572834009304643,9.91054205223918
2026-08-10T16:45:54.838424+00:00,measurement_drift_01,meter_01,6,none,none,none,none,none,none,0.9998971001600786,0.4543385972167609,0,,0,0,calibration_sample_not_trusted,,,,1.9922079518437386,18.94416706636548,20.96466696821153
2026-08-10T16:45:54.859753+00:00,measurement_drift_01,meter_02,6,none,none,none,none,none,none,0.9999873793098638,0.487430310363855,0,,0,0,calibration_sample_not_trusted,,,,0.4283331800252199,11.487250216305256,11.932624969631433
2026-08-10T16:45:54.871789+00:00,measurement_drift_01,meter_03,6,none,none,none,none,none,none,0.9995192612580153,0.45804469378966,0,,0,0,calibration_sample_not_trusted,,,,0.3470419906079769,9.42616700194776,9.787332965061069
2026-08-10T16:45:55.344300+00:00,measurement_drift_01,meter_01,7,none,none,none,none,none,none,0.9999807600278836,0.514415158065736,0,,0,0,calibration_sample_not_trusted,,,,1.7793329898267984,19.09737498499453,20.915125031024218
2026-08-10T16:45:55.365698+00:00,measurement_drift_01,meter_02,7,none,none,none,none,none,none,0.9999605116829927,0.4501932980760898,0,,0,0,calibration_sample_not_trusted,,,,0.5277909804135561,11.701750103384256,12.249749852344394
2026-08-10T16:45:55.378088+00:00,measurement_drift_01,meter_03,7,none,none,none,none,none,none,0.9999958835787696,0.48478965684356123,0,,0,0,calibration_sample_not_trusted,,,,0.36700000055134296,9.450542042031884,9.832459036260843
2026-08-10T16:45:55.848581+00:00,measurement_drift_01,meter_01,8,none,none,none,none,none,none,0.999972612894161,0.4669115442374583,0,,0,0,calibration_sample_not_trusted,,,,2.0218330901116133,19.938540877774358,21.99237491004169
2026-08-10T16:45:55.870953+00:00,measurement_drift_01,meter_02,8,none,none,none,none,none,none,0.9999952487640358,0.4480753348625433,0,,0,0,calibration_sample_not_trusted,,,,0.4502090159803629,11.46674994379282,11.933834059163928
2026-08-10T16:45:55.882992+00:00,measurement_drift_01,meter_03,8,none,none,none,none,none,none,0.9999985357364019,0.46439859471287365,0,,0,0,calibration_sample_not_trusted,,,,0.3386249300092459,9.51833394356072,9.871999965980649
2026-08-10T16:45:56.353550+00:00,measurement_drift_01,meter_01,9,none,none,none,none,none,none,0.9999707162429541,0.4732107065155248,0,,0,0,calibration_sample_not_trusted,,,,2.1013750229030848,18.585875164717436,20.715333055704832
2026-08-10T16:45:56.374667+00:00,measurement_drift_01,meter_02,9,none,none,none,none,none,none,0.9999947709449114,0.45629093090818296,0,,0,0,calibration_sample_not_trusted,,,,0.48145814798772335,11.408291989937425,11.905333958566189
2026-08-10T16:45:56.386671+00:00,measurement_drift_01,meter_03,9,none,none,none,none,none,none,0.9999980775118358,0.46810661738241127,0,,0,0,calibration_sample_not_trusted,,,,0.35149999894201756,9.38875018619001,9.755083126947284
2026-08-10T16:45:56.856574+00:00,measurement_drift_01,meter_01,10,none,none,none,none,none,none,0.9999936972654209,0.48295325589078364,0,,0,0,calibration_sample_not_trusted,,,,0.9627081453800201,20.851457957178354,21.847666008397937
2026-08-10T16:45:56.878676+00:00,measurement_drift_01,meter_02,10,none,none,none,none,none,none,0.9999855884084221,0.49851726116131134,0,,0,0,calibration_sample_not_trusted,,,,0.6135841831564903,13.237749924883246,13.870584079995751
2026-08-10T16:45:56.892681+00:00,measurement_drift_01,meter_03,10,none,none,none,none,none,none,0.9999988695301304,0.45624246264660273,0,,0,0,calibration_sample_not_trusted,,,,0.4206669982522726,10.074042016640306,10.510291904211044
2026-08-10T16:45:57.360993+00:00,measurement_drift_01,meter_01,11,none,none,none,none,none,none,0.9999639639372732,0.43999157725192906,0,,0,0,calibration_sample_not_trusted,,,,1.5019578859210014,22.113458020612597,23.64925015717745
2026-08-10T16:45:57.385014+00:00,measurement_drift_01,meter_02,11,none,none,none,none,none,none,0.9999989015902887,0.43468623418767965,0,,0,0,calibration_sample_not_trusted,,,,0.6345831789076328,11.983207892626524,12.637249892577529
2026-08-10T16:45:57.397776+00:00,measurement_drift_01,meter_03,11,none,none,none,none,none,none,0.9999992282421494,0.4711639962318922,0,,0,0,calibration_sample_not_trusted,,,,0.4424171056598425,9.620875120162964,10.077874874696136
2026-08-10T16:45:57.866053+00:00,measurement_drift_01,meter_01,12,none,none,none,none,none,none,0.9999867028280992,0.46184606000834266,0,,0,0,calibration_sample_not_trusted,,,,1.8401250708848238,22.546584019437432,24.41533305682242
2026-08-10T16:45:57.890950+00:00,measurement_drift_01,meter_02,12,none,none,none,none,none,none,0.9999963879775876,0.49337727276356064,0,,0,0,calibration_sample_not_trusted,,,,0.6524170748889446,12.183916987851262,12.861874885857105
2026-08-10T16:45:57.903923+00:00,measurement_drift_01,meter_03,12,none,none,none,none,none,none,0.999993339650511,0.45450219843152256,0,,0,0,calibration_sample_not_trusted,,,,0.45583280734717846,9.479917120188475,9.950042003765702
2026-08-10T16:45:58.367583+00:00,measurement_drift_01,meter_01,13,none,none,none,none,none,none,0.9999974367381337,0.4349752084495632,0,,0,0,calibration_sample_not_trusted,,,,1.9429170060902834,22.324124816805124,24.301583878695965
2026-08-10T16:45:58.392257+00:00,measurement_drift_01,meter_02,13,none,none,none,none,none,none,0.9999975608222428,0.44162320081213546,0,,0,0,calibration_sample_not_trusted,,,,0.5722909700125456,11.979290982708335,12.56837509572506
2026-08-10T16:45:58.404927+00:00,measurement_drift_01,meter_03,13,none,none,none,none,none,none,0.9999989512006553,0.4587193569307914,0,,0,0,calibration_sample_not_trusted,,,,0.46783406287431717,9.568250039592385,10.050249984487891
2026-08-10T16:45:58.872697+00:00,measurement_drift_01,meter_01,14,none,none,none,none,none,none,0.9999972743906118,0.45000965666641685,0,,0,0,calibration_sample_not_trusted,,,,2.05037510022521,22.15858385898173,24.238124955445528
2026-08-10T16:45:58.897320+00:00,measurement_drift_01,meter_02,14,none,none,none,none,none,none,0.9999963280960896,0.46398139736594995,0,,0,0,calibration_sample_not_trusted,,,,0.6830408237874508,12.129375012591481,12.830083025619388
2026-08-10T16:45:58.910251+00:00,measurement_drift_01,meter_03,14,none,none,none,none,none,none,0.9999996783182332,0.5705720101059557,0,,0,0,calibration_sample_not_trusted,,,,0.4880409687757492,9.6176250372082,10.119875194504857
2026-08-10T16:45:59.377417+00:00,measurement_drift_01,meter_01,15,none,none,none,none,none,none,0.9999964421736031,0.4498990250328503,0,,0,0,calibration_sample_not_trusted,,,,2.076209057122469,22.560167126357555,24.6629579924047
2026-08-10T16:45:59.402344+00:00,measurement_drift_01,meter_02,15,none,none,none,none,none,none,0.9999914999363576,0.44218939413514224,0,,0,0,calibration_sample_not_trusted,,,,0.6907910574227571,12.179624987766147,12.887499993667006
2026-08-10T16:45:59.415331+00:00,measurement_drift_01,meter_03,15,none,none,none,none,none,none,0.9999993163370207,0.506582221633241,0,,0,0,calibration_sample_not_trusted,,,,0.4980000667273998,9.627166204154491,10.138957994058728
2026-08-10T16:45:59.880499+00:00,measurement_drift_01,meter_01,16,none,none,none,none,none,none,0.9999969855296705,0.44603190102941664,0,,0,0,calibration_sample_not_trusted,,,,2.201082883402705,19.60204215720296,21.828291937708855
2026-08-10T16:45:59.902681+00:00,measurement_drift_01,meter_02,16,none,none,none,none,none,none,0.9999975712187749,0.45870847387675784,0,,0,0,calibration_sample_not_trusted,,,,0.6117909215390682,11.831874959170818,12.461500009521842
2026-08-10T16:45:59.915244+00:00,measurement_drift_01,meter_03,16,none,none,none,none,none,none,0.9999998127337382,0.49410739068405957,0,,0,0,calibration_sample_not_trusted,,,,0.4805000498890877,9.413874940946698,9.908625157549977
2026-08-10T16:46:00.386031+00:00,measurement_drift_01,meter_01,17,none,none,none,none,none,none,0.9999954000872118,0.47590381041195934,0,,0,0,calibration_sample_not_trusted,,,,1.7846659757196903,22.143084090203047,23.954167030751705
2026-08-10T16:46:00.410321+00:00,measurement_drift_01,meter_02,17,none,none,none,none,none,none,0.9999972311205452,0.45106147365261673,0,,0,0,calibration_sample_not_trusted,,,,0.7341660093516111,11.926291976124048,12.678584083914757
2026-08-10T16:46:00.423117+00:00,measurement_drift_01,meter_03,17,none,none,none,none,none,none,0.999998502148975,0.4877283848635101,0,,0,0,calibration_sample_not_trusted,,,,0.5365409888327122,9.456540923565626,10.007834061980247
2026-08-10T16:46:00.888556+00:00,measurement_drift_01,meter_01,18,none,none,none,none,none,none,0.9999975498988725,0.4477056648865316,0,,0,0,calibration_sample_not_trusted,,,,2.8691249899566174,17.841082997620106,20.73570783250034
2026-08-10T16:46:00.909669+00:00,measurement_drift_01,meter_02,18,none,none,none,none,none,none,0.9999984502285345,0.44582242577790426,0,,0,0,calibration_sample_not_trusted,,,,0.6445001345127821,11.053042020648718,11.712542036548257
2026-08-10T16:46:00.921472+00:00,measurement_drift_01,meter_03,18,none,none,none,none,none,none,0.9999982775458319,0.444487450504967,0,,0,0,calibration_sample_not_trusted,,,,0.4927499685436487,9.226375026628375,9.732458041980863
2026-08-10T16:46:01.394044+00:00,measurement_drift_01,meter_01,19,none,none,none,none,none,none,0.9999898928396115,0.5210923312151345,0,,0,0,calibration_sample_not_trusted,,,,1.9979581702500582,21.772291976958513,23.80424994044006
2026-08-10T16:46:01.418201+00:00,measurement_drift_01,meter_02,19,none,none,none,none,none,none,0.9999851992035016,0.5842244520521251,0,,0,0,calibration_sample_not_trusted,,,,0.7979581132531166,11.963583994656801,12.778874952346087
2026-08-10T16:46:01.431096+00:00,measurement_drift_01,meter_03,19,none,none,none,none,none,none,0.9999971623167316,0.44355752025367917,0,,0,0,calibration_sample_not_trusted,,,,0.5224999040365219,9.474124992266297,10.010916041210294
2026-08-10T16:46:01.898536+00:00,measurement_drift_01,meter_01,20,none,none,none,none,none,none,0.9999972855735064,0.4787118667587627,0,,0,0,none,,,,2.205583034083247,22.437166888266802,24.682417046278715
2026-08-10T16:46:01.923609+00:00,measurement_drift_01,meter_02,20,none,none,none,none,none,none,0.9999945421293798,0.45433192617647244,0,,0,0,none,,,,0.8186660706996918,12.058666907250881,12.898290995508432
2026-08-10T16:46:01.936617+00:00,measurement_drift_01,meter_03,20,none,none,none,none,none,none,0.9999918354396934,0.44367332017473876,0,,0,0,none,,,,0.5582910962402821,9.397958172485232,9.972792118787766
2026-08-10T16:46:02.403573+00:00,measurement_drift_01,meter_01,21,none,none,none,none,none,none,0.9999744441547366,0.43989506472162865,0,,0,0,none,,,,2.372290939092636,21.830958081409335,24.233125150203705
2026-08-10T16:46:02.428185+00:00,measurement_drift_01,meter_02,21,none,none,none,none,none,none,0.9999887125347366,0.48782488426791376,0,,0,0,none,,,,0.751083018258214,11.787291150540113,12.55724998190999
2026-08-10T16:46:02.440857+00:00,measurement_drift_01,meter_03,21,none,none,none,none,none,none,0.9999983473987382,0.4635741636093699,0,,0,0,none,,,,0.5889160092920065,9.69774997793138,10.301792062819004
2026-08-10T16:46:02.907456+00:00,measurement_drift_01,meter_01,22,none,none,none,none,none,none,0.9999846170047965,0.46649819760754674,0,,0,0,none,,,,1.931833103299141,21.882375003769994,23.849832825362682
2026-08-10T16:46:02.931633+00:00,measurement_drift_01,meter_02,22,none,none,none,none,none,none,0.9999938108301489,0.45554060132514035,0,,0,0,none,,,,0.8001669775694609,11.862333863973618,12.680500047281384
2026-08-10T16:46:02.944422+00:00,measurement_drift_01,meter_03,22,none,none,none,none,none,none,0.9999958340470914,0.46437810994057793,0,,0,0,none,,,,0.5904161371290684,9.376084199175239,9.981583105400205
2026-08-10T16:46:03.412918+00:00,measurement_drift_01,meter_01,23,none,none,none,none,none,none,0.9999727188787261,0.4777903065863855,0,,0,0,none,,,,1.9775000400841236,22.000000113621354,24.009374901652336
2026-08-10T16:46:03.437314+00:00,measurement_drift_01,meter_02,23,none,none,none,none,none,none,0.9999970316495668,0.4948016135699804,0,,0,0,none,,,,0.7677499670535326,11.92479208111763,12.709832983091474
2026-08-10T16:46:03.450143+00:00,measurement_drift_01,meter_03,23,none,none,none,none,none,none,0.9999986467454803,0.4486670179500456,0,,0,0,none,,,,0.5657081492245197,9.431750047951937,10.011915815994143
2026-08-10T16:46:03.917768+00:00,measurement_drift_01,meter_01,24,none,none,none,none,none,none,0.999988515648705,0.46534631087102934,0,,0,0,none,,,,2.2546250838786364,22.325332975015044,24.62608413770795
2026-08-10T16:46:03.942710+00:00,measurement_drift_01,meter_02,24,none,none,none,none,none,none,0.9999972912626998,0.4698247146297357,0,,0,0,none,,,,0.75179198756814,11.697624810039997,12.467625085264444
2026-08-10T16:46:03.955276+00:00,measurement_drift_01,meter_03,24,none,none,none,none,none,none,0.9999992099474728,0.4387054398732987,0,,0,0,none,,,,0.5121252033859491,9.443833027034998,9.971209103241563
2026-08-10T16:46:04.419474+00:00,measurement_drift_01,meter_01,25,none,none,none,none,none,none,0.9999941515278123,0.5004232565486445,0,,0,0,none,,,,1.3122090604156256,20.935457898303866,22.274999879300594
2026-08-10T16:46:04.441984+00:00,measurement_drift_01,meter_02,25,none,none,none,none,none,none,0.9999985515064542,0.4643067602926591,0,,0,0,none,,,,0.8198339492082596,13.032666873186827,13.870917027816176
2026-08-10T16:46:04.455969+00:00,measurement_drift_01,meter_03,25,none,none,none,none,none,none,0.9999995310996497,0.4376660174111014,0,,0,0,none,,,,0.570832984521985,9.83308395370841,10.418249992653728
2026-08-10T16:46:04.921040+00:00,measurement_drift_01,meter_01,26,none,none,none,none,none,none,0.9999963278411819,0.4426181977010112,0,,0,0,none,,,,1.8285419791936874,19.850041950121522,21.704624872654676
2026-08-10T16:46:04.943120+00:00,measurement_drift_01,meter_02,26,none,none,none,none,none,none,0.9999983400943414,0.49582168495862616,0,,0,0,none,,,,0.6635410245507956,11.747375130653381,12.4265409540385
2026-08-10T16:46:04.955637+00:00,measurement_drift_01,meter_03,26,none,none,none,none,none,none,0.9999994826672508,0.4393705591515081,0,,0,0,none,,,,0.5094590596854687,9.350999956950545,9.875166928395629
2026-08-10T16:46:05.425656+00:00,measurement_drift_01,meter_01,27,none,none,none,none,none,none,0.9999932448045524,0.4459333118881237,0,,0,0,none,,,,2.3641670122742653,22.068833000957966,24.461125023663044
2026-08-10T16:46:05.450443+00:00,measurement_drift_01,meter_02,27,none,none,none,none,none,none,0.999991340020349,0.49592378546591054,0,,0,0,none,,,,0.7984580006450415,12.168040964752436,12.984582921490073
2026-08-10T16:46:05.463530+00:00,measurement_drift_01,meter_03,27,none,none,none,none,none,none,0.9999893479526117,0.5102941195306759,0,,0,0,none,,,,0.5700420588254929,9.592415997758508,10.17804117873311
2026-08-10T16:46:05.931530+00:00,measurement_drift_01,meter_01,28,none,none,none,none,none,none,0.9999975278095814,0.59379818611737,0,,0,0,none,,,,1.9307909533381462,21.96841686964035,23.92966696061194
2026-08-10T16:46:05.955760+00:00,measurement_drift_01,meter_02,28,none,none,none,none,none,none,0.9999954352143896,0.4537684549472642,0,,0,0,none,,,,0.8027080912142992,11.78987487219274,12.609792174771428
2026-08-10T16:46:05.968467+00:00,measurement_drift_01,meter_03,28,none,none,none,none,none,none,0.9999957387384543,0.4611977586511365,0,,0,0,none,,,,0.5263751372694969,9.443999966606498,9.98629187233746
2026-08-10T16:46:06.435911+00:00,measurement_drift_01,meter_01,29,none,none,none,none,none,none,0.999986675354089,0.5047756151843193,0,,0,0,none,,,,1.3445829972624779,21.779292030259967,23.15149991773069
2026-08-10T16:46:06.459334+00:00,measurement_drift_01,meter_02,29,none,none,none,none,none,none,0.9999993042791486,0.5100028341735837,0,,0,0,none,,,,0.8080420084297657,12.38829200156033,13.216332998126745
2026-08-10T16:46:06.472666+00:00,measurement_drift_01,meter_03,29,none,none,none,none,none,none,0.9999990214282138,0.532434125379627,0,,0,0,none,,,,0.5577909760177135,9.658042108640075,10.231208987534046
2026-08-10T16:46:06.937371+00:00,measurement_drift_01,meter_01,30,none,none,none,none,none,none,0.9998777826851464,0.45527394744170413,0,,0,0,none,,,,2.0843329839408398,22.151957964524627,24.26908304914832
2026-08-10T16:46:06.962058+00:00,measurement_drift_01,meter_02,30,none,none,none,none,none,none,0.9999988694294836,0.5004533412530343,0,,0,0,none,,,,0.8124171290546656,12.025375152006745,12.856957968324423
2026-08-10T16:46:06.975032+00:00,measurement_drift_01,meter_03,30,none,none,none,none,none,none,0.9999974615314094,0.47096374782494627,0,,0,0,none,,,,0.5674578715115786,9.525791043415666,10.109334019944072
2026-08-10T16:46:07.441713+00:00,measurement_drift_01,meter_01,31,none,none,none,none,none,none,0.9999667716543374,0.49289444871559607,0,,0,0,none,,,,1.9221659749746323,22.201625164598227,24.155624909326434
2026-08-10T16:46:07.466294+00:00,measurement_drift_01,meter_02,31,none,none,none,none,none,none,0.9999930168699834,0.4789040494361611,0,,0,0,none,,,,0.7956251502037048,11.847542133182287,12.660208158195019
2026-08-10T16:46:07.479062+00:00,measurement_drift_01,meter_03,31,none,none,none,none,none,none,0.9999966792263211,0.4354866958844278,0,,0,0,none,,,,0.5373749881982803,9.731207974255085,10.283959098160267
2026-08-10T16:46:07.942169+00:00,measurement_drift_01,meter_01,32,none,none,none,none,none,none,0.99999318090699,0.444530423814342,0,,0,0,none,,,,2.0460840314626694,23.663667030632496,25.74387495405972
2026-08-10T16:46:07.968196+00:00,measurement_drift_01,meter_02,32,none,none,none,none,none,none,0.9999988221392828,0.5417990905900766,0,,0,0,none,,,,0.6692081224173307,11.709125014021993,12.395083205774426
2026-08-10T16:46:07.980678+00:00,measurement_drift_01,meter_03,32,none,none,none,none,none,none,0.9999990654467724,0.4612264657625767,0,,0,0,none,,,,0.5391251761466265,9.500249987468123,10.053791804239154
2026-08-10T16:46:08.446305+00:00,measurement_drift_01,meter_01,33,none,none,none,none,none,none,0.9999914292911556,0.4890194971253963,0,,0,0,none,,,,1.936666900292039,22.186750080436468,24.15374992415309
2026-08-10T16:46:08.470771+00:00,measurement_drift_01,meter_02,33,none,none,none,none,none,none,0.9999993861995794,0.5032590909555356,0,,0,0,none,,,,0.7785828784108162,11.777709005400538,12.574082938954234
2026-08-10T16:46:08.483442+00:00,measurement_drift_01,meter_03,33,none,none,none,none,none,none,0.999994490217717,0.46399038187918323,0,,0,0,none,,,,0.5537080578505993,9.421166963875294,9.989832993596792
2026-08-10T16:46:08.951524+00:00,measurement_drift_01,meter_01,34,none,none,none,none,none,none,0.9999944738450538,0.44489502766239175,0,,0,0,none,,,,2.371832961216569,22.042165976017714,24.438250111415982
2026-08-10T16:46:08.976400+00:00,measurement_drift_01,meter_02,34,none,none,none,none,none,none,0.999998446894743,0.44581025530176793,0,,0,0,none,,,,0.671125017106533,11.845625005662441,12.533624889329076
2026-08-10T16:46:08.989024+00:00,measurement_drift_01,meter_03,34,none,none,none,none,none,none,0.9999869338072196,0.441513445859982,0,,0,0,none,,,,0.5699170287698507,9.518334176391363,10.10229205712676
2026-08-10T16:46:09.453370+00:00,measurement_drift_01,meter_01,35,none,none,none,none,none,none,0.9999827340417677,0.4895006163407473,0,,0,0,none,,,,1.9722499419003725,22.26100000552833,24.27062508650124
2026-08-10T16:46:09.478059+00:00,measurement_drift_01,meter_02,35,none,none,none,none,none,none,0.9999968491089263,0.44533450685404363,0,,0,0,none,,,,0.8338331244885921,12.053791899234056,12.910374905914068
2026-08-10T16:46:09.491098+00:00,measurement_drift_01,meter_03,35,none,none,none,unknown,unknown,unknown,0.9999995313633747,0.6596666955378546,0,,0,0,none,,,,0.5323749501258135,9.497750084847212,10.045292088761926
2026-08-10T16:46:09.958163+00:00,measurement_drift_01,meter_01,36,none,none,none,none,none,none,0.9999929012398932,0.4682906991415281,0,,0,0,none,,,,2.0434169564396143,22.265832871198654,24.337624898180366
2026-08-10T16:46:09.982804+00:00,measurement_drift_01,meter_02,36,none,none,none,none,none,none,0.9999973341731362,0.457104708790471,0,,0,0,none,,,,0.8178339339792728,12.17462494969368,13.010290917009115
2026-08-10T16:46:09.995922+00:00,measurement_drift_01,meter_03,36,none,none,none,none,none,none,0.9999989247170784,0.48062661680731705,0,,0,0,none,,,,0.5798749625682831,9.459167020395398,10.053875157609582
2026-08-10T16:46:10.463680+00:00,measurement_drift_01,meter_01,37,none,none,none,none,none,none,0.9999956341653385,0.4649823486951435,0,,0,0,none,,,,2.2728750482201576,21.870458964258432,24.172624805942178
2026-08-10T16:46:10.488320+00:00,measurement_drift_01,meter_02,37,none,none,none,none,none,none,0.999997701020042,0.4709393292827612,0,,0,0,none,,,,0.7775002159178257,11.863958090543747,12.659083120524883
2026-08-10T16:46:10.501082+00:00,measurement_drift_01,meter_03,37,none,none,none,none,none,none,0.9999991767557312,0.5013915788806592,0,,0,0,none,,,,0.5652080290019512,9.624500060454011,10.203999932855368
2026-08-10T16:46:10.968721+00:00,measurement_drift_01,meter_01,38,none,none,none,none,none,none,0.9999941193371747,0.4564339426653533,0,,0,0,none,,,,2.638624981045723,21.609124960377812,24.278041906654835
2026-08-10T16:46:10.993401+00:00,measurement_drift_01,meter_02,38,none,none,none,none,none,none,0.9999916993725603,0.459138439732363,0,,0,0,none,,,,0.8187920320779085,11.893083108589053,12.73000007495284
2026-08-10T16:46:11.006245+00:00,measurement_drift_01,meter_03,38,none,none,none,none,none,none,0.9999988816361551,0.4975034302829353,0,,0,0,none,,,,0.5190421361476183,9.448792086914182,9.983290918171406
2026-08-10T16:46:11.473846+00:00,measurement_drift_01,meter_01,39,none,none,none,none,none,none,0.999967792221611,0.44715038124090994,0,,0,0,none,,,,2.4638338945806026,22.616500034928322,25.107250083237886
2026-08-10T16:46:11.499297+00:00,measurement_drift_01,meter_02,39,none,none,none,none,none,none,0.9999984310472443,0.45788579281147684,0,,0,0,none,,,,0.7870839908719063,12.452458962798119,13.261666987091303
2026-08-10T16:46:11.512654+00:00,measurement_drift_01,meter_03,39,none,none,none,none,none,none,0.9999975960305666,0.46724253132800697,0,,0,0,none,,,,0.5633749533444643,9.526707930490375,10.105000110343099
2026-08-10T16:46:11.978847+00:00,measurement_drift_01,meter_01,40,none,none,none,none,none,none,0.9999897082100927,0.5438952655878416,0,,0,0,none,,,,2.5993329472839832,19.541457993909717,22.165542002767324
2026-08-10T16:46:12.001381+00:00,measurement_drift_01,meter_02,40,none,none,none,none,none,none,0.9999988974101248,0.4704810595720372,0,,0,0,none,,,,0.7072908338159323,11.42404112033546,12.14650017209351
2026-08-10T16:46:12.013628+00:00,measurement_drift_01,meter_03,40,none,none,none,none,none,none,0.9999961467161009,0.49700664876465883,0,,0,0,none,,,,0.510290963575244,9.326791856437922,9.851583046838641
2026-08-10T16:46:12.483860+00:00,measurement_drift_01,meter_01,41,none,none,none,none,none,none,0.9999939759518897,0.4715625540366026,0,,0,0,none,,,,2.645207801833749,18.707791808992624,21.38020796701312
2026-08-10T16:46:12.505592+00:00,measurement_drift_01,meter_02,41,none,none,none,none,none,none,0.9999996582763169,0.5119673997756619,0,,0,0,none,,,,0.6877919659018517,11.524374829605222,12.227582978084683
2026-08-10T16:46:12.517913+00:00,measurement_drift_01,meter_03,41,none,none,none,none,none,none,0.9999983693037637,0.44223047012612515,0,,0,0,none,,,,0.5120420828461647,9.47633315809071,10.003084084019065
2026-08-10T16:46:12.988683+00:00,measurement_drift_01,meter_01,42,none,none,none,none,none,none,0.9999977064988158,0.44890736165358663,0,,0,0,none,,,,2.0843329839408398,22.34912500716746,24.46695906110108
2026-08-10T16:46:13.013574+00:00,measurement_drift_01,meter_02,42,none,none,none,none,none,none,0.9999958503306365,0.43896110796724225,0,,0,0,none,,,,0.8624999318271875,12.062166118994355,12.944084126502275
2026-08-10T16:46:13.026648+00:00,measurement_drift_01,meter_03,42,none,none,none,none,none,none,0.9999780647999978,0.49507294349203157,0,,0,0,none,,,,0.5477908998727798,9.605790954083204,10.169083019718528
2026-08-10T16:46:13.493869+00:00,measurement_drift_01,meter_01,43,none,none,none,none,none,none,0.9999946830883087,0.45074173695014436,0,,0,0,none,,,,2.1953340619802475,19.16866609826684,21.395124960690737
2026-08-10T16:46:13.515677+00:00,measurement_drift_01,meter_02,43,none,none,none,none,none,none,0.9999956741805138,0.4365016547151706,0,,0,0,none,,,,0.7614591158926487,11.416666908189654,12.196041876450181
2026-08-10T16:46:13.527997+00:00,measurement_drift_01,meter_03,43,none,none,none,none,none,none,0.9999725276470874,0.46769883876466306,0,,0,0,none,,,,0.5344580858945847,9.420500136911869,9.970041923224926
2026-08-10T16:46:13.998813+00:00,measurement_drift_01,meter_01,44,none,none,none,none,none,none,0.9999970262591802,0.4479456025834162,0,,0,0,none,,,,2.7742499951273203,22.055708104744554,24.862624937668443
2026-08-10T16:46:14.024104+00:00,measurement_drift_01,meter_02,44,none,none,none,none,none,none,0.9999981001796683,0.5831853973587252,0,,0,0,none,,,,0.7716671098023653,11.88829098828137,12.67691608518362
2026-08-10T16:46:14.036914+00:00,measurement_drift_01,meter_03,44,none,none,none,none,none,none,0.9999929744377857,0.46027610527418333,0,,0,0,none,,,,0.5111671052873135,9.404915850609541,9.931375039741397
2026-08-10T16:46:14.504029+00:00,measurement_drift_01,meter_01,45,none,none,none,none,none,none,0.9999969260781058,0.4661558751020386,0,,0,0,none,,,,2.092083916068077,22.565666818991303,24.68500006943941
2026-08-10T16:46:14.528987+00:00,measurement_drift_01,meter_02,45,none,none,none,none,none,none,0.9999970094791488,0.48132452653959484,0,,0,0,none,,,,0.814167084172368,12.091082986444235,12.922291876748204
2026-08-10T16:46:14.542004+00:00,measurement_drift_01,meter_03,45,none,none,none,none,none,none,0.9999982498175037,0.4803385342616566,0,,0,0,none,,,,0.5552079528570175,9.504292160272598,10.073916986584663
2026-08-10T16:46:15.004230+00:00,measurement_drift_01,meter_01,46,none,none,none,none,none,none,0.9999970999721259,0.46485410945353756,0,,0,0,none,,,,1.9973751623183489,22.141957888379693,24.17533309198916
2026-08-10T16:46:15.028781+00:00,measurement_drift_01,meter_02,46,none,none,none,none,none,none,0.999998176095418,0.49247940161901343,0,,0,0,none,,,,0.9080830495804548,12.08620797842741,13.011583127081394
2026-08-10T16:46:15.041917+00:00,measurement_drift_01,meter_03,46,none,none,none,none,none,none,0.9999995893861632,0.5001915801956333,0,,0,0,none,,,,0.5187499336898327,9.660750161856413,10.194875067099929
2026-08-10T16:46:15.505281+00:00,measurement_drift_01,meter_01,47,none,none,none,none,none,none,0.9999976266689315,0.513690908247597,0,,0,0,none,,,,2.636958844959736,18.647625111043453,21.310667041689157
2026-08-10T16:46:15.526911+00:00,measurement_drift_01,meter_02,47,none,none,none,none,none,none,0.9999982167727481,0.4866408567346572,0,,0,0,none,,,,0.7203749846667051,11.347166961058974,12.084041954949498
2026-08-10T16:46:15.539089+00:00,measurement_drift_01,meter_03,47,none,none,none,none,none,none,0.9999996574528379,0.47533122288213675,0,,0,0,none,,,,0.5091249477118254,9.372374974191189,9.896417148411274
2026-08-10T16:46:16.009017+00:00,measurement_drift_01,meter_01,48,none,none,none,none,none,none,0.9999985950611353,0.4812776327509302,0,,0,0,none,,,,2.0674997940659523,21.908874856308103,24.006166961044073
2026-08-10T16:46:16.033330+00:00,measurement_drift_01,meter_02,48,none,none,none,none,none,none,0.9999959168179688,0.43883299871167364,0,,0,0,none,,,,0.864874804392457,12.00454100035131,12.887499993667006
2026-08-10T16:46:16.046326+00:00,measurement_drift_01,meter_03,48,none,none,none,none,none,none,0.9999979531814475,0.4392676079286926,0,,0,0,none,,,,0.5252088885754347,9.469457902014256,10.008833138272166
2026-08-10T16:46:16.513119+00:00,measurement_drift_01,meter_01,49,none,none,none,none,none,none,0.9999981461142912,0.4592554269547531,0,,0,0,none,,,,1.9891250412911177,21.43075014464557,23.452625144273043
2026-08-10T16:46:16.536864+00:00,measurement_drift_01,meter_02,49,none,none,none,none,none,none,0.9999983643706688,0.4600005286405775,0,,0,0,none,,,,0.7407090160995722,11.776000028476119,12.534874957054853
2026-08-10T16:46:16.549508+00:00,measurement_drift_01,meter_03,49,none,none,none,none,none,none,0.9999992776824881,0.4823109426988034,0,,0,0,none,,,,0.5630000960081816,9.61087504401803,10.189208202064037
2026-08-10T16:46:17.018064+00:00,measurement_drift_01,meter_01,50,none,none,none,none,none,none,0.9999991700250402,0.49585681217210986,0,,0,0,none,,,,2.387041924521327,22.461541928350925,24.880707962438464
2026-08-10T16:46:17.043328+00:00,measurement_drift_01,meter_02,50,none,none,none,none,none,none,0.9999987944865816,0.5658664476273616,0,,0,0,none,,,,0.8415409829467535,12.014833046123385,12.874000007286668
2026-08-10T16:46:17.056306+00:00,measurement_drift_01,meter_03,50,none,none,none,none,none,none,0.999998517297648,0.4881120460790096,0,,0,0,none,,,,0.5571250803768635,9.461458073928952,10.032957885414362
2026-08-10T16:46:17.523173+00:00,measurement_drift_01,meter_01,51,none,none,none,none,none,none,0.9999977673947363,0.48603144061480125,0,,0,0,none,,,,2.028832910582423,22.156374994665384,24.215209065005183
2026-08-10T16:46:17.547699+00:00,measurement_drift_01,meter_02,51,none,none,none,none,none,none,0.9999872166097074,0.47303947211375813,0,,0,0,none,,,,0.8820840157568455,11.9222910143435,12.823707889765501
2026-08-10T16:46:17.560636+00:00,measurement_drift_01,meter_03,51,none,none,none,none,none,none,0.9999977214812188,0.45557946615488526,0,,0,0,none,,,,0.548332929611206,9.449917124584317,10.013916995376348
2026-08-10T16:46:18.024577+00:00,measurement_drift_01,meter_01,52,none,none,none,none,none,none,0.9999975650870234,0.5061597659504209,0,,0,0,none,,,,2.0143750589340925,22.497041849419475,24.540791986510158
2026-08-10T16:46:18.049479+00:00,measurement_drift_01,meter_02,52,none,none,none,none,none,none,0.999999313699681,0.5401650046206178,0,,0,0,none,,,,0.8438751101493835,11.944000143557787,12.806333135813475
2026-08-10T16:46:18.062381+00:00,measurement_drift_01,meter_03,52,none,none,none,none,none,none,0.9999980951600562,0.44240247742404093,0,,0,0,none,,,,0.5405840929597616,9.426082950085402,9.981874842196703
2026-08-10T16:46:18.529804+00:00,measurement_drift_01,meter_01,53,none,none,none,none,none,none,0.9999992975092592,0.4913842339742884,0,,0,0,none,,,,2.0103747956454754,21.49908314459026,23.563707945868373
2026-08-10T16:46:18.553867+00:00,measurement_drift_01,meter_02,53,none,none,none,none,none,none,0.9999982190423008,0.4381493460909207,0,,0,0,none,,,,0.8766250684857368,11.994249885901809,12.897208100184798
2026-08-10T16:46:18.566922+00:00,measurement_drift_01,meter_03,53,none,none,none,none,none,none,0.9999995143525151,0.5004402070433747,0,,0,0,none,,,,0.5982499569654465,9.632541798055172,10.249333921819925
2026-08-10T16:46:19.031707+00:00,measurement_drift_01,meter_01,54,none,none,none,none,none,none,0.9999991076658232,0.5070771631511494,0,,0,0,none,,,,1.2606249656528234,21.70529216527939,23.000000044703484
2026-08-10T16:46:19.055019+00:00,measurement_drift_01,meter_02,54,none,none,none,none,none,none,0.9999955325181555,0.438686217001556,0,,0,0,none,,,,0.9140418842434883,13.286917004734278,14.220665907487273
2026-08-10T16:46:19.069381+00:00,measurement_drift_01,meter_03,54,none,none,none,none,none,none,0.9999987720790947,0.4917611875362586,0,,0,0,none,,,,0.5989170167595148,10.263083036988974,10.877792024984956
2026-08-10T16:46:19.536730+00:00,measurement_drift_01,meter_01,55,none,none,none,none,none,none,0.9999982561698249,0.4555265061738358,0,,0,0,none,,,,1.8189160618931055,21.618332946673036,23.497333051636815
2026-08-10T16:46:19.560674+00:00,measurement_drift_01,meter_02,55,none,none,none,none,none,none,0.9999982127175742,0.44632771818497596,0,,0,0,none,,,,0.8707921952009201,12.208750005811453,13.101874850690365
2026-08-10T16:46:19.573950+00:00,measurement_drift_01,meter_03,55,none,none,none,none,none,none,0.9999989351015548,0.43210765658041816,0,,0,0,none,,,,0.5719170439988375,9.598250035196543,10.189708089455962
2026-08-10T16:46:20.042773+00:00,measurement_drift_01,meter_01,56,none,none,none,none,none,none,0.9999966992403797,0.47133718093029203,0,,0,0,none,,,,1.878208015114069,22.33195910230279,24.241333128884435
2026-08-10T16:46:20.067392+00:00,measurement_drift_01,meter_02,56,none,none,none,none,none,none,0.99999784324784,0.44561550491205076,0,,0,0,none,,,,0.865542097017169,12.048250064253807,12.932542013004422
2026-08-10T16:46:20.080453+00:00,measurement_drift_01,meter_03,56,none,none,none,none,none,none,0.9999991227061866,0.4624169166942102,0,,0,0,none,,,,0.5615830887109041,9.42220794968307,9.998583002015948
2026-08-10T16:46:20.546806+00:00,measurement_drift_01,meter_01,57,none,none,none,none,none,none,0.9999976586905205,0.5464748773963448,0,,0,0,none,,,,2.005208982154727,21.796500077471137,23.841375019401312
2026-08-10T16:46:20.570974+00:00,measurement_drift_01,meter_02,57,none,none,none,none,none,none,0.9999995804792058,0.49288896298877843,0,,0,0,none,,,,0.904332846403122,11.880000121891499,12.80625001527369
2026-08-10T16:46:20.583916+00:00,measurement_drift_01,meter_03,57,none,none,none,none,none,none,0.9999993975575078,0.4621443785315768,0,,0,0,none,,,,0.5401251837611198,9.504042100161314,10.061874985694885
2026-08-10T16:46:21.050358+00:00,measurement_drift_01,meter_01,58,none,none,none,none,none,none,0.9999975405894974,0.4885445030435396,0,,0,0,none,,,,1.9704578444361687,22.076332941651344,24.081500014290214
2026-08-10T16:46:21.074825+00:00,measurement_drift_01,meter_02,58,none,none,none,none,none,none,0.9999995348562353,0.43333142132833086,0,,0,0,none,,,,0.8695828728377819,11.990249855443835,12.879042187705636
2026-08-10T16:46:21.087824+00:00,measurement_drift_01,meter_03,58,none,none,none,none,none,none,0.9999993811993403,0.4878292839768521,0,,0,0,none,,,,0.5320000927895308,9.540250059217215,10.08787495084107
2026-08-10T16:46:21.555415+00:00,measurement_drift_01,meter_01,59,none,none,none,none,none,none,0.9999858848989713,0.46137342372674955,0,,0,0,none,,,,2.2109581623226404,22.21266715787351,24.452209006994963
2026-08-10T16:46:21.580211+00:00,measurement_drift_01,meter_02,59,none,none,none,none,none,none,0.9999986257301804,0.5106424683495311,0,,0,0,none,,,,0.8255001157522202,11.957459151744843,12.800917029380798
2026-08-10T16:46:21.593109+00:00,measurement_drift_01,meter_03,59,none,none,none,none,none,none,0.9999974028521027,0.4389284980323381,0,,0,0,none,,,,0.5573329981416464,9.463625028729439,10.036416817456484
2026-08-10T16:46:22.056998+00:00,measurement_drift_01,meter_01,60,none,none,none,none,none,none,0.999997764078568,0.4472966693894376,0,,0,0,none,,,,1.2957919389009476,21.49800001643598,22.827708860859275
2026-08-10T16:46:22.080075+00:00,measurement_drift_01,meter_02,60,none,none,none,none,none,none,0.9999995785782592,0.44237250475596557,0,,0,0,none,,,,0.8704168722033501,13.07358406484127,13.963415985926986
2026-08-10T16:46:22.094173+00:00,measurement_drift_01,meter_03,60,none,none,none,none,none,none,0.9999991591035583,0.43782082667585964,0,,0,0,none,,,,0.6145420484244823,10.19337517209351,10.823416989296675
2026-08-10T16:46:22.560029+00:00,measurement_drift_01,meter_01,61,none,none,none,none,none,none,0.9999961550136176,0.4443187625784825,0,,0,0,none,,,,2.1227910183370113,21.69008320197463,23.843250004574656
2026-08-10T16:46:22.584234+00:00,measurement_drift_01,meter_02,61,none,none,none,none,none,none,0.9999993207055811,0.4888486518757687,0,,0,0,none,,,,0.7369169034063816,11.760582914575934,12.516375165432692
2026-08-10T16:46:22.596864+00:00,measurement_drift_01,meter_03,61,none,none,none,none,none,none,0.9999991013954869,0.4408714111678934,0,,0,0,none,,,,0.5780409555882215,9.626375045627356,10.219333926215768
2026-08-10T16:46:23.065083+00:00,measurement_drift_01,meter_01,62,none,none,none,none,none,none,0.9999971955355229,0.5270981083942919,0,,0,0,none,,,,2.3075412027537823,21.521457936614752,23.85795791633427
2026-08-10T16:46:23.089349+00:00,measurement_drift_01,meter_02,62,none,none,none,none,none,none,0.9999994441468439,0.4490523218412794,0,,0,0,none,,,,0.7947911508381367,12.18299986794591,12.99779093824327
2026-08-10T16:46:23.102460+00:00,measurement_drift_01,meter_03,62,none,none,none,none,none,none,0.9999984467235629,0.4501852058939035,0,,0,0,none,,,,0.5816661287099123,9.65862488374114,10.25583385489881
2026-08-10T16:46:23.569139+00:00,measurement_drift_01,meter_01,63,none,none,none,none,none,none,0.9999963802194289,0.4414413354643159,0,,0,0,none,,,,1.9243750721216202,22.08279212936759,24.037875002250075
2026-08-10T16:46:23.593496+00:00,measurement_drift_01,meter_02,63,none,none,none,none,none,none,0.999999355280843,0.4400984304555983,0,,0,0,none,,,,0.8429591543972492,11.888958979398012,12.750625144690275
2026-08-10T16:46:23.606349+00:00,measurement_drift_01,meter_03,63,none,none,none,none,none,none,0.9999982053783839,0.4469241981825976,0,,0,0,none,,,,0.510083045810461,9.474124992266297,9.998916182667017
2026-08-10T16:46:24.073265+00:00,measurement_drift_01,meter_01,64,none,none,none,none,none,none,0.999998747850672,0.46611672430467127,0,,0,0,none,,,,2.04120809212327,21.879208041355014,23.951207986101508
2026-08-10T16:46:24.097559+00:00,measurement_drift_01,meter_02,64,none,none,none,none,none,none,0.9999990338098437,0.4558951723521324,0,,0,0,none,,,,0.8928340394049883,11.939415941014886,12.851124862208962
2026-08-10T16:46:24.110522+00:00,measurement_drift_01,meter_03,64,none,none,none,none,none,none,0.9999986968711421,0.4633228470634482,0,,0,0,none,,,,0.5549581255763769,9.532334050163627,10.102749802172184
2026-08-10T16:46:24.577517+00:00,measurement_drift_01,meter_01,65,none,none,none,none,none,none,0.9999995729510499,0.4694265047399521,0,,0,0,none,,,,2.093709073960781,21.856124978512526,23.978207958862185
2026-08-10T16:46:24.601791+00:00,measurement_drift_01,meter_02,65,none,none,none,none,none,none,0.9999994672087232,0.44559470847382143,0,,0,0,none,,,,0.8445419371128082,11.892541078850627,12.756833108142018
2026-08-10T16:46:24.614647+00:00,measurement_drift_01,meter_03,65,none,none,none,none,none,none,0.9999931494211874,0.4474362780775615,0,,0,0,none,,,,0.5561669822782278,9.434666018933058,10.005749994888902
2026-08-10T16:46:25.082696+00:00,measurement_drift_01,meter_01,66,none,none,none,none,none,none,0.9999989937936601,0.4557311505150838,0,,0,0,none,,,,2.250875113531947,22.40820904262364,24.687874829396605
2026-08-10T16:46:25.107748+00:00,measurement_drift_01,meter_02,66,none,none,none,none,none,none,0.999999339379347,0.5271071627632735,0,,0,0,none,,,,0.8329160045832396,11.977875139564276,12.82875007018447
2026-08-10T16:46:25.120678+00:00,measurement_drift_01,meter_03,66,none,none,none,none,none,none,0.9999971422720875,0.4339869795312669,0,,0,0,none,,,,0.5889169406145811,9.502208093181252,10.106584057211876
2026-08-10T16:46:25.587245+00:00,measurement_drift_01,meter_01,67,none,none,none,none,none,none,0.9999995925139058,0.4957140693994092,0,,0,0,none,,,,2.0688329823315144,21.94045903161168,24.038458010181785
2026-08-10T16:46:25.611697+00:00,measurement_drift_01,meter_02,67,none,none,none,none,none,none,0.9999996596772659,0.5192775392693426,0,,0,0,none,,,,0.8394999895244837,11.931917164474726,12.790167005732656
2026-08-10T16:46:25.624590+00:00,measurement_drift_01,meter_03,67,none,none,none,none,none,none,0.9999966120990784,0.4841499650478446,0,,0,0,none,,,,0.5668750964105129,9.491583099588752,10.073665995150805
2026-08-10T16:46:26.090527+00:00,measurement_drift_01,meter_01,68,none,none,none,none,none,none,0.9999995823744082,0.5897828547244778,0,,0,0,none,,,,1.0846660006791353,22.16887497343123,23.28112511895597
2026-08-10T16:46:26.114018+00:00,measurement_drift_01,meter_02,68,none,none,none,none,none,none,0.9999966559983073,0.5586834546901203,0,,0,0,none,,,,0.7954169996082783,12.648875126615167,13.464165851473808
2026-08-10T16:46:26.127584+00:00,measurement_drift_01,meter_03,68,none,none,none,none,none,none,0.9999989121235195,0.49797510842731,0,,0,0,none,,,,0.5734160076826811,9.711458114907146,10.299333138391376
2026-08-10T16:46:26.590898+00:00,measurement_drift_01,meter_01,69,none,none,none,none,none,none,0.9999995857358983,0.5514203595700602,0,,0,0,reference_calibrated,,voltage_rolling_mean=231.648940;source_publish_interval=0.503957,,1.392542151734233,20.26037499308586,21.71849994920194
2026-08-10T16:46:26.612855+00:00,measurement_drift_01,meter_02,69,none,none,none,none,none,none,0.9999993315482375,0.44148321061526746,0,,0,0,reference_calibrated,,voltage_rolling_mean=231.478454;source_publish_interval=0.503952,,0.8225420024245977,12.941999826580286,13.794208178296685
2026-08-10T16:46:26.626772+00:00,measurement_drift_01,meter_03,69,none,none,none,none,none,none,0.9999982057900261,0.43855853530141364,0,,0,0,reference_calibrated,,voltage_rolling_mean=230.520244;source_publish_interval=0.503946,,0.5672089755535126,10.00787504017353,10.60029212385416
2026-08-10T16:46:27.096441+00:00,measurement_drift_01,meter_01,70,none,none,none,none,none,none,0.9999944567104077,0.44885245904161913,0,,0,0,drift_not_confirmed,,voltage_rolling_mean=231.648940;source_publish_interval=0.503957,,2.55220802500844,20.556375151500106,23.16104108467698
2026-08-10T16:46:27.119970+00:00,measurement_drift_01,meter_02,70,none,none,none,none,none,none,0.9999994774941002,0.4666897963019982,0,,0,0,drift_not_confirmed,,voltage_rolling_mean=231.478454;source_publish_interval=0.503952,,0.6978330202400684,11.626957915723324,12.348375050351024
2026-08-10T16:46:27.132424+00:00,measurement_drift_01,meter_03,70,none,none,none,none,none,none,0.9999963915503154,0.45351472122961695,0,,0,0,drift_not_confirmed,,voltage_rolling_mean=230.520244;source_publish_interval=0.503946,,0.5057919770479202,9.293375071138144,9.819458005949855
2026-08-10T16:46:27.601399+00:00,measurement_drift_01,meter_01,71,none,none,none,none,none,none,0.9999987131584014,0.4642242626103588,0,,0,0,drift_not_confirmed,,voltage_rolling_mean=231.648940;source_publish_interval=0.503957,,2.013541990891099,21.821332862600684,23.880749940872192
2026-08-10T16:46:27.625606+00:00,measurement_drift_01,meter_02,71,none,none,none,none,none,none,0.9999997148519437,0.43668588645115014,0,,0,0,drift_not_confirmed,,voltage_rolling_mean=231.478454;source_publish_interval=0.503952,,0.8253329433500767,12.192375026643276,13.041416183114052
2026-08-10T16:46:27.638747+00:00,measurement_drift_01,meter_03,71,none,none,none,none,none,none,0.9999906097571043,0.5893493802621973,0,,0,0,drift_not_confirmed,,voltage_rolling_mean=230.520244;source_publish_interval=0.503946,,0.5007500294595957,9.66745801270008,10.187749983742833
2026-08-10T16:46:28.104731+00:00,measurement_drift_01,meter_01,72,none,none,none,none,none,none,0.9999951236555379,0.4690526014248332,0,,0,0,drift_not_confirmed,,voltage_rolling_mean=231.648940;source_publish_interval=0.503957,,1.991791883483529,22.040833020582795,24.068041937425733
2026-08-10T16:46:28.129070+00:00,measurement_drift_01,meter_02,72,none,none,none,none,none,none,0.9999983814968308,0.4875039749327432,0,,0,0,drift_not_confirmed,,voltage_rolling_mean=231.478454;source_publish_interval=0.503952,,0.7759581785649061,11.711708968505263,12.510541127994657
2026-08-10T16:46:28.141676+00:00,measurement_drift_01,meter_03,72,none,none,none,none,none,none,0.9999961896223266,0.4981553243454972,0,,0,0,drift_not_confirmed,,voltage_rolling_mean=230.520244;source_publish_interval=0.503946,,0.5574999377131462,9.697000030428171,10.273250052705407
2026-08-10T16:46:28.609983+00:00,measurement_drift_01,meter_01,73,none,none,none,none,none,none,0.9999996898448984,0.5052573312851564,0,,0,0,drift_not_confirmed,,voltage_rolling_mean=231.648940;source_publish_interval=0.503957,,2.6485000271350145,22.374541964381933,25.06929193623364
2026-08-10T16:46:28.635423+00:00,measurement_drift_01,meter_02,73,none,none,none,none,none,none,0.9999996325739524,0.5697951191605815,0,,0,0,drift_not_confirmed,,voltage_rolling_mean=231.478454;source_publish_interval=0.503952,,0.7064170204102993,11.7490841075778,12.479791883379221
2026-08-10T16:46:28.647999+00:00,measurement_drift_01,meter_03,73,none,none,none,none,none,none,0.9999954543891144,0.4566790264589034,0,,0,0,drift_not_confirmed,,voltage_rolling_mean=230.520244;source_publish_interval=0.503946,,0.5709170363843441,9.584249928593636,10.174333117902279
2026-08-10T16:46:29.114414+00:00,measurement_drift_01,meter_01,74,none,none,none,none,none,none,0.999999496792897,0.44437986062485924,0,,0,0,drift_not_confirmed,,voltage_rolling_mean=231.648940;source_publish_interval=0.503957,,1.9450001418590546,20.46337490901351,22.439167136326432
2026-08-10T16:46:29.137191+00:00,measurement_drift_01,meter_02,74,none,none,none,none,none,none,0.9999997908139262,0.4497124827173451,0,,0,0,drift_not_confirmed,,voltage_rolling_mean=231.478454;source_publish_interval=0.503952,,0.6859998684376478,11.837375117465854,12.545666191726923
2026-08-10T16:46:29.149852+00:00,measurement_drift_01,meter_03,74,none,none,none,none,none,none,0.9999991878317588,0.5627356578744664,0,,0,0,drift_not_confirmed,,voltage_rolling_mean=230.520244;source_publish_interval=0.503946,,0.5769168492406607,9.461625013500452,10.056708008050919
2026-08-10T16:46:29.615905+00:00,measurement_drift_01,meter_01,75,none,none,none,none,none,none,0.9999993247373226,0.4384682363245323,0,,0,0,drift_not_confirmed,,voltage_rolling_mean=231.648940;source_publish_interval=0.503957,,2.548500197008252,22.378708003088832,24.96204199269414
2026-08-10T16:46:29.641222+00:00,measurement_drift_01,meter_02,75,none,none,none,none,none,none,0.9999984274569871,0.4938629925948347,0,,0,0,drift_not_confirmed,,voltage_rolling_mean=231.478454;source_publish_interval=0.503952,,0.8108329493552446,12.052625184878707,12.885625008493662
2026-08-10T16:46:29.654207+00:00,measurement_drift_01,meter_03,75,none,none,none,none,none,none,0.9999975195390215,0.4392344492195519,0,,0,0,drift_not_confirmed,,voltage_rolling_mean=230.520244;source_publish_interval=0.503946,,0.5834170151501894,9.463333059102297,10.065291076898575
2026-08-10T16:46:30.120936+00:00,measurement_drift_01,meter_01,76,none,none,none,none,none,none,0.999999629235022,0.44854368286932805,0,,0,0,drift_not_confirmed,,voltage_rolling_mean=231.648940;source_publish_interval=0.503957,,1.9446669612079859,21.547332871705294,23.530291160568595
2026-08-10T16:46:30.144762+00:00,measurement_drift_01,meter_02,76,none,none,none,none,none,none,0.9999989963732022,0.45157837788484456,0,,0,0,drift_not_confirmed,,voltage_rolling_mean=231.478454;source_publish_interval=0.503952,,0.706707825884223,11.978709138929844,12.70779105834663
2026-08-10T16:46:30.157566+00:00,measurement_drift_01,meter_03,76,none,none,none,none,none,none,0.9999814094583792,0.4802768986027404,0,,0,0,drift_not_confirmed,,voltage_rolling_mean=230.520244;source_publish_interval=0.503946,,0.5811669398099184,9.50737507082522,10.1070839446038
2026-08-10T16:46:30.625422+00:00,measurement_drift_01,meter_01,77,none,none,none,none,none,none,0.9999996895158261,0.4374967655789978,0,,0,0,drift_not_confirmed,,voltage_rolling_mean=231.648940;source_publish_interval=0.503957,,1.832874957472086,21.104375133290887,22.98925002105534
2026-08-10T16:46:30.648849+00:00,measurement_drift_01,meter_02,77,none,none,none,none,none,none,0.9999935147744149,0.45391989696362806,0,,0,0,drift_not_confirmed,,voltage_rolling_mean=231.478454;source_publish_interval=0.503952,,0.7733751554042101,12.317916844040155,13.116833055391908
2026-08-10T16:46:30.662095+00:00,measurement_drift_01,meter_03,77,none,none,none,none,none,none,0.9999955403543488,0.4569515030899289,0,,0,0,drift_not_confirmed,,voltage_rolling_mean=230.520244;source_publish_interval=0.503946,,0.5910829640924931,9.685916127637029,10.29658387415111
2026-08-10T16:46:31.130416+00:00,measurement_drift_01,meter_01,78,none,none,none,none,none,none,0.9999997500798236,0.5360421666383868,0,,0,0,drift_not_confirmed,,voltage_rolling_mean=231.648940;source_publish_interval=0.503957,,1.7960418481379747,21.23170904815197,23.066707886755466
2026-08-10T16:46:31.153789+00:00,measurement_drift_01,meter_02,78,none,none,none,none,none,none,0.9999990165436274,0.4458363223419776,0,,0,0,drift_not_confirmed,,voltage_rolling_mean=231.478454;source_publish_interval=0.503952,,0.7567920256406069,12.013291008770466,12.794458074495196
2026-08-10T16:46:31.166690+00:00,measurement_drift_01,meter_03,78,none,none,none,none,none,none,0.9999972623558422,0.4610148851125498,0,,0,0,drift_not_confirmed,,voltage_rolling_mean=230.520244;source_publish_interval=0.503946,,0.5866668652743101,9.6284169703722,10.233875131234527
2026-08-10T16:46:31.635043+00:00,measurement_drift_01,meter_01,79,none,none,none,none,none,none,0.9999992755996582,0.45526176484753644,0,,0,0,drift_not_confirmed,,voltage_rolling_mean=231.648940;source_publish_interval=0.503957,,1.5709998551756144,22.345291916280985,23.954042000696063
2026-08-10T16:46:31.659294+00:00,measurement_drift_01,meter_02,79,none,none,none,none,none,none,0.9999993958957875,0.4418034341071895,0,,0,0,drift_not_confirmed,,voltage_rolling_mean=231.478454;source_publish_interval=0.503952,,0.7972922176122665,12.288250029087067,13.107374776154757
2026-08-10T16:46:31.672497+00:00,measurement_drift_01,meter_03,79,none,none,none,none,none,none,0.9999884280797295,0.45058482242560643,0,,0,0,drift_not_confirmed,,voltage_rolling_mean=230.520244;source_publish_interval=0.503946,,0.5700420588254929,9.5767080783844,10.164875071495771
2026-08-10T16:46:32.140026+00:00,measurement_drift_01,meter_01,80,none,none,none,none,none,none,0.9999995189792985,0.4519632312483741,0,,0,0,drift_not_confirmed,,voltage_rolling_mean=231.648940;source_publish_interval=0.503957,,2.1490410435944796,21.359875099733472,23.562500020489097
2026-08-10T16:46:32.163924+00:00,measurement_drift_01,meter_02,80,none,none,none,none,none,none,0.9999995517825728,0.4879112279348919,0,,0,0,drift_not_confirmed,,voltage_rolling_mean=231.478454;source_publish_interval=0.503952,,0.8593329694122076,12.045542011037469,12.935374863445759
2026-08-10T16:46:32.177001+00:00,measurement_drift_01,meter_03,80,none,none,none,none,none,none,0.9999937505547126,0.4830035015413746,0,,0,0,drift_not_confirmed,,voltage_rolling_mean=230.520244;source_publish_interval=0.503946,,0.6210838910192251,9.863000130280852,10.507333092391491
2026-08-10T16:46:32.644454+00:00,measurement_drift_01,meter_01,81,none,none,none,none,none,none,0.9999988934218041,0.43759417140900386,0,,0,0,drift_not_confirmed,,voltage_rolling_mean=231.648940;source_publish_interval=0.503957,,1.9249168690294027,22.323915967717767,24.303250014781952
2026-08-10T16:46:32.669162+00:00,measurement_drift_01,meter_02,81,none,none,none,none,none,none,0.9999972253875857,0.4394830605433827,0,,0,0,drift_not_confirmed,,voltage_rolling_mean=231.478454;source_publish_interval=0.503952,,0.9330410975962877,12.224707985296845,13.184916228055954
2026-08-10T16:46:32.682487+00:00,measurement_drift_01,meter_03,81,none,none,none,none,none,none,0.999984128013352,0.4497660754906288,0,,0,0,drift_not_confirmed,,voltage_rolling_mean=230.520244;source_publish_interval=0.503946,,0.5586659535765648,9.538250043988228,10.117541998624802
2026-08-10T16:46:33.146737+00:00,measurement_drift_01,meter_01,82,none,none,none,none,none,none,0.9999997003993417,0.4344077505245968,0,,0,0,drift_not_confirmed,,voltage_rolling_mean=231.648940;source_publish_interval=0.503957,,1.9862919580191374,22.310000145807862,24.33395804837346
2026-08-10T16:46:33.171381+00:00,measurement_drift_01,meter_02,82,none,none,none,none,none,none,0.9999989017990559,0.44177163536554365,0,,0,0,drift_not_confirmed,,voltage_rolling_mean=231.478454;source_publish_interval=0.503952,,0.8522910065948963,11.977207846939564,12.852249899879098
2026-08-10T16:46:33.184344+00:00,measurement_drift_01,meter_03,82,none,none,none,none,none,none,0.9999923112419987,0.4480664386409172,0,,0,0,drift_not_confirmed,,voltage_rolling_mean=230.520244;source_publish_interval=0.503946,,0.5757499020546675,9.566208813339472,10.160792153328657
2026-08-10T16:46:33.649958+00:00,measurement_drift_01,meter_01,83,none,none,none,none,none,none,0.9999995657050195,0.4591032577184912,0,,0,0,drift_not_confirmed,,voltage_rolling_mean=231.648940;source_publish_interval=0.503957,,2.308333059772849,19.474332919344306,21.817124914377928
2026-08-10T16:46:33.672131+00:00,measurement_drift_01,meter_02,83,none,none,none,none,none,none,0.9999995544425888,0.4739218305964937,0,,0,0,drift_not_confirmed,,voltage_rolling_mean=231.478454;source_publish_interval=0.503952,,0.6891249213367701,11.486832983791828,12.198041891679168
2026-08-10T16:46:33.684419+00:00,measurement_drift_01,meter_03,83,none,none,none,none,none,none,0.9999979487190755,0.5131647908915086,0,,0,0,drift_not_confirmed,,voltage_rolling_mean=230.520244;source_publish_interval=0.503946,,0.5470830947160721,9.44654201157391,10.011750040575862
2026-08-10T16:46:34.153423+00:00,measurement_drift_01,meter_01,84,none,none,none,none,none,none,0.9999989790719541,0.45974292284125445,0,,0,0,drift_not_confirmed,,voltage_rolling_mean=231.648940;source_publish_interval=0.503957,,1.3200000394135714,21.378458011895418,22.73658406920731
2026-08-10T16:46:34.176440+00:00,measurement_drift_01,meter_02,84,none,none,none,none,none,none,0.9999721294520343,0.5172914590725686,0,,0,0,drift_not_confirmed,,voltage_rolling_mean=231.478454;source_publish_interval=0.503952,,0.8554589003324509,12.509457999840379,13.388999970629811
2026-08-10T16:46:34.189955+00:00,measurement_drift_01,meter_03,84,none,none,none,none,none,none,0.9999952643112696,0.4760455104034477,0,,0,0,drift_not_confirmed,,voltage_rolling_mean=230.520244;source_publish_interval=0.503946,,0.5965409800410271,9.993749903514981,10.612041922286153
2026-08-10T16:46:34.659051+00:00,measurement_drift_01,meter_01,85,none,none,none,none,none,none,0.9999998696652382,0.5714050435788429,0,,0,0,drift_not_confirmed,,voltage_rolling_mean=231.648940;source_publish_interval=0.503957,,2.132291905581951,22.501624887809157,24.683000054210424
2026-08-10T16:46:34.684158+00:00,measurement_drift_01,meter_02,85,none,none,none,none,none,none,0.9999944049887524,0.4447819949376834,0,,0,0,drift_not_confirmed,,voltage_rolling_mean=231.478454;source_publish_interval=0.503952,,0.9113750420510769,12.29095901362598,13.226208975538611
2026-08-10T16:46:34.697522+00:00,measurement_drift_01,meter_03,85,none,none,none,none,none,none,0.9999957909063972,0.5196935437377851,0,,0,0,drift_not_confirmed,,voltage_rolling_mean=230.520244;source_publish_interval=0.503946,,0.5372089799493551,9.606792125850916,10.16499986872077
2026-08-10T16:46:35.163866+00:00,measurement_drift_01,meter_01,86,none,none,none,none,none,none,0.999999822148914,0.4496468473519899,0,,0,0,drift_not_confirmed,,voltage_rolling_mean=231.648940;source_publish_interval=0.503957,,2.330833813175559,22.661125054582953,25.03120806068182
2026-08-10T16:46:35.189172+00:00,measurement_drift_01,meter_02,86,none,none,none,none,none,none,0.9999958392902436,0.45184980381856493,0,,0,0,drift_not_confirmed,,voltage_rolling_mean=231.478454;source_publish_interval=0.503952,,0.8650841191411018,12.27649999782443,13.164333067834377
2026-08-10T16:46:35.202453+00:00,measurement_drift_01,meter_03,86,none,none,none,none,none,none,0.999979280664699,0.452797425825206,0,,0,0,drift_not_confirmed,,voltage_rolling_mean=230.520244;source_publish_interval=0.503946,,0.5756670143455267,9.5465830527246,10.140832979232073
2026-08-10T16:46:35.665729+00:00,measurement_drift_01,meter_01,87,none,none,none,none,none,none,0.9999996892295298,0.4554632919698995,0,,0,0,drift_not_confirmed,,voltage_rolling_mean=231.648940;source_publish_interval=0.503957,,2.1099590230733156,21.884167101234198,24.029041174799204
2026-08-10T16:46:35.690117+00:00,measurement_drift_01,meter_02,87,none,none,none,none,none,none,0.9999819676428329,0.45663566664838173,0,,0,0,drift_not_confirmed,,voltage_rolling_mean=231.478454;source_publish_interval=0.503952,,0.8633329998701811,12.234958820044994,13.120707822963595
2026-08-10T16:46:35.703341+00:00,measurement_drift_01,meter_03,87,none,none,none,none,none,none,0.9999830481979491,0.46539034672435237,0,,0,0,drift_not_confirmed,,voltage_rolling_mean=230.520244;source_publish_interval=0.503946,,0.5852498579770327,9.45079093798995,10.053916834294796
2026-08-10T16:46:36.170809+00:00,measurement_drift_01,meter_01,88,none,none,none,none,none,none,0.9999993342485152,0.463972526543754,0,,0,0,drift_not_confirmed,,voltage_rolling_mean=231.648940;source_publish_interval=0.503957,,2.4185001384466887,20.326917059719563,22.782625164836645
2026-08-10T16:46:36.193955+00:00,measurement_drift_01,meter_02,88,none,none,none,none,none,none,0.9999981185093081,0.45679909114928835,0,,0,0,drift_not_confirmed,,voltage_rolling_mean=231.478454;source_publish_interval=0.503952,,0.7335001137107611,11.805583024397492,12.56254082545638
2026-08-10T16:46:36.206622+00:00,measurement_drift_01,meter_03,88,none,none,none,none,none,none,0.9999921116133963,0.49550529768418183,0,,0,0,drift_not_confirmed,,voltage_rolling_mean=230.520244;source_publish_interval=0.503946,,0.5872088950127363,9.60487499833107,10.210582986474037
2026-08-10T16:46:36.675521+00:00,measurement_drift_01,meter_01,89,none,none,none,none,none,none,0.9999996019075109,0.43285182319726223,0,,0,0,drift_not_confirmed,,voltage_rolling_mean=231.648940;source_publish_interval=0.503957,,1.9576670601963997,21.349791903048754,23.34129181690514
2026-08-10T16:46:36.699154+00:00,measurement_drift_01,meter_02,89,none,none,none,none,none,none,0.9999980151569768,0.49960139564940365,0,,0,0,drift_not_confirmed,,voltage_rolling_mean=231.478454;source_publish_interval=0.503952,,0.7320840377360582,11.73987495712936,12.493707938119769
2026-08-10T16:46:36.711740+00:00,measurement_drift_01,meter_03,89,none,none,none,none,none,none,0.9999139725345012,0.46998735522808993,0,,0,0,drift_not_confirmed,,voltage_rolling_mean=230.520244;source_publish_interval=0.503946,,0.5838749930262566,9.568375069648027,10.17099991440773
2026-08-10T16:46:37.180586+00:00,measurement_drift_01,meter_01,90,none,none,none,none,none,none,0.9999998507586755,0.5483812665392725,0,,0,0,drift_not_confirmed,,voltage_rolling_mean=231.648940;source_publish_interval=0.503957,,2.2174590267241,22.203875007107854,24.45533312857151
2026-08-10T16:46:37.205656+00:00,measurement_drift_01,meter_02,90,none,none,none,none,none,none,0.9999959226859342,0.5171295967153895,0,,0,0,drift_not_confirmed,,voltage_rolling_mean=231.478454;source_publish_interval=0.503952,,0.8467079605907202,11.776041006669402,12.645208043977618
2026-08-10T16:46:37.218391+00:00,measurement_drift_01,meter_03,90,none,none,none,none,none,none,0.9999907338138448,0.48588986801283407,0,,0,0,drift_not_confirmed,,voltage_rolling_mean=230.520244;source_publish_interval=0.503946,,0.5593751557171345,9.40124993212521,9.979000082239509
2026-08-10T16:46:37.685745+00:00,measurement_drift_01,meter_01,91,none,none,none,none,none,none,0.9999997801068652,0.5046271258171193,0,,0,0,drift_not_confirmed,,voltage_rolling_mean=231.648940;source_publish_interval=0.503957,,1.921707997098565,21.994708105921745,23.952499963343143
2026-08-10T16:46:37.709999+00:00,measurement_drift_01,meter_02,91,none,none,none,none,none,none,0.9999983647870984,0.44277171344648975,0,,0,0,drift_not_confirmed,,voltage_rolling_mean=231.478454;source_publish_interval=0.503952,,0.8077500388026237,11.97595801204443,12.80520879663527
2026-08-10T16:46:37.722908+00:00,measurement_drift_01,meter_03,91,none,none,none,none,none,none,0.9999877810758586,0.5839364539563167,0,,0,0,drift_not_confirmed,,voltage_rolling_mean=230.520244;source_publish_interval=0.503946,,0.565290916711092,9.508165996521711,10.09087497368455
2026-08-10T16:46:38.190757+00:00,measurement_drift_01,meter_01,92,none,none,none,none,none,none,0.9999995186421812,0.48244602716867074,0,,0,0,drift_not_confirmed,,voltage_rolling_mean=231.648940;source_publish_interval=0.503957,,2.2990829311311245,22.606708807870746,24.947291938588023
2026-08-10T16:46:38.216095+00:00,measurement_drift_01,meter_02,92,none,none,none,none,none,none,0.9999982208082038,0.4434918997226473,0,,0,0,drift_not_confirmed,,voltage_rolling_mean=231.478454;source_publish_interval=0.503952,,0.8388329297304153,11.914791073650122,12.777207884937525
2026-08-10T16:46:38.228986+00:00,measurement_drift_01,meter_03,92,none,none,none,none,none,none,0.9999606980080584,0.45751697744763853,0,,0,0,drift_not_confirmed,,voltage_rolling_mean=230.520244;source_publish_interval=0.503946,,0.5555420648306608,9.46166692301631,10.037540923804045
2026-08-10T16:46:38.695768+00:00,measurement_drift_01,meter_01,93,none,none,none,none,none,none,0.999999586604957,0.4683336788475249,0,,0,0,drift_not_confirmed,,voltage_rolling_mean=231.648940;source_publish_interval=0.503957,,2.1151660475879908,22.03762484714389,24.193207966163754
2026-08-10T16:46:38.720331+00:00,measurement_drift_01,meter_02,93,none,none,none,none,none,none,0.9999983819791226,0.4418669533105716,0,,0,0,drift_not_confirmed,,voltage_rolling_mean=231.478454;source_publish_interval=0.503952,,0.814083032310009,12.010167120024562,12.846041936427355
2026-08-10T16:46:38.733301+00:00,measurement_drift_01,meter_03,93,none,none,none,none,none,none,0.9999711653339683,0.49025854054271245,0,,0,0,drift_not_confirmed,,voltage_rolling_mean=230.520244;source_publish_interval=0.503946,,0.5582910962402821,9.494415950030088,10.069957934319973
2026-08-10T16:46:39.200998+00:00,measurement_drift_01,meter_01,94,none,none,none,none,none,none,0.9999989011186913,0.4875678622953596,0,,0,0,drift_not_confirmed,,voltage_rolling_mean=231.648940;source_publish_interval=0.503957,,2.0369580015540123,21.892999997362494,23.966708919033408
2026-08-10T16:46:39.225241+00:00,measurement_drift_01,meter_02,94,none,none,none,none,none,none,0.9999974378424331,0.45433176988042157,0,,0,0,drift_not_confirmed,,voltage_rolling_mean=231.478454;source_publish_interval=0.503952,,0.8139170240610838,11.898542055860162,12.738166144117713
2026-08-10T16:46:39.238083+00:00,measurement_drift_01,meter_03,94,none,none,none,none,none,none,0.9999443875739809,0.4585013112240786,0,,0,0,drift_not_confirmed,,voltage_rolling_mean=230.520244;source_publish_interval=0.503946,,0.5369579885154963,9.43116587586701,9.986583143472672
2026-08-10T16:46:39.705218+00:00,measurement_drift_01,meter_01,95,none,none,none,none,none,none,0.9999945778368695,0.4392008818027097,0,,0,0,drift_not_confirmed,,voltage_rolling_mean=231.648940;source_publish_interval=0.503957,,1.2843338772654533,21.27083414234221,22.59241696447134
2026-08-10T16:46:39.728055+00:00,measurement_drift_01,meter_02,95,none,none,none,none,none,none,0.999998522808948,0.4727995534011546,0,,0,0,drift_not_confirmed,,voltage_rolling_mean=231.478454;source_publish_interval=0.503952,,0.8444169070571661,13.017542194575071,13.889667112380266
2026-08-10T16:46:39.742051+00:00,measurement_drift_01,meter_03,95,none,none,none,none,none,none,0.9999445205499862,0.45750950529780543,0,,0,0,drift_not_confirmed,,voltage_rolling_mean=230.520244;source_publish_interval=0.503946,,0.5556661635637283,9.915250120684505,10.489917127415538
2026-08-10T16:46:40.211640+00:00,measurement_drift_01,meter_01,96,none,none,none,none,none,none,0.9999972575829075,0.4497402061407089,0,,0,0,drift_not_confirmed,,voltage_rolling_mean=231.648940;source_publish_interval=0.503957,,2.2827910725027323,19.035124918445945,21.34783286601305
2026-08-10T16:46:40.233352+00:00,measurement_drift_01,meter_02,96,none,none,none,none,none,none,0.9999963963744224,0.44580543373625453,0,,0,0,drift_not_confirmed,,voltage_rolling_mean=231.478454;source_publish_interval=0.503952,,0.7166250143200159,11.4437909796834,12.180374935269356
2026-08-10T16:46:40.245619+00:00,measurement_drift_01,meter_03,96,none,none,none,none,none,none,0.9998474754565609,0.4877020423773967,0,,0,0,drift_not_confirmed,,voltage_rolling_mean=230.520244;source_publish_interval=0.503946,,0.5000422243028879,9.352332912385464,9.870083071291447
2026-08-10T16:46:40.716114+00:00,measurement_drift_01,meter_01,97,none,none,none,none,none,none,0.9999982307388061,0.47731847870539923,0,,0,0,drift_not_confirmed,,voltage_rolling_mean=231.648940;source_publish_interval=0.503957,,2.2198751103132963,22.009000182151794,24.269625078886747
2026-08-10T16:46:40.740781+00:00,measurement_drift_01,meter_02,97,none,none,none,none,none,none,0.9999920863974844,0.4650565108574847,0,,0,0,drift_not_confirmed,,voltage_rolling_mean=231.478454;source_publish_interval=0.503952,,0.8473750203847885,11.900875018909574,12.770832981914282
2026-08-10T16:46:40.753664+00:00,measurement_drift_01,meter_03,97,none,none,none,none,none,none,0.9997566206791154,0.4512771484070065,0,,0,0,drift_not_confirmed,,voltage_rolling_mean=230.520244;source_publish_interval=0.503946,,0.5504169967025518,9.396833134815097,9.965833043679595
2026-08-10T16:46:41.221105+00:00,measurement_drift_01,meter_01,98,none,none,none,none,none,none,0.9999984984200246,0.47699527018192744,0,,0,0,drift_not_confirmed,,voltage_rolling_mean=231.648940;source_publish_interval=0.503957,,1.9543750677257776,21.64866612292826,23.635540856048465
2026-08-10T16:46:41.245056+00:00,measurement_drift_01,meter_02,98,none,none,none,none,none,none,0.9999930791652422,0.4476684189299379,0,,0,0,drift_not_confirmed,,voltage_rolling_mean=231.478454;source_publish_interval=0.503952,,0.8068748284131289,11.826250003650784,12.654082849621773
2026-08-10T16:46:41.257799+00:00,measurement_drift_01,meter_03,98,none,none,none,none,none,none,0.9997041761032089,0.47477423266980423,0,,0,0,drift_not_confirmed,,voltage_rolling_mean=230.520244;source_publish_interval=0.503946,,0.5659169983118773,9.411999955773354,9.995499858632684
2026-08-10T16:46:41.722106+00:00,measurement_drift_01,meter_01,99,none,none,none,none,none,none,0.9999996157516717,0.4654668190444924,0,,0,0,drift_not_confirmed,,voltage_rolling_mean=231.648940;source_publish_interval=0.503957,,1.528291031718254,21.122333128005266,22.690749960020185
2026-08-10T16:46:41.745088+00:00,measurement_drift_01,meter_02,99,none,none,none,none,none,none,0.9999967550338733,0.501116723856064,0,,0,0,drift_not_confirmed,,voltage_rolling_mean=231.478454;source_publish_interval=0.503952,,0.8648750372231007,12.61833286844194,13.50737502798438
2026-08-10T16:46:41.758708+00:00,measurement_drift_01,meter_03,99,none,none,none,none,none,none,0.9999291317331471,0.5161332579700765,0,,0,0,drift_not_confirmed,,voltage_rolling_mean=230.520244;source_publish_interval=0.503946,,0.5784588865935802,9.708249941468239,10.306083131581545
2026-08-10T16:46:42.227683+00:00,measurement_drift_01,meter_01,100,none,none,none,none,none,none,0.9999997878761403,0.5220027883560348,0,,0,0,drift_not_confirmed,,voltage_rolling_mean=231.648940;source_publish_interval=0.503957,,2.5620409287512302,20.33541607670486,22.935250075533986
2026-08-10T16:46:42.250976+00:00,measurement_drift_01,meter_02,100,none,none,none,none,none,none,0.9999966767198833,0.44479549291962,0,,0,0,drift_not_confirmed,,voltage_rolling_mean=231.478454;source_publish_interval=0.503952,,0.7055830210447311,11.731459060683846,12.45770906098187
2026-08-10T16:46:42.263529+00:00,measurement_drift_01,meter_03,100,none,none,none,none,none,none,0.9999671050250013,0.47511576119875615,0,,0,0,drift_not_confirmed,,voltage_rolling_mean=230.520244;source_publish_interval=0.503946,,0.5151669029146433,9.413625113666058,9.947707876563072
2026-08-10T16:46:42.732619+00:00,measurement_drift_01,meter_01,101,none,none,none,none,none,none,0.9999998029753385,0.43718123854670915,0,,0,0,drift_not_confirmed,,voltage_rolling_mean=231.648940;source_publish_interval=0.503957,,2.2435830906033516,21.362792002037168,23.643832886591554
2026-08-10T16:46:42.756682+00:00,measurement_drift_01,meter_02,101,none,none,none,none,none,none,0.9999994284976141,0.5991589741569636,0,,0,0,drift_not_confirmed,,voltage_rolling_mean=231.478454;source_publish_interval=0.503952,,0.7805421482771635,11.737125227227807,12.53987499512732
2026-08-10T16:46:42.769315+00:00,measurement_drift_01,meter_03,101,none,none,none,none,none,none,0.9998673172027374,0.45337763583530866,0,,0,0,drift_not_confirmed,,voltage_rolling_mean=230.520244;source_publish_interval=0.503946,,0.5700830370187759,9.591666981577873,10.179625125601888
2026-08-10T16:46:43.235145+00:00,measurement_drift_01,meter_01,102,none,none,none,none,none,none,0.9999998338878097,0.45576810182281347,0,,0,0,drift_not_confirmed,,voltage_rolling_mean=231.648940;source_publish_interval=0.503957,,2.14862497523427,22.36500009894371,24.55245889723301
2026-08-10T16:46:43.260080+00:00,measurement_drift_01,meter_02,102,none,none,none,none,none,none,0.9999976701389884,0.4425142919580182,0,,0,0,drift_not_confirmed,,voltage_rolling_mean=231.478454;source_publish_interval=0.503952,,0.8230418898165226,11.869583977386355,12.714707991108298
2026-08-10T16:46:43.272891+00:00,measurement_drift_01,meter_03,102,none,none,none,none,none,none,0.9999178793054776,0.44781129464554886,0,,0,0,drift_not_confirmed,,voltage_rolling_mean=230.520244;source_publish_interval=0.503946,,0.5307497922331095,9.634374873712659,10.183458914980292
2026-08-10T16:46:43.740277+00:00,measurement_drift_01,meter_01,103,none,none,none,none,none,none,0.9999996582951691,0.4490451343565737,0,,0,0,drift_not_confirmed,,voltage_rolling_mean=231.648940;source_publish_interval=0.503957,,2.5417080614715815,22.417542058974504,24.992540944367647
2026-08-10T16:46:43.765628+00:00,measurement_drift_01,meter_02,103,none,none,none,none,none,none,0.9999969913792068,0.46949588343888893,0,,0,0,drift_not_confirmed,,voltage_rolling_mean=231.478454;source_publish_interval=0.503952,,0.8270000107586384,12.095249956473708,12.94725015759468
2026-08-10T16:46:43.778679+00:00,measurement_drift_01,meter_03,103,none,none,none,none,none,none,0.9999818503431717,0.5267640300419969,0,,0,0,drift_not_confirmed,,voltage_rolling_mean=230.520244;source_publish_interval=0.503946,,0.5747498944401741,9.542417014017701,10.134792188182473
2026-08-10T16:46:44.244849+00:00,measurement_drift_01,meter_01,104,none,none,none,none,none,none,0.9999996809589756,0.47676457037729897,0,,0,0,drift_not_confirmed,,voltage_rolling_mean=231.648940;source_publish_interval=0.503957,,2.492500003427267,22.473542019724846,25.005167117342353
2026-08-10T16:46:44.270212+00:00,measurement_drift_01,meter_02,104,none,none,none,none,none,none,0.9999792009757522,0.4514530511327971,0,,0,0,drift_not_confirmed,,voltage_rolling_mean=231.478454;source_publish_interval=0.503952,,0.8402080275118351,12.219541938975453,13.082124991342425
2026-08-10T16:46:44.283396+00:00,measurement_drift_01,meter_03,104,none,none,none,none,none,none,0.9999643573109761,0.5104123079571042,0,,0,0,drift_not_confirmed,,voltage_rolling_mean=230.520244;source_publish_interval=0.503946,,0.5479170940816402,9.737875079736114,10.307583026587963
2026-08-10T16:46:44.748766+00:00,measurement_drift_01,meter_01,105,none,none,none,none,none,none,0.9999998089988776,0.46602576606351953,0,,0,0,drift_not_confirmed,,voltage_rolling_mean=231.648940;source_publish_interval=0.503957,,2.5460829492658377,21.765332901850343,24.366124998778105
2026-08-10T16:46:44.773479+00:00,measurement_drift_01,meter_02,105,none,none,none,none,none,none,0.9999923723394053,0.5333442635984103,0,,0,0,drift_not_confirmed,,voltage_rolling_mean=231.478454;source_publish_interval=0.503952,,0.7641250267624855,11.710040969774127,12.49733311124146
2026-08-10T16:46:44.786079+00:00,measurement_drift_01,meter_03,105,none,none,none,none,none,none,0.9998489777945544,0.48275919493541436,0,,0,0,drift_not_confirmed,,voltage_rolling_mean=230.520244;source_publish_interval=0.503946,,0.5591670051217079,9.710041806101799,10.28724992647767
2026-08-10T16:46:45.253891+00:00,measurement_drift_01,meter_01,106,none,none,none,none,none,none,0.9999994582697028,0.44878578466448954,0,,0,0,drift_not_confirmed,,voltage_rolling_mean=231.648940;source_publish_interval=0.503957,,2.268207957968116,21.918166894465685,24.22316698357463
2026-08-10T16:46:45.278515+00:00,measurement_drift_01,meter_02,106,none,none,none,none,none,none,0.9999977805590868,0.4524083495369562,0,,0,0,drift_not_confirmed,,voltage_rolling_mean=231.478454;source_publish_interval=0.503952,,0.8165000472217798,12.006666045635939,12.847041012719274
2026-08-10T16:46:45.291458+00:00,measurement_drift_01,meter_03,106,none,none,none,none,none,none,0.9998208616504743,0.5773123889976556,0,,0,0,drift_not_confirmed,,voltage_rolling_mean=230.520244;source_publish_interval=0.503946,,0.5671251565217972,9.708542143926024,10.294291889294982
2026-08-10T16:46:45.758992+00:00,measurement_drift_01,meter_01,107,none,none,none,none,none,none,0.9999994652779401,0.44049033851377023,0,,0,0,drift_not_confirmed,,voltage_rolling_mean=231.648940;source_publish_interval=0.503957,,1.9900829065591097,22.29479211382568,24.32079194113612
2026-08-10T16:46:45.783666+00:00,measurement_drift_01,meter_02,107,none,none,none,none,none,none,0.9999946198586521,0.4653612297165257,0,,0,0,drift_not_confirmed,,voltage_rolling_mean=231.478454;source_publish_interval=0.503952,,0.8211249951273203,11.82804093696177,12.671374948695302
2026-08-10T16:46:45.796436+00:00,measurement_drift_01,meter_03,107,none,none,none,none,none,none,0.9983771200030068,0.446589390447359,0,,0,0,drift_not_confirmed,,voltage_rolling_mean=230.520244;source_publish_interval=0.503946,,0.5625421181321144,9.86541691236198,10.446166153997183
2026-08-10T16:46:46.262768+00:00,measurement_drift_01,meter_01,108,none,none,none,none,none,none,0.9999996941585717,0.5291272631684227,0,,0,0,drift_not_confirmed,,voltage_rolling_mean=231.648940;source_publish_interval=0.503957,,2.0767920650541782,21.906666923314333,24.031166918575764
2026-08-10T16:46:46.287125+00:00,measurement_drift_01,meter_02,108,none,none,none,none,none,none,0.9999974537348519,0.48017106286674766,0,,0,0,drift_not_confirmed,,voltage_rolling_mean=231.478454;source_publish_interval=0.503952,,0.8564589079469442,11.990000028163195,12.870541075244546
2026-08-10T16:46:46.300108+00:00,measurement_drift_01,meter_03,108,none,none,none,none,none,none,0.9994281118154386,0.4567277877224504,0,,0,0,drift_not_confirmed,,voltage_rolling_mean=230.520244;source_publish_interval=0.503946,,0.5278747994452715,9.455125080421567,10.002500144764781
2026-08-10T16:46:46.765312+00:00,measurement_drift_01,meter_01,109,none,none,none,none,none,none,0.999999370636959,0.4508610809301759,0,,0,0,drift_not_confirmed,,voltage_rolling_mean=231.648940;source_publish_interval=0.503957,,1.0112498421221972,22.438208106905222,23.483916884288192
2026-08-10T16:46:46.789043+00:00,measurement_drift_01,meter_02,109,none,none,none,none,none,none,0.9999953173550588,0.4613347201987043,0,,0,0,drift_not_confirmed,,voltage_rolling_mean=231.478454;source_publish_interval=0.503952,,0.8139589335769415,12.092791963368654,12.929708929732442
2026-08-10T16:46:46.802076+00:00,measurement_drift_01,meter_03,109,none,none,none,none,none,none,0.9988250329579312,0.46019167283250395,0,,0,0,drift_not_confirmed,,voltage_rolling_mean=230.520244;source_publish_interval=0.503946,,0.5787080153822899,9.536249795928597,10.132916970178485
2026-08-10T16:46:47.270488+00:00,measurement_drift_01,meter_01,110,none,none,none,none,none,none,0.9999994666489338,0.44554715694526553,0,,0,0,drift_not_confirmed,,voltage_rolling_mean=231.648940;source_publish_interval=0.503957,,2.1047499030828476,21.628374932333827,23.769333958625793
2026-08-10T16:46:47.294545+00:00,measurement_drift_01,meter_02,110,none,none,none,none,none,none,0.9999907833012229,0.4599947007267006,0,,0,0,drift_not_confirmed,,voltage_rolling_mean=231.478454;source_publish_interval=0.503952,,0.8286670781672001,11.91962487064302,12.772000161930919
2026-08-10T16:46:47.307411+00:00,measurement_drift_01,meter_03,110,none,none,none,none,none,none,0.9995247391600242,0.4948172990619304,0,,0,0,drift_not_confirmed,,voltage_rolling_mean=230.520244;source_publish_interval=0.503946,,0.5597909912467003,9.450624929741025,10.028417222201824
2026-08-10T16:46:47.775724+00:00,measurement_drift_01,meter_01,111,none,none,none,none,none,none,0.9999993989692775,0.6026076644304258,0,,0,0,drift_not_confirmed,,voltage_rolling_mean=231.648940;source_publish_interval=0.503957,,2.696666866540909,19.197457935661077,21.924000000581145
2026-08-10T16:46:47.797984+00:00,measurement_drift_01,meter_02,111,none,none,none,none,none,none,0.9999898272980524,0.4529493119492258,0,,0,0,drift_not_confirmed,,voltage_rolling_mean=231.478454;source_publish_interval=0.503952,,0.6971671245992184,11.370040941983461,12.091416865587234
2026-08-10T16:46:47.810158+00:00,measurement_drift_01,meter_03,111,none,none,none,none,none,none,0.998096337115334,0.44398579953012557,0,,0,0,drift_not_confirmed,,voltage_rolling_mean=230.520244;source_publish_interval=0.503946,,0.5164169706404209,9.2763751745224,9.810500079765916
2026-08-10T16:46:48.280786+00:00,measurement_drift_01,meter_01,112,none,none,none,none,none,none,0.9999989889468651,0.5523175140101487,0,,0,0,drift_not_confirmed,,voltage_rolling_mean=231.648940;source_publish_interval=0.503957,,2.11387500166893,22.059542126953602,24.2057079449296
2026-08-10T16:46:48.305407+00:00,measurement_drift_01,meter_02,112,none,none,none,none,none,none,0.9999910571276863,0.45456920147146357,0,,0,0,drift_not_confirmed,,voltage_rolling_mean=231.478454;source_publish_interval=0.503952,,0.8227089419960976,11.961374897509813,12.805917067453265
2026-08-10T16:46:48.318305+00:00,measurement_drift_01,meter_03,112,none,none,none,none,none,none,0.9683194195083225,0.49065784387160477,0,,0,0,drift_not_confirmed,,voltage_rolling_mean=230.520244;source_publish_interval=0.503946,,0.5570829380303621,9.45216603577137,10.02695900388062
2026-08-10T16:46:48.785891+00:00,measurement_drift_01,meter_01,113,none,none,none,none,none,none,0.9999987867683173,0.4407727690684609,0,,0,0,drift_not_confirmed,,voltage_rolling_mean=231.648940;source_publish_interval=0.503957,,2.0340420305728912,21.935082972049713,24.004834005609155
2026-08-10T16:46:48.810188+00:00,measurement_drift_01,meter_02,113,none,none,none,none,none,none,0.9999880992599913,0.487223937009208,0,,0,0,drift_not_confirmed,,voltage_rolling_mean=231.478454;source_publish_interval=0.503952,,0.8366249967366457,11.878999881446362,12.738000135868788
2026-08-10T16:46:48.823026+00:00,measurement_drift_01,meter_03,113,none,none,none,none,none,none,0.9862283259121272,0.47524593538966725,0,,0,0,drift_not_confirmed,,voltage_rolling_mean=230.520244;source_publish_interval=0.503946,,0.5573749076575041,9.475833037868142,10.051874909549952
2026-08-10T16:46:49.290789+00:00,measurement_drift_01,meter_01,114,none,none,none,none,none,none,0.9999981142225648,0.45336724164332765,0,,0,0,drift_not_confirmed,,voltage_rolling_mean=231.648940;source_publish_interval=0.503957,,1.966959098353982,22.524749860167503,24.56049993634224
2026-08-10T16:46:49.315843+00:00,measurement_drift_01,meter_02,114,none,none,none,none,none,none,0.9999231635303757,0.4650158165219773,0,,0,0,drift_not_confirmed,,voltage_rolling_mean=231.478454;source_publish_interval=0.503952,,0.9527918882668018,12.25450006313622,13.234667014330626
2026-08-10T16:46:49.329246+00:00,measurement_drift_01,meter_03,114,none,none,none,none,none,none,0.9872598924633205,0.47962467936771275,0,,0,0,drift_not_confirmed,,voltage_rolling_mean=230.520244;source_publish_interval=0.503946,,0.533832935616374,9.537917096167803,10.092666139826179
2026-08-10T16:46:49.795095+00:00,measurement_drift_01,meter_01,115,none,none,none,none,none,none,0.9999986832074976,0.44562515585602697,0,,0,0,drift_not_confirmed,,voltage_rolling_mean=231.648940;source_publish_interval=0.503957,,1.3685000594705343,16.327917110174894,17.74275000207126
2026-08-10T16:46:49.813131+00:00,measurement_drift_01,meter_02,115,none,none,none,none,none,none,0.9999880829592982,0.45889513535439247,0,,0,0,drift_not_confirmed,,voltage_rolling_mean=231.478454;source_publish_interval=0.503952,,0.7844588253647089,10.953000048175454,11.762375012040138
2026-08-10T16:46:49.825029+00:00,measurement_drift_01,meter_03,115,none,none,none,none,none,none,0.999661625016589,0.477075867761645,0,,0,0,drift_not_confirmed,,voltage_rolling_mean=230.520244;source_publish_interval=0.503946,,0.5339160561561584,9.535749908536673,10.09533298201859
2026-08-10T16:46:50.300432+00:00,measurement_drift_01,meter_01,116,none,none,none,none,none,none,0.9999938869615914,0.45193663525351396,0,,0,0,drift_not_confirmed,,voltage_rolling_mean=231.648940;source_publish_interval=0.503957,,1.2180840130895376,22.018708987161517,23.29274988733232
2026-08-10T16:46:50.324047+00:00,measurement_drift_01,meter_02,116,none,none,none,none,none,none,0.9999586404201521,0.4672884700997617,0,,0,0,drift_not_confirmed,,voltage_rolling_mean=231.478454;source_publish_interval=0.503952,,0.8670000825077295,12.945458991453052,13.838290935382247
2026-08-10T16:46:50.338026+00:00,measurement_drift_01,meter_03,116,none,none,none,unknown,unknown,unknown,0.9375326349792219,0.49549613830673145,0,,0,0,drift_not_confirmed,,voltage_rolling_mean=230.520244;source_publish_interval=0.503946,,0.5718749016523361,9.851292008534074,10.442957980558276
2026-08-10T16:46:50.806068+00:00,measurement_drift_01,meter_01,117,none,none,none,none,none,none,0.9999886682140608,0.44765722415108683,0,,0,0,drift_not_confirmed,,voltage_rolling_mean=231.648940;source_publish_interval=0.503957,,2.469124970957637,18.701459048315883,21.212290972471237
2026-08-10T16:46:50.827670+00:00,measurement_drift_01,meter_02,117,none,none,none,none,none,none,0.9998789903567176,0.4703972755649004,0,,0,0,drift_not_confirmed,,voltage_rolling_mean=231.478454;source_publish_interval=0.503952,,0.7867908570915461,11.821499792858958,12.630375102162361
2026-08-10T16:46:50.840424+00:00,measurement_drift_01,meter_03,117,none,none,none,none,none,none,0.9977495043594297,0.479093058327359,0,,0,0,drift_not_confirmed,,voltage_rolling_mean=230.520244;source_publish_interval=0.503946,,0.5361670628190041,9.469417156651616,10.02462487667799
2026-08-10T16:46:51.310880+00:00,measurement_drift_01,meter_01,118,none,none,none,none,none,none,0.9999971331408736,0.4604378636051961,0,,0,0,drift_not_confirmed,,voltage_rolling_mean=231.648940;source_publish_interval=0.503957,,2.406083047389984,22.4970830604434,24.944917066022754
2026-08-10T16:46:51.336260+00:00,measurement_drift_01,meter_02,118,none,none,none,none,none,none,0.999871810631045,0.4522428332291613,0,,0,0,drift_not_confirmed,,voltage_rolling_mean=231.478454;source_publish_interval=0.503952,,0.8970829658210278,12.270750012248755,13.196333078667521
2026-08-10T16:46:51.349586+00:00,measurement_drift_01,meter_03,118,none,none,none,none,none,none,0.9763858689527792,0.46330129908562445,0,,0,0,drift_not_confirmed,,voltage_rolling_mean=230.520244;source_publish_interval=0.503946,,0.583041924983263,9.746290976181626,10.348208015784621
2026-08-10T16:46:51.812393+00:00,measurement_drift_01,meter_01,119,none,none,none,none,none,none,0.9999986164007751,0.4494809401217564,0,,0,0,drift_not_confirmed,,voltage_rolling_mean=231.648940;source_publish_interval=0.503957,,1.973958918824792,21.881167078390718,23.896083002910018
2026-08-10T16:46:51.836600+00:00,measurement_drift_01,meter_02,119,none,none,none,none,none,none,0.9999255224116516,0.5249978500374248,0,,0,0,drift_not_confirmed,,voltage_rolling_mean=231.478454;source_publish_interval=0.503952,,0.8813750464469194,12.20920798368752,13.116042129695415
2026-08-10T16:46:51.849849+00:00,measurement_drift_01,meter_03,119,none,none,none,none,none,none,0.9966046045901257,0.5083746834318241,0,,0,0,drift_not_confirmed,,voltage_rolling_mean=230.520244;source_publish_interval=0.503946,,0.516457948833704,9.524582885205746,10.061291046440601
2026-08-10T16:46:52.315769+00:00,measurement_drift_01,meter_01,120,none,none,none,none,none,none,0.9999928162249316,0.45358301603559475,0,,0,0,drift_not_confirmed,,voltage_rolling_mean=231.648940;source_publish_interval=0.503957,,3.4107922110706568,18.906333949416876,22.352624917402864
2026-08-10T16:46:52.338500+00:00,measurement_drift_01,meter_02,120,none,none,none,none,none,none,0.9995240766004797,0.46120809546747565,0,,0,0,drift_not_confirmed,,voltage_rolling_mean=231.478454;source_publish_interval=0.503952,,0.7383751217275858,11.556500103324652,12.315790867432952
2026-08-10T16:46:52.350917+00:00,measurement_drift_01,meter_03,120,none,none,none,none,none,none,0.9684299506281543,0.5080845289888176,0,,0,0,drift_not_confirmed,,voltage_rolling_mean=230.520244;source_publish_interval=0.503946,,0.5059998948127031,9.465292096138,9.99083393253386
2026-08-10T16:46:52.820584+00:00,measurement_drift_01,meter_01,121,none,none,none,none,none,none,0.9999917207496858,0.4541944177095596,0,,0,0,drift_not_confirmed,,voltage_rolling_mean=231.648940;source_publish_interval=0.503957,,2.2411670070141554,22.076041204854846,24.35766695998609
2026-08-10T16:46:52.845302+00:00,measurement_drift_01,meter_02,121,none,none,none,none,none,none,0.9988132245674711,0.4730411677824442,0,,0,0,drift_not_confirmed,,voltage_rolling_mean=231.478454;source_publish_interval=0.503952,,0.8136669639497995,12.285416945815086,13.122749980539083
2026-08-10T16:46:52.858538+00:00,measurement_drift_01,meter_03,121,none,none,none,none,none,none,0.9681679143533206,0.4759672842820884,0,,0,0,drift_not_confirmed,,voltage_rolling_mean=230.520244;source_publish_interval=0.503946,,0.5614999681711197,9.504292160272598,10.084582958370447
2026-08-10T16:46:53.325646+00:00,measurement_drift_01,meter_01,122,none,none,none,none,none,none,0.9999896376369952,0.45209224064193715,0,,0,0,drift_not_confirmed,,voltage_rolling_mean=231.648940;source_publish_interval=0.503957,,2.436000155285001,19.957541953772306,22.431040881201625
2026-08-10T16:46:53.348442+00:00,measurement_drift_01,meter_02,122,none,none,none,none,none,none,0.9996443499861153,0.5436049363885092,0,,0,0,drift_not_confirmed,,voltage_rolling_mean=231.478454;source_publish_interval=0.503952,,0.7287501357495785,11.80358394049108,12.552292086184025
2026-08-10T16:46:53.361089+00:00,measurement_drift_01,meter_03,122,none,none,none,none,none,none,0.9855530316777547,0.46690273788720776,0,,0,0,drift_not_confirmed,,voltage_rolling_mean=230.520244;source_publish_interval=0.503946,,0.5022499244660139,9.435500018298626,9.956541936844587
2026-08-10T16:46:53.830859+00:00,measurement_drift_01,meter_01,123,none,none,none,none,none,none,0.9999677433069601,0.4877568390765272,0,,0,0,drift_not_confirmed,,voltage_rolling_mean=231.648940;source_publish_interval=0.503957,,2.0757499150931835,21.99670788832009,24.11012491211295
2026-08-10T16:46:53.855327+00:00,measurement_drift_01,meter_02,123,none,none,none,none,none,none,0.9985883297339022,0.46403762151429845,0,,0,0,drift_not_confirmed,,voltage_rolling_mean=231.478454;source_publish_interval=0.503952,,0.8030838798731565,12.189582921564579,13.019250007346272
2026-08-10T16:46:53.868459+00:00,measurement_drift_01,meter_03,123,none,none,none,none,none,none,0.9900044349235049,0.45374307987818735,0,,0,0,drift_not_confirmed,,voltage_rolling_mean=230.520244;source_publish_interval=0.503946,,0.5544580053538084,9.543790947645903,10.11758390814066
2026-08-10T16:46:54.335317+00:00,measurement_drift_01,meter_01,124,none,none,none,none,none,none,0.9999941577976411,0.4552786144348917,0,,0,0,drift_not_confirmed,,voltage_rolling_mean=231.648940;source_publish_interval=0.503957,,2.5720829144120216,19.68287513591349,22.288332926109433
2026-08-10T16:46:54.357988+00:00,measurement_drift_01,meter_02,124,none,none,none,none,none,none,0.9998433964541018,0.5350419344127393,0,,0,0,drift_not_confirmed,,voltage_rolling_mean=231.478454;source_publish_interval=0.503952,,0.6850000936537981,11.642625089734793,12.350541073828936
2026-08-10T16:46:54.370444+00:00,measurement_drift_01,meter_03,124,none,none,none,none,none,none,0.9975532600064427,0.4712288011678566,0,,0,0,drift_not_confirmed,,voltage_rolling_mean=230.520244;source_publish_interval=0.503946,,0.5206249188631773,9.501165943220258,10.040458990260959
2026-08-10T16:46:54.840294+00:00,measurement_drift_01,meter_01,125,none,none,none,none,none,none,0.9999886765817738,0.45442893403466694,0,,0,0,drift_not_confirmed,,voltage_rolling_mean=231.648940;source_publish_interval=0.503957,,2.4787920992821455,19.110667053610086,21.62037487141788
2026-08-10T16:46:54.862256+00:00,measurement_drift_01,meter_02,125,none,none,none,none,none,none,0.9983521511292557,0.48341279508024926,0,,0,0,drift_not_confirmed,,voltage_rolling_mean=231.478454;source_publish_interval=0.503952,,0.6723329424858093,11.513083009049296,12.205125065520406
2026-08-10T16:46:54.874552+00:00,measurement_drift_01,meter_03,125,none,none,none,none,none,none,0.9940042005833093,0.5308139878127531,0,,0,0,drift_not_confirmed,,voltage_rolling_mean=230.520244;source_publish_interval=0.503946,,0.5022501572966576,9.384416975080967,9.905041893944144
2026-08-10T16:46:55.340603+00:00,measurement_drift_01,meter_01,126,none,none,none,none,none,none,0.9999950861794207,0.4606116894184193,0,,0,0,drift_not_confirmed,,voltage_rolling_mean=231.648940;source_publish_interval=0.503957,,2.7495420072227716,22.47712481766939,25.26162494905293
2026-08-10T16:46:55.366240+00:00,measurement_drift_01,meter_02,126,none,none,none,none,none,none,0.9997302628077618,0.47253065968351554,0,,0,0,drift_not_confirmed,,voltage_rolling_mean=231.478454;source_publish_interval=0.503952,,0.7888339459896088,12.163082836195827,12.974584009498358
2026-08-10T16:46:55.379317+00:00,measurement_drift_01,meter_03,126,none,none,none,none,none,none,0.9931701667228664,0.4555949806016784,0,,0,0,drift_not_confirmed,,voltage_rolling_mean=230.520244;source_publish_interval=0.503946,,0.559499952942133,9.505624882876873,10.082999942824244
2026-08-10T16:46:55.845904+00:00,measurement_drift_01,meter_01,127,none,none,none,none,none,none,0.9999869649130589,0.46768677228803224,0,,0,0,drift_not_confirmed,,voltage_rolling_mean=231.648940;source_publish_interval=0.503957,,1.9718329422175884,21.787957986816764,23.795874789357185
2026-08-10T16:46:55.869972+00:00,measurement_drift_01,meter_02,127,none,none,none,none,none,none,0.9986392289250537,0.4614408027204762,0,,0,0,drift_not_confirmed,,voltage_rolling_mean=231.478454;source_publish_interval=0.503952,,0.8286661468446255,12.10137503221631,12.951459037140012
2026-08-10T16:46:55.883033+00:00,measurement_drift_01,meter_03,127,none,none,none,unknown,unknown,unknown,0.9098334822934521,0.45518112067238703,0,,0,0,drift_not_confirmed,,voltage_rolling_mean=230.520244;source_publish_interval=0.503946,,0.5110001657158136,9.516957914456725,10.04562503658235
2026-08-10T16:46:56.350529+00:00,measurement_drift_01,meter_01,128,none,none,none,none,none,none,0.999972722879921,0.4700670514412745,0,,0,0,drift_not_confirmed,,voltage_rolling_mean=231.648940;source_publish_interval=0.503957,,2.5535409804433584,18.231665948405862,20.82545799203217
2026-08-10T16:46:56.371744+00:00,measurement_drift_01,meter_02,128,none,none,none,none,none,none,0.9998060450376041,0.4723920258766498,0,,0,0,drift_not_confirmed,,voltage_rolling_mean=231.478454;source_publish_interval=0.503952,,0.7282090373337269,11.491999961435795,12.241624994203448
2026-08-10T16:46:56.384111+00:00,measurement_drift_01,meter_03,128,none,none,none,none,none,none,0.9514464174386725,0.5201041947189657,0,,0,0,drift_not_confirmed,,voltage_rolling_mean=230.520244;source_publish_interval=0.503946,,0.5067908205091953,9.59066697396338,10.116541991010308
2026-08-10T16:46:56.855865+00:00,measurement_drift_01,meter_01,129,none,none,none,none,none,none,0.9999696550340507,0.45422331887972056,0,,0,0,drift_not_confirmed,,voltage_rolling_mean=231.648940;source_publish_interval=0.503957,,2.116957912221551,22.079875227063894,24.231875082477927
2026-08-10T16:46:56.880468+00:00,measurement_drift_01,meter_02,129,none,none,none,none,none,none,0.9989105171367846,0.46039174732214905,0,,0,0,drift_not_confirmed,,voltage_rolling_mean=231.478454;source_publish_interval=0.503952,,0.8180830627679825,12.125917011871934,12.966540874913335
2026-08-10T16:46:56.893533+00:00,measurement_drift_01,meter_03,129,none,none,none,none,none,none,0.9845578623264518,0.46374146684341355,0,,0,0,drift_not_confirmed,,voltage_rolling_mean=230.520244;source_publish_interval=0.503946,,0.5503331776708364,9.542582789435983,10.110707953572273
2026-08-10T16:46:57.360816+00:00,measurement_drift_01,meter_01,130,none,none,none,none,none,none,0.9999539456607623,0.45899592589025556,0,,0,0,drift_not_confirmed,,voltage_rolling_mean=231.648940;source_publish_interval=0.503957,,2.2560828365385532,19.383917097002268,21.672916831448674
2026-08-10T16:46:57.382845+00:00,measurement_drift_01,meter_02,130,none,none,none,none,none,none,0.9976917789634924,0.453432091744934,0,,0,0,drift_not_confirmed,,voltage_rolling_mean=231.478454;source_publish_interval=0.503952,,0.7022498175501823,11.60841598175466,12.333499966189265
2026-08-10T16:46:57.395280+00:00,measurement_drift_01,meter_03,130,none,none,none,none,none,none,0.9837394925981553,0.48918234694473894,0,,0,0,drift_not_confirmed,,voltage_rolling_mean=230.520244;source_publish_interval=0.503946,,0.5224160850048065,9.458583081141114,9.999458910897374
2026-08-10T16:46:57.865864+00:00,measurement_drift_01,meter_01,131,none,none,none,none,none,none,0.9998791309758224,0.45436256546064663,0,,0,0,drift_not_confirmed,,voltage_rolling_mean=231.648940;source_publish_interval=0.503957,,2.626416040584445,19.15608299896121,21.811041049659252
2026-08-10T16:46:57.888009+00:00,measurement_drift_01,meter_02,131,none,none,none,none,none,none,0.995261099155591,0.5053031325005614,0,,0,0,drift_not_confirmed,,voltage_rolling_mean=231.478454;source_publish_interval=0.503952,,0.6944998167455196,11.565790977329016,12.280208989977837
2026-08-10T16:46:57.900373+00:00,measurement_drift_01,meter_03,131,none,none,none,none,none,none,0.9774432316263367,0.46785367839345016,0,,0,0,drift_not_confirmed,,voltage_rolling_mean=230.520244;source_publish_interval=0.503946,,0.48787519335746765,9.41483280621469,9.920249925926328
2026-08-10T16:46:58.370762+00:00,measurement_drift_01,meter_01,132,none,none,none,none,none,none,0.9999764118658786,0.5176214250367325,0,,0,0,drift_not_confirmed,,voltage_rolling_mean=231.648940;source_publish_interval=0.503957,,1.68991694226861,21.98554086498916,23.711875081062317
2026-08-10T16:46:58.394725+00:00,measurement_drift_01,meter_02,132,none,none,none,none,none,none,0.9982416110177661,0.49634007270468605,0,,0,0,drift_not_confirmed,,voltage_rolling_mean=231.478454;source_publish_interval=0.503952,,0.8115828968584538,11.96441613137722,12.80083297751844
2026-08-10T16:46:58.407628+00:00,measurement_drift_01,meter_03,132,none,none,none,none,none,none,0.9762257934245077,0.4446411233072483,0,,0,0,drift_not_confirmed,,voltage_rolling_mean=230.520244;source_publish_interval=0.503946,,0.558334169909358,9.49624995701015,10.072542121633887
2026-08-10T16:46:58.875601+00:00,measurement_drift_01,meter_01,133,none,none,none,none,none,none,0.9999848014654305,0.535217366548627,0,,0,0,drift_not_confirmed,,voltage_rolling_mean=231.648940;source_publish_interval=0.503957,,2.053583972156048,22.259667050093412,24.35675007291138
2026-08-10T16:46:58.900358+00:00,measurement_drift_01,meter_02,133,none,none,none,none,none,none,0.9914323302726539,0.49164487962635317,0,,0,0,drift_not_confirmed,,voltage_rolling_mean=231.478454;source_publish_interval=0.503952,,0.8330829441547394,12.061582878232002,12.916707899421453
2026-08-10T16:46:58.913372+00:00,measurement_drift_01,meter_03,133,none,none,none,none,none,none,0.9639393870013219,0.4440352957903625,0,,0,0,drift_not_confirmed,,voltage_rolling_mean=230.520244;source_publish_interval=0.503946,,0.5560419522225857,9.548208210617304,10.121791157871485
2026-08-10T16:46:59.378109+00:00,measurement_drift_01,meter_01,134,none,none,none,none,none,none,0.9999150176711249,0.4835949113913254,0,,0,0,drift_not_confirmed,,voltage_rolling_mean=231.648940;source_publish_interval=0.503957,,1.8689578864723444,21.405834006145597,23.309958167374134
2026-08-10T16:46:59.401698+00:00,measurement_drift_01,meter_02,134,none,none,none,none,none,none,0.997251268930172,0.5723026501918674,0,,0,0,drift_not_confirmed,,voltage_rolling_mean=231.478454;source_publish_interval=0.503952,,0.7246669847518206,11.880625039339066,12.627040967345238
2026-08-10T16:46:59.414422+00:00,measurement_drift_01,meter_03,134,none,none,none,none,none,none,0.9818350473264756,0.4544586293859649,0,,0,0,drift_not_confirmed,,voltage_rolling_mean=230.520244;source_publish_interval=0.503946,,0.5557090044021606,9.657084010541439,10.230457875877619
2026-08-10T16:46:59.883097+00:00,measurement_drift_01,meter_01,135,none,none,none,none,none,none,0.9998038179952409,0.44966776333002645,0,,0,0,drift_not_confirmed,,voltage_rolling_mean=231.648940;source_publish_interval=0.503957,,3.170750103890896,15.183458104729652,18.389416858553886
2026-08-10T16:46:59.901848+00:00,measurement_drift_01,meter_02,135,none,none,none,none,none,none,0.9910225821760505,0.47418644451230507,0,,0,0,drift_not_confirmed,,voltage_rolling_mean=231.478454;source_publish_interval=0.503952,,0.7188750896602869,10.560750029981136,11.299457866698503
2026-08-10T16:46:59.913237+00:00,measurement_drift_01,meter_03,135,none,none,none,none,none,none,0.9883606221297108,0.4404536431363526,0,,0,0,drift_not_confirmed,,voltage_rolling_mean=230.520244;source_publish_interval=0.503946,,0.49762497656047344,9.046832798048854,9.561249986290932
2026-08-10T16:47:00.387411+00:00,measurement_drift_01,meter_01,136,none,none,none,none,none,none,0.9999137718281548,0.4801631019303828,0,,0,0,drift_not_confirmed,,voltage_rolling_mean=231.648940;source_publish_interval=0.503957,,2.0550829358398914,21.770334104076028,23.85925012640655
2026-08-10T16:47:00.411579+00:00,measurement_drift_01,meter_02,136,none,none,none,none,none,none,0.9856150659046067,0.5077197388900512,0,,0,0,drift_not_confirmed,,voltage_rolling_mean=231.478454;source_publish_interval=0.503952,,0.7341660093516111,11.874499963596463,12.630874989554286
2026-08-10T16:47:00.424309+00:00,measurement_drift_01,meter_03,136,none,none,none,unknown,unknown,unknown,0.8599787885758544,0.4399682905866992,0,,0,0,drift_not_confirmed,,voltage_rolling_mean=230.520244;source_publish_interval=0.503946,,0.5517080426216125,9.539375081658363,10.108374990522861
2026-08-10T16:47:00.891502+00:00,measurement_drift_01,meter_01,137,none,none,none,none,none,none,0.9996768394499864,0.46242333014834697,0,,0,0,drift_not_confirmed,,voltage_rolling_mean=231.648940;source_publish_interval=0.503957,,2.319708000868559,22.640374954789877,25.012416066601872
2026-08-10T16:47:00.916946+00:00,measurement_drift_01,meter_02,137,none,none,none,none,none,none,0.9904087246391575,0.5083626964427725,0,,0,0,drift_not_confirmed,,voltage_rolling_mean=231.478454;source_publish_interval=0.503952,,0.8408748544752598,12.2684589587152,13.1329579744488
2026-08-10T16:47:00.930191+00:00,measurement_drift_01,meter_03,137,none,none,none,none,none,none,0.9892239912999687,0.514591809398317,0,,0,0,drift_not_confirmed,,voltage_rolling_mean=230.520244;source_publish_interval=0.503946,,0.5387079436331987,9.68533311970532,10.24420908652246
2026-08-10T16:47:01.396552+00:00,measurement_drift_01,meter_01,138,none,none,none,none,none,none,0.9996279860889475,0.475380419085104,0,,0,0,drift_not_confirmed,,voltage_rolling_mean=231.648940;source_publish_interval=0.503957,,2.1992498077452183,19.35858395881951,21.59391692839563
2026-08-10T16:47:01.418536+00:00,measurement_drift_01,meter_02,138,none,none,none,none,none,none,0.9686308686133306,0.465755335433548,0,,0,0,drift_not_confirmed,,voltage_rolling_mean=231.478454;source_publish_interval=0.503952,,0.7645830046385527,11.653083143755794,12.43783300742507
2026-08-10T16:47:01.431090+00:00,measurement_drift_01,meter_03,138,none,none,none,none,none,none,0.985777658011553,0.4652380913853618,0,,0,0,drift_not_confirmed,,voltage_rolling_mean=230.520244;source_publish_interval=0.503946,,0.5209590308368206,9.529165923595428,10.068334173411131
2026-08-10T16:47:01.900031+00:00,measurement_drift_01,meter_01,139,none,none,none,none,none,none,0.9999058744928748,0.5331933934488773,0,,0,0,drift_not_confirmed,,voltage_rolling_mean=231.648940;source_publish_interval=0.503957,,1.8967909272760153,22.20829203724861,24.148541036993265
2026-08-10T16:47:01.924537+00:00,measurement_drift_01,meter_02,139,none,none,none,unknown,unknown,unknown,0.9165627682172547,0.4845842799568043,0,,0,0,drift_not_confirmed,,voltage_rolling_mean=231.478454;source_publish_interval=0.503952,,0.9266668930649757,12.1913340408355,13.141166884452105
2026-08-10T16:47:01.937819+00:00,measurement_drift_01,meter_03,139,none,none,none,none,none,none,0.9941606017105933,0.4772253945995992,0,,0,0,drift_not_confirmed,,voltage_rolling_mean=230.520244;source_publish_interval=0.503946,,0.5298340693116188,9.712832979857922,10.270499857142568
2026-08-10T16:47:02.403776+00:00,measurement_drift_01,meter_01,140,none,none,none,none,none,none,0.9998006871485089,0.5625640079609182,0,,0,0,drift_not_confirmed,,voltage_rolling_mean=231.648940;source_publish_interval=0.503957,,1.8729171715676785,21.99716679751873,23.913666838780046
2026-08-10T16:47:02.428095+00:00,measurement_drift_01,meter_02,140,none,none,none,none,none,none,0.9440669447710902,0.45665757827799514,0,,0,0,drift_not_confirmed,,voltage_rolling_mean=231.478454;source_publish_interval=0.503952,,0.8598328568041325,12.140332954004407,13.022582978010178
2026-08-10T16:47:02.441228+00:00,measurement_drift_01,meter_03,140,none,none,none,none,none,none,0.994689861506414,0.4601683118301005,0,,0,0,drift_not_confirmed,,voltage_rolling_mean=230.520244;source_publish_interval=0.503946,,0.5465829744935036,9.571166010573506,10.136458091437817
2026-08-10T16:47:02.908676+00:00,measurement_drift_01,meter_01,141,none,none,none,none,none,none,0.9999007435337276,0.5612390271347538,0,,0,0,drift_not_confirmed,,voltage_rolling_mean=231.648940;source_publish_interval=0.503957,,2.137291943654418,22.29941706173122,24.476459017023444
2026-08-10T16:47:02.933550+00:00,measurement_drift_01,meter_02,141,none,none,none,none,none,none,0.9612760752804369,0.45224539604314773,0,,0,0,drift_not_confirmed,,voltage_rolling_mean=231.478454;source_publish_interval=0.503952,,0.8304999209940434,12.005874887108803,12.858749832957983
2026-08-10T16:47:02.946518+00:00,measurement_drift_01,meter_03,141,none,none,none,none,none,none,0.9977410044616245,0.49449218213754814,0,,0,0,drift_not_confirmed,,voltage_rolling_mean=230.520244;source_publish_interval=0.503946,,0.5612089298665524,9.505917085334659,10.086624883115292
2026-08-10T16:47:03.412607+00:00,measurement_drift_01,meter_01,142,none,none,none,none,none,none,0.9992759741578938,0.5173762890563821,0,,0,0,drift_not_confirmed,,voltage_rolling_mean=231.648940;source_publish_interval=0.503957,,2.1169581450521946,20.752832992002368,22.910875035449862
2026-08-10T16:47:03.435932+00:00,measurement_drift_01,meter_02,142,none,none,none,none,none,none,0.9994532520546943,0.5720786786984181,0,,0,0,drift_not_confirmed,,voltage_rolling_mean=231.478454;source_publish_interval=0.503952,,0.7305829785764217,12.009334051981568,12.76395795866847
2026-08-10T16:47:03.448807+00:00,measurement_drift_01,meter_03,142,none,none,none,none,none,none,0.9988689402531689,0.5471705564937122,0,,0,0,drift_not_confirmed,,voltage_rolling_mean=230.520244;source_publish_interval=0.503946,,0.5237080622464418,9.554082993417978,10.09770785458386
2026-08-10T16:47:03.916102+00:00,measurement_drift_01,meter_01,143,none,none,none,none,none,none,0.9986789045548101,0.4579978988003001,0,,0,0,drift_not_confirmed,,voltage_rolling_mean=231.648940;source_publish_interval=0.503957,,1.5953751280903816,22.1557910554111,23.79220793955028
2026-08-10T16:47:03.940279+00:00,measurement_drift_01,meter_02,143,none,none,none,none,none,none,0.9732231841288532,0.44755834218429674,0,,0,0,drift_not_confirmed,,voltage_rolling_mean=231.478454;source_publish_interval=0.503952,,0.8405421394854784,12.504584155976772,13.368458021432161
2026-08-10T16:47:03.953759+00:00,measurement_drift_01,meter_03,143,none,none,none,none,none,none,0.9802522146580712,0.43710198629735686,0,,0,0,drift_not_confirmed,,voltage_rolling_mean=230.520244;source_publish_interval=0.503946,,0.521959038451314,9.442250011488795,9.982790797948837
2026-08-10T16:47:04.421097+00:00,measurement_drift_01,meter_01,144,none,none,none,none,none,none,0.9973502704794596,0.48046395975855327,0,,0,0,drift_not_confirmed,,voltage_rolling_mean=231.648940;source_publish_interval=0.503957,,1.8679590430110693,21.789917023852468,23.690917063504457
2026-08-10T16:47:04.445042+00:00,measurement_drift_01,meter_02,144,none,none,none,none,none,none,0.993536692677554,0.4621128618099347,0,,0,0,drift_not_confirmed,,voltage_rolling_mean=231.478454;source_publish_interval=0.503952,,0.8106669411063194,12.081833090633154,12.914791936054826
2026-08-10T16:47:04.458056+00:00,measurement_drift_01,meter_03,144,none,none,none,none,none,none,0.994598087474278,0.4879287835637825,0,,0,0,drift_not_confirmed,,voltage_rolling_mean=230.520244;source_publish_interval=0.503946,,0.5519171245396137,9.529040893539786,10.098541853949428
2026-08-10T16:47:04.925521+00:00,measurement_drift_01,meter_01,145,none,none,none,none,none,none,0.999417286683186,0.48279277013128175,0,,0,0,drift_not_confirmed,,voltage_rolling_mean=231.648940;source_publish_interval=0.503957,,2.5359170977026224,17.467499943450093,20.041542127728462
2026-08-10T16:47:04.945938+00:00,measurement_drift_01,meter_02,145,none,none,none,none,none,none,0.998125917984605,0.46859027848903695,0,,0,0,drift_not_confirmed,,voltage_rolling_mean=231.478454;source_publish_interval=0.503952,,0.7492909207940102,11.145874857902527,11.916209012269974
2026-08-10T16:47:04.957960+00:00,measurement_drift_01,meter_03,145,none,none,none,none,none,none,0.9985972756503012,0.43773568952633213,0,,0,0,drift_not_confirmed,,voltage_rolling_mean=230.520244;source_publish_interval=0.503946,,0.5115838721394539,9.276208002120256,9.805667214095592
2026-08-10T16:47:05.430274+00:00,measurement_drift_01,meter_01,146,none,none,none,none,none,none,0.9953119754873847,0.4703559233418653,0,,0,0,drift_not_confirmed,,voltage_rolling_mean=231.648940;source_publish_interval=0.503957,,1.9284160807728767,21.921500097960234,23.890458047389984
2026-08-10T16:47:05.454501+00:00,measurement_drift_01,meter_02,146,none,none,none,none,none,none,0.9798582719676067,0.45248314167546616,0,,0,0,drift_not_confirmed,,voltage_rolling_mean=231.478454;source_publish_interval=0.503952,,0.8667497895658016,12.165582971647382,13.055332936346531
2026-08-10T16:47:05.467668+00:00,measurement_drift_01,meter_03,146,none,none,none,none,none,none,0.9578712851028025,0.4900833361610757,0,,0,0,drift_not_confirmed,,voltage_rolling_mean=230.520244;source_publish_interval=0.503946,,0.5362499505281448,9.672542102634907,10.227374965324998
2026-08-10T16:47:05.935219+00:00,measurement_drift_01,meter_01,147,none,none,none,none,none,none,0.9933301390525182,0.4448047033091673,0,,0,0,drift_not_confirmed,,voltage_rolling_mean=231.648940;source_publish_interval=0.503957,,1.93258305080235,21.8965420499444,23.86675006709993
2026-08-10T16:47:05.959386+00:00,measurement_drift_01,meter_02,147,none,none,none,none,none,none,0.9911743833468736,0.43585415237262176,0,,0,0,drift_not_confirmed,,voltage_rolling_mean=231.478454;source_publish_interval=0.503952,,0.8546670433133841,12.040916830301285,12.917957967147231
2026-08-10T16:47:05.972413+00:00,measurement_drift_01,meter_03,147,none,none,none,none,none,none,0.9907255436662592,0.4348564566261883,0,,0,0,drift_not_confirmed,,voltage_rolling_mean=230.520244;source_publish_interval=0.503946,,0.5212079267948866,9.527540998533368,10.067208902910352
2026-08-10T16:47:06.435440+00:00,measurement_drift_01,meter_01,148,none,none,none,none,none,none,0.9906827436452029,0.4596998753042022,0,,0,0,drift_not_confirmed,,voltage_rolling_mean=231.648940;source_publish_interval=0.503957,,2.194209024310112,22.208624985069036,24.44520895369351
2026-08-10T16:47:06.460265+00:00,measurement_drift_01,meter_02,148,none,none,none,none,none,none,0.9892082020912821,0.4403810653446961,0,,0,0,drift_not_confirmed,,voltage_rolling_mean=231.478454;source_publish_interval=0.503952,,0.8285839576274157,12.20545801334083,13.056416995823383
2026-08-10T16:47:06.473426+00:00,measurement_drift_01,meter_03,148,none,none,none,none,none,none,0.9915102938857987,0.4867227754190174,0,,0,0,drift_not_confirmed,,voltage_rolling_mean=230.520244;source_publish_interval=0.503946,,0.5812079180032015,9.69391711987555,10.293834144249558
2026-08-10T16:47:06.940774+00:00,measurement_drift_01,meter_01,149,none,none,none,none,none,none,0.9993713086211404,0.5208374612429103,0,,0,0,drift_not_confirmed,,voltage_rolling_mean=231.648940;source_publish_interval=0.503957,,2.613459015265107,18.566791899502277,21.213416941463947
2026-08-10T16:47:06.962335+00:00,measurement_drift_01,meter_02,149,none,none,none,none,none,none,0.9967552676354355,0.4553365667464739,0,,0,0,drift_not_confirmed,,voltage_rolling_mean=231.478454;source_publish_interval=0.503952,,0.6793749053031206,11.52204186655581,12.222375022247434
2026-08-10T16:47:06.974650+00:00,measurement_drift_01,meter_03,149,none,none,none,none,none,none,0.997870372534352,0.5662818989785989,0,,0,0,drift_not_confirmed,,voltage_rolling_mean=230.520244;source_publish_interval=0.503946,,0.5062918644398451,9.449125034734607,9.97304217889905
2026-08-10T16:47:07.441884+00:00,measurement_drift_01,meter_01,150,none,none,none,none,none,none,0.9996093765435999,0.46381873221271547,0,,0,0,drift_not_confirmed,,voltage_rolling_mean=231.648940;source_publish_interval=0.503957,,1.2861250434070826,20.62079100869596,21.967750042676926
2026-08-10T16:47:07.464196+00:00,measurement_drift_01,meter_02,150,none,measurement_shift,none,unknown,unknown,unknown,0.9828248135072052,0.6895797100739881,0,,0,0,drift_not_confirmed,,voltage_rolling_mean=231.478454;source_publish_interval=0.503952,,0.9069170337170362,12.904834002256393,13.84683302603662
2026-08-10T16:47:07.478251+00:00,measurement_drift_01,meter_03,150,none,none,none,none,none,none,0.9990759913519034,0.49962723394637815,0,,0,0,drift_not_confirmed,,voltage_rolling_mean=230.520244;source_publish_interval=0.503946,,0.612958800047636,10.295625077560544,10.946792084723711
2026-08-10T16:47:07.947431+00:00,measurement_drift_01,meter_01,151,none,none,none,none,none,none,0.9986594685210456,0.5186045354832858,0,,0,0,drift_not_confirmed,,voltage_rolling_mean=231.648940;source_publish_interval=0.503957,,2.876834012567997,17.224624985828996,20.16895799897611
2026-08-10T16:47:07.968032+00:00,measurement_drift_01,meter_02,151,none,measurement_shift,none,unknown,unknown,unknown,0.91719407909651,0.6872613950211978,0,,0,0,drift_not_confirmed,,voltage_rolling_mean=231.478454;source_publish_interval=0.503952,,0.851707998663187,11.141958180814981,12.017915956676006
2026-08-10T16:47:07.980211+00:00,measurement_drift_01,meter_03,151,none,none,none,none,none,none,0.9996113296873571,0.4910122794762968,0,,0,0,drift_not_confirmed,,voltage_rolling_mean=230.520244;source_publish_interval=0.503946,,0.5199171137064695,9.141833055764437,9.682874893769622
2026-08-10T16:47:08.451773+00:00,measurement_drift_01,meter_01,152,none,none,none,none,none,none,0.9980905732302413,0.44867433178795757,0,,0,0,drift_not_confirmed,,voltage_rolling_mean=231.648940;source_publish_interval=0.503957,,2.272749785333872,19.50670895166695,21.83162490837276
2026-08-10T16:47:08.474050+00:00,measurement_drift_01,meter_02,152,none,measurement_shift,none,unknown,unknown,unknown,0.7538711256787788,0.6686792314355848,0,,0,0,drift_not_confirmed,,voltage_rolling_mean=231.478454;source_publish_interval=0.503952,,0.7987918797880411,11.801750166341662,12.62575015425682
2026-08-10T16:47:08.486842+00:00,measurement_drift_01,meter_03,152,none,none,none,none,none,none,0.9924556560943846,0.4747269569940814,0,,0,0,drift_not_confirmed,,voltage_rolling_mean=230.520244;source_publish_interval=0.503946,,0.5314168520271778,9.583584032952785,10.135291144251823
2026-08-10T16:47:08.956668+00:00,measurement_drift_01,meter_01,153,none,none,none,none,none,none,0.9943653260055715,0.47933388302476876,0,,0,0,drift_not_confirmed,,voltage_rolling_mean=231.648940;source_publish_interval=0.503957,,2.264083130285144,19.391041016206145,21.69116586446762
2026-08-10T16:47:08.978775+00:00,measurement_drift_01,meter_02,153,none,measurement_shift,random,unknown,unknown,unknown,0.6138215418974535,0.6502417297143217,0,,0,0,drift_not_confirmed,,voltage_rolling_mean=231.478454;source_publish_interval=0.503952,,0.730208121240139,11.69537496753037,12.446709210053086
2026-08-10T16:47:08.991351+00:00,measurement_drift_01,meter_03,153,none,none,none,none,none,none,0.9980449993627376,0.441141423564828,0,,0,0,drift_not_confirmed,,voltage_rolling_mean=230.520244;source_publish_interval=0.503946,,0.5187499336898327,9.633040986955166,10.172041831538081
2026-08-10T16:47:09.461816+00:00,measurement_drift_01,meter_01,154,none,none,none,none,none,none,0.9959896986360083,0.4734501775287256,0,,0,0,drift_not_confirmed,,voltage_rolling_mean=231.648940;source_publish_interval=0.503957,,2.0103328861296177,20.89129202067852,22.947999881580472
2026-08-10T16:47:09.485197+00:00,measurement_drift_01,meter_02,154,none,measurement_shift,random,unknown,unknown,unknown,0.8275572155706746,0.644019449902699,0,,0,0,drift_not_confirmed,,voltage_rolling_mean=231.478454;source_publish_interval=0.503952,,0.8341670036315918,11.793124955147505,12.649583863094449
2026-08-10T16:47:09.497993+00:00,measurement_drift_01,meter_03,154,none,none,none,unknown,unknown,unknown,0.9997652850049641,0.6566021488220228,0,,0,0,drift_not_confirmed,,voltage_rolling_mean=230.520244;source_publish_interval=0.503946,,0.533167039975524,9.46995778940618,10.023750131949782
2026-08-10T16:47:09.965522+00:00,measurement_drift_01,meter_01,155,none,none,none,none,none,none,0.9988745254773895,0.48311969584932,0,,0,0,drift_not_confirmed,,voltage_rolling_mean=231.648940;source_publish_interval=0.503957,,2.061834093183279,22.221124963834882,24.326208978891373
2026-08-10T16:47:09.990218+00:00,measurement_drift_01,meter_02,155,none,measurement_shift,random,unknown,unknown,unknown,0.8597090554938656,0.6323273486008798,0,,0,0,drift_not_confirmed,,voltage_rolling_mean=231.478454;source_publish_interval=0.503952,,0.8994161617010832,12.110457988455892,13.031417038291693
2026-08-10T16:47:10.003386+00:00,measurement_drift_01,meter_03,155,none,none,none,none,none,none,0.99966857885571,0.44581488055043805,0,,0,0,drift_not_confirmed,,voltage_rolling_mean=230.520244;source_publish_interval=0.503946,,0.5385000258684158,9.545666864141822,10.103334207087755
2026-08-10T16:47:10.470493+00:00,measurement_drift_01,meter_01,156,none,none,none,none,none,none,0.989567829128255,0.46551628338329953,0,,0,0,drift_not_confirmed,,voltage_rolling_mean=231.648940;source_publish_interval=0.503957,,1.9903748761862516,21.13124984316528,23.16950005479157
2026-08-10T16:47:10.493987+00:00,measurement_drift_01,meter_02,156,none,measurement_shift,random,unknown,unknown,unknown,0.8673810892288535,0.6300266066897934,0,,0,0,drift_not_confirmed,,voltage_rolling_mean=231.478454;source_publish_interval=0.503952,,0.7672500796616077,11.852667201310396,12.642167042940855
2026-08-10T16:47:10.506764+00:00,measurement_drift_01,meter_03,156,none,none,none,none,none,none,0.9995975209017101,0.44308374859076377,0,,0,0,drift_not_confirmed,,voltage_rolling_mean=230.520244;source_publish_interval=0.503946,,0.5750828422605991,9.58012486808002,10.17383299767971
2026-08-10T16:47:10.975326+00:00,measurement_drift_01,meter_01,157,none,none,none,none,none,none,0.9980737099091412,0.528351064865072,0,,0,0,drift_not_confirmed,,voltage_rolling_mean=231.648940;source_publish_interval=0.503957,,1.9887089729309082,22.204249864444137,24.238541955128312
2026-08-10T16:47:10.999959+00:00,measurement_drift_01,meter_02,157,none,measurement_shift,random,unknown,unknown,unknown,0.8487365693062507,0.6280690598119558,0,,0,0,drift_not_confirmed,,voltage_rolling_mean=231.478454;source_publish_interval=0.503952,,0.8721249178051949,12.20075017772615,13.094041962176561
2026-08-10T16:47:11.013193+00:00,measurement_drift_01,meter_03,157,none,none,none,none,none,none,0.9989312008324721,0.491502703774629,0,,0,0,drift_not_confirmed,,voltage_rolling_mean=230.520244;source_publish_interval=0.503946,,0.5142500158399343,9.40979109145701,9.936584159731865
2026-08-10T16:47:11.480461+00:00,measurement_drift_01,meter_01,158,none,none,none,none,none,none,0.9949015560646717,0.4734727433857204,0,,0,0,drift_not_confirmed,,voltage_rolling_mean=231.648940;source_publish_interval=0.503957,,2.7084590401500463,17.715207999572158,20.46466711908579
2026-08-10T16:47:11.501314+00:00,measurement_drift_01,meter_02,158,none,measurement_shift,random,unknown,unknown,unknown,0.8584972521693341,0.6282401114092311,0,,0,0,drift_not_confirmed,,voltage_rolling_mean=231.478454;source_publish_interval=0.503952,,0.7576250936836004,10.892332997173071,11.671833926811814
2026-08-10T16:47:11.513108+00:00,measurement_drift_01,meter_03,158,none,none,none,none,none,none,0.9999574895914405,0.4450939721951097,0,,0,0,drift_not_confirmed,,voltage_rolling_mean=230.520244;source_publish_interval=0.503946,,0.5144157912582159,9.335084119811654,9.86841693520546
2026-08-10T16:47:11.985614+00:00,measurement_drift_01,meter_01,159,none,none,none,unknown,unknown,unknown,0.9996952276093969,0.6709552296318165,0,,0,0,drift_not_confirmed,,voltage_rolling_mean=231.648940;source_publish_interval=0.503957,,2.038500038906932,21.915500052273273,23.989415960386395
2026-08-10T16:47:12.009970+00:00,measurement_drift_01,meter_02,159,none,measurement_shift,random,random,random,random,0.9783317652770522,0.6282401114092311,0,,0,0,drift_not_confirmed,,voltage_rolling_mean=231.478454;source_publish_interval=0.503952,,0.8305828087031841,11.877541895955801,12.730541871860623
2026-08-10T16:47:12.022820+00:00,measurement_drift_01,meter_03,159,none,none,none,none,none,none,0.9999410481464229,0.45251657864646594,0,,0,0,drift_not_confirmed,,voltage_rolling_mean=230.520244;source_publish_interval=0.503946,,0.5245411302894354,9.521499974653125,10.064458008855581
2026-08-10T16:47:12.489513+00:00,measurement_drift_01,meter_01,160,none,none,none,none,none,none,0.999574023666157,0.5262172173838043,0,,0,0,drift_not_confirmed,,voltage_rolling_mean=231.648940;source_publish_interval=0.503957,,2.960833953693509,19.2717919126153,22.264624945819378
2026-08-10T16:47:12.512140+00:00,measurement_drift_01,meter_02,160,none,measurement_shift,random,random,random,random,0.9435510112275193,0.6238745410970081,0,,0,0,drift_not_confirmed,,voltage_rolling_mean=231.478454;source_publish_interval=0.503952,,0.6966248620301485,11.58716599456966,12.303249910473824
2026-08-10T16:47:12.524556+00:00,measurement_drift_01,meter_03,160,none,none,none,none,none,none,0.9999835485923474,0.4851662401184937,0,,0,0,drift_not_confirmed,,voltage_rolling_mean=230.520244;source_publish_interval=0.503946,,0.5178330466151237,9.505084017291665,10.042290901765227
2026-08-10T16:47:12.994837+00:00,measurement_drift_01,meter_01,161,none,none,none,none,none,none,0.9749993919709721,0.452775957850999,0,,0,0,drift_not_confirmed,,voltage_rolling_mean=231.648940;source_publish_interval=0.503957,,2.530291909351945,17.629249952733517,20.203292137011886
2026-08-10T16:47:13.015472+00:00,measurement_drift_01,meter_02,161,none,measurement_shift,random,unknown,unknown,unknown,0.904304748660825,0.6234109253718871,0,,0,0,drift_not_confirmed,,voltage_rolling_mean=231.478454;source_publish_interval=0.503952,,0.7426249794661999,11.038624914363027,11.800916166976094
2026-08-10T16:47:13.027389+00:00,measurement_drift_01,meter_03,161,none,none,none,none,none,none,0.9999686638716371,0.491755999568633,0,,0,0,drift_not_confirmed,,voltage_rolling_mean=230.520244;source_publish_interval=0.503946,,0.5224170163273811,9.250042028725147,9.791124844923615
2026-08-10T16:47:13.495976+00:00,measurement_drift_01,meter_01,162,none,none,none,none,none,none,0.9854178596180595,0.4583996451759729,0,,0,0,drift_not_confirmed,,voltage_rolling_mean=231.648940;source_publish_interval=0.503957,,2.199959009885788,20.494499942287803,22.727834060788155
2026-08-10T16:47:13.519085+00:00,measurement_drift_01,meter_02,162,none,measurement_shift,random,unknown,unknown,unknown,0.8747166274715716,0.6229793435365922,0,,0,0,drift_not_confirmed,,voltage_rolling_mean=231.478454;source_publish_interval=0.503952,,0.7525410037487745,11.719624977558851,12.495500035583973
2026-08-10T16:47:13.531706+00:00,measurement_drift_01,meter_03,162,none,none,none,none,none,none,0.999957107751306,0.456937818541591,0,,0,0,drift_not_confirmed,,voltage_rolling_mean=230.520244;source_publish_interval=0.503946,,0.601958017796278,9.547207970172167,10.167500004172325
2026-08-10T16:47:14.001333+00:00,measurement_drift_01,meter_01,163,none,none,none,none,none,none,0.9858970390290459,0.46114529516389186,0,,0,0,drift_not_confirmed,,voltage_rolling_mean=231.648940;source_publish_interval=0.503957,,2.251792000606656,20.402458030730486,22.68970781005919
2026-08-10T16:47:14.024426+00:00,measurement_drift_01,meter_02,163,none,measurement_shift,random,unknown,unknown,unknown,0.9108646136554708,0.6211639067596598,0,,0,0,drift_not_confirmed,,voltage_rolling_mean=231.478454;source_publish_interval=0.503952,,0.7364999037235975,11.883582919836044,12.643790803849697
2026-08-10T16:47:14.037204+00:00,measurement_drift_01,meter_03,163,none,none,none,none,none,none,0.9999511834255423,0.4534393811984636,0,,0,0,drift_not_confirmed,,voltage_rolling_mean=230.520244;source_publish_interval=0.503946,,0.5835001356899738,9.552708128467202,10.155834024772048
2026-08-10T16:47:14.506229+00:00,measurement_drift_01,meter_01,164,none,none,none,none,none,none,0.9926434289779591,0.49409573592671674,0,,0,0,drift_not_confirmed,,voltage_rolling_mean=231.648940;source_publish_interval=0.503957,,2.724583027884364,18.116916995495558,20.874000154435635
2026-08-10T16:47:14.527483+00:00,measurement_drift_01,meter_02,164,none,measurement_shift,random,unknown,unknown,unknown,0.8131099676679715,0.6210238322227626,0,,0,0,drift_not_confirmed,,voltage_rolling_mean=231.478454;source_publish_interval=0.503952,,0.71470788680017,11.35495794005692,12.08904106169939
2026-08-10T16:47:14.539673+00:00,measurement_drift_01,meter_03,164,none,none,none,none,none,none,0.9999609384631334,0.46449978020764715,0,,0,0,drift_not_confirmed,,voltage_rolling_mean=230.520244;source_publish_interval=0.503946,,0.532791018486023,9.379166876897216,9.930707979947329
2026-08-10T16:47:15.009688+00:00,measurement_drift_01,meter_01,165,none,none,none,none,none,none,0.9923904724425151,0.45265435959876793,0,,0,0,drift_not_confirmed,,voltage_rolling_mean=231.648940;source_publish_interval=0.503957,,2.0855830516666174,22.07312500104308,24.199374951422215
2026-08-10T16:47:15.034306+00:00,measurement_drift_01,meter_02,165,none,measurement_shift,random,unknown,unknown,unknown,0.9204294923723793,0.6212395207009115,0,,0,0,drift_not_confirmed,,voltage_rolling_mean=231.478454;source_publish_interval=0.503952,,0.8637499995529652,12.180125107988715,13.068415923044086
2026-08-10T16:47:15.047511+00:00,measurement_drift_01,meter_03,165,none,none,none,none,none,none,0.9999227603333511,0.451506444060647,0,,0,0,drift_not_confirmed,,voltage_rolling_mean=230.520244;source_publish_interval=0.503946,,0.5867090076208115,9.669958148151636,10.276333196088672
2026-08-10T16:47:15.515069+00:00,measurement_drift_01,meter_01,166,none,none,none,none,none,none,0.9720756232936454,0.49472828879148495,0,,0,0,drift_not_confirmed,,voltage_rolling_mean=231.648940;source_publish_interval=0.503957,,1.789000118151307,21.683374885469675,23.531541926786304
2026-08-10T16:47:15.539020+00:00,measurement_drift_01,meter_02,166,none,measurement_shift,random,unknown,unknown,unknown,0.5497330171129392,0.6113542655862123,0,,0,0,drift_not_confirmed,,voltage_rolling_mean=231.478454;source_publish_interval=0.503952,,0.849124975502491,12.457832926884294,13.335291994735599
2026-08-10T16:47:15.552531+00:00,measurement_drift_01,meter_03,166,none,none,none,none,none,none,0.9999292065157693,0.4605987291857903,0,,0,0,drift_not_confirmed,,voltage_rolling_mean=230.520244;source_publish_interval=0.503946,,0.59487484395504,9.558374993503094,10.172083042562008
2026-08-10T16:47:16.019959+00:00,measurement_drift_01,meter_01,167,none,none,none,none,none,none,0.949283130952545,0.44468836940566114,0,,0,0,drift_not_confirmed,,voltage_rolling_mean=231.648940;source_publish_interval=0.503957,,2.5322921574115753,19.854124868288636,22.43408397771418
2026-08-10T16:47:16.042770+00:00,measurement_drift_01,meter_02,167,none,measurement_shift,random,unknown,unknown,unknown,0.533258495029939,0.5971583944880992,0,,0,0,drift_not_confirmed,,voltage_rolling_mean=231.478454;source_publish_interval=0.503952,,0.770083162933588,12.252124957740307,13.047292130067945
2026-08-10T16:47:16.055978+00:00,measurement_drift_01,meter_03,167,none,none,none,none,none,none,0.9999708524779469,0.5140215172602491,0,,0,0,drift_not_confirmed,,voltage_rolling_mean=230.520244;source_publish_interval=0.503946,,0.5609169602394104,9.554499993100762,10.135249933227897
2026-08-10T16:47:16.524878+00:00,measurement_drift_01,meter_01,168,none,none,none,unknown,unknown,unknown,0.9277861752481701,0.4634604117251569,0,,0,0,drift_not_confirmed,,voltage_rolling_mean=231.648940;source_publish_interval=0.503957,,2.850542077794671,16.945499926805496,19.836666993796825
2026-08-10T16:47:16.545124+00:00,measurement_drift_01,meter_02,168,none,measurement_shift,none,unknown,unknown,unknown,0.8831923454075131,0.5753325078939063,0,,0,0,drift_not_confirmed,,voltage_rolling_mean=231.478454;source_publish_interval=0.503952,,0.7429171819239855,11.085124919191003,11.848916998133063
2026-08-10T16:47:16.557082+00:00,measurement_drift_01,meter_03,168,none,none,none,none,none,none,0.9999936810713487,0.45683755485455274,0,,0,0,drift_not_confirmed,,voltage_rolling_mean=230.520244;source_publish_interval=0.503946,,0.5458749365061522,9.429625002667308,9.995334083214402
2026-08-10T16:47:17.029942+00:00,measurement_drift_01,meter_01,169,none,none,none,none,none,none,0.9494215843351135,0.4536096207693056,0,,0,0,drift_not_confirmed,,voltage_rolling_mean=231.648940;source_publish_interval=0.503957,,2.0147499162703753,18.00783397629857,20.072000101208687
2026-08-10T16:47:17.050386+00:00,measurement_drift_01,meter_02,169,none,measurement_shift,none,none,none,none,0.9692620102981149,0.5423822008498574,0,,0,0,drift_not_confirmed,,voltage_rolling_mean=231.478454;source_publish_interval=0.503952,,0.7712908554822206,10.99408301524818,11.788666946813464
2026-08-10T16:47:17.062306+00:00,measurement_drift_01,meter_03,169,none,none,none,none,none,none,0.9999771549687555,0.49454344101295894,0,,0,0,drift_not_confirmed,,voltage_rolling_mean=230.520244;source_publish_interval=0.503946,,0.5783750675618649,9.27800009958446,9.880708996206522
2026-08-10T16:47:17.535133+00:00,measurement_drift_01,meter_01,170,none,none,none,none,none,none,0.9976499127700711,0.5052614152492062,0,,0,0,drift_not_confirmed,,voltage_rolling_mean=231.648940;source_publish_interval=0.503957,,2.5210417807102203,19.542166963219643,22.100541973486543
2026-08-10T16:47:17.557626+00:00,measurement_drift_01,meter_02,170,none,measurement_shift,none,none,none,none,0.9962111591889385,0.5341875368233777,0,,0,0,drift_not_confirmed,,voltage_rolling_mean=231.478454;source_publish_interval=0.503952,,0.7089159917086363,11.68495905585587,12.417084071785212
2026-08-10T16:47:17.570147+00:00,measurement_drift_01,meter_03,170,none,none,none,none,none,none,0.9999867313868139,0.45376089622265503,0,,0,0,drift_not_confirmed,,voltage_rolling_mean=230.520244;source_publish_interval=0.503946,,0.5452921614050865,9.512040996924043,10.078457882627845
2026-08-10T16:47:18.040173+00:00,measurement_drift_01,meter_01,171,none,none,none,none,none,none,0.9778885271662191,0.4980788356866075,0,,0,0,drift_not_confirmed,,voltage_rolling_mean=231.648940;source_publish_interval=0.503957,,1.965249888598919,21.935666212812066,23.93279201351106
2026-08-10T16:47:18.064380+00:00,measurement_drift_01,meter_02,171,none,measurement_shift,none,none,none,none,0.9944458719900711,0.535673967112011,0,,0,0,drift_not_confirmed,,voltage_rolling_mean=231.478454;source_publish_interval=0.503952,,0.7827088702470064,12.13808311149478,12.942125089466572
2026-08-10T16:47:18.077416+00:00,measurement_drift_01,meter_03,171,none,none,none,none,none,none,0.9999796291784452,0.4663663093482085,0,,0,0,drift_not_confirmed,,voltage_rolling_mean=230.520244;source_publish_interval=0.503946,,0.5760830827057362,9.496707934886217,10.091166011989117
2026-08-10T16:47:18.544505+00:00,measurement_drift_01,meter_01,172,none,none,none,none,none,none,0.9972707712218147,0.489105885565865,0,,0,0,drift_not_confirmed,,voltage_rolling_mean=231.648940;source_publish_interval=0.503957,,1.9808330107480288,21.782665979117155,23.813874926418066
2026-08-10T16:47:18.568659+00:00,measurement_drift_01,meter_02,172,none,measurement_shift,none,none,none,none,0.9984632721897528,0.5317380589060227,0,,0,0,drift_not_confirmed,,voltage_rolling_mean=231.478454;source_publish_interval=0.503952,,0.8743330836296082,11.995666893199086,12.896333122625947
2026-08-10T16:47:18.581689+00:00,measurement_drift_01,meter_03,172,none,none,none,none,none,none,0.9999825202022983,0.4563652663703206,0,,0,0,drift_not_confirmed,,voltage_rolling_mean=230.520244;source_publish_interval=0.503946,,0.565666938200593,9.80516616255045,10.392833035439253
2026-08-10T16:47:19.045575+00:00,measurement_drift_01,meter_01,173,none,none,none,none,none,none,0.9915532548948662,0.4684268948508405,0,,0,0,drift_not_confirmed,,voltage_rolling_mean=231.648940;source_publish_interval=0.503957,,1.9627499859780073,21.86929201707244,23.866457864642143
2026-08-10T16:47:19.069725+00:00,measurement_drift_01,meter_02,173,none,measurement_shift,none,none,none,none,0.9988191661983155,0.5431774008379926,0,,0,0,drift_not_confirmed,,voltage_rolling_mean=231.478454;source_publish_interval=0.503952,,0.8258749730885029,11.948499828577042,12.796374969184399
2026-08-10T16:47:19.082624+00:00,measurement_drift_01,meter_03,173,none,none,none,none,none,none,0.9999824492204982,0.5077696216623043,0,,0,0,drift_not_confirmed,,voltage_rolling_mean=230.520244;source_publish_interval=0.503946,,0.5892501212656498,9.557083016261458,10.164291830733418
2026-08-10T16:47:19.548709+00:00,measurement_drift_01,meter_01,174,none,none,none,none,none,none,0.996478302366839,0.44125841201794586,0,,0,0,drift_not_confirmed,,voltage_rolling_mean=231.648940;source_publish_interval=0.503957,,1.9314999226480722,21.765541983768344,23.739999858662486
2026-08-10T16:47:19.572771+00:00,measurement_drift_01,meter_02,174,none,measurement_shift,none,none,none,none,0.9983681907607715,0.5472670304012817,0,,0,0,drift_not_confirmed,,voltage_rolling_mean=231.478454;source_publish_interval=0.503952,,0.8465000428259373,12.009666999801993,12.879874790087342
2026-08-10T16:47:19.585763+00:00,measurement_drift_01,meter_03,174,none,none,none,none,none,none,0.999984940215867,0.45747490498573545,0,,0,0,drift_not_confirmed,,voltage_rolling_mean=230.520244;source_publish_interval=0.503946,,0.5523341242223978,9.525374975055456,10.096833109855652
2026-08-10T16:47:20.053855+00:00,measurement_drift_01,meter_01,175,none,none,none,none,none,none,0.9887315380171031,0.5849523486663508,0,,0,0,drift_not_confirmed,,voltage_rolling_mean=231.648940;source_publish_interval=0.503957,,2.1405001170933247,20.387875149026513,22.562999976798892
2026-08-10T16:47:20.076788+00:00,measurement_drift_01,meter_02,175,none,measurement_shift,none,none,none,none,0.9994909939055548,0.53188152304368,0,,0,0,drift_not_confirmed,,voltage_rolling_mean=231.478454;source_publish_interval=0.503952,,0.7301669102162123,11.576625052839518,12.329665943980217
2026-08-10T16:47:20.089231+00:00,measurement_drift_01,meter_03,175,none,none,none,none,none,none,0.9999971946251063,0.48577187364802904,0,,0,0,drift_not_confirmed,,voltage_rolling_mean=230.520244;source_publish_interval=0.503946,,0.6171250715851784,9.582832921296358,10.219041956588626
2026-08-10T16:47:20.557689+00:00,measurement_drift_01,meter_01,176,none,none,none,none,none,none,0.9857106670919336,0.43903622949530263,0,,0,0,drift_not_confirmed,,voltage_rolling_mean=231.648940;source_publish_interval=0.503957,,1.5930000226944685,22.669667145237327,24.297541938722134
2026-08-10T16:47:20.582237+00:00,measurement_drift_01,meter_02,176,none,measurement_shift,none,none,none,none,0.9994062922564392,0.5560934209944483,0,,0,0,drift_not_confirmed,,voltage_rolling_mean=231.478454;source_publish_interval=0.503952,,0.8172912057489157,12.077125022187829,12.916332809254527
2026-08-10T16:47:20.595253+00:00,measurement_drift_01,meter_03,176,none,none,none,none,none,none,0.9999952835946778,0.4423785513192389,0,,0,0,drift_not_confirmed,,voltage_rolling_mean=230.520244;source_publish_interval=0.503946,,0.6172498688101768,9.536457946524024,10.17195894382894
2026-08-10T16:47:21.063456+00:00,measurement_drift_01,meter_01,177,none,none,none,none,none,none,0.9892789898299417,0.4364136274374975,0,,0,0,drift_not_confirmed,,voltage_rolling_mean=231.648940;source_publish_interval=0.503957,,3.1129580456763506,16.322084004059434,19.47029191069305
2026-08-10T16:47:21.083285+00:00,measurement_drift_01,meter_02,177,none,measurement_shift,none,none,none,none,0.9995982214450455,0.5331414265049961,0,,0,0,drift_not_confirmed,,voltage_rolling_mean=231.478454;source_publish_interval=0.503952,,0.723124947398901,10.939624859020114,11.682209093123674
2026-08-10T16:47:21.095051+00:00,measurement_drift_01,meter_03,177,none,none,none,none,none,none,0.99999829695043,0.4769115497797228,0,,0,0,drift_not_confirmed,,voltage_rolling_mean=230.520244;source_publish_interval=0.503946,,0.524458009749651,9.17337485589087,9.714750107377768
2026-08-10T16:47:21.568476+00:00,measurement_drift_01,meter_01,178,none,none,none,none,none,none,0.9856109594345936,0.4333735812663951,0,,0,0,drift_not_confirmed,,voltage_rolling_mean=231.648940;source_publish_interval=0.503957,,1.9464578945189714,21.292417077347636,23.274166975170374
2026-08-10T16:47:21.592058+00:00,measurement_drift_01,meter_02,178,none,measurement_shift,none,none,none,none,0.9995164259096938,0.5306853534902242,0,,0,0,drift_not_confirmed,,voltage_rolling_mean=231.478454;source_publish_interval=0.503952,,0.7213340140879154,11.772041209042072,12.513834051787853
2026-08-10T16:47:21.604667+00:00,measurement_drift_01,meter_03,178,none,none,none,none,none,none,0.9999769572330449,0.4411277410589461,0,,0,0,drift_not_confirmed,,voltage_rolling_mean=230.520244;source_publish_interval=0.503946,,0.5893749184906483,9.634834015741944,10.24204189889133
2026-08-10T16:47:22.070740+00:00,measurement_drift_01,meter_01,179,none,none,none,none,none,none,0.9959652020427019,0.4337865782234053,0,,0,0,drift_not_confirmed,,voltage_rolling_mean=231.648940;source_publish_interval=0.503957,,2.2917920723557472,21.04012481868267,23.37320800870657
2026-08-10T16:47:22.094484+00:00,measurement_drift_01,meter_02,179,none,measurement_shift,none,none,none,none,0.9997163527697105,0.5351157918622006,0,,0,0,drift_not_confirmed,,voltage_rolling_mean=231.478454;source_publish_interval=0.503952,,0.8203329052776098,11.776583036407828,12.619165936484933
2026-08-10T16:47:22.107203+00:00,measurement_drift_01,meter_03,179,none,none,none,none,none,none,0.999994958197044,0.4451432745814026,0,,0,0,drift_not_confirmed,,voltage_rolling_mean=230.520244;source_publish_interval=0.503946,,0.5492919590324163,9.469249984249473,10.037124855443835
2026-08-10T16:47:22.575734+00:00,measurement_drift_01,meter_01,180,none,none,none,none,none,none,0.9871018487518175,0.4396028205545526,0,,0,0,drift_not_confirmed,,voltage_rolling_mean=231.648940;source_publish_interval=0.503957,,2.7845839504152536,18.812291091307998,21.629250142723322
2026-08-10T16:47:22.597721+00:00,measurement_drift_01,meter_02,180,none,measurement_shift,none,none,none,none,0.9993142797081038,0.5460895326072415,0,,0,0,drift_not_confirmed,,voltage_rolling_mean=231.478454;source_publish_interval=0.503952,,0.6987908855080605,11.159332934767008,11.878416873514652
2026-08-10T16:47:22.609692+00:00,measurement_drift_01,meter_03,180,none,none,none,none,none,none,0.9999967198961146,0.5256713218214238,0,,0,0,drift_not_confirmed,,voltage_rolling_mean=230.520244;source_publish_interval=0.503946,,0.5431671161204576,9.485334157943726,10.046042036265135
2026-08-10T16:47:23.078966+00:00,measurement_drift_01,meter_01,181,none,none,none,none,none,none,0.99531982841554,0.4345348236272226,0,,0,0,drift_not_confirmed,,voltage_rolling_mean=231.648940;source_publish_interval=0.503957,,2.328749978914857,22.061915835365653,24.428040953353047
2026-08-10T16:47:23.103762+00:00,measurement_drift_01,meter_02,181,none,measurement_shift,none,none,none,none,0.9995694532077061,0.5349057145513241,0,,0,0,drift_not_confirmed,,voltage_rolling_mean=231.478454;source_publish_interval=0.503952,,0.819833017885685,11.946500046178699,12.788166059181094
2026-08-10T16:47:23.116652+00:00,measurement_drift_01,meter_03,181,none,none,none,none,none,none,0.9999967117672199,0.4589166188607689,0,,0,0,drift_not_confirmed,,voltage_rolling_mean=230.520244;source_publish_interval=0.503946,,0.5827501881867647,9.562042076140642,10.163875063881278
2026-08-10T16:47:23.583889+00:00,measurement_drift_01,meter_01,182,none,none,none,none,none,none,0.9992205636108551,0.4981395363403126,0,,0,0,drift_not_confirmed,,voltage_rolling_mean=231.648940;source_publish_interval=0.503957,,3.4134159795939922,16.44174987450242,19.88845900632441
2026-08-10T16:47:23.604110+00:00,measurement_drift_01,meter_02,182,none,measurement_shift,none,none,none,none,0.9998537044957712,0.5520380241571278,0,,0,0,drift_not_confirmed,,voltage_rolling_mean=231.478454;source_publish_interval=0.503952,,0.721207819879055,10.780415963381529,11.520625092089176
2026-08-10T16:47:23.615715+00:00,measurement_drift_01,meter_03,182,none,none,none,none,none,none,0.9999977338761589,0.4840037523821598,0,,0,0,drift_not_confirmed,,voltage_rolling_mean=230.520244;source_publish_interval=0.503946,,0.5277921445667744,9.18270810507238,9.727332973852754
2026-08-10T16:47:24.088821+00:00,measurement_drift_01,meter_01,183,none,none,none,none,none,none,0.9850623256872597,0.4705823381356996,0,,0,0,drift_not_confirmed,,voltage_rolling_mean=231.648940;source_publish_interval=0.503957,,1.9740420393645763,21.365459077060223,23.378208046779037
2026-08-10T16:47:24.112560+00:00,measurement_drift_01,meter_02,183,none,measurement_shift,none,none,none,none,0.9998813249258847,0.5555350774028021,0,,0,0,drift_not_confirmed,,voltage_rolling_mean=231.478454;source_publish_interval=0.503952,,0.7545831613242626,11.840166989713907,12.616875115782022
2026-08-10T16:47:24.125271+00:00,measurement_drift_01,meter_03,183,none,none,none,none,none,none,0.9999958234844675,0.4965166182734233,0,,0,0,drift_not_confirmed,,voltage_rolling_mean=230.520244;source_publish_interval=0.503946,,0.5975000094622374,9.669332997873425,10.284749791026115
2026-08-10T16:47:24.593489+00:00,measurement_drift_01,meter_01,184,none,none,none,none,none,none,0.9981316472216112,0.4550741871060753,0,,0,0,drift_not_confirmed,,voltage_rolling_mean=231.648940;source_publish_interval=0.503957,,1.9995409529656172,20.803832914680243,22.841082885861397
2026-08-10T16:47:24.616618+00:00,measurement_drift_01,meter_02,184,none,measurement_shift,none,none,none,none,0.9998653560997562,0.5510829153087852,0,,0,0,drift_not_confirmed,,voltage_rolling_mean=231.478454;source_publish_interval=0.503952,,0.8254589047282934,11.78429089486599,12.629624921828508
2026-08-10T16:47:24.629340+00:00,measurement_drift_01,meter_03,184,none,none,none,none,none,none,0.9999974173231454,0.49228939458126153,0,,0,0,drift_not_confirmed,,voltage_rolling_mean=230.520244;source_publish_interval=0.503946,,0.534833176061511,9.394375141710043,9.947041980922222
2026-08-10T16:47:25.094241+00:00,measurement_drift_01,meter_01,185,none,none,none,none,none,none,0.9998033250721545,0.4743144854003174,0,,0,0,drift_not_confirmed,,voltage_rolling_mean=231.648940;source_publish_interval=0.503957,,2.732375171035528,18.927291966974735,21.69445902109146
2026-08-10T16:47:25.116306+00:00,measurement_drift_01,meter_02,185,none,measurement_shift,none,none,none,none,0.9997972149087888,0.5442395787081913,0,,0,0,drift_not_confirmed,,voltage_rolling_mean=231.478454;source_publish_interval=0.503952,,0.7264998275786638,11.421958915889263,12.168999994173646
2026-08-10T16:47:25.128558+00:00,measurement_drift_01,meter_03,185,none,none,none,none,none,none,0.9999991330591096,0.48690300301612593,0,,0,0,drift_not_confirmed,,voltage_rolling_mean=230.520244;source_publish_interval=0.503946,,0.5495420191437006,9.435374988242984,10.002749972045422
2026-08-10T16:47:25.598804+00:00,measurement_drift_01,meter_01,186,none,none,none,none,none,none,0.9998605114408053,0.5415995974337587,0,,0,0,drift_not_confirmed,,voltage_rolling_mean=231.648940;source_publish_interval=0.503957,,2.601624932140112,19.78233316913247,22.41187496110797
2026-08-10T16:47:25.621548+00:00,measurement_drift_01,meter_02,186,none,measurement_shift,none,none,none,none,0.9931748559521311,0.5387388485945067,0,,0,0,drift_not_confirmed,,voltage_rolling_mean=231.478454;source_publish_interval=0.503952,,0.6757080554962158,11.738999979570508,12.436333810910583
2026-08-10T16:47:25.634071+00:00,measurement_drift_01,meter_03,186,none,none,none,none,none,none,0.9999928798986374,0.5009408282652758,0,,0,0,drift_not_confirmed,,voltage_rolling_mean=230.520244;source_publish_interval=0.503946,,0.558916013687849,9.449291974306107,10.025792056694627
2026-08-10T16:47:26.102846+00:00,measurement_drift_01,meter_01,187,none,none,none,none,none,none,0.9992568926398069,0.4942743338926602,0,,0,0,drift_not_confirmed,,voltage_rolling_mean=231.648940;source_publish_interval=0.503957,,2.382375067099929,20.376208005473018,22.80237479135394
2026-08-10T16:47:26.126030+00:00,measurement_drift_01,meter_02,187,none,measurement_shift,none,none,none,none,0.9998106570133779,0.5708377817338914,0,,0,0,drift_not_confirmed,,voltage_rolling_mean=231.478454;source_publish_interval=0.503952,,0.7306658662855625,11.868000030517578,12.621792033314705
2026-08-10T16:47:26.138762+00:00,measurement_drift_01,meter_03,187,none,none,none,none,none,none,0.9999970737863573,0.43560409364944724,0,,0,0,drift_not_confirmed,,voltage_rolling_mean=230.520244;source_publish_interval=0.503946,,0.5992080550640821,9.485082933679223,10.10270812548697
2026-08-10T16:47:26.603157+00:00,measurement_drift_01,meter_01,188,none,none,none,none,none,none,0.999269553896679,0.44624956000402405,0,,0,0,drift_not_confirmed,,voltage_rolling_mean=231.648940;source_publish_interval=0.503957,,3.3450829796493053,13.269958086311817,16.64887508377433
2026-08-10T16:47:26.620160+00:00,measurement_drift_01,meter_02,188,none,measurement_shift,none,none,none,none,0.9997935625800156,0.539086785390463,0,,0,0,drift_not_confirmed,,voltage_rolling_mean=231.478454;source_publish_interval=0.503952,,0.6191250868141651,9.860875084996223,10.498167015612125
2026-08-10T16:47:26.630739+00:00,measurement_drift_01,meter_03,188,none,none,none,none,none,none,0.9999976716964978,0.4679222558272763,0,,0,0,drift_not_confirmed,,voltage_rolling_mean=230.520244;source_publish_interval=0.503946,,0.48075011000037193,8.661083178594708,9.159249952062964
2026-08-10T16:47:27.107269+00:00,measurement_drift_01,meter_01,189,none,none,none,none,none,none,0.9998131553748826,0.4406147742571638,0,,0,0,drift_not_confirmed,,voltage_rolling_mean=231.648940;source_publish_interval=0.503957,,1.964624971151352,21.456167101860046,23.454332957044244
2026-08-10T16:47:27.131001+00:00,measurement_drift_01,meter_02,189,none,measurement_shift,none,none,none,none,0.9998188382031927,0.5465823904871696,0,,0,0,drift_not_confirmed,,voltage_rolling_mean=231.478454;source_publish_interval=0.503952,,0.835041981190443,12.0189159642905,12.875290820375085
2026-08-10T16:47:27.143983+00:00,measurement_drift_01,meter_03,189,none,none,none,none,none,none,0.9999958452494471,0.4846712005834385,0,,0,0,drift_not_confirmed,,voltage_rolling_mean=230.520244;source_publish_interval=0.503946,,0.593000091612339,9.426916018128395,10.037874802947044
2026-08-10T16:47:27.610291+00:00,measurement_drift_01,meter_01,190,none,none,none,none,none,none,0.9996995930065306,0.4499994818170915,0,,0,0,drift_not_confirmed,,voltage_rolling_mean=231.648940;source_publish_interval=0.503957,,2.4624578654766083,18.5183749999851,21.01274998858571
2026-08-10T16:47:27.631640+00:00,measurement_drift_01,meter_02,190,none,measurement_shift,none,none,none,none,0.9999658167858972,0.538057088295973,0,,0,0,drift_not_confirmed,,voltage_rolling_mean=231.478454;source_publish_interval=0.503952,,0.7457500323653221,11.530583957210183,12.295874999836087
2026-08-10T16:47:27.644020+00:00,measurement_drift_01,meter_03,190,none,none,none,none,none,none,0.9999992141794247,0.47873772347266963,0,,0,0,drift_not_confirmed,,voltage_rolling_mean=230.520244;source_publish_interval=0.503946,,0.5483750719577074,9.467457886785269,10.032459162175655
2026-08-10T16:47:28.114260+00:00,measurement_drift_01,meter_01,191,none,none,none,none,none,none,0.9993934316177521,0.44971281082762643,0,,0,0,drift_not_confirmed,,voltage_rolling_mean=231.648940;source_publish_interval=0.503957,,1.0101660154759884,22.511292016133666,23.557832930237055
2026-08-10T16:47:28.138006+00:00,measurement_drift_01,meter_02,191,none,measurement_shift,none,none,none,none,0.9997867604664832,0.5375609339023654,0,,0,0,drift_not_confirmed,,voltage_rolling_mean=231.478454;source_publish_interval=0.503952,,0.8641248568892479,12.291790917515755,13.178374851122499
2026-08-10T16:47:28.151291+00:00,measurement_drift_01,meter_03,191,none,none,none,none,none,none,0.9999892816835066,0.49993076293241306,0,,0,0,drift_not_confirmed,,voltage_rolling_mean=230.520244;source_publish_interval=0.503946,,0.6097089499235153,9.67183313332498,10.299541987478733
2026-08-10T16:47:28.615391+00:00,measurement_drift_01,meter_01,192,none,none,none,none,none,none,0.9997307539900655,0.4586183974105533,0,,0,0,drift_not_confirmed,,voltage_rolling_mean=231.648940;source_publish_interval=0.503957,,2.3602917790412903,22.288416977971792,24.690750055015087
2026-08-10T16:47:28.640452+00:00,measurement_drift_01,meter_02,192,none,measurement_shift,none,none,none,none,0.9999611824103447,0.5518173662601591,0,,0,0,drift_not_confirmed,,voltage_rolling_mean=231.478454;source_publish_interval=0.503952,,0.8326668757945299,12.026209151372313,12.880750000476837
2026-08-10T16:47:28.653445+00:00,measurement_drift_01,meter_03,192,none,none,none,none,none,none,0.9999945928401464,0.4672729199206716,0,,0,0,drift_not_confirmed,,voltage_rolling_mean=230.520244;source_publish_interval=0.503946,,0.5947079043835402,9.452291065827012,10.067374911159277
2026-08-10T16:47:29.120931+00:00,measurement_drift_01,meter_01,193,none,none,none,none,none,none,0.9998333922647558,0.442866684223984,0,,0,0,drift_not_confirmed,,voltage_rolling_mean=231.648940;source_publish_interval=0.503957,,1.7649580258876085,21.04733302257955,22.85395795479417
2026-08-10T16:47:29.144091+00:00,measurement_drift_01,meter_02,193,none,measurement_shift,none,none,none,none,0.9999756876183878,0.5944168941933302,0,,0,0,drift_not_confirmed,,voltage_rolling_mean=231.478454;source_publish_interval=0.503952,,0.8679579477757215,12.237624963745475,13.128417078405619
2026-08-10T16:47:29.157333+00:00,measurement_drift_01,meter_03,193,none,none,none,none,none,none,0.9999983046597689,0.46576311331865256,0,,0,0,drift_not_confirmed,,voltage_rolling_mean=230.520244;source_publish_interval=0.503946,,0.6070001982152462,9.609458036720753,10.23445907048881
2026-08-10T16:47:29.624737+00:00,measurement_drift_01,meter_01,194,none,none,none,none,none,none,0.9998282710272407,0.4817743981230906,0,,0,0,drift_not_confirmed,,voltage_rolling_mean=231.648940;source_publish_interval=0.503957,,1.965874806046486,21.816000109538436,23.846082855015993
2026-08-10T16:47:29.649076+00:00,measurement_drift_01,meter_02,194,none,measurement_shift,none,none,none,none,0.9998090759832857,0.5439253542915276,0,,0,0,drift_not_confirmed,,voltage_rolling_mean=231.478454;source_publish_interval=0.503952,,0.8387919515371323,12.383958790451288,13.251665979623795
2026-08-10T16:47:29.662489+00:00,measurement_drift_01,meter_03,194,none,none,none,none,none,none,0.9999993094462712,0.4813795361304259,0,,0,0,drift_not_confirmed,,voltage_rolling_mean=230.520244;source_publish_interval=0.503946,,0.593625009059906,9.758250089362264,10.366040980443358
2026-08-10T16:47:30.129663+00:00,measurement_drift_01,meter_01,195,none,none,none,none,none,none,0.999956414855511,0.46410715097226185,0,,0,0,drift_not_confirmed,,voltage_rolling_mean=231.648940;source_publish_interval=0.503957,,2.6768329553306103,18.580792006105185,21.299249958246946
2026-08-10T16:47:30.151342+00:00,measurement_drift_01,meter_02,195,none,measurement_shift,none,none,none,none,0.9998356635274666,0.5418660719803767,0,,0,0,drift_not_confirmed,,voltage_rolling_mean=231.478454;source_publish_interval=0.503952,,0.7580001838505268,11.513750068843365,12.296207947656512
2026-08-10T16:47:30.163760+00:00,measurement_drift_01,meter_03,195,none,none,none,none,none,none,0.9999975477898654,0.4923279091540736,0,,0,0,drift_not_confirmed,,voltage_rolling_mean=230.520244;source_publish_interval=0.503946,,0.5409158766269684,9.478583931922913,10.038957931101322
2026-08-10T16:47:30.629566+00:00,measurement_drift_01,meter_01,196,none,none,none,none,none,none,0.9999935078380554,0.5625575181034584,0,,0,0,drift_not_confirmed,,voltage_rolling_mean=231.648940;source_publish_interval=0.503957,,3.240708028897643,23.654749849811196,26.940917130559683
2026-08-10T16:47:30.656862+00:00,measurement_drift_01,meter_02,196,none,measurement_shift,none,none,none,none,0.9999734996480864,0.5716012517781868,0,,0,0,drift_not_confirmed,,voltage_rolling_mean=231.478454;source_publish_interval=0.503952,,0.8704999927431345,12.491625035181642,13.395000016316772
2026-08-10T16:47:30.670424+00:00,measurement_drift_01,meter_03,196,none,none,none,none,none,none,0.9999980946502506,0.5406361804555091,0,,0,0,drift_not_confirmed,,voltage_rolling_mean=230.520244;source_publish_interval=0.503946,,0.6254999898374081,9.78145794942975,10.426874971017241
2026-08-10T16:47:31.132012+00:00,measurement_drift_01,meter_01,197,none,none,none,none,none,none,0.9997442181434519,0.44551114977908307,0,,0,0,drift_not_confirmed,,voltage_rolling_mean=231.648940;source_publish_interval=0.503957,,2.5398340076208115,22.81737490557134,25.40695806965232
2026-08-10T16:47:31.157861+00:00,measurement_drift_01,meter_02,197,none,measurement_shift,none,none,none,normal_drift,0.9999768028690807,0.55059590460367,1,voltage_rolling_mean,1,0,collecting_candidates;drift_not_confirmed,voltage_rolling_mean,voltage_rolling_mean=231.478454;source_publish_interval=0.503952,voltage_rolling_mean,0.9165839292109013,12.480332981795073,13.434167020022869
2026-08-10T16:47:31.171461+00:00,measurement_drift_01,meter_03,197,none,none,none,none,none,none,0.9999978379409027,0.4711998706149702,0,,0,0,drift_not_confirmed,,voltage_rolling_mean=230.520244;source_publish_interval=0.503946,,0.544083071872592,9.633708046749234,10.19950001500547
2026-08-10T16:47:31.637034+00:00,measurement_drift_01,meter_01,198,none,none,none,none,none,none,0.9998035120395095,0.4468084148328528,0,,0,0,drift_not_confirmed,,voltage_rolling_mean=231.648940;source_publish_interval=0.503957,,2.003375208005309,21.714957896620035,23.763417033478618
2026-08-10T16:47:31.661170+00:00,measurement_drift_01,meter_02,198,none,measurement_shift,none,none,none,normal_drift,0.9999478930661767,0.553198820292781,0,,1,0,collecting_candidates;drift_not_confirmed,voltage_rolling_mean,voltage_rolling_mean=231.478454;source_publish_interval=0.503952,voltage_rolling_mean,0.9233751334249973,12.207249877974391,13.15795793198049
2026-08-10T16:47:31.674482+00:00,measurement_drift_01,meter_03,198,none,none,none,none,none,none,0.9999988604721233,0.43389497501680085,0,,0,0,drift_not_confirmed,,voltage_rolling_mean=230.520244;source_publish_interval=0.503946,,0.5442909896373749,9.624040918424726,10.188875021412969
2026-08-10T16:47:32.141057+00:00,measurement_drift_01,meter_01,199,none,none,none,none,none,none,0.9999752981119756,0.4555482450749506,0,,0,0,drift_not_confirmed,,voltage_rolling_mean=231.648940;source_publish_interval=0.503957,,1.4282921329140663,20.270375069230795,21.756500005722046
2026-08-10T16:47:32.163183+00:00,measurement_drift_01,meter_02,199,none,measurement_shift,none,none,none,normal_drift,0.9999388379627031,0.5426862864483767,0,,1,0,collecting_candidates;drift_not_confirmed,voltage_rolling_mean,voltage_rolling_mean=231.478454;source_publish_interval=0.503952,voltage_rolling_mean,0.8053749334067106,13.260625069960952,14.111083932220936
2026-08-10T16:47:32.177498+00:00,measurement_drift_01,meter_03,199,none,none,none,none,none,none,0.9999992577962769,0.4716919863472739,0,,0,0,drift_not_confirmed,,voltage_rolling_mean=230.520244;source_publish_interval=0.503946,,0.6393748335540295,10.056083090603352,10.725209023803473
2026-08-10T16:47:32.646436+00:00,measurement_drift_01,meter_01,200,none,none,none,none,none,none,0.999864965197864,0.5880137413744875,0,,0,0,drift_not_confirmed,,voltage_rolling_mean=231.648940;source_publish_interval=0.503957,,1.807499909773469,21.657166071236134,23.535917047411203
2026-08-10T16:47:32.670475+00:00,measurement_drift_01,meter_02,200,none,measurement_shift,none,unknown,unknown,normal_drift,0.999963729677862,0.6149878982622617,0,,1,0,collecting_candidates;drift_not_confirmed,voltage_rolling_mean,voltage_rolling_mean=231.478454;source_publish_interval=0.503952,voltage_rolling_mean,0.8744159713387489,12.390166986733675,13.296375051140785
2026-08-10T16:47:32.683939+00:00,measurement_drift_01,meter_03,200,none,none,none,none,none,none,0.9999970962446115,0.4503679061706214,0,,0,0,drift_not_confirmed,,voltage_rolling_mean=230.520244;source_publish_interval=0.503946,,0.5710420664399862,9.72029217518866,10.315624997019768
2026-08-10T16:47:33.148590+00:00,measurement_drift_01,meter_01,201,none,none,none,none,none,none,0.9999105360883441,0.4544546086523984,0,,0,0,drift_not_confirmed,,voltage_rolling_mean=231.648940;source_publish_interval=0.503957,,3.2775418367236853,13.983875047415495,17.295708879828453
2026-08-10T16:47:33.166296+00:00,measurement_drift_01,meter_02,201,none,measurement_shift,none,unknown,unknown,normal_drift,0.9999894367530218,0.6200334008818573,0,,1,0,collecting_candidates;drift_not_confirmed,voltage_rolling_mean,voltage_rolling_mean=231.478454;source_publish_interval=0.503952,voltage_rolling_mean,0.650875037536025,10.274790925905108,10.948000010102987
2026-08-10T16:47:33.177359+00:00,measurement_drift_01,meter_03,201,none,none,none,none,none,none,0.9999997683465093,0.48882320619117003,0,,0,0,drift_not_confirmed,,voltage_rolling_mean=230.520244;source_publish_interval=0.503946,,0.5191250238567591,8.66829208098352,9.206667076796293
2026-08-10T16:47:33.653836+00:00,measurement_drift_01,meter_01,202,none,none,none,none,none,none,0.9999784881992378,0.49036808100998885,0,,0,0,drift_not_confirmed,,voltage_rolling_mean=231.648940;source_publish_interval=0.503957,,1.9047909881919622,22.949707927182317,24.92200001142919
2026-08-10T16:47:33.679216+00:00,measurement_drift_01,meter_02,202,none,measurement_shift,none,none,none,normal_drift,0.9998433693033735,0.5550228030441411,0,,1,0,collecting_candidates;drift_not_confirmed,voltage_rolling_mean,voltage_rolling_mean=231.478454;source_publish_interval=0.503952,voltage_rolling_mean,0.8845829870551825,12.011250015348196,12.923666974529624
2026-08-10T16:47:33.692308+00:00,measurement_drift_01,meter_03,202,none,none,none,none,none,none,0.9999992525516037,0.46110340945598627,0,,0,0,drift_not_confirmed,,voltage_rolling_mean=230.520244;source_publish_interval=0.503946,,0.5499168764799833,9.569541085511446,10.141582926735282
2026-08-10T16:47:34.158456+00:00,measurement_drift_01,meter_01,203,none,none,none,none,none,none,0.9999742019535688,0.5047146896805257,0,,0,0,drift_not_confirmed,,voltage_rolling_mean=231.648940;source_publish_interval=0.503957,,1.294999849051237,20.79450013116002,22.14304218068719
2026-08-10T16:47:34.180902+00:00,measurement_drift_01,meter_02,203,none,measurement_shift,none,none,none,normal_drift,0.9999827301563219,0.5531288243556554,0,,1,0,collecting_candidates;drift_not_confirmed,voltage_rolling_mean,voltage_rolling_mean=231.478454;source_publish_interval=0.503952,voltage_rolling_mean,0.9518340229988098,12.891999911516905,13.873625081032515
2026-08-10T16:47:34.194974+00:00,measurement_drift_01,meter_03,203,none,none,none,none,none,none,0.9999926070430006,0.43630531741156836,0,,0,0,drift_not_confirmed,,voltage_rolling_mean=230.520244;source_publish_interval=0.503946,,0.6088330410420895,10.026041883975267,10.655541904270649
2026-08-10T16:47:34.664097+00:00,measurement_drift_01,meter_01,204,none,none,none,none,none,none,0.9999544423150779,0.4845748814312684,0,,0,0,drift_not_confirmed,,voltage_rolling_mean=231.648940;source_publish_interval=0.503957,,2.812375081703067,18.86908314190805,21.72349998727441
2026-08-10T16:47:34.686238+00:00,measurement_drift_01,meter_02,204,none,measurement_shift,none,none,none,normal_drift,0.999987626559542,0.5878388944382931,0,,1,0,collecting_candidates;drift_not_confirmed,voltage_rolling_mean,voltage_rolling_mean=231.478454;source_publish_interval=0.503952,voltage_rolling_mean,0.773667125031352,11.645083082839847,12.442291947081685
2026-08-10T16:47:34.698809+00:00,measurement_drift_01,meter_03,204,none,none,none,none,none,none,0.9999994200184492,0.5452961546018924,0,,0,0,drift_not_confirmed,,voltage_rolling_mean=230.520244;source_publish_interval=0.503946,,0.5453750491142273,9.440958965569735,10.004499927163124
2026-08-10T16:47:35.169096+00:00,measurement_drift_01,meter_01,205,none,none,none,none,none,none,0.9999579299204239,0.452762159655891,0,,0,0,drift_not_confirmed,,voltage_rolling_mean=231.648940;source_publish_interval=0.503957,,2.7912079822272062,18.450124887749553,21.289875032380223
2026-08-10T16:47:35.190843+00:00,measurement_drift_01,meter_02,205,none,measurement_shift,none,none,none,normal_drift,0.9999394312037395,0.5644084048848358,0,,1,0,collecting_candidates;drift_not_confirmed,voltage_rolling_mean,voltage_rolling_mean=231.478454;source_publish_interval=0.503952,voltage_rolling_mean,0.8048750460147858,11.604708153754473,12.436416000127792
2026-08-10T16:47:35.203435+00:00,measurement_drift_01,meter_03,205,none,none,none,none,none,none,0.9999994558220496,0.4792225174381141,0,,0,0,drift_not_confirmed,,voltage_rolling_mean=230.520244;source_publish_interval=0.503946,,0.5675000138580799,9.507874958217144,10.09458303451538
2026-08-10T16:47:35.674225+00:00,measurement_drift_01,meter_01,206,none,none,none,none,none,none,0.9999808041383134,0.44851015736449823,0,,0,0,drift_not_confirmed,,voltage_rolling_mean=231.648940;source_publish_interval=0.503957,,2.6329581160098314,19.113166024908423,21.785874851047993
2026-08-10T16:47:35.696409+00:00,measurement_drift_01,meter_02,206,none,measurement_shift,none,none,none,normal_drift,0.9997310142780925,0.597860058315832,0,,1,0,collecting_candidates;drift_not_confirmed,voltage_rolling_mean,voltage_rolling_mean=231.478454;source_publish_interval=0.503952,voltage_rolling_mean,0.7535000331699848,11.520541040226817,12.296458007767797
2026-08-10T16:47:35.708825+00:00,measurement_drift_01,meter_03,206,none,none,none,none,none,none,0.9999997057629166,0.48088879049589983,0,,0,0,drift_not_confirmed,,voltage_rolling_mean=230.520244;source_publish_interval=0.503946,,0.5266249645501375,9.482000023126602,10.026167146861553
2026-08-10T16:47:36.176947+00:00,measurement_drift_01,meter_01,207,none,none,none,none,none,none,0.9999851371632394,0.46074760580302615,0,,0,0,drift_not_confirmed,,voltage_rolling_mean=231.648940;source_publish_interval=0.503957,,1.2430830392986536,22.716667037457228,23.9975000731647
2026-08-10T16:47:36.201249+00:00,measurement_drift_01,meter_02,207,none,measurement_shift,none,none,none,normal_drift,0.9998996034049575,0.5612189529689843,0,,1,0,collecting_candidates;drift_not_confirmed,voltage_rolling_mean,voltage_rolling_mean=231.478454;source_publish_interval=0.503952,voltage_rolling_mean,0.830208184197545,12.218042043969035,13.07325018569827
2026-08-10T16:47:36.214459+00:00,measurement_drift_01,meter_03,207,none,none,none,none,none,none,0.9999993214341202,0.43061664984998665,0,,0,0,drift_not_confirmed,,voltage_rolling_mean=230.520244;source_publish_interval=0.503946,,0.5864168051630259,9.854875039309263,10.459332959726453
2026-08-10T16:47:36.682462+00:00,measurement_drift_01,meter_01,208,none,none,none,none,none,none,0.9999825310777164,0.5212737152801202,0,,0,0,drift_not_confirmed,,voltage_rolling_mean=231.648940;source_publish_interval=0.503957,,2.8994169551879168,17.99754216335714,20.943542011082172
2026-08-10T16:47:36.703837+00:00,measurement_drift_01,meter_02,208,none,measurement_shift,none,none,none,normal_drift,0.9999841457311041,0.561526090720756,0,,1,0,collecting_candidates;drift_not_confirmed,voltage_rolling_mean,voltage_rolling_mean=231.478454;source_publish_interval=0.503952,voltage_rolling_mean,0.7673751097172499,11.237500002607703,12.026832904666662
2026-08-10T16:47:36.715991+00:00,measurement_drift_01,meter_03,208,none,none,none,none,none,none,0.9999994651398992,0.43187976180696674,0,,0,0,drift_not_confirmed,,voltage_rolling_mean=230.520244;source_publish_interval=0.503946,,0.5101668648421764,9.430249920114875,9.95950005017221
2026-08-10T16:47:37.187636+00:00,measurement_drift_01,meter_01,209,none,none,none,none,none,none,0.9999524355107211,0.4718711744959856,0,,0,0,drift_not_confirmed,,voltage_rolling_mean=231.648940;source_publish_interval=0.503957,,2.064500004053116,22.236791905015707,24.342708056792617
2026-08-10T16:47:37.212382+00:00,measurement_drift_01,meter_02,209,none,measurement_shift,none,none,none,normal_drift,0.9999862203141017,0.6005564236514216,0,,1,0,collecting_candidates;drift_not_confirmed,voltage_rolling_mean,voltage_rolling_mean=231.478454;source_publish_interval=0.503952,voltage_rolling_mean,0.8325830567628145,12.326582800596952,13.184041017666459
2026-08-10T16:47:37.225692+00:00,measurement_drift_01,meter_03,209,none,none,none,none,none,none,0.9999973594678833,0.48979271441731853,0,,0,0,drift_not_confirmed,,voltage_rolling_mean=230.520244;source_publish_interval=0.503946,,0.5484998691827059,9.546458022668958,10.113958967849612
2026-08-10T16:47:37.692576+00:00,measurement_drift_01,meter_01,210,none,none,none,none,none,none,0.9999800012886427,0.4840716004980387,0,,0,0,drift_not_confirmed,,voltage_rolling_mean=231.648940;source_publish_interval=0.503957,,2.4437091778963804,20.54154104553163,23.031041957437992
2026-08-10T16:47:37.716087+00:00,measurement_drift_01,meter_02,210,none,measurement_shift,none,none,none,normal_drift,0.9999922341913341,0.5889843004799742,0,,1,0,collecting_candidates;drift_not_confirmed,voltage_rolling_mean,voltage_rolling_mean=231.478454;source_publish_interval=0.503952,voltage_rolling_mean,0.8426250424236059,11.872167000547051,12.7406669780612
2026-08-10T16:47:37.728984+00:00,measurement_drift_01,meter_03,210,none,none,none,none,none,none,0.9999994118770884,0.43968753625571005,0,,0,0,drift_not_confirmed,,voltage_rolling_mean=230.520244;source_publish_interval=0.503946,,0.5375831387937069,9.556541917845607,10.114749893546104
2026-08-10T16:47:38.194683+00:00,measurement_drift_01,meter_01,211,none,none,none,none,none,none,0.99997871476774,0.46052196339394796,0,,0,0,drift_not_confirmed,,voltage_rolling_mean=231.648940;source_publish_interval=0.503957,,2.3791249841451645,19.140707794576883,21.560708060860634
2026-08-10T16:47:38.216614+00:00,measurement_drift_01,meter_02,211,none,measurement_shift,none,none,none,normal_drift,0.9999922707289931,0.5639869115155941,0,,1,0,collecting_candidates;drift_not_confirmed,voltage_rolling_mean,voltage_rolling_mean=231.478454;source_publish_interval=0.503952,voltage_rolling_mean,0.761333154514432,11.609249981120229,12.392750009894371
2026-08-10T16:47:38.229128+00:00,measurement_drift_01,meter_03,211,none,none,none,none,none,none,0.9999995148214844,0.45985947704008284,0,,0,0,drift_not_confirmed,,voltage_rolling_mean=230.520244;source_publish_interval=0.503946,,0.5237918812781572,9.419499896466732,9.961500065401196
2026-08-10T16:47:38.698909+00:00,measurement_drift_01,meter_01,212,none,none,none,none,none,none,0.9999689953996411,0.43635083541917935,0,,0,0,drift_not_confirmed,,voltage_rolling_mean=231.648940;source_publish_interval=0.503957,,2.4073750246316195,22.8216249961406,25.274040875956416
2026-08-10T16:47:38.724622+00:00,measurement_drift_01,meter_02,212,none,measurement_shift,none,none,none,normal_drift,0.9999968092653263,0.5618204246677367,0,,1,0,collecting_candidates;drift_not_confirmed,voltage_rolling_mean,voltage_rolling_mean=231.478454;source_publish_interval=0.503952,voltage_rolling_mean,0.9312499314546585,12.261416064575315,13.222707901149988
2026-08-10T16:47:38.738009+00:00,measurement_drift_01,meter_03,212,none,none,none,none,none,none,0.9999980735736794,0.477990359866258,0,,0,0,drift_not_confirmed,,voltage_rolling_mean=230.520244;source_publish_interval=0.503946,,0.5370411090552807,9.599833050742745,10.156917152926326
2026-08-10T16:47:39.203789+00:00,measurement_drift_01,meter_01,213,none,none,none,none,none,none,0.9999366243859137,0.4446299267452799,0,,0,0,drift_not_confirmed,,voltage_rolling_mean=231.648940;source_publish_interval=0.503957,,2.288667019456625,21.78733400069177,24.117042077705264
2026-08-10T16:47:39.228335+00:00,measurement_drift_01,meter_02,213,none,measurement_shift,none,unknown,unknown,normal_drift,0.999996392785355,0.6586280838010835,0,,1,0,collecting_candidates;drift_not_confirmed,voltage_rolling_mean,voltage_rolling_mean=231.478454;source_publish_interval=0.503952,voltage_rolling_mean,0.822792062535882,11.826541973277926,12.676083948463202
2026-08-10T16:47:39.241148+00:00,measurement_drift_01,meter_03,213,none,none,none,none,none,none,0.9999995326522667,0.468230849967153,0,,0,0,drift_not_confirmed,,voltage_rolling_mean=230.520244;source_publish_interval=0.503946,,0.5894999485462904,9.648584062233567,10.257250163704157
2026-08-10T16:47:39.708849+00:00,measurement_drift_01,meter_01,214,none,none,none,none,none,none,0.9999601599558802,0.45223869953379675,0,,0,0,drift_not_confirmed,,voltage_rolling_mean=231.648940;source_publish_interval=0.503957,,1.9311669748276472,21.479208022356033,23.45025003887713
2026-08-10T16:47:39.732625+00:00,measurement_drift_01,meter_02,214,none,measurement_shift,none,none,none,normal_drift,0.9999843924605303,0.5692269222113522,0,,1,0,collecting_candidates;drift_not_confirmed,voltage_rolling_mean,voltage_rolling_mean=231.478454;source_publish_interval=0.503952,voltage_rolling_mean,0.8060000836849213,12.022083159536123,12.8536659758538
2026-08-10T16:47:39.745615+00:00,measurement_drift_01,meter_03,214,none,none,none,none,none,none,0.9999997454709326,0.5016309582380754,0,,0,0,drift_not_confirmed,,voltage_rolling_mean=230.520244;source_publish_interval=0.503946,,0.5887500010430813,9.621791075915098,10.229582898318768
2026-08-10T16:47:40.209772+00:00,measurement_drift_01,meter_01,215,none,none,none,none,none,none,0.9999848428652993,0.48679122771729216,0,,0,0,drift_not_confirmed,,voltage_rolling_mean=231.648940;source_publish_interval=0.503957,,2.988457912579179,16.882124822586775,19.915542099624872
2026-08-10T16:47:40.230068+00:00,measurement_drift_01,meter_02,215,none,measurement_shift,none,none,none,normal_drift,0.9999930055289404,0.5670948529760351,0,,1,0,collecting_candidates;drift_not_confirmed,voltage_rolling_mean,voltage_rolling_mean=231.478454;source_publish_interval=0.503952,voltage_rolling_mean,0.7759158033877611,11.054041096940637,11.851832969114184
2026-08-10T16:47:40.242028+00:00,measurement_drift_01,meter_03,215,none,none,none,none,none,none,0.9999994939360358,0.4557463234746711,0,,0,0,drift_not_confirmed,,voltage_rolling_mean=230.520244;source_publish_interval=0.503946,,0.5132919177412987,9.211417054757476,9.742458118125796
2026-08-10T16:47:40.714306+00:00,measurement_drift_01,meter_01,216,none,none,none,none,none,none,0.9999705841623479,0.4859865370665614,0,,0,0,drift_not_confirmed,,voltage_rolling_mean=231.648940;source_publish_interval=0.503957,,2.3191659711301327,22.16354082338512,24.532541865482926
2026-08-10T16:47:40.739230+00:00,measurement_drift_01,meter_02,216,none,measurement_shift,none,none,none,normal_drift,0.9999848782771887,0.5653287332632075,0,,1,1,drift_not_confirmed;reference_updated,voltage_rolling_mean,voltage_rolling_mean=232.478454;source_publish_interval=0.503952,voltage_rolling_mean,0.8612500969320536,12.01979210600257,12.915665982291102
2026-08-10T16:47:40.752289+00:00,measurement_drift_01,meter_03,216,none,none,none,none,none,none,0.9999964214176739,0.44825878014297377,0,,0,0,drift_not_confirmed,,voltage_rolling_mean=230.520244;source_publish_interval=0.503946,,0.599707942456007,9.898166870698333,10.517542017623782
2026-08-10T16:47:41.219060+00:00,measurement_drift_01,meter_01,217,none,none,none,none,none,none,0.9999742932746358,0.4639324368160004,0,,0,0,drift_not_confirmed,,voltage_rolling_mean=231.648940;source_publish_interval=0.503957,,1.8945001065731049,21.90333418548107,23.838208056986332
2026-08-10T16:47:41.243229+00:00,measurement_drift_01,meter_02,217,none,measurement_shift,none,none,none,normal_drift,0.9999958239400518,0.5660942384456155,0,,1,0,collecting_candidates;drift_not_confirmed,voltage_rolling_mean,voltage_rolling_mean=232.478454;source_publish_interval=0.503952,voltage_rolling_mean,0.8518749382346869,11.92162511870265,12.799750082194805
2026-08-10T16:47:41.256159+00:00,measurement_drift_01,meter_03,217,none,none,none,none,none,none,0.9999985187520432,0.44230766136003735,0,,0,0,drift_not_confirmed,,voltage_rolling_mean=230.520244;source_publish_interval=0.503946,,0.5537909455597401,9.451624937355518,10.024291928857565
2026-08-10T16:47:41.723335+00:00,measurement_drift_01,meter_01,218,none,none,none,none,none,none,0.9999823509579087,0.438302278126091,0,,0,0,drift_not_confirmed,,voltage_rolling_mean=231.648940;source_publish_interval=0.503957,,1.9711251370608807,22.073875181376934,24.0925420075655
2026-08-10T16:47:41.747835+00:00,measurement_drift_01,meter_02,218,none,measurement_shift,none,none,none,normal_drift,0.9999964524327383,0.5652400613864244,0,,1,0,collecting_candidates;drift_not_confirmed,voltage_rolling_mean,voltage_rolling_mean=232.478454;source_publish_interval=0.503952,voltage_rolling_mean,0.8892090991139412,12.451999820768833,13.366959057748318
2026-08-10T16:47:41.761347+00:00,measurement_drift_01,meter_03,218,none,none,none,none,none,none,0.9999989626829917,0.440374551697697,0,,0,0,drift_not_confirmed,,voltage_rolling_mean=230.520244;source_publish_interval=0.503946,,0.5790831055492163,9.67479101382196,10.272374842315912
2026-08-10T16:47:42.228756+00:00,measurement_drift_01,meter_01,219,none,none,none,none,none,none,0.9999901001526988,0.4454316884247178,0,,0,0,drift_not_confirmed,,voltage_rolling_mean=231.648940;source_publish_interval=0.503957,,2.2783339954912663,16.591041814535856,18.903916934505105
2026-08-10T16:47:42.248041+00:00,measurement_drift_01,meter_02,219,none,measurement_shift,none,none,none,normal_drift,0.9999977287615247,0.5698334183642926,0,,1,0,collecting_candidates;drift_not_confirmed,voltage_rolling_mean,voltage_rolling_mean=232.478454;source_publish_interval=0.503952,voltage_rolling_mean,0.745292054489255,10.868333047255874,11.635875096544623
2026-08-10T16:47:42.259787+00:00,measurement_drift_01,meter_03,219,none,none,none,none,none,none,0.9999995680712896,0.43333401762518975,0,,0,0,drift_not_confirmed,,voltage_rolling_mean=230.520244;source_publish_interval=0.503946,,0.5287909880280495,9.135958040133119,9.683124953880906
2026-08-10T16:47:42.730569+00:00,measurement_drift_01,meter_01,220,none,none,none,none,none,none,0.9999918516391423,0.49898848198203494,0,,0,0,drift_not_confirmed,,voltage_rolling_mean=231.648940;source_publish_interval=0.503957,,3.3462909050285816,16.379750100895762,19.764249911531806
2026-08-10T16:47:42.750729+00:00,measurement_drift_01,meter_02,220,none,measurement_shift,none,none,none,normal_drift,0.9999975310673906,0.5675332769744661,0,,1,0,collecting_candidates;drift_not_confirmed,voltage_rolling_mean,voltage_rolling_mean=232.478454;source_publish_interval=0.503952,voltage_rolling_mean,0.6986248772591352,10.59333304874599,11.316207936033607
2026-08-10T16:47:42.762206+00:00,measurement_drift_01,meter_03,220,none,none,none,none,none,none,0.999999670510725,0.5305978586308469,0,,0,0,drift_not_confirmed,,voltage_rolling_mean=230.520244;source_publish_interval=0.503946,,0.5397498607635498,8.959291037172079,9.519499959424138
2026-08-10T16:47:43.235943+00:00,measurement_drift_01,meter_01,221,none,none,none,none,none,none,0.9999789861700854,0.43748677070212283,0,,0,0,drift_not_confirmed,,voltage_rolling_mean=231.648940;source_publish_interval=0.503957,,2.3242910392582417,19.366499967873096,21.725415950641036
2026-08-10T16:47:43.258053+00:00,measurement_drift_01,meter_02,221,none,measurement_shift,none,none,none,normal_drift,0.9999899460680169,0.5735834013786498,0,,1,0,collecting_candidates;drift_not_confirmed,voltage_rolling_mean,voltage_rolling_mean=232.478454;source_publish_interval=0.503952,voltage_rolling_mean,0.7319587748497725,11.643958045169711,12.399083003401756
2026-08-10T16:47:43.270576+00:00,measurement_drift_01,meter_03,221,none,none,none,none,none,none,0.9999993181569462,0.45627591465050604,0,,0,0,drift_not_confirmed,,voltage_rolling_mean=230.520244;source_publish_interval=0.503946,,0.5251660477370024,9.460791945457458,10.006374912336469
2026-08-10T16:47:43.740664+00:00,measurement_drift_01,meter_01,222,none,none,none,none,none,none,0.9999914850185163,0.43688085525858594,0,,0,0,drift_not_confirmed,,voltage_rolling_mean=231.648940;source_publish_interval=0.503957,,2.240458969026804,22.292250068858266,24.576333118602633
2026-08-10T16:47:43.765683+00:00,measurement_drift_01,meter_02,222,none,measurement_shift,none,none,none,normal_drift,0.9999860246433208,0.5621458352403489,0,,1,0,collecting_candidates;drift_not_confirmed,voltage_rolling_mean,voltage_rolling_mean=232.478454;source_publish_interval=0.503952,voltage_rolling_mean,0.8809999562799931,12.22591707482934,13.133500004187226
2026-08-10T16:47:43.778962+00:00,measurement_drift_01,meter_03,222,none,none,none,none,none,none,0.9999981982865301,0.46496173705285,0,,0,0,drift_not_confirmed,,voltage_rolling_mean=230.520244;source_publish_interval=0.503946,,0.5490409675985575,9.531999938189983,10.099374921992421
2026-08-10T16:47:44.245816+00:00,measurement_drift_01,meter_01,223,none,none,none,none,none,none,0.9999882815126595,0.4558839852099149,0,,0,0,drift_not_confirmed,,voltage_rolling_mean=231.648940;source_publish_interval=0.503957,,2.4882920552045107,19.24304198473692,21.772542037069798
2026-08-10T16:47:44.267964+00:00,measurement_drift_01,meter_02,223,none,measurement_shift,none,none,none,normal_drift,0.9999928390301187,0.5718211776247456,0,,1,0,collecting_candidates;drift_not_confirmed,voltage_rolling_mean,voltage_rolling_mean=232.478454;source_publish_interval=0.503952,voltage_rolling_mean,0.7339171133935452,11.618667049333453,12.37450004555285
2026-08-10T16:47:44.280457+00:00,measurement_drift_01,meter_03,223,none,none,none,none,none,none,0.9999996087472961,0.5301605304313475,0,,0,0,drift_not_confirmed,,voltage_rolling_mean=230.520244;source_publish_interval=0.503946,,0.5171250086277723,9.43941599689424,9.97533299960196
2026-08-10T16:47:44.748351+00:00,measurement_drift_01,meter_01,224,none,none,none,none,none,none,0.9999956633576816,0.4327510553234653,0,,0,0,drift_not_confirmed,,voltage_rolling_mean=231.648940;source_publish_interval=0.503957,,1.9756658002734184,22.422583075240254,24.437583051621914
2026-08-10T16:47:44.773106+00:00,measurement_drift_01,meter_02,224,none,measurement_shift,none,none,none,normal_drift,0.9999585175987595,0.5674746535972496,0,,1,0,collecting_candidates;drift_not_confirmed,voltage_rolling_mean,voltage_rolling_mean=232.478454;source_publish_interval=0.503952,voltage_rolling_mean,0.8405831176787615,11.837583035230637,12.699542101472616
2026-08-10T16:47:44.785917+00:00,measurement_drift_01,meter_03,224,none,none,none,none,none,none,0.9999989336782722,0.43393133787052596,0,,0,0,drift_not_confirmed,,voltage_rolling_mean=230.520244;source_publish_interval=0.503946,,0.528041971847415,9.502667002379894,10.049792006611824
2026-08-10T16:47:45.253251+00:00,measurement_drift_01,meter_01,225,none,none,none,none,none,none,0.9999905252834482,0.45257304508066193,0,,0,0,drift_not_confirmed,,voltage_rolling_mean=231.648940;source_publish_interval=0.503957,,1.9633329939097166,21.925417007878423,23.932124953716993
2026-08-10T16:47:45.277512+00:00,measurement_drift_01,meter_02,225,none,measurement_shift,none,none,none,normal_drift,0.9999957320944791,0.5611768505467893,0,,1,0,collecting_candidates;drift_not_confirmed,voltage_rolling_mean,voltage_rolling_mean=232.478454;source_publish_interval=0.503952,voltage_rolling_mean,0.8932920172810555,12.06841692328453,12.987749883905053
2026-08-10T16:47:45.290626+00:00,measurement_drift_01,meter_03,225,none,none,none,none,none,none,0.9999997490049012,0.5690344038049281,0,,0,0,drift_not_confirmed,,voltage_rolling_mean=230.520244;source_publish_interval=0.503946,,0.5389999132603407,9.661499876528978,10.220541851595044
2026-08-10T16:47:45.757597+00:00,measurement_drift_01,meter_01,226,none,none,none,none,none,none,0.9999916042674117,0.44657940415721004,0,,0,0,drift_not_confirmed,,voltage_rolling_mean=231.648940;source_publish_interval=0.503957,,3.3084170427173376,16.50037500075996,19.84429103322327
2026-08-10T16:47:45.777883+00:00,measurement_drift_01,meter_02,226,none,measurement_shift,none,none,none,normal_drift,0.999989167542518,0.5606305585361638,0,,1,0,collecting_candidates;drift_not_confirmed,voltage_rolling_mean,voltage_rolling_mean=232.478454;source_publish_interval=0.503952,voltage_rolling_mean,0.7717919070273638,10.871750069782138,11.66587509214878
2026-08-10T16:47:45.789669+00:00,measurement_drift_01,meter_03,226,none,none,none,none,none,none,0.9999993197276769,0.4646716034521679,0,,0,0,drift_not_confirmed,,voltage_rolling_mean=230.520244;source_publish_interval=0.503946,,0.5202081520110369,9.174083126708865,9.712334023788571
2026-08-10T16:47:46.262908+00:00,measurement_drift_01,meter_01,227,none,none,none,none,none,none,0.9999948164117539,0.43053497613837993,0,,0,0,drift_not_confirmed,,voltage_rolling_mean=231.648940;source_publish_interval=0.503957,,2.593207871541381,18.74008309096098,21.368417190387845
2026-08-10T16:47:46.284648+00:00,measurement_drift_01,meter_02,227,none,measurement_shift,none,none,none,normal_drift,0.9999964155055459,0.6012737766350043,0,,1,0,collecting_candidates;drift_not_confirmed,voltage_rolling_mean,voltage_rolling_mean=232.478454;source_publish_interval=0.503952,voltage_rolling_mean,0.7429169490933418,11.505000060424209,12.273167027160525
2026-08-10T16:47:46.297030+00:00,measurement_drift_01,meter_03,227,none,none,none,none,none,none,0.9999977170588583,0.46568596600468876,0,,0,0,drift_not_confirmed,,voltage_rolling_mean=230.520244;source_publish_interval=0.503946,,0.5365828983485699,9.487916948273778,10.04262501373887
2026-08-10T16:47:46.767802+00:00,measurement_drift_01,meter_01,228,none,none,none,none,none,none,0.9999957965787442,0.43982311161496224,0,,0,0,drift_not_confirmed,,voltage_rolling_mean=231.648940;source_publish_interval=0.503957,,2.6321669574826956,19.946624990552664,22.608417086303234
2026-08-10T16:47:46.790782+00:00,measurement_drift_01,meter_02,228,none,measurement_shift,none,none,none,normal_drift,0.9999901171446889,0.5591367706566004,0,,1,0,collecting_candidates;drift_not_confirmed,voltage_rolling_mean,voltage_rolling_mean=232.478454;source_publish_interval=0.503952,voltage_rolling_mean,0.7155418861657381,11.766667012125254,12.504457961767912
2026-08-10T16:47:46.803387+00:00,measurement_drift_01,meter_03,228,none,none,none,none,none,none,0.999999364225253,0.44938903239908234,0,,0,0,drift_not_confirmed,,voltage_rolling_mean=230.520244;source_publish_interval=0.503946,,0.517791835591197,9.550583781674504,10.090375086292624
2026-08-10T16:47:47.272502+00:00,measurement_drift_01,meter_01,229,none,none,none,none,none,none,0.9999944562194383,0.4844953682533028,0,,0,0,drift_not_confirmed,,voltage_rolling_mean=231.648940;source_publish_interval=0.503957,,2.321082865819335,22.005582926794887,24.367749923840165
2026-08-10T16:47:47.297246+00:00,measurement_drift_01,meter_02,229,none,measurement_shift,none,none,none,normal_drift,0.9999946718054978,0.5791523163503236,0,,1,0,collecting_candidates;drift_not_confirmed,voltage_rolling_mean,voltage_rolling_mean=232.478454;source_publish_interval=0.503952,voltage_rolling_mean,0.9210000280290842,12.44254200719297,13.390915933996439
2026-08-10T16:47:47.310777+00:00,measurement_drift_01,meter_03,229,none,none,none,none,none,none,0.9999992650053888,0.46607166124529364,0,,0,0,drift_not_confirmed,,voltage_rolling_mean=230.520244;source_publish_interval=0.503946,,0.6231670267879963,9.661999996751547,10.30366588383913
2026-08-10T16:47:47.778019+00:00,measurement_drift_01,meter_01,230,none,none,none,none,none,none,0.9999966863884489,0.46025814696904466,0,,0,0,drift_not_confirmed,,voltage_rolling_mean=231.648940;source_publish_interval=0.503957,,2.1874159574508667,21.393166854977608,23.6218748614192
2026-08-10T16:47:47.802061+00:00,measurement_drift_01,meter_02,230,none,measurement_shift,none,none,none,normal_drift,0.9999932015415275,0.5554029615534697,0,,1,0,collecting_candidates;drift_not_confirmed,voltage_rolling_mean,voltage_rolling_mean=232.478454;source_publish_interval=0.503952,voltage_rolling_mean,0.8601250592619181,12.017375091090798,12.903624912723899
2026-08-10T16:47:47.815117+00:00,measurement_drift_01,meter_03,230,none,none,none,none,none,none,0.9999992346056431,0.4640986179674433,0,,0,0,drift_not_confirmed,,voltage_rolling_mean=230.520244;source_publish_interval=0.503946,,0.6016658153384924,9.736042004078627,10.357417166233063
2026-08-10T16:47:48.282806+00:00,measurement_drift_01,meter_01,231,none,none,none,none,none,none,0.9999982892661031,0.5120640239712135,0,,0,0,drift_not_confirmed,,voltage_rolling_mean=231.648940;source_publish_interval=0.503957,,2.3088331799954176,18.23775004595518,20.58104216121137
2026-08-10T16:47:48.303803+00:00,measurement_drift_01,meter_02,231,none,measurement_shift,none,none,none,normal_drift,0.9999970638504084,0.5904625866627785,0,,1,0,collecting_candidates;drift_not_confirmed,voltage_rolling_mean,voltage_rolling_mean=232.478454;source_publish_interval=0.503952,voltage_rolling_mean,0.7516250479966402,11.469332966953516,12.243834091350436
2026-08-10T16:47:48.316165+00:00,measurement_drift_01,meter_03,231,none,none,none,none,none,none,0.9999996571438549,0.46667643788663415,0,,0,0,drift_not_confirmed,,voltage_rolling_mean=230.520244;source_publish_interval=0.503946,,0.5257080774754286,9.331709006801248,9.875624906271696
2026-08-10T16:47:48.785088+00:00,measurement_drift_01,meter_01,232,none,none,none,none,none,none,0.9999907066649272,0.4355998882025878,0,,0,0,drift_not_confirmed,,voltage_rolling_mean=231.648940;source_publish_interval=0.503957,,2.4417920503765345,20.841625053435564,23.329166928306222
2026-08-10T16:47:48.808822+00:00,measurement_drift_01,meter_02,232,none,measurement_shift,none,none,none,normal_drift,0.9999853791911228,0.5955313051425207,0,,1,0,collecting_candidates;drift_not_confirmed,voltage_rolling_mean,voltage_rolling_mean=232.478454;source_publish_interval=0.503952,voltage_rolling_mean,0.7639999967068434,11.797750135883689,12.586250202730298
2026-08-10T16:47:48.821530+00:00,measurement_drift_01,meter_03,232,none,none,none,none,none,none,0.9999986171253424,0.45127911873579357,0,,0,0,drift_not_confirmed,,voltage_rolling_mean=230.520244;source_publish_interval=0.503946,,0.5769578274339437,9.639916941523552,10.23870799690485
2026-08-10T16:47:49.290043+00:00,measurement_drift_01,meter_01,233,none,none,none,none,none,none,0.9999957554046435,0.4692195066116585,0,,0,0,drift_not_confirmed,,voltage_rolling_mean=231.648940;source_publish_interval=0.503957,,2.5698330719023943,21.498332964256406,24.1047500167042
2026-08-10T16:47:49.314521+00:00,measurement_drift_01,meter_02,233,none,measurement_shift,none,none,none,normal_drift,0.9999878097156002,0.581448843652863,0,,1,0,collecting_candidates;drift_not_confirmed,voltage_rolling_mean,voltage_rolling_mean=232.478454;source_publish_interval=0.503952,voltage_rolling_mean,0.8193750400096178,11.846124893054366,12.686667032539845
2026-08-10T16:47:49.327320+00:00,measurement_drift_01,meter_03,233,none,none,none,none,none,none,0.9999986647192176,0.4467551696718853,0,,0,0,drift_not_confirmed,,voltage_rolling_mean=230.520244;source_publish_interval=0.503946,,0.544416019693017,9.615916991606355,10.178667027503252
2026-08-10T16:47:49.794201+00:00,measurement_drift_01,meter_01,234,none,none,none,none,none,none,0.9999925531445393,0.4496320766254115,0,,0,0,drift_not_confirmed,,voltage_rolling_mean=231.648940;source_publish_interval=0.503957,,1.07450014911592,22.4034171551466,23.51633319631219
2026-08-10T16:47:49.818062+00:00,measurement_drift_01,meter_02,234,none,measurement_shift,none,none,none,normal_drift,0.999996777819845,0.5988747139444808,0,,1,0,collecting_candidates;drift_not_confirmed,voltage_rolling_mean,voltage_rolling_mean=232.478454;source_publish_interval=0.503952,voltage_rolling_mean,0.8781668730080128,12.290791142731905,13.197500025853515
2026-08-10T16:47:49.831391+00:00,measurement_drift_01,meter_03,234,none,none,none,none,none,none,0.9999992609744256,0.44380466857634576,0,,0,0,drift_not_confirmed,,voltage_rolling_mean=230.520244;source_publish_interval=0.503946,,0.5796668119728565,9.68858296982944,10.289917001500726
2026-08-10T16:47:50.298599+00:00,measurement_drift_01,meter_01,235,none,none,none,none,none,none,0.9999922619713059,0.5089197753469499,0,,0,0,drift_not_confirmed,,voltage_rolling_mean=231.648940;source_publish_interval=0.503957,,2.019834006205201,21.97250002063811,24.03462491929531
2026-08-10T16:47:50.323025+00:00,measurement_drift_01,meter_02,235,none,measurement_shift,none,none,none,normal_drift,0.9999890945005411,0.5824345146746325,0,,1,0,collecting_candidates;drift_not_confirmed,voltage_rolling_mean,voltage_rolling_mean=232.478454;source_publish_interval=0.503952,voltage_rolling_mean,0.9671659208834171,12.18491606414318,13.176709180697799
2026-08-10T16:47:50.336341+00:00,measurement_drift_01,meter_03,235,none,none,none,none,none,none,0.9999994524646627,0.5894582715558917,0,,0,0,drift_not_confirmed,,voltage_rolling_mean=230.520244;source_publish_interval=0.503946,,0.5452081095427275,9.601958096027374,10.165749816223979
2026-08-10T16:47:50.803588+00:00,measurement_drift_01,meter_01,236,none,none,none,none,none,none,0.9999081115737636,0.4445144724653484,0,,0,0,drift_not_confirmed,,voltage_rolling_mean=231.648940;source_publish_interval=0.503957,,2.148000057786703,19.10654199309647,21.29066688939929
2026-08-10T16:47:50.825282+00:00,measurement_drift_01,meter_02,236,none,measurement_shift,none,none,none,normal_drift,0.999993140093366,0.5633343822830461,0,,1,1,drift_not_confirmed;reference_updated,voltage_rolling_mean,voltage_rolling_mean=233.478454;source_publish_interval=0.503952,voltage_rolling_mean,0.7747919298708439,11.484625050798059,12.293125037103891
2026-08-10T16:47:50.837701+00:00,measurement_drift_01,meter_03,236,none,none,none,none,none,none,0.9999993044432904,0.5321805710538255,0,,0,0,drift_not_confirmed,,voltage_rolling_mean=230.520244;source_publish_interval=0.503946,,0.5331248976290226,9.43908398039639,9.991833008825779
2026-08-10T16:47:51.306839+00:00,measurement_drift_01,meter_01,237,none,none,none,none,none,none,0.9999838469770412,0.44433572339146205,0,,0,0,drift_not_confirmed,,voltage_rolling_mean=231.648940;source_publish_interval=0.503957,,2.03333399258554,22.070667007938027,24.15145793929696
2026-08-10T16:47:51.331361+00:00,measurement_drift_01,meter_02,237,none,measurement_shift,none,none,none,normal_drift,0.9999941978210809,0.5687237397898853,0,,1,0,collecting_candidates;drift_not_confirmed,voltage_rolling_mean,voltage_rolling_mean=233.478454;source_publish_interval=0.503952,voltage_rolling_mean,0.9289588779211044,12.223541038110852,13.176916865631938
2026-08-10T16:47:51.344678+00:00,measurement_drift_01,meter_03,237,none,none,none,none,none,none,0.9999990692323061,0.4733609148194192,0,,0,0,drift_not_confirmed,,voltage_rolling_mean=230.520244;source_publish_interval=0.503946,,0.532875070348382,9.616749826818705,10.169749846681952
2026-08-10T16:47:51.811845+00:00,measurement_drift_01,meter_01,238,none,none,none,none,none,none,0.9999967816349531,0.44368874277507725,0,,0,0,drift_not_confirmed,,voltage_rolling_mean=231.648940;source_publish_interval=0.503957,,2.0098749082535505,21.69429208151996,23.741457844153047
2026-08-10T16:47:51.835922+00:00,measurement_drift_01,meter_02,238,none,measurement_shift,none,none,none,normal_drift,0.999990127438741,0.5553833902634392,0,,1,0,collecting_candidates;drift_not_confirmed,voltage_rolling_mean,voltage_rolling_mean=233.478454;source_publish_interval=0.503952,voltage_rolling_mean,0.8554169908165932,11.839458951726556,12.719332939013839
2026-08-10T16:47:51.848763+00:00,measurement_drift_01,meter_03,238,none,none,none,none,none,none,0.9999987276687706,0.5147201343913175,0,,0,0,drift_not_confirmed,,voltage_rolling_mean=230.520244;source_publish_interval=0.503946,,0.5704998038709164,9.909500135108829,10.49908297136426
2026-08-10T16:47:52.317045+00:00,measurement_drift_01,meter_01,239,none,none,none,none,none,none,0.9999950077784002,0.48264024271542805,0,,0,0,drift_not_confirmed,,voltage_rolling_mean=231.648940;source_publish_interval=0.503957,,1.9279168918728828,21.749999839812517,23.721333127468824
2026-08-10T16:47:52.341123+00:00,measurement_drift_01,meter_02,239,none,measurement_shift,none,none,none,normal_drift,0.9999952975704254,0.5812867358896012,0,,1,0,collecting_candidates;drift_not_confirmed,voltage_rolling_mean,voltage_rolling_mean=233.478454;source_publish_interval=0.503952,voltage_rolling_mean,0.8095409721136093,12.25174986757338,13.087540864944458
2026-08-10T16:47:52.354342+00:00,measurement_drift_01,meter_03,239,none,none,none,none,none,none,0.9999990643848703,0.4512977592416741,0,,0,0,drift_not_confirmed,,voltage_rolling_mean=230.520244;source_publish_interval=0.503946,,0.54379110224545,9.607375133782625,10.171375004574656
2026-08-10T16:47:52.818084+00:00,measurement_drift_01,meter_01,240,none,none,none,none,none,none,0.9999959562159888,0.46178940792170375,0,,0,0,drift_not_confirmed,,voltage_rolling_mean=231.648940;source_publish_interval=0.503957,,2.01645796187222,21.733083995059133,23.791166953742504
2026-08-10T16:47:52.842253+00:00,measurement_drift_01,meter_02,240,none,measurement_shift,none,none,none,normal_drift,0.999998371517634,0.5767226821127592,0,,1,0,collecting_candidates;drift_not_confirmed,voltage_rolling_mean,voltage_rolling_mean=233.478454;source_publish_interval=0.503952,voltage_rolling_mean,0.9059170261025429,12.204875005409122,13.136666966602206
2026-08-10T16:47:52.855534+00:00,measurement_drift_01,meter_03,240,none,none,none,none,none,none,0.9999986515867535,0.4507334202915109,0,,0,0,drift_not_confirmed,,voltage_rolling_mean=230.520244;source_publish_interval=0.503946,,0.5857502110302448,9.521916043013334,10.126540903002024
2026-08-10T16:47:53.323400+00:00,measurement_drift_01,meter_01,241,none,none,none,none,none,none,0.9999932816519205,0.43417648073097,0,,0,0,drift_not_confirmed,,voltage_rolling_mean=231.648940;source_publish_interval=0.503957,,2.046499866992235,21.84704109095037,23.940624902024865
2026-08-10T16:47:53.347665+00:00,measurement_drift_01,meter_02,241,none,measurement_shift,none,none,none,normal_drift,0.9999969124086201,0.5592710197420693,0,,1,0,collecting_candidates;drift_not_confirmed,voltage_rolling_mean,voltage_rolling_mean=233.478454;source_publish_interval=0.503952,voltage_rolling_mean,0.9349999018013477,12.117792153730989,13.07579199783504
2026-08-10T16:47:53.360865+00:00,measurement_drift_01,meter_03,241,none,none,none,none,none,none,0.9999981791861312,0.4698013854147184,0,,0,0,drift_not_confirmed,,voltage_rolling_mean=230.520244;source_publish_interval=0.503946,,0.5565830506384373,9.557749843224883,10.132750030606985
2026-08-10T16:47:53.828385+00:00,measurement_drift_01,meter_01,242,none,none,none,none,none,none,0.9999971308470763,0.44087069789083894,0,,0,0,drift_not_confirmed,,voltage_rolling_mean=231.648940;source_publish_interval=0.503957,,2.4876249954104424,20.601334050297737,23.122542072087526
2026-08-10T16:47:53.851878+00:00,measurement_drift_01,meter_02,242,none,measurement_shift,none,none,none,normal_drift,0.9999958367079644,0.5542607183321188,0,,1,0,collecting_candidates;drift_not_confirmed,voltage_rolling_mean,voltage_rolling_mean=233.478454;source_publish_interval=0.503952,voltage_rolling_mean,0.7512080483138561,11.73029188066721,12.505708960816264
2026-08-10T16:47:53.864503+00:00,measurement_drift_01,meter_03,242,none,none,none,none,none,none,0.9999992071897749,0.44883020213573244,0,,0,0,drift_not_confirmed,,voltage_rolling_mean=230.520244;source_publish_interval=0.503946,,0.5876249633729458,9.656707989051938,10.263582924380898
2026-08-10T16:47:54.333547+00:00,measurement_drift_01,meter_01,243,none,none,none,none,none,none,0.9999969404255807,0.6015355321032199,0,,0,0,drift_not_confirmed,,voltage_rolling_mean=231.648940;source_publish_interval=0.503957,,2.7150828391313553,22.038707975298166,24.797833058983088
2026-08-10T16:47:54.358804+00:00,measurement_drift_01,meter_02,243,none,measurement_shift,none,none,none,normal_drift,0.9999941358555914,0.5548391518969825,0,,1,0,collecting_candidates;drift_not_confirmed,voltage_rolling_mean,voltage_rolling_mean=233.478454;source_publish_interval=0.503952,voltage_rolling_mean,0.8278749883174896,12.01833295635879,12.871499871835113
2026-08-10T16:47:54.371806+00:00,measurement_drift_01,meter_03,243,none,none,none,none,none,none,0.9999973682993616,0.46562069401264344,0,,0,0,drift_not_confirmed,,voltage_rolling_mean=230.520244;source_publish_interval=0.503946,,0.6112079136073589,9.37120895832777,9.99595900066197
2026-08-10T16:47:54.838441+00:00,measurement_drift_01,meter_01,244,none,none,none,none,none,none,0.9999969541537974,0.4454123973129734,0,,0,0,drift_not_confirmed,,voltage_rolling_mean=231.648940;source_publish_interval=0.503957,,1.9767079502344131,22.20083400607109,24.2164998780936
2026-08-10T16:47:54.863032+00:00,measurement_drift_01,meter_02,244,none,measurement_shift,none,none,none,normal_drift,0.9999970375982876,0.553074276505031,0,,1,0,collecting_candidates;drift_not_confirmed,voltage_rolling_mean,voltage_rolling_mean=233.478454;source_publish_interval=0.503952,voltage_rolling_mean,0.8643749170005322,12.092707911506295,12.981999898329377
2026-08-10T16:47:54.876126+00:00,measurement_drift_01,meter_03,244,none,none,none,none,none,none,0.9999984516415912,0.44414978135108063,0,,0,0,drift_not_confirmed,,voltage_rolling_mean=230.520244;source_publish_interval=0.503946,,0.5654578562825918,9.560916107147932,10.144541040062904
2026-08-10T16:47:55.340366+00:00,measurement_drift_01,meter_01,245,none,none,none,none,none,none,0.999998883320872,0.5070359243117191,0,,0,0,drift_not_confirmed,,voltage_rolling_mean=231.648940;source_publish_interval=0.503957,,2.0372080616652966,21.876374958083034,23.956167045980692
2026-08-10T16:47:55.364657+00:00,measurement_drift_01,meter_02,245,none,measurement_shift,none,none,none,normal_drift,0.999998073628713,0.5544480557286076,0,,1,0,collecting_candidates;drift_not_confirmed,voltage_rolling_mean,voltage_rolling_mean=233.478454;source_publish_interval=0.503952,voltage_rolling_mean,0.8925830479711294,11.965707875788212,12.8837910015136
2026-08-10T16:47:55.377675+00:00,measurement_drift_01,meter_03,245,none,none,none,none,none,none,0.9999990464778991,0.457742157096911,0,,0,0,drift_not_confirmed,,voltage_rolling_mean=230.520244;source_publish_interval=0.503946,,0.5490831099450588,9.449375094845891,10.017459047958255
2026-08-10T16:47:55.845305+00:00,measurement_drift_01,meter_01,246,none,none,none,none,none,none,0.9999986098508461,0.527654833221213,0,,0,0,drift_not_confirmed,,voltage_rolling_mean=231.648940;source_publish_interval=0.503957,,2.6272081304341555,18.524999963119626,21.188125014305115
2026-08-10T16:47:55.866870+00:00,measurement_drift_01,meter_02,246,none,measurement_shift,none,none,none,normal_drift,0.9999969051464841,0.5752836586195109,0,,1,0,collecting_candidates;drift_not_confirmed,voltage_rolling_mean,voltage_rolling_mean=233.478454;source_publish_interval=0.503952,voltage_rolling_mean,0.7480417843908072,11.383417062461376,12.153000105172396
2026-08-10T16:47:55.879128+00:00,measurement_drift_01,meter_03,246,none,none,none,none,none,none,0.9999993229458334,0.4520807823060236,0,,0,0,drift_not_confirmed,,voltage_rolling_mean=230.520244;source_publish_interval=0.503946,,0.575709156692028,9.322165977209806,9.915624978020787
2026-08-10T16:47:56.350575+00:00,measurement_drift_01,meter_01,247,none,none,none,none,none,none,0.9999980102520369,0.43728878591968745,0,,0,0,drift_not_confirmed,,voltage_rolling_mean=231.648940;source_publish_interval=0.503957,,2.8736661188304424,17.401417018845677,20.312542095780373
2026-08-10T16:47:56.371314+00:00,measurement_drift_01,meter_02,247,none,measurement_shift,none,unknown,unknown,normal_drift,0.9999967119273862,0.6381722989299765,0,,1,0,collecting_candidates;drift_not_confirmed,voltage_rolling_mean,voltage_rolling_mean=233.478454;source_publish_interval=0.503952,voltage_rolling_mean,0.7651250343769789,11.182541027665138,11.969291837885976
2026-08-10T16:47:56.383386+00:00,measurement_drift_01,meter_03,247,none,none,none,none,none,none,0.9999992694860326,0.4429147082364876,0,,0,0,drift_not_confirmed,,voltage_rolling_mean=230.520244;source_publish_interval=0.503946,,0.5584161262959242,9.397791000083089,9.97849996201694
2026-08-10T16:47:56.852233+00:00,measurement_drift_01,meter_01,248,none,none,none,none,none,none,0.9999976189815782,0.5005594785330346,0,,0,0,drift_not_confirmed,,voltage_rolling_mean=231.648940;source_publish_interval=0.503957,,2.0641249138861895,21.9159999396652,24.020957993343472
2026-08-10T16:47:56.876621+00:00,measurement_drift_01,meter_02,248,none,measurement_shift,none,none,none,normal_drift,0.999944954186968,0.5585081858040699,0,,1,0,collecting_candidates;drift_not_confirmed,voltage_rolling_mean,voltage_rolling_mean=233.478454;source_publish_interval=0.503952,voltage_rolling_mean,0.8884160779416561,12.074250029399991,12.984582921490073
2026-08-10T16:47:56.889732+00:00,measurement_drift_01,meter_03,248,none,none,none,none,none,none,0.9999983169613438,0.4740817312031772,0,,0,0,drift_not_confirmed,,voltage_rolling_mean=230.520244;source_publish_interval=0.503946,,0.5672911647707224,9.566500084474683,10.152749950066209
2026-08-10T16:47:57.355745+00:00,measurement_drift_01,meter_01,249,none,none,none,none,none,none,0.9999980998139297,0.49773095411973345,0,,0,0,drift_not_confirmed,,voltage_rolling_mean=231.648940;source_publish_interval=0.503957,,2.0340830087661743,22.55395893007517,24.630791042000055
2026-08-10T16:47:57.380771+00:00,measurement_drift_01,meter_02,249,none,measurement_shift,none,none,none,normal_drift,0.9999927327985028,0.5640639808455964,0,,1,0,collecting_candidates;drift_not_confirmed,voltage_rolling_mean,voltage_rolling_mean=233.478454;source_publish_interval=0.503952,voltage_rolling_mean,0.8827499113976955,12.017790926620364,12.92649982497096
2026-08-10T16:47:57.393848+00:00,measurement_drift_01,meter_03,249,none,none,none,none,none,none,0.9999992808039128,0.45225609315780574,0,,0,0,drift_not_confirmed,,voltage_rolling_mean=230.520244;source_publish_interval=0.503946,,0.5714590661227703,9.505042107775807,10.094458004459739
2026-08-10T16:47:57.861077+00:00,measurement_drift_01,meter_01,250,none,none,none,none,none,none,0.9999979232513342,0.44363449741427063,0,,0,0,drift_not_confirmed,,voltage_rolling_mean=231.648940;source_publish_interval=0.503957,,2.481374889612198,23.26766587793827,25.791249936446548
2026-08-10T16:47:57.887274+00:00,measurement_drift_01,meter_02,250,none,measurement_shift,none,none,none,normal_drift,0.999993611469252,0.5912653199911062,0,,1,0,collecting_candidates;drift_not_confirmed,voltage_rolling_mean,voltage_rolling_mean=233.478454;source_publish_interval=0.503952,voltage_rolling_mean,0.866499962285161,12.263250071555376,13.151041930541396
2026-08-10T16:47:57.900525+00:00,measurement_drift_01,meter_03,250,none,none,none,none,none,none,0.9999986379389403,0.5504161446196216,0,,0,0,drift_not_confirmed,,voltage_rolling_mean=230.520244;source_publish_interval=0.503946,,0.5511250346899033,9.799874853342772,10.368790943175554
2026-08-10T16:47:58.365391+00:00,measurement_drift_01,meter_01,251,none,none,none,none,none,none,0.9999978991536074,0.4508258956351506,0,,0,0,drift_not_confirmed,,voltage_rolling_mean=231.648940;source_publish_interval=0.503957,,2.046833047643304,22.435749880969524,24.530499940738082
2026-08-10T16:47:58.390309+00:00,measurement_drift_01,meter_02,251,none,measurement_shift,none,none,none,normal_drift,0.9999954206379637,0.5516034412140151,0,,1,0,collecting_candidates;drift_not_confirmed,voltage_rolling_mean,voltage_rolling_mean=233.478454;source_publish_interval=0.503952,voltage_rolling_mean,0.892499927431345,11.925917118787766,12.843000004068017
2026-08-10T16:47:58.403293+00:00,measurement_drift_01,meter_03,251,none,none,none,none,none,none,0.9999992553381344,0.449603582442889,0,,0,0,drift_not_confirmed,,voltage_rolling_mean=230.520244;source_publish_interval=0.503946,,0.5627921782433987,9.501124965026975,10.083749890327454
2026-08-10T16:47:58.867827+00:00,measurement_drift_01,meter_01,252,none,none,none,none,none,none,0.9999979223367285,0.45914775086914406,0,,0,0,drift_not_confirmed,,voltage_rolling_mean=231.648940;source_publish_interval=0.503957,,1.9319171551615,22.086499957367778,24.063624907284975
2026-08-10T16:47:58.892186+00:00,measurement_drift_01,meter_02,252,none,measurement_shift,none,none,none,normal_drift,0.9999971647762161,0.5429963982566,0,,1,0,collecting_candidates;drift_not_confirmed,voltage_rolling_mean,voltage_rolling_mean=233.478454;source_publish_interval=0.503952,voltage_rolling_mean,0.8374170865863562,12.090541189536452,12.953334022313356
2026-08-10T16:47:58.905259+00:00,measurement_drift_01,meter_03,252,none,none,none,none,none,none,0.9999989872580242,0.4558269061531557,0,,0,0,drift_not_confirmed,,voltage_rolling_mean=230.520244;source_publish_interval=0.503946,,0.5811660084873438,9.540167171508074,10.14087488874793
2026-08-10T16:47:59.372896+00:00,measurement_drift_01,meter_01,253,none,none,none,none,none,none,0.9999968103174617,0.5070762148974856,0,,0,0,drift_not_confirmed,,voltage_rolling_mean=231.648940;source_publish_interval=0.503957,,2.595708006992936,19.65670892968774,22.28537481278181
2026-08-10T16:47:59.395551+00:00,measurement_drift_01,meter_02,253,none,measurement_shift,none,none,none,normal_drift,0.999996512823278,0.5503922113165907,0,,1,0,collecting_candidates;drift_not_confirmed,voltage_rolling_mean,voltage_rolling_mean=233.478454;source_publish_interval=0.503952,voltage_rolling_mean,0.7271671202033758,47.36104188486934,48.1157919857651
2026-08-10T16:47:59.443828+00:00,measurement_drift_01,meter_03,253,none,none,none,none,none,none,0.9999671213844893,0.4938026993417035,0,,0,0,drift_not_confirmed,,voltage_rolling_mean=230.520244;source_publish_interval=0.503946,,0.4645420704036951,7.121250033378601,7.604583166539669
2026-08-10T16:47:59.874971+00:00,measurement_drift_01,meter_01,254,none,none,none,none,none,none,0.9999984335096689,0.4522516976401769,0,,0,0,drift_not_confirmed,,voltage_rolling_mean=231.648940;source_publish_interval=0.503957,,2.154541900381446,23.193666944280267,25.395082775503397
2026-08-10T16:47:59.900874+00:00,measurement_drift_01,meter_02,254,none,measurement_shift,none,none,none,normal_drift,0.9999941572213618,0.5522799244590691,0,,1,0,collecting_candidates;drift_not_confirmed,voltage_rolling_mean,voltage_rolling_mean=233.478454;source_publish_interval=0.503952,voltage_rolling_mean,0.8518339600414038,11.916249990463257,12.795750051736832
2026-08-10T16:47:59.913812+00:00,measurement_drift_01,meter_03,254,none,none,none,none,none,none,0.9999996620002477,0.4676779264846253,0,,0,0,drift_not_confirmed,,voltage_rolling_mean=230.520244;source_publish_interval=0.503946,,0.6293749902397394,9.710958926007152,10.359167121350765
2026-08-10T16:48:00.377173+00:00,measurement_drift_01,meter_01,255,none,none,none,none,none,none,0.9999976726778338,0.4364818278146263,0,,0,0,drift_not_confirmed,,voltage_rolling_mean=231.648940;source_publish_interval=0.503957,,1.1803749948740005,20.365500124171376,21.613083081319928
2026-08-10T16:48:00.399176+00:00,measurement_drift_01,meter_02,255,none,measurement_shift,none,none,none,normal_drift,0.9999983220259593,0.5530790563590703,0,,1,0,collecting_candidates;drift_not_confirmed,voltage_rolling_mean,voltage_rolling_mean=233.478454;source_publish_interval=0.503952,voltage_rolling_mean,1.033542212098837,13.794167200103402,14.86574998125434
2026-08-10T16:48:00.414232+00:00,measurement_drift_01,meter_03,255,none,none,none,none,none,none,0.9999972759512037,0.46513169249553965,0,,0,0,drift_not_confirmed,,voltage_rolling_mean=230.520244;source_publish_interval=0.503946,,0.6511248648166656,10.075791040435433,10.747999884188175
2026-08-10T16:48:00.880086+00:00,measurement_drift_01,meter_01,256,none,none,none,none,none,none,0.9999971732895099,0.4569866696167402,0,,0,0,drift_not_confirmed,,voltage_rolling_mean=231.648940;source_publish_interval=0.503957,,2.131042070686817,22.438042098656297,24.61395808495581
2026-08-10T16:48:00.905284+00:00,measurement_drift_01,meter_02,256,none,measurement_shift,none,none,none,normal_drift,0.9999969780839897,0.5517657725957149,0,,1,1,drift_not_confirmed;reference_updated,voltage_rolling_mean,voltage_rolling_mean=233.632078;source_publish_interval=0.503952,voltage_rolling_mean,0.8967090398073196,12.197665870189667,13.123083161190152
2026-08-10T16:48:00.918560+00:00,measurement_drift_01,meter_03,256,none,none,none,none,none,none,0.999998830042453,0.482517988651201,0,,0,0,drift_not_confirmed,,voltage_rolling_mean=230.520244;source_publish_interval=0.503946,,0.5691670812666416,9.614374954253435,10.203666985034943
2026-08-10T16:48:01.384404+00:00,measurement_drift_01,meter_01,257,none,none,none,none,none,none,0.999993622529407,0.4475536140482203,0,,0,0,drift_not_confirmed,,voltage_rolling_mean=231.648940;source_publish_interval=0.503957,,2.251541940495372,20.495958160609007,22.79425016604364
2026-08-10T16:48:01.407617+00:00,measurement_drift_01,meter_02,257,none,measurement_shift,none,none,none,normal_drift,0.9999954085287096,0.5968825460980173,0,,1,0,collecting_candidates;drift_not_confirmed,voltage_rolling_mean,voltage_rolling_mean=233.632078;source_publish_interval=0.503952,voltage_rolling_mean,0.7568751461803913,11.756292078644037,12.539125047624111
2026-08-10T16:48:01.420302+00:00,measurement_drift_01,meter_03,257,none,none,none,none,none,none,0.9999987824327775,0.45758923532896545,0,,0,0,drift_not_confirmed,,voltage_rolling_mean=230.520244;source_publish_interval=0.503946,,0.5722080823034048,9.445208124816418,10.038499953225255
2026-08-10T16:48:01.889500+00:00,measurement_drift_01,meter_01,258,none,none,none,none,none,none,0.9999988486779284,0.5226582888374715,0,,0,0,drift_not_confirmed,,voltage_rolling_mean=231.648940;source_publish_interval=0.503957,,1.9687088206410408,21.831583930179477,23.844707990065217
2026-08-10T16:48:01.913640+00:00,measurement_drift_01,meter_02,258,none,measurement_shift,none,none,none,normal_drift,0.9999965929487802,0.53199011341441,0,,1,0,collecting_candidates;drift_not_confirmed,voltage_rolling_mean,voltage_rolling_mean=233.632078;source_publish_interval=0.503952,voltage_rolling_mean,0.8032498881220818,12.004167074337602,12.831624830141664
2026-08-10T16:48:01.926597+00:00,measurement_drift_01,meter_03,258,none,none,none,none,none,none,0.9999980200699378,0.4706381701702157,0,,0,0,drift_not_confirmed,,voltage_rolling_mean=230.520244;source_publish_interval=0.503946,,0.5794160533696413,9.522249922156334,10.120457969605923
2026-08-10T16:48:02.394542+00:00,measurement_drift_01,meter_01,259,none,none,none,none,none,none,0.9999968338997596,0.4735270823059735,0,,0,0,drift_not_confirmed,,voltage_rolling_mean=231.648940;source_publish_interval=0.503957,,3.1721671111881733,16.632207902148366,19.83970799483359
2026-08-10T16:48:02.414756+00:00,measurement_drift_01,meter_02,259,none,measurement_shift,none,none,none,normal_drift,0.9999973267193706,0.5465206662620333,0,,1,0,collecting_candidates;drift_not_confirmed,voltage_rolling_mean,voltage_rolling_mean=233.632078;source_publish_interval=0.503952,voltage_rolling_mean,0.7275000680238008,10.894750012084842,11.645124992355704
2026-08-10T16:48:02.426512+00:00,measurement_drift_01,meter_03,259,none,none,none,none,none,none,0.9999963377647146,0.46320681390283586,0,,0,0,drift_not_confirmed,,voltage_rolling_mean=230.520244;source_publish_interval=0.503946,,0.5547089967876673,9.17312502861023,9.746332885697484
2026-08-10T16:48:02.899347+00:00,measurement_drift_01,meter_01,260,none,none,none,none,none,none,0.9999971558928343,0.4379324534306946,0,,0,0,drift_not_confirmed,,voltage_rolling_mean=231.648940;source_publish_interval=0.503957,,2.6460408698767424,18.524874933063984,21.207540994510055
2026-08-10T16:48:02.920980+00:00,measurement_drift_01,meter_02,260,none,measurement_shift,none,none,none,normal_drift,0.9999919743212575,0.5503256466346773,0,,1,0,collecting_candidates;drift_not_confirmed,voltage_rolling_mean,voltage_rolling_mean=233.632078;source_publish_interval=0.503952,voltage_rolling_mean,0.7338330615311861,11.204417096450925,11.96237513795495
2026-08-10T16:48:02.933065+00:00,measurement_drift_01,meter_03,260,none,none,none,none,none,none,0.9999962691906134,0.4491942688891383,0,,0,0,drift_not_confirmed,,voltage_rolling_mean=230.520244;source_publish_interval=0.503946,,0.5447091534733772,9.297499898821115,9.861874859780073
2026-08-10T16:48:03.400852+00:00,measurement_drift_01,meter_01,261,none,none,none,none,none,none,0.9999974931726149,0.4457113180710279,0,,0,0,drift_not_confirmed,,voltage_rolling_mean=231.648940;source_publish_interval=0.503957,,2.0196251571178436,22.018417017534375,24.084083968773484
2026-08-10T16:48:03.425358+00:00,measurement_drift_01,meter_02,261,none,measurement_shift,none,none,none,normal_drift,0.9999945715876307,0.5449691430526588,0,,1,0,collecting_candidates;drift_not_confirmed,voltage_rolling_mean,voltage_rolling_mean=233.632078;source_publish_interval=0.503952,voltage_rolling_mean,0.8396250195801258,11.984749929979444,12.848499929532409
2026-08-10T16:48:03.438322+00:00,measurement_drift_01,meter_03,261,none,none,none,none,none,none,0.9999988520001099,0.4625536576684443,0,,0,0,drift_not_confirmed,,voltage_rolling_mean=230.520244;source_publish_interval=0.503946,,0.5538749974220991,9.519249899312854,10.09216601960361
2026-08-10T16:48:03.902333+00:00,measurement_drift_01,meter_01,262,none,none,none,none,none,none,0.9999990117703339,0.44975385406996393,0,,0,0,drift_not_confirmed,,voltage_rolling_mean=231.648940;source_publish_interval=0.503957,,2.001957967877388,20.85454110056162,22.89191703312099
2026-08-10T16:48:03.925612+00:00,measurement_drift_01,meter_02,262,none,measurement_shift,none,none,none,normal_drift,0.999997395111843,0.5595364120265498,0,,1,0,collecting_candidates;drift_not_confirmed,voltage_rolling_mean,voltage_rolling_mean=233.632078;source_publish_interval=0.503952,voltage_rolling_mean,0.811584061011672,12.228208826854825,13.063959078863263
2026-08-10T16:48:03.938783+00:00,measurement_drift_01,meter_03,262,none,none,none,none,none,none,0.9999981754328772,0.5354721446956225,0,,0,0,drift_not_confirmed,,voltage_rolling_mean=230.520244;source_publish_interval=0.503946,,0.5992089863866568,9.694207925349474,10.311666876077652
2026-08-10T16:48:04.407253+00:00,measurement_drift_01,meter_01,263,none,none,none,none,none,none,0.9999965980437776,0.4438716135866844,0,,0,0,drift_not_confirmed,,voltage_rolling_mean=231.648940;source_publish_interval=0.503957,,1.9384168554097414,21.58691710792482,23.56283296830952
2026-08-10T16:48:04.431140+00:00,measurement_drift_01,meter_02,263,none,measurement_shift,none,none,none,normal_drift,0.9999946565821602,0.5349868060465994,0,,1,0,collecting_candidates;drift_not_confirmed,voltage_rolling_mean,voltage_rolling_mean=233.632078;source_publish_interval=0.503952,voltage_rolling_mean,0.7214159704744816,12.102792039513588,12.849499937146902
2026-08-10T16:48:04.444107+00:00,measurement_drift_01,meter_03,263,none,none,none,none,none,none,0.9999985925023731,0.45434401562095533,0,,0,0,drift_not_confirmed,,voltage_rolling_mean=230.520244;source_publish_interval=0.503946,,0.5980420392006636,9.505375055596232,10.122417006641626
2026-08-10T16:48:04.912026+00:00,measurement_drift_01,meter_01,264,none,none,none,unknown,unknown,unknown,0.9999974693588678,0.621356863108642,0,,0,0,drift_not_confirmed,,voltage_rolling_mean=231.648940;source_publish_interval=0.503957,,2.801958005875349,19.223333103582263,22.059625014662743
2026-08-10T16:48:04.934500+00:00,measurement_drift_01,meter_02,264,none,measurement_shift,none,none,none,normal_drift,0.9999978248278164,0.5457212345472445,0,,1,0,collecting_candidates;drift_not_confirmed,voltage_rolling_mean,voltage_rolling_mean=233.632078;source_publish_interval=0.503952,voltage_rolling_mean,0.7702088914811611,11.711332947015762,12.504291953518987
2026-08-10T16:48:04.947122+00:00,measurement_drift_01,meter_03,264,none,none,none,none,none,none,0.9999976536711374,0.4612737485928506,0,,0,0,drift_not_confirmed,,voltage_rolling_mean=230.520244;source_publish_interval=0.503946,,0.5602501332759857,9.441583883017302,10.020832996815443
2026-08-10T16:48:05.417010+00:00,measurement_drift_01,meter_01,265,none,none,none,none,none,none,0.9999986090596984,0.44577286688823725,0,,0,0,drift_not_confirmed,,voltage_rolling_mean=231.648940;source_publish_interval=0.503957,,2.5026248767971992,19.30262497626245,21.841582842171192
2026-08-10T16:48:05.439219+00:00,measurement_drift_01,meter_02,265,none,measurement_shift,none,none,none,normal_drift,0.9999985696783861,0.5510898809364679,0,,1,0,collecting_candidates;drift_not_confirmed,voltage_rolling_mean,voltage_rolling_mean=233.632078;source_publish_interval=0.503952,voltage_rolling_mean,0.7277908734977245,11.737207882106304,12.488374952226877
2026-08-10T16:48:05.451828+00:00,measurement_drift_01,meter_03,265,none,none,none,none,none,none,0.999998887984332,0.454569454635189,0,,0,0,drift_not_confirmed,,voltage_rolling_mean=230.520244;source_publish_interval=0.503946,,0.5439589731395245,9.565707994624972,10.12958399951458
2026-08-10T16:48:05.916970+00:00,measurement_drift_01,meter_01,266,none,none,none,none,none,none,0.9999995734253307,0.5420011821613573,0,,0,0,drift_not_confirmed,,voltage_rolling_mean=231.648940;source_publish_interval=0.503957,,1.6667500603944063,17.15929200872779,18.860750133171678
2026-08-10T16:48:05.936123+00:00,measurement_drift_01,meter_02,266,none,measurement_shift,none,none,none,normal_drift,0.999998951895594,0.5319259613667577,0,,1,0,collecting_candidates;drift_not_confirmed,voltage_rolling_mean,voltage_rolling_mean=233.632078;source_publish_interval=0.503952,voltage_rolling_mean,0.40108291432261467,6.419583922252059,6.8417079746723175
2026-08-10T16:48:05.943105+00:00,measurement_drift_01,meter_03,266,none,none,none,none,none,none,0.9999995606162996,0.4902716884492822,0,,0,0,drift_not_confirmed,,voltage_rolling_mean=230.520244;source_publish_interval=0.503946,,0.3673748578876257,6.18883385322988,6.574708037078381
2026-08-10T16:48:06.422316+00:00,measurement_drift_01,meter_01,267,none,none,none,none,none,none,0.9999977580596483,0.44177766554317294,0,,0,0,drift_not_confirmed,,voltage_rolling_mean=231.648940;source_publish_interval=0.503957,,1.7533327918499708,21.866166964173317,23.68933311663568
2026-08-10T16:48:06.446411+00:00,measurement_drift_01,meter_02,267,none,measurement_shift,none,none,none,normal_drift,0.9999979674915347,0.5361003739146818,0,,1,0,collecting_candidates;drift_not_confirmed,voltage_rolling_mean,voltage_rolling_mean=233.632078;source_publish_interval=0.503952,voltage_rolling_mean,0.9182910434901714,12.810416985303164,13.757334090769291
2026-08-10T16:48:06.460336+00:00,measurement_drift_01,meter_03,267,none,none,none,none,none,none,0.9999968296154361,0.45070022592681713,0,,0,0,drift_not_confirmed,,voltage_rolling_mean=230.520244;source_publish_interval=0.503946,,0.5552079528570175,9.504374815151095,10.081874905154109
2026-08-10T16:48:06.927301+00:00,measurement_drift_01,meter_01,268,none,none,none,none,none,none,0.9999967329015561,0.4656003242657643,0,,0,0,drift_not_confirmed,,voltage_rolling_mean=231.648940;source_publish_interval=0.503957,,1.8247498665004969,21.90516679547727,23.787624901160598
2026-08-10T16:48:06.951431+00:00,measurement_drift_01,meter_02,268,none,measurement_shift,none,none,none,normal_drift,0.999982406813193,0.5559782930502827,0,,1,0,collecting_candidates;drift_not_confirmed,voltage_rolling_mean,voltage_rolling_mean=233.632078;source_publish_interval=0.503952,voltage_rolling_mean,0.9188340045511723,12.312999926507473,13.261291896924376
2026-08-10T16:48:06.964845+00:00,measurement_drift_01,meter_03,268,none,none,none,none,none,none,0.99999925727213,0.4847415536447565,0,,0,0,drift_not_confirmed,,voltage_rolling_mean=230.520244;source_publish_interval=0.503946,,0.5570410285145044,9.534124983474612,10.112000163644552
2026-08-10T16:48:07.427585+00:00,measurement_drift_01,meter_01,269,none,none,none,none,none,none,0.9999989162800794,0.46623378876529453,0,,0,0,drift_not_confirmed,,voltage_rolling_mean=231.648940;source_publish_interval=0.503957,,1.0063329245895147,20.333374850451946,21.395040908828378
2026-08-10T16:48:07.449228+00:00,measurement_drift_01,meter_02,269,none,measurement_shift,none,none,none,normal_drift,0.9999969768989787,0.5354252191543872,0,,1,0,collecting_candidates;drift_not_confirmed,voltage_rolling_mean,voltage_rolling_mean=233.632078;source_publish_interval=0.503952,voltage_rolling_mean,0.9055000264197588,13.405249919742346,14.361249981448054
2026-08-10T16:48:07.463820+00:00,measurement_drift_01,meter_03,269,none,none,none,none,none,none,0.9999987739977377,0.46205996098840985,0,,0,0,drift_not_confirmed,,voltage_rolling_mean=230.520244;source_publish_interval=0.503946,,0.6517081055790186,10.277082910761237,10.961499996483326
2026-08-10T16:48:07.931627+00:00,measurement_drift_01,meter_01,270,none,none,none,none,none,none,0.9999992848768917,0.5046466942803856,0,,0,0,drift_not_confirmed,,voltage_rolling_mean=231.648940;source_publish_interval=0.503957,,2.363417064771056,21.47320914082229,23.883333895355463
2026-08-10T16:48:07.955971+00:00,measurement_drift_01,meter_02,270,none,measurement_shift,none,none,none,normal_drift,0.9999880936603223,0.5333332121345837,0,,1,0,collecting_candidates;drift_not_confirmed,voltage_rolling_mean,voltage_rolling_mean=233.632078;source_publish_interval=0.503952,voltage_rolling_mean,0.95549994148314,12.221167096868157,13.206957839429379
2026-08-10T16:48:07.969355+00:00,measurement_drift_01,meter_03,270,none,none,none,none,none,none,0.9999984260042697,0.538244286560124,0,,0,0,drift_not_confirmed,,voltage_rolling_mean=230.520244;source_publish_interval=0.503946,,0.628374982625246,9.748500073328614,10.397708974778652
2026-08-10T16:48:08.434627+00:00,measurement_drift_01,meter_01,271,none,none,none,none,none,none,0.9999958813690583,0.48648302130304005,0,,0,0,drift_not_confirmed,,voltage_rolling_mean=231.648940;source_publish_interval=0.503957,,1.9545000977814198,21.88454195857048,23.903875146061182
2026-08-10T16:48:08.458985+00:00,measurement_drift_01,meter_02,271,none,measurement_shift,none,none,none,normal_drift,0.9999979458667057,0.5358577042811971,0,,1,0,collecting_candidates;drift_not_confirmed,voltage_rolling_mean,voltage_rolling_mean=233.632078;source_publish_interval=0.503952,voltage_rolling_mean,0.9415841195732355,12.449250090867281,13.41904210858047
2026-08-10T16:48:08.472571+00:00,measurement_drift_01,meter_03,271,none,none,none,none,none,none,0.999999129431054,0.5477637700458815,0,,0,0,drift_not_confirmed,,voltage_rolling_mean=230.520244;source_publish_interval=0.503946,,0.556332990527153,9.72462515346706,10.300917085260153
2026-08-10T16:48:08.939792+00:00,measurement_drift_01,meter_01,272,none,none,none,none,none,none,0.9999992058700777,0.512513520436812,0,,0,0,drift_not_confirmed,,voltage_rolling_mean=231.648940;source_publish_interval=0.503957,,1.8895829562097788,21.68658305890858,23.617458064109087
2026-08-10T16:48:08.963732+00:00,measurement_drift_01,meter_02,272,none,measurement_shift,none,none,none,normal_drift,0.9999968182507165,0.5528190524762616,0,,1,0,collecting_candidates;drift_not_confirmed,voltage_rolling_mean,voltage_rolling_mean=233.632078;source_publish_interval=0.503952,voltage_rolling_mean,0.7619999814778566,12.34599994495511,13.137999922037125
2026-08-10T16:48:08.977003+00:00,measurement_drift_01,meter_03,272,none,none,none,none,none,none,0.9999986515277256,0.4686784013192724,0,,0,0,drift_not_confirmed,,voltage_rolling_mean=230.520244;source_publish_interval=0.503946,,0.6175001617521048,9.604790946468711,10.243125027045608
2026-08-10T16:48:09.440960+00:00,measurement_drift_01,meter_01,273,none,none,none,none,none,none,0.9999990535870629,0.5127739445555197,0,,0,0,drift_not_confirmed,,voltage_rolling_mean=231.648940;source_publish_interval=0.503957,,1.3962499797344208,20.273375092074275,21.71504101715982
2026-08-10T16:48:09.462962+00:00,measurement_drift_01,meter_02,273,none,measurement_shift,none,none,none,normal_drift,0.9999983116948337,0.5362605716883319,0,,1,0,collecting_candidates;drift_not_confirmed,voltage_rolling_mean,voltage_rolling_mean=233.632078;source_publish_interval=0.503952,voltage_rolling_mean,0.9392499923706055,13.81150004453957,14.779417077079415
2026-08-10T16:48:09.477915+00:00,measurement_drift_01,meter_03,273,none,none,none,none,none,none,0.9999980917278988,0.45719753539630187,0,,0,0,drift_not_confirmed,,voltage_rolling_mean=230.520244;source_publish_interval=0.503946,,0.6544580683112144,10.184708051383495,10.862624971196055
2026-08-10T16:48:09.946387+00:00,measurement_drift_01,meter_01,274,none,none,none,none,none,none,0.9999991535305288,0.45535976731715905,0,,0,0,drift_not_confirmed,,voltage_rolling_mean=231.648940;source_publish_interval=0.503957,,2.3727919906377792,18.787458073347807,21.19691693224013
2026-08-10T16:48:09.967980+00:00,measurement_drift_01,meter_02,274,none,measurement_shift,none,none,none,normal_drift,0.9999963857926738,0.5449098760680317,0,,1,0,collecting_candidates;drift_not_confirmed,voltage_rolling_mean,voltage_rolling_mean=233.632078;source_publish_interval=0.503952,voltage_rolling_mean,0.8169999346137047,11.597083881497383,12.438416015356779
2026-08-10T16:48:09.980552+00:00,measurement_drift_01,meter_03,274,none,none,none,none,none,none,0.9999988869705387,0.4439435838595153,0,,0,0,drift_not_confirmed,,voltage_rolling_mean=230.520244;source_publish_interval=0.503946,,0.5400420632213354,9.64783295057714,10.210916167125106
2026-08-10T16:48:10.451472+00:00,measurement_drift_01,meter_01,275,none,none,none,none,none,none,0.9999991457007396,0.46087831253171474,0,,0,0,drift_not_confirmed,,voltage_rolling_mean=231.648940;source_publish_interval=0.503957,,1.9426250364631414,22.088958183303475,24.070375133305788
2026-08-10T16:48:10.475910+00:00,measurement_drift_01,meter_02,275,none,measurement_shift,none,none,none,normal_drift,0.9999928627085934,0.5345295239805022,0,,1,0,collecting_candidates;drift_not_confirmed,voltage_rolling_mean,voltage_rolling_mean=233.632078;source_publish_interval=0.503952,voltage_rolling_mean,0.8885411079972982,12.04245793633163,12.95725000090897
2026-08-10T16:48:10.489002+00:00,measurement_drift_01,meter_03,275,none,none,none,none,none,none,0.9999967562071332,0.4517765767591829,0,,0,0,drift_not_confirmed,,voltage_rolling_mean=230.520244;source_publish_interval=0.503946,,0.5479590035974979,9.565999964252114,10.133499978110194
2026-08-10T16:48:10.955785+00:00,measurement_drift_01,meter_01,276,none,none,none,none,none,none,0.9999991613109882,0.4491103140663736,0,,0,0,drift_not_confirmed,,voltage_rolling_mean=231.648940;source_publish_interval=0.503957,,2.2449579555541277,19.915624987334013,22.20020885579288
2026-08-10T16:48:10.978410+00:00,measurement_drift_01,meter_02,276,none,measurement_shift,none,none,none,normal_drift,0.9999969579955504,0.5460494416044406,0,,1,1,drift_not_confirmed;reference_updated,voltage_rolling_mean,voltage_rolling_mean=233.367665;source_publish_interval=0.503952,voltage_rolling_mean,0.7903748191893101,11.979500064626336,12.796916998922825
2026-08-10T16:48:10.991346+00:00,measurement_drift_01,meter_03,276,none,none,none,none,none,none,0.9999991732584055,0.4997948562469145,0,,0,0,drift_not_confirmed,,voltage_rolling_mean=230.520244;source_publish_interval=0.503946,,0.5472081247717142,9.591500042006373,10.159417055547237
2026-08-10T16:48:11.459772+00:00,measurement_drift_01,meter_01,277,none,none,none,none,none,none,0.999998812008746,0.4470532481033702,0,,0,0,drift_not_confirmed,,voltage_rolling_mean=231.648940;source_publish_interval=0.503957,,2.5743329897522926,17.785999923944473,20.39570896886289
2026-08-10T16:48:11.480568+00:00,measurement_drift_01,meter_02,277,none,measurement_shift,none,none,none,normal_drift,0.9999949196734172,0.533419623822689,0,,1,0,collecting_candidates;drift_not_confirmed,voltage_rolling_mean,voltage_rolling_mean=233.367665;source_publish_interval=0.503952,voltage_rolling_mean,0.7405409123748541,11.22570806182921,11.988834012299776
2026-08-10T16:48:11.492671+00:00,measurement_drift_01,meter_03,277,none,none,none,none,none,none,0.9999978320465068,0.45949838725258985,0,,0,0,drift_not_confirmed,,voltage_rolling_mean=230.520244;source_publish_interval=0.503946,,0.5385000258684158,9.292416041716933,9.849291993305087
2026-08-10T16:48:11.961047+00:00,measurement_drift_01,meter_01,278,none,none,none,none,none,none,0.9999992378741551,0.5132677275609563,0,,0,0,drift_not_confirmed,,voltage_rolling_mean=231.648940;source_publish_interval=0.503957,,2.8975000604987144,23.102834122255445,26.041375007480383
2026-08-10T16:48:11.987504+00:00,measurement_drift_01,meter_02,278,none,measurement_shift,none,none,none,normal_drift,0.9999946837869216,0.536289664424794,0,,1,0,collecting_candidates;drift_not_confirmed,voltage_rolling_mean,voltage_rolling_mean=233.367665;source_publish_interval=0.503952,voltage_rolling_mean,0.8929169271141291,12.213707901537418,13.132208026945591
2026-08-10T16:48:12.000773+00:00,measurement_drift_01,meter_03,278,none,none,none,none,none,none,0.9999975711768007,0.4472846444500338,0,,0,0,drift_not_confirmed,,voltage_rolling_mean=230.520244;source_publish_interval=0.503946,,0.6216659676283598,9.77324997074902,10.418125195428729
2026-08-10T16:48:12.464219+00:00,measurement_drift_01,meter_01,279,none,none,none,none,none,none,0.9999996293533154,0.532757439583275,0,,0,0,drift_not_confirmed,,voltage_rolling_mean=231.648940;source_publish_interval=0.503957,,1.9779580179601908,21.55141718685627,23.567458847537637
2026-08-10T16:48:12.488128+00:00,measurement_drift_01,meter_02,279,none,measurement_shift,none,none,none,normal_drift,0.999996892417009,0.5365671367830377,0,,1,0,collecting_candidates;drift_not_confirmed,voltage_rolling_mean,voltage_rolling_mean=233.367665;source_publish_interval=0.503952,voltage_rolling_mean,0.761458883062005,11.998291127383709,12.78458395972848
2026-08-10T16:48:12.501039+00:00,measurement_drift_01,meter_03,279,none,none,none,none,none,none,0.9999987353096166,0.554032379932052,0,,0,0,drift_not_confirmed,,voltage_rolling_mean=230.520244;source_publish_interval=0.503946,,0.5975409876555204,9.683458833023906,10.300334077328444
2026-08-10T16:48:12.969259+00:00,measurement_drift_01,meter_01,280,none,none,none,none,none,none,0.9999976608643515,0.45554446963523587,0,,0,0,drift_not_confirmed,,voltage_rolling_mean=231.648940;source_publish_interval=0.503957,,2.0272082183510065,21.54229092411697,23.612000048160553
2026-08-10T16:48:12.993235+00:00,measurement_drift_01,meter_02,280,none,measurement_shift,none,unknown,unknown,normal_drift,0.9999956229673947,0.6263118875268037,0,,1,0,collecting_candidates;drift_not_confirmed,voltage_rolling_mean,voltage_rolling_mean=233.367665;source_publish_interval=0.503952,voltage_rolling_mean,0.7857910823076963,12.045084033161402,12.85691699013114
2026-08-10T16:48:13.006226+00:00,measurement_drift_01,meter_03,280,none,none,none,none,none,none,0.9999975487113287,0.48057334134946667,0,,0,0,drift_not_confirmed,,voltage_rolling_mean=230.520244;source_publish_interval=0.503946,,0.5666250362992287,9.602874983102083,10.188459185883403
2026-08-10T16:48:13.474141+00:00,measurement_drift_01,meter_01,281,none,none,none,none,none,none,0.9999991364968286,0.4668097825397038,0,,0,0,drift_not_confirmed,,voltage_rolling_mean=231.648940;source_publish_interval=0.503957,,2.567332936450839,21.006833063438535,23.60812504775822
2026-08-10T16:48:13.498128+00:00,measurement_drift_01,meter_02,281,none,measurement_shift,none,none,none,normal_drift,0.9999976430532481,0.5330381253751582,0,,1,0,collecting_candidates;drift_not_confirmed,voltage_rolling_mean,voltage_rolling_mean=233.367665;source_publish_interval=0.503952,voltage_rolling_mean,0.7325001060962677,12.03641714528203,12.793707894161344
2026-08-10T16:48:13.511043+00:00,measurement_drift_01,meter_03,281,none,none,none,none,none,none,0.9999953137510128,0.4492071509951318,0,,0,0,drift_not_confirmed,,voltage_rolling_mean=230.520244;source_publish_interval=0.503946,,0.5719999317079782,9.590375004336238,10.181291960179806
2026-08-10T16:48:13.979309+00:00,measurement_drift_01,meter_01,282,none,none,none,none,none,none,0.9999997574494348,0.6092543495076883,0,,0,0,drift_not_confirmed,,voltage_rolling_mean=231.648940;source_publish_interval=0.503957,,2.3541669361293316,20.22924995981157,22.62787497602403
2026-08-10T16:48:14.002380+00:00,measurement_drift_01,meter_02,282,none,measurement_shift,none,none,none,normal_drift,0.9999981802280176,0.5316167339949344,0,,1,0,collecting_candidates;drift_not_confirmed,voltage_rolling_mean,voltage_rolling_mean=233.367665;source_publish_interval=0.503952,voltage_rolling_mean,0.8387910202145576,11.971916072070599,12.83466606400907
2026-08-10T16:48:14.015360+00:00,measurement_drift_01,meter_03,282,none,none,none,none,none,none,0.9999971056197646,0.448667276690264,0,,0,0,drift_not_confirmed,,voltage_rolling_mean=230.520244;source_publish_interval=0.503946,,0.5475420039147139,9.342999896034598,9.910041000694036
2026-08-10T16:48:14.484375+00:00,measurement_drift_01,meter_01,283,none,none,none,none,none,none,0.9999993574434912,0.45837040259496864,0,,0,0,drift_not_confirmed,,voltage_rolling_mean=231.648940;source_publish_interval=0.503957,,1.9726247992366552,21.9822081271559,24.004000006243587
2026-08-10T16:48:14.508753+00:00,measurement_drift_01,meter_02,283,none,measurement_shift,none,none,none,normal_drift,0.9999964963329653,0.5658377899358018,0,,1,0,collecting_candidates;drift_not_confirmed,voltage_rolling_mean,voltage_rolling_mean=233.367665;source_publish_interval=0.503952,voltage_rolling_mean,0.9114169515669346,12.323792092502117,13.259457889944315
2026-08-10T16:48:14.522141+00:00,measurement_drift_01,meter_03,283,none,none,none,none,none,none,0.999990871736256,0.4380310206612894,0,,0,0,drift_not_confirmed,,voltage_rolling_mean=230.520244;source_publish_interval=0.503946,,0.5536249373108149,9.599583921954036,10.173333110287786
2026-08-10T16:48:14.987979+00:00,measurement_drift_01,meter_01,284,none,none,none,none,none,none,0.9999973407925258,0.45767348743984715,0,,0,0,drift_not_confirmed,,voltage_rolling_mean=231.648940;source_publish_interval=0.503957,,1.5712499152868986,21.73295896500349,23.34370813332498
2026-08-10T16:48:15.011636+00:00,measurement_drift_01,meter_02,284,none,measurement_shift,none,unknown,unknown,normal_drift,0.9999980211117698,0.6206122258919949,0,,1,0,collecting_candidates;drift_not_confirmed,voltage_rolling_mean,voltage_rolling_mean=233.367665;source_publish_interval=0.503952,voltage_rolling_mean,0.8533750660717487,12.48970814049244,13.368583051487803
2026-08-10T16:48:15.025134+00:00,measurement_drift_01,meter_03,284,none,none,none,none,none,none,0.9999979909860952,0.4406910483829737,0,,0,0,drift_not_confirmed,,voltage_rolling_mean=230.520244;source_publish_interval=0.503946,,0.6066670175641775,9.77091584354639,10.396500118076801
2026-08-10T16:48:15.489153+00:00,measurement_drift_01,meter_01,285,none,none,none,none,none,none,0.9999992840583213,0.47305889108062116,0,,0,0,drift_not_confirmed,,voltage_rolling_mean=231.648940;source_publish_interval=0.503957,,3.0416660010814667,18.66775006055832,21.754208020865917
2026-08-10T16:48:15.511282+00:00,measurement_drift_01,meter_02,285,none,measurement_shift,none,none,none,normal_drift,0.9999971294338331,0.5330973750623563,0,,1,0,collecting_candidates;drift_not_confirmed,voltage_rolling_mean,voltage_rolling_mean=233.367665;source_publish_interval=0.503952,voltage_rolling_mean,0.7461670320481062,11.343750171363354,12.112625176087022
2026-08-10T16:48:15.523512+00:00,measurement_drift_01,meter_03,285,none,none,none,none,none,none,0.9999970922161663,0.5379205085633331,0,,0,0,drift_not_confirmed,,voltage_rolling_mean=230.520244;source_publish_interval=0.503946,,0.5369579885154963,9.37745813280344,9.93229215964675
2026-08-10T16:48:15.994483+00:00,measurement_drift_01,meter_01,286,none,none,none,none,none,none,0.9999991731603901,0.502885085244976,0,,0,0,drift_not_confirmed,,voltage_rolling_mean=231.648940;source_publish_interval=0.503957,,2.357207937166095,22.37616595812142,24.772875010967255
2026-08-10T16:48:16.019666+00:00,measurement_drift_01,meter_02,286,none,measurement_shift,none,none,none,normal_drift,0.9999924324456043,0.53319626748533,0,,1,0,collecting_candidates;drift_not_confirmed,voltage_rolling_mean,voltage_rolling_mean=233.367665;source_publish_interval=0.503952,voltage_rolling_mean,0.8501671254634857,12.167416978627443,13.042707927525043
2026-08-10T16:48:16.032836+00:00,measurement_drift_01,meter_03,286,none,none,none,none,none,none,0.9999961874695544,0.45384205387071613,0,,0,0,drift_not_confirmed,,voltage_rolling_mean=230.520244;source_publish_interval=0.503946,,0.5388339050114155,9.653332876041532,10.215667076408863
2026-08-10T16:48:16.499562+00:00,measurement_drift_01,meter_01,287,none,none,none,none,none,none,0.9999990483135219,0.4589446998015975,0,,0,0,drift_not_confirmed,,voltage_rolling_mean=231.648940;source_publish_interval=0.503957,,2.0991249475628138,22.200499894097447,24.34375020675361
2026-08-10T16:48:16.524360+00:00,measurement_drift_01,meter_02,287,none,measurement_shift,none,none,none,normal_drift,0.9999970987956093,0.5315921340628498,0,,1,0,collecting_candidates;drift_not_confirmed,voltage_rolling_mean,voltage_rolling_mean=233.367665;source_publish_interval=0.503952,voltage_rolling_mean,0.8486250881105661,12.055667117238045,12.930084019899368
2026-08-10T16:48:16.537415+00:00,measurement_drift_01,meter_03,287,none,none,none,none,none,none,0.9999693618499578,0.452545444812991,0,,0,0,drift_not_confirmed,,voltage_rolling_mean=230.520244;source_publish_interval=0.503946,,0.5781250074505806,9.501874912530184,10.100041050463915
2026-08-10T16:48:16.999004+00:00,measurement_drift_01,meter_01,288,none,none,none,none,none,none,0.9999996649268054,0.470940541733974,0,,0,0,drift_not_confirmed,,voltage_rolling_mean=231.648940;source_publish_interval=0.503957,,1.364750089123845,20.62170789577067,22.022249875590205
2026-08-10T16:48:17.021303+00:00,measurement_drift_01,meter_02,288,none,measurement_shift,none,none,none,normal_drift,0.999998504097263,0.5402623025772592,0,,1,0,collecting_candidates;drift_not_confirmed,voltage_rolling_mean,voltage_rolling_mean=233.367665;source_publish_interval=0.503952,voltage_rolling_mean,0.8552498184144497,13.194374972954392,14.075082959607244
2026-08-10T16:48:17.035506+00:00,measurement_drift_01,meter_03,288,none,none,none,none,none,none,0.9999933156408642,0.44766833808563106,0,,0,0,drift_not_confirmed,,voltage_rolling_mean=230.520244;source_publish_interval=0.503946,,0.6179588381201029,10.037832893431187,10.674082906916738
2026-08-10T16:48:17.502581+00:00,measurement_drift_01,meter_01,289,none,none,none,none,none,none,0.9999998035625257,0.5726260761447257,0,,0,0,drift_not_confirmed,,voltage_rolling_mean=231.648940;source_publish_interval=0.503957,,2.4360830429941416,22.90837513282895,25.385458953678608
2026-08-10T16:48:17.528425+00:00,measurement_drift_01,meter_02,289,none,measurement_shift,none,none,none,normal_drift,0.9999976973127149,0.5348575930165148,0,,1,0,collecting_candidates;drift_not_confirmed,voltage_rolling_mean,voltage_rolling_mean=233.367665;source_publish_interval=0.503952,voltage_rolling_mean,0.8159161079674959,12.369832955300808,13.209708034992218
2026-08-10T16:48:17.541748+00:00,measurement_drift_01,meter_03,289,none,none,none,none,none,none,0.999997480261855,0.4886321780340009,0,,0,0,drift_not_confirmed,,voltage_rolling_mean=230.520244;source_publish_interval=0.503946,,0.5267919041216373,9.650791063904762,10.197249939665198
2026-08-10T16:48:18.007755+00:00,measurement_drift_01,meter_01,290,none,none,none,none,none,none,0.9999989435927485,0.4879037706852039,0,,0,0,drift_not_confirmed,,voltage_rolling_mean=231.648940;source_publish_interval=0.503957,,2.4441250134259462,22.5271659437567,25.01837513409555
2026-08-10T16:48:18.033230+00:00,measurement_drift_01,meter_02,290,none,measurement_shift,none,none,none,normal_drift,0.999997261120357,0.5367345763850984,0,,1,0,collecting_candidates;drift_not_confirmed,voltage_rolling_mean,voltage_rolling_mean=233.367665;source_publish_interval=0.503952,voltage_rolling_mean,0.8644170593470335,12.06575008109212,12.95558293350041
2026-08-10T16:48:18.046324+00:00,measurement_drift_01,meter_03,290,none,none,none,none,none,none,0.9999645048100014,0.4365890685367065,0,,0,0,drift_not_confirmed,,voltage_rolling_mean=230.520244;source_publish_interval=0.503946,,0.539042055606842,9.550708113238215,10.110749863088131
2026-08-10T16:48:18.512711+00:00,measurement_drift_01,meter_01,291,none,none,none,none,none,none,0.9999993245690598,0.5274090482680752,0,,0,0,drift_not_confirmed,,voltage_rolling_mean=231.648940;source_publish_interval=0.503957,,2.454417059198022,18.66129203699529,21.15208306349814
2026-08-10T16:48:18.534241+00:00,measurement_drift_01,meter_02,291,none,measurement_shift,none,none,none,normal_drift,0.9999975397598894,0.5685723527713753,0,,1,0,collecting_candidates;drift_not_confirmed,voltage_rolling_mean,voltage_rolling_mean=233.367665;source_publish_interval=0.503952,voltage_rolling_mean,0.749833881855011,11.504957918077707,12.277208035811782
2026-08-10T16:48:18.546624+00:00,measurement_drift_01,meter_03,291,none,none,none,none,none,none,0.9999932570824593,0.4825842500792114,0,,0,0,drift_not_confirmed,,voltage_rolling_mean=230.520244;source_publish_interval=0.503946,,0.5142500158399343,9.424499934539199,9.956708876416087
2026-08-10T16:48:19.017787+00:00,measurement_drift_01,meter_01,292,none,none,none,none,none,none,0.9999998092125673,0.5539951700794096,0,,0,0,drift_not_confirmed,,voltage_rolling_mean=231.648940;source_publish_interval=0.503957,,2.552042016759515,21.92433411255479,24.515749886631966
2026-08-10T16:48:19.042694+00:00,measurement_drift_01,meter_02,292,none,measurement_shift,none,none,none,normal_drift,0.9999948298094454,0.6041309809957562,0,,1,0,collecting_candidates;drift_not_confirmed,voltage_rolling_mean,voltage_rolling_mean=233.367665;source_publish_interval=0.503952,voltage_rolling_mean,0.7807079236954451,11.871417053043842,12.677625054493546
2026-08-10T16:48:19.055512+00:00,measurement_drift_01,meter_03,292,none,none,none,none,none,none,0.9999935188904765,0.46931656304004016,0,,0,0,drift_not_confirmed,,voltage_rolling_mean=230.520244;source_publish_interval=0.503946,,0.5755000747740269,9.728125063702464,10.323624825105071
2026-08-10T16:48:19.522110+00:00,measurement_drift_01,meter_01,293,none,none,none,none,none,none,0.9999991039494134,0.4847826902912127,0,,0,0,drift_not_confirmed,,voltage_rolling_mean=231.648940;source_publish_interval=0.503957,,1.2956249993294477,23.254165891557932,24.585917126387358
2026-08-10T16:48:19.546953+00:00,measurement_drift_01,meter_02,293,none,measurement_shift,none,none,none,normal_drift,0.9999957086768805,0.5451906428367248,0,,1,0,collecting_candidates;drift_not_confirmed,voltage_rolling_mean,voltage_rolling_mean=233.367665;source_publish_interval=0.503952,voltage_rolling_mean,0.82633295096457,12.171833077445626,13.023083098232746
2026-08-10T16:48:19.560099+00:00,measurement_drift_01,meter_03,293,none,none,none,none,none,none,0.9999912051090949,0.43903225306792937,0,,0,0,drift_not_confirmed,,voltage_rolling_mean=230.520244;source_publish_interval=0.503946,,0.5732919089496136,9.685124969109893,10.277125053107738
2026-08-10T16:48:20.027831+00:00,measurement_drift_01,meter_01,294,none,none,none,none,none,none,0.9999994503374424,0.46474834493973965,0,,0,0,drift_not_confirmed,,voltage_rolling_mean=231.648940;source_publish_interval=0.503957,,2.323332941159606,22.256833966821432,24.61570897139609
2026-08-10T16:48:20.052823+00:00,measurement_drift_01,meter_02,294,none,measurement_shift,none,none,none,normal_drift,0.9999740352461944,0.5397944160287894,0,,1,0,collecting_candidates;drift_not_confirmed,voltage_rolling_mean,voltage_rolling_mean=233.367665;source_publish_interval=0.503952,voltage_rolling_mean,0.8557089604437351,12.015708023682237,12.895790860056877
2026-08-10T16:48:20.065834+00:00,measurement_drift_01,meter_03,294,none,none,none,none,none,none,0.999988505842313,0.46450464706963107,0,,0,0,drift_not_confirmed,,voltage_rolling_mean=230.520244;source_publish_interval=0.503946,,0.5479170940816402,9.48795909062028,10.054583894088864
2026-08-10T16:48:20.532895+00:00,measurement_drift_01,meter_01,295,none,none,none,none,none,none,0.9999996364197342,0.49441577859066277,0,,0,0,drift_not_confirmed,,voltage_rolling_mean=231.648940;source_publish_interval=0.503957,,2.552082994952798,19.36329109594226,21.945791086182
2026-08-10T16:48:20.555254+00:00,measurement_drift_01,meter_02,295,none,measurement_shift,none,none,none,normal_drift,0.999982155884702,0.5592778973170481,0,,1,0,collecting_candidates;drift_not_confirmed,voltage_rolling_mean,voltage_rolling_mean=233.367665;source_publish_interval=0.503952,voltage_rolling_mean,0.7184999994933605,11.508958181366324,12.251249980181456
2026-08-10T16:48:20.567605+00:00,measurement_drift_01,meter_03,295,none,none,none,none,none,none,0.999997193749008,0.5571761368999404,0,,0,0,drift_not_confirmed,,voltage_rolling_mean=230.520244;source_publish_interval=0.503946,,0.5449168384075165,9.493125136941671,10.05545910447836
2026-08-10T16:48:21.034992+00:00,measurement_drift_01,meter_01,296,none,none,none,none,none,none,0.9999983064014651,0.4746827278239192,0,,0,0,drift_not_confirmed,,voltage_rolling_mean=231.648940;source_publish_interval=0.503957,,2.0362921059131622,21.90441614948213,23.983624996617436
2026-08-10T16:48:21.059299+00:00,measurement_drift_01,meter_02,296,none,measurement_shift,none,none,none,normal_drift,0.9999943337761181,0.5309761358647609,0,,1,1,drift_not_confirmed;reference_updated,voltage_rolling_mean,voltage_rolling_mean=233.462313;source_publish_interval=0.503952,voltage_rolling_mean,0.8463750127702951,11.895416071638465,12.767959153279662
2026-08-10T16:48:21.072185+00:00,measurement_drift_01,meter_03,296,none,none,none,none,none,none,0.9999904012348215,0.4643951649259552,0,,0,0,drift_not_confirmed,,voltage_rolling_mean=230.520244;source_publish_interval=0.503946,,0.5245839711278677,9.853041032329202,10.398708051070571
2026-08-10T16:48:21.539765+00:00,measurement_drift_01,meter_01,297,none,none,none,none,none,none,0.9999995119614594,0.47461869767851683,0,,0,0,drift_not_confirmed,,voltage_rolling_mean=231.648940;source_publish_interval=0.503957,,2.826166804879904,17.11383298970759,19.974041962996125
2026-08-10T16:48:21.560108+00:00,measurement_drift_01,meter_02,297,none,measurement_shift,none,none,none,normal_drift,0.9999976460898847,0.5530242310201655,0,,1,0,collecting_candidates;drift_not_confirmed,voltage_rolling_mean,voltage_rolling_mean=233.462313;source_publish_interval=0.503952,voltage_rolling_mean,0.7855419535189867,11.211584089323878,12.019457994028926
2026-08-10T16:48:21.572247+00:00,measurement_drift_01,meter_03,297,none,none,none,none,none,none,0.9999933037238934,0.4505626873716083,0,,0,0,drift_not_confirmed,,voltage_rolling_mean=230.520244;source_publish_interval=0.503946,,0.5076669622212648,9.418541099876165,9.945417055860162
2026-08-10T16:48:22.045269+00:00,measurement_drift_01,meter_01,298,none,none,none,none,none,none,0.9999995428540891,0.47981697392451433,0,,0,0,drift_not_confirmed,,voltage_rolling_mean=231.648940;source_publish_interval=0.503957,,2.009791089221835,21.860624896362424,23.90600019134581
2026-08-10T16:48:22.069506+00:00,measurement_drift_01,meter_02,298,none,measurement_shift,none,none,none,normal_drift,0.9999833180107518,0.5336545753812696,0,,1,0,collecting_candidates;drift_not_confirmed,voltage_rolling_mean,voltage_rolling_mean=233.462313;source_publish_interval=0.503952,voltage_rolling_mean,0.8442499674856663,11.965500190854073,12.833083048462868
2026-08-10T16:48:22.082457+00:00,measurement_drift_01,meter_03,298,none,none,none,none,none,none,0.9999905779836986,0.47060962419158897,0,,0,0,drift_not_confirmed,,voltage_rolling_mean=230.520244;source_publish_interval=0.503946,,0.5249169189482927,9.677625028416514,10.221000062301755
2026-08-10T16:48:22.549640+00:00,measurement_drift_01,meter_01,299,none,none,none,none,none,none,0.9999998495863078,0.4501254987204967,0,,0,0,drift_not_confirmed,,voltage_rolling_mean=231.648940;source_publish_interval=0.503957,,2.724040998145938,17.690499778836966,20.447625080123544
2026-08-10T16:48:22.570447+00:00,measurement_drift_01,meter_02,299,none,measurement_shift,none,none,none,normal_drift,0.9999940559141374,0.5680633295088451,0,,1,0,collecting_candidates;drift_not_confirmed,voltage_rolling_mean,voltage_rolling_mean=233.462313;source_publish_interval=0.503952,voltage_rolling_mean,0.7300002034753561,11.097166920080781,11.848791968077421
2026-08-10T16:48:22.582400+00:00,measurement_drift_01,meter_03,299,none,none,none,none,none,none,0.999994318715472,0.5031470442181388,0,,0,0,drift_not_confirmed,,voltage_rolling_mean=230.520244;source_publish_interval=0.503946,,0.5210000090301037,9.411833947524428,9.951290907338262
2026-08-10T16:48:23.054464+00:00,measurement_drift_01,meter_01,300,none,none,none,none,none,none,0.9999994382738224,0.46382654390205535,0,,0,0,drift_not_confirmed,,voltage_rolling_mean=231.648940;source_publish_interval=0.503957,,3.1182500533759594,18.160334089770913,21.33345790207386
2026-08-10T16:48:23.076251+00:00,measurement_drift_01,meter_02,300,none,measurement_shift,none,none,none,normal_drift,0.9999825079682945,0.5683497095718395,0,,1,0,collecting_candidates;drift_not_confirmed,voltage_rolling_mean,voltage_rolling_mean=233.462313;source_publish_interval=0.503952,voltage_rolling_mean,0.8460839744657278,11.41720893792808,12.289500096812844
2026-08-10T16:48:23.088698+00:00,measurement_drift_01,meter_03,300,none,none,none,none,none,none,0.999985529426179,0.4453226873814897,0,,0,0,drift_not_confirmed,,voltage_rolling_mean=230.520244;source_publish_interval=0.503946,,0.5515420343726873,9.57020791247487,10.144541040062904
2026-08-10T16:48:23.554507+00:00,measurement_drift_01,meter_01,301,none,none,none,none,none,none,0.999999741132823,0.4521446141355122,0,,0,0,drift_not_confirmed,,voltage_rolling_mean=231.648940;source_publish_interval=0.503957,,1.3122090604156256,20.77562501654029,22.133625112473965
2026-08-10T16:48:23.576917+00:00,measurement_drift_01,meter_02,301,none,measurement_shift,none,none,none,normal_drift,0.9999932156810981,0.5598640002988804,0,,1,0,collecting_candidates;drift_not_confirmed,voltage_rolling_mean,voltage_rolling_mean=233.462313;source_publish_interval=0.503952,voltage_rolling_mean,0.938209006562829,13.329957844689488,14.29329183883965
2026-08-10T16:48:23.591344+00:00,measurement_drift_01,meter_03,301,none,none,none,none,none,none,0.999982307393233,0.47385915707868265,0,,0,0,drift_not_confirmed,,voltage_rolling_mean=230.520244;source_publish_interval=0.503946,,0.6007500924170017,9.94770904071629,10.570958023890853
2026-08-10T16:48:24.056660+00:00,measurement_drift_01,meter_01,302,none,none,none,none,none,none,0.999999858352009,0.49273847466031473,0,,0,0,drift_not_confirmed,,voltage_rolling_mean=231.648940;source_publish_interval=0.503957,,1.9673341885209084,21.757083013653755,23.756292182952166
2026-08-10T16:48:24.080764+00:00,measurement_drift_01,meter_02,302,none,measurement_shift,none,none,none,normal_drift,0.9999946115076276,0.5930521292266758,0,,1,0,collecting_candidates;drift_not_confirmed,voltage_rolling_mean,voltage_rolling_mean=233.462313;source_publish_interval=0.503952,voltage_rolling_mean,0.7367089856415987,11.902624974027276,12.665166985243559
2026-08-10T16:48:24.093553+00:00,measurement_drift_01,meter_03,302,none,none,none,none,none,none,0.9999884233310072,0.4680173431219131,0,,0,0,drift_not_confirmed,,voltage_rolling_mean=230.520244;source_publish_interval=0.503946,,0.5867499858140945,9.519124869257212,10.125125059857965
2026-08-10T16:48:24.562044+00:00,measurement_drift_01,meter_01,303,none,none,none,none,none,none,0.9999996578238589,0.46389523997986254,0,,0,0,drift_not_confirmed,,voltage_rolling_mean=231.648940;source_publish_interval=0.503957,,3.173082834109664,16.823665937408805,20.03225008957088
2026-08-10T16:48:24.582431+00:00,measurement_drift_01,meter_02,303,none,measurement_shift,none,none,none,normal_drift,0.9999965924814734,0.5334058045670916,0,,1,0,collecting_candidates;drift_not_confirmed,voltage_rolling_mean,voltage_rolling_mean=233.462313;source_publish_interval=0.503952,voltage_rolling_mean,0.7538751233369112,11.169125093147159,11.943917023018003
2026-08-10T16:48:24.594472+00:00,measurement_drift_01,meter_03,303,none,none,none,none,none,none,0.999989659351166,0.4461056407985634,0,,0,0,drift_not_confirmed,,voltage_rolling_mean=230.520244;source_publish_interval=0.503946,,0.5137498956173658,9.28262504749,9.814165998250246
2026-08-10T16:48:25.062521+00:00,measurement_drift_01,meter_01,304,none,none,none,none,none,none,0.9999994492659958,0.4851176882403454,0,,0,0,drift_not_confirmed,,voltage_rolling_mean=231.648940;source_publish_interval=0.503957,,1.6495420131832361,21.098540863022208,22.790709044784307
2026-08-10T16:48:25.085592+00:00,measurement_drift_01,meter_02,304,none,measurement_shift,none,none,none,normal_drift,0.9999935336302658,0.5383054041763563,0,,1,0,collecting_candidates;drift_not_confirmed,voltage_rolling_mean,voltage_rolling_mean=233.462313;source_publish_interval=0.503952,voltage_rolling_mean,0.904124928638339,12.861167080700397,13.801750028505921
2026-08-10T16:48:25.099579+00:00,measurement_drift_01,meter_03,304,none,none,none,none,none,none,0.9999874612730609,0.4564134662077283,0,,0,0,drift_not_confirmed,,voltage_rolling_mean=230.520244;source_publish_interval=0.503946,,0.6619999185204506,9.902834193781018,10.58837492018938
2026-08-10T16:48:25.564458+00:00,measurement_drift_01,meter_01,305,none,none,none,none,none,none,0.9999995804305495,0.48261670466888346,0,,0,0,drift_not_confirmed,,voltage_rolling_mean=231.648940;source_publish_interval=0.503957,,2.8490410186350346,20.231541944667697,23.122041020542383
2026-08-10T16:48:25.587972+00:00,measurement_drift_01,meter_02,305,none,measurement_shift,none,none,none,normal_drift,0.9999892991043045,0.5422581468183962,0,,1,0,collecting_candidates;drift_not_confirmed,voltage_rolling_mean,voltage_rolling_mean=233.462313;source_publish_interval=0.503952,voltage_rolling_mean,0.8238328155130148,11.735582957044244,12.583500007167459
2026-08-10T16:48:25.600676+00:00,measurement_drift_01,meter_03,305,none,none,none,none,none,none,0.9999956673107717,0.4968825887856677,0,,0,0,drift_not_confirmed,,voltage_rolling_mean=230.520244;source_publish_interval=0.503946,,0.5423750262707472,9.41479206085205,9.976166998967528
2026-08-10T16:48:26.065787+00:00,measurement_drift_01,meter_01,306,none,none,none,none,none,none,0.9999997907330145,0.4501973529357094,0,,0,0,drift_not_confirmed,,voltage_rolling_mean=231.648940;source_publish_interval=0.503957,,1.3885828666388988,21.30054193548858,22.72441703826189
2026-08-10T16:48:26.088739+00:00,measurement_drift_01,meter_02,306,none,measurement_shift,none,none,none,normal_drift,0.9999954050463119,0.533610899855827,0,,1,0,collecting_candidates;drift_not_confirmed,voltage_rolling_mean,voltage_rolling_mean=233.462313;source_publish_interval=0.503952,voltage_rolling_mean,0.8597499690949917,12.894416926428676,13.779666973277926
2026-08-10T16:48:26.102659+00:00,measurement_drift_01,meter_03,306,none,none,none,none,none,none,0.9999047807022111,0.4643921951587221,0,,0,0,drift_not_confirmed,,voltage_rolling_mean=230.520244;source_publish_interval=0.503946,,0.5951249040663242,10.23308397270739,10.846874909475446
2026-08-10T16:48:26.569801+00:00,measurement_drift_01,meter_01,307,none,none,none,none,none,none,0.9999995494749541,0.48397295946979413,0,,0,0,drift_not_confirmed,,voltage_rolling_mean=231.648940;source_publish_interval=0.503957,,3.4627921413630247,16.774874879047275,20.271708955988288
2026-08-10T16:48:26.590535+00:00,measurement_drift_01,meter_02,307,none,measurement_shift,none,none,none,normal_drift,0.999986349162257,0.5733003773806876,0,,1,0,collecting_candidates;drift_not_confirmed,voltage_rolling_mean,voltage_rolling_mean=233.462313;source_publish_interval=0.503952,voltage_rolling_mean,0.7680829148739576,10.970667004585266,11.761083966121078
2026-08-10T16:48:26.602403+00:00,measurement_drift_01,meter_03,307,none,none,none,none,none,none,0.9999553653188645,0.5297055909119033,0,,0,0,drift_not_confirmed,,voltage_rolling_mean=230.520244;source_publish_interval=0.503946,,0.5372080486267805,9.160750079900026,9.716000175103545
2026-08-10T16:48:27.072011+00:00,measurement_drift_01,meter_01,308,none,none,none,none,none,none,0.9999998222368586,0.45404747710324295,0,,0,0,drift_not_confirmed,,voltage_rolling_mean=231.648940;source_publish_interval=0.503957,,2.07108398899436,21.84137492440641,23.94549991004169
2026-08-10T16:48:27.096239+00:00,measurement_drift_01,meter_02,308,none,measurement_shift,none,none,none,normal_drift,0.9999892274045665,0.5609838564747897,0,,1,0,collecting_candidates;drift_not_confirmed,voltage_rolling_mean,voltage_rolling_mean=233.462313;source_publish_interval=0.503952,voltage_rolling_mean,0.8677919395267963,11.935709044337273,12.827416881918907
2026-08-10T16:48:27.109173+00:00,measurement_drift_01,meter_03,308,none,none,none,none,none,none,0.9999739996032796,0.5565125988328149,0,,0,0,drift_not_confirmed,,voltage_rolling_mean=230.520244;source_publish_interval=0.503946,,0.5404169205576181,9.643750032410026,10.202541016042233
2026-08-10T16:48:27.575728+00:00,measurement_drift_01,meter_01,309,none,none,none,none,none,none,0.99999772290381,0.514686874398917,0,,0,0,drift_not_confirmed,,voltage_rolling_mean=231.648940;source_publish_interval=0.503957,,1.3303749728947878,19.968707812950015,21.33366698399186
2026-08-10T16:48:27.597331+00:00,measurement_drift_01,meter_02,309,none,measurement_shift,none,none,none,normal_drift,0.9999902656188127,0.5654865102902019,0,,1,0,collecting_candidates;drift_not_confirmed,voltage_rolling_mean,voltage_rolling_mean=233.462313;source_publish_interval=0.503952,voltage_rolling_mean,0.8375828620046377,12.838708935305476,13.700042152777314
2026-08-10T16:48:27.611140+00:00,measurement_drift_01,meter_03,309,none,none,none,none,none,none,0.9999901843099588,0.465903922270855,0,,0,0,drift_not_confirmed,,voltage_rolling_mean=230.520244;source_publish_interval=0.503946,,0.5893751513212919,9.860082995146513,10.467584012076259
2026-08-10T16:48:28.080838+00:00,measurement_drift_01,meter_01,310,none,none,none,none,none,none,0.9999994066553447,0.4513320030555224,0,,0,0,drift_not_confirmed,,voltage_rolling_mean=231.648940;source_publish_interval=0.503957,,1.371833961457014,21.03979093953967,22.448332980275154
2026-08-10T16:48:28.103560+00:00,measurement_drift_01,meter_02,310,none,measurement_shift,none,none,none,normal_drift,0.9999697727366665,0.5693306700893099,0,,1,0,collecting_candidates;drift_not_confirmed,voltage_rolling_mean,voltage_rolling_mean=233.462313;source_publish_interval=0.503952,voltage_rolling_mean,0.90020801872015,13.22120800614357,14.152040937915444
2026-08-10T16:48:28.117864+00:00,measurement_drift_01,meter_03,310,none,none,none,none,none,none,0.9999637957413819,0.4672492969647318,0,,0,0,drift_not_confirmed,,voltage_rolling_mean=230.520244;source_publish_interval=0.503946,,0.5941670387983322,10.406000073999166,11.019374942407012
2026-08-10T16:48:28.585839+00:00,measurement_drift_01,meter_01,311,none,none,none,unknown,unknown,unknown,0.9999998520426453,0.6564164469144672,0,,0,0,drift_not_confirmed,,voltage_rolling_mean=231.648940;source_publish_interval=0.503957,,2.2453749552369118,21.998084150254726,24.28191597573459
2026-08-10T16:48:28.610555+00:00,measurement_drift_01,meter_02,311,none,measurement_shift,none,none,none,normal_drift,0.9999531367551141,0.5517800896898152,0,,1,0,collecting_candidates;drift_not_confirmed,voltage_rolling_mean,voltage_rolling_mean=233.462313;source_publish_interval=0.503952,voltage_rolling_mean,0.7480001077055931,12.452834052965045,13.229417148977518
2026-08-10T16:48:28.623912+00:00,measurement_drift_01,meter_03,311,none,none,none,none,none,none,0.9999821449052575,0.5073358938569601,0,,0,0,drift_not_confirmed,,voltage_rolling_mean=230.520244;source_publish_interval=0.503946,,0.5731668788939714,9.592792019248009,10.184874990954995
2026-08-10T16:48:29.091012+00:00,measurement_drift_01,meter_01,312,none,none,none,none,none,none,0.9999991301788637,0.45773979999181325,0,,0,0,drift_not_confirmed,,voltage_rolling_mean=231.648940;source_publish_interval=0.503957,,2.1910828072577715,22.160874912515283,24.389459053054452
2026-08-10T16:48:29.115803+00:00,measurement_drift_01,meter_02,312,none,measurement_shift,none,none,none,normal_drift,0.999959346974571,0.5618246837795519,0,,1,0,collecting_candidates;drift_not_confirmed,voltage_rolling_mean,voltage_rolling_mean=233.462313;source_publish_interval=0.503952,voltage_rolling_mean,0.8577499538660049,12.096000136807561,12.978415936231613
2026-08-10T16:48:29.128909+00:00,measurement_drift_01,meter_03,312,none,none,none,none,none,none,0.9999388214760303,0.4734352018192935,0,,0,0,drift_not_confirmed,,voltage_rolling_mean=230.520244;source_publish_interval=0.503946,,0.5562501028180122,9.474834194406867,10.049582924693823
2026-08-10T16:48:29.594498+00:00,measurement_drift_01,meter_01,313,none,none,none,none,none,none,0.9999997176960007,0.4658098984015856,0,,0,0,drift_not_confirmed,,voltage_rolling_mean=231.648940;source_publish_interval=0.503957,,1.9912500865757465,22.331708809360862,24.364709155634046
2026-08-10T16:48:29.619211+00:00,measurement_drift_01,meter_02,313,none,measurement_shift,none,none,none,normal_drift,0.9999872753323603,0.5601619479480512,0,,1,0,collecting_candidates;drift_not_confirmed,voltage_rolling_mean,voltage_rolling_mean=233.462313;source_publish_interval=0.503952,voltage_rolling_mean,0.851375050842762,12.202583020552993,13.080208096653223
2026-08-10T16:48:29.632428+00:00,measurement_drift_01,meter_03,313,none,none,none,none,none,none,0.9999879487054936,0.45524676427427585,0,,0,0,drift_not_confirmed,,voltage_rolling_mean=230.520244;source_publish_interval=0.503946,,0.6198331248015165,9.798499988391995,10.438540950417519
2026-08-10T16:48:30.098152+00:00,measurement_drift_01,meter_01,314,none,none,none,none,none,none,0.9999994826869627,0.5034235477380911,0,,0,0,drift_not_confirmed,,voltage_rolling_mean=231.648940;source_publish_interval=0.503957,,1.4296660665422678,21.62979100830853,23.104249965399504
2026-08-10T16:48:30.121551+00:00,measurement_drift_01,meter_02,314,none,measurement_shift,none,none,none,normal_drift,0.9998846097247496,0.5544371201896506,0,,1,0,collecting_candidates;drift_not_confirmed,voltage_rolling_mean,voltage_rolling_mean=233.462313;source_publish_interval=0.503952,voltage_rolling_mean,0.8523750584572554,12.427332811057568,13.303791172802448
2026-08-10T16:48:30.134986+00:00,measurement_drift_01,meter_03,314,none,none,none,none,none,none,0.9999018565363261,0.5103728934131234,0,,0,0,drift_not_confirmed,,voltage_rolling_mean=230.520244;source_publish_interval=0.503946,,0.6012078374624252,9.648832958191633,10.268375044688582
2026-08-10T16:48:30.605258+00:00,measurement_drift_01,meter_01,315,none,none,none,none,none,none,0.999999690631229,0.49480425756773516,0,,0,0,drift_not_confirmed,,voltage_rolling_mean=231.648940;source_publish_interval=0.503957,,2.0862079691141844,22.02849998138845,24.164041969925165
2026-08-10T16:48:30.629836+00:00,measurement_drift_01,meter_02,315,none,measurement_shift,none,none,none,normal_drift,0.9999549315489028,0.5316358021071522,0,,1,0,collecting_candidates;drift_not_confirmed,voltage_rolling_mean,voltage_rolling_mean=233.462313;source_publish_interval=0.503952,voltage_rolling_mean,0.8870840538293123,12.141291983425617,13.056041905656457
2026-08-10T16:48:30.643066+00:00,measurement_drift_01,meter_03,315,none,none,none,none,none,none,0.9997089662452419,0.5410610105348743,0,,0,0,drift_not_confirmed,,voltage_rolling_mean=230.520244;source_publish_interval=0.503946,,0.6087920628488064,9.761332999914885,10.39108308032155
2026-08-10T16:48:31.109143+00:00,measurement_drift_01,meter_01,316,none,none,none,none,none,none,0.9999998299505357,0.525865239881567,0,,0,0,drift_not_confirmed,,voltage_rolling_mean=231.648940;source_publish_interval=0.503957,,1.9912091083824635,21.9219159334898,23.950749775394797
2026-08-10T16:48:31.133388+00:00,measurement_drift_01,meter_02,316,none,measurement_shift,none,none,none,normal_drift,0.9999717408881227,0.5343191434627177,0,,1,1,drift_not_confirmed;reference_updated,voltage_rolling_mean,voltage_rolling_mean=234.180764;source_publish_interval=0.503952,voltage_rolling_mean,0.8385409601032734,11.759165907278657,12.623958056792617
2026-08-10T16:48:31.146122+00:00,measurement_drift_01,meter_03,316,none,none,none,none,none,none,0.999967198690216,0.4917919676793736,0,,0,0,drift_not_confirmed,,voltage_rolling_mean=230.520244;source_publish_interval=0.503946,,0.5365000106394291,9.512957883998752,10.067666880786419
2026-08-10T16:48:31.613499+00:00,measurement_drift_01,meter_01,317,none,none,none,none,none,none,0.9999996038526777,0.5084842884327919,0,,0,0,drift_not_confirmed,,voltage_rolling_mean=231.648940;source_publish_interval=0.503957,,2.0873749163001776,22.259082878008485,24.383625015616417
2026-08-10T16:48:31.638204+00:00,measurement_drift_01,meter_02,317,none,measurement_shift,none,none,none,normal_drift,0.9999442992606724,0.556142496818042,0,,1,0,collecting_candidates;drift_not_confirmed,voltage_rolling_mean,voltage_rolling_mean=234.180764;source_publish_interval=0.503952,voltage_rolling_mean,0.8573331870138645,11.817584047093987,12.700000079348683
2026-08-10T16:48:31.651023+00:00,measurement_drift_01,meter_03,317,none,none,none,none,none,none,0.999966254892385,0.4927558489436433,0,,0,0,drift_not_confirmed,,voltage_rolling_mean=230.520244;source_publish_interval=0.503946,,0.5465000867843628,9.506666101515293,10.072042001411319
2026-08-10T16:48:32.116945+00:00,measurement_drift_01,meter_01,318,none,none,none,none,none,none,0.9999994785152423,0.454315254709932,0,,0,0,drift_not_confirmed,,voltage_rolling_mean=231.648940;source_publish_interval=0.503957,,2.577042207121849,22.669166093692183,25.28366702608764
2026-08-10T16:48:32.142600+00:00,measurement_drift_01,meter_02,318,none,measurement_shift,none,none,none,normal_drift,0.9999423103494666,0.5791417130353835,0,,1,0,collecting_candidates;drift_not_confirmed,voltage_rolling_mean,voltage_rolling_mean=234.180764;source_publish_interval=0.503952,voltage_rolling_mean,0.8394999895244837,12.117750011384487,12.981833191588521
2026-08-10T16:48:32.155699+00:00,measurement_drift_01,meter_03,318,none,none,none,none,none,none,0.9999295224248941,0.45660170906838166,0,,0,0,drift_not_confirmed,,voltage_rolling_mean=230.520244;source_publish_interval=0.503946,,0.5900829564779997,9.86308278515935,10.47395821660757
2026-08-10T16:48:32.621969+00:00,measurement_drift_01,meter_01,319,none,none,none,none,none,none,0.999999391462588,0.46799890732715443,0,,0,0,drift_not_confirmed,,voltage_rolling_mean=231.648940;source_publish_interval=0.503957,,2.6000828947871923,19.631125032901764,22.291375091299415
2026-08-10T16:48:32.644714+00:00,measurement_drift_01,meter_02,319,none,measurement_shift,none,none,none,normal_drift,0.9999760605356475,0.5364819986778372,0,,1,0,collecting_candidates;drift_not_confirmed,voltage_rolling_mean,voltage_rolling_mean=234.180764;source_publish_interval=0.503952,voltage_rolling_mean,0.8055840153247118,11.787499999627471,12.622875161468983
2026-08-10T16:48:32.657514+00:00,measurement_drift_01,meter_03,319,none,none,none,none,none,none,0.9998356397594257,0.46003102340386925,0,,0,0,drift_not_confirmed,,voltage_rolling_mean=230.520244;source_publish_interval=0.503946,,0.5522498395293951,9.49249998666346,10.065875016152859
2026-08-10T16:48:33.127232+00:00,measurement_drift_01,meter_01,320,none,none,none,none,none,none,0.9999975938243107,0.49834816869324483,0,,0,0,drift_not_confirmed,,voltage_rolling_mean=231.648940;source_publish_interval=0.503957,,1.8976659048348665,21.974042057991028,23.918666876852512
2026-08-10T16:48:33.151599+00:00,measurement_drift_01,meter_02,320,none,measurement_shift,none,none,none,normal_drift,0.9999428042961365,0.5316176598914988,0,,1,0,collecting_candidates;drift_not_confirmed,voltage_rolling_mean,voltage_rolling_mean=234.180764;source_publish_interval=0.503952,voltage_rolling_mean,0.878040911629796,12.174708070233464,13.07945791631937
2026-08-10T16:48:33.164820+00:00,measurement_drift_01,meter_03,320,none,none,none,none,none,none,0.999041809720733,0.4499483242077752,0,,0,0,drift_not_confirmed,,voltage_rolling_mean=230.520244;source_publish_interval=0.503946,,0.5556251853704453,9.489166084676981,10.064750211313367
2026-08-10T16:48:33.631390+00:00,measurement_drift_01,meter_01,321,none,none,none,none,none,none,0.9999993034825969,0.46464015027415173,0,,0,0,drift_not_confirmed,,voltage_rolling_mean=231.648940;source_publish_interval=0.503957,,2.401416888460517,22.65054197050631,25.086458073928952
2026-08-10T16:48:33.656868+00:00,measurement_drift_01,meter_02,321,none,measurement_shift,none,none,none,normal_drift,0.9999666373365923,0.5349485684255862,0,,1,0,collecting_candidates;drift_not_confirmed,voltage_rolling_mean,voltage_rolling_mean=234.180764;source_publish_interval=0.503952,voltage_rolling_mean,0.8313751313835382,12.066374998539686,12.921999907121062
2026-08-10T16:48:33.669900+00:00,measurement_drift_01,meter_03,321,none,none,none,none,none,none,0.9994468503401464,0.4790240187091854,0,,0,0,drift_not_confirmed,,voltage_rolling_mean=230.520244;source_publish_interval=0.503946,,0.5892089102417231,9.712915867567062,10.32054191455245
2026-08-10T16:48:34.135465+00:00,measurement_drift_01,meter_01,322,none,none,none,none,none,none,0.9999963934843198,0.5269773698788957,0,,0,0,drift_not_confirmed,,voltage_rolling_mean=231.648940;source_publish_interval=0.503957,,1.0941249784082174,23.228749865666032,24.383208015933633
2026-08-10T16:48:34.160169+00:00,measurement_drift_01,meter_02,322,none,measurement_shift,none,none,none,normal_drift,0.9999351446991153,0.5425569912898109,0,,1,0,collecting_candidates;drift_not_confirmed,voltage_rolling_mean,voltage_rolling_mean=234.180764;source_publish_interval=0.503952,voltage_rolling_mean,0.9259169455617666,12.769791996106505,13.725874945521355
2026-08-10T16:48:34.174088+00:00,measurement_drift_01,meter_03,322,none,none,none,none,none,none,0.9997869890303871,0.44938883936318175,0,,0,0,drift_not_confirmed,,voltage_rolling_mean=230.520244;source_publish_interval=0.503946,,0.5812919698655605,9.753708029165864,10.358582949265838
2026-08-10T16:48:34.641291+00:00,measurement_drift_01,meter_01,323,none,none,none,none,none,none,0.999996690371296,0.4788799121091912,0,,0,0,drift_not_confirmed,,voltage_rolling_mean=231.648940;source_publish_interval=0.503957,,2.2691250778734684,19.228250021114945,21.545875119045377
2026-08-10T16:48:34.663180+00:00,measurement_drift_01,meter_02,323,none,measurement_shift,none,none,none,normal_drift,0.9999583954229143,0.5825332364810097,0,,1,0,collecting_candidates;drift_not_confirmed,voltage_rolling_mean,voltage_rolling_mean=234.180764;source_publish_interval=0.503952,voltage_rolling_mean,0.7434580475091934,11.73670799471438,12.505667051300406
2026-08-10T16:48:34.675808+00:00,measurement_drift_01,meter_03,323,none,none,none,none,none,none,0.9997798398138428,0.465234720855713,0,,0,0,drift_not_confirmed,,voltage_rolling_mean=230.520244;source_publish_interval=0.503946,,0.5634580738842487,9.462333982810378,10.04562503658235
2026-08-10T16:48:35.146751+00:00,measurement_drift_01,meter_01,324,none,none,none,none,none,none,0.9999989004567773,0.4697276032374338,0,,0,0,drift_not_confirmed,,voltage_rolling_mean=231.648940;source_publish_interval=0.503957,,1.9375411793589592,22.35333318822086,24.350457824766636
2026-08-10T16:48:35.171549+00:00,measurement_drift_01,meter_02,324,none,measurement_shift,none,none,none,normal_drift,0.9998805051031281,0.5330011713357946,0,,1,0,collecting_candidates;drift_not_confirmed,voltage_rolling_mean,voltage_rolling_mean=234.180764;source_publish_interval=0.503952,voltage_rolling_mean,0.9213329758495092,12.148374924436212,13.097916962578893
2026-08-10T16:48:35.184813+00:00,measurement_drift_01,meter_03,324,none,none,none,none,none,none,0.9993525044222813,0.4512510669768204,0,,0,0,drift_not_confirmed,,voltage_rolling_mean=230.520244;source_publish_interval=0.503946,,0.575333135202527,9.604790946468711,10.202875128015876
2026-08-10T16:48:35.651825+00:00,measurement_drift_01,meter_01,325,none,none,none,none,none,none,0.9999968077737287,0.43992549200262643,0,,0,0,drift_not_confirmed,,voltage_rolling_mean=231.648940;source_publish_interval=0.503957,,1.9487920217216015,21.699709119275212,23.690457921475172
2026-08-10T16:48:35.675901+00:00,measurement_drift_01,meter_02,325,none,measurement_shift,none,none,none,normal_drift,0.9999536969460086,0.5313007923557886,0,,1,0,collecting_candidates;drift_not_confirmed,voltage_rolling_mean,voltage_rolling_mean=234.180764;source_publish_interval=0.503952,voltage_rolling_mean,0.7720410358160734,12.232000008225441,13.03049991838634
2026-08-10T16:48:35.689074+00:00,measurement_drift_01,meter_03,325,none,none,none,none,none,none,0.9994144192875604,0.4555240632619121,0,,0,0,drift_not_confirmed,,voltage_rolling_mean=230.520244;source_publish_interval=0.503946,,0.5420409142971039,9.534457931295037,10.096583981066942
2026-08-10T16:48:36.155262+00:00,measurement_drift_01,meter_01,326,none,none,none,none,none,none,0.999996069666183,0.4514164585781034,0,,0,0,drift_not_confirmed,,voltage_rolling_mean=231.648940;source_publish_interval=0.503957,,2.4545839987695217,18.772165989503264,21.26687509007752
2026-08-10T16:48:36.176929+00:00,measurement_drift_01,meter_02,326,none,measurement_shift,none,none,none,normal_drift,0.9999821565829125,0.531803213074337,0,,1,0,collecting_candidates;drift_not_confirmed,voltage_rolling_mean,voltage_rolling_mean=234.180764;source_publish_interval=0.503952,voltage_rolling_mean,0.7572919130325317,11.299290927127004,12.079541105777025
2026-08-10T16:48:36.189123+00:00,measurement_drift_01,meter_03,326,none,none,none,none,none,none,0.9998572146855946,0.46790915569834163,0,,0,0,drift_not_confirmed,,voltage_rolling_mean=230.520244;source_publish_interval=0.503946,,0.5280408076941967,9.371957974508405,9.919124888256192
2026-08-10T16:48:36.657968+00:00,measurement_drift_01,meter_01,327,none,none,none,none,none,none,0.9999977318866748,0.46189145213548016,0,,0,0,drift_not_confirmed,,voltage_rolling_mean=231.648940;source_publish_interval=0.503957,,2.9783339705318213,22.60612486861646,25.62591596506536
2026-08-10T16:48:36.684014+00:00,measurement_drift_01,meter_02,327,none,measurement_shift,none,none,none,normal_drift,0.9984517041117827,0.5319684760136801,0,,1,0,collecting_candidates;drift_not_confirmed,voltage_rolling_mean,voltage_rolling_mean=234.180764;source_publish_interval=0.503952,voltage_rolling_mean,0.7689998019486666,12.060042005032301,12.85391696728766
2026-08-10T16:48:36.696995+00:00,measurement_drift_01,meter_03,327,none,none,none,none,none,none,0.9978286912990171,0.47728689322434,0,,0,0,drift_not_confirmed,,voltage_rolling_mean=230.520244;source_publish_interval=0.503946,,0.5919169634580612,9.57112479954958,10.183500126004219
2026-08-10T16:48:37.162360+00:00,measurement_drift_01,meter_01,328,none,none,none,none,none,none,0.9999972484983,0.4933944343422504,0,,0,0,drift_not_confirmed,,voltage_rolling_mean=231.648940;source_publish_interval=0.503957,,1.991791883483529,22.42225012741983,24.46695789694786
2026-08-10T16:48:37.187221+00:00,measurement_drift_01,meter_02,328,none,measurement_shift,none,none,none,normal_drift,0.9999067701602137,0.5349456320853919,0,,1,0,collecting_candidates;drift_not_confirmed,voltage_rolling_mean,voltage_rolling_mean=234.180764;source_publish_interval=0.503952,voltage_rolling_mean,0.9081668686121702,12.254541972652078,13.192875077947974
2026-08-10T16:48:37.200578+00:00,measurement_drift_01,meter_03,328,none,none,none,none,none,none,0.9972607547320661,0.45556198308580625,0,,0,0,drift_not_confirmed,,voltage_rolling_mean=230.520244;source_publish_interval=0.503946,,0.5944159347563982,9.571209084242582,10.186915984377265
2026-08-10T16:48:37.667511+00:00,measurement_drift_01,meter_01,329,none,none,none,none,none,none,0.9999964449437085,0.4632669130649265,0,,0,0,drift_not_confirmed,,voltage_rolling_mean=231.648940;source_publish_interval=0.503957,,2.1657501347362995,18.77937512472272,20.991874858736992
2026-08-10T16:48:37.688925+00:00,measurement_drift_01,meter_02,329,none,measurement_shift,none,none,none,normal_drift,0.9999397399542356,0.5469445954540642,0,,1,0,collecting_candidates;drift_not_confirmed,voltage_rolling_mean,voltage_rolling_mean=234.180764;source_publish_interval=0.503952,voltage_rolling_mean,0.7394158747047186,11.665791040286422,12.428292073309422
2026-08-10T16:48:37.701473+00:00,measurement_drift_01,meter_03,329,none,none,none,none,none,none,0.9971786322406085,0.493336894807884,0,,0,0,drift_not_confirmed,,voltage_rolling_mean=230.520244;source_publish_interval=0.503946,,0.5632920656353235,9.390874998643994,9.974292013794184
2026-08-10T16:48:38.171875+00:00,measurement_drift_01,meter_01,330,none,none,none,none,none,none,0.9999972678089315,0.4394639248227619,0,,0,0,drift_not_confirmed,,voltage_rolling_mean=231.648940;source_publish_interval=0.503957,,1.3409999664872885,20.66329214721918,22.046375088393688
2026-08-10T16:48:38.194205+00:00,measurement_drift_01,meter_02,330,none,measurement_shift,none,none,none,normal_drift,0.999883939497434,0.5345186622916218,0,,1,0,collecting_candidates;drift_not_confirmed,voltage_rolling_mean,voltage_rolling_mean=234.180764;source_publish_interval=0.503952,voltage_rolling_mean,0.8509161416441202,12.742333114147186,13.620250159874558
2026-08-10T16:48:38.207961+00:00,measurement_drift_01,meter_03,330,none,none,none,none,none,none,0.9995935861624545,0.5092657162594879,0,,0,0,drift_not_confirmed,,voltage_rolling_mean=230.520244;source_publish_interval=0.503946,,0.5967079196125269,9.814499877393246,10.430417023599148
2026-08-10T16:48:38.677319+00:00,measurement_drift_01,meter_01,331,none,none,none,none,none,none,0.9999988918552846,0.46037329688380674,0,,0,0,drift_not_confirmed,,voltage_rolling_mean=231.648940;source_publish_interval=0.503957,,2.0321249030530453,21.94083295762539,24.016582872718573
2026-08-10T16:48:38.701655+00:00,measurement_drift_01,meter_02,331,none,measurement_shift,none,none,none,normal_drift,0.9998652745253538,0.5460128567881889,0,,1,0,collecting_candidates;drift_not_confirmed,voltage_rolling_mean,voltage_rolling_mean=234.180764;source_publish_interval=0.503952,voltage_rolling_mean,0.8300838526338339,11.966542107984424,12.82137492671609
2026-08-10T16:48:38.714599+00:00,measurement_drift_01,meter_03,331,none,none,none,none,none,none,0.9920556061083686,0.45215063407785766,0,,0,0,drift_not_confirmed,,voltage_rolling_mean=230.520244;source_publish_interval=0.503946,,0.5459999665617943,9.54579096287489,10.11066697537899
2026-08-10T16:48:39.181474+00:00,measurement_drift_01,meter_01,332,none,none,none,none,none,none,0.9999952888446899,0.5801815492810367,0,,0,0,drift_not_confirmed,,voltage_rolling_mean=231.648940;source_publish_interval=0.503957,,3.4181249793618917,17.491082893684506,20.952416118234396
2026-08-10T16:48:39.202860+00:00,measurement_drift_01,meter_02,332,none,measurement_shift,none,none,none,normal_drift,0.9998553214113282,0.5888042935310789,0,,1,0,collecting_candidates;drift_not_confirmed,voltage_rolling_mean,voltage_rolling_mean=234.180764;source_publish_interval=0.503952,voltage_rolling_mean,0.7789160590618849,11.115167057141662,11.919375043362379
2026-08-10T16:48:39.214918+00:00,measurement_drift_01,meter_03,332,none,none,none,none,none,none,0.9994435164717331,0.47533359131795033,0,,0,0,drift_not_confirmed,,voltage_rolling_mean=230.520244;source_publish_interval=0.503946,,0.5494998767971992,9.27345803938806,9.842165978625417
2026-08-10T16:48:39.685556+00:00,measurement_drift_01,meter_01,333,none,none,none,none,none,none,0.9999983332980652,0.4641853597737129,0,,0,0,drift_not_confirmed,,voltage_rolling_mean=231.648940;source_publish_interval=0.503957,,2.750125015154481,16.59566699527204,19.391292007640004
2026-08-10T16:48:39.705370+00:00,measurement_drift_01,meter_02,333,none,measurement_shift,none,none,none,normal_drift,0.9997779475923633,0.5429920520269927,0,,1,0,collecting_candidates;drift_not_confirmed,voltage_rolling_mean,voltage_rolling_mean=234.180764;source_publish_interval=0.503952,voltage_rolling_mean,0.7402498740702868,11.169916950166225,11.933041037991643
2026-08-10T16:48:39.717414+00:00,measurement_drift_01,meter_03,333,none,none,none,none,none,none,0.993020356335571,0.468567615058018,0,,0,0,drift_not_confirmed,,voltage_rolling_mean=230.520244;source_publish_interval=0.503946,,0.5289169494062662,9.119999827817082,9.667792124673724
2026-08-10T16:48:40.189864+00:00,measurement_drift_01,meter_01,334,none,none,none,none,none,none,0.9999970027088511,0.4403266511574476,0,,0,0,drift_not_confirmed,,voltage_rolling_mean=231.648940;source_publish_interval=0.503957,,2.5842501781880856,22.284333128482103,24.9182500410825
2026-08-10T16:48:40.215220+00:00,measurement_drift_01,meter_02,334,none,measurement_shift,none,none,none,normal_drift,0.9995214114218965,0.5371906007706526,0,,1,0,collecting_candidates;drift_not_confirmed,voltage_rolling_mean,voltage_rolling_mean=234.180764;source_publish_interval=0.503952,voltage_rolling_mean,0.8800409268587828,12.227042112499475,13.133208034560084
2026-08-10T16:48:40.228492+00:00,measurement_drift_01,meter_03,334,none,none,none,none,none,none,0.9827914098549861,0.5129163314114691,0,,0,0,drift_not_confirmed,,voltage_rolling_mean=230.520244;source_publish_interval=0.503946,,0.5593330133706331,9.498166851699352,10.076916078105569
2026-08-10T16:48:40.695198+00:00,measurement_drift_01,meter_01,335,none,none,none,none,none,none,0.9999963645886614,0.44092793834968563,0,,0,0,drift_not_confirmed,,voltage_rolling_mean=231.648940;source_publish_interval=0.503957,,2.061291132122278,22.082540905103087,24.184458889067173
2026-08-10T16:48:40.719741+00:00,measurement_drift_01,meter_02,335,none,measurement_shift,none,none,none,normal_drift,0.9992565142823524,0.5310297590531488,0,,1,0,collecting_candidates;drift_not_confirmed,voltage_rolling_mean,voltage_rolling_mean=234.180764;source_publish_interval=0.503952,voltage_rolling_mean,0.8722920902073383,12.07004114985466,12.968875002115965
2026-08-10T16:48:40.732845+00:00,measurement_drift_01,meter_03,335,none,none,none,none,none,none,0.9951852716601286,0.4426136379542433,0,,0,0,drift_not_confirmed,,voltage_rolling_mean=230.520244;source_publish_interval=0.503946,,0.5291248671710491,9.56516689620912,10.11445908807218
2026-08-10T16:48:41.199207+00:00,measurement_drift_01,meter_01,336,none,none,none,none,none,none,0.9994878520282943,0.43579104518252865,0,,0,0,drift_not_confirmed,,voltage_rolling_mean=231.648940;source_publish_interval=0.503957,,2.5598329957574606,21.94550004787743,24.553250055760145
2026-08-10T16:48:41.224182+00:00,measurement_drift_01,meter_02,336,none,measurement_shift,none,none,none,normal_drift,0.9994405788582763,0.5459674417493039,0,,1,1,drift_not_confirmed;reference_updated,voltage_rolling_mean,voltage_rolling_mean=235.180764;source_publish_interval=0.503952,voltage_rolling_mean,0.7579170633107424,12.080417014658451,12.86533405072987
2026-08-10T16:48:41.237175+00:00,measurement_drift_01,meter_03,336,none,none,none,none,none,none,0.990184509242267,0.46563835516736934,0,,0,0,drift_not_confirmed,,voltage_rolling_mean=230.520244;source_publish_interval=0.503946,,0.5640420131385326,9.516665944829583,10.10004198178649
2026-08-10T16:48:41.704517+00:00,measurement_drift_01,meter_01,337,none,none,none,none,none,none,0.9999842258919512,0.43431609500885815,0,,0,0,drift_not_confirmed,,voltage_rolling_mean=231.648940;source_publish_interval=0.503957,,2.1015831734985113,22.15041685849428,24.29566695354879
2026-08-10T16:48:41.729155+00:00,measurement_drift_01,meter_02,337,none,measurement_shift,none,none,none,normal_drift,0.995938212503241,0.5450148102798437,0,,1,0,collecting_candidates;drift_not_confirmed,voltage_rolling_mean,voltage_rolling_mean=235.180764;source_publish_interval=0.503952,voltage_rolling_mean,0.8482499979436398,12.002625036984682,12.87429197691381
2026-08-10T16:48:41.742176+00:00,measurement_drift_01,meter_03,337,none,none,none,none,none,none,0.9881490796653283,0.4551057796024652,0,,0,0,drift_not_confirmed,,voltage_rolling_mean=230.520244;source_publish_interval=0.503946,,0.5300419870764017,9.524707915261388,10.07433282211423
2026-08-10T16:48:42.207278+00:00,measurement_drift_01,meter_01,338,none,none,none,none,none,none,0.9999846693476319,0.4695764964173774,0,,0,0,drift_not_confirmed,,voltage_rolling_mean=231.648940;source_publish_interval=0.503957,,2.048415830358863,22.172375116497278,24.257834069430828
2026-08-10T16:48:42.231869+00:00,measurement_drift_01,meter_02,338,none,measurement_shift,none,none,none,normal_drift,0.9938261265024081,0.5402849538041634,0,,1,0,collecting_candidates;drift_not_confirmed,voltage_rolling_mean,voltage_rolling_mean=235.180764;source_publish_interval=0.503952,voltage_rolling_mean,0.8499999530613422,11.857292149215937,12.732458068057895
2026-08-10T16:48:42.244719+00:00,measurement_drift_01,meter_03,338,none,none,none,none,none,none,0.9722017511767137,0.5425319352898117,0,,0,0,drift_not_confirmed,,voltage_rolling_mean=230.520244;source_publish_interval=0.503946,,0.5127908661961555,9.593958035111427,10.125374887138605
2026-08-10T16:48:42.712521+00:00,measurement_drift_01,meter_01,339,none,none,none,none,none,none,0.9999945593993413,0.5443294241080266,0,,0,0,drift_not_confirmed,,voltage_rolling_mean=231.648940;source_publish_interval=0.503957,,2.0573330111801624,22.38704194314778,24.48262507095933
2026-08-10T16:48:42.737317+00:00,measurement_drift_01,meter_02,339,none,measurement_shift,none,none,none,normal_drift,0.9939317989576628,0.5344633160209447,0,,1,0,collecting_candidates;drift_not_confirmed,voltage_rolling_mean,voltage_rolling_mean=235.180764;source_publish_interval=0.503952,voltage_rolling_mean,0.8273751009255648,11.920375050976872,12.770916800945997
2026-08-10T16:48:42.750216+00:00,measurement_drift_01,meter_03,339,none,none,none,none,none,none,0.99878436254748,0.5321201557500237,0,,0,0,drift_not_confirmed,,voltage_rolling_mean=230.520244;source_publish_interval=0.503946,,0.5197080317884684,9.527500020340085,10.066458024084568
2026-08-10T16:48:43.216981+00:00,measurement_drift_01,meter_01,340,none,none,none,none,none,none,0.9999891492112387,0.5160162161311738,0,,0,0,drift_not_confirmed,,voltage_rolling_mean=231.648940;source_publish_interval=0.503957,,2.352791139855981,22.213625023141503,24.606042075902224
2026-08-10T16:48:43.242022+00:00,measurement_drift_01,meter_02,340,none,measurement_shift,none,none,none,normal_drift,0.997066057486092,0.5613667788022175,0,,1,0,collecting_candidates;drift_not_confirmed,voltage_rolling_mean,voltage_rolling_mean=235.180764;source_publish_interval=0.503952,voltage_rolling_mean,0.8683339692652225,12.238416820764542,13.13483389094472
2026-08-10T16:48:43.255264+00:00,measurement_drift_01,meter_03,340,none,none,none,none,none,none,0.9918906601346279,0.4539811330372045,0,,0,0,drift_not_confirmed,,voltage_rolling_mean=230.520244;source_publish_interval=0.503946,,0.5086660385131836,9.877375094220042,10.406583081930876
2026-08-10T16:48:43.718512+00:00,measurement_drift_01,meter_01,341,none,none,none,none,none,none,0.9999932815422362,0.4423991954005482,0,,0,0,drift_not_confirmed,,voltage_rolling_mean=231.648940;source_publish_interval=0.503957,,2.27341684512794,18.44074996188283,20.75224998407066
2026-08-10T16:48:43.739639+00:00,measurement_drift_01,meter_02,341,none,measurement_shift,none,none,none,normal_drift,0.998431046697864,0.5319101125059318,0,,1,0,collecting_candidates;drift_not_confirmed,voltage_rolling_mean,voltage_rolling_mean=235.180764;source_publish_interval=0.503952,voltage_rolling_mean,0.7531249430030584,11.45545905455947,12.231166008859873
2026-08-10T16:48:43.751970+00:00,measurement_drift_01,meter_03,341,none,none,none,none,none,none,0.9999090798775111,0.5870479022485966,0,,0,0,drift_not_confirmed,,voltage_rolling_mean=230.520244;source_publish_interval=0.503946,,0.49783382564783096,9.407916106283665,9.923207806423306
2026-08-10T16:48:44.223485+00:00,measurement_drift_01,meter_01,342,none,none,none,none,none,none,0.9999883596412648,0.4615124085957876,0,,0,0,drift_not_confirmed,,voltage_rolling_mean=231.648940;source_publish_interval=0.503957,,2.4851250927895308,19.33941710740328,21.8660410027951
2026-08-10T16:48:44.245743+00:00,measurement_drift_01,meter_02,342,none,measurement_shift,none,none,none,normal_drift,0.9944169877772123,0.5368912378372223,0,,1,0,collecting_candidates;drift_not_confirmed,voltage_rolling_mean,voltage_rolling_mean=235.180764;source_publish_interval=0.503952,voltage_rolling_mean,0.7385839708149433,11.544416891410947,12.304709060117602
2026-08-10T16:48:44.258159+00:00,measurement_drift_01,meter_03,342,none,none,none,none,none,none,0.996711349581471,0.474787846533619,0,,0,0,drift_not_confirmed,,voltage_rolling_mean=230.520244;source_publish_interval=0.503946,,0.5215001292526722,9.49179194867611,10.030915960669518
2026-08-10T16:48:44.724545+00:00,measurement_drift_01,meter_01,343,none,none,none,none,none,none,0.9999942580136717,0.4597196296181831,0,,0,0,drift_not_confirmed,,voltage_rolling_mean=231.648940;source_publish_interval=0.503957,,2.0739578176289797,21.912124939262867,24.024375015869737
2026-08-10T16:48:44.748955+00:00,measurement_drift_01,meter_02,343,none,measurement_shift,none,none,none,none,0.967263188419885,0.5507770078238523,0,,0,0,drift_not_confirmed;sample_not_trusted,,voltage_rolling_mean=235.180764;source_publish_interval=0.503952,voltage_rolling_mean,0.8622498717159033,12.118874816223979,13.005708111450076
2026-08-10T16:48:44.762074+00:00,measurement_drift_01,meter_03,343,none,none,none,none,none,none,0.9788723003926887,0.4613298288205846,0,,0,0,drift_not_confirmed,,voltage_rolling_mean=230.520244;source_publish_interval=0.503946,,0.5427920259535313,9.443915914744139,10.005000047385693
2026-08-10T16:48:45.229545+00:00,measurement_drift_01,meter_01,344,none,none,none,none,none,none,0.9999945965002739,0.5723857627573238,0,,0,0,drift_not_confirmed,,voltage_rolling_mean=231.648940;source_publish_interval=0.503957,,2.2082501091063023,21.434125024825335,23.677292047068477
2026-08-10T16:48:45.253573+00:00,measurement_drift_01,meter_02,344,none,measurement_shift,none,none,none,none,0.9736779477283508,0.5465860176723515,0,,0,0,drift_not_confirmed;sample_not_trusted,,voltage_rolling_mean=235.180764;source_publish_interval=0.503952,voltage_rolling_mean,0.7115830667316914,11.798291932791471,12.5320830848068
2026-08-10T16:48:45.266197+00:00,measurement_drift_01,meter_03,344,none,none,none,none,none,none,0.9983122997255012,0.44197282204163957,0,,0,0,drift_not_confirmed,,voltage_rolling_mean=230.520244;source_publish_interval=0.503946,,0.5575839895755053,9.475208120420575,10.050333105027676
2026-08-10T16:48:45.734566+00:00,measurement_drift_01,meter_01,345,none,none,none,none,none,none,0.999984492585015,0.4665044752388141,0,,0,0,drift_not_confirmed,,voltage_rolling_mean=231.648940;source_publish_interval=0.503957,,3.011292079463601,17.903625033795834,20.948209101334214
2026-08-10T16:48:45.755844+00:00,measurement_drift_01,meter_02,345,none,measurement_shift,none,none,none,normal_drift,0.9841870888021645,0.5550393871684985,0,,1,0,collecting_candidates;drift_not_confirmed,voltage_rolling_mean,voltage_rolling_mean=235.180764;source_publish_interval=0.503952,voltage_rolling_mean,0.6945829372853041,11.33870892226696,12.05383287742734
2026-08-10T16:48:45.767991+00:00,measurement_drift_01,meter_03,345,none,none,none,none,none,none,0.9996318826448671,0.5826845940596056,0,,0,0,drift_not_confirmed,,voltage_rolling_mean=230.520244;source_publish_interval=0.503946,,0.49595790915191174,9.378541959449649,9.892333997413516
2026-08-10T16:48:46.239672+00:00,measurement_drift_01,meter_01,346,none,none,none,none,none,none,0.9998753041823969,0.5142364959927584,0,,0,0,drift_not_confirmed,,voltage_rolling_mean=231.648940;source_publish_interval=0.503957,,2.4515839759260416,19.527625059708953,22.014624904841185
2026-08-10T16:48:46.262085+00:00,measurement_drift_01,meter_02,346,none,measurement_shift,none,none,none,normal_drift,0.9887888948800948,0.5552202472947452,0,,1,0,collecting_candidates;drift_not_confirmed,voltage_rolling_mean,voltage_rolling_mean=235.180764;source_publish_interval=0.503952,voltage_rolling_mean,0.7643750868737698,11.574624804779887,12.362792156636715
2026-08-10T16:48:46.274571+00:00,measurement_drift_01,meter_03,346,none,none,none,none,none,none,0.9597309051213124,0.47341871439857275,0,,0,0,drift_not_confirmed,,voltage_rolling_mean=230.520244;source_publish_interval=0.503946,,0.5326671525835991,9.552708128467202,10.104249930009246
2026-08-10T16:48:46.744846+00:00,measurement_drift_01,meter_01,347,none,none,none,none,none,none,0.9999819797913498,0.443939481517939,0,,0,0,drift_not_confirmed,,voltage_rolling_mean=231.648940;source_publish_interval=0.503957,,2.127917017787695,21.190542029216886,23.35645887069404
2026-08-10T16:48:46.768520+00:00,measurement_drift_01,meter_02,347,none,measurement_shift,none,none,none,none,0.9777371073706481,0.5501639680412037,0,,0,0,drift_not_confirmed;sample_not_trusted,,voltage_rolling_mean=235.180764;source_publish_interval=0.503952,voltage_rolling_mean,0.7573331240564585,11.875709053128958,12.657624902203679
2026-08-10T16:48:46.781292+00:00,measurement_drift_01,meter_03,347,none,none,none,none,none,none,0.982328771857587,0.4328502890098829,0,,0,0,drift_not_confirmed,,voltage_rolling_mean=230.520244;source_publish_interval=0.503946,,0.5891670007258654,9.66495811007917,10.272916872054338
2026-08-10T16:48:47.248260+00:00,measurement_drift_01,meter_01,348,none,none,none,none,none,none,0.9999862311718273,0.4679007589014085,0,,0,0,drift_not_confirmed,,voltage_rolling_mean=231.648940;source_publish_interval=0.503957,,2.5100421626120806,18.24279222637415,20.793540868908167
2026-08-10T16:48:47.269420+00:00,measurement_drift_01,meter_02,348,none,measurement_shift,none,none,none,none,0.9729141215493496,0.5676717699822516,0,,0,0,drift_not_confirmed;sample_not_trusted,,voltage_rolling_mean=235.180764;source_publish_interval=0.503952,voltage_rolling_mean,0.7449579425156116,11.185874929651618,11.952790897339582
2026-08-10T16:48:47.281469+00:00,measurement_drift_01,meter_03,348,none,none,none,none,none,none,0.998955193637274,0.4676281794681413,0,,0,0,drift_not_confirmed,,voltage_rolling_mean=230.520244;source_publish_interval=0.503946,,0.5181669257581234,9.524625027552247,10.060790926218033
2026-08-10T16:48:47.752059+00:00,measurement_drift_01,meter_01,349,none,none,none,none,none,none,0.9999736173826478,0.45901394727810446,0,,0,0,drift_not_confirmed,,voltage_rolling_mean=231.648940;source_publish_interval=0.503957,,1.947042066603899,21.853666054084897,23.841415997594595
2026-08-10T16:48:47.776227+00:00,measurement_drift_01,meter_02,349,none,measurement_shift,none,none,none,normal_drift,0.9812440403004965,0.53553203812747,0,,1,0,collecting_candidates;drift_not_confirmed,voltage_rolling_mean,voltage_rolling_mean=235.180764;source_publish_interval=0.503952,voltage_rolling_mean,0.8724168874323368,11.935458052903414,12.831874890252948
2026-08-10T16:48:47.789187+00:00,measurement_drift_01,meter_03,349,none,none,none,none,none,none,0.9643348824445828,0.46741441791567434,0,,0,0,drift_not_confirmed,,voltage_rolling_mean=230.520244;source_publish_interval=0.503946,,0.5458749365061522,9.55404108390212,10.117333149537444
2026-08-10T16:48:48.256861+00:00,measurement_drift_01,meter_01,350,none,none,none,none,none,none,0.9999796557981411,0.44600038784842455,0,,0,0,drift_not_confirmed,,voltage_rolling_mean=231.648940;source_publish_interval=0.503957,,2.6568749453872442,21.732957800850272,24.43204098381102
2026-08-10T16:48:48.281692+00:00,measurement_drift_01,meter_02,350,none,measurement_shift,none,none,none,normal_drift,0.9902750372427619,0.5514673354813212,0,,1,0,collecting_candidates;drift_not_confirmed,voltage_rolling_mean,voltage_rolling_mean=235.180764;source_publish_interval=0.503952,voltage_rolling_mean,0.8050000760704279,11.95637509226799,12.7874999307096
2026-08-10T16:48:48.294604+00:00,measurement_drift_01,meter_03,350,none,none,none,none,none,none,0.9920951892785016,0.4358059231711925,0,,0,0,drift_not_confirmed,,voltage_rolling_mean=230.520244;source_publish_interval=0.503946,,0.5831250455230474,9.6134168561548,10.215166956186295
2026-08-10T16:48:48.761758+00:00,measurement_drift_01,meter_01,351,none,none,none,none,none,none,0.9999822256480028,0.4420909922674279,0,,0,0,drift_not_confirmed,,voltage_rolling_mean=231.648940;source_publish_interval=0.503957,,2.0051668398082256,21.944083971902728,23.985458072274923
2026-08-10T16:48:48.786058+00:00,measurement_drift_01,meter_02,351,none,measurement_shift,none,none,none,none,0.9710854415736089,0.5506086365163805,0,,0,0,drift_not_confirmed;sample_not_trusted,,voltage_rolling_mean=235.180764;source_publish_interval=0.503952,voltage_rolling_mean,0.8565420284867287,12.019000016152859,12.899916153401136
2026-08-10T16:48:48.799071+00:00,measurement_drift_01,meter_03,351,none,none,none,none,none,none,0.9982478651122448,0.5216281569138468,0,,0,0,drift_not_confirmed,,voltage_rolling_mean=230.520244;source_publish_interval=0.503946,,0.5449170712381601,9.477040963247418,10.039916960522532
2026-08-10T16:48:49.262745+00:00,measurement_drift_01,meter_01,352,none,none,none,none,none,none,0.9999683036499426,0.44291789273497745,0,,0,0,drift_not_confirmed,,voltage_rolling_mean=231.648940;source_publish_interval=0.503957,,2.5602090172469616,19.071041140705347,21.664500003680587
2026-08-10T16:48:49.284750+00:00,measurement_drift_01,meter_02,352,none,measurement_shift,none,none,none,normal_drift,0.9885896391183655,0.5523347733687128,0,,1,0,collecting_candidates;drift_not_confirmed,voltage_rolling_mean,voltage_rolling_mean=235.180764;source_publish_interval=0.503952,voltage_rolling_mean,0.7123330142349005,11.533459182828665,12.267084093764424
2026-08-10T16:48:49.297125+00:00,measurement_drift_01,meter_03,352,none,none,none,none,none,none,0.993467498791166,0.4563880397089548,0,,0,0,drift_not_confirmed,,voltage_rolling_mean=230.520244;source_publish_interval=0.503946,,0.5319169722497463,9.33695794083178,9.886624990031123
2026-08-10T16:48:49.765119+00:00,measurement_drift_01,meter_01,353,none,none,none,none,none,none,0.9999526942459831,0.4468069395103386,0,,0,0,drift_not_confirmed,,voltage_rolling_mean=231.648940;source_publish_interval=0.503957,,2.289750147610903,22.417375119403005,24.74995795637369
2026-08-10T16:48:49.790255+00:00,measurement_drift_01,meter_02,353,none,measurement_shift,none,unknown,unknown,unknown,0.9518735011749245,0.620844150769755,0,,0,0,drift_not_confirmed;sample_not_trusted,,voltage_rolling_mean=235.180764;source_publish_interval=0.503952,voltage_rolling_mean,0.8399169892072678,12.019667075946927,12.884166790172458
2026-08-10T16:48:49.803251+00:00,measurement_drift_01,meter_03,353,none,none,none,none,none,none,0.9536420130526695,0.4902689226597833,0,,0,0,drift_not_confirmed,,voltage_rolling_mean=230.520244;source_publish_interval=0.503946,,0.5776660982519388,9.589082794263959,10.185459163039923
2026-08-10T16:48:50.269340+00:00,measurement_drift_01,meter_01,354,none,none,none,none,none,none,0.9999414557138789,0.4398655189021958,0,,0,0,drift_not_confirmed,,voltage_rolling_mean=231.648940;source_publish_interval=0.503957,,2.0289169624447823,20.53245808929205,22.59829198010266
2026-08-10T16:48:50.292319+00:00,measurement_drift_01,meter_02,354,none,measurement_shift,none,none,none,none,0.9697654822945461,0.5388577945450082,0,,0,0,drift_not_confirmed;sample_not_trusted,,voltage_rolling_mean=235.180764;source_publish_interval=0.503952,voltage_rolling_mean,0.8529999759048223,12.102833017706871,12.977875070646405
2026-08-10T16:48:50.305407+00:00,measurement_drift_01,meter_03,354,none,none,none,none,none,none,0.9943782191775837,0.45743880839321416,0,,0,0,drift_not_confirmed,,voltage_rolling_mean=230.520244;source_publish_interval=0.503946,,0.5242920015007257,9.55429207533598,10.097083169966936
2026-08-10T16:48:50.772535+00:00,measurement_drift_01,meter_01,355,none,none,none,none,none,none,0.9997140068116183,0.44797395143387975,0,,0,0,drift_not_confirmed,,voltage_rolling_mean=231.648940;source_publish_interval=0.503957,,2.36725015565753,19.22362484037876,21.62012504413724
2026-08-10T16:48:50.794457+00:00,measurement_drift_01,meter_02,355,none,measurement_shift,none,none,none,none,0.963845584738351,0.5531876678515878,0,,0,0,drift_not_confirmed;sample_not_trusted,,voltage_rolling_mean=235.180764;source_publish_interval=0.503952,voltage_rolling_mean,0.6810829509049654,11.959000024944544,12.665709014981985
2026-08-10T16:48:50.807234+00:00,measurement_drift_01,meter_03,355,none,none,none,none,none,none,0.9852871793930934,0.47118011497915946,0,,0,0,drift_not_confirmed,,voltage_rolling_mean=230.520244;source_publish_interval=0.503946,,0.5251248367130756,9.556040866300464,10.09891601279378
2026-08-10T16:48:51.277482+00:00,measurement_drift_01,meter_01,356,none,none,none,none,none,none,0.9998204360017343,0.47076753855300346,0,,0,0,drift_not_confirmed,,voltage_rolling_mean=231.648940;source_publish_interval=0.503957,,2.5915000587701797,18.381415866315365,21.005333866924047
2026-08-10T16:48:51.298847+00:00,measurement_drift_01,meter_02,356,none,measurement_shift,none,none,none,none,0.946064792025012,0.5444185263082426,0,,0,0,drift_not_confirmed;sample_not_trusted,,voltage_rolling_mean=235.180764;source_publish_interval=0.503952,voltage_rolling_mean,0.7182080298662186,11.331666028127074,12.070333119481802
2026-08-10T16:48:51.310999+00:00,measurement_drift_01,meter_03,356,none,none,none,none,none,none,0.9601082371819722,0.44650911623571027,0,,0,0,drift_not_confirmed,,voltage_rolling_mean=230.520244;source_publish_interval=0.503946,,0.516457948833704,9.380457922816277,9.915042202919722
2026-08-10T16:48:51.782308+00:00,measurement_drift_01,meter_01,357,none,none,none,none,none,none,0.9999190557116767,0.45256885659518614,0,,0,0,drift_not_confirmed,,voltage_rolling_mean=231.648940;source_publish_interval=0.503957,,1.8710000440478325,21.38879196718335,23.30316719599068
2026-08-10T16:48:51.805937+00:00,measurement_drift_01,meter_02,357,none,measurement_shift,none,none,none,none,0.9445093772098447,0.567089724577461,0,,0,0,drift_not_confirmed;sample_not_trusted,,voltage_rolling_mean=235.180764;source_publish_interval=0.503952,voltage_rolling_mean,0.8399998769164085,12.56941701285541,13.441500021144748
2026-08-10T16:48:51.819497+00:00,measurement_drift_01,meter_03,357,none,none,none,none,none,none,0.9984147881570782,0.4726488007523735,0,,0,0,drift_not_confirmed,,voltage_rolling_mean=230.520244;source_publish_interval=0.503946,,0.5899590905755758,9.75587498396635,10.364334098994732
2026-08-10T16:48:52.287603+00:00,measurement_drift_01,meter_01,358,none,none,none,none,none,none,0.999710338182432,0.4568888090436955,0,,0,0,drift_not_confirmed,,voltage_rolling_mean=231.648940;source_publish_interval=0.503957,,2.661624923348427,18.615165958181024,21.3168750051409
2026-08-10T16:48:52.309279+00:00,measurement_drift_01,meter_02,358,none,measurement_shift,none,unknown,unknown,unknown,0.9077237821964008,0.5495056139106,0,,0,0,drift_not_confirmed;sample_not_trusted,,voltage_rolling_mean=235.180764;source_publish_interval=0.503952,voltage_rolling_mean,0.7067080587148666,11.547542177140713,12.27691606618464
2026-08-10T16:48:52.321660+00:00,measurement_drift_01,meter_03,358,none,none,none,none,none,none,0.9858851413986519,0.44658054172210704,0,,0,0,drift_not_confirmed,,voltage_rolling_mean=230.520244;source_publish_interval=0.503946,,0.5305411759763956,9.353583212941885,9.902166901156306
2026-08-10T16:48:52.792889+00:00,measurement_drift_01,meter_01,359,none,none,none,none,none,none,0.9998532843497441,0.4427637327340722,0,,0,0,drift_not_confirmed,,voltage_rolling_mean=231.648940;source_publish_interval=0.503957,,2.3355421144515276,18.999540945515037,21.3725829962641
2026-08-10T16:48:52.814651+00:00,measurement_drift_01,meter_02,359,none,measurement_shift,none,unknown,unknown,unknown,0.8361327846395333,0.5521603768163509,0,,0,0,drift_not_confirmed;sample_not_trusted,,voltage_rolling_mean=235.180764;source_publish_interval=0.503952,voltage_rolling_mean,0.7133749313652515,11.477124877274036,12.21162499859929
2026-08-10T16:48:52.826985+00:00,measurement_drift_01,meter_03,359,none,none,none,none,none,none,0.9842684146580456,0.44250900481232813,0,,0,0,drift_not_confirmed,,voltage_rolling_mean=230.520244;source_publish_interval=0.503946,,0.5322920624166727,9.387792088091373,9.938833070918918
2026-08-10T16:48:53.297758+00:00,measurement_drift_01,meter_01,360,none,none,none,none,none,none,0.9993940092930963,0.4607960893851587,0,,0,0,drift_not_confirmed,,voltage_rolling_mean=231.648940;source_publish_interval=0.503957,,2.552957972511649,19.47766705416143,22.070375038310885
2026-08-10T16:48:53.320285+00:00,measurement_drift_01,meter_02,360,none,measurement_shift,none,unknown,unknown,unknown,0.9205743648891296,0.5544208959440896,0,,0,0,drift_not_confirmed;sample_not_trusted,,voltage_rolling_mean=235.180764;source_publish_interval=0.503952,voltage_rolling_mean,0.7843330968171358,11.646582977846265,12.454417068511248
2026-08-10T16:48:53.332879+00:00,measurement_drift_01,meter_03,360,none,none,none,none,none,none,0.9946605605702917,0.44601998055160785,0,,0,0,drift_not_confirmed,,voltage_rolling_mean=230.520244;source_publish_interval=0.503946,,0.5488330498337746,9.489665972068906,10.057250037789345
2026-08-10T16:48:53.803030+00:00,measurement_drift_01,meter_01,361,none,none,none,none,none,none,0.9991414956202378,0.4966751783814078,0,,0,0,drift_not_confirmed,,voltage_rolling_mean=231.648940;source_publish_interval=0.503957,,2.4972078390419483,20.733334124088287,23.267208132892847
2026-08-10T16:48:53.826662+00:00,measurement_drift_01,meter_02,361,none,measurement_shift,none,unknown,unknown,unknown,0.9236130848560036,0.5844236317026387,0,,0,0,drift_not_confirmed;sample_not_trusted,,voltage_rolling_mean=235.180764;source_publish_interval=0.503952,voltage_rolling_mean,0.7537500932812691,11.927499901503325,12.704666936770082
2026-08-10T16:48:53.839504+00:00,measurement_drift_01,meter_03,361,none,none,none,unknown,unknown,unknown,0.9312932311194158,0.4682060397544588,0,,0,0,drift_not_confirmed,,voltage_rolling_mean=230.520244;source_publish_interval=0.503946,,0.5657079163938761,9.401290910318494,9.984958916902542
2026-08-10T16:48:54.308000+00:00,measurement_drift_01,meter_01,362,none,none,none,none,none,none,0.999771381074311,0.46638251300490163,0,,0,0,drift_not_confirmed,,voltage_rolling_mean=231.648940;source_publish_interval=0.503957,,2.1643750369548798,19.13783303461969,21.34254202246666
2026-08-10T16:48:54.329752+00:00,measurement_drift_01,meter_02,362,none,measurement_shift,none,unknown,unknown,unknown,0.9005332052222389,0.5493745168844207,0,,0,0,drift_not_confirmed;sample_not_trusted,,voltage_rolling_mean=235.180764;source_publish_interval=0.503952,voltage_rolling_mean,0.7696249522268772,11.751624988391995,12.544166995212436
2026-08-10T16:48:54.342426+00:00,measurement_drift_01,meter_03,362,none,none,none,none,none,none,0.972933009122546,0.49894071035180015,0,,0,0,drift_not_confirmed,,voltage_rolling_mean=230.520244;source_publish_interval=0.503946,,0.5394171457737684,9.64724994264543,10.206749895587564
2026-08-10T16:48:54.813226+00:00,measurement_drift_01,meter_01,363,none,none,none,none,none,none,0.9997783812524342,0.4738006122908115,0,,0,0,drift_not_confirmed,,voltage_rolling_mean=231.648940;source_publish_interval=0.503957,,2.7488749474287033,19.44645820185542,22.228999994695187
2026-08-10T16:48:54.835846+00:00,measurement_drift_01,meter_02,363,none,measurement_shift,none,unknown,unknown,unknown,0.9359149185118958,0.567461332609185,0,,0,0,drift_not_confirmed;sample_not_trusted,,voltage_rolling_mean=235.180764;source_publish_interval=0.503952,voltage_rolling_mean,0.7364160846918821,11.560416081920266,12.318666093051434
2026-08-10T16:48:54.848292+00:00,measurement_drift_01,meter_03,363,none,none,none,none,none,none,0.9672672589838254,0.4481233184404341,0,,0,0,drift_not_confirmed,,voltage_rolling_mean=230.520244;source_publish_interval=0.503946,,0.5255420692265034,9.412500075995922,9.956374997273088
2026-08-10T16:48:55.317995+00:00,measurement_drift_01,meter_01,364,none,none,none,none,none,none,0.9998236092760583,0.5180381034523583,0,,0,0,drift_not_confirmed,,voltage_rolling_mean=231.648940;source_publish_interval=0.503957,,2.3229578509926796,19.444709178060293,21.80795813910663
2026-08-10T16:48:55.340212+00:00,measurement_drift_01,meter_02,364,none,measurement_shift,none,unknown,unknown,unknown,0.9329405039345006,0.6334411576389747,0,,0,0,drift_not_confirmed;sample_not_trusted,,voltage_rolling_mean=235.180764;source_publish_interval=0.503952,voltage_rolling_mean,0.7487910334020853,11.62270805798471,12.395333033055067
2026-08-10T16:48:55.352730+00:00,measurement_drift_01,meter_03,364,none,none,none,none,none,none,0.9938291862671469,0.4552018069362443,0,,0,0,drift_not_confirmed,,voltage_rolling_mean=230.520244;source_publish_interval=0.503946,,0.5554170347750187,9.478707797825336,10.051999939605594
2026-08-10T16:48:55.823064+00:00,measurement_drift_01,meter_01,365,none,none,none,none,none,none,0.998719979492505,0.4475485651432819,0,,0,0,drift_not_confirmed,,voltage_rolling_mean=231.648940;source_publish_interval=0.503957,,2.1489590872079134,22.383000003173947,24.581959005445242
2026-08-10T16:48:55.848063+00:00,measurement_drift_01,meter_02,365,none,measurement_shift,none,unknown,unknown,unknown,0.8231163192264985,0.5519065482952591,0,,0,0,drift_not_confirmed;sample_not_trusted,,voltage_rolling_mean=235.180764;source_publish_interval=0.503952,voltage_rolling_mean,0.9190831333398819,12.436333112418652,13.378832954913378
2026-08-10T16:48:55.861577+00:00,measurement_drift_01,meter_03,365,none,none,none,none,none,none,0.9927455100418934,0.46307654642915175,0,,0,0,drift_not_confirmed,,voltage_rolling_mean=230.520244;source_publish_interval=0.503946,,0.5493750795722008,9.547957917675376,10.116750141605735
2026-08-10T16:48:56.328349+00:00,measurement_drift_01,meter_01,366,none,none,none,none,none,none,0.9978772940163456,0.4743615474781352,0,,0,0,drift_not_confirmed,,voltage_rolling_mean=231.648940;source_publish_interval=0.503957,,1.9304580055177212,18.955166917294264,20.931749837473035
2026-08-10T16:48:56.349703+00:00,measurement_drift_01,meter_02,366,none,measurement_shift,none,none,none,none,0.9409224045221776,0.6058044565886135,0,,0,0,drift_not_confirmed;sample_not_trusted,,voltage_rolling_mean=235.180764;source_publish_interval=0.503952,voltage_rolling_mean,0.7630831096321344,11.653291992843151,12.438584119081497
2026-08-10T16:48:56.362256+00:00,measurement_drift_01,meter_03,366,none,none,none,none,none,none,0.998317734020176,0.4397470402756094,0,,0,0,drift_not_confirmed,,voltage_rolling_mean=230.520244;source_publish_interval=0.503946,,0.5383749958127737,9.623500052839518,10.181250050663948
2026-08-10T16:48:56.833193+00:00,measurement_drift_01,meter_01,367,none,none,none,none,none,none,0.9988886826987653,0.45628238658247433,0,,0,0,drift_not_confirmed,,voltage_rolling_mean=231.648940;source_publish_interval=0.503957,,2.5786668993532658,18.968583084642887,21.579582942649722
2026-08-10T16:48:56.855135+00:00,measurement_drift_01,meter_02,367,none,measurement_shift,none,unknown,unknown,unknown,0.7926010941547662,0.5608456709738054,0,,0,0,drift_not_confirmed;sample_not_trusted,,voltage_rolling_mean=235.180764;source_publish_interval=0.503952,voltage_rolling_mean,0.7453749421983957,11.759208980947733,12.526209000498056
2026-08-10T16:48:56.867766+00:00,measurement_drift_01,meter_03,367,none,none,none,none,none,none,0.9993087001727793,0.530489385092668,0,,0,0,drift_not_confirmed,,voltage_rolling_mean=230.520244;source_publish_interval=0.503946,,0.530624995008111,9.522666921839118,10.072333039715886
2026-08-10T16:48:57.338417+00:00,measurement_drift_01,meter_01,368,none,none,none,none,none,none,0.9976301938536876,0.486994639969075,0,,0,0,drift_not_confirmed,,voltage_rolling_mean=231.648940;source_publish_interval=0.503957,,2.4913749657571316,19.157250178977847,21.68270805850625
2026-08-10T16:48:57.360487+00:00,measurement_drift_01,meter_02,368,none,measurement_shift,none,unknown,unknown,unknown,0.5819693974322616,0.5563027262931896,0,,0,0,drift_not_confirmed;sample_not_trusted,,voltage_rolling_mean=235.180764;source_publish_interval=0.503952,voltage_rolling_mean,0.7309999782592058,11.5152089856565,12.2681250795722
2026-08-10T16:48:57.372874+00:00,measurement_drift_01,meter_03,368,none,none,none,none,none,none,0.9724759614226065,0.45549132716482243,0,,0,0,drift_not_confirmed,,voltage_rolling_mean=230.520244;source_publish_interval=0.503946,,0.5349579732865095,9.439334040507674,9.992916136980057
2026-08-10T16:48:57.840441+00:00,measurement_drift_01,meter_01,369,none,none,none,none,none,none,0.9986188372314532,0.44913671160687435,0,,0,0,drift_not_confirmed,,voltage_rolling_mean=231.648940;source_publish_interval=0.503957,,2.987958025187254,16.10874990001321,19.132249988615513
2026-08-10T16:48:57.859956+00:00,measurement_drift_01,meter_02,369,none,measurement_shift,none,unknown,unknown,unknown,0.9177505676795482,0.5849440900436439,0,,0,0,drift_not_confirmed;sample_not_trusted,,voltage_rolling_mean=235.180764;source_publish_interval=0.503952,voltage_rolling_mean,0.7487919647246599,10.809542145580053,11.579209007322788
2026-08-10T16:48:57.871647+00:00,measurement_drift_01,meter_03,369,none,none,none,unknown,unknown,unknown,0.9998979755292589,0.6150508564924853,0,,0,0,drift_not_confirmed,,voltage_rolling_mean=230.520244;source_publish_interval=0.503946,,0.5300419870764017,9.383707772940397,9.932500077411532
2026-08-10T16:48:58.345771+00:00,measurement_drift_01,meter_01,370,none,none,none,none,none,none,0.9986865559387713,0.4447824718110011,0,,0,0,drift_not_confirmed,,voltage_rolling_mean=231.648940;source_publish_interval=0.503957,,2.4073331151157618,20.412833895534277,22.856875089928508
2026-08-10T16:48:58.369036+00:00,measurement_drift_01,meter_02,370,none,measurement_shift,none,unknown,unknown,unknown,0.573404495814341,0.5843992006804323,0,,0,0,drift_not_confirmed;sample_not_trusted,,voltage_rolling_mean=235.180764;source_publish_interval=0.503952,voltage_rolling_mean,0.7262080907821655,11.523166205734015,12.271624989807606
2026-08-10T16:48:58.381429+00:00,measurement_drift_01,meter_03,370,none,none,none,none,none,none,0.9928078859805112,0.43680000650705564,0,,0,0,drift_not_confirmed,,voltage_rolling_mean=230.520244;source_publish_interval=0.503946,,0.5441659595817327,9.444041876122355,10.007958160713315
2026-08-10T16:48:58.850473+00:00,measurement_drift_01,meter_01,371,none,none,none,unknown,unknown,unknown,0.9997248853797591,0.6446862187541078,0,,0,0,drift_not_confirmed,,voltage_rolling_mean=231.648940;source_publish_interval=0.503957,,1.9444578792899847,22.055832901969552,24.03883310034871
2026-08-10T16:48:58.874852+00:00,measurement_drift_01,meter_02,371,none,measurement_shift,none,unknown,unknown,unknown,0.8276114500026932,0.5996936294727099,0,,0,0,drift_not_confirmed;sample_not_trusted,,voltage_rolling_mean=235.180764;source_publish_interval=0.503952,voltage_rolling_mean,0.8539999835193157,12.09441595710814,12.972875032573938
2026-08-10T16:48:58.887950+00:00,measurement_drift_01,meter_03,371,none,none,none,none,none,none,0.9926886638499992,0.44112239106773726,0,,0,0,drift_not_confirmed,,voltage_rolling_mean=230.520244;source_publish_interval=0.503946,,0.5746250972151756,9.584417100995779,10.1779589895159
2026-08-10T16:48:59.352834+00:00,measurement_drift_01,meter_01,372,none,none,none,none,none,none,0.9977101114825175,0.4456412368922952,0,,0,0,drift_not_confirmed,,voltage_rolling_mean=231.648940;source_publish_interval=0.503957,,2.422416117042303,19.984166836366057,22.441375069320202
2026-08-10T16:48:59.375658+00:00,measurement_drift_01,meter_02,372,none,measurement_shift,none,unknown,unknown,unknown,0.9355395644440866,0.5829457717905284,0,,0,0,drift_not_confirmed;sample_not_trusted,,voltage_rolling_mean=235.180764;source_publish_interval=0.503952,voltage_rolling_mean,0.7395839784294367,11.685332981869578,12.446457985788584
2026-08-10T16:48:59.388219+00:00,measurement_drift_01,meter_03,372,none,none,none,none,none,none,0.9996978301301692,0.46774877883312416,0,,0,0,drift_not_confirmed,,voltage_rolling_mean=230.520244;source_publish_interval=0.503946,,0.5488751921802759,9.400832932442427,9.968790924176574
2026-08-10T16:48:59.857050+00:00,measurement_drift_01,meter_01,373,none,none,none,none,none,none,0.9973716007708753,0.4374450592525453,0,,0,0,drift_not_confirmed,,voltage_rolling_mean=231.648940;source_publish_interval=0.503957,,3.093708073720336,17.599374987185,20.737332990393043
2026-08-10T16:48:59.878183+00:00,measurement_drift_01,meter_02,373,none,measurement_shift,none,unknown,unknown,unknown,0.9296549093021259,0.5753362725236395,0,,0,0,drift_not_confirmed;sample_not_trusted,,voltage_rolling_mean=235.180764;source_publish_interval=0.503952,voltage_rolling_mean,0.7623340934514999,11.10312482342124,11.88566698692739
2026-08-10T16:48:59.890171+00:00,measurement_drift_01,meter_03,373,none,none,none,none,none,none,0.9995485339263985,0.4468691262493771,0,,0,0,drift_not_confirmed,,voltage_rolling_mean=230.520244;source_publish_interval=0.503946,,0.545332906767726,9.249750059098005,9.812582982704043
2026-08-10T16:49:00.362296+00:00,measurement_drift_01,meter_01,374,none,none,none,none,none,none,0.9982060986809275,0.45050040409461606,0,,0,0,drift_not_confirmed,,voltage_rolling_mean=231.648940;source_publish_interval=0.503957,,1.9513750448822975,22.06162502989173,24.049915838986635
2026-08-10T16:49:00.386671+00:00,measurement_drift_01,meter_02,374,none,measurement_shift,none,unknown,unknown,unknown,0.7021183920045589,0.5929776405415768,0,,0,0,drift_not_confirmed;sample_not_trusted,,voltage_rolling_mean=235.180764;source_publish_interval=0.503952,voltage_rolling_mean,0.8512090425938368,11.938124895095825,12.813499895855784
2026-08-10T16:49:00.399604+00:00,measurement_drift_01,meter_03,374,none,none,none,none,none,none,0.9891037926541558,0.4329359266275658,0,,0,0,drift_not_confirmed,,voltage_rolling_mean=230.520244;source_publish_interval=0.503946,,0.5595830734819174,9.518374921754003,10.096958838403225
2026-08-10T16:49:00.865473+00:00,measurement_drift_01,meter_01,375,none,none,none,none,none,none,0.9969305352601052,0.45297569432543583,0,,0,0,drift_not_confirmed,,voltage_rolling_mean=231.648940;source_publish_interval=0.503957,,1.9131251610815525,21.82462508790195,23.777166847139597
2026-08-10T16:49:00.889571+00:00,measurement_drift_01,meter_02,375,none,measurement_shift,none,unknown,unknown,unknown,0.8636112807621611,0.5940881660623188,0,,0,0,drift_not_confirmed;sample_not_trusted,,voltage_rolling_mean=235.180764;source_publish_interval=0.503952,voltage_rolling_mean,0.8649579249322414,12.112541124224663,13.001250103116035
2026-08-10T16:49:00.902695+00:00,measurement_drift_01,meter_03,375,none,none,none,none,none,none,0.9982307576650361,0.4954282825299891,0,,0,0,drift_not_confirmed,,voltage_rolling_mean=230.520244;source_publish_interval=0.503946,,0.559540931135416,9.48683312162757,10.064749978482723
2026-08-10T16:49:01.370594+00:00,measurement_drift_01,meter_01,376,none,none,none,none,none,none,0.9938261413193837,0.461081206829614,0,,0,0,drift_not_confirmed,,voltage_rolling_mean=231.648940;source_publish_interval=0.503957,,2.346375025808811,22.37704209983349,24.76066700182855
2026-08-10T16:49:01.395789+00:00,measurement_drift_01,meter_02,376,none,measurement_shift,none,unknown,unknown,unknown,0.7666224438000521,0.5622693661139186,0,,0,0,drift_not_confirmed;sample_not_trusted,,voltage_rolling_mean=235.180764;source_publish_interval=0.503952,voltage_rolling_mean,0.8342501241713762,12.061083223670721,12.918459018692374
2026-08-10T16:49:01.408820+00:00,measurement_drift_01,meter_03,376,none,none,none,none,none,none,0.9951572757558932,0.46610367282876514,0,,0,0,drift_not_confirmed,,voltage_rolling_mean=230.520244;source_publish_interval=0.503946,,0.6012499798089266,9.577833116054535,10.201874887570739
2026-08-10T16:49:01.875164+00:00,measurement_drift_01,meter_01,377,none,none,none,none,none,none,0.9936590346284292,0.5533607089892516,0,,0,0,drift_not_confirmed,,voltage_rolling_mean=231.648940;source_publish_interval=0.503957,,1.9412918481975794,21.698374999687076,23.684166837483644
2026-08-10T16:49:01.899231+00:00,measurement_drift_01,meter_02,377,none,measurement_shift,none,unknown,unknown,unknown,0.9290436030349829,0.5681792307996918,0,,0,0,drift_not_confirmed;sample_not_trusted,,voltage_rolling_mean=235.180764;source_publish_interval=0.503952,voltage_rolling_mean,0.8781659416854382,12.620458146557212,13.52566690184176
2026-08-10T16:49:01.912892+00:00,measurement_drift_01,meter_03,377,none,none,none,none,none,none,0.9998529191610557,0.5242029629075777,0,,0,0,drift_not_confirmed,,voltage_rolling_mean=230.520244;source_publish_interval=0.503946,,0.5868750158697367,9.763125097379088,10.374957928434014
2026-08-10T16:49:02.380147+00:00,measurement_drift_01,meter_01,378,none,none,none,none,none,none,0.9924368023311443,0.4414902898969746,0,,0,0,drift_not_confirmed,,voltage_rolling_mean=231.648940;source_publish_interval=0.503957,,2.2484171204268932,18.600250128656626,20.883958088234067
2026-08-10T16:49:02.401442+00:00,measurement_drift_01,meter_02,378,none,measurement_shift,none,unknown,unknown,unknown,0.9113890589355748,0.5585813707133196,0,,0,0,drift_not_confirmed;sample_not_trusted,,voltage_rolling_mean=235.180764;source_publish_interval=0.503952,voltage_rolling_mean,0.7431248668581247,11.404833989217877,12.171499896794558
2026-08-10T16:49:02.413746+00:00,measurement_drift_01,meter_03,378,none,none,none,none,none,none,0.9993383733092879,0.4353856837939668,0,,0,0,drift_not_confirmed,,voltage_rolling_mean=230.520244;source_publish_interval=0.503946,,0.5550419446080923,9.524208959192038,10.097999824211001
2026-08-10T16:49:02.884970+00:00,measurement_drift_01,meter_01,379,none,none,none,none,none,none,0.996944569690185,0.5058602948113848,0,,0,0,drift_not_confirmed,,voltage_rolling_mean=231.648940;source_publish_interval=0.503957,,2.223582938313484,21.635000128298998,23.90133310109377
2026-08-10T16:49:02.909273+00:00,measurement_drift_01,meter_02,379,none,measurement_shift,none,unknown,unknown,unknown,0.9153830325783632,0.59301393814928,0,,0,0,drift_not_confirmed;sample_not_trusted,,voltage_rolling_mean=235.180764;source_publish_interval=0.503952,voltage_rolling_mean,0.8011250756680965,11.810042196884751,12.635583057999611
2026-08-10T16:49:02.922036+00:00,measurement_drift_01,meter_03,379,none,none,none,none,none,none,0.9994683781022193,0.4592441679258746,0,,0,0,drift_not_confirmed,,voltage_rolling_mean=230.520244;source_publish_interval=0.503946,,0.6226671393960714,9.657541988417506,10.298999957740307
2026-08-10T16:49:03.390157+00:00,measurement_drift_01,meter_01,380,none,none,none,none,none,none,0.9897401736207541,0.4523273974615616,0,,0,0,drift_not_confirmed,,voltage_rolling_mean=231.648940;source_publish_interval=0.503957,,2.5496671441942453,22.801541024819016,25.39520780555904
2026-08-10T16:49:03.415971+00:00,measurement_drift_01,meter_02,380,none,measurement_shift,none,unknown,unknown,unknown,0.9288305271074984,0.5864371562205166,0,,0,0,drift_not_confirmed;sample_not_trusted,,voltage_rolling_mean=235.180764;source_publish_interval=0.503952,voltage_rolling_mean,0.9078748989850283,12.13987497612834,13.072000117972493
2026-08-10T16:49:03.429181+00:00,measurement_drift_01,meter_03,380,none,none,none,none,none,none,0.9987620700232172,0.4483349390639202,0,,0,0,drift_not_confirmed,,voltage_rolling_mean=230.520244;source_publish_interval=0.503946,,0.5813329480588436,9.527957998216152,10.128542082384229
2026-08-10T16:49:03.895297+00:00,measurement_drift_01,meter_01,381,none,none,none,none,none,none,0.9770279309249317,0.4516554827313218,0,,0,0,drift_not_confirmed,,voltage_rolling_mean=231.648940;source_publish_interval=0.503957,,1.995542086660862,21.644040942192078,23.691541980952024
2026-08-10T16:49:03.919357+00:00,measurement_drift_01,meter_02,381,none,measurement_shift,none,unknown,unknown,unknown,0.9315530530068198,0.5498567587420831,0,,0,0,drift_not_confirmed;sample_not_trusted,,voltage_rolling_mean=235.180764;source_publish_interval=0.503952,voltage_rolling_mean,0.9457918349653482,12.234915979206562,13.207207899540663
2026-08-10T16:49:03.932709+00:00,measurement_drift_01,meter_03,381,none,none,none,none,none,none,0.9991723167796638,0.5318155893281802,0,,0,0,drift_not_confirmed,,voltage_rolling_mean=230.520244;source_publish_interval=0.503946,,0.5678751040250063,9.57012502476573,10.157832875847816
2026-08-10T16:49:04.400514+00:00,measurement_drift_01,meter_01,382,none,none,none,none,none,none,0.9744454533147938,0.4403227864856856,0,,0,0,drift_not_confirmed,,voltage_rolling_mean=231.648940;source_publish_interval=0.503957,,2.4224999360740185,18.05045804940164,20.506042055785656
2026-08-10T16:49:04.421395+00:00,measurement_drift_01,meter_02,382,none,measurement_shift,none,none,none,normal_drift,0.981796622877637,0.5718605174917732,0,,1,0,collecting_candidates;drift_not_confirmed,voltage_rolling_mean,voltage_rolling_mean=235.180764;source_publish_interval=0.503952,voltage_rolling_mean,0.7656670641154051,11.346250073984265,12.134958058595657
2026-08-10T16:49:04.433641+00:00,measurement_drift_01,meter_03,382,none,none,none,none,none,none,0.9999444262788463,0.4332840186345354,0,,0,0,drift_not_confirmed,,voltage_rolling_mean=230.520244;source_publish_interval=0.503946,,0.5529159680008888,9.486792143434286,10.06495812907815
2026-08-10T16:49:04.902907+00:00,measurement_drift_01,meter_01,383,none,none,none,none,none,none,0.994912119347355,0.4729960287595656,0,,0,0,drift_not_confirmed,,voltage_rolling_mean=231.648940;source_publish_interval=0.503957,,2.1327920258045197,19.04687494970858,21.222541108727455
2026-08-10T16:49:04.924545+00:00,measurement_drift_01,meter_02,383,none,measurement_shift,none,unknown,unknown,unknown,0.9357052306169615,0.5526844900255665,0,,0,0,drift_not_confirmed;sample_not_trusted,,voltage_rolling_mean=235.180764;source_publish_interval=0.503952,voltage_rolling_mean,0.7759588770568371,11.688333004713058,12.487208005040884
2026-08-10T16:49:04.937163+00:00,measurement_drift_01,meter_03,383,none,none,none,none,none,none,0.9999114023784106,0.43605772512355406,0,,0,0,drift_not_confirmed,,voltage_rolling_mean=230.520244;source_publish_interval=0.503946,,0.5612499080598354,9.398292051628232,9.97929205186665
2026-08-10T16:49:05.407597+00:00,measurement_drift_01,meter_01,384,none,none,none,none,none,none,0.986189226478751,0.43586746957993505,0,,0,0,drift_not_confirmed,,voltage_rolling_mean=231.648940;source_publish_interval=0.503957,,2.8502088971436024,18.65229196846485,21.548957796767354
2026-08-10T16:49:05.429557+00:00,measurement_drift_01,meter_02,384,none,measurement_shift,none,unknown,unknown,unknown,0.9065652799227986,0.5592215611046516,0,,0,0,drift_not_confirmed;sample_not_trusted,,voltage_rolling_mean=235.180764;source_publish_interval=0.503952,voltage_rolling_mean,0.7987921126186848,11.451959144324064,12.272416846826673
2026-08-10T16:49:05.441957+00:00,measurement_drift_01,meter_03,384,none,none,none,none,none,none,0.9999719032472324,0.48728355234485277,0,,0,0,drift_not_confirmed,,voltage_rolling_mean=230.520244;source_publish_interval=0.503946,,0.5591250956058502,9.62883303873241,10.211499873548746
2026-08-10T16:49:05.912689+00:00,measurement_drift_01,meter_01,385,none,none,none,none,none,none,0.98796152477969,0.44230225777390353,0,,0,0,drift_not_confirmed,,voltage_rolling_mean=231.648940;source_publish_interval=0.503957,,2.6855000760406256,19.42775002680719,22.153208032250404
2026-08-10T16:49:05.935292+00:00,measurement_drift_01,meter_02,385,none,measurement_shift,none,none,none,none,0.9480848304828777,0.5740842570084645,0,,0,0,drift_not_confirmed;sample_not_trusted,,voltage_rolling_mean=235.180764;source_publish_interval=0.503952,voltage_rolling_mean,0.7466250099241734,11.620625155046582,12.389499926939607
2026-08-10T16:49:05.947802+00:00,measurement_drift_01,meter_03,385,none,none,none,none,none,none,0.9998771636149997,0.5259265216429535,0,,0,0,drift_not_confirmed,,voltage_rolling_mean=230.520244;source_publish_interval=0.503946,,0.5523329600691795,9.443042101338506,10.013958904892206
2026-08-10T16:49:06.417816+00:00,measurement_drift_01,meter_01,386,none,none,none,none,none,none,0.9620384081606085,0.43333609065271605,0,,0,0,drift_not_confirmed,,voltage_rolling_mean=231.648940;source_publish_interval=0.503957,,2.710792003199458,19.413874950259924,22.16304186731577
2026-08-10T16:49:06.440370+00:00,measurement_drift_01,meter_02,386,none,measurement_shift,none,none,none,none,0.9493678631474988,0.578662861353397,0,,0,0,drift_not_confirmed;sample_not_trusted,,voltage_rolling_mean=235.180764;source_publish_interval=0.503952,voltage_rolling_mean,0.7614169735461473,11.581417173147202,12.365875067189336
2026-08-10T16:49:06.452847+00:00,measurement_drift_01,meter_03,386,none,none,none,none,none,none,0.9999640442923603,0.4501635778745304,0,,0,0,drift_not_confirmed,,voltage_rolling_mean=230.520244;source_publish_interval=0.503946,,0.5615830887109041,9.500417159870267,10.080999927595258
2026-08-10T16:49:06.922943+00:00,measurement_drift_01,meter_01,387,none,none,none,none,none,none,0.9690419509971036,0.4861101238592221,0,,0,0,drift_not_confirmed,,voltage_rolling_mean=231.648940;source_publish_interval=0.503957,,2.580375177785754,19.43220803514123,22.04845892265439
2026-08-10T16:49:06.945361+00:00,measurement_drift_01,meter_02,387,none,measurement_shift,none,unknown,unknown,unknown,0.8655100839426503,0.5596707095222754,0,,0,0,drift_not_confirmed;sample_not_trusted,,voltage_rolling_mean=235.180764;source_publish_interval=0.503952,voltage_rolling_mean,0.7462911307811737,11.597666190937161,12.364916037768126
2026-08-10T16:49:06.957825+00:00,measurement_drift_01,meter_03,387,none,none,none,none,none,none,0.9999657650447066,0.4572557977920589,0,,0,0,drift_not_confirmed,,voltage_rolling_mean=230.520244;source_publish_interval=0.503946,,0.5527080502361059,9.379124967381358,9.951000101864338
2026-08-10T16:49:07.422205+00:00,measurement_drift_01,meter_01,388,none,none,none,unknown,unknown,unknown,0.9264605523036878,0.43295616680599414,0,,0,0,drift_not_confirmed,,voltage_rolling_mean=231.648940;source_publish_interval=0.503957,,1.3730418868362904,20.53974987939,21.9567499589175
2026-08-10T16:49:07.444460+00:00,measurement_drift_01,meter_02,388,none,measurement_shift,none,none,none,none,0.9797639931344878,0.598484564813092,0,,0,0,drift_not_confirmed;sample_not_trusted,,voltage_rolling_mean=235.180764;source_publish_interval=0.503952,voltage_rolling_mean,0.9366660378873348,13.192833168432117,14.170208014547825
2026-08-10T16:49:07.458757+00:00,measurement_drift_01,meter_03,388,none,none,none,none,none,none,0.9999653739761977,0.44458394655146516,0,,0,0,drift_not_confirmed,,voltage_rolling_mean=230.520244;source_publish_interval=0.503946,,0.623833853751421,10.104082990437746,10.749791981652379
2026-08-10T16:49:07.927879+00:00,measurement_drift_01,meter_01,389,none,none,none,none,none,none,0.9594369817027817,0.45510711353477634,0,,0,0,drift_not_confirmed,,voltage_rolling_mean=231.648940;source_publish_interval=0.503957,,2.0004999823868275,21.483541000634432,23.524333955720067
2026-08-10T16:49:07.951784+00:00,measurement_drift_01,meter_02,389,none,measurement_shift,none,unknown,unknown,unknown,0.9403667977265171,0.5920837551756891,0,,0,0,drift_not_confirmed;sample_not_trusted,,voltage_rolling_mean=235.180764;source_publish_interval=0.503952,voltage_rolling_mean,0.75683300383389,11.831542011350393,12.613374972715974
2026-08-10T16:49:07.964534+00:00,measurement_drift_01,meter_03,389,none,none,none,none,none,none,0.9999820943041441,0.48590176367821286,0,,0,0,drift_not_confirmed,,voltage_rolling_mean=230.520244;source_publish_interval=0.503946,,0.616125063970685,9.59950010292232,10.234791086986661
2026-08-10T16:49:08.431715+00:00,measurement_drift_01,meter_01,390,none,none,none,none,none,none,0.9949826167494588,0.4977488951887449,0,,0,0,drift_not_confirmed,,voltage_rolling_mean=231.648940;source_publish_interval=0.503957,,1.979124965146184,21.490541053935885,23.507332894951105
2026-08-10T16:49:08.455522+00:00,measurement_drift_01,meter_02,390,none,measurement_shift,none,none,none,none,0.9772261829287565,0.5587658967698795,0,,0,0,drift_not_confirmed;sample_not_trusted,,voltage_rolling_mean=235.180764;source_publish_interval=0.503952,voltage_rolling_mean,0.7180420216172934,12.074915925040841,12.816417030990124
2026-08-10T16:49:08.468438+00:00,measurement_drift_01,meter_03,390,none,none,none,none,none,none,0.9999871399237463,0.441481670393103,0,,0,0,drift_not_confirmed,,voltage_rolling_mean=230.520244;source_publish_interval=0.503946,,0.593957956880331,9.612041991204023,10.225542122498155
2026-08-10T16:49:08.936680+00:00,measurement_drift_01,meter_01,391,none,none,none,unknown,unknown,unknown,0.8939743732491701,0.4478219383531111,0,,0,0,drift_not_confirmed,,voltage_rolling_mean=231.648940;source_publish_interval=0.503957,,3.3618751913309097,17.036499921232462,20.432708086445928
2026-08-10T16:49:08.957506+00:00,measurement_drift_01,meter_02,391,none,measurement_shift,none,none,none,none,0.9790671760731819,0.5793085955774956,0,,0,0,drift_not_confirmed;sample_not_trusted,,voltage_rolling_mean=235.180764;source_publish_interval=0.503952,voltage_rolling_mean,0.7268330082297325,10.979083832353354,11.726750060915947
2026-08-10T16:49:08.969336+00:00,measurement_drift_01,meter_03,391,none,none,none,none,none,none,0.9999826741686504,0.45762046720131444,0,,0,0,drift_not_confirmed,,voltage_rolling_mean=230.520244;source_publish_interval=0.503946,,0.5295828450471163,9.16483299806714,9.711542166769505
2026-08-10T16:49:09.440679+00:00,measurement_drift_01,meter_01,392,none,none,none,none,none,none,0.9449980932053852,0.450740754924201,0,,0,0,drift_not_confirmed,,voltage_rolling_mean=231.648940;source_publish_interval=0.503957,,1.9704578444361687,22.643374977633357,24.662083946168423
2026-08-10T16:49:09.465753+00:00,measurement_drift_01,meter_02,392,none,measurement_shift,none,unknown,unknown,unknown,0.9301877370588792,0.5748833675367093,0,,0,0,drift_not_confirmed;sample_not_trusted,,voltage_rolling_mean=235.180764;source_publish_interval=0.503952,voltage_rolling_mean,0.942000187933445,12.185417115688324,13.152041006833315
2026-08-10T16:49:09.479047+00:00,measurement_drift_01,meter_03,392,none,none,none,none,none,none,0.9999658501676207,0.4389239853663342,0,,0,0,drift_not_confirmed,,voltage_rolling_mean=230.520244;source_publish_interval=0.503946,,0.5512500647455454,9.62162483483553,10.193207999691367
2026-08-10T16:49:09.945957+00:00,measurement_drift_01,meter_01,393,none,none,none,unknown,unknown,unknown,0.9149660871519205,0.4641776037734781,0,,0,0,drift_not_confirmed,,voltage_rolling_mean=231.648940;source_publish_interval=0.503957,,1.9060419872403145,21.833332953974605,23.777666967362165
2026-08-10T16:49:09.970033+00:00,measurement_drift_01,meter_02,393,none,measurement_shift,none,none,none,normal_drift,0.9910032646971333,0.5635723053626528,0,,1,0,collecting_candidates;drift_not_confirmed,voltage_rolling_mean,voltage_rolling_mean=235.180764;source_publish_interval=0.503952,voltage_rolling_mean,0.8601250592619181,11.997958878055215,12.883000075817108
2026-08-10T16:49:09.983038+00:00,measurement_drift_01,meter_03,393,none,none,none,none,none,none,0.9999894503773156,0.4527617556335703,0,,0,0,drift_not_confirmed,,voltage_rolling_mean=230.520244;source_publish_interval=0.503946,,0.5907078739255667,9.521625004708767,10.131333023309708
2026-08-10T16:49:10.449433+00:00,measurement_drift_01,meter_01,394,none,none,none,unknown,unknown,unknown,0.923514519904785,0.4401159950012716,0,,0,0,drift_not_confirmed,,voltage_rolling_mean=231.648940;source_publish_interval=0.503957,,2.075416035950184,21.766624879091978,23.882208159193397
2026-08-10T16:49:10.473654+00:00,measurement_drift_01,meter_02,394,none,measurement_shift,none,none,none,normal_drift,0.9921604460584843,0.5614131421463285,0,,1,0,collecting_candidates;drift_not_confirmed,voltage_rolling_mean,voltage_rolling_mean=235.180764;source_publish_interval=0.503952,voltage_rolling_mean,0.8312081918120384,11.903458973392844,12.759665958583355
2026-08-10T16:49:10.486532+00:00,measurement_drift_01,meter_03,394,none,none,none,none,none,none,0.9999556848354125,0.468905072693521,0,,0,0,drift_not_confirmed,,voltage_rolling_mean=230.520244;source_publish_interval=0.503946,,0.5688751116394997,9.625124977901578,10.21329197101295
2026-08-10T16:49:10.954068+00:00,measurement_drift_01,meter_01,395,none,none,none,none,none,none,0.9808465613354256,0.4494731942395355,0,,0,0,drift_not_confirmed,,voltage_rolling_mean=231.648940;source_publish_interval=0.503957,,2.0505001302808523,22.097457898780704,24.186749942600727
2026-08-10T16:49:10.978598+00:00,measurement_drift_01,meter_02,395,none,measurement_shift,none,none,none,normal_drift,0.9854850141978927,0.5796728198396872,0,,1,0,collecting_candidates;drift_not_confirmed,voltage_rolling_mean,voltage_rolling_mean=235.180764;source_publish_interval=0.503952,voltage_rolling_mean,0.8575001265853643,12.010583188384771,12.893375009298325
2026-08-10T16:49:10.991618+00:00,measurement_drift_01,meter_03,395,none,none,none,none,none,none,0.999988963622253,0.46115651483654224,0,,0,0,drift_not_confirmed,,voltage_rolling_mean=230.520244;source_publish_interval=0.503946,,0.5686671938747168,9.587124921381474,10.175833012908697
2026-08-10T16:49:11.459454+00:00,measurement_drift_01,meter_01,396,none,none,none,unknown,unknown,unknown,0.776265702459171,0.4939609190018537,0,,0,0,drift_not_confirmed,,voltage_rolling_mean=231.648940;source_publish_interval=0.503957,,2.391875023022294,20.812208065763116,23.235584143549204
2026-08-10T16:49:11.483065+00:00,measurement_drift_01,meter_02,396,none,measurement_shift,none,none,none,normal_drift,0.9853747510635787,0.6082728846668567,0,,1,0,collecting_candidates;drift_not_confirmed,voltage_rolling_mean,voltage_rolling_mean=235.180764;source_publish_interval=0.503952,voltage_rolling_mean,0.6946669891476631,11.885040905326605,12.605125084519386
2026-08-10T16:49:11.495786+00:00,measurement_drift_01,meter_03,396,none,none,none,none,none,none,0.9999947276836968,0.457410976072301,0,,0,0,drift_not_confirmed,,voltage_rolling_mean=230.520244;source_publish_interval=0.503946,,0.6006250623613596,9.559624828398228,10.17912500537932
2026-08-10T16:49:11.964469+00:00,measurement_drift_01,meter_01,397,none,none,none,unknown,unknown,unknown,0.923654799722829,0.48904690807096124,0,,0,0,drift_not_confirmed,,voltage_rolling_mean=231.648940;source_publish_interval=0.503957,,1.995667116716504,21.7801658436656,23.812040919438004
2026-08-10T16:49:11.988574+00:00,measurement_drift_01,meter_02,397,none,measurement_shift,none,none,none,normal_drift,0.9960631166728411,0.5660942384456155,0,,1,0,collecting_candidates;drift_not_confirmed,voltage_rolling_mean,voltage_rolling_mean=235.180764;source_publish_interval=0.503952,voltage_rolling_mean,0.8242500480264425,11.993250111117959,12.841874966397882
2026-08-10T16:49:12.001524+00:00,measurement_drift_01,meter_03,397,none,none,none,none,none,none,0.9999944844048511,0.4716379988442468,0,,0,0,drift_not_confirmed,,voltage_rolling_mean=230.520244;source_publish_interval=0.503946,,0.584915978834033,9.435500018298626,10.038332780823112
2026-08-10T16:49:12.469255+00:00,measurement_drift_01,meter_01,398,none,none,none,unknown,unknown,unknown,0.6120840034565748,0.48032029171546886,0,,0,0,drift_not_confirmed,,voltage_rolling_mean=231.648940;source_publish_interval=0.503957,,2.203458221629262,18.89329100959003,21.131583023816347
2026-08-10T16:49:12.490767+00:00,measurement_drift_01,meter_02,398,none,measurement_shift,none,none,none,normal_drift,0.9990383286805543,0.5788920525742597,0,,1,0,collecting_candidates;drift_not_confirmed,voltage_rolling_mean,voltage_rolling_mean=235.180764;source_publish_interval=0.503952,voltage_rolling_mean,0.6993340793997049,11.549124959856272,12.2788748703897
2026-08-10T16:49:12.503139+00:00,measurement_drift_01,meter_03,398,none,none,none,none,none,none,0.9999957542634982,0.44658683610609345,0,,0,0,drift_not_confirmed,,voltage_rolling_mean=230.520244;source_publish_interval=0.503946,,0.5386669654399157,9.414291940629482,9.97070805169642
2026-08-10T16:49:12.974045+00:00,measurement_drift_01,meter_01,399,none,none,none,none,none,none,0.9947459114040149,0.5235085168062258,0,,0,0,drift_not_confirmed,,voltage_rolling_mean=231.648940;source_publish_interval=0.503957,,2.4242918007075787,21.908374968916178,24.382959119975567
2026-08-10T16:49:12.998754+00:00,measurement_drift_01,meter_02,399,none,measurement_shift,none,none,none,normal_drift,0.9978957253383276,0.5631555728023998,0,,1,0,collecting_candidates;drift_not_confirmed,voltage_rolling_mean,voltage_rolling_mean=235.180764;source_publish_interval=0.503952,voltage_rolling_mean,0.9204999078065157,12.421750230714679,13.368334155529737
2026-08-10T16:49:13.012258+00:00,measurement_drift_01,meter_03,399,none,none,none,none,none,none,0.9999975670350699,0.4951766302463697,0,,0,0,drift_not_confirmed,,voltage_rolling_mean=230.520244;source_publish_interval=0.503946,,0.559499952942133,9.573749965056777,10.153374867513776
2026-08-10T16:49:13.478816+00:00,measurement_drift_01,meter_01,400,none,none,none,unknown,unknown,unknown,0.8879669292376243,0.466921025340319,0,,0,0,drift_not_confirmed,,voltage_rolling_mean=231.648940;source_publish_interval=0.503957,,1.621166942641139,21.739999996498227,23.399583995342255
2026-08-10T16:49:13.502526+00:00,measurement_drift_01,meter_02,400,none,measurement_shift,none,none,none,normal_drift,0.9978847119223723,0.5655501900918286,0,,1,1,drift_not_confirmed;reference_updated,voltage_rolling_mean,voltage_rolling_mean=235.446931;source_publish_interval=0.503952,voltage_rolling_mean,0.8480418473482132,12.307625031098723,13.184124836698174
2026-08-10T16:49:13.515830+00:00,measurement_drift_01,meter_03,400,none,none,none,none,none,none,0.999997588670036,0.4625899763955763,0,,0,0,drift_not_confirmed,,voltage_rolling_mean=230.520244;source_publish_interval=0.503946,,0.624125124886632,9.581457823514938,10.224208002910018
2026-08-10T16:49:13.984426+00:00,measurement_drift_01,meter_01,401,none,none,none,none,none,none,0.9649265304638223,0.45171549127693306,0,,0,0,drift_not_confirmed,,voltage_rolling_mean=231.648940;source_publish_interval=0.503957,,2.3224169854074717,18.424666952341795,20.77708300203085
2026-08-10T16:49:14.005577+00:00,measurement_drift_01,meter_02,401,none,measurement_shift,none,none,none,normal_drift,0.9991716447808452,0.565710459456443,0,,1,0,collecting_candidates;drift_not_confirmed,voltage_rolling_mean,voltage_rolling_mean=235.446931;source_publish_interval=0.503952,voltage_rolling_mean,0.7263750303536654,11.265167035162449,12.01233291067183
2026-08-10T16:49:14.017691+00:00,measurement_drift_01,meter_03,401,none,none,none,none,none,none,0.9999992764565476,0.4767207804834766,0,,0,0,drift_not_confirmed,,voltage_rolling_mean=230.520244;source_publish_interval=0.503946,,0.560917193070054,9.526415960863233,10.106167057529092
2026-08-10T16:49:14.489327+00:00,measurement_drift_01,meter_01,402,none,none,none,none,none,none,0.990880124741372,0.44383644207062456,0,,0,0,drift_not_confirmed,,voltage_rolling_mean=231.648940;source_publish_interval=0.503957,,2.2292090579867363,22.28783303871751,24.55820795148611
2026-08-10T16:49:14.514263+00:00,measurement_drift_01,meter_02,402,none,measurement_shift,none,none,none,normal_drift,0.9993997782854457,0.5843909020654957,0,,1,0,collecting_candidates;drift_not_confirmed,voltage_rolling_mean,voltage_rolling_mean=235.446931;source_publish_interval=0.503952,voltage_rolling_mean,0.8492919150739908,11.970249935984612,12.843250064179301
2026-08-10T16:49:14.527221+00:00,measurement_drift_01,meter_03,402,none,none,none,none,none,none,0.9999935977560697,0.47701878910103185,0,,0,0,drift_not_confirmed,,voltage_rolling_mean=230.520244;source_publish_interval=0.503946,,0.5702499765902758,9.537874953821301,10.1264170370996
2026-08-10T16:49:14.994432+00:00,measurement_drift_01,meter_01,403,none,none,none,unknown,unknown,unknown,0.9265087228681,0.470145304295572,0,,0,0,drift_not_confirmed,,voltage_rolling_mean=231.648940;source_publish_interval=0.503957,,2.482792129740119,17.978500109165907,20.503042032942176
2026-08-10T16:49:15.015361+00:00,measurement_drift_01,meter_02,403,none,measurement_shift,none,none,none,normal_drift,0.9998213825576577,0.5579454814433487,0,,1,0,collecting_candidates;drift_not_confirmed,voltage_rolling_mean,voltage_rolling_mean=235.446931;source_publish_interval=0.503952,voltage_rolling_mean,0.7684999145567417,11.482125148177147,12.27204198949039
2026-08-10T16:49:15.027741+00:00,measurement_drift_01,meter_03,403,none,none,none,none,none,none,0.9999987877987092,0.4566405854439198,0,,0,0,drift_not_confirmed,,voltage_rolling_mean=230.520244;source_publish_interval=0.503946,,0.5433750338852406,9.495208039879799,10.05612500011921
2026-08-10T16:49:15.499515+00:00,measurement_drift_01,meter_01,404,none,none,none,none,none,none,0.985766271029519,0.5415843432561525,0,,0,0,drift_not_confirmed,,voltage_rolling_mean=231.648940;source_publish_interval=0.503957,,2.5160410441458225,20.858332980424166,23.41279201209545
2026-08-10T16:49:15.523335+00:00,measurement_drift_01,meter_02,404,none,measurement_shift,none,none,none,normal_drift,0.9994924612703406,0.5896915424091749,0,,1,0,collecting_candidates;drift_not_confirmed,voltage_rolling_mean,voltage_rolling_mean=235.446931;source_publish_interval=0.503952,voltage_rolling_mean,0.7660409901291132,11.782750021666288,12.576291104778647
2026-08-10T16:49:15.536050+00:00,measurement_drift_01,meter_03,404,none,none,none,none,none,none,0.9999985731961986,0.4679049635692553,0,,0,0,drift_not_confirmed,,voltage_rolling_mean=230.520244;source_publish_interval=0.503946,,0.6179581396281719,9.61387506686151,10.254708118736744
2026-08-10T16:49:16.001783+00:00,measurement_drift_01,meter_01,405,none,none,none,none,none,none,0.9961586550299508,0.43128902950848785,0,,0,0,drift_not_confirmed,,voltage_rolling_mean=231.648940;source_publish_interval=0.503957,,2.1245419047772884,22.304499987512827,24.469499941915274
2026-08-10T16:49:16.026685+00:00,measurement_drift_01,meter_02,405,none,measurement_shift,none,none,none,normal_drift,0.9994027893386817,0.5608032971861753,0,,1,0,collecting_candidates;drift_not_confirmed,voltage_rolling_mean,voltage_rolling_mean=235.446931;source_publish_interval=0.503952,voltage_rolling_mean,0.872333999723196,12.288792058825493,13.186667114496231
2026-08-10T16:49:16.040011+00:00,measurement_drift_01,meter_03,405,none,none,none,none,none,none,0.999999433156717,0.49784363867321046,0,,0,0,drift_not_confirmed,,voltage_rolling_mean=230.520244;source_publish_interval=0.503946,,0.561750028282404,9.738082997500896,10.324958013370633
2026-08-10T16:49:16.505550+00:00,measurement_drift_01,meter_01,406,none,none,none,none,none,none,0.9924537859717965,0.43727947802430844,0,,0,0,drift_not_confirmed,,voltage_rolling_mean=231.648940;source_publish_interval=0.503957,,1.3279169797897339,20.647583063691854,22.02070807106793
2026-08-10T16:49:16.527838+00:00,measurement_drift_01,meter_02,406,none,measurement_shift,none,none,none,normal_drift,0.9997470206685154,0.5552046211768064,0,,1,0,collecting_candidates;drift_not_confirmed,voltage_rolling_mean,voltage_rolling_mean=235.446931;source_publish_interval=0.503952,voltage_rolling_mean,0.9260000661015511,13.553583063185215,14.508958905935287
2026-08-10T16:49:16.542492+00:00,measurement_drift_01,meter_03,406,none,none,none,none,none,none,0.9999990802001566,0.4688674585823303,0,,0,0,drift_not_confirmed,,voltage_rolling_mean=230.520244;source_publish_interval=0.503946,,0.6488340441137552,10.099625214934349,10.768749983981252
2026-08-10T16:49:17.009990+00:00,measurement_drift_01,meter_01,407,none,none,none,none,none,none,0.990737988584206,0.4517466583444323,0,,0,0,drift_not_confirmed,,voltage_rolling_mean=231.648940;source_publish_interval=0.503957,,1.923500094562769,21.96224988438189,23.922957945615053
2026-08-10T16:49:17.034211+00:00,measurement_drift_01,meter_02,407,none,measurement_shift,none,none,none,normal_drift,0.9998160286882042,0.5547719656130679,0,,1,0,collecting_candidates;drift_not_confirmed,voltage_rolling_mean,voltage_rolling_mean=235.446931;source_publish_interval=0.503952,voltage_rolling_mean,0.8303748909384012,11.921124998480082,12.777124997228384
2026-08-10T16:49:17.047102+00:00,measurement_drift_01,meter_03,407,none,none,none,none,none,none,0.9999994624152887,0.4816912847515237,0,,0,0,drift_not_confirmed,,voltage_rolling_mean=230.520244;source_publish_interval=0.503946,,0.5877080839127302,9.454499930143356,10.060833999887109
2026-08-10T16:49:17.514638+00:00,measurement_drift_01,meter_01,408,none,none,none,none,none,none,0.9988147604123367,0.5915741924978252,0,,0,0,drift_not_confirmed,,voltage_rolling_mean=231.648940;source_publish_interval=0.503957,,2.0875828340649605,21.96666714735329,24.09266703762114
2026-08-10T16:49:17.539107+00:00,measurement_drift_01,meter_02,408,none,measurement_shift,none,none,none,normal_drift,0.9999502898711851,0.5529485792619745,0,,1,0,collecting_candidates;drift_not_confirmed,voltage_rolling_mean,voltage_rolling_mean=235.446931;source_publish_interval=0.503952,voltage_rolling_mean,0.8549999911338091,12.288750149309635,13.169792015105486
2026-08-10T16:49:17.552401+00:00,measurement_drift_01,meter_03,408,none,none,none,none,none,none,0.9999992675978788,0.47704379759436527,0,,0,0,drift_not_confirmed,,voltage_rolling_mean=230.520244;source_publish_interval=0.503946,,0.6205001845955849,9.647625032812357,10.28724992647767
2026-08-10T16:49:18.020132+00:00,measurement_drift_01,meter_01,409,none,none,none,none,none,none,0.9990537970005581,0.5248547853913337,0,,0,0,drift_not_confirmed,,voltage_rolling_mean=231.648940;source_publish_interval=0.503957,,1.969750039279461,21.355249918997288,23.361749947071075
2026-08-10T16:49:18.043780+00:00,measurement_drift_01,meter_02,409,none,measurement_shift,none,none,none,normal_drift,0.9999427287295711,0.552841755368516,0,,1,0,collecting_candidates;drift_not_confirmed,voltage_rolling_mean,voltage_rolling_mean=235.446931;source_publish_interval=0.503952,voltage_rolling_mean,0.7098750211298466,11.711583007127047,12.445583008229733
2026-08-10T16:49:18.056337+00:00,measurement_drift_01,meter_03,409,none,none,none,unknown,unknown,unknown,0.9999974483093065,0.6320155312850728,0,,0,0,drift_not_confirmed,,voltage_rolling_mean=230.520244;source_publish_interval=0.503946,,0.6156670860946178,9.695917135104537,10.329665848985314
2026-08-10T16:49:18.523122+00:00,measurement_drift_01,meter_01,410,none,none,none,none,none,none,0.9996897205724262,0.5164194997927348,0,,0,0,drift_not_confirmed,,voltage_rolling_mean=231.648940;source_publish_interval=0.503957,,2.5092498399317265,19.211333012208343,21.750875050202012
2026-08-10T16:49:18.545239+00:00,measurement_drift_01,meter_02,410,none,measurement_shift,none,none,none,normal_drift,0.999982425884498,0.55274735698993,0,,1,0,collecting_candidates;drift_not_confirmed,voltage_rolling_mean,voltage_rolling_mean=235.446931;source_publish_interval=0.503952,voltage_rolling_mean,0.7066249381750822,11.540000094100833,12.270375154912472
2026-08-10T16:49:18.557608+00:00,measurement_drift_01,meter_03,410,none,none,none,none,none,none,0.9999990702570709,0.49802314211360327,0,,0,0,drift_not_confirmed,,voltage_rolling_mean=230.520244;source_publish_interval=0.503946,,0.5557909607887268,9.462499991059303,10.037459200248122
2026-08-10T16:49:19.024018+00:00,measurement_drift_01,meter_01,411,none,none,none,none,none,none,0.996442773223718,0.483065811727374,0,,0,0,drift_not_confirmed,,voltage_rolling_mean=231.648940;source_publish_interval=0.503957,,2.3446250706911087,22.101457929238677,24.483083048835397
2026-08-10T16:49:19.048926+00:00,measurement_drift_01,meter_02,411,none,measurement_shift,none,none,none,normal_drift,0.9999810296476376,0.5529517538328137,0,,1,0,collecting_candidates;drift_not_confirmed,voltage_rolling_mean,voltage_rolling_mean=235.446931;source_publish_interval=0.503952,voltage_rolling_mean,0.8283748757094145,11.95558300241828,12.808040948584676
2026-08-10T16:49:19.061854+00:00,measurement_drift_01,meter_03,411,none,none,none,none,none,none,0.9999958929980505,0.45627632280658303,0,,0,0,drift_not_confirmed,,voltage_rolling_mean=230.520244;source_publish_interval=0.503946,,0.5936669185757637,9.510959032922983,10.122875217348337
2026-08-10T16:49:19.527777+00:00,measurement_drift_01,meter_01,412,none,none,none,none,none,none,0.9975016950379597,0.4732022834305195,0,,0,0,drift_not_confirmed,,voltage_rolling_mean=231.648940;source_publish_interval=0.503957,,2.809208119288087,19.087207969278097,21.933209151029587
2026-08-10T16:49:19.550107+00:00,measurement_drift_01,meter_02,412,none,measurement_shift,none,none,none,normal_drift,0.9999882685607303,0.5468422971457536,0,,1,0,collecting_candidates;drift_not_confirmed,voltage_rolling_mean,voltage_rolling_mean=235.446931;source_publish_interval=0.503952,voltage_rolling_mean,0.7128750439733267,11.368791107088327,12.104625115171075
2026-08-10T16:49:19.562328+00:00,measurement_drift_01,meter_03,412,none,none,none,none,none,none,0.9999983278902462,0.46793896324665135,0,,0,0,drift_not_confirmed,,voltage_rolling_mean=230.520244;source_publish_interval=0.503946,,0.5545830354094505,9.549458976835012,10.121916886419058
2026-08-10T16:49:20.029119+00:00,measurement_drift_01,meter_01,413,none,none,none,none,none,none,0.9979749125006233,0.45234139928747963,0,,0,0,drift_not_confirmed,,voltage_rolling_mean=231.648940;source_publish_interval=0.503957,,2.6590421330183744,21.68212505057454,24.37537512741983
2026-08-10T16:49:20.053868+00:00,measurement_drift_01,meter_02,413,none,measurement_shift,none,none,none,normal_drift,0.9999864791322391,0.5515444397110325,0,,1,0,collecting_candidates;drift_not_confirmed,voltage_rolling_mean,voltage_rolling_mean=235.446931;source_publish_interval=0.503952,voltage_rolling_mean,0.8170001674443483,11.8965411093086,12.734999880194664
2026-08-10T16:49:20.066706+00:00,measurement_drift_01,meter_03,413,none,none,none,none,none,none,0.999999230130662,0.5699742696478661,0,,0,0,drift_not_confirmed,,voltage_rolling_mean=230.520244;source_publish_interval=0.503946,,0.5421251989901066,9.681500028818846,10.24229102768004
2026-08-10T16:49:20.534354+00:00,measurement_drift_01,meter_01,414,none,none,none,none,none,none,0.9999759281674548,0.5390208405090989,0,,0,0,drift_not_confirmed,,voltage_rolling_mean=231.648940;source_publish_interval=0.503957,,2.176667097955942,22.922457894310355,25.142208905890584
2026-08-10T16:49:20.560004+00:00,measurement_drift_01,meter_02,414,none,measurement_shift,none,none,none,normal_drift,0.9999833905380052,0.5438141518482753,0,,1,0,collecting_candidates;drift_not_confirmed,voltage_rolling_mean,voltage_rolling_mean=235.446931;source_publish_interval=0.503952,voltage_rolling_mean,0.8477501105517149,11.893790913745761,12.765874853357673
2026-08-10T16:49:20.572893+00:00,measurement_drift_01,meter_03,414,none,none,none,none,none,none,0.9999977643515486,0.4686713067046264,0,,0,0,drift_not_confirmed,,voltage_rolling_mean=230.520244;source_publish_interval=0.503946,,0.5742080975323915,9.439832996577024,10.033790953457355
2026-08-10T16:49:21.034898+00:00,measurement_drift_01,meter_01,415,none,none,none,none,none,none,0.9998021418336298,0.452294824323987,0,,0,0,drift_not_confirmed,,voltage_rolling_mean=231.648940;source_publish_interval=0.503957,,2.0337088499218225,22.51441706903279,24.583791848272085
2026-08-10T16:49:21.059857+00:00,measurement_drift_01,meter_02,415,none,measurement_shift,none,none,none,normal_drift,0.9999925552388679,0.550640216463273,0,,1,0,collecting_candidates;drift_not_confirmed,voltage_rolling_mean,voltage_rolling_mean=235.446931;source_publish_interval=0.503952,voltage_rolling_mean,0.836291117593646,11.938458075746894,12.799458112567663
2026-08-10T16:49:21.072765+00:00,measurement_drift_01,meter_03,415,none,none,none,none,none,none,0.9999996549366443,0.4596246773959073,0,,0,0,drift_not_confirmed,,voltage_rolling_mean=230.520244;source_publish_interval=0.503946,,0.6035419646650553,9.541916893795133,10.164499981328845
2026-08-10T16:49:21.537536+00:00,measurement_drift_01,meter_01,416,none,none,none,none,none,none,0.999920308660626,0.5386564110858392,0,,0,0,drift_not_confirmed,,voltage_rolling_mean=231.648940;source_publish_interval=0.503957,,0.625415937975049,9.7351660951972,10.398500133305788
2026-08-10T16:49:21.548146+00:00,measurement_drift_01,meter_02,416,none,measurement_shift,none,none,none,normal_drift,0.99999675682238,0.5468409962720719,0,,1,0,collecting_candidates;drift_not_confirmed,voltage_rolling_mean,voltage_rolling_mean=235.446931;source_publish_interval=0.503952,voltage_rolling_mean,0.5439999513328075,9.830249939113855,10.402625193819404
2026-08-10T16:49:21.558687+00:00,measurement_drift_01,meter_03,416,none,none,none,none,none,none,0.9999998510018289,0.46170454720431797,0,,0,0,drift_not_confirmed,,voltage_rolling_mean=230.520244;source_publish_interval=0.503946,,0.6198328919708729,11.919084005057812,12.56320788525045
2026-08-10T16:49:22.043953+00:00,measurement_drift_01,meter_01,417,none,none,none,none,none,none,0.9997021758887327,0.4850350007607715,0,,0,0,drift_not_confirmed,,voltage_rolling_mean=231.648940;source_publish_interval=0.503957,,1.9378340803086758,23.01329094916582,25.00933315604925
2026-08-10T16:49:22.069380+00:00,measurement_drift_01,meter_02,417,none,measurement_shift,none,none,none,normal_drift,0.9999609836769933,0.5512780236191925,0,,1,0,collecting_candidates;drift_not_confirmed,voltage_rolling_mean,voltage_rolling_mean=235.446931;source_publish_interval=0.503952,voltage_rolling_mean,0.8891671895980835,12.183915823698044,13.101791962981224
2026-08-10T16:49:22.082642+00:00,measurement_drift_01,meter_03,417,none,none,none,none,none,none,0.9999958072978221,0.4760255015400832,0,,0,0,drift_not_confirmed,,voltage_rolling_mean=230.520244;source_publish_interval=0.503946,,0.624458072707057,9.73908300511539,10.385874891653657
2026-08-10T16:49:22.549415+00:00,measurement_drift_01,meter_01,418,none,none,none,none,none,none,0.9998126478549929,0.43988465937155474,0,,0,0,drift_not_confirmed,,voltage_rolling_mean=231.648940;source_publish_interval=0.503957,,1.9809999503195286,21.89104096032679,23.91795814037323
2026-08-10T16:49:22.573688+00:00,measurement_drift_01,meter_02,418,none,measurement_shift,none,none,none,normal_drift,0.999964309869561,0.5422637904000231,0,,1,0,collecting_candidates;drift_not_confirmed,voltage_rolling_mean,voltage_rolling_mean=235.446931;source_publish_interval=0.503952,voltage_rolling_mean,0.8822919335216284,12.122042011469603,13.043957995250821
2026-08-10T16:49:22.586908+00:00,measurement_drift_01,meter_03,418,none,none,none,none,none,none,0.9999995671616962,0.4507525616877803,0,,0,0,drift_not_confirmed,,voltage_rolling_mean=230.520244;source_publish_interval=0.503946,,0.583666143938899,9.574000025168061,10.179458884522319
2026-08-10T16:49:23.052648+00:00,measurement_drift_01,meter_01,419,none,none,none,none,none,none,0.9997398494752352,0.44537893281590696,0,,0,0,drift_not_confirmed,,voltage_rolling_mean=231.648940;source_publish_interval=0.503957,,2.6181668508797884,19.852791912853718,22.52366696484387
2026-08-10T16:49:23.075650+00:00,measurement_drift_01,meter_02,419,none,measurement_shift,none,none,none,normal_drift,0.9999843652136003,0.5676521960732379,0,,1,0,collecting_candidates;drift_not_confirmed,voltage_rolling_mean,voltage_rolling_mean=235.446931;source_publish_interval=0.503952,voltage_rolling_mean,0.80091692507267,11.879750061780214,12.708208058029413
2026-08-10T16:49:23.088515+00:00,measurement_drift_01,meter_03,419,none,none,none,none,none,none,0.9999997712087051,0.5236716103093699,0,,0,0,drift_not_confirmed,,voltage_rolling_mean=230.520244;source_publish_interval=0.503946,,0.5654999986290932,9.598250035196543,10.185208870097995
2026-08-10T16:49:23.557781+00:00,measurement_drift_01,meter_01,420,none,none,none,none,none,none,0.9997023883130856,0.45314419199088773,0,,0,0,drift_not_confirmed,,voltage_rolling_mean=231.648940;source_publish_interval=0.503957,,2.0055421628057957,21.944500040262938,23.992666974663734
2026-08-10T16:49:23.582126+00:00,measurement_drift_01,meter_02,420,none,measurement_shift,none,none,none,normal_drift,0.9999913673938777,0.5382537050485116,0,,1,1,drift_not_confirmed;reference_updated,voltage_rolling_mean,voltage_rolling_mean=234.446931;source_publish_interval=0.503952,voltage_rolling_mean,0.8322910871356726,12.059374945238233,12.9182911477983
2026-08-10T16:49:23.595179+00:00,measurement_drift_01,meter_03,420,none,none,none,none,none,none,0.9999995718194102,0.4707759993743456,0,,0,0,drift_not_confirmed,,voltage_rolling_mean=230.520244;source_publish_interval=0.503946,,0.5540840793401003,9.59066697396338,10.169582907110453
2026-08-10T16:49:24.060079+00:00,measurement_drift_01,meter_01,421,none,none,none,none,none,none,0.9998821456847788,0.44026679671582675,0,,0,0,drift_not_confirmed,,voltage_rolling_mean=231.648940;source_publish_interval=0.503957,,2.014374826103449,21.979082841426134,24.040749995037913
2026-08-10T16:49:24.084496+00:00,measurement_drift_01,meter_02,421,none,measurement_shift,none,none,none,normal_drift,0.9999947845409618,0.5411614618931431,0,,1,0,collecting_candidates;drift_not_confirmed,voltage_rolling_mean,voltage_rolling_mean=234.446931;source_publish_interval=0.503952,voltage_rolling_mean,0.8659581653773785,12.502207886427641,13.394000008702278
2026-08-10T16:49:24.098031+00:00,measurement_drift_01,meter_03,421,none,none,none,none,none,none,0.9999995726691088,0.4659196402001949,0,,0,0,drift_not_confirmed,,voltage_rolling_mean=230.520244;source_publish_interval=0.503946,,0.5645409692078829,9.778707986697555,10.36804192699492
2026-08-10T16:49:24.564947+00:00,measurement_drift_01,meter_01,422,none,none,none,none,none,none,0.9998221781677035,0.4490526653572904,0,,0,0,drift_not_confirmed,,voltage_rolling_mean=231.648940;source_publish_interval=0.503957,,2.887583104893565,18.193166004493833,21.131166955456138
2026-08-10T16:49:24.586493+00:00,measurement_drift_01,meter_02,422,none,measurement_shift,none,none,none,normal_drift,0.9999883071032457,0.5501728737946165,0,,1,0,collecting_candidates;drift_not_confirmed,voltage_rolling_mean,voltage_rolling_mean=234.446931;source_publish_interval=0.503952,voltage_rolling_mean,0.7071660365909338,11.500207940116525,12.230749940499663
2026-08-10T16:49:24.598840+00:00,measurement_drift_01,meter_03,422,none,none,none,none,none,none,0.9999998357557279,0.5292917854065259,0,,0,0,drift_not_confirmed,,voltage_rolling_mean=230.520244;source_publish_interval=0.503946,,0.5715421866625547,9.426208212971687,10.021999944001436
2026-08-10T16:49:25.070006+00:00,measurement_drift_01,meter_01,423,none,none,none,none,none,none,0.9998906760231595,0.503544402712272,0,,0,0,drift_not_confirmed,,voltage_rolling_mean=231.648940;source_publish_interval=0.503957,,2.6249580550938845,18.898540874943137,21.56829205341637
2026-08-10T16:49:25.092006+00:00,measurement_drift_01,meter_02,423,none,measurement_shift,none,none,none,normal_drift,0.9999914721148752,0.563449942782725,0,,1,0,collecting_candidates;drift_not_confirmed,voltage_rolling_mean,voltage_rolling_mean=234.446931;source_publish_interval=0.503952,voltage_rolling_mean,0.7446659728884697,11.666917009279132,12.438457924872637
2026-08-10T16:49:25.104588+00:00,measurement_drift_01,meter_03,423,none,none,none,none,none,none,0.9999996048035088,0.47795365080691615,0,,0,0,drift_not_confirmed,,voltage_rolling_mean=230.520244;source_publish_interval=0.503946,,0.5697500891983509,9.551000082865357,10.140083963051438
2026-08-10T16:49:25.572114+00:00,measurement_drift_01,meter_01,424,none,none,none,none,none,none,0.9999376769861632,0.43900317739906813,0,,0,0,drift_not_confirmed,,voltage_rolling_mean=231.648940;source_publish_interval=0.503957,,3.263625083491206,13.938958058133721,17.229458084329963
2026-08-10T16:49:25.589686+00:00,measurement_drift_01,meter_02,424,none,measurement_shift,none,none,none,normal_drift,0.9999981995021718,0.5569902611659439,0,,1,0,collecting_candidates;drift_not_confirmed,voltage_rolling_mean,voltage_rolling_mean=234.446931;source_publish_interval=0.503952,voltage_rolling_mean,0.5839169025421143,10.402292013168335,11.009416077286005
2026-08-10T16:49:25.600798+00:00,measurement_drift_01,meter_03,424,none,none,none,none,none,none,0.9999991639309576,0.525595417634772,0,,0,0,drift_not_confirmed,,voltage_rolling_mean=230.520244;source_publish_interval=0.503946,,0.5370420403778553,8.845167001709342,9.400916052982211
2026-08-10T16:49:26.076242+00:00,measurement_drift_01,meter_01,425,none,none,none,none,none,none,0.999979273899718,0.4600201765934026,0,,0,0,drift_not_confirmed,,voltage_rolling_mean=231.648940;source_publish_interval=0.503957,,1.8979168962687254,21.993790986016393,23.9353331271559
2026-08-10T16:49:26.100562+00:00,measurement_drift_01,meter_02,425,none,measurement_shift,none,none,none,normal_drift,0.9999890975013739,0.5424870813790377,0,,1,0,collecting_candidates;drift_not_confirmed,voltage_rolling_mean,voltage_rolling_mean=234.446931;source_publish_interval=0.503952,voltage_rolling_mean,0.8414590265601873,12.25912501104176,13.127249898388982
2026-08-10T16:49:26.113826+00:00,measurement_drift_01,meter_03,425,none,none,none,none,none,none,0.9999989146982758,0.47559731930937416,0,,0,0,drift_not_confirmed,,voltage_rolling_mean=230.520244;source_publish_interval=0.503946,,0.5591670051217079,9.655999951064587,10.234665824100375
2026-08-10T16:49:26.578812+00:00,measurement_drift_01,meter_01,426,none,none,none,none,none,none,0.9999946526149099,0.4823944049827081,0,,0,0,drift_not_confirmed,,voltage_rolling_mean=231.648940;source_publish_interval=0.503957,,3.3829580061137676,21.724791964516044,25.15137498266995
2026-08-10T16:49:26.604359+00:00,measurement_drift_01,meter_02,426,none,measurement_shift,none,none,none,normal_drift,0.9999977719433462,0.553712978321074,0,,1,0,collecting_candidates;drift_not_confirmed,voltage_rolling_mean,voltage_rolling_mean=234.446931;source_publish_interval=0.503952,voltage_rolling_mean,0.8194169495254755,12.167999986559153,13.01408396102488
2026-08-10T16:49:26.617496+00:00,measurement_drift_01,meter_03,426,none,none,none,none,none,none,0.9999992538135695,0.503237912920844,0,,0,0,drift_not_confirmed,,voltage_rolling_mean=230.520244;source_publish_interval=0.503946,,0.5408748984336853,9.543417021632195,10.103208012878895
2026-08-10T16:49:27.083861+00:00,measurement_drift_01,meter_01,427,none,none,none,none,none,none,0.9999837434564491,0.44048840018283764,0,,0,0,drift_not_confirmed,,voltage_rolling_mean=231.648940;source_publish_interval=0.503957,,2.046499866992235,22.014499874785542,24.10766715183854
2026-08-10T16:49:27.108348+00:00,measurement_drift_01,meter_02,427,none,measurement_shift,none,none,none,normal_drift,0.999992207943993,0.5386724986404025,0,,1,0,collecting_candidates;drift_not_confirmed,voltage_rolling_mean,voltage_rolling_mean=234.446931;source_publish_interval=0.503952,voltage_rolling_mean,0.827958108857274,12.221666052937508,13.074458111077547
2026-08-10T16:49:27.121539+00:00,measurement_drift_01,meter_03,427,none,none,none,none,none,none,0.999999611836751,0.4516364624672893,0,,0,0,drift_not_confirmed,,voltage_rolling_mean=230.520244;source_publish_interval=0.503946,,0.5536249373108149,9.507499868050218,10.079708183184266
2026-08-10T16:49:27.588500+00:00,measurement_drift_01,meter_01,428,none,none,none,none,none,none,0.9999647051444351,0.546924872105128,0,,0,0,drift_not_confirmed,,voltage_rolling_mean=231.648940;source_publish_interval=0.503957,,2.5179157964885235,18.750791903585196,21.311792079359293
2026-08-10T16:49:27.610177+00:00,measurement_drift_01,meter_02,428,none,measurement_shift,none,none,none,normal_drift,0.9999969070661795,0.5422637904000231,0,,1,0,collecting_candidates;drift_not_confirmed,voltage_rolling_mean,voltage_rolling_mean=234.446931;source_publish_interval=0.503952,voltage_rolling_mean,0.7174999918788671,11.58016687259078,12.319749919697642
2026-08-10T16:49:27.622615+00:00,measurement_drift_01,meter_03,428,none,none,none,none,none,none,0.9999994266837949,0.4431430979340983,0,,0,0,drift_not_confirmed,,voltage_rolling_mean=230.520244;source_publish_interval=0.503946,,0.5402499809861183,9.87191591411829,10.432624956592917
2026-08-10T16:49:28.089177+00:00,measurement_drift_01,meter_01,429,none,none,none,none,none,none,0.9999822466882222,0.45745514024513756,0,,0,0,drift_not_confirmed,,voltage_rolling_mean=231.648940;source_publish_interval=0.503957,,2.9894171748310328,17.393375048413873,20.422165980562568
2026-08-10T16:49:28.110012+00:00,measurement_drift_01,meter_02,429,none,measurement_shift,none,none,none,normal_drift,0.9999909823058394,0.5524950188749327,0,,1,0,collecting_candidates;drift_not_confirmed,voltage_rolling_mean,voltage_rolling_mean=234.446931;source_publish_interval=0.503952,voltage_rolling_mean,0.7367089856415987,11.180124944075942,11.940500000491738
2026-08-10T16:49:28.122083+00:00,measurement_drift_01,meter_03,429,none,none,none,none,none,none,0.9999998953855221,0.5015208674636614,0,,0,0,drift_not_confirmed,,voltage_rolling_mean=230.520244;source_publish_interval=0.503946,,0.5361658986657858,9.351917076855898,9.909916901960969
2026-08-10T16:49:28.594137+00:00,measurement_drift_01,meter_01,430,none,none,none,none,none,none,0.9999930122007742,0.48961122261158424,0,,0,0,drift_not_confirmed,,voltage_rolling_mean=231.648940;source_publish_interval=0.503957,,2.4868748150765896,19.096791045740247,21.63024991750717
2026-08-10T16:49:28.616159+00:00,measurement_drift_01,meter_02,430,none,measurement_shift,none,none,none,normal_drift,0.9999613599959816,0.5400701973683468,0,,1,0,collecting_candidates;drift_not_confirmed,voltage_rolling_mean,voltage_rolling_mean=234.446931;source_publish_interval=0.503952,voltage_rolling_mean,0.7278751581907272,11.514666024595499,12.275209184736013
2026-08-10T16:49:28.628550+00:00,measurement_drift_01,meter_03,430,none,none,none,none,none,none,0.999999742086573,0.4608795362819624,0,,0,0,drift_not_confirmed,,voltage_rolling_mean=230.520244;source_publish_interval=0.503946,,0.5573329981416464,9.405457880347967,9.981582872569561
2026-08-10T16:49:29.099425+00:00,measurement_drift_01,meter_01,431,none,none,none,none,none,none,0.9999885501210869,0.4509660570388533,0,,0,0,drift_not_confirmed,,voltage_rolling_mean=231.648940;source_publish_interval=0.503957,,2.0938750822097063,22.340124938637018,24.472709046676755
2026-08-10T16:49:29.124323+00:00,measurement_drift_01,meter_02,431,none,measurement_shift,none,none,none,normal_drift,0.9999951889249536,0.5460345267318859,0,,1,0,collecting_candidates;drift_not_confirmed,voltage_rolling_mean,voltage_rolling_mean=234.446931;source_publish_interval=0.503952,voltage_rolling_mean,0.883457949385047,12.050749966874719,12.956750113517046
2026-08-10T16:49:29.137400+00:00,measurement_drift_01,meter_03,431,none,none,none,none,none,none,0.9999993842608009,0.44856271169808165,0,,0,0,drift_not_confirmed,,voltage_rolling_mean=230.520244;source_publish_interval=0.503946,,0.5383749958127737,9.64720780029893,10.204624850302935
2026-08-10T16:49:29.604290+00:00,measurement_drift_01,meter_01,432,none,none,none,none,none,none,0.9999922422470657,0.45094910435400853,0,,0,0,drift_not_confirmed,,voltage_rolling_mean=231.648940;source_publish_interval=0.503957,,2.0119999535381794,21.514083025977015,23.56633311137557
2026-08-10T16:49:29.628177+00:00,measurement_drift_01,meter_02,432,none,measurement_shift,none,none,none,normal_drift,0.9999971340831163,0.5534294921681833,0,,1,0,collecting_candidates;drift_not_confirmed,voltage_rolling_mean,voltage_rolling_mean=234.446931;source_publish_interval=0.503952,voltage_rolling_mean,0.7534578908234835,12.018208159133792,12.796707917004824
2026-08-10T16:49:29.641106+00:00,measurement_drift_01,meter_03,432,none,none,none,none,none,none,0.9999995668994954,0.5487773880596256,0,,0,0,drift_not_confirmed,,voltage_rolling_mean=230.520244;source_publish_interval=0.503946,,0.5956250242888927,9.688250022009015,10.302916169166565
2026-08-10T16:49:30.109370+00:00,measurement_drift_01,meter_01,433,none,none,none,none,none,none,0.9999845467041584,0.5052445417414793,0,,0,0,drift_not_confirmed,,voltage_rolling_mean=231.648940;source_publish_interval=0.503957,,3.179958090186119,17.233707942068577,20.449583884328604
2026-08-10T16:49:30.130231+00:00,measurement_drift_01,meter_02,433,none,measurement_shift,none,none,none,normal_drift,0.9999535435128087,0.5421437711379357,0,,1,0,collecting_candidates;drift_not_confirmed,voltage_rolling_mean,voltage_rolling_mean=234.446931;source_publish_interval=0.503952,voltage_rolling_mean,0.7552499882876873,10.87145903147757,11.64783420972526
2026-08-10T16:49:30.142001+00:00,measurement_drift_01,meter_03,433,none,none,none,none,none,none,0.9999996399462554,0.5800197273392299,0,,0,0,drift_not_confirmed,,voltage_rolling_mean=230.520244;source_publish_interval=0.503946,,0.5328748375177383,9.194832993671298,9.746249997988343
2026-08-10T16:49:30.614503+00:00,measurement_drift_01,meter_01,434,none,none,none,none,none,none,0.9999938049602247,0.5317708418689829,0,,0,0,drift_not_confirmed,,voltage_rolling_mean=231.648940;source_publish_interval=0.503957,,2.881416818127036,20.009665982797742,22.927584126591682
2026-08-10T16:49:30.637866+00:00,measurement_drift_01,meter_02,434,none,measurement_shift,none,none,none,normal_drift,0.9999059694187001,0.5464443913432171,0,,1,0,collecting_candidates;drift_not_confirmed,voltage_rolling_mean,voltage_rolling_mean=234.446931;source_publish_interval=0.503952,voltage_rolling_mean,0.7492499426007271,11.710332939401269,12.483166996389627
2026-08-10T16:49:30.650476+00:00,measurement_drift_01,meter_03,434,none,none,none,none,none,none,0.9999990040289631,0.4468871892325767,0,,0,0,drift_not_confirmed,,voltage_rolling_mean=230.520244;source_publish_interval=0.503946,,0.5339591298252344,9.588874876499176,10.145500069484115
2026-08-10T16:49:31.119618+00:00,measurement_drift_01,meter_01,435,none,none,none,none,none,none,0.9999933605106356,0.452067337649615,0,,0,0,drift_not_confirmed,,voltage_rolling_mean=231.648940;source_publish_interval=0.503957,,3.2924171537160873,17.109625041484833,20.436250139027834
2026-08-10T16:49:31.140486+00:00,measurement_drift_01,meter_02,435,none,measurement_shift,none,none,none,normal_drift,0.9999957556870318,0.5440307024188098,0,,1,0,collecting_candidates;drift_not_confirmed,voltage_rolling_mean,voltage_rolling_mean=234.446931;source_publish_interval=0.503952,voltage_rolling_mean,0.7702501025050879,10.975375073030591,11.769040953367949
2026-08-10T16:49:31.152381+00:00,measurement_drift_01,meter_03,435,none,none,none,none,none,none,0.9999995612538508,0.5328625502112547,0,,0,0,drift_not_confirmed,,voltage_rolling_mean=230.520244;source_publish_interval=0.503946,,0.5368329584598541,9.307833155617118,9.863249957561493
2026-08-10T16:49:31.620837+00:00,measurement_drift_01,meter_01,436,none,none,none,none,none,none,0.9999972051827363,0.46918662083746127,0,,0,0,drift_not_confirmed,,voltage_rolling_mean=231.648940;source_publish_interval=0.503957,,3.3408328890800476,20.501875085756183,23.877499857917428
2026-08-10T16:49:31.645181+00:00,measurement_drift_01,meter_02,436,none,measurement_shift,none,none,none,normal_drift,0.9999364501181958,0.5942821636280853,0,,1,0,collecting_candidates;drift_not_confirmed,voltage_rolling_mean,voltage_rolling_mean=234.446931;source_publish_interval=0.503952,voltage_rolling_mean,0.7297499105334282,11.749542085453868,12.504291022196412
2026-08-10T16:49:31.657803+00:00,measurement_drift_01,meter_03,436,none,none,none,none,none,none,0.9999954367647496,0.4535931410570439,0,,0,0,drift_not_confirmed,,voltage_rolling_mean=230.520244;source_publish_interval=0.503946,,0.5356669425964355,9.352416032925248,9.908499894663692
2026-08-10T16:49:32.126181+00:00,measurement_drift_01,meter_01,437,none,none,none,none,none,none,0.9999944967612762,0.49440271611878556,0,,0,0,drift_not_confirmed,,voltage_rolling_mean=231.648940;source_publish_interval=0.503957,,2.0372921135276556,21.887833019718528,23.960750084370375
2026-08-10T16:49:32.150490+00:00,measurement_drift_01,meter_02,437,none,measurement_shift,none,none,none,normal_drift,0.9999787800673188,0.5575199057554063,0,,1,0,collecting_candidates;drift_not_confirmed,voltage_rolling_mean,voltage_rolling_mean=234.446931;source_publish_interval=0.503952,voltage_rolling_mean,0.848167110234499,12.047084048390388,12.920124921947718
2026-08-10T16:49:32.163524+00:00,measurement_drift_01,meter_03,437,none,none,none,none,none,none,0.9999991762686056,0.45064267127501484,0,,0,0,drift_not_confirmed,,voltage_rolling_mean=230.520244;source_publish_interval=0.503946,,0.599415972828865,9.533250005915761,10.15720795840025
2026-08-10T16:49:32.630189+00:00,measurement_drift_01,meter_01,438,none,none,none,none,none,none,0.9999958376626222,0.4540033099229109,0,,0,0,drift_not_confirmed,,voltage_rolling_mean=231.648940;source_publish_interval=0.503957,,1.8108750227838755,22.034083027392626,23.91841704957187
2026-08-10T16:49:32.654590+00:00,measurement_drift_01,meter_02,438,none,measurement_shift,none,none,none,normal_drift,0.9999961630229646,0.570794598270501,0,,1,0,collecting_candidates;drift_not_confirmed,voltage_rolling_mean,voltage_rolling_mean=234.446931;source_publish_interval=0.503952,voltage_rolling_mean,0.9657919872552156,12.274250155314803,13.273375108838081
2026-08-10T16:49:32.668049+00:00,measurement_drift_01,meter_03,438,none,none,none,none,none,none,0.9999992900735972,0.5123019720135217,0,,0,0,drift_not_confirmed,,voltage_rolling_mean=230.520244;source_publish_interval=0.503946,,0.5675000138580799,9.53699997626245,10.126042179763317
2026-08-10T16:49:33.134907+00:00,measurement_drift_01,meter_01,439,none,none,none,none,none,none,0.9999896051684362,0.49659282476946426,0,,0,0,drift_not_confirmed,,voltage_rolling_mean=231.648940;source_publish_interval=0.503957,,2.56358296610415,21.910083014518023,24.523749947547913
2026-08-10T16:49:33.159860+00:00,measurement_drift_01,meter_02,439,none,measurement_shift,none,none,none,normal_drift,0.9999950489101083,0.5325585923633099,0,,1,0,collecting_candidates;drift_not_confirmed,voltage_rolling_mean,voltage_rolling_mean=234.446931;source_publish_interval=0.503952,voltage_rolling_mean,0.8438338991254568,11.952542001381516,12.8280830103904
2026-08-10T16:49:33.172843+00:00,measurement_drift_01,meter_03,439,none,none,none,none,none,none,0.9999992715997353,0.4605887792080391,0,,0,0,drift_not_confirmed,,voltage_rolling_mean=230.520244;source_publish_interval=0.503946,,0.6155418232083321,9.712666040286422,10.34991699270904
2026-08-10T16:49:33.640293+00:00,measurement_drift_01,meter_01,440,none,none,none,none,none,none,0.99999715455164,0.49264861346097677,0,,0,0,drift_not_confirmed,,voltage_rolling_mean=231.648940;source_publish_interval=0.503957,,2.0578328985720873,22.036583861336112,24.131083860993385
2026-08-10T16:49:33.664796+00:00,measurement_drift_01,meter_02,440,none,measurement_shift,none,none,none,normal_drift,0.9999954249740802,0.5587210754166806,0,,1,1,drift_not_confirmed;reference_updated,voltage_rolling_mean,voltage_rolling_mean=233.804373;source_publish_interval=0.503952,voltage_rolling_mean,0.8513329084962606,11.982541996985674,12.862583855167031
2026-08-10T16:49:33.677782+00:00,measurement_drift_01,meter_03,440,none,none,none,none,none,none,0.9999995643494023,0.5004915814469674,0,,0,0,drift_not_confirmed,,voltage_rolling_mean=230.520244;source_publish_interval=0.503946,,0.5854580085724592,9.475958999246359,10.080334031954408
2026-08-10T16:49:34.142291+00:00,measurement_drift_01,meter_01,441,none,none,none,none,none,none,0.9999966751980075,0.45588926118733164,0,,0,0,drift_not_confirmed,,voltage_rolling_mean=231.648940;source_publish_interval=0.503957,,2.1086661145091057,21.72354212962091,23.891415912657976
2026-08-10T16:49:34.166542+00:00,measurement_drift_01,meter_02,441,none,measurement_shift,none,none,none,normal_drift,0.9999966675061525,0.5334676331945222,0,,1,0,collecting_candidates;drift_not_confirmed,voltage_rolling_mean,voltage_rolling_mean=233.804373;source_publish_interval=0.503952,voltage_rolling_mean,0.9565418586134911,12.81104190275073,13.808665797114372
2026-08-10T16:49:34.180649+00:00,measurement_drift_01,meter_03,441,none,none,none,none,none,none,0.9999992933854959,0.47829257065343966,0,,0,0,drift_not_confirmed,,voltage_rolling_mean=230.520244;source_publish_interval=0.503946,,0.6497919093817472,10.202124947682023,10.880292160436511
2026-08-10T16:49:34.643213+00:00,measurement_drift_01,meter_01,442,none,none,none,none,none,none,0.9999563096017887,0.4589417975130478,0,,0,0,drift_not_confirmed,,voltage_rolling_mean=231.648940;source_publish_interval=0.503957,,1.5779170207679272,23.1022909283638,24.744041031226516
2026-08-10T16:49:34.668346+00:00,measurement_drift_01,meter_02,442,none,measurement_shift,none,none,none,normal_drift,0.9999935322762666,0.5479900628843455,0,,1,0,collecting_candidates;drift_not_confirmed,voltage_rolling_mean,voltage_rolling_mean=233.804373;source_publish_interval=0.503952,voltage_rolling_mean,0.9460828732699156,12.127290945500135,13.110083993524313
2026-08-10T16:49:34.681654+00:00,measurement_drift_01,meter_03,442,none,none,none,none,none,none,0.9999989216697478,0.4819278941783744,0,,0,0,drift_not_confirmed,,voltage_rolling_mean=230.520244;source_publish_interval=0.503946,,0.5984578747302294,9.47708310559392,10.09708410128951
2026-08-10T16:49:35.149090+00:00,measurement_drift_01,meter_01,443,none,none,none,none,none,none,0.9999948398312698,0.49751739038949855,0,,0,0,drift_not_confirmed,,voltage_rolling_mean=231.648940;source_publish_interval=0.503957,,1.9927090033888817,21.885625086724758,23.921666899695992
2026-08-10T16:49:35.173320+00:00,measurement_drift_01,meter_02,443,none,measurement_shift,none,none,none,normal_drift,0.9999884405049676,0.5709755158881399,0,,1,0,collecting_candidates;drift_not_confirmed,voltage_rolling_mean,voltage_rolling_mean=233.804373;source_publish_interval=0.503952,voltage_rolling_mean,0.90637500397861,12.432083953171968,13.364541111513972
2026-08-10T16:49:35.186842+00:00,measurement_drift_01,meter_03,443,none,none,none,none,none,none,0.9999986245795678,0.49249574178267486,0,,0,0,drift_not_confirmed,,voltage_rolling_mean=230.520244;source_publish_interval=0.503946,,0.5413328763097525,9.441999951377511,10.003749979659915
2026-08-10T16:49:35.652049+00:00,measurement_drift_01,meter_01,444,none,none,none,none,none,none,0.9999988332248835,0.5132886941180779,0,,0,0,drift_not_confirmed,,voltage_rolling_mean=231.648940;source_publish_interval=0.503957,,2.175374887883663,22.369416197761893,24.595625000074506
2026-08-10T16:49:35.677006+00:00,measurement_drift_01,meter_02,444,none,measurement_shift,none,none,none,normal_drift,0.9999986714538314,0.5515588271141122,0,,1,0,collecting_candidates;drift_not_confirmed,voltage_rolling_mean,voltage_rolling_mean=233.804373;source_publish_interval=0.503952,voltage_rolling_mean,0.8715000003576279,11.928583029657602,12.829666957259178
2026-08-10T16:49:35.690008+00:00,measurement_drift_01,meter_03,444,none,none,none,none,none,none,0.9999982161141837,0.45863099612463426,0,,0,0,drift_not_confirmed,,voltage_rolling_mean=230.520244;source_publish_interval=0.503946,,0.5831669550389051,9.44916601292789,10.053582955151796
2026-08-10T16:49:36.157045+00:00,measurement_drift_01,meter_01,445,none,none,none,none,none,none,0.9999988307111668,0.507729986593471,0,,0,0,drift_not_confirmed,,voltage_rolling_mean=231.648940;source_publish_interval=0.503957,,2.566874958574772,19.643832929432392,22.24512491375208
2026-08-10T16:49:36.179689+00:00,measurement_drift_01,meter_02,445,none,measurement_shift,none,none,none,normal_drift,0.9999983230353839,0.5348311104348751,0,,1,0,collecting_candidates;drift_not_confirmed,voltage_rolling_mean,voltage_rolling_mean=233.804373;source_publish_interval=0.503952,voltage_rolling_mean,0.7256669923663139,11.409291997551918,12.158375000581145
2026-08-10T16:49:36.191968+00:00,measurement_drift_01,meter_03,445,none,none,none,none,none,none,0.9999983212790585,0.4746094847842949,0,,0,0,drift_not_confirmed,,voltage_rolling_mean=230.520244;source_publish_interval=0.503946,,0.5402921233326197,9.414250031113625,9.973458014428616
2026-08-10T16:49:36.660950+00:00,measurement_drift_01,meter_01,446,none,none,none,none,none,none,0.9999985184586989,0.4726344763345776,0,,0,0,drift_not_confirmed,,voltage_rolling_mean=231.648940;source_publish_interval=0.503957,,1.9855829887092113,22.120125126093626,24.14387511089444
2026-08-10T16:49:36.685474+00:00,measurement_drift_01,meter_02,446,none,measurement_shift,none,none,none,normal_drift,0.9999969864656908,0.5968049629875911,0,,1,0,collecting_candidates;drift_not_confirmed,voltage_rolling_mean,voltage_rolling_mean=233.804373;source_publish_interval=0.503952,voltage_rolling_mean,0.8657081052660942,12.199833057820797,13.093082932755351
2026-08-10T16:49:36.698710+00:00,measurement_drift_01,meter_03,446,none,none,none,none,none,none,0.9999982989804321,0.4820075354629115,0,,0,0,drift_not_confirmed,,voltage_rolling_mean=230.520244;source_publish_interval=0.503946,,0.5879581440240145,9.45687503553927,10.064624948427081
2026-08-10T16:49:37.165941+00:00,measurement_drift_01,meter_01,447,none,none,none,none,none,none,0.9999936518721587,0.4562768247077114,0,,0,0,drift_not_confirmed,,voltage_rolling_mean=231.648940;source_publish_interval=0.503957,,2.1585000213235617,21.754667162895203,23.9464589394629
2026-08-10T16:49:37.190193+00:00,measurement_drift_01,meter_02,447,none,measurement_shift,none,none,none,normal_drift,0.9999983743994616,0.538312592843059,0,,1,0,collecting_candidates;drift_not_confirmed,voltage_rolling_mean,voltage_rolling_mean=233.804373;source_publish_interval=0.503952,voltage_rolling_mean,0.7487500552088022,11.938125127926469,12.712416937574744
2026-08-10T16:49:37.203026+00:00,measurement_drift_01,meter_03,447,none,none,none,none,none,none,0.9999992204737588,0.4626014053610737,0,,0,0,drift_not_confirmed,,voltage_rolling_mean=230.520244;source_publish_interval=0.503946,,0.5838749930262566,9.514082921668887,10.116832796484232
2026-08-10T16:49:37.669435+00:00,measurement_drift_01,meter_01,448,none,none,none,none,none,none,0.9999985776613285,0.46045184570503245,0,,0,0,drift_not_confirmed,,voltage_rolling_mean=231.648940;source_publish_interval=0.503957,,2.400709083303809,22.77858299203217,25.225042132660747
2026-08-10T16:49:37.695022+00:00,measurement_drift_01,meter_02,448,none,measurement_shift,none,none,none,normal_drift,0.9999967072636132,0.6042672452790212,0,,1,0,collecting_candidates;drift_not_confirmed,voltage_rolling_mean,voltage_rolling_mean=233.804373;source_publish_interval=0.503952,voltage_rolling_mean,0.8852498140186071,12.408958980813622,13.32229096442461
2026-08-10T16:49:37.708479+00:00,measurement_drift_01,meter_03,448,none,none,none,none,none,none,0.9999993953498537,0.48108277419153017,0,,0,0,drift_not_confirmed,,voltage_rolling_mean=230.520244;source_publish_interval=0.503946,,0.5968748591840267,9.602541802451015,10.218749986961484
2026-08-10T16:49:38.173751+00:00,measurement_drift_01,meter_01,449,none,none,none,none,none,none,0.9999954809804075,0.5033370314240821,0,,0,0,drift_not_confirmed,,voltage_rolling_mean=231.648940;source_publish_interval=0.503957,,1.830916153267026,21.786540979519486,23.66116689518094
2026-08-10T16:49:38.197727+00:00,measurement_drift_01,meter_02,449,none,measurement_shift,none,none,none,normal_drift,0.999997833876436,0.5415035234299315,0,,1,0,collecting_candidates;drift_not_confirmed,voltage_rolling_mean,voltage_rolling_mean=233.804373;source_publish_interval=0.503952,voltage_rolling_mean,0.8960000704973936,12.509374879300594,13.432916952297091
2026-08-10T16:49:38.211306+00:00,measurement_drift_01,meter_03,449,none,none,none,none,none,none,0.9999990326606656,0.43465698962645327,0,,0,0,drift_not_confirmed,,voltage_rolling_mean=230.520244;source_publish_interval=0.503946,,0.6199169438332319,9.65999998152256,10.300082853063941
2026-08-10T16:49:38.679349+00:00,measurement_drift_01,meter_01,450,none,none,none,none,none,none,0.9999965366590319,0.5423018385181297,0,,0,0,drift_not_confirmed,,voltage_rolling_mean=231.648940;source_publish_interval=0.503957,,2.5037499144673347,17.518250038847327,20.05320810712874
2026-08-10T16:49:38.699751+00:00,measurement_drift_01,meter_02,450,none,none,none,unknown,unknown,normal_drift,0.9999992710772401,0.6369993771132519,0,,1,0,collecting_candidates;drift_not_confirmed,voltage_rolling_mean,voltage_rolling_mean=233.804373;source_publish_interval=0.503952,voltage_rolling_mean,0.7246248424053192,11.243582936003804,11.990249855443835
2026-08-10T16:49:38.711843+00:00,measurement_drift_01,meter_03,450,none,none,none,none,none,none,0.9999990178695832,0.4505033238169729,0,,0,0,drift_not_confirmed,,voltage_rolling_mean=230.520244;source_publish_interval=0.503946,,0.5327919498085976,9.462916990742087,10.014832951128483
2026-08-10T16:49:39.183946+00:00,measurement_drift_01,meter_01,451,none,none,none,none,none,none,0.9999984501625448,0.4776308332778139,0,,0,0,drift_not_confirmed,,voltage_rolling_mean=231.648940;source_publish_interval=0.503957,,1.9788749050348997,21.915416000410914,23.935209028422832
2026-08-10T16:49:39.208273+00:00,measurement_drift_01,meter_02,451,none,none,none,unknown,unknown,normal_drift,0.9999897167828882,0.6283717853284274,0,,1,0,collecting_candidates;drift_not_confirmed,voltage_rolling_mean,voltage_rolling_mean=233.804373;source_publish_interval=0.503952,voltage_rolling_mean,0.8623751346021891,12.168874964118004,13.056332943961024
2026-08-10T16:49:39.221447+00:00,measurement_drift_01,meter_03,451,none,none,none,none,none,none,0.9999933888650764,0.5227537950015824,0,,0,0,drift_not_confirmed,,voltage_rolling_mean=230.520244;source_publish_interval=0.503946,,0.5730001721531153,9.544915985316038,10.137249948456883
2026-08-10T16:49:39.689384+00:00,measurement_drift_01,meter_01,452,none,none,none,none,none,none,0.9999964472803771,0.4545367636335105,0,,0,0,drift_not_confirmed,,voltage_rolling_mean=231.648940;source_publish_interval=0.503957,,2.6139160618185997,17.100375145673752,19.745875149965286
2026-08-10T16:49:39.709514+00:00,measurement_drift_01,meter_02,452,none,none,none,unknown,unknown,normal_drift,0.999998209280388,0.612691303268486,0,,1,0,collecting_candidates;drift_not_confirmed,voltage_rolling_mean,voltage_rolling_mean=233.804373;source_publish_interval=0.503952,voltage_rolling_mean,0.7311669178307056,11.205708840861917,11.958375107496977
2026-08-10T16:49:39.721573+00:00,measurement_drift_01,meter_03,452,none,none,none,none,none,none,0.9999950624638096,0.4524755164543439,0,,0,0,drift_not_confirmed,,voltage_rolling_mean=230.520244;source_publish_interval=0.503946,,0.530292047187686,9.23808291554451,9.786917129531503
2026-08-10T16:49:40.194434+00:00,measurement_drift_01,meter_01,453,none,none,none,none,none,none,0.9999958391737083,0.4554924866668426,0,,0,0,drift_not_confirmed,,voltage_rolling_mean=231.648940;source_publish_interval=0.503957,,3.0864160507917404,17.245208146050572,20.37633303552866
2026-08-10T16:49:40.215242+00:00,measurement_drift_01,meter_02,453,none,none,none,unknown,unknown,normal_drift,0.9999963702729544,0.6117196485767155,0,,1,0,collecting_candidates;drift_not_confirmed,voltage_rolling_mean,voltage_rolling_mean=233.804373;source_publish_interval=0.503952,voltage_rolling_mean,0.8078329265117645,10.946500115096569,11.776834027841687
2026-08-10T16:49:40.227146+00:00,measurement_drift_01,meter_03,453,none,none,none,none,none,none,0.9999990665173658,0.5575279243137095,0,,0,0,drift_not_confirmed,,voltage_rolling_mean=230.520244;source_publish_interval=0.503946,,0.5376671906560659,9.371666936203837,9.930792031809688
2026-08-10T16:49:40.699514+00:00,measurement_drift_01,meter_01,454,none,none,none,none,none,none,0.9999957277267731,0.46802692069166174,0,,0,0,drift_not_confirmed,,voltage_rolling_mean=231.648940;source_publish_interval=0.503957,,1.999707892537117,21.287749987095594,23.330082884058356
2026-08-10T16:49:40.723192+00:00,measurement_drift_01,meter_02,454,none,none,none,none,none,normal_drift,0.9999761242561186,0.5605366915682375,0,,1,0,collecting_candidates;drift_not_confirmed,voltage_rolling_mean,voltage_rolling_mean=233.804373;source_publish_interval=0.503952,voltage_rolling_mean,0.7919999770820141,12.08700006827712,12.908915989100933
2026-08-10T16:49:40.736249+00:00,measurement_drift_01,meter_03,454,none,none,none,none,none,none,0.9999987409469959,0.455974280171991,0,,0,0,drift_not_confirmed,,voltage_rolling_mean=230.520244;source_publish_interval=0.503946,,0.6071249954402447,9.641207987442613,10.272749932482839
2026-08-10T16:49:41.202104+00:00,measurement_drift_01,meter_01,455,none,none,none,none,none,none,0.9999974792484152,0.4834149069684925,0,,0,0,drift_not_confirmed,,voltage_rolling_mean=231.648940;source_publish_interval=0.503957,,2.49870796687901,21.153500070795417,23.706041974946856
2026-08-10T16:49:41.226285+00:00,measurement_drift_01,meter_02,455,none,none,none,none,none,normal_drift,0.9999972195469882,0.5510766737464831,0,,1,0,collecting_candidates;drift_not_confirmed,voltage_rolling_mean,voltage_rolling_mean=233.804373;source_publish_interval=0.503952,voltage_rolling_mean,0.931041082367301,12.141790939494967,13.097333023324609
2026-08-10T16:49:41.239562+00:00,measurement_drift_01,meter_03,455,none,none,none,none,none,none,0.9999972011158544,0.43707324638120576,0,,0,0,drift_not_confirmed,,voltage_rolling_mean=230.520244;source_publish_interval=0.503946,,0.558875035494566,9.58212511613965,10.159333935007453
2026-08-10T16:49:41.707511+00:00,measurement_drift_01,meter_01,456,none,none,none,none,none,none,0.9999975127937788,0.45793960598704214,0,,0,0,drift_not_confirmed,,voltage_rolling_mean=231.648940;source_publish_interval=0.503957,,1.9389581866562366,21.844458067789674,23.82695791311562
2026-08-10T16:49:41.731666+00:00,measurement_drift_01,meter_02,456,none,none,none,none,none,normal_drift,0.99998412232305,0.5283975391913904,0,,1,0,collecting_candidates;drift_not_confirmed,voltage_rolling_mean,voltage_rolling_mean=233.804373;source_publish_interval=0.503952,voltage_rolling_mean,0.8753750007599592,12.126707937568426,13.027166947722435
2026-08-10T16:49:41.744824+00:00,measurement_drift_01,meter_03,456,none,none,none,none,none,none,0.9999986554215752,0.4630779997629989,0,,0,0,drift_not_confirmed,,voltage_rolling_mean=230.520244;source_publish_interval=0.503946,,0.5435419734567404,9.600708028301597,10.16341708600521
2026-08-10T16:49:42.212406+00:00,measurement_drift_01,meter_01,457,none,none,none,none,none,none,0.9999988011124965,0.44711530639244157,0,,0,0,drift_not_confirmed,,voltage_rolling_mean=231.648940;source_publish_interval=0.503957,,2.414790913462639,21.675749914720654,24.134582839906216
2026-08-10T16:49:42.237025+00:00,measurement_drift_01,meter_02,457,none,none,none,none,none,normal_drift,0.9999789464750489,0.5281027069852048,0,,1,0,collecting_candidates;drift_not_confirmed,voltage_rolling_mean,voltage_rolling_mean=233.804373;source_publish_interval=0.503952,voltage_rolling_mean,0.859375111758709,12.133667012676597,13.020208105444908
2026-08-10T16:49:42.250203+00:00,measurement_drift_01,meter_03,457,none,none,none,none,none,none,0.9999986202272559,0.45739259754377576,0,,0,0,drift_not_confirmed,,voltage_rolling_mean=230.520244;source_publish_interval=0.503946,,0.6035829428583384,9.702500188723207,10.326042072847486
2026-08-10T16:49:42.716028+00:00,measurement_drift_01,meter_01,458,none,none,none,none,none,none,0.9999986520867447,0.49095806315990015,0,,0,0,drift_not_confirmed,,voltage_rolling_mean=231.648940;source_publish_interval=0.503957,,2.161791082471609,23.148417007178068,25.35804221406579
2026-08-10T16:49:42.741806+00:00,measurement_drift_01,meter_02,458,none,none,none,none,none,normal_drift,0.9999896506083252,0.5299775582955326,0,,1,0,collecting_candidates;drift_not_confirmed,voltage_rolling_mean,voltage_rolling_mean=233.804373;source_publish_interval=0.503952,voltage_rolling_mean,0.8699579630047083,12.025709031149745,12.922000139951706
2026-08-10T16:49:42.754862+00:00,measurement_drift_01,meter_03,458,none,none,none,none,none,none,0.9999989098268821,0.4372003770788816,0,,0,0,drift_not_confirmed,,voltage_rolling_mean=230.520244;source_publish_interval=0.503946,,0.5904589779675007,9.738875087350607,10.34795818850398
2026-08-10T16:49:43.221049+00:00,measurement_drift_01,meter_01,459,none,none,none,none,none,none,0.9999982076865456,0.4588822096448144,0,,0,0,drift_not_confirmed,,voltage_rolling_mean=231.648940;source_publish_interval=0.503957,,2.005208982154727,21.844665985554457,23.899791995063424
2026-08-10T16:49:43.245345+00:00,measurement_drift_01,meter_02,459,none,none,none,none,none,normal_drift,0.9999858266783509,0.5239477570858998,0,,1,0,collecting_candidates;drift_not_confirmed,voltage_rolling_mean,voltage_rolling_mean=233.804373;source_publish_interval=0.503952,voltage_rolling_mean,0.8193331304937601,12.265832861885428,13.112999964505434
2026-08-10T16:49:43.258578+00:00,measurement_drift_01,meter_03,459,none,none,none,unknown,unknown,unknown,0.9999985357804729,0.6746601914295519,0,,0,0,drift_not_confirmed,,voltage_rolling_mean=230.520244;source_publish_interval=0.503946,,0.5380408838391304,9.714749874547124,10.272999992594123
2026-08-10T16:49:43.721658+00:00,measurement_drift_01,meter_01,460,none,none,none,none,none,none,0.9999996048328127,0.5361047931220905,0,,0,0,drift_not_confirmed,,voltage_rolling_mean=231.648940;source_publish_interval=0.503957,,2.004750072956085,21.50537515990436,23.55229202657938
2026-08-10T16:49:43.745568+00:00,measurement_drift_01,meter_02,460,none,none,none,none,none,normal_drift,0.999988433882346,0.5272377526830194,0,,1,1,drift_not_confirmed;reference_updated,voltage_rolling_mean,voltage_rolling_mean=233.556352;source_publish_interval=0.503952,voltage_rolling_mean,0.8906670846045017,12.433541007339954,13.3518329821527
2026-08-10T16:49:43.759044+00:00,measurement_drift_01,meter_03,460,none,none,none,none,none,none,0.9999982441793331,0.45446940281205195,0,,0,0,drift_not_confirmed,,voltage_rolling_mean=230.520244;source_publish_interval=0.503946,,0.5709999240934849,9.570499882102013,10.16037492081523
2026-08-10T16:49:44.227024+00:00,measurement_drift_01,meter_01,461,none,none,none,none,none,none,0.9999985750235401,0.44788958734547324,0,,0,0,drift_not_confirmed,,voltage_rolling_mean=231.648940;source_publish_interval=0.503957,,3.3507500775158405,15.632249880582094,19.023792119696736
2026-08-10T16:49:44.246477+00:00,measurement_drift_01,meter_02,461,none,none,none,none,none,normal_drift,0.9999917749885804,0.5191132594072774,0,,1,0,collecting_candidates;drift_not_confirmed,voltage_rolling_mean,voltage_rolling_mean=233.556352;source_publish_interval=0.503952,voltage_rolling_mean,0.806999858468771,10.596083011478186,11.425917036831379
2026-08-10T16:49:44.258016+00:00,measurement_drift_01,meter_03,461,none,none,none,none,none,none,0.9999979179469427,0.4406745697460131,0,,0,0,drift_not_confirmed,,voltage_rolling_mean=230.520244;source_publish_interval=0.503946,,0.5134169477969408,9.094584034755826,9.627790888771415
2026-08-10T16:49:44.732161+00:00,measurement_drift_01,meter_01,462,none,none,none,none,none,none,0.9999985434452424,0.48065966855584785,0,,0,0,drift_not_confirmed,,voltage_rolling_mean=231.648940;source_publish_interval=0.503957,,2.0565420854836702,21.533708088099957,23.624666966497898
2026-08-10T16:49:44.756117+00:00,measurement_drift_01,meter_02,462,none,none,none,none,none,normal_drift,0.9999766881038689,0.5174093416855499,0,,1,0,collecting_candidates;drift_not_confirmed,voltage_rolling_mean,voltage_rolling_mean=233.556352;source_publish_interval=0.503952,voltage_rolling_mean,0.7639999967068434,11.759999906644225,12.550874846056104
2026-08-10T16:49:44.768795+00:00,measurement_drift_01,meter_03,462,none,none,none,none,none,none,0.9999948327460446,0.4357827772105873,0,,0,0,drift_not_confirmed,,voltage_rolling_mean=230.520244;source_publish_interval=0.503946,,0.5811250302940607,9.60270781069994,10.201833909377456
2026-08-10T16:49:45.235350+00:00,measurement_drift_01,meter_01,463,none,none,none,none,none,none,0.9999983074793455,0.45156716294439914,0,,0,0,drift_not_confirmed,,voltage_rolling_mean=231.648940;source_publish_interval=0.503957,,2.6004170067608356,18.931665923446417,21.571625024080276
2026-08-10T16:49:45.257345+00:00,measurement_drift_01,meter_02,463,none,none,none,none,none,normal_drift,0.9999699944244309,0.48231207910251817,0,,1,0,collecting_candidates;drift_not_confirmed,voltage_rolling_mean,voltage_rolling_mean=233.556352;source_publish_interval=0.503952,voltage_rolling_mean,0.8037921506911516,11.63033302873373,12.458459008485079
2026-08-10T16:49:45.269937+00:00,measurement_drift_01,meter_03,463,none,none,none,none,none,none,0.9999980012552014,0.5162994802923381,0,,0,0,drift_not_confirmed,,voltage_rolling_mean=230.520244;source_publish_interval=0.503946,,0.5334578454494476,9.578000055626035,10.131125105544925
2026-08-10T16:49:45.735684+00:00,measurement_drift_01,meter_01,464,none,none,none,none,none,none,0.9999984873605706,0.4768950823571016,0,,0,0,drift_not_confirmed,,voltage_rolling_mean=231.648940;source_publish_interval=0.503957,,2.572624944150448,19.288124982267618,21.90341684035957
2026-08-10T16:49:45.758012+00:00,measurement_drift_01,meter_02,464,none,none,none,none,none,normal_drift,0.9999757418493274,0.4543965480441741,0,,1,0,collecting_candidates;drift_not_confirmed,voltage_rolling_mean,voltage_rolling_mean=233.556352;source_publish_interval=0.503952,voltage_rolling_mean,0.7524581160396338,11.69270882382989,12.467290973290801
2026-08-10T16:49:45.770593+00:00,measurement_drift_01,meter_03,464,none,none,none,none,none,none,0.9999956161593171,0.4834890642478087,0,,0,0,drift_not_confirmed,,voltage_rolling_mean=230.520244;source_publish_interval=0.503946,,0.5273339338600636,9.445332922041416,9.991833008825779
2026-08-10T16:49:46.240846+00:00,measurement_drift_01,meter_01,465,none,none,none,none,none,none,0.9999992334573741,0.5710006180593872,0,,0,0,drift_not_confirmed,,voltage_rolling_mean=231.648940;source_publish_interval=0.503957,,1.9557499326765537,22.08137488923967,24.077916983515024
2026-08-10T16:49:46.265244+00:00,measurement_drift_01,meter_02,465,none,none,none,none,none,normal_drift,0.9999354709567511,0.46174245295775196,0,,1,0,collecting_candidates;drift_not_confirmed,voltage_rolling_mean,voltage_rolling_mean=233.556352;source_publish_interval=0.503952,voltage_rolling_mean,0.8458748925477266,12.12979108095169,12.998666847124696
2026-08-10T16:49:46.278358+00:00,measurement_drift_01,meter_03,465,none,none,none,none,none,none,0.9999985298989764,0.5759526092136438,0,,0,0,drift_not_confirmed,,voltage_rolling_mean=230.520244;source_publish_interval=0.503946,,0.5240419413894415,9.529916802421212,10.073292069137096
2026-08-10T16:49:46.744055+00:00,measurement_drift_01,meter_01,466,none,none,none,none,none,none,0.9999995264388299,0.5003588939875531,0,,0,0,drift_not_confirmed,,voltage_rolling_mean=231.648940;source_publish_interval=0.503957,,2.4394579231739044,21.61274990066886,24.08812497742474
2026-08-10T16:49:46.768505+00:00,measurement_drift_01,meter_02,466,none,none,none,none,none,normal_drift,0.9999849218325689,0.46538287822241187,0,,1,0,collecting_candidates;drift_not_confirmed,voltage_rolling_mean,voltage_rolling_mean=233.556352;source_publish_interval=0.503952,voltage_rolling_mean,0.8342091459780931,11.766707990318537,12.624042108654976
2026-08-10T16:49:46.781242+00:00,measurement_drift_01,meter_03,466,none,none,none,none,none,none,0.9999985463229126,0.44889659500687734,0,,0,0,drift_not_confirmed,,voltage_rolling_mean=230.520244;source_publish_interval=0.503946,,0.535458093509078,9.581874823197722,10.135582881048322
2026-08-10T16:49:47.248209+00:00,measurement_drift_01,meter_01,467,none,none,none,none,none,none,0.9999929210055917,0.46141147242408326,0,,0,0,drift_not_confirmed,,voltage_rolling_mean=231.648940;source_publish_interval=0.503957,,1.9925418309867382,21.977457916364074,24.00866709649563
2026-08-10T16:49:47.272583+00:00,measurement_drift_01,meter_02,467,none,none,none,none,none,normal_drift,0.9999948650092523,0.445136092905827,0,,1,0,collecting_candidates;drift_not_confirmed,voltage_rolling_mean,voltage_rolling_mean=233.556352;source_publish_interval=0.503952,voltage_rolling_mean,0.875165918841958,11.99437491595745,12.8947498742491
2026-08-10T16:49:47.285601+00:00,measurement_drift_01,meter_03,467,none,none,none,none,none,none,0.9999983187732034,0.4558572973380628,0,,0,0,drift_not_confirmed,,voltage_rolling_mean=230.520244;source_publish_interval=0.503946,,0.5501250270754099,9.558666031807661,10.128250112757087
2026-08-10T16:49:47.753553+00:00,measurement_drift_01,meter_01,468,none,none,none,none,none,none,0.9999972144496394,0.4420818056314855,0,,0,0,drift_not_confirmed,,voltage_rolling_mean=231.648940;source_publish_interval=0.503957,,1.8078749999403954,18.89874995686114,20.730999996885657
2026-08-10T16:49:47.774537+00:00,measurement_drift_01,meter_02,468,none,none,none,none,none,normal_drift,0.9999979959046642,0.45163653264345355,0,,1,0,collecting_candidates;drift_not_confirmed,voltage_rolling_mean,voltage_rolling_mean=233.556352;source_publish_interval=0.503952,voltage_rolling_mean,0.5461671389639378,9.150374913588166,9.715749882161617
2026-08-10T16:49:47.784353+00:00,measurement_drift_01,meter_03,468,none,none,none,none,none,none,0.9999975347487385,0.4680259151831571,0,,0,0,drift_not_confirmed,,voltage_rolling_mean=230.520244;source_publish_interval=0.503946,,0.4567920695990324,8.348166942596436,8.828666061162949
2026-08-10T16:49:48.258513+00:00,measurement_drift_01,meter_01,469,none,none,none,none,none,none,0.9999957264400408,0.535969265717292,0,,0,0,drift_not_confirmed,,voltage_rolling_mean=231.648940;source_publish_interval=0.503957,,1.981459092348814,22.385166957974434,24.433708051219583
2026-08-10T16:49:48.283384+00:00,measurement_drift_01,meter_02,469,none,none,none,none,none,normal_drift,0.9999973454893424,0.44308024786747335,0,,1,0,collecting_candidates;drift_not_confirmed,voltage_rolling_mean,voltage_rolling_mean=233.556352;source_publish_interval=0.503952,voltage_rolling_mean,0.9336669463664293,12.012207880616188,12.972791912034154
2026-08-10T16:49:48.296522+00:00,measurement_drift_01,meter_03,469,none,none,none,none,none,none,0.9999927045696813,0.44179396102036983,0,,0,0,drift_not_confirmed,,voltage_rolling_mean=230.520244;source_publish_interval=0.503946,,0.5525418091565371,9.451458929106593,10.025375057011843
2026-08-10T16:49:48.760125+00:00,measurement_drift_01,meter_01,470,none,none,none,none,none,none,0.9999985875077638,0.4507651280437155,0,,0,0,drift_not_confirmed,,voltage_rolling_mean=231.648940;source_publish_interval=0.503957,,1.9804169423878193,22.014875197783113,24.039290845394135
2026-08-10T16:49:48.784525+00:00,measurement_drift_01,meter_02,470,none,none,none,none,none,normal_drift,0.9999978104278157,0.448109248397437,0,,1,0,collecting_candidates;drift_not_confirmed,voltage_rolling_mean,voltage_rolling_mean=233.556352;source_publish_interval=0.503952,voltage_rolling_mean,0.9014580864459276,12.112125055864453,13.040374964475632
2026-08-10T16:49:48.797707+00:00,measurement_drift_01,meter_03,470,none,none,none,none,none,none,0.9999973978619211,0.5740358189807565,0,,0,0,drift_not_confirmed,,voltage_rolling_mean=230.520244;source_publish_interval=0.503946,,0.5870000459253788,9.754374856129289,10.360916843637824
2026-08-10T16:49:49.265181+00:00,measurement_drift_01,meter_01,471,none,none,none,none,none,none,0.9999928619123007,0.4650991712315407,0,,0,0,drift_not_confirmed,,voltage_rolling_mean=231.648940;source_publish_interval=0.503957,,2.3371248971670866,22.795124910771847,25.181875098496675
2026-08-10T16:49:49.290745+00:00,measurement_drift_01,meter_02,471,none,none,none,none,none,normal_drift,0.9999980552891987,0.4424406277149534,0,,1,0,collecting_candidates;drift_not_confirmed,voltage_rolling_mean,voltage_rolling_mean=233.556352;source_publish_interval=0.503952,voltage_rolling_mean,0.9517499711364508,12.270292034372687,13.25091696344316
2026-08-10T16:49:49.304158+00:00,measurement_drift_01,meter_03,471,none,none,none,none,none,none,0.9999967204894615,0.44435682424289713,0,,0,0,drift_not_confirmed,,voltage_rolling_mean=230.520244;source_publish_interval=0.503946,,0.565374968573451,9.50866681523621,10.095207951962948
2026-08-10T16:49:49.770219+00:00,measurement_drift_01,meter_01,472,none,none,none,none,none,none,0.9999946084111171,0.5754076464512976,0,,0,0,drift_not_confirmed,,voltage_rolling_mean=231.648940;source_publish_interval=0.503957,,2.487124875187874,19.17362492531538,21.704208105802536
2026-08-10T16:49:49.792329+00:00,measurement_drift_01,meter_02,472,none,none,none,none,none,normal_drift,0.999998880489425,0.44636127648872553,0,,1,0,collecting_candidates;drift_not_confirmed,voltage_rolling_mean,voltage_rolling_mean=233.556352;source_publish_interval=0.503952,voltage_rolling_mean,0.7358749862760305,11.5406250115484,12.303916038945317
2026-08-10T16:49:49.804765+00:00,measurement_drift_01,meter_03,472,none,none,none,none,none,none,0.9999990472316778,0.459186295494459,0,,0,0,drift_not_confirmed,,voltage_rolling_mean=230.520244;source_publish_interval=0.503946,,0.5385000258684158,9.699250105768442,10.258750058710575
2026-08-10T16:49:50.271646+00:00,measurement_drift_01,meter_01,473,none,none,none,none,none,none,0.9999734271197138,0.4604854026124694,0,,0,0,drift_not_confirmed,,voltage_rolling_mean=231.648940;source_publish_interval=0.503957,,2.2464999929070473,18.506000051274896,20.79225005581975
2026-08-10T16:49:50.292828+00:00,measurement_drift_01,meter_02,473,none,none,none,none,none,normal_drift,0.9999965228389197,0.5087212006757634,0,,1,0,collecting_candidates;drift_not_confirmed,voltage_rolling_mean,voltage_rolling_mean=233.556352;source_publish_interval=0.503952,voltage_rolling_mean,0.7469169795513153,11.635084170848131,12.404917040839791
2026-08-10T16:49:50.305353+00:00,measurement_drift_01,meter_03,473,none,none,none,none,none,none,0.9999988475184439,0.5383060556702932,0,,0,0,drift_not_confirmed,,voltage_rolling_mean=230.520244;source_publish_interval=0.503946,,0.5150421056896448,9.52637498266995,10.060833068564534
2026-08-10T16:49:50.776983+00:00,measurement_drift_01,meter_01,474,none,none,none,none,none,none,0.9999941026350261,0.47714864678435764,0,,0,0,drift_not_confirmed,,voltage_rolling_mean=231.648940;source_publish_interval=0.503957,,2.0649589132517576,22.360916947945952,24.469750002026558
2026-08-10T16:49:50.801891+00:00,measurement_drift_01,meter_02,474,none,none,none,none,none,normal_drift,0.9999981716133367,0.48384358528432514,0,,1,0,collecting_candidates;drift_not_confirmed,voltage_rolling_mean,voltage_rolling_mean=233.556352;source_publish_interval=0.503952,voltage_rolling_mean,0.9040420409291983,12.073166901245713,13.002291787415743
2026-08-10T16:49:50.815033+00:00,measurement_drift_01,meter_03,474,none,none,none,none,none,none,0.999995269059017,0.5163539792514608,0,,0,0,drift_not_confirmed,,voltage_rolling_mean=230.520244;source_publish_interval=0.503946,,0.5410001613199711,9.49091580696404,10.050958022475243
2026-08-10T16:49:51.281686+00:00,measurement_drift_01,meter_01,475,none,none,none,none,none,none,0.9999974647809038,0.4950124567207343,0,,0,0,drift_not_confirmed,,voltage_rolling_mean=231.648940;source_publish_interval=0.503957,,1.9357921555638313,21.725582890212536,23.696249816566706
2026-08-10T16:49:51.305738+00:00,measurement_drift_01,meter_02,475,none,none,none,none,none,normal_drift,0.9999956724865382,0.49790342129834486,0,,1,0,collecting_candidates;drift_not_confirmed,voltage_rolling_mean,voltage_rolling_mean=233.556352;source_publish_interval=0.503952,voltage_rolling_mean,0.752332853153348,12.259415816515684,13.037415919825435
2026-08-10T16:49:51.318898+00:00,measurement_drift_01,meter_03,475,none,none,none,none,none,none,0.9999987886055721,0.4939025443590697,0,,0,0,drift_not_confirmed,,voltage_rolling_mean=230.520244;source_publish_interval=0.503946,,0.5826251581311226,9.595041861757636,10.196999879553914
2026-08-10T16:49:51.785888+00:00,measurement_drift_01,meter_01,476,none,none,none,none,none,none,0.9999982014756803,0.4409707956914638,0,,0,0,drift_not_confirmed,,voltage_rolling_mean=231.648940;source_publish_interval=0.503957,,3.0671251006424427,19.515374908223748,22.621917072683573
2026-08-10T16:49:51.808914+00:00,measurement_drift_01,meter_02,476,none,none,none,none,none,normal_drift,0.9999983709586154,0.43496515875593617,0,,1,0,collecting_candidates;drift_not_confirmed,voltage_rolling_mean,voltage_rolling_mean=233.556352;source_publish_interval=0.503952,voltage_rolling_mean,0.776166096329689,11.64550008252263,12.444499880075455
2026-08-10T16:49:51.821482+00:00,measurement_drift_01,meter_03,476,none,none,none,none,none,none,0.99999715568674,0.45697912027925874,0,,0,0,drift_not_confirmed,,voltage_rolling_mean=230.520244;source_publish_interval=0.503946,,0.5245408974587917,9.438666980713606,9.982417104765773
2026-08-10T16:49:52.290862+00:00,measurement_drift_01,meter_01,477,none,none,none,none,none,none,0.9999967353452665,0.46504144901915523,0,,0,0,drift_not_confirmed,,voltage_rolling_mean=231.648940;source_publish_interval=0.503957,,1.9882090855389833,21.979582961648703,24.00745893828571
2026-08-10T16:49:52.315202+00:00,measurement_drift_01,meter_02,477,none,none,none,none,none,normal_drift,0.9999940336123176,0.44828176775617573,0,,1,0,collecting_candidates;drift_not_confirmed,voltage_rolling_mean,voltage_rolling_mean=233.556352;source_publish_interval=0.503952,voltage_rolling_mean,0.7482089567929506,12.031666934490204,12.804749887436628
2026-08-10T16:49:52.328140+00:00,measurement_drift_01,meter_03,477,none,none,none,none,none,none,0.9999956782463483,0.4593348331329139,0,,0,0,drift_not_confirmed,,voltage_rolling_mean=230.520244;source_publish_interval=0.503946,,0.5535420496016741,9.483624948188663,10.056333150714636
2026-08-10T16:49:52.795718+00:00,measurement_drift_01,meter_01,478,none,none,none,none,none,none,0.9999985055605327,0.5686954613080945,0,,0,0,drift_not_confirmed,,voltage_rolling_mean=231.648940;source_publish_interval=0.503957,,1.9333751406520605,22.2207501064986,24.23233399167657
2026-08-10T16:49:52.820541+00:00,measurement_drift_01,meter_02,478,none,none,none,unknown,unknown,normal_drift,0.9999977193675144,0.6493352446345755,0,,1,0,collecting_candidates;drift_not_confirmed,voltage_rolling_mean,voltage_rolling_mean=233.556352;source_publish_interval=0.503952,voltage_rolling_mean,1.0221251286566257,12.457583099603653,13.510208111256361
2026-08-10T16:49:52.834231+00:00,measurement_drift_01,meter_03,478,none,none,none,none,none,none,0.9999971649581106,0.5540738101703823,0,,0,0,drift_not_confirmed,,voltage_rolling_mean=230.520244;source_publish_interval=0.503946,,0.5669170059263706,9.588625049218535,10.177082847803831
2026-08-10T16:49:53.300309+00:00,measurement_drift_01,meter_01,479,none,none,none,none,none,none,0.9999975128674868,0.4402317883662465,0,,0,0,drift_not_confirmed,,voltage_rolling_mean=231.648940;source_publish_interval=0.503957,,2.3147501051425934,19.401875091716647,21.759791998192668
2026-08-10T16:49:53.322494+00:00,measurement_drift_01,meter_02,479,none,none,none,none,none,normal_drift,0.9999905624352347,0.46141518146692123,0,,1,0,collecting_candidates;drift_not_confirmed,voltage_rolling_mean,voltage_rolling_mean=233.556352;source_publish_interval=0.503952,voltage_rolling_mean,0.7792089600116014,11.750375153496861,12.555208057165146
2026-08-10T16:49:53.335176+00:00,measurement_drift_01,meter_03,479,none,none,none,none,none,none,0.9999985021080301,0.5526805002467328,0,,0,0,drift_not_confirmed,,voltage_rolling_mean=230.520244;source_publish_interval=0.503946,,0.5506670568138361,9.593375027179718,10.169083019718528
2026-08-10T16:49:53.805242+00:00,measurement_drift_01,meter_01,480,none,none,none,none,none,none,0.9999971710156776,0.46217478877584756,0,,0,0,drift_not_confirmed,,voltage_rolling_mean=231.648940;source_publish_interval=0.503957,,2.8262499254196882,20.01875010319054,22.898708004504442
2026-08-10T16:49:53.828583+00:00,measurement_drift_01,meter_02,480,none,none,none,none,none,normal_drift,0.9999948548084207,0.4767583426131754,0,,1,1,drift_not_confirmed;reference_updated,voltage_rolling_mean,voltage_rolling_mean=232.556352;source_publish_interval=0.503952,voltage_rolling_mean,0.8366659749299288,11.782709043473005,12.64850003644824
2026-08-10T16:49:53.841373+00:00,measurement_drift_01,meter_03,480,none,none,none,none,none,none,0.9999918881973343,0.4576247568496184,0,,0,0,drift_not_confirmed,,voltage_rolling_mean=230.520244;source_publish_interval=0.503946,,0.5372909363359213,9.499542182311416,10.05791686475277
2026-08-10T16:49:54.310445+00:00,measurement_drift_01,meter_01,481,none,none,none,none,none,none,0.9999965901896398,0.4555866891274396,0,,0,0,drift_not_confirmed,,voltage_rolling_mean=231.648940;source_publish_interval=0.503957,,1.9086669199168682,22.171791875734925,24.123499868437648
2026-08-10T16:49:54.334937+00:00,measurement_drift_01,meter_02,481,none,none,none,none,none,normal_drift,0.99999640227176,0.44936341495889803,0,,1,0,collecting_candidates;drift_not_confirmed,voltage_rolling_mean,voltage_rolling_mean=232.556352;source_publish_interval=0.503952,voltage_rolling_mean,0.8995828684419394,12.20700005069375,13.132749823853374
2026-08-10T16:49:54.348210+00:00,measurement_drift_01,meter_03,481,none,none,none,none,none,none,0.9999972615763216,0.4696929778536263,0,,0,0,drift_not_confirmed,,voltage_rolling_mean=230.520244;source_publish_interval=0.503946,,0.5360001232475042,9.663207922130823,10.221708100289106
2026-08-10T16:49:54.814259+00:00,measurement_drift_01,meter_01,482,none,none,none,none,none,none,0.9999974303385195,0.46106473488624466,0,,0,0,drift_not_confirmed,,voltage_rolling_mean=231.648940;source_publish_interval=0.503957,,1.9441249314695597,21.761417156085372,23.749457905068994
2026-08-10T16:49:54.838369+00:00,measurement_drift_01,meter_02,482,none,none,none,none,none,normal_drift,0.9999985587545661,0.5042241408191285,0,,1,0,collecting_candidates;drift_not_confirmed,voltage_rolling_mean,voltage_rolling_mean=232.556352;source_publish_interval=0.503952,voltage_rolling_mean,0.9112919215112925,12.518084142357111,13.455415843054652
2026-08-10T16:49:54.851957+00:00,measurement_drift_01,meter_03,482,none,none,none,none,none,none,0.9999451811560126,0.4761449619240062,0,,0,0,drift_not_confirmed,,voltage_rolling_mean=230.520244;source_publish_interval=0.503946,,0.6215001922100782,9.655416011810303,10.295832995325327
2026-08-10T16:49:55.319772+00:00,measurement_drift_01,meter_01,483,none,none,none,none,none,none,0.9999907101908667,0.5436393876949536,0,,0,0,drift_not_confirmed,,voltage_rolling_mean=231.648940;source_publish_interval=0.503957,,1.97683391161263,22.54995796829462,24.58312502130866
2026-08-10T16:49:55.344759+00:00,measurement_drift_01,meter_02,483,none,none,none,none,none,normal_drift,0.9999988656235103,0.4447099412009494,0,,1,0,collecting_candidates;drift_not_confirmed,voltage_rolling_mean,voltage_rolling_mean=232.556352;source_publish_interval=0.503952,voltage_rolling_mean,0.9312091860920191,12.226291932165623,13.184416107833385
2026-08-10T16:49:55.358099+00:00,measurement_drift_01,meter_03,483,none,none,none,none,none,none,0.9999942814126989,0.45385168247897517,0,,0,0,drift_not_confirmed,,voltage_rolling_mean=230.520244;source_publish_interval=0.503946,,0.5483331624418497,9.613499976694584,10.182874975726008
2026-08-10T16:49:55.824096+00:00,measurement_drift_01,meter_01,484,none,none,none,none,none,none,0.9999982024262594,0.49130797794912884,0,,0,0,drift_not_confirmed,,voltage_rolling_mean=231.648940;source_publish_interval=0.503957,,1.5946670901030302,21.637292113155127,23.272540885955095
2026-08-10T16:49:55.847675+00:00,measurement_drift_01,meter_02,484,none,none,none,none,none,normal_drift,0.9999980590368392,0.4615013889821425,0,,1,0,collecting_candidates;drift_not_confirmed,voltage_rolling_mean,voltage_rolling_mean=232.556352;source_publish_interval=0.503952,voltage_rolling_mean,0.905750086531043,12.896958971396089,13.828166062012315
2026-08-10T16:49:55.861643+00:00,measurement_drift_01,meter_03,484,none,none,none,none,none,none,0.9999983190634207,0.4800814306084185,0,,0,0,drift_not_confirmed,,voltage_rolling_mean=230.520244;source_publish_interval=0.503946,,0.5990841891616583,9.674791945144534,10.293792001903057
2026-08-10T16:49:56.329513+00:00,measurement_drift_01,meter_01,485,none,none,none,none,none,none,0.9999984959804283,0.46406638716071663,0,,0,0,drift_not_confirmed,,voltage_rolling_mean=231.648940;source_publish_interval=0.503957,,1.9888749811798334,22.049000021070242,24.08041595481336
2026-08-10T16:49:56.353954+00:00,measurement_drift_01,meter_02,485,none,none,none,none,none,normal_drift,0.9999945329620493,0.47387855866432693,0,,1,0,collecting_candidates;drift_not_confirmed,voltage_rolling_mean,voltage_rolling_mean=232.556352;source_publish_interval=0.503952,voltage_rolling_mean,0.9035831317305565,12.184333987534046,13.11133406125009
2026-08-10T16:49:56.367188+00:00,measurement_drift_01,meter_03,485,none,none,none,none,none,none,0.9999952066583513,0.48255872087706764,0,,0,0,drift_not_confirmed,,voltage_rolling_mean=230.520244;source_publish_interval=0.503946,,0.5465419963002205,9.513166034594178,10.077999904751778
2026-08-10T16:49:56.834520+00:00,measurement_drift_01,meter_01,486,none,none,none,none,none,none,0.9999947584787031,0.516082115116007,0,,0,0,drift_not_confirmed,,voltage_rolling_mean=231.648940;source_publish_interval=0.503957,,2.308832947164774,20.255708135664463,22.609832929447293
2026-08-10T16:49:56.857553+00:00,measurement_drift_01,meter_02,486,none,none,none,none,none,normal_drift,0.999997079371084,0.4637018749677791,0,,1,0,collecting_candidates;drift_not_confirmed,voltage_rolling_mean,voltage_rolling_mean=232.556352;source_publish_interval=0.503952,voltage_rolling_mean,0.7959590293467045,11.60412491299212,12.425916036590934
2026-08-10T16:49:56.870139+00:00,measurement_drift_01,meter_03,486,none,none,none,none,none,none,0.9999960357635798,0.45972446443197795,0,,0,0,drift_not_confirmed,,voltage_rolling_mean=230.520244;source_publish_interval=0.503946,,0.5517499521374702,9.495791979134083,10.068415896967053
2026-08-10T16:49:57.337693+00:00,measurement_drift_01,meter_01,487,none,none,none,none,none,none,0.999996947671723,0.44759942810021,0,,0,0,drift_not_confirmed,,voltage_rolling_mean=231.648940;source_publish_interval=0.503957,,2.7970829978585243,18.679625121876597,21.516749868169427
2026-08-10T16:49:57.359644+00:00,measurement_drift_01,meter_02,487,none,none,none,none,none,normal_drift,0.9999982203613239,0.4649871080695078,0,,1,0,collecting_candidates;drift_not_confirmed,voltage_rolling_mean,voltage_rolling_mean=232.556352;source_publish_interval=0.503952,voltage_rolling_mean,0.7629171013832092,11.935916962102056,12.724083149805665
2026-08-10T16:49:57.372513+00:00,measurement_drift_01,meter_03,487,none,none,none,none,none,none,0.9999967497997725,0.5347718171096841,0,,0,0,drift_not_confirmed,,voltage_rolling_mean=230.520244;source_publish_interval=0.503946,,0.5592501256614923,9.503083070740104,10.082124965265393
2026-08-10T16:49:57.842033+00:00,measurement_drift_01,meter_01,488,none,none,none,none,none,none,0.9999973821873815,0.4508198859028334,0,,0,0,drift_not_confirmed,,voltage_rolling_mean=231.648940;source_publish_interval=0.503957,,1.9532910082489252,22.055167006328702,24.05829099006951
2026-08-10T16:49:57.866468+00:00,measurement_drift_01,meter_02,488,none,none,none,none,none,normal_drift,0.9999971184034799,0.45613355124369553,0,,1,0,collecting_candidates;drift_not_confirmed,voltage_rolling_mean,voltage_rolling_mean=232.556352;source_publish_interval=0.503952,voltage_rolling_mean,0.9152081329375505,12.093083001673222,13.034374918788671
2026-08-10T16:49:57.879639+00:00,measurement_drift_01,meter_03,488,none,none,none,none,none,none,0.9999940280654579,0.5189852130204669,0,,0,0,drift_not_confirmed,,voltage_rolling_mean=230.520244;source_publish_interval=0.503946,,0.5398748908191919,9.603208163753152,10.16424992121756
2026-08-10T16:49:58.347318+00:00,measurement_drift_01,meter_01,489,none,none,none,none,none,none,0.9999920029454074,0.5136445599560442,0,,0,0,drift_not_confirmed,,voltage_rolling_mean=231.648940;source_publish_interval=0.503957,,1.9286670722067356,22.341083036735654,24.3112500756979
2026-08-10T16:49:58.371970+00:00,measurement_drift_01,meter_02,489,none,none,none,none,none,normal_drift,0.9999984888109781,0.4392691394829834,0,,1,0,collecting_candidates;drift_not_confirmed,voltage_rolling_mean,voltage_rolling_mean=232.556352;source_publish_interval=0.503952,voltage_rolling_mean,0.8649169467389584,12.015833053737879,12.904082890599966
2026-08-10T16:49:58.384996+00:00,measurement_drift_01,meter_03,489,none,none,none,none,none,none,0.9999915896937202,0.4520525337961066,0,,0,0,drift_not_confirmed,,voltage_rolling_mean=230.520244;source_publish_interval=0.503946,,0.5395000334829092,9.58512513898313,10.144207859411836
2026-08-10T16:49:58.852173+00:00,measurement_drift_01,meter_01,490,none,none,none,none,none,none,0.9999952645394572,0.4571526197761812,0,,0,0,drift_not_confirmed,,voltage_rolling_mean=231.648940;source_publish_interval=0.503957,,3.222791012376547,17.191916005685925,20.452624885365367
2026-08-10T16:49:58.872989+00:00,measurement_drift_01,meter_02,490,none,none,none,none,none,normal_drift,0.9999979951270762,0.4388702540981164,0,,1,0,collecting_candidates;drift_not_confirmed,voltage_rolling_mean,voltage_rolling_mean=232.556352;source_publish_interval=0.503952,voltage_rolling_mean,0.7406659424304962,11.14145782776177,11.90383406355977
2026-08-10T16:49:58.885008+00:00,measurement_drift_01,meter_03,490,none,none,none,none,none,none,0.999997611645412,0.44428012993711496,0,,0,0,drift_not_confirmed,,voltage_rolling_mean=230.520244;source_publish_interval=0.503946,,0.5347500555217266,9.25470795482397,9.808124974370003
2026-08-10T16:49:59.354110+00:00,measurement_drift_01,meter_01,491,none,none,none,none,none,none,0.9999974835175434,0.5146264395639445,0,,0,0,drift_not_confirmed,,voltage_rolling_mean=231.648940;source_publish_interval=0.503957,,1.9641248509287834,21.814334206283092,23.820540867745876
2026-08-10T16:49:59.378271+00:00,measurement_drift_01,meter_02,491,none,none,none,none,none,normal_drift,0.999996662501463,0.45067474049894973,0,,1,0,collecting_candidates;drift_not_confirmed,voltage_rolling_mean,voltage_rolling_mean=232.556352;source_publish_interval=0.503952,voltage_rolling_mean,0.8782921358942986,12.147959088906646,13.052624883130193
2026-08-10T16:49:59.391469+00:00,measurement_drift_01,meter_03,491,none,none,none,none,none,none,0.9999958757664146,0.4463513167418619,0,,0,0,drift_not_confirmed,,voltage_rolling_mean=230.520244;source_publish_interval=0.503946,,0.5662501789629459,9.531999938189983,10.118916863575578
2026-08-10T16:49:59.859062+00:00,measurement_drift_01,meter_01,492,none,none,none,none,none,none,0.9999944856275312,0.4840343037373548,0,,0,0,drift_not_confirmed,,voltage_rolling_mean=231.648940;source_publish_interval=0.503957,,2.6892079040408134,20.75179200619459,23.477874929085374
2026-08-10T16:49:59.882928+00:00,measurement_drift_01,meter_02,492,none,none,none,none,none,normal_drift,0.9999971193139238,0.473949708066491,0,,1,0,collecting_candidates;drift_not_confirmed,voltage_rolling_mean,voltage_rolling_mean=232.556352;source_publish_interval=0.503952,voltage_rolling_mean,0.7531659211963415,11.799084022641182,12.577583082020283
2026-08-10T16:49:59.895629+00:00,measurement_drift_01,meter_03,492,none,none,none,none,none,none,0.9999971869968971,0.4875765447602769,0,,0,0,drift_not_confirmed,,voltage_rolling_mean=230.520244;source_publish_interval=0.503946,,0.5858340300619602,9.619166841730475,10.22441708482802
2026-08-10T16:50:00.363587+00:00,measurement_drift_01,meter_01,493,none,none,none,none,none,none,0.9999958525540034,0.4790162883991024,0,,0,0,drift_not_confirmed,,voltage_rolling_mean=231.648940;source_publish_interval=0.503957,,1.6880840994417667,23.071957984939218,24.805207969620824
2026-08-10T16:50:00.388779+00:00,measurement_drift_01,meter_02,493,none,none,none,none,none,normal_drift,0.9999980844883173,0.535840736620543,0,,1,0,collecting_candidates;drift_not_confirmed,voltage_rolling_mean,voltage_rolling_mean=232.556352;source_publish_interval=0.503952,voltage_rolling_mean,0.8978329133242369,12.747458880767226,13.66983400657773
2026-08-10T16:50:00.402585+00:00,measurement_drift_01,meter_03,493,none,none,none,none,none,none,0.9999734157455005,0.4804717527665874,0,,0,0,drift_not_confirmed,,voltage_rolling_mean=230.520244;source_publish_interval=0.503946,,0.5957081448286772,9.638124844059348,10.252750013023615
2026-08-10T16:50:00.867383+00:00,measurement_drift_01,meter_01,494,none,none,none,none,none,none,0.9999983123798609,0.47088896611607056,0,,0,0,drift_not_confirmed,,voltage_rolling_mean=231.648940;source_publish_interval=0.503957,,1.9565830007195473,22.23233296535909,24.224292021244764
2026-08-10T16:50:00.891911+00:00,measurement_drift_01,meter_02,494,none,none,none,none,none,normal_drift,0.9999989706900975,0.44394510795891806,0,,1,0,collecting_candidates;drift_not_confirmed,voltage_rolling_mean,voltage_rolling_mean=232.556352;source_publish_interval=0.503952,voltage_rolling_mean,0.8332920260727406,11.85075007379055,12.70533399656415
2026-08-10T16:50:00.904722+00:00,measurement_drift_01,meter_03,494,none,none,none,none,none,none,0.9999982097688959,0.5876605357043312,0,,0,0,drift_not_confirmed,,voltage_rolling_mean=230.520244;source_publish_interval=0.503946,,0.5219578742980957,9.851541137322783,10.395584162324667
2026-08-10T16:50:01.372256+00:00,measurement_drift_01,meter_01,495,none,none,none,none,none,none,0.9999937298601688,0.46355722424114415,0,,0,0,drift_not_confirmed,,voltage_rolling_mean=231.648940;source_publish_interval=0.503957,,1.9572919700294733,22.201665909960866,24.1999588906765
2026-08-10T16:50:01.396821+00:00,measurement_drift_01,meter_02,495,none,none,none,none,none,normal_drift,0.9999979772064985,0.525062250343532,0,,1,0,collecting_candidates;drift_not_confirmed,voltage_rolling_mean,voltage_rolling_mean=232.556352;source_publish_interval=0.503952,voltage_rolling_mean,0.8805410470813513,12.011707993224263,12.91683316230774
2026-08-10T16:50:01.409878+00:00,measurement_drift_01,meter_03,495,none,none,none,none,none,none,0.9999979053629101,0.4909357235907393,0,,0,0,drift_not_confirmed,,voltage_rolling_mean=230.520244;source_publish_interval=0.503946,,0.5371249280869961,9.590249974280596,10.145917069166899
2026-08-10T16:50:01.874648+00:00,measurement_drift_01,meter_01,496,none,none,none,none,none,none,0.9999969517744405,0.4430812572745262,0,,0,0,drift_not_confirmed,,voltage_rolling_mean=231.648940;source_publish_interval=0.503957,,1.9638328813016415,21.92587498575449,23.929332848638296
2026-08-10T16:50:01.898896+00:00,measurement_drift_01,meter_02,496,none,none,none,none,none,normal_drift,0.9999966316730916,0.542224574858002,0,,1,0,collecting_candidates;drift_not_confirmed,voltage_rolling_mean,voltage_rolling_mean=232.556352;source_publish_interval=0.503952,voltage_rolling_mean,0.8580000139772892,12.28008302859962,13.164125150069594
2026-08-10T16:50:01.912182+00:00,measurement_drift_01,meter_03,496,none,none,none,none,none,none,0.9999938233899203,0.460021158517381,0,,0,0,drift_not_confirmed,,voltage_rolling_mean=230.520244;source_publish_interval=0.503946,,0.5475829821079969,9.481667075306177,10.041332803666592
2026-08-10T16:50:02.379653+00:00,measurement_drift_01,meter_01,497,none,none,none,none,none,none,0.9999980303734018,0.46637357822974956,0,,0,0,drift_not_confirmed,,voltage_rolling_mean=231.648940;source_publish_interval=0.503957,,2.46112491004169,21.879374980926514,24.38479196280241
2026-08-10T16:50:02.404421+00:00,measurement_drift_01,meter_02,497,none,none,none,none,none,normal_drift,0.9999972296208572,0.4536520533836624,0,,1,0,collecting_candidates;drift_not_confirmed,voltage_rolling_mean,voltage_rolling_mean=232.556352;source_publish_interval=0.503952,voltage_rolling_mean,0.7850409019738436,11.967374943196774,12.778125004842877
2026-08-10T16:50:02.417309+00:00,measurement_drift_01,meter_03,497,none,none,none,none,none,none,0.9999969404301434,0.4934264060608746,0,,0,0,drift_not_confirmed,,voltage_rolling_mean=230.520244;source_publish_interval=0.503946,,0.5979170091450214,9.715999942272902,10.333416983485222
2026-08-10T16:50:02.882663+00:00,measurement_drift_01,meter_01,498,none,none,none,none,none,none,0.9999985074347042,0.4524374389887423,0,,0,0,drift_not_confirmed,,voltage_rolling_mean=231.648940;source_publish_interval=0.503957,,3.2987501472234726,22.151999874040484,25.491500040516257
2026-08-10T16:50:02.908549+00:00,measurement_drift_01,meter_02,498,none,none,none,none,none,normal_drift,0.9999876396422364,0.49511353667779073,0,,1,0,collecting_candidates;drift_not_confirmed,voltage_rolling_mean,voltage_rolling_mean=232.556352;source_publish_interval=0.503952,voltage_rolling_mean,0.85041718557477,11.96254207752645,12.838499853387475
2026-08-10T16:50:02.921512+00:00,measurement_drift_01,meter_03,498,none,none,none,none,none,none,0.9999952846700684,0.46500239221262923,0,,0,0,drift_not_confirmed,,voltage_rolling_mean=230.520244;source_publish_interval=0.503946,,0.5952909123152494,9.488584008067846,10.095792124047875
2026-08-10T16:50:03.387766+00:00,measurement_drift_01,meter_01,499,none,none,none,none,none,none,0.999996663621418,0.45848685759393204,0,,0,0,drift_not_confirmed,,voltage_rolling_mean=231.648940;source_publish_interval=0.503957,,1.9696659874171019,22.445833077654243,24.46387498639524
2026-08-10T16:50:03.412588+00:00,measurement_drift_01,meter_02,499,none,none,none,none,none,normal_drift,0.9999951869911042,0.44928377037599443,1,voltage_rolling_mean,1,0,collecting_candidates;drift_not_confirmed,voltage_rolling_mean,voltage_rolling_mean=232.556352;source_publish_interval=0.503952,voltage_rolling_mean,0.9287500288337469,12.156165903434157,13.114166911691427
2026-08-10T16:50:03.425853+00:00,measurement_drift_01,meter_03,499,none,none,none,none,none,none,0.999997440795403,0.45303594711913064,0,,0,0,drift_not_confirmed,,voltage_rolling_mean=230.520244;source_publish_interval=0.503946,,0.5475829821079969,9.595625102519989,10.163415921851993
2026-08-10T16:50:03.892985+00:00,measurement_drift_01,meter_01,500,none,none,none,none,none,none,0.999998615904682,0.48808494813032655,0,,0,0,drift_not_confirmed,,voltage_rolling_mean=231.648940;source_publish_interval=0.503957,,2.9178329277783632,18.478082958608866,21.428917068988085
2026-08-10T16:50:03.914777+00:00,measurement_drift_01,meter_02,500,none,none,none,none,none,normal_drift,0.9999991517721615,0.5492455103678,0,,1,1,drift_not_confirmed;reference_updated,voltage_rolling_mean,voltage_rolling_mean=232.091423;source_publish_interval=0.503952,voltage_rolling_mean,0.7240420673042536,11.484083021059632,12.234333204105496
2026-08-10T16:50:03.927113+00:00,measurement_drift_01,meter_03,500,none,none,none,none,none,none,0.9999993691101517,0.5647157220495634,0,,0,0,drift_not_confirmed,,voltage_rolling_mean=230.520244;source_publish_interval=0.503946,,0.5427079740911722,9.464374976232648,10.0252500269562
2026-08-10T16:50:04.396278+00:00,measurement_drift_01,meter_01,501,none,none,none,none,none,none,0.9999961971514408,0.45156285049253064,0,,0,0,drift_not_confirmed,,voltage_rolling_mean=231.648940;source_publish_interval=0.503957,,1.921707997098565,22.18470792286098,24.14462505839765
2026-08-10T16:50:04.420772+00:00,measurement_drift_01,meter_02,501,none,none,none,none,none,normal_drift,0.9999983434845594,0.466378358274799,0,,1,0,collecting_candidates;drift_not_confirmed,voltage_rolling_mean,voltage_rolling_mean=232.091423;source_publish_interval=0.503952,voltage_rolling_mean,0.8583748713135719,12.014708016067743,12.898624874651432
2026-08-10T16:50:04.433799+00:00,measurement_drift_01,meter_03,501,none,none,none,none,none,none,0.9999989506233881,0.48622933769482546,0,,0,0,drift_not_confirmed,,voltage_rolling_mean=230.520244;source_publish_interval=0.503946,,0.5688751116394997,9.537542006000876,10.12562494724989
2026-08-10T16:50:04.901497+00:00,measurement_drift_01,meter_01,502,none,none,none,none,none,none,0.9999978840352515,0.4886790300442539,0,,0,0,drift_not_confirmed,,voltage_rolling_mean=231.648940;source_publish_interval=0.503957,,1.939042005687952,22.7448339574039,24.72887490876019
2026-08-10T16:50:04.926526+00:00,measurement_drift_01,meter_02,502,none,none,none,none,none,normal_drift,0.9999983404298821,0.4867795817837815,0,,1,0,collecting_candidates;drift_not_confirmed,voltage_rolling_mean,voltage_rolling_mean=232.091423;source_publish_interval=0.503952,voltage_rolling_mean,0.7566669955849648,11.664875084534287,12.444291962310672
2026-08-10T16:50:04.939087+00:00,measurement_drift_01,meter_03,502,none,none,none,none,none,none,0.999994214004142,0.4369363988107747,0,,0,0,drift_not_confirmed,,voltage_rolling_mean=230.520244;source_publish_interval=0.503946,,0.5496249068528414,9.479040978476405,10.050749871879816
2026-08-10T16:50:05.402017+00:00,measurement_drift_01,meter_01,503,none,none,none,none,none,none,0.9999979439097884,0.4766306385044888,0,,0,0,drift_not_confirmed,,voltage_rolling_mean=231.648940;source_publish_interval=0.503957,,2.2359578870236874,22.724291076883674,25.000042049214244
2026-08-10T16:50:05.427317+00:00,measurement_drift_01,meter_02,503,none,none,none,none,none,normal_drift,0.9999985137290611,0.4773560844177381,0,,1,0,collecting_candidates;drift_not_confirmed,voltage_rolling_mean,voltage_rolling_mean=232.091423;source_publish_interval=0.503952,voltage_rolling_mean,0.8280000183731318,12.087625218555331,12.94062496162951
2026-08-10T16:50:05.440378+00:00,measurement_drift_01,meter_03,503,none,none,none,none,none,none,0.9999890546255333,0.47379612174753594,0,,0,0,drift_not_confirmed,,voltage_rolling_mean=230.520244;source_publish_interval=0.503946,,0.5857921205461025,9.565250016748905,10.169791989028454
2026-08-10T16:50:05.907550+00:00,measurement_drift_01,meter_01,504,none,none,none,none,none,none,0.9999987062306773,0.4650946076102984,0,,0,0,drift_not_confirmed,,voltage_rolling_mean=231.648940;source_publish_interval=0.503957,,2.25304183550179,22.44716719724238,24.74329201504588
2026-08-10T16:50:05.932939+00:00,measurement_drift_01,meter_02,504,none,none,none,none,none,normal_drift,0.9999989997423782,0.5023001425413692,0,,1,0,collecting_candidates;drift_not_confirmed,voltage_rolling_mean,voltage_rolling_mean=232.091423;source_publish_interval=0.503952,voltage_rolling_mean,0.8428751025348902,12.163292150944471,13.030125061050057
2026-08-10T16:50:05.946074+00:00,measurement_drift_01,meter_03,504,none,none,none,none,none,none,0.9999971611988959,0.5407149420062706,0,,0,0,drift_not_confirmed,,voltage_rolling_mean=230.520244;source_publish_interval=0.503946,,0.6011251825839281,9.528958005830646,10.148125002160668
2026-08-10T16:50:06.412623+00:00,measurement_drift_01,meter_01,505,none,none,none,none,none,none,0.999998619367286,0.4402396431051932,0,,0,0,drift_not_confirmed,,voltage_rolling_mean=231.648940;source_publish_interval=0.503957,,2.011916832998395,22.074332926422358,24.124665884301066
2026-08-10T16:50:06.437109+00:00,measurement_drift_01,meter_02,505,none,none,none,none,none,normal_drift,0.9999812412410714,0.5191885477332053,0,,1,0,collecting_candidates;drift_not_confirmed,voltage_rolling_mean,voltage_rolling_mean=232.091423;source_publish_interval=0.503952,voltage_rolling_mean,0.8254998829215765,11.952874949201941,12.802125187590718
2026-08-10T16:50:06.450022+00:00,measurement_drift_01,meter_03,505,none,none,none,none,none,none,0.9999976284001363,0.5195785078426164,0,,0,0,drift_not_confirmed,,voltage_rolling_mean=230.520244;source_publish_interval=0.503946,,0.5946250166743994,9.428000077605247,10.041041066870093
2026-08-10T16:50:06.915920+00:00,measurement_drift_01,meter_01,506,none,none,none,none,none,none,0.9999994585201418,0.538518839346515,0,,0,0,drift_not_confirmed,,voltage_rolling_mean=231.648940;source_publish_interval=0.503957,,2.4535839911550283,20.05962491966784,22.546750027686357
2026-08-10T16:50:06.938810+00:00,measurement_drift_01,meter_02,506,none,none,none,none,none,normal_drift,0.9999979240638371,0.47658506030580383,0,,1,0,collecting_candidates;drift_not_confirmed,voltage_rolling_mean,voltage_rolling_mean=232.091423;source_publish_interval=0.503952,voltage_rolling_mean,0.6727499421685934,11.692165862768888,12.386250076815486
2026-08-10T16:50:06.951286+00:00,measurement_drift_01,meter_03,506,none,none,none,none,none,none,0.9999970731201879,0.4456420119816555,0,,0,0,drift_not_confirmed,,voltage_rolling_mean=230.520244;source_publish_interval=0.503946,,0.5416660569608212,9.36333299614489,9.923166828230023
2026-08-10T16:50:07.420863+00:00,measurement_drift_01,meter_01,507,none,none,none,none,none,none,0.9999980106873482,0.5240370881755548,0,,0,0,drift_not_confirmed,,voltage_rolling_mean=231.648940;source_publish_interval=0.503957,,2.095624804496765,22.829333087429404,24.970500031486154
2026-08-10T16:50:07.446328+00:00,measurement_drift_01,meter_02,507,none,none,none,none,none,normal_drift,0.9999989931863238,0.4475656001837031,0,,1,0,collecting_candidates;drift_not_confirmed,voltage_rolling_mean,voltage_rolling_mean=232.091423;source_publish_interval=0.503952,voltage_rolling_mean,0.8438751101493835,12.04170798882842,12.908833799883723
2026-08-10T16:50:07.459368+00:00,measurement_drift_01,meter_03,507,none,none,none,none,none,none,0.9999901826279376,0.47007451081953167,0,,0,0,drift_not_confirmed,,voltage_rolling_mean=230.520244;source_publish_interval=0.503946,,0.556665938347578,9.585166815668344,10.160583071410656
2026-08-10T16:50:07.926197+00:00,measurement_drift_01,meter_01,508,none,none,none,none,none,none,0.99999673410505,0.4545278404105239,0,,0,0,drift_not_confirmed,,voltage_rolling_mean=231.648940;source_publish_interval=0.503957,,2.237624954432249,18.46737484447658,20.735666854307055
2026-08-10T16:50:07.947274+00:00,measurement_drift_01,meter_02,508,none,none,none,unknown,unknown,normal_drift,0.999999832285643,0.6519771102130559,0,,1,0,collecting_candidates;drift_not_confirmed,voltage_rolling_mean,voltage_rolling_mean=232.091423;source_publish_interval=0.503952,voltage_rolling_mean,0.6985000800341368,11.445916956290603,12.164999963715672
2026-08-10T16:50:07.959547+00:00,measurement_drift_01,meter_03,508,none,none,none,none,none,none,0.999983800613914,0.4369260661547746,0,,0,0,drift_not_confirmed,,voltage_rolling_mean=230.520244;source_publish_interval=0.503946,,0.5518749821931124,9.390083141624928,9.959249990060925
2026-08-10T16:50:08.429306+00:00,measurement_drift_01,meter_01,509,none,none,none,none,none,none,0.9999987357831617,0.5456636093718185,0,,0,0,drift_not_confirmed,,voltage_rolling_mean=231.648940;source_publish_interval=0.503957,,1.434624893590808,20.92966716736555,22.400291869416833
2026-08-10T16:50:08.452024+00:00,measurement_drift_01,meter_02,509,none,none,none,none,none,normal_drift,0.9999989878829153,0.4985426051850198,0,,1,0,collecting_candidates;drift_not_confirmed,voltage_rolling_mean,voltage_rolling_mean=232.091423;source_publish_interval=0.503952,voltage_rolling_mean,0.8826670236885548,13.485500123351812,14.393749879673123
2026-08-10T16:50:08.466549+00:00,measurement_drift_01,meter_03,509,none,none,none,none,none,none,0.9999847859309171,0.4600138670287356,0,,0,0,drift_not_confirmed,,voltage_rolling_mean=230.520244;source_publish_interval=0.503946,,0.6166668608784676,9.762333007529378,10.397874983027577
2026-08-10T16:50:08.934643+00:00,measurement_drift_01,meter_01,510,none,none,none,none,none,none,0.9999970787623418,0.4605018594932783,0,,0,0,drift_not_confirmed,,voltage_rolling_mean=231.648940;source_publish_interval=0.503957,,2.0771671552211046,22.41025003604591,24.52566591091454
2026-08-10T16:50:08.959558+00:00,measurement_drift_01,meter_02,510,none,none,none,none,none,normal_drift,0.999999554434281,0.5714105957992783,0,,1,0,collecting_candidates;drift_not_confirmed,voltage_rolling_mean,voltage_rolling_mean=232.091423;source_publish_interval=0.503952,voltage_rolling_mean,0.8301669731736183,12.137167155742645,12.991415802389383
2026-08-10T16:50:08.972686+00:00,measurement_drift_01,meter_03,510,none,none,none,none,none,none,0.9999975849555132,0.504673709653569,0,,0,0,drift_not_confirmed,,voltage_rolling_mean=230.520244;source_publish_interval=0.503946,,0.5863329861313105,9.373750071972609,9.978791000321507
2026-08-10T16:50:09.439163+00:00,measurement_drift_01,meter_01,511,none,none,none,none,none,none,0.9999978553720641,0.4493374711655731,0,,0,0,drift_not_confirmed,,voltage_rolling_mean=231.648940;source_publish_interval=0.503957,,1.5499589499086142,21.733500063419342,23.339167004451156
2026-08-10T16:50:09.462883+00:00,measurement_drift_01,meter_02,511,none,none,none,none,none,normal_drift,0.9999984378850831,0.4577311130886047,0,,1,0,collecting_candidates;drift_not_confirmed,voltage_rolling_mean,voltage_rolling_mean=232.091423;source_publish_interval=0.503952,voltage_rolling_mean,0.9461669251322746,12.913707876577973,13.88750015757978
2026-08-10T16:50:09.476928+00:00,measurement_drift_01,meter_03,511,none,none,none,none,none,none,0.9999961236435086,0.4414232259082054,0,,0,0,drift_not_confirmed,,voltage_rolling_mean=230.520244;source_publish_interval=0.503946,,0.591666903346777,9.969791863113642,10.58229198679328
2026-08-10T16:50:09.943713+00:00,measurement_drift_01,meter_01,512,none,none,none,none,none,none,0.9999973711148692,0.4645492843363774,0,,0,0,drift_not_confirmed,,voltage_rolling_mean=231.648940;source_publish_interval=0.503957,,2.3050839081406593,21.657500183209777,23.997250013053417
2026-08-10T16:50:09.968074+00:00,measurement_drift_01,meter_02,512,none,none,none,none,none,normal_drift,0.9999990972909518,0.46528228771990343,0,,1,0,collecting_candidates;drift_not_confirmed,voltage_rolling_mean,voltage_rolling_mean=232.091423;source_publish_interval=0.503952,voltage_rolling_mean,0.8240840397775173,11.847958201542497,12.69820798188448
2026-08-10T16:50:09.980895+00:00,measurement_drift_01,meter_03,512,none,none,none,none,none,none,0.9999973726180444,0.5168276134300547,0,,0,0,drift_not_confirmed,,voltage_rolling_mean=230.520244;source_publish_interval=0.503946,,0.6271661259233952,9.73283383063972,10.378458071500063
2026-08-10T16:50:10.448472+00:00,measurement_drift_01,meter_01,513,none,none,none,none,none,none,0.9999985294428806,0.4560778923655995,0,,0,0,drift_not_confirmed,,voltage_rolling_mean=231.648940;source_publish_interval=0.503957,,2.007625065743923,21.507666911929846,23.55358307249844
2026-08-10T16:50:10.472333+00:00,measurement_drift_01,meter_02,513,none,none,none,none,none,normal_drift,0.9999988929250617,0.4872529891403923,0,,1,0,collecting_candidates;drift_not_confirmed,voltage_rolling_mean,voltage_rolling_mean=232.091423;source_publish_interval=0.503952,voltage_rolling_mean,0.8333749137818813,12.4761660117656,13.334041927009821
2026-08-10T16:50:10.485786+00:00,measurement_drift_01,meter_03,513,none,none,none,none,none,none,0.9999930319472721,0.5345615240375321,0,,0,0,drift_not_confirmed,,voltage_rolling_mean=230.520244;source_publish_interval=0.503946,,0.6044169422239065,9.610500186681747,10.233165929093957
2026-08-10T16:50:10.953263+00:00,measurement_drift_01,meter_01,514,none,none,none,none,none,none,0.9999956408828478,0.4495166902063336,0,,0,0,drift_not_confirmed,,voltage_rolling_mean=231.648940;source_publish_interval=0.503957,,1.4197498094290495,21.094791823998094,22.557167103514075
2026-08-10T16:50:10.976061+00:00,measurement_drift_01,meter_02,514,none,none,none,none,none,normal_drift,0.9999989131222577,0.47699358346142023,0,,1,0,collecting_candidates;drift_not_confirmed,voltage_rolling_mean,voltage_rolling_mean=232.091423;source_publish_interval=0.503952,voltage_rolling_mean,0.8582500740885735,12.571958126500249,13.45558394677937
2026-08-10T16:50:10.989646+00:00,measurement_drift_01,meter_03,514,none,none,none,none,none,none,0.999993262938513,0.45249561715851067,0,,0,0,drift_not_confirmed,,voltage_rolling_mean=230.520244;source_publish_interval=0.503946,,0.5969579797238111,9.981750044971704,10.598249966278672
2026-08-10T16:50:11.454026+00:00,measurement_drift_01,meter_01,515,none,none,none,none,none,none,0.999999177846056,0.45120773383422097,0,,0,0,drift_not_confirmed,,voltage_rolling_mean=231.648940;source_publish_interval=0.503957,,1.9525419920682907,21.974208997562528,23.965208791196346
2026-08-10T16:50:11.478306+00:00,measurement_drift_01,meter_02,515,none,none,none,none,none,normal_drift,0.9999991989030492,0.4463515928132235,0,,1,0,collecting_candidates;drift_not_confirmed,voltage_rolling_mean,voltage_rolling_mean=232.091423;source_publish_interval=0.503952,voltage_rolling_mean,0.8572500664740801,12.053458020091057,12.935624923557043
2026-08-10T16:50:11.491365+00:00,measurement_drift_01,meter_03,515,none,none,none,none,none,none,0.9999932883078138,0.46731268648711455,0,,0,0,drift_not_confirmed,,voltage_rolling_mean=230.520244;source_publish_interval=0.503946,,0.5332089494913816,9.558415971696377,10.110249975696206
2026-08-10T16:50:11.958490+00:00,measurement_drift_01,meter_01,516,none,none,none,none,none,none,0.9999985936307779,0.4535799940477882,0,,0,0,drift_not_confirmed,,voltage_rolling_mean=231.648940;source_publish_interval=0.503957,,1.9883329514414072,21.839666878804564,23.86537496931851
2026-08-10T16:50:11.982658+00:00,measurement_drift_01,meter_02,516,none,none,none,none,none,normal_drift,0.9999990411468439,0.45272775020521167,0,,1,0,collecting_candidates;drift_not_confirmed,voltage_rolling_mean,voltage_rolling_mean=232.091423;source_publish_interval=0.503952,voltage_rolling_mean,0.8300000336021185,11.914667207747698,12.769333086907864
2026-08-10T16:50:11.995540+00:00,measurement_drift_01,meter_03,516,none,none,none,none,none,none,0.9999925803183677,0.45378735031947043,0,,0,0,drift_not_confirmed,,voltage_rolling_mean=230.520244;source_publish_interval=0.503946,,0.5525408778339624,9.79883293621242,10.372125077992678
2026-08-10T16:50:12.463557+00:00,measurement_drift_01,meter_01,517,none,none,none,none,none,none,0.9999982047587387,0.4859394686796434,0,,0,0,drift_not_confirmed,,voltage_rolling_mean=231.648940;source_publish_interval=0.503957,,1.9312079530209303,22.184832952916622,24.154625134542584
2026-08-10T16:50:12.488015+00:00,measurement_drift_01,meter_02,517,none,none,none,none,none,normal_drift,0.9999989617486579,0.45129836357229836,0,,1,0,collecting_candidates;drift_not_confirmed,voltage_rolling_mean,voltage_rolling_mean=232.091423;source_publish_interval=0.503952,voltage_rolling_mean,0.8448748849332333,12.044041883200407,12.91333301924169
2026-08-10T16:50:12.501046+00:00,measurement_drift_01,meter_03,517,none,none,none,none,none,none,0.9999953531695653,0.44734968092193544,0,,0,0,drift_not_confirmed,,voltage_rolling_mean=230.520244;source_publish_interval=0.503946,,0.544459093362093,9.597375057637691,10.160708101466298
2026-08-10T16:50:12.968140+00:00,measurement_drift_01,meter_01,518,none,none,none,none,none,none,0.9999988734419935,0.4503586404186608,0,,0,0,drift_not_confirmed,,voltage_rolling_mean=231.648940;source_publish_interval=0.503957,,1.9644589629024267,21.957541815936565,23.95733306184411
2026-08-10T16:50:12.992393+00:00,measurement_drift_01,meter_02,518,none,none,none,none,none,normal_drift,0.999999041701763,0.44963597114579157,0,,1,0,collecting_candidates;drift_not_confirmed,voltage_rolling_mean,voltage_rolling_mean=232.091423;source_publish_interval=0.503952,voltage_rolling_mean,0.8284579962491989,11.891374830156565,12.746708001941442
2026-08-10T16:50:13.005250+00:00,measurement_drift_01,meter_03,518,none,none,none,none,none,none,0.9999970162641234,0.4590479163253074,0,,0,0,drift_not_confirmed,,voltage_rolling_mean=230.520244;source_publish_interval=0.503946,,0.5641249008476734,9.52329090796411,10.105750057846308
2026-08-10T16:50:13.472986+00:00,measurement_drift_01,meter_01,519,none,none,none,none,none,none,0.9999967118291083,0.5095331577744836,0,,0,0,drift_not_confirmed,,voltage_rolling_mean=231.648940;source_publish_interval=0.503957,,2.316083060577512,22.36533281393349,24.720084154978395
2026-08-10T16:50:13.498078+00:00,measurement_drift_01,meter_02,519,none,none,none,none,none,normal_drift,0.9999984149020916,0.4594457407633971,0,,1,0,collecting_candidates;drift_not_confirmed,voltage_rolling_mean,voltage_rolling_mean=232.091423;source_publish_interval=0.503952,voltage_rolling_mean,0.8130830246955156,12.060000095516443,12.897874927148223
2026-08-10T16:50:13.511086+00:00,measurement_drift_01,meter_03,519,none,none,none,none,none,none,0.9999931037101274,0.463036249115891,0,,0,0,drift_not_confirmed,,voltage_rolling_mean=230.520244;source_publish_interval=0.503946,,0.5995831452310085,9.576958138495684,10.194499976933002
2026-08-10T16:50:13.977341+00:00,measurement_drift_01,meter_01,520,none,none,none,none,none,none,0.9999989676750135,0.4522473874994804,0,,0,0,drift_not_confirmed,,voltage_rolling_mean=231.648940;source_publish_interval=0.503957,,2.2439160384237766,22.248290944844484,24.53491697087884
2026-08-10T16:50:14.002251+00:00,measurement_drift_01,meter_02,520,none,none,none,none,none,normal_drift,0.999999050021109,0.4325359831262285,0,,1,1,drift_not_confirmed;reference_updated,voltage_rolling_mean,voltage_rolling_mean=231.962101;source_publish_interval=0.503952,voltage_rolling_mean,0.7988750003278255,11.931292014196515,12.755875010043383
2026-08-10T16:50:14.015113+00:00,measurement_drift_01,meter_03,520,none,none,none,none,none,none,0.9999932011135827,0.48161908405889975,0,,0,0,drift_not_confirmed,,voltage_rolling_mean=230.520244;source_publish_interval=0.503946,,0.5850419402122498,9.472833015024662,10.075457859784365
2026-08-10T16:50:14.478662+00:00,measurement_drift_01,meter_01,521,none,none,none,none,none,none,0.9999995742238751,0.4771301879124009,0,,0,0,drift_not_confirmed,,voltage_rolling_mean=231.648940;source_publish_interval=0.503957,,1.4296250883489847,23.016582941636443,24.492166005074978
2026-08-10T16:50:14.503414+00:00,measurement_drift_01,meter_02,521,none,none,none,none,none,normal_drift,0.9999987907819159,0.4766836874917327,0,,1,0,collecting_candidates;drift_not_confirmed,voltage_rolling_mean,voltage_rolling_mean=231.962101;source_publish_interval=0.503952,voltage_rolling_mean,0.8480418473482132,12.19062483869493,13.062084093689919
2026-08-10T16:50:14.516594+00:00,measurement_drift_01,meter_03,521,none,none,none,none,none,none,0.9999629498420548,0.4545723085394585,0,,0,0,drift_not_confirmed,,voltage_rolling_mean=230.520244;source_publish_interval=0.503946,,0.5970001220703125,9.522082982584834,10.137083008885384
2026-08-10T16:50:14.984164+00:00,measurement_drift_01,meter_01,522,none,none,none,none,none,none,0.9999990326654689,0.48307772014172956,0,,0,0,drift_not_confirmed,,voltage_rolling_mean=231.648940;source_publish_interval=0.503957,,2.7655840385705233,19.30662477388978,22.11312483996153
2026-08-10T16:50:15.006711+00:00,measurement_drift_01,meter_02,522,none,none,none,none,none,normal_drift,0.9999974072608825,0.44722084707787824,0,,1,0,collecting_candidates;drift_not_confirmed,voltage_rolling_mean,voltage_rolling_mean=231.962101;source_publish_interval=0.503952,voltage_rolling_mean,0.7708750199526548,11.452458100393414,12.247541919350624
2026-08-10T16:50:15.019098+00:00,measurement_drift_01,meter_03,522,none,none,none,none,none,none,0.9999945386418887,0.4472754744954211,0,,0,0,drift_not_confirmed,,voltage_rolling_mean=230.520244;source_publish_interval=0.503946,,0.5630000960081816,9.462833171710372,10.04508277401328
2026-08-10T16:50:15.486175+00:00,measurement_drift_01,meter_01,523,none,none,none,none,none,none,0.9999997084753341,0.580454969968079,0,,0,0,drift_not_confirmed,,voltage_rolling_mean=231.648940;source_publish_interval=0.503957,,3.3196669537574053,22.30775007046759,25.668375194072723
2026-08-10T16:50:15.512232+00:00,measurement_drift_01,meter_02,523,none,none,none,none,none,normal_drift,0.9999981573201742,0.4577207352240569,0,,1,0,collecting_candidates;drift_not_confirmed,voltage_rolling_mean,voltage_rolling_mean=231.962101;source_publish_interval=0.503952,voltage_rolling_mean,0.8267078083008528,12.252249987795949,13.10316612944007
2026-08-10T16:50:15.525457+00:00,measurement_drift_01,meter_03,523,none,none,none,none,none,none,0.9999882574374445,0.44266287564927365,0,,0,0,drift_not_confirmed,,voltage_rolling_mean=230.520244;source_publish_interval=0.503946,,0.6033750250935555,9.760249871760607,10.381709085777402
2026-08-10T16:50:15.990636+00:00,measurement_drift_01,meter_01,524,none,none,none,none,none,none,0.9999991488967891,0.6001615206552425,0,,0,0,drift_not_confirmed,,voltage_rolling_mean=231.648940;source_publish_interval=0.503957,,2.4141669273376465,22.77429192326963,25.234000058844686
2026-08-10T16:50:16.016255+00:00,measurement_drift_01,meter_02,524,none,none,none,none,none,normal_drift,0.9999970595589183,0.42725700146261014,0,,1,0,collecting_candidates;drift_not_confirmed,voltage_rolling_mean,voltage_rolling_mean=231.962101;source_publish_interval=0.503952,voltage_rolling_mean,0.8952079806476831,12.10016617551446,13.023457955569029
2026-08-10T16:50:16.029417+00:00,measurement_drift_01,meter_03,524,none,none,none,none,none,none,0.9999971343681064,0.5354168506181259,0,,0,0,drift_not_confirmed,,voltage_rolling_mean=230.520244;source_publish_interval=0.503946,,0.5618750583380461,9.568458888679743,10.15062490478158
2026-08-10T16:50:16.492841+00:00,measurement_drift_01,meter_01,525,none,none,none,none,none,none,0.9999993600208178,0.458608720053177,0,,0,0,drift_not_confirmed,,voltage_rolling_mean=231.648940;source_publish_interval=0.503957,,1.5924579929560423,20.837708143517375,22.4763338919729
2026-08-10T16:50:16.515648+00:00,measurement_drift_01,meter_02,525,none,none,none,none,none,normal_drift,0.9999949149557834,0.5624216072110254,0,,1,0,collecting_candidates;drift_not_confirmed,voltage_rolling_mean,voltage_rolling_mean=231.962101;source_publish_interval=0.503952,voltage_rolling_mean,0.8807089179754257,12.535291025415063,13.440957991406322
2026-08-10T16:50:16.529222+00:00,measurement_drift_01,meter_03,525,none,none,none,none,none,none,0.9999948555205426,0.4498904377455256,0,,0,0,drift_not_confirmed,,voltage_rolling_mean=230.520244;source_publish_interval=0.503946,,0.6067499052733183,9.877667063847184,10.505957994610071
2026-08-10T16:50:16.998136+00:00,measurement_drift_01,meter_01,526,none,none,none,none,none,none,0.9999994307816769,0.46392115665468353,0,,0,0,drift_not_confirmed,,voltage_rolling_mean=231.648940;source_publish_interval=0.503957,,2.6448750868439674,19.480499904602766,22.159333806484938
2026-08-10T16:50:17.020747+00:00,measurement_drift_01,meter_02,526,none,none,none,none,none,normal_drift,0.9999928564237924,0.43336457398378314,0,,1,0,collecting_candidates;drift_not_confirmed,voltage_rolling_mean,voltage_rolling_mean=231.962101;source_publish_interval=0.503952,voltage_rolling_mean,0.7257920224219561,11.411875020712614,12.160457903519273
2026-08-10T16:50:17.033028+00:00,measurement_drift_01,meter_03,526,none,none,none,none,none,none,0.9999427662800946,0.48021446460519046,0,,0,0,drift_not_confirmed,,voltage_rolling_mean=230.520244;source_publish_interval=0.503946,,0.5277078598737717,9.375666035339236,9.922000113874674
2026-08-10T16:50:17.499575+00:00,measurement_drift_01,meter_01,527,none,none,none,none,none,none,0.9999997932795951,0.5543878077676184,0,,0,0,drift_not_confirmed,,voltage_rolling_mean=231.648940;source_publish_interval=0.503957,,2.0431249868124723,22.13637507520616,24.22754210419953
2026-08-10T16:50:17.524271+00:00,measurement_drift_01,meter_02,527,none,none,none,none,none,normal_drift,0.9999993810496978,0.4860359358464064,0,,1,0,collecting_candidates;drift_not_confirmed,voltage_rolling_mean,voltage_rolling_mean=231.962101;source_publish_interval=0.503952,voltage_rolling_mean,0.910458154976368,11.948916129767895,12.88508391007781
2026-08-10T16:50:17.537294+00:00,measurement_drift_01,meter_03,527,none,none,none,none,none,none,0.999975040402112,0.44967095749893937,0,,0,0,drift_not_confirmed,,voltage_rolling_mean=230.520244;source_publish_interval=0.503946,,0.5418751388788223,9.5016248524189,10.062499903142452
2026-08-10T16:50:18.005239+00:00,measurement_drift_01,meter_01,528,none,none,none,none,none,none,0.9999988634294178,0.48249306740959685,0,,0,0,drift_not_confirmed,,voltage_rolling_mean=231.648940;source_publish_interval=0.503957,,1.3117501512169838,21.779832895845175,23.206792073324323
2026-08-10T16:50:18.028884+00:00,measurement_drift_01,meter_02,528,none,none,none,none,none,normal_drift,0.9999992399408543,0.47346642292967867,0,,1,0,collecting_candidates;drift_not_confirmed,voltage_rolling_mean,voltage_rolling_mean=231.962101;source_publish_interval=0.503952,voltage_rolling_mean,1.1936668306589127,13.000417035073042,14.229499967768788
2026-08-10T16:50:18.043307+00:00,measurement_drift_01,meter_03,528,none,none,none,none,none,none,0.999989412852014,0.4328957864897669,0,,0,0,drift_not_confirmed,,voltage_rolling_mean=230.520244;source_publish_interval=0.503946,,0.6117501761764288,10.1110830437392,10.744165861979127
2026-08-10T16:50:18.510275+00:00,measurement_drift_01,meter_01,529,none,none,none,none,none,none,0.9999996967608626,0.5521504321817057,0,,0,0,drift_not_confirmed,,voltage_rolling_mean=231.648940;source_publish_interval=0.503957,,2.091541886329651,21.968208020552993,24.10329203121364
2026-08-10T16:50:18.534714+00:00,measurement_drift_01,meter_02,529,none,none,none,none,none,normal_drift,0.9999986051794001,0.4338496270908916,0,,1,0,collecting_candidates;drift_not_confirmed,voltage_rolling_mean,voltage_rolling_mean=231.962101;source_publish_interval=0.503952,voltage_rolling_mean,0.9208749979734421,12.019499903544784,12.966708978638053
2026-08-10T16:50:18.547827+00:00,measurement_drift_01,meter_03,529,none,none,none,none,none,none,0.999986160759919,0.47377215209132256,0,,0,0,drift_not_confirmed,,voltage_rolling_mean=230.520244;source_publish_interval=0.503946,,0.5617921706289053,9.486832888796926,10.068875038996339
2026-08-10T16:50:19.012357+00:00,measurement_drift_01,meter_01,530,none,none,none,none,none,none,0.9999995079888704,0.48465661461097814,0,,0,0,drift_not_confirmed,,voltage_rolling_mean=231.648940;source_publish_interval=0.503957,,2.1069999784231186,21.837792126461864,23.98491697385907
2026-08-10T16:50:19.036645+00:00,measurement_drift_01,meter_02,530,none,none,none,none,none,normal_drift,0.9999993948697199,0.49843963883478304,0,,1,0,collecting_candidates;drift_not_confirmed,voltage_rolling_mean,voltage_rolling_mean=231.962101;source_publish_interval=0.503952,voltage_rolling_mean,0.8427081629633904,11.893958086147904,12.761999852955341
2026-08-10T16:50:19.049526+00:00,measurement_drift_01,meter_03,530,none,none,none,none,none,none,0.9999945987433563,0.5129656370555097,0,,0,0,drift_not_confirmed,,voltage_rolling_mean=230.520244;source_publish_interval=0.503946,,0.539958942681551,9.504833025857806,10.064333910122514
2026-08-10T16:50:19.514535+00:00,measurement_drift_01,meter_01,531,none,none,none,none,none,none,0.9999993056195283,0.4413905855405933,0,,0,0,drift_not_confirmed,,voltage_rolling_mean=231.648940;source_publish_interval=0.503957,,1.6828749794512987,22.29879191145301,24.01995798572898
2026-08-10T16:50:19.538908+00:00,measurement_drift_01,meter_02,531,none,none,none,none,none,normal_drift,0.9999979197802779,0.4897305233822449,0,,1,0,collecting_candidates;drift_not_confirmed,voltage_rolling_mean,voltage_rolling_mean=231.962101;source_publish_interval=0.503952,voltage_rolling_mean,0.9265420958399773,13.3669578935951,14.320250134915113
2026-08-10T16:50:19.553358+00:00,measurement_drift_01,meter_03,531,none,none,none,none,none,none,0.9999807624759128,0.442046993850184,0,,0,0,drift_not_confirmed,,voltage_rolling_mean=230.520244;source_publish_interval=0.503946,,0.5864170379936695,10.107208974659443,10.713167022913694
2026-08-10T16:50:20.017186+00:00,measurement_drift_01,meter_01,532,none,none,none,none,none,none,0.9999995185801924,0.4335278135073625,0,,0,0,drift_not_confirmed,,voltage_rolling_mean=231.648940;source_publish_interval=0.503957,,2.0033749751746655,22.07816601730883,24.11958295851946
2026-08-10T16:50:20.041659+00:00,measurement_drift_01,meter_02,532,none,none,none,none,none,normal_drift,0.9999989294203453,0.47996946649246225,0,,1,0,collecting_candidates;drift_not_confirmed,voltage_rolling_mean,voltage_rolling_mean=231.962101;source_publish_interval=0.503952,voltage_rolling_mean,0.8284999057650566,11.863291962072253,12.716457946226
2026-08-10T16:50:20.054481+00:00,measurement_drift_01,meter_03,532,none,none,none,none,none,none,0.9999810812650515,0.5354304722072482,0,,0,0,drift_not_confirmed,,voltage_rolling_mean=230.520244;source_publish_interval=0.503946,,0.5815830081701279,9.427041979506612,10.026999982073903
2026-08-10T16:50:20.523017+00:00,measurement_drift_01,meter_01,533,none,none,none,unknown,unknown,unknown,0.9999996666449479,0.6158369587265142,0,,0,0,drift_not_confirmed,,voltage_rolling_mean=231.648940;source_publish_interval=0.503957,,2.0784998778253794,21.970999892801046,24.090582970529795
2026-08-10T16:50:20.547435+00:00,measurement_drift_01,meter_02,533,none,none,none,none,none,normal_drift,0.9999987056583048,0.5503249413564065,0,,1,0,collecting_candidates;drift_not_confirmed,voltage_rolling_mean,voltage_rolling_mean=231.962101;source_publish_interval=0.503952,voltage_rolling_mean,0.8538342081010342,12.002542149275541,12.884916039183736
2026-08-10T16:50:20.560444+00:00,measurement_drift_01,meter_03,533,none,none,none,none,none,none,0.9999189732279798,0.4882283445900194,0,,0,0,drift_not_confirmed,,voltage_rolling_mean=230.520244;source_publish_interval=0.503946,,0.5375419277697802,9.448708035051823,10.005166986957192
2026-08-10T16:50:21.026732+00:00,measurement_drift_01,meter_01,534,none,none,none,none,none,none,0.9999992131770647,0.5013908997150939,0,,0,0,drift_not_confirmed,,voltage_rolling_mean=231.648940;source_publish_interval=0.503957,,2.5771670043468475,22.086000069975853,24.709041928872466
2026-08-10T16:50:21.051791+00:00,measurement_drift_01,meter_02,534,none,none,none,none,none,normal_drift,0.9999970591659694,0.4472532624596998,0,,1,0,collecting_candidates;drift_not_confirmed,voltage_rolling_mean,voltage_rolling_mean=231.962101;source_publish_interval=0.503952,voltage_rolling_mean,0.759792048484087,11.787582887336612,12.57137511856854
2026-08-10T16:50:21.064475+00:00,measurement_drift_01,meter_03,534,none,none,none,none,none,none,0.9999508578357659,0.4731382668651653,0,,0,0,drift_not_confirmed,,voltage_rolling_mean=230.520244;source_publish_interval=0.503946,,0.5941251292824745,9.615916991606355,10.228500002995133
2026-08-10T16:50:21.530661+00:00,measurement_drift_01,meter_01,535,none,none,none,none,none,none,0.9999971302197006,0.43876412643067375,0,,0,0,drift_not_confirmed,,voltage_rolling_mean=231.648940;source_publish_interval=0.503957,,2.2797079291194677,19.19862488284707,21.510833874344826
2026-08-10T16:50:21.552519+00:00,measurement_drift_01,meter_02,535,none,none,none,none,none,normal_drift,0.9999949586782355,0.4516296267777264,0,,1,0,collecting_candidates;drift_not_confirmed,voltage_rolling_mean,voltage_rolling_mean=231.962101;source_publish_interval=0.503952,voltage_rolling_mean,0.6923330947756767,11.323458049446344,12.039042077958584
2026-08-10T16:50:21.564653+00:00,measurement_drift_01,meter_03,535,none,none,none,none,none,none,0.9999559815614381,0.4399680963588135,0,,0,0,drift_not_confirmed,,voltage_rolling_mean=230.520244;source_publish_interval=0.503946,,0.5707498639822006,9.394083870574832,9.984083008021116
2026-08-10T16:50:22.036186+00:00,measurement_drift_01,meter_01,536,none,none,none,none,none,none,0.9999985357242902,0.4374404677089732,0,,0,0,drift_not_confirmed,,voltage_rolling_mean=231.648940;source_publish_interval=0.503957,,2.346707973629236,21.444624988362193,23.82337488234043
2026-08-10T16:50:22.060341+00:00,measurement_drift_01,meter_02,536,none,none,none,none,none,normal_drift,0.9999658700888945,0.4456487074082864,0,,1,0,collecting_candidates;drift_not_confirmed,voltage_rolling_mean,voltage_rolling_mean=231.962101;source_publish_interval=0.503952,voltage_rolling_mean,0.7852499838918447,11.674791108816862,12.481875019147992
2026-08-10T16:50:22.072928+00:00,measurement_drift_01,meter_03,536,none,none,none,none,none,none,0.9999819446580607,0.45870870950305154,0,,0,0,drift_not_confirmed,,voltage_rolling_mean=230.520244;source_publish_interval=0.503946,,0.538958003744483,9.420540882274508,9.977458044886589
2026-08-10T16:50:22.539632+00:00,measurement_drift_01,meter_01,537,none,none,none,none,none,none,0.9999993795293425,0.43368329690548985,0,,0,0,drift_not_confirmed,,voltage_rolling_mean=231.648940;source_publish_interval=0.503957,,1.4064169954508543,21.115707932040095,22.566958097741008
2026-08-10T16:50:22.562452+00:00,measurement_drift_01,meter_02,537,none,none,none,none,none,normal_drift,0.9999962903413853,0.4446576263199673,0,,1,0,collecting_candidates;drift_not_confirmed,voltage_rolling_mean,voltage_rolling_mean=231.962101;source_publish_interval=0.503952,voltage_rolling_mean,0.9248750284314156,13.265250017866492,14.213667018339038
2026-08-10T16:50:22.576790+00:00,measurement_drift_01,meter_03,537,none,none,none,none,none,none,0.9999349593464982,0.4677129524401304,0,,0,0,drift_not_confirmed,,voltage_rolling_mean=230.520244;source_publish_interval=0.503946,,0.5953749641776085,9.937457973137498,10.554875014349818
2026-08-10T16:50:23.045474+00:00,measurement_drift_01,meter_01,538,none,none,none,none,none,none,0.9999951250725589,0.43614552078356894,0,,0,0,drift_not_confirmed,,voltage_rolling_mean=231.648940;source_publish_interval=0.503957,,2.4556671269237995,18.395124934613705,20.883624907583
2026-08-10T16:50:23.066732+00:00,measurement_drift_01,meter_02,538,none,none,none,none,none,normal_drift,0.9999971159439229,0.44094868229663775,0,,1,0,collecting_candidates;drift_not_confirmed,voltage_rolling_mean,voltage_rolling_mean=231.962101;source_publish_interval=0.503952,voltage_rolling_mean,0.7206660229712725,11.256291065365076,11.997874826192856
2026-08-10T16:50:23.078832+00:00,measurement_drift_01,meter_03,538,none,none,none,none,none,none,0.9998893776149141,0.44442380252052577,0,,0,0,drift_not_confirmed,,voltage_rolling_mean=230.520244;source_publish_interval=0.503946,,0.5385419353842735,9.442833019420505,9.999541798606515
2026-08-10T16:50:23.548906+00:00,measurement_drift_01,meter_01,539,none,none,none,none,none,none,0.9999980290886341,0.4691180040155975,0,,0,0,drift_not_confirmed,,voltage_rolling_mean=231.648940;source_publish_interval=0.503957,,2.3446250706911087,22.152291843667626,24.53070809133351
2026-08-10T16:50:23.573831+00:00,measurement_drift_01,meter_02,539,none,none,none,none,none,normal_drift,0.9999937023568538,0.5181616642267683,0,,1,0,collecting_candidates;drift_not_confirmed,voltage_rolling_mean,voltage_rolling_mean=231.962101;source_publish_interval=0.503952,voltage_rolling_mean,0.8386669214814901,11.992583982646465,12.85479194484651
2026-08-10T16:50:23.586796+00:00,measurement_drift_01,meter_03,539,none,none,none,none,none,none,0.999838455986814,0.4627589830615252,0,,0,0,drift_not_confirmed,,voltage_rolling_mean=230.520244;source_publish_interval=0.503946,,0.5659579765051603,9.380124974995852,9.963792050257325
2026-08-10T16:50:24.054028+00:00,measurement_drift_01,meter_01,540,none,none,none,none,none,none,0.9999994121964495,0.4757080684015405,0,,0,0,drift_not_confirmed,,voltage_rolling_mean=231.648940;source_publish_interval=0.503957,,2.0805830135941505,22.58333400823176,24.70866683870554
2026-08-10T16:50:24.079142+00:00,measurement_drift_01,meter_02,540,none,none,none,none,none,normal_drift,0.9999686053601794,0.4872269299180432,0,,1,1,drift_not_confirmed;reference_updated,voltage_rolling_mean,voltage_rolling_mean=231.439374;source_publish_interval=0.503952,voltage_rolling_mean,0.8831250015646219,11.98116596788168,12.893625069409609
2026-08-10T16:50:24.092160+00:00,measurement_drift_01,meter_03,540,none,none,none,none,none,none,0.999946810643034,0.45459290886079035,0,,0,0,drift_not_confirmed,,voltage_rolling_mean=230.520244;source_publish_interval=0.503946,,0.5352080333977938,9.554082993417978,10.108832968398929
2026-08-10T16:50:24.555480+00:00,measurement_drift_01,meter_01,541,none,none,none,none,none,none,0.9999985515968683,0.4396070517535108,0,,0,0,drift_not_confirmed,,voltage_rolling_mean=231.648940;source_publish_interval=0.503957,,2.5744589511305094,18.08666600845754,20.692999940365553
2026-08-10T16:50:24.576526+00:00,measurement_drift_01,meter_02,541,none,none,none,none,none,normal_drift,0.9999952481727559,0.4491808027855269,0,,1,0,collecting_candidates;drift_not_confirmed,voltage_rolling_mean,voltage_rolling_mean=231.439374;source_publish_interval=0.503952,voltage_rolling_mean,0.7094580214470625,11.319583049044013,12.050417019054294
2026-08-10T16:50:24.588670+00:00,measurement_drift_01,meter_03,541,none,none,none,none,none,none,0.9999812854380545,0.48001186018872705,0,,0,0,drift_not_confirmed,,voltage_rolling_mean=230.520244;source_publish_interval=0.503946,,0.5364581011235714,9.46595799177885,10.020707966759801
2026-08-10T16:50:25.055918+00:00,measurement_drift_01,meter_01,542,none,none,none,none,none,none,0.9999992468688622,0.45223198113861657,0,,0,0,drift_not_confirmed,,voltage_rolling_mean=231.648940;source_publish_interval=0.503957,,2.084542065858841,22.006208077073097,24.132792139425874
2026-08-10T16:50:25.080367+00:00,measurement_drift_01,meter_02,542,none,none,none,none,none,normal_drift,0.9999890321249125,0.4401742345943209,0,,1,0,collecting_candidates;drift_not_confirmed,voltage_rolling_mean,voltage_rolling_mean=231.439374;source_publish_interval=0.503952,voltage_rolling_mean,0.8824169635772705,11.86879095621407,12.777124997228384
2026-08-10T16:50:25.093272+00:00,measurement_drift_01,meter_03,542,none,none,none,none,none,none,0.9998089502174976,0.4452841837023365,0,,0,0,drift_not_confirmed,,voltage_rolling_mean=230.520244;source_publish_interval=0.503946,,0.5774160381406546,9.419416077435017,10.014833882451057
2026-08-10T16:50:25.560962+00:00,measurement_drift_01,meter_01,543,none,none,none,none,none,none,0.9998866237636398,0.45588298487345,0,,0,0,drift_not_confirmed,,voltage_rolling_mean=231.648940;source_publish_interval=0.503957,,2.082417020574212,22.170874988660216,24.296292103827
2026-08-10T16:50:25.585610+00:00,measurement_drift_01,meter_02,543,none,none,none,none,none,normal_drift,0.9999924462142395,0.4497851712836205,0,,1,0,collecting_candidates;drift_not_confirmed,voltage_rolling_mean,voltage_rolling_mean=231.439374;source_publish_interval=0.503952,voltage_rolling_mean,0.8450839668512344,11.885625077411532,12.754332972690463
2026-08-10T16:50:25.598468+00:00,measurement_drift_01,meter_03,543,none,none,none,none,none,none,0.9997643904973363,0.482104926093709,0,,0,0,drift_not_confirmed,,voltage_rolling_mean=230.520244;source_publish_interval=0.503946,,0.5969579797238111,9.405000135302544,10.019792011007667
2026-08-10T16:50:26.065078+00:00,measurement_drift_01,meter_01,544,none,none,none,none,none,none,0.9999970763162768,0.4469572563167904,0,,0,0,drift_not_confirmed,,voltage_rolling_mean=231.648940;source_publish_interval=0.503957,,2.2689159959554672,22.452249890193343,24.782874854281545
2026-08-10T16:50:26.090331+00:00,measurement_drift_01,meter_02,544,none,none,none,none,none,normal_drift,0.9999874328287236,0.4417084713586287,0,,1,0,collecting_candidates;drift_not_confirmed,voltage_rolling_mean,voltage_rolling_mean=231.439374;source_publish_interval=0.503952,voltage_rolling_mean,0.9532920084893703,12.291207909584045,13.27220886014402
2026-08-10T16:50:26.103763+00:00,measurement_drift_01,meter_03,544,none,none,none,none,none,none,0.9997828644016385,0.5638278272155169,0,,0,0,drift_not_confirmed,,voltage_rolling_mean=230.520244;source_publish_interval=0.503946,,0.5649998784065247,9.544250089675188,10.1307921577245
2026-08-10T16:50:26.570381+00:00,measurement_drift_01,meter_01,545,none,none,none,none,none,none,0.9999993548863543,0.4360087426478575,0,,0,0,drift_not_confirmed,,voltage_rolling_mean=231.648940;source_publish_interval=0.503957,,2.264917129650712,19.52091697603464,21.84208296239376
2026-08-10T16:50:26.592674+00:00,measurement_drift_01,meter_02,545,none,none,none,none,none,normal_drift,0.9999984044257545,0.5062067610521961,0,,1,0,collecting_candidates;drift_not_confirmed,voltage_rolling_mean,voltage_rolling_mean=231.439374;source_publish_interval=0.503952,voltage_rolling_mean,0.8055840153247118,11.728541925549507,12.562958057969809
2026-08-10T16:50:26.605391+00:00,measurement_drift_01,meter_03,545,none,none,none,none,none,none,0.9995030093313574,0.46038817276235555,0,,0,0,drift_not_confirmed,,voltage_rolling_mean=230.520244;source_publish_interval=0.503946,,0.554082915186882,9.551499970257282,10.125583969056606
2026-08-10T16:50:27.073952+00:00,measurement_drift_01,meter_01,546,none,none,none,none,none,none,0.9999975264862403,0.44610307411183786,0,,0,0,drift_not_confirmed,,voltage_rolling_mean=231.648940;source_publish_interval=0.503957,,2.0347919780761003,22.564833983778954,24.634666042402387
2026-08-10T16:50:27.098878+00:00,measurement_drift_01,meter_02,546,none,none,none,none,none,normal_drift,0.9999898131302273,0.47047712121290064,0,,1,0,collecting_candidates;drift_not_confirmed,voltage_rolling_mean,voltage_rolling_mean=231.439374;source_publish_interval=0.503952,voltage_rolling_mean,0.7307501509785652,11.743499897420406,12.501291930675507
2026-08-10T16:50:27.111504+00:00,measurement_drift_01,meter_03,546,none,none,none,none,none,none,0.9998803488222504,0.44864555039774795,0,,0,0,drift_not_confirmed,,voltage_rolling_mean=230.520244;source_publish_interval=0.503946,,0.6062078755348921,9.61258402094245,10.238166898488998
2026-08-10T16:50:27.574853+00:00,measurement_drift_01,meter_01,547,none,none,none,none,none,none,0.9999987790978713,0.4536283242920935,0,,0,0,drift_not_confirmed,,voltage_rolling_mean=231.648940;source_publish_interval=0.503957,,2.0261250901967287,22.259291959926486,24.333500070497394
2026-08-10T16:50:27.599545+00:00,measurement_drift_01,meter_02,547,none,none,none,none,none,normal_drift,0.9999894265427985,0.4357019343677402,0,,1,0,collecting_candidates;drift_not_confirmed,voltage_rolling_mean,voltage_rolling_mean=231.439374;source_publish_interval=0.503952,voltage_rolling_mean,0.8907499723136425,12.103042099624872,13.020250014960766
2026-08-10T16:50:27.612703+00:00,measurement_drift_01,meter_03,547,none,none,none,none,none,none,0.9999688587542905,0.5550104075045048,0,,0,0,drift_not_confirmed,,voltage_rolling_mean=230.520244;source_publish_interval=0.503946,,0.5558750126510859,9.56637505441904,10.143500054255128
2026-08-10T16:50:28.079759+00:00,measurement_drift_01,meter_01,548,none,none,none,none,none,none,0.9999968716844141,0.4331831112785268,0,,0,0,drift_not_confirmed,,voltage_rolling_mean=231.648940;source_publish_interval=0.503957,,2.9526250436902046,17.906416906043887,20.900500006973743
2026-08-10T16:50:28.101048+00:00,measurement_drift_01,meter_02,548,none,none,none,none,none,normal_drift,0.9999946942691452,0.4367099660557566,0,,1,0,collecting_candidates;drift_not_confirmed,voltage_rolling_mean,voltage_rolling_mean=231.439374;source_publish_interval=0.503952,voltage_rolling_mean,0.7516669575124979,11.249916860833764,12.024624971672893
2026-08-10T16:50:28.113182+00:00,measurement_drift_01,meter_03,548,none,none,none,none,none,none,0.9998912256220744,0.44490072023948646,0,,0,0,drift_not_confirmed,,voltage_rolling_mean=230.520244;source_publish_interval=0.503946,,0.536459032446146,9.365832898765802,9.920333046466112
2026-08-10T16:50:28.584401+00:00,measurement_drift_01,meter_01,549,none,none,none,none,none,none,0.9999967172947054,0.48621621900405865,0,,0,0,drift_not_confirmed,,voltage_rolling_mean=231.648940;source_publish_interval=0.503957,,2.066542161628604,22.064416902139783,24.17962485924363
2026-08-10T16:50:28.608942+00:00,measurement_drift_01,meter_02,549,none,none,none,none,none,normal_drift,0.9999942273815365,0.4857888177138258,0,,1,0,collecting_candidates;drift_not_confirmed,voltage_rolling_mean,voltage_rolling_mean=231.439374;source_publish_interval=0.503952,voltage_rolling_mean,0.925916014239192,12.126707937568426,13.078666990622878
2026-08-10T16:50:28.622167+00:00,measurement_drift_01,meter_03,549,none,none,none,none,none,none,0.9985531184335348,0.44112524811138903,0,,0,0,drift_not_confirmed,,voltage_rolling_mean=230.520244;source_publish_interval=0.503946,,0.5467911250889301,9.4607500359416,10.028208838775754
2026-08-10T16:50:29.089430+00:00,measurement_drift_01,meter_01,550,none,none,none,none,none,none,0.9999990262147062,0.4958411224545499,0,,0,0,drift_not_confirmed,,voltage_rolling_mean=231.648940;source_publish_interval=0.503957,,1.981667010113597,22.105125011876225,24.134041974321008
2026-08-10T16:50:29.113918+00:00,measurement_drift_01,meter_02,550,none,none,none,none,none,normal_drift,0.9999860109083694,0.45379436649854105,0,,1,0,collecting_candidates;drift_not_confirmed,voltage_rolling_mean,voltage_rolling_mean=231.439374;source_publish_interval=0.503952,voltage_rolling_mean,0.914667034521699,12.189916102215648,13.12816678546369
2026-08-10T16:50:29.127167+00:00,measurement_drift_01,meter_03,550,none,none,none,none,none,none,0.9985167441745151,0.4649584976806445,0,,0,0,drift_not_confirmed,,voltage_rolling_mean=230.520244;source_publish_interval=0.503946,,0.5536659155040979,9.685124969109893,10.258000111207366
2026-08-10T16:50:29.594439+00:00,measurement_drift_01,meter_01,551,none,none,none,none,none,none,0.9999983199303111,0.43756765388785784,0,,0,0,drift_not_confirmed,,voltage_rolling_mean=231.648940;source_publish_interval=0.503957,,1.9876251462846994,21.232750033959746,23.263416020199656
2026-08-10T16:50:29.618044+00:00,measurement_drift_01,meter_02,551,none,none,none,none,none,normal_drift,0.9999800320703516,0.44741677186139395,0,,1,0,collecting_candidates;drift_not_confirmed,voltage_rolling_mean,voltage_rolling_mean=231.439374;source_publish_interval=0.503952,voltage_rolling_mean,0.7927499245852232,11.918167117983103,12.736625038087368
2026-08-10T16:50:29.630914+00:00,measurement_drift_01,meter_03,551,none,none,none,none,none,none,0.9986360171961004,0.45621705194987067,0,,0,0,drift_not_confirmed,,voltage_rolling_mean=230.520244;source_publish_interval=0.503946,,0.5911251064389944,9.687084006145597,10.297292144969106
2026-08-10T16:50:30.098023+00:00,measurement_drift_01,meter_01,552,none,none,none,none,none,none,0.9999993153899787,0.442170296799752,0,,0,0,drift_not_confirmed,,voltage_rolling_mean=231.648940;source_publish_interval=0.503957,,2.8266250155866146,17.097125062718987,19.96154082007706
2026-08-10T16:50:30.118368+00:00,measurement_drift_01,meter_02,552,none,none,none,none,none,normal_drift,0.9999831221467615,0.46078625912886634,0,,1,0,collecting_candidates;drift_not_confirmed,voltage_rolling_mean,voltage_rolling_mean=231.439374;source_publish_interval=0.503952,voltage_rolling_mean,0.7821668405085802,10.990167036652565,11.794917052611709
2026-08-10T16:50:30.130284+00:00,measurement_drift_01,meter_03,552,none,none,none,none,none,none,0.9996735796228106,0.45617525016932936,0,,0,0,drift_not_confirmed,,voltage_rolling_mean=230.520244;source_publish_interval=0.503946,,0.5363330710679293,9.357833070680499,9.91241680458188
2026-08-10T16:50:30.601389+00:00,measurement_drift_01,meter_01,553,none,none,none,none,none,none,0.9999993980498563,0.5612337612651823,0,,0,0,drift_not_confirmed,,voltage_rolling_mean=231.648940;source_publish_interval=0.503957,,1.9871669355779886,22.145916940644383,24.169374955818057
2026-08-10T16:50:30.625925+00:00,measurement_drift_01,meter_02,553,none,none,none,none,none,normal_drift,0.999947178875158,0.45547930878308035,0,,1,0,collecting_candidates;drift_not_confirmed,voltage_rolling_mean,voltage_rolling_mean=231.439374;source_publish_interval=0.503952,voltage_rolling_mean,0.8560409769415855,12.213708134368062,13.096375158056617
2026-08-10T16:50:30.639144+00:00,measurement_drift_01,meter_03,553,none,none,none,none,none,none,0.9995843779996433,0.5567472193094195,0,,0,0,drift_not_confirmed,,voltage_rolling_mean=230.520244;source_publish_interval=0.503946,,0.556624960154295,9.6991250757128,10.278708068653941
2026-08-10T16:50:31.104986+00:00,measurement_drift_01,meter_01,554,none,none,none,none,none,none,0.9999982856337338,0.43135624025751484,0,,0,0,drift_not_confirmed,,voltage_rolling_mean=231.648940;source_publish_interval=0.503957,,3.3412498887628317,17.790582962334156,21.17516682483256
2026-08-10T16:50:31.126571+00:00,measurement_drift_01,meter_02,554,none,none,none,none,none,normal_drift,0.9999872504836491,0.45592999522975214,0,,1,0,collecting_candidates;drift_not_confirmed,voltage_rolling_mean,voltage_rolling_mean=231.439374;source_publish_interval=0.503952,voltage_rolling_mean,0.7757500279694796,10.878332890570164,11.678250040858984
2026-08-10T16:50:31.138363+00:00,measurement_drift_01,meter_03,554,none,none,none,none,none,none,0.9999487517873398,0.49992275092044514,0,,0,0,drift_not_confirmed,,voltage_rolling_mean=230.520244;source_publish_interval=0.503946,,0.5722499918192625,9.131999919191003,9.72325005568564
2026-08-10T16:50:31.609967+00:00,measurement_drift_01,meter_01,555,none,none,none,none,none,none,0.9999973128583995,0.4659287701879105,0,,0,0,drift_not_confirmed,,voltage_rolling_mean=231.648940;source_publish_interval=0.503957,,2.681165933609009,20.426916889846325,23.146540857851505
2026-08-10T16:50:31.633504+00:00,measurement_drift_01,meter_02,555,none,none,none,none,none,normal_drift,0.9999936351312755,0.47006283535148097,0,,1,0,collecting_candidates;drift_not_confirmed,voltage_rolling_mean,voltage_rolling_mean=231.439374;source_publish_interval=0.503952,voltage_rolling_mean,0.7659581024199724,11.634415946900845,12.422750005498528
2026-08-10T16:50:31.646035+00:00,measurement_drift_01,meter_03,555,none,none,none,none,none,none,0.9979951255974077,0.44164556591011567,0,,0,0,drift_not_confirmed,,voltage_rolling_mean=230.520244;source_publish_interval=0.503946,,0.5222081672400236,9.45404195226729,9.995500091463327
2026-08-10T16:50:32.115078+00:00,measurement_drift_01,meter_01,556,none,none,none,none,none,none,0.9999986659688935,0.43566732898434296,0,,0,0,drift_not_confirmed,,voltage_rolling_mean=231.648940;source_publish_interval=0.503957,,2.304916037246585,22.238499950617552,24.580833967775106
2026-08-10T16:50:32.139974+00:00,measurement_drift_01,meter_02,556,none,none,none,none,none,normal_drift,0.9999888115558248,0.4385208480201668,0,,1,0,collecting_candidates;drift_not_confirmed,voltage_rolling_mean,voltage_rolling_mean=231.439374;source_publish_interval=0.503952,voltage_rolling_mean,0.808333046734333,12.185750063508749,13.01904208958149
2026-08-10T16:50:32.153104+00:00,measurement_drift_01,meter_03,556,none,none,none,none,none,none,0.993400386680225,0.47151328142947496,0,,0,0,drift_not_confirmed,,voltage_rolling_mean=230.520244;source_publish_interval=0.503946,,0.5892079789191484,9.63104097172618,10.23991615511477
2026-08-10T16:50:32.617292+00:00,measurement_drift_01,meter_01,557,none,none,none,none,none,none,0.9999989768935562,0.4582670009360432,0,,0,0,drift_not_confirmed,,voltage_rolling_mean=231.648940;source_publish_interval=0.503957,,2.3829161655157804,22.23241701722145,24.680665927007794
2026-08-10T16:50:32.642401+00:00,measurement_drift_01,meter_02,557,none,none,none,unknown,unknown,normal_drift,0.9999764873974762,0.6144872851822014,0,,1,0,collecting_candidates;drift_not_confirmed,voltage_rolling_mean,voltage_rolling_mean=231.439374;source_publish_interval=0.503952,voltage_rolling_mean,0.9305828716605902,12.224291916936636,13.190625002607703
2026-08-10T16:50:32.655779+00:00,measurement_drift_01,meter_03,557,none,none,none,none,none,none,0.9884586516988411,0.48122130113845374,0,,0,0,drift_not_confirmed,,voltage_rolling_mean=230.520244;source_publish_interval=0.503946,,0.6215409375727177,9.822749998420477,10.465542087331414
2026-08-10T16:50:33.119216+00:00,measurement_drift_01,meter_01,558,none,none,none,none,none,none,0.9999994337886029,0.47636611955487335,0,,0,0,drift_not_confirmed,,voltage_rolling_mean=231.648940;source_publish_interval=0.503957,,1.8610840197652578,22.148999851197004,24.06495902687311
2026-08-10T16:50:33.143602+00:00,measurement_drift_01,meter_02,558,none,none,none,none,none,normal_drift,0.9999130948757482,0.45736748607700367,0,,1,0,collecting_candidates;drift_not_confirmed,voltage_rolling_mean,voltage_rolling_mean=231.439374;source_publish_interval=0.503952,voltage_rolling_mean,0.9440411813557148,12.146000051870942,13.117833063006401
2026-08-10T16:50:33.156874+00:00,measurement_drift_01,meter_03,558,none,none,none,none,none,none,0.9992032215885448,0.48270211707361005,0,,0,0,drift_not_confirmed,,voltage_rolling_mean=230.520244;source_publish_interval=0.503946,,0.5610000807791948,9.640166070312262,10.2230419870466
2026-08-10T16:50:33.624629+00:00,measurement_drift_01,meter_01,559,none,none,none,none,none,none,0.9999918258145142,0.44529841476679616,0,,0,0,drift_not_confirmed,,voltage_rolling_mean=231.648940;source_publish_interval=0.503957,,2.8174160979688168,19.693583017215133,22.545750020071864
2026-08-10T16:50:33.647561+00:00,measurement_drift_01,meter_02,559,none,none,none,none,none,normal_drift,0.999844332538635,0.443621716271722,0,,1,0,collecting_candidates;drift_not_confirmed,voltage_rolling_mean,voltage_rolling_mean=231.439374;source_publish_interval=0.503952,voltage_rolling_mean,0.7350409869104624,11.575249955058098,12.335040839388967
2026-08-10T16:50:33.660017+00:00,measurement_drift_01,meter_03,559,none,none,none,none,none,none,0.9943869635693607,0.5050718127712875,0,,0,0,drift_not_confirmed,,voltage_rolling_mean=230.520244;source_publish_interval=0.503946,,0.5404169205576181,9.510250063613057,10.06999984383583
2026-08-10T16:50:34.129045+00:00,measurement_drift_01,meter_01,560,none,none,none,none,none,none,0.9999969586333737,0.5143435006139864,0,,0,0,drift_not_confirmed,,voltage_rolling_mean=231.648940;source_publish_interval=0.503957,,1.9040408078581095,22.27433305233717,24.229666916653514
2026-08-10T16:50:34.153691+00:00,measurement_drift_01,meter_02,560,none,none,none,none,none,normal_drift,0.9997694603941948,0.44673675547154756,0,,1,1,drift_not_confirmed;reference_updated,voltage_rolling_mean,voltage_rolling_mean=230.439374;source_publish_interval=0.503952,voltage_rolling_mean,0.97054080106318,12.249207822605968,13.248750008642673
2026-08-10T16:50:34.167098+00:00,measurement_drift_01,meter_03,560,none,none,none,none,none,none,0.9966177615601298,0.49436143876484395,0,,0,0,drift_not_confirmed,,voltage_rolling_mean=230.520244;source_publish_interval=0.503946,,0.5522498395293951,9.815250057727098,10.389958042651415
2026-08-10T16:50:34.630128+00:00,measurement_drift_01,meter_01,561,none,none,none,none,none,none,0.9999963414214279,0.4664476512803325,0,,0,0,drift_not_confirmed,,voltage_rolling_mean=231.648940;source_publish_interval=0.503957,,2.523500006645918,19.162791082635522,21.729290951043367
2026-08-10T16:50:34.652275+00:00,measurement_drift_01,meter_02,561,none,none,none,none,none,normal_drift,0.9998663672462189,0.44131016114401544,0,,1,0,collecting_candidates;drift_not_confirmed,voltage_rolling_mean,voltage_rolling_mean=230.439374;source_publish_interval=0.503952,voltage_rolling_mean,0.7434999570250511,11.447292054072022,12.215209193527699
2026-08-10T16:50:34.664612+00:00,measurement_drift_01,meter_03,561,none,none,none,none,none,none,0.9988845963540877,0.45926263984547083,0,,0,0,drift_not_confirmed,,voltage_rolling_mean=230.520244;source_publish_interval=0.503946,,0.5379999056458473,9.48908319696784,10.04733401350677
2026-08-10T16:50:35.134248+00:00,measurement_drift_01,meter_01,562,none,none,none,none,none,none,0.9999957543431138,0.45419319795618235,0,,0,0,drift_not_confirmed,,voltage_rolling_mean=231.648940;source_publish_interval=0.503957,,2.8279172256588936,21.064415806904435,23.939792066812515
2026-08-10T16:50:35.158672+00:00,measurement_drift_01,meter_02,562,none,none,none,none,none,normal_drift,0.9992458089054318,0.5275667291193853,0,,1,0,collecting_candidates;drift_not_confirmed,voltage_rolling_mean,voltage_rolling_mean=230.439374;source_publish_interval=0.503952,voltage_rolling_mean,0.8515841327607632,12.12816615588963,13.006624998524785
2026-08-10T16:50:35.171840+00:00,measurement_drift_01,meter_03,562,none,none,none,none,none,none,0.9777274388406669,0.49163032234295917,0,,0,0,drift_not_confirmed,,voltage_rolling_mean=230.520244;source_publish_interval=0.503946,,0.5609998479485512,9.610041975975037,10.191000066697598
2026-08-10T16:50:35.639494+00:00,measurement_drift_01,meter_01,563,none,none,none,none,none,none,0.999995836016796,0.49752071766005845,0,,0,0,drift_not_confirmed,,voltage_rolling_mean=231.648940;source_publish_interval=0.503957,,2.181083196774125,22.126334020867944,24.35004198923707
2026-08-10T16:50:35.664264+00:00,measurement_drift_01,meter_02,563,none,none,none,none,none,normal_drift,0.9999563927894024,0.4593218833860704,0,,1,0,collecting_candidates;drift_not_confirmed,voltage_rolling_mean,voltage_rolling_mean=230.439374;source_publish_interval=0.503952,voltage_rolling_mean,0.7908339612185955,12.319790897890925,13.137375004589558
2026-08-10T16:50:35.677543+00:00,measurement_drift_01,meter_03,563,none,none,none,none,none,none,0.9990693449852052,0.5164159498257129,0,,0,0,drift_not_confirmed,,voltage_rolling_mean=230.520244;source_publish_interval=0.503946,,0.5920829717069864,9.543542051687837,10.154291056096554
2026-08-10T16:50:36.140933+00:00,measurement_drift_01,meter_01,564,none,none,none,none,none,none,0.9999967826738978,0.4379947082665908,0,,0,0,drift_not_confirmed,,voltage_rolling_mean=231.648940;source_publish_interval=0.503957,,1.4371660072356462,21.1885420139879,22.67887513153255
2026-08-10T16:50:36.163986+00:00,measurement_drift_01,meter_02,564,none,none,none,none,none,normal_drift,0.9998661284720082,0.4621535675308175,0,,1,0,collecting_candidates;drift_not_confirmed,voltage_rolling_mean,voltage_rolling_mean=230.439374;source_publish_interval=0.503952,voltage_rolling_mean,0.9534999262541533,12.727041030302644,13.715042034164071
2026-08-10T16:50:36.177860+00:00,measurement_drift_01,meter_03,564,none,none,none,none,none,none,0.9957135773142586,0.45968449311156606,0,,0,0,drift_not_confirmed,,voltage_rolling_mean=230.520244;source_publish_interval=0.503946,,0.6272499449551105,9.76587482728064,10.413374984636903
2026-08-10T16:50:36.646567+00:00,measurement_drift_01,meter_01,565,none,none,none,unknown,unknown,unknown,0.9999950015534219,0.6206205795832177,0,,0,0,drift_not_confirmed,,voltage_rolling_mean=231.648940;source_publish_interval=0.503957,,1.945416908711195,21.730333101004362,23.71891587972641
2026-08-10T16:50:36.670740+00:00,measurement_drift_01,meter_02,565,none,none,none,none,none,normal_drift,0.9999154685451088,0.516501828249425,0,,1,0,collecting_candidates;drift_not_confirmed,voltage_rolling_mean,voltage_rolling_mean=230.439374;source_publish_interval=0.503952,voltage_rolling_mean,0.8130830246955156,12.359916931018233,13.1992909591645
2026-08-10T16:50:36.684078+00:00,measurement_drift_01,meter_03,565,none,none,none,none,none,none,0.9971550066135313,0.4618142385157832,0,,0,0,drift_not_confirmed,,voltage_rolling_mean=230.520244;source_publish_interval=0.503946,,0.5678748711943626,9.628582978621125,10.215790942311287
2026-08-10T16:50:37.151709+00:00,measurement_drift_01,meter_01,566,none,none,none,none,none,none,0.9999929957357181,0.4439814922569254,0,,0,0,drift_not_confirmed,,voltage_rolling_mean=231.648940;source_publish_interval=0.503957,,2.5114999152719975,22.473999997600913,25.034665828570724
2026-08-10T16:50:37.177197+00:00,measurement_drift_01,meter_02,566,none,none,none,none,none,normal_drift,0.9998826387869083,0.4686256565431598,0,,1,0,collecting_candidates;drift_not_confirmed,voltage_rolling_mean,voltage_rolling_mean=230.439374;source_publish_interval=0.503952,voltage_rolling_mean,0.9206659160554409,12.260791845619678,13.209042139351368
2026-08-10T16:50:37.190562+00:00,measurement_drift_01,meter_03,566,none,none,none,none,none,none,0.9902673023109196,0.4564854966375712,0,,0,0,drift_not_confirmed,,voltage_rolling_mean=230.520244;source_publish_interval=0.503946,,0.5602079909294844,9.595333831384778,10.175041854381561
2026-08-10T16:50:37.653930+00:00,measurement_drift_01,meter_01,567,none,none,none,none,none,none,0.9999837005385794,0.46229038873823647,0,,0,0,drift_not_confirmed,,voltage_rolling_mean=231.648940;source_publish_interval=0.503957,,1.9749170169234276,21.89037506468594,23.90383300371468
2026-08-10T16:50:37.678169+00:00,measurement_drift_01,meter_02,567,none,none,none,none,none,normal_drift,0.9997672598713035,0.468603335855187,0,,1,0,collecting_candidates;drift_not_confirmed,voltage_rolling_mean,voltage_rolling_mean=230.439374;source_publish_interval=0.503952,voltage_rolling_mean,0.8937499951571226,12.171792099252343,13.091125059872866
2026-08-10T16:50:37.691392+00:00,measurement_drift_01,meter_03,567,none,none,none,none,none,none,0.995388555835207,0.45964735860803907,0,,0,0,drift_not_confirmed,,voltage_rolling_mean=230.520244;source_publish_interval=0.503946,,0.531333964318037,9.673499967902899,10.22425014525652
2026-08-10T16:50:38.155165+00:00,measurement_drift_01,meter_01,568,none,none,none,none,none,none,0.9999833876563746,0.4917640229187427,0,,0,0,drift_not_confirmed,,voltage_rolling_mean=231.648940;source_publish_interval=0.503957,,1.987542025744915,22.19362510368228,24.234292097389698
2026-08-10T16:50:38.179754+00:00,measurement_drift_01,meter_02,568,none,none,none,none,none,normal_drift,0.9996485231884746,0.4441386274602301,0,,1,0,collecting_candidates;drift_not_confirmed,voltage_rolling_mean,voltage_rolling_mean=230.439374;source_publish_interval=0.503952,voltage_rolling_mean,0.953582813963294,12.060083914548159,13.039208017289639
2026-08-10T16:50:38.192936+00:00,measurement_drift_01,meter_03,568,none,none,none,none,none,none,0.9994718876028105,0.49349146289883,0,,0,0,drift_not_confirmed,,voltage_rolling_mean=230.520244;source_publish_interval=0.503946,,0.5500828847289085,9.4565418548882,10.02662512473762
2026-08-10T16:50:38.657062+00:00,measurement_drift_01,meter_01,569,none,none,none,none,none,none,0.9999827994181789,0.4525247249279035,0,,0,0,drift_not_confirmed,,voltage_rolling_mean=231.648940;source_publish_interval=0.503957,,2.6452080346643925,18.636124907061458,21.316833095625043
2026-08-10T16:50:38.678733+00:00,measurement_drift_01,meter_02,569,none,none,none,none,none,normal_drift,0.9982563794033549,0.4787782975143593,0,,1,0,collecting_candidates;drift_not_confirmed,voltage_rolling_mean,voltage_rolling_mean=230.439374;source_publish_interval=0.503952,voltage_rolling_mean,0.7470420096069574,11.499457992613316,12.278333073481917
2026-08-10T16:50:38.691126+00:00,measurement_drift_01,meter_03,569,none,none,none,none,none,none,0.9970439163933589,0.4609729185177017,0,,0,0,drift_not_confirmed,,voltage_rolling_mean=230.520244;source_publish_interval=0.503946,,0.5458749365061522,9.509708033874631,10.073584038764238
2026-08-10T16:50:39.161332+00:00,measurement_drift_01,meter_01,570,none,none,none,none,none,none,0.9999955896688,0.46844791703930844,0,,0,0,drift_not_confirmed,,voltage_rolling_mean=231.648940;source_publish_interval=0.503957,,2.974167000502348,19.715707981958985,22.734500002115965
2026-08-10T16:50:39.184469+00:00,measurement_drift_01,meter_02,570,none,none,none,none,none,normal_drift,0.9963920362986204,0.46663685166961094,0,,1,0,collecting_candidates;drift_not_confirmed,voltage_rolling_mean,voltage_rolling_mean=230.439374;source_publish_interval=0.503952,voltage_rolling_mean,0.7881659548729658,11.659499956294894,12.47054198756814
2026-08-10T16:50:39.197060+00:00,measurement_drift_01,meter_03,570,none,none,none,none,none,none,0.9960062748703791,0.479222804021095,0,,0,0,drift_not_confirmed,,voltage_rolling_mean=230.520244;source_publish_interval=0.503946,,0.533499987795949,9.59245883859694,10.144833941012621
2026-08-10T16:50:39.665925+00:00,measurement_drift_01,meter_01,571,none,none,none,none,none,none,0.9999897009546916,0.5791519505233214,0,,0,0,drift_not_confirmed,,voltage_rolling_mean=231.648940;source_publish_interval=0.503957,,2.4844170548021793,19.089624984189868,21.617665886878967
2026-08-10T16:50:39.687959+00:00,measurement_drift_01,meter_02,571,none,none,none,none,none,normal_drift,0.9996582648953197,0.4482172880053708,0,,1,0,collecting_candidates;drift_not_confirmed,voltage_rolling_mean,voltage_rolling_mean=230.439374;source_publish_interval=0.503952,voltage_rolling_mean,0.7958330679684877,11.787082999944687,12.606458039954305
2026-08-10T16:50:39.700694+00:00,measurement_drift_01,meter_03,571,none,none,none,unknown,unknown,unknown,0.9119951157779715,0.5980857302580359,0,,0,0,drift_not_confirmed,,voltage_rolling_mean=230.520244;source_publish_interval=0.503946,,0.5648329388350248,9.470707969740033,10.054042097181082
2026-08-10T16:50:40.171059+00:00,measurement_drift_01,meter_01,572,none,none,none,none,none,none,0.9999934243116196,0.46196401807468296,0,,0,0,drift_not_confirmed,,voltage_rolling_mean=231.648940;source_publish_interval=0.503957,,2.7830840554088354,19.36074998229742,22.176834056153893
2026-08-10T16:50:40.193610+00:00,measurement_drift_01,meter_02,572,none,none,none,none,none,normal_drift,0.997768571235599,0.4576590200579429,0,,1,0,collecting_candidates;drift_not_confirmed,voltage_rolling_mean,voltage_rolling_mean=230.439374;source_publish_interval=0.503952,voltage_rolling_mean,0.7405420765280724,11.582541046664119,12.345792027190328
2026-08-10T16:50:40.206066+00:00,measurement_drift_01,meter_03,572,none,none,none,none,none,none,0.9974535587458191,0.48167958713491665,0,,0,0,drift_not_confirmed,,voltage_rolling_mean=230.520244;source_publish_interval=0.503946,,0.5464579444378614,9.498124942183495,10.063042165711522
2026-08-10T16:50:40.676351+00:00,measurement_drift_01,meter_01,573,none,none,none,none,none,none,0.9999388386385888,0.45763092078247,0,,0,0,drift_not_confirmed,,voltage_rolling_mean=231.648940;source_publish_interval=0.503957,,1.9962501246482134,21.861750166863203,23.908708011731505
2026-08-10T16:50:40.700607+00:00,measurement_drift_01,meter_02,573,none,none,none,none,none,normal_drift,0.9911382078130518,0.45920933963439003,0,,1,0,collecting_candidates;drift_not_confirmed,voltage_rolling_mean,voltage_rolling_mean=230.439374;source_publish_interval=0.503952,voltage_rolling_mean,0.8633329998701811,12.144541833549738,13.032583054155111
2026-08-10T16:50:40.713762+00:00,measurement_drift_01,meter_03,573,none,none,none,none,none,none,0.9852256790308074,0.45903725726618383,0,,0,0,drift_not_confirmed,,voltage_rolling_mean=230.520244;source_publish_interval=0.503946,,0.544167123734951,9.567875182256103,10.130167007446289
2026-08-10T16:50:41.179701+00:00,measurement_drift_01,meter_01,574,none,none,none,none,none,none,0.9998692981784976,0.4629998454226818,0,,0,0,drift_not_confirmed,,voltage_rolling_mean=231.648940;source_publish_interval=0.503957,,2.231042133644223,22.16545818373561,24.44833400659263
2026-08-10T16:50:41.204544+00:00,measurement_drift_01,meter_02,574,none,none,none,none,none,normal_drift,0.9987421729273486,0.44764136147244105,0,,1,0,collecting_candidates;drift_not_confirmed,voltage_rolling_mean,voltage_rolling_mean=230.439374;source_publish_interval=0.503952,voltage_rolling_mean,0.8782090153545141,12.413917109370232,13.316415948793292
2026-08-10T16:50:41.217981+00:00,measurement_drift_01,meter_03,574,none,none,none,none,none,none,0.9938596285931256,0.4549004699743792,0,,0,0,drift_not_confirmed,,voltage_rolling_mean=230.520244;source_publish_interval=0.503946,,0.5385419353842735,9.506500093266368,10.06341609172523
2026-08-10T16:50:41.683473+00:00,measurement_drift_01,meter_01,575,none,none,none,none,none,none,0.9997493466446256,0.44788779419496066,0,,0,0,drift_not_confirmed,,voltage_rolling_mean=231.648940;source_publish_interval=0.503957,,2.6934160850942135,17.554624937474728,20.290042040869594
2026-08-10T16:50:41.704217+00:00,measurement_drift_01,meter_02,575,none,none,none,none,none,normal_drift,0.9998883318929996,0.5323181585830401,0,,1,0,collecting_candidates;drift_not_confirmed,voltage_rolling_mean,voltage_rolling_mean=230.439374;source_publish_interval=0.503952,voltage_rolling_mean,0.7835000287741423,11.720750015228987,12.527584098279476
2026-08-10T16:50:41.716874+00:00,measurement_drift_01,meter_03,575,none,none,none,none,none,none,0.9998570879151226,0.5368263289500524,0,,0,0,drift_not_confirmed,,voltage_rolling_mean=230.520244;source_publish_interval=0.503946,,0.534792197868228,9.305082960054278,9.859458077698946
2026-08-10T16:50:42.184171+00:00,measurement_drift_01,meter_01,576,none,none,none,none,none,none,0.9999285029227651,0.4719560631368342,0,,0,0,drift_not_confirmed,,voltage_rolling_mean=231.648940;source_publish_interval=0.503957,,2.988707972690463,14.826416969299316,17.845999915152788
2026-08-10T16:50:42.202397+00:00,measurement_drift_01,meter_02,576,none,none,none,none,none,normal_drift,0.9992213506481243,0.44912280826289996,0,,1,0,collecting_candidates;drift_not_confirmed,voltage_rolling_mean,voltage_rolling_mean=230.439374;source_publish_interval=0.503952,voltage_rolling_mean,0.6736249197274446,10.352791054174304,11.048333952203393
2026-08-10T16:50:42.213553+00:00,measurement_drift_01,meter_03,576,none,none,none,none,none,none,0.9953687341668347,0.4615101425904026,0,,0,0,drift_not_confirmed,,voltage_rolling_mean=230.520244;source_publish_interval=0.503946,,0.5294592119753361,9.061458054929972,9.609166998416185
2026-08-10T16:50:42.687076+00:00,measurement_drift_01,meter_01,577,none,none,none,none,none,none,0.9999388146799878,0.4418181286755552,0,,0,0,drift_not_confirmed,,voltage_rolling_mean=231.648940;source_publish_interval=0.503957,,3.1449159141629934,18.28054105862975,21.471915999427438
2026-08-10T16:50:42.708949+00:00,measurement_drift_01,meter_02,577,none,none,none,none,none,normal_drift,0.9989032923820433,0.45820622241452685,0,,1,0,collecting_candidates;drift_not_confirmed,voltage_rolling_mean,voltage_rolling_mean=230.439374;source_publish_interval=0.503952,voltage_rolling_mean,0.723833916708827,11.595958145335317,12.34358293004334
2026-08-10T16:50:42.721429+00:00,measurement_drift_01,meter_03,577,none,none,none,none,none,none,0.9985992160229591,0.47618391484538225,0,,0,0,drift_not_confirmed,,voltage_rolling_mean=230.520244;source_publish_interval=0.503946,,0.5717920139431953,9.392417035996914,9.981750044971704
2026-08-10T16:50:43.189984+00:00,measurement_drift_01,meter_01,578,none,none,none,none,none,none,0.9992067248324942,0.4444528987016034,0,,0,0,drift_not_confirmed,,voltage_rolling_mean=231.648940;source_publish_interval=0.503957,,2.469749888405204,19.611166091635823,22.120916983112693
2026-08-10T16:50:43.212491+00:00,measurement_drift_01,meter_02,578,none,none,none,none,none,normal_drift,0.9943548182398999,0.46440908620490795,0,,1,0,collecting_candidates;drift_not_confirmed,voltage_rolling_mean,voltage_rolling_mean=230.439374;source_publish_interval=0.503952,voltage_rolling_mean,0.7493330631405115,11.86733297072351,12.643792200833559
2026-08-10T16:50:43.225268+00:00,measurement_drift_01,meter_03,578,none,none,none,none,none,none,0.9998651524806602,0.6012065437555714,0,,0,0,drift_not_confirmed,,voltage_rolling_mean=230.520244;source_publish_interval=0.503946,,0.5394578911364079,9.586583124473691,10.14604209922254
2026-08-10T16:50:43.694964+00:00,measurement_drift_01,meter_01,579,none,none,none,none,none,none,0.9995187719127375,0.44295298411355777,0,,0,0,drift_not_confirmed,,voltage_rolling_mean=231.648940;source_publish_interval=0.503957,,2.5999590288847685,18.98933295160532,21.622832864522934
2026-08-10T16:50:43.716990+00:00,measurement_drift_01,meter_02,579,none,none,none,none,none,normal_drift,0.9872374443863459,0.45974679289128056,0,,1,0,collecting_candidates;drift_not_confirmed,voltage_rolling_mean,voltage_rolling_mean=230.439374;source_publish_interval=0.503952,voltage_rolling_mean,0.7414170540869236,11.552124982699752,12.315750122070312
2026-08-10T16:50:43.729401+00:00,measurement_drift_01,meter_03,579,none,none,none,none,none,none,0.9908606638537302,0.4591685138185173,0,,0,0,drift_not_confirmed,,voltage_rolling_mean=230.520244;source_publish_interval=0.503946,,0.5364578682929277,9.363958146423101,9.919499978423119
2026-08-10T16:50:44.200142+00:00,measurement_drift_01,meter_01,580,none,none,none,none,none,none,0.9997630900441501,0.4650797487799108,0,,0,0,drift_not_confirmed,,voltage_rolling_mean=231.648940;source_publish_interval=0.503957,,2.000542124733329,20.062416093423963,22.098750108852983
2026-08-10T16:50:44.222600+00:00,measurement_drift_01,meter_02,580,none,none,none,none,none,normal_drift,0.9975497573600184,0.48195706310324654,0,,1,1,drift_not_confirmed;reference_updated,voltage_rolling_mean,voltage_rolling_mean=229.439374;source_publish_interval=0.503952,voltage_rolling_mean,0.7181670516729355,11.594708077609539,12.33737519942224
2026-08-10T16:50:44.235038+00:00,measurement_drift_01,meter_03,580,none,none,none,none,none,none,0.9927885502418019,0.443360633962827,0,,0,0,drift_not_confirmed,,voltage_rolling_mean=230.520244;source_publish_interval=0.503946,,0.5200831219553947,9.378541028127074,9.91720799356699
2026-08-10T16:50:44.705187+00:00,measurement_drift_01,meter_01,581,none,none,none,none,none,none,0.9950775781796322,0.4832844967688911,0,,0,0,drift_not_confirmed,,voltage_rolling_mean=231.648940;source_publish_interval=0.503957,,2.6518329977989197,19.13558319211006,21.82024996727705
2026-08-10T16:50:44.727399+00:00,measurement_drift_01,meter_02,581,none,none,none,none,none,normal_drift,0.9992253727359064,0.5293997581619554,0,,1,0,collecting_candidates;drift_not_confirmed,voltage_rolling_mean,voltage_rolling_mean=229.439374;source_publish_interval=0.503952,voltage_rolling_mean,0.7078750059008598,11.697791051119566,12.426832923665643
2026-08-10T16:50:44.739945+00:00,measurement_drift_01,meter_03,581,none,none,none,none,none,none,0.9872336040979568,0.45173276768721987,0,,0,0,drift_not_confirmed,,voltage_rolling_mean=230.520244;source_publish_interval=0.503946,,0.5257080774754286,9.664499899372458,10.22466691210866
2026-08-10T16:50:45.210141+00:00,measurement_drift_01,meter_01,582,none,none,none,none,none,none,0.999913794508543,0.519406006048411,0,,0,0,drift_not_confirmed,,voltage_rolling_mean=231.648940;source_publish_interval=0.503957,,2.834250219166279,19.806540803983808,22.679249988868833
2026-08-10T16:50:45.233232+00:00,measurement_drift_01,meter_02,582,none,none,none,none,none,normal_drift,0.997332440459956,0.4546759776037678,0,,1,0,collecting_candidates;drift_not_confirmed,voltage_rolling_mean,voltage_rolling_mean=229.439374;source_publish_interval=0.503952,voltage_rolling_mean,0.7768750656396151,11.903125094249845,12.704082997515798
2026-08-10T16:50:45.246068+00:00,measurement_drift_01,meter_03,582,none,none,none,none,none,none,0.9940493282871039,0.4614606349853322,0,,0,0,drift_not_confirmed,,voltage_rolling_mean=230.520244;source_publish_interval=0.503946,,0.5362499505281448,9.801458101719618,10.357375023886561
2026-08-10T16:50:45.714778+00:00,measurement_drift_01,meter_01,583,none,none,none,none,none,none,0.9994142410066198,0.44093442546216194,0,,0,0,drift_not_confirmed,,voltage_rolling_mean=231.648940;source_publish_interval=0.503957,,2.5949168484658003,22.59891596622765,25.236207991838455
2026-08-10T16:50:45.740448+00:00,measurement_drift_01,meter_02,583,none,none,none,none,none,normal_drift,0.9985143891538475,0.46147314010647006,0,,1,0,collecting_candidates;drift_not_confirmed,voltage_rolling_mean,voltage_rolling_mean=229.439374;source_publish_interval=0.503952,voltage_rolling_mean,0.8796670008450747,12.2442077845335,13.149708975106478
2026-08-10T16:50:45.753729+00:00,measurement_drift_01,meter_03,583,none,none,none,none,none,none,0.9914234974441346,0.44938443506736064,0,,0,0,drift_not_confirmed,,voltage_rolling_mean=230.520244;source_publish_interval=0.503946,,0.5337910261005163,9.473542217165232,10.026666102930903
2026-08-10T16:50:46.219695+00:00,measurement_drift_01,meter_01,584,none,none,none,none,none,none,0.9969687057230476,0.47959639653747144,0,,0,0,drift_not_confirmed,,voltage_rolling_mean=231.648940;source_publish_interval=0.503957,,3.161582862958312,16.03595889173448,19.233915954828262
2026-08-10T16:50:46.239329+00:00,measurement_drift_01,meter_02,584,none,none,none,none,none,normal_drift,0.9917463313779783,0.4564601565677628,0,,1,0,collecting_candidates;drift_not_confirmed,voltage_rolling_mean,voltage_rolling_mean=229.439374;source_publish_interval=0.503952,voltage_rolling_mean,0.7382079493254423,10.721000144258142,11.480250163003802
2026-08-10T16:50:46.250911+00:00,measurement_drift_01,meter_03,584,none,none,none,none,none,none,0.9979196149100009,0.49789479946175896,0,,0,0,drift_not_confirmed,,voltage_rolling_mean=230.520244;source_publish_interval=0.503946,,0.5162081215530634,9.309167042374611,9.843791835010052
2026-08-10T16:50:46.721783+00:00,measurement_drift_01,meter_01,585,none,none,none,none,none,none,0.9990093569034154,0.4834677147730983,0,,0,0,drift_not_confirmed,,voltage_rolling_mean=231.648940;source_publish_interval=0.503957,,2.4852920323610306,21.8148750718683,24.338999995961785
2026-08-10T16:50:46.746553+00:00,measurement_drift_01,meter_02,585,none,none,none,none,none,none,0.9745993639321523,0.48182146153619904,0,,0,0,drift_not_confirmed;sample_not_trusted,,voltage_rolling_mean=229.439374;source_publish_interval=0.503952,voltage_rolling_mean,0.7821668405085802,11.954416986554861,12.76104198768735
2026-08-10T16:50:46.759435+00:00,measurement_drift_01,meter_03,585,none,none,none,none,none,none,0.9902024108302374,0.44395828513234037,0,,0,0,drift_not_confirmed,,voltage_rolling_mean=230.520244;source_publish_interval=0.503946,,0.5787499248981476,9.696458000689745,10.294708190485835
2026-08-10T16:50:47.224821+00:00,measurement_drift_01,meter_01,586,none,none,none,none,none,none,0.9998438727034324,0.4500376857862247,0,,0,0,drift_not_confirmed,,voltage_rolling_mean=231.648940;source_publish_interval=0.503957,,2.11908295750618,21.520165959373116,23.67470902390778
2026-08-10T16:50:47.248882+00:00,measurement_drift_01,meter_02,586,none,none,none,none,none,normal_drift,0.9982147113913135,0.44899109733757864,0,,1,0,collecting_candidates;drift_not_confirmed,voltage_rolling_mean,voltage_rolling_mean=229.439374;source_publish_interval=0.503952,voltage_rolling_mean,0.7435001898556948,11.755082989111543,12.52616592682898
2026-08-10T16:50:47.261531+00:00,measurement_drift_01,meter_03,586,none,none,none,none,none,none,0.9985946043336761,0.4468611973272641,0,,0,0,drift_not_confirmed,,voltage_rolling_mean=230.520244;source_publish_interval=0.503946,,0.5861248355358839,9.719332912936807,10.324583854526281
2026-08-10T16:50:47.726982+00:00,measurement_drift_01,meter_01,587,none,none,none,none,none,none,0.9998361053561314,0.46617511860859195,0,,0,0,drift_not_confirmed,,voltage_rolling_mean=231.648940;source_publish_interval=0.503957,,1.937708118930459,21.84429205954075,23.82300002500415
2026-08-10T16:50:47.751147+00:00,measurement_drift_01,meter_02,587,none,none,none,none,none,normal_drift,0.9998480352012998,0.5014630221083141,0,,1,0,collecting_candidates;drift_not_confirmed,voltage_rolling_mean,voltage_rolling_mean=229.439374;source_publish_interval=0.503952,voltage_rolling_mean,0.8432499598711729,12.184916995465755,13.052541995421052
2026-08-10T16:50:47.764320+00:00,measurement_drift_01,meter_03,587,none,none,none,none,none,none,0.9987745246592832,0.47016308162095094,0,,0,0,drift_not_confirmed,,voltage_rolling_mean=230.520244;source_publish_interval=0.503946,,0.549917109310627,9.57004213705659,10.138208046555519
2026-08-10T16:50:48.231953+00:00,measurement_drift_01,meter_01,588,none,none,none,none,none,none,0.9945132017739734,0.49459257923221944,0,,0,0,drift_not_confirmed,,voltage_rolling_mean=231.648940;source_publish_interval=0.503957,,2.5834590196609497,19.971208181232214,22.599791875109076
2026-08-10T16:50:48.254941+00:00,measurement_drift_01,meter_02,588,none,none,none,none,none,normal_drift,0.9990380212543893,0.513112684615976,0,,1,0,collecting_candidates;drift_not_confirmed,voltage_rolling_mean,voltage_rolling_mean=229.439374;source_publish_interval=0.503952,voltage_rolling_mean,0.768834026530385,11.953165987506509,12.744166189804673
2026-08-10T16:50:48.267801+00:00,measurement_drift_01,meter_03,588,none,none,none,none,none,none,0.9924516421017149,0.44761308092800267,0,,0,0,drift_not_confirmed,,voltage_rolling_mean=230.520244;source_publish_interval=0.503946,,0.5129589699208736,9.48804197832942,10.019625071436167
2026-08-10T16:50:48.737276+00:00,measurement_drift_01,meter_01,589,none,none,none,none,none,none,0.9996628341705889,0.4603521869557382,0,,0,0,drift_not_confirmed,,voltage_rolling_mean=231.648940;source_publish_interval=0.503957,,2.0007919520139694,21.834333892911673,23.870375007390976
2026-08-10T16:50:48.761466+00:00,measurement_drift_01,meter_02,589,none,none,none,none,none,normal_drift,0.9934963225679121,0.4990082244113562,0,,1,0,collecting_candidates;drift_not_confirmed,voltage_rolling_mean,voltage_rolling_mean=229.439374;source_publish_interval=0.503952,voltage_rolling_mean,0.8283751085400581,11.975750094279647,12.828374980017543
2026-08-10T16:50:48.774405+00:00,measurement_drift_01,meter_03,589,none,none,none,none,none,none,0.9959848998806017,0.4587290717409057,0,,0,0,drift_not_confirmed,,voltage_rolling_mean=230.520244;source_publish_interval=0.503946,,0.5405840929597616,9.70725016668439,10.270583210512996
2026-08-10T16:50:49.238112+00:00,measurement_drift_01,meter_01,590,none,none,none,none,none,none,0.9999093622132365,0.5676971851530748,0,,0,0,drift_not_confirmed,,voltage_rolling_mean=231.648940;source_publish_interval=0.503957,,1.379665918648243,21.464624907821417,22.898124996572733
2026-08-10T16:50:49.261356+00:00,measurement_drift_01,meter_02,590,none,none,none,none,none,normal_drift,0.9937405327199141,0.47812916140430123,0,,1,0,collecting_candidates;drift_not_confirmed,voltage_rolling_mean,voltage_rolling_mean=229.439374;source_publish_interval=0.503952,voltage_rolling_mean,0.9553339332342148,12.963125016540289,13.948417035862803
2026-08-10T16:50:49.275464+00:00,measurement_drift_01,meter_03,590,none,none,none,none,none,none,0.998559459389683,0.4589311802085454,0,,0,0,drift_not_confirmed,,voltage_rolling_mean=230.520244;source_publish_interval=0.503946,,0.5874158814549446,9.85624990426004,10.464166989549994
2026-08-10T16:50:49.743899+00:00,measurement_drift_01,meter_01,591,none,none,none,none,none,none,0.9989768396399682,0.45728348080766734,0,,0,0,drift_not_confirmed,,voltage_rolling_mean=231.648940;source_publish_interval=0.503957,,2.142874989658594,22.580541903153062,24.76929221302271
2026-08-10T16:50:49.769092+00:00,measurement_drift_01,meter_02,591,none,none,none,none,none,normal_drift,0.993524161236005,0.4519526491973963,0,,1,0,collecting_candidates;drift_not_confirmed,voltage_rolling_mean,voltage_rolling_mean=229.439374;source_publish_interval=0.503952,voltage_rolling_mean,0.8561250288039446,12.049499899148941,12.931207893416286
2026-08-10T16:50:49.782151+00:00,measurement_drift_01,meter_03,591,none,none,none,none,none,none,0.9941748590925985,0.4719242742708751,0,,0,0,drift_not_confirmed,,voltage_rolling_mean=230.520244;source_publish_interval=0.503946,,0.5322091747075319,9.750165976583958,10.302708949893713
2026-08-10T16:50:50.246369+00:00,measurement_drift_01,meter_01,592,none,none,none,none,none,none,0.9987492844617526,0.46215026277594995,0,,0,0,drift_not_confirmed,,voltage_rolling_mean=231.648940;source_publish_interval=0.503957,,1.9423749763518572,22.142540896311402,24.12145910784602
2026-08-10T16:50:50.270882+00:00,measurement_drift_01,meter_02,592,none,none,none,none,none,normal_drift,0.9962692740659277,0.5183859456900851,0,,1,0,collecting_candidates;drift_not_confirmed,voltage_rolling_mean,voltage_rolling_mean=229.439374;source_publish_interval=0.503952,voltage_rolling_mean,0.8470420725643635,12.113250093534589,12.985375011339784
2026-08-10T16:50:50.283992+00:00,measurement_drift_01,meter_03,592,none,none,none,none,none,none,0.999025611552121,0.4777622373468983,0,,0,0,drift_not_confirmed,,voltage_rolling_mean=230.520244;source_publish_interval=0.503946,,0.5822500679641962,9.503541979938745,10.10433305054903
2026-08-10T16:50:50.750737+00:00,measurement_drift_01,meter_01,593,none,none,none,none,none,none,0.9985307060716352,0.45533642601854757,0,,0,0,drift_not_confirmed,,voltage_rolling_mean=231.648940;source_publish_interval=0.503957,,1.2723749969154596,20.58804198168218,21.89645799808204
2026-08-10T16:50:50.772905+00:00,measurement_drift_01,meter_02,593,none,none,none,none,none,normal_drift,0.9813368467697761,0.44957659986422344,0,,1,0,collecting_candidates;drift_not_confirmed,voltage_rolling_mean,voltage_rolling_mean=229.439374;source_publish_interval=0.503952,voltage_rolling_mean,0.8870831225067377,13.374750036746264,14.291125116869807
2026-08-10T16:50:50.787333+00:00,measurement_drift_01,meter_03,593,none,none,none,none,none,none,0.983355478346148,0.48401923602328933,0,,0,0,drift_not_confirmed,,voltage_rolling_mean=230.520244;source_publish_interval=0.503946,,0.5870419554412365,10.363959008827806,10.969624854624271
2026-08-10T16:50:51.256530+00:00,measurement_drift_01,meter_01,594,none,none,none,none,none,none,0.9963663250683499,0.47794555103524666,0,,0,0,drift_not_confirmed,,voltage_rolling_mean=231.648940;source_publish_interval=0.503957,,2.2319580893963575,22.37583394162357,24.648291990160942
2026-08-10T16:50:51.281566+00:00,measurement_drift_01,meter_02,594,none,none,none,none,none,normal_drift,0.9892699765393226,0.4465106495370406,0,,1,0,collecting_candidates;drift_not_confirmed,voltage_rolling_mean,voltage_rolling_mean=229.439374;source_publish_interval=0.503952,voltage_rolling_mean,0.8628747891634703,12.061125133186579,12.949749827384949
2026-08-10T16:50:51.294639+00:00,measurement_drift_01,meter_03,594,none,none,none,none,none,none,0.9515702486897641,0.46730276985713726,0,,0,0,drift_not_confirmed,,voltage_rolling_mean=230.520244;source_publish_interval=0.503946,,0.5677079316228628,9.490417083725333,10.07745903916657
2026-08-10T16:50:51.761847+00:00,measurement_drift_01,meter_01,595,none,none,none,none,none,none,0.9976455312790717,0.45739090590416,0,,0,0,drift_not_confirmed,,voltage_rolling_mean=231.648940;source_publish_interval=0.503957,,2.1861670538783073,22.494958015158772,24.728040909394622
2026-08-10T16:50:51.787054+00:00,measurement_drift_01,meter_02,595,none,none,none,none,none,normal_drift,0.9898313436813679,0.47160662198392933,0,,1,0,collecting_candidates;drift_not_confirmed,voltage_rolling_mean,voltage_rolling_mean=229.439374;source_publish_interval=0.503952,voltage_rolling_mean,0.7828329689800739,11.98537484742701,12.796249939128757
2026-08-10T16:50:51.800001+00:00,measurement_drift_01,meter_03,595,none,none,none,none,none,none,0.9920839859730521,0.48396547826976594,0,,0,0,drift_not_confirmed,,voltage_rolling_mean=230.520244;source_publish_interval=0.503946,,0.5681249313056469,9.505917085334659,10.094458935782313
