receive_timestamp,scenario_id,device_id,sequence_number,true_attack_type,true_drift_type,known_prediction,decision,raw_decision,drift_aware_decision,confidence,anomaly_score,drift_detected,drift_features,adaptation_allowed,adaptation_updated,adaptation_reason,adaptation_features,adaptation_references,approved_drift_features,feature_extraction_ms,model_inference_ms,total_detection_ms
2026-08-10T16:28:30.414587+00:00,measurement_drift_01,meter_01,0,none,none,none,none,none,none,1.0,0.4724298323721194,0,,0,0,calibration_sample_not_trusted,,,,0.14358293265104294,9.812125004827976,9.984415955841541
2026-08-10T16:28:30.424711+00:00,measurement_drift_01,meter_02,0,none,none,none,none,none,none,1.0,0.4397626953811676,0,,0,0,calibration_sample_not_trusted,,,,0.06254203617572784,6.56187511049211,6.646875059232116
2026-08-10T16:28:30.431470+00:00,measurement_drift_01,meter_03,0,none,none,none,none,none,none,1.0,0.4710051218189858,0,,0,0,calibration_sample_not_trusted,,,,0.056499848142266273,6.422500126063824,6.499790819361806
2026-08-10T16:28:30.921724+00:00,measurement_drift_01,meter_01,1,none,none,none,none,none,none,0.9999695719046595,0.5163550426888058,0,,0,0,calibration_sample_not_trusted,,,,0.7268751505762339,22.27633399888873,23.066584020853043
2026-08-10T16:28:30.945180+00:00,measurement_drift_01,meter_02,1,none,none,none,none,none,none,0.9999857217249439,0.4754698706700585,0,,0,0,calibration_sample_not_trusted,,,,0.33033289946615696,12.371459044516087,12.729624984785914
2026-08-10T16:28:30.958069+00:00,measurement_drift_01,meter_03,1,none,none,none,none,none,none,0.9999955801975843,0.4829702916533611,0,,0,0,calibration_sample_not_trusted,,,,0.15420792624354362,9.997333167120814,10.17162506468594
2026-08-10T16:28:31.427031+00:00,measurement_drift_01,meter_01,2,none,none,none,none,none,none,0.999997315782346,0.47596915836688203,0,,0,0,calibration_sample_not_trusted,,,,1.3632499612867832,20.338708069175482,21.73295896500349
2026-08-10T16:28:31.449189+00:00,measurement_drift_01,meter_02,2,none,none,none,none,none,none,0.9999497810402496,0.4595493803757297,0,,0,0,calibration_sample_not_trusted,,,,0.3738328814506531,11.916499817743897,12.312791077420115
2026-08-10T16:28:31.461629+00:00,measurement_drift_01,meter_03,2,none,none,none,none,none,none,0.999991301087152,0.4551038110534194,0,,0,0,calibration_sample_not_trusted,,,,0.2429999876767397,9.689291939139366,9.949125116690993
2026-08-10T16:28:31.931269+00:00,measurement_drift_01,meter_01,3,none,none,none,none,none,none,0.9992377134965486,0.45205564023403494,0,,0,0,calibration_sample_not_trusted,,,,1.5480418223887682,20.57749987579882,22.15999993495643
2026-08-10T16:28:31.953862+00:00,measurement_drift_01,meter_02,3,none,none,none,none,none,none,0.9999967936852177,0.5698561222919677,0,,0,0,calibration_sample_not_trusted,,,,0.4053749144077301,12.030709069222212,12.457290897145867
2026-08-10T16:28:31.966449+00:00,measurement_drift_01,meter_03,3,none,none,none,none,none,none,0.9999467103730514,0.5167188246201846,0,,0,0,calibration_sample_not_trusted,,,,0.2536249812692404,9.55333304591477,9.823540924116969
2026-08-10T16:28:32.436563+00:00,measurement_drift_01,meter_01,4,none,none,none,none,none,none,0.9999955832317671,0.45805869331879845,0,,0,0,calibration_sample_not_trusted,,,,1.0932921431958675,22.462083026766777,23.58300006017089
2026-08-10T16:28:32.460499+00:00,measurement_drift_01,meter_02,4,none,none,none,none,none,none,0.9999932415998828,0.44273467504320657,0,,0,0,calibration_sample_not_trusted,,,,0.4218749236315489,12.0495839510113,12.489625019952655
2026-08-10T16:28:32.473107+00:00,measurement_drift_01,meter_03,4,none,none,none,none,none,none,0.9999963218194329,0.47723102087054253,0,,0,0,calibration_sample_not_trusted,,,,0.2848338335752487,10.002291994169354,10.304208844900131
2026-08-10T16:28:32.941627+00:00,measurement_drift_01,meter_01,5,none,none,none,none,none,none,0.9999969430363082,0.46208322034907146,0,,0,0,calibration_sample_not_trusted,,,,1.5960829332470894,22.880541160702705,24.50699987821281
2026-08-10T16:28:32.966565+00:00,measurement_drift_01,meter_02,5,none,none,none,none,none,none,0.9999899431776318,0.527664579576457,0,,0,0,calibration_sample_not_trusted,,,,0.5077079404145479,12.195749906823039,12.722417013719678
2026-08-10T16:28:32.979440+00:00,measurement_drift_01,meter_03,5,none,none,none,none,none,none,0.9999977680773912,0.5040896833639682,0,,0,0,calibration_sample_not_trusted,,,,0.33299997448921204,9.728041011840105,10.079917032271624
2026-08-10T16:28:33.442758+00:00,measurement_drift_01,meter_01,6,none,none,none,none,none,none,0.9999935942703249,0.5292428924855318,0,,0,0,calibration_sample_not_trusted,,,,1.3988749124109745,22.688583005219698,24.121500086039305
2026-08-10T16:28:33.467367+00:00,measurement_drift_01,meter_02,6,none,none,none,none,none,none,0.9999960451449238,0.45599701126271713,0,,0,0,calibration_sample_not_trusted,,,,0.5106250755488873,12.162374798208475,12.693165801465511
2026-08-10T16:28:33.480183+00:00,measurement_drift_01,meter_03,6,none,none,none,none,none,none,0.9999923108047991,0.46524801417725903,0,,0,0,calibration_sample_not_trusted,,,,0.3444589674472809,9.49129182845354,9.849875001236796
2026-08-10T16:28:33.947472+00:00,measurement_drift_01,meter_01,7,none,none,none,none,none,none,0.9999955992982621,0.46153208553623837,0,,0,0,calibration_sample_not_trusted,,,,1.1786660179495811,21.668915869668126,22.882709046825767
2026-08-10T16:28:33.970617+00:00,measurement_drift_01,meter_02,7,none,none,none,none,none,none,0.9999937789428469,0.4434548840368711,0,,0,0,calibration_sample_not_trusted,,,,0.5667090881615877,13.032333925366402,13.61916703172028
2026-08-10T16:28:33.984359+00:00,measurement_drift_01,meter_03,7,none,none,none,none,none,none,0.9999950181876596,0.4916613797756554,0,,0,0,calibration_sample_not_trusted,,,,0.37687504664063454,10.01704204827547,10.408499976620078
2026-08-10T16:28:34.450140+00:00,measurement_drift_01,meter_01,8,none,none,none,none,none,none,0.999904958257992,0.4661050071001344,0,,0,0,calibration_sample_not_trusted,,,,1.5687919221818447,19.331084098666906,20.92366712167859
2026-08-10T16:28:34.471432+00:00,measurement_drift_01,meter_02,8,none,none,none,none,none,none,0.9999929824731789,0.4776985035862511,0,,0,0,calibration_sample_not_trusted,,,,0.45787496492266655,11.355333030223846,11.828500078991055
2026-08-10T16:28:34.483349+00:00,measurement_drift_01,meter_03,8,none,none,none,none,none,none,0.9999954124313588,0.45805399336219066,0,,0,0,calibration_sample_not_trusted,,,,0.3332500346004963,9.71587491221726,10.063875000923872
2026-08-10T16:28:34.954628+00:00,measurement_drift_01,meter_01,9,none,none,none,none,none,none,0.9998468992121773,0.495211394628603,0,,0,0,calibration_sample_not_trusted,,,,1.4719997998327017,22.265249863266945,23.7680000718683
2026-08-10T16:28:34.978732+00:00,measurement_drift_01,meter_02,9,none,none,none,none,none,none,0.9999963983378855,0.49301233182962867,0,,0,0,calibration_sample_not_trusted,,,,0.586833106353879,12.165207881480455,12.769957771524787
2026-08-10T16:28:34.991630+00:00,measurement_drift_01,meter_03,9,none,none,none,none,none,none,0.9999953080165911,0.4536007072426606,0,,0,0,calibration_sample_not_trusted,,,,0.39354199543595314,9.54341609030962,9.95074980892241
2026-08-10T16:28:35.455933+00:00,measurement_drift_01,meter_01,10,none,none,none,none,none,none,0.999904958607806,0.4427803878918204,0,,0,0,calibration_sample_not_trusted,,,,1.4066249132156372,22.60558307170868,24.05024995096028
2026-08-10T16:28:35.480328+00:00,measurement_drift_01,meter_02,10,none,none,none,none,none,none,0.999992194561845,0.44474149702489585,0,,0,0,calibration_sample_not_trusted,,,,0.6369580514729023,12.04399997368455,12.702374951913953
2026-08-10T16:28:35.493175+00:00,measurement_drift_01,meter_03,10,none,none,none,none,none,none,0.9999989248969673,0.4620029533402901,0,,0,0,calibration_sample_not_trusted,,,,0.40429108776152134,9.483042173087597,9.904125006869435
2026-08-10T16:28:35.956962+00:00,measurement_drift_01,meter_01,11,none,none,none,none,none,none,0.9999977786411076,0.4497856241264591,0,,0,0,calibration_sample_not_trusted,,,,1.9861250184476376,22.338541923090816,24.35345808044076
2026-08-10T16:28:35.981748+00:00,measurement_drift_01,meter_02,11,none,none,none,none,none,none,0.9999972848431977,0.4801933287447808,0,,0,0,calibration_sample_not_trusted,,,,0.6009170319885015,11.865958105772734,12.482833117246628
2026-08-10T16:28:35.994337+00:00,measurement_drift_01,meter_03,11,none,none,none,none,none,none,0.9999996741514223,0.5256567423665062,0,,0,0,calibration_sample_not_trusted,,,,0.3820001147687435,9.409582940861583,9.805750101804733
2026-08-10T16:28:36.462295+00:00,measurement_drift_01,meter_01,12,none,none,none,unknown,unknown,unknown,0.9997930609990991,0.6491105192016577,0,,0,0,calibration_sample_not_trusted,,,,1.873041968792677,22.881749784573913,24.780333042144775
2026-08-10T16:28:36.487509+00:00,measurement_drift_01,meter_02,12,none,none,none,none,none,none,0.9999977765476759,0.44533163302308737,0,,0,0,calibration_sample_not_trusted,,,,0.6525840144604445,11.90979196690023,12.57900008931756
2026-08-10T16:28:36.500192+00:00,measurement_drift_01,meter_03,12,none,none,none,none,none,none,0.9999983186958733,0.4662328797395175,0,,0,0,calibration_sample_not_trusted,,,,0.4362910985946655,9.509833063930273,9.960458148270845
2026-08-10T16:28:36.967363+00:00,measurement_drift_01,meter_01,13,none,none,none,none,none,none,0.9999949861087085,0.45124909373758,0,,0,0,calibration_sample_not_trusted,,,,2.3478330112993717,21.9929579179734,24.374124826863408
2026-08-10T16:28:36.992164+00:00,measurement_drift_01,meter_02,13,none,none,none,none,none,none,0.9999985778083069,0.5077234557459471,0,,0,0,calibration_sample_not_trusted,,,,0.7113749161362648,12.124500004574656,12.852916959673166
2026-08-10T16:28:37.005143+00:00,measurement_drift_01,meter_03,13,none,none,none,none,none,none,0.9999976045649259,0.4835424171405109,0,,0,0,calibration_sample_not_trusted,,,,0.42929197661578655,9.494583122432232,9.937542024999857
2026-08-10T16:28:37.472612+00:00,measurement_drift_01,meter_01,14,none,none,none,none,none,none,0.9999982343435501,0.4405278578779772,0,,0,0,calibration_sample_not_trusted,,,,1.7310839612036943,22.568292217329144,24.327833903953433
2026-08-10T16:28:37.497321+00:00,measurement_drift_01,meter_02,14,none,none,none,none,none,none,0.9999970922018543,0.4542799493581668,0,,0,0,calibration_sample_not_trusted,,,,0.7220420520752668,12.05333392135799,12.793834088370204
2026-08-10T16:28:37.510239+00:00,measurement_drift_01,meter_03,14,none,none,none,none,none,none,0.9999989938512619,0.46315636440086116,0,,0,0,calibration_sample_not_trusted,,,,0.4731249064207077,9.52658406458795,10.01504110172391
2026-08-10T16:28:37.975687+00:00,measurement_drift_01,meter_01,15,none,none,none,none,none,none,0.9999896250681739,0.46935360746004073,0,,0,0,calibration_sample_not_trusted,,,,1.4268329832702875,21.672625094652176,23.1282499153167
2026-08-10T16:28:37.999114+00:00,measurement_drift_01,meter_02,15,none,none,none,none,none,none,0.9999986720919364,0.46046420230807034,0,,0,0,calibration_sample_not_trusted,,,,0.7090831641107798,12.275916989892721,13.002500170841813
2026-08-10T16:28:38.012219+00:00,measurement_drift_01,meter_03,15,none,none,none,none,none,none,0.999992770442167,0.46307133942817363,0,,0,0,calibration_sample_not_trusted,,,,0.48229098320007324,9.594833943992853,10.091625154018402
2026-08-10T16:28:38.481202+00:00,measurement_drift_01,meter_01,16,none,none,none,none,none,none,0.9999957835478618,0.44721451375746263,0,,0,0,calibration_sample_not_trusted,,,,2.5743748992681503,20.94612503424287,23.549250094220042
2026-08-10T16:28:38.505134+00:00,measurement_drift_01,meter_02,16,none,none,none,none,none,none,0.9999972356079772,0.45509970833301416,0,,0,0,calibration_sample_not_trusted,,,,0.6464170292019844,12.039750115945935,12.704292079433799
2026-08-10T16:28:38.517945+00:00,measurement_drift_01,meter_03,16,none,none,none,none,none,none,0.9999968978523807,0.4789236929566209,0,,0,0,calibration_sample_not_trusted,,,,0.5055421497672796,9.62054100818932,10.140541940927505
2026-08-10T16:28:38.984559+00:00,measurement_drift_01,meter_01,17,none,none,none,none,none,none,0.9999922667243316,0.4494289533108552,0,,0,0,calibration_sample_not_trusted,,,,3.077375004068017,22.80749985948205,25.915166828781366
2026-08-10T16:28:39.010841+00:00,measurement_drift_01,meter_02,17,none,none,none,none,none,none,0.9999983194763908,0.45686433564991813,0,,0,0,calibration_sample_not_trusted,,,,0.7454999722540379,12.019415851682425,12.781583936885
2026-08-10T16:28:39.023714+00:00,measurement_drift_01,meter_03,17,none,none,none,none,none,none,0.9999991780002144,0.4968680585125361,0,,0,0,calibration_sample_not_trusted,,,,0.5067081656306982,9.67616681009531,10.196416173130274
2026-08-10T16:28:39.487646+00:00,measurement_drift_01,meter_01,18,none,none,none,none,none,none,0.9999892781984552,0.4691650055406943,0,,0,0,calibration_sample_not_trusted,,,,2.5593750178813934,18.461958970874548,21.050292067229748
2026-08-10T16:28:39.509063+00:00,measurement_drift_01,meter_02,18,none,none,none,none,none,none,0.9999914831010017,0.4438209257049158,0,,0,0,calibration_sample_not_trusted,,,,0.6634588353335857,11.161457980051637,11.840458028018475
2026-08-10T16:28:39.520991+00:00,measurement_drift_01,meter_03,18,none,none,none,none,none,none,0.9999992409094693,0.4515082663593046,0,,0,0,calibration_sample_not_trusted,,,,0.47720898874104023,9.328082902356982,9.821999818086624
2026-08-10T16:28:39.992079+00:00,measurement_drift_01,meter_01,19,none,none,none,none,none,none,0.9999907874654407,0.4367571286110284,0,,0,0,calibration_sample_not_trusted,,,,1.906875055283308,22.159165935590863,24.093707790598273
2026-08-10T16:28:40.016468+00:00,measurement_drift_01,meter_02,19,none,none,none,none,none,none,0.999995760171822,0.4524440456466296,0,,0,0,calibration_sample_not_trusted,,,,0.8095409721136093,11.871791211888194,12.698292033746839
2026-08-10T16:28:40.029263+00:00,measurement_drift_01,meter_03,19,none,none,none,none,none,none,0.9999985018075798,0.46625977242858213,0,,0,0,calibration_sample_not_trusted,,,,0.5569159984588623,9.477917104959488,10.04891679622233
2026-08-10T16:28:40.494517+00:00,measurement_drift_01,meter_01,20,none,none,none,none,none,none,0.9999967000423358,0.48029788160155457,0,,0,0,none,,,,1.9239999819546938,21.96295792236924,23.921000072732568
2026-08-10T16:28:40.518727+00:00,measurement_drift_01,meter_02,20,none,none,none,none,none,none,0.9999989692020391,0.4913635243137696,0,,0,0,none,,,,0.8395418990403414,12.013291008770466,12.872041901573539
2026-08-10T16:28:40.531690+00:00,measurement_drift_01,meter_03,20,none,none,none,none,none,none,0.9999983569407938,0.4535418633852783,0,,0,0,none,,,,0.5471659824252129,9.381458163261414,9.944958845153451
2026-08-10T16:28:40.999784+00:00,measurement_drift_01,meter_01,21,none,none,none,none,none,none,0.9999911602853873,0.488621771307384,0,,0,0,none,,,,3.097167005762458,16.8506670743227,19.97341704554856
2026-08-10T16:28:41.020094+00:00,measurement_drift_01,meter_02,21,none,none,none,none,none,none,0.9999980026027838,0.5139518577054732,0,,0,0,none,,,,0.7241249550133944,11.007207911461592,11.746542062610388
2026-08-10T16:28:41.031929+00:00,measurement_drift_01,meter_03,21,none,none,none,none,none,none,0.9999984401035357,0.4637213354235022,0,,0,0,none,,,,0.504208030179143,9.183290880173445,9.700542083010077
2026-08-10T16:28:41.504660+00:00,measurement_drift_01,meter_01,22,none,none,none,none,none,none,0.9999947951020219,0.46829233164749173,0,,0,0,none,,,,2.6485840789973736,21.8148750718683,24.4956249371171
2026-08-10T16:28:41.529543+00:00,measurement_drift_01,meter_02,22,none,none,none,none,none,none,0.9999909789640449,0.44340332861558057,0,,0,0,none,,,,0.8407498244196177,11.862625135108829,12.7211669459939
2026-08-10T16:28:41.542372+00:00,measurement_drift_01,meter_03,22,none,none,none,none,none,none,0.9999983571495947,0.4758208707347191,0,,0,0,none,,,,0.5226668436080217,9.442624868825078,9.981000097468495
2026-08-10T16:28:42.006663+00:00,measurement_drift_01,meter_01,23,none,none,none,none,none,none,0.9999971784566487,0.45238274575631643,0,,0,0,none,,,,3.421542001888156,13.465916970744729,16.911457991227508
2026-08-10T16:28:42.023932+00:00,measurement_drift_01,meter_02,23,none,none,none,none,none,none,0.9999986066926396,0.4626973954677294,0,,0,0,none,,,,0.6239581853151321,10.106875095516443,10.745290899649262
2026-08-10T16:28:42.034780+00:00,measurement_drift_01,meter_03,23,none,none,none,none,none,none,0.999999599554056,0.45890544755250356,0,,0,0,none,,,,0.4768751095980406,8.717291057109833,9.208415867760777
2026-08-10T16:28:42.510723+00:00,measurement_drift_01,meter_01,24,none,none,none,none,none,none,0.9999850382315647,0.4495344744570024,0,,0,0,none,,,,2.5094589218497276,19.17420793324709,21.713915979489684
2026-08-10T16:28:42.532793+00:00,measurement_drift_01,meter_02,24,none,none,none,none,none,none,0.9999948351063832,0.46037487499189284,0,,0,0,none,,,,0.7058749906718731,11.544874869287014,12.267042184248567
2026-08-10T16:28:42.545146+00:00,measurement_drift_01,meter_03,24,none,none,none,none,none,none,0.9999965638894986,0.5112703847681314,0,,0,0,none,,,,0.5207499489188194,9.36625013127923,9.901792043820024
2026-08-10T16:28:43.014915+00:00,measurement_drift_01,meter_01,25,none,none,none,none,none,none,0.9999961652737496,0.5041236811340625,0,,0,0,none,,,,2.476584166288376,20.812708185985684,23.313791025429964
2026-08-10T16:28:43.038569+00:00,measurement_drift_01,meter_02,25,none,none,none,none,none,none,0.9999973845174228,0.5449663894303863,0,,0,0,none,,,,0.7200420368462801,11.65112480521202,12.388332979753613
2026-08-10T16:28:43.051046+00:00,measurement_drift_01,meter_03,25,none,none,none,none,none,none,0.9999994226025778,0.5089417333961267,0,,0,0,none,,,,0.561750028282404,9.498709114268422,10.074625024572015
2026-08-10T16:28:43.519919+00:00,measurement_drift_01,meter_01,26,none,none,none,none,none,none,0.9999940981159822,0.4505691792725144,0,,0,0,none,,,,2.136541996151209,21.67612500488758,23.844582960009575
2026-08-10T16:28:43.544090+00:00,measurement_drift_01,meter_02,26,none,none,none,none,none,none,0.9999966616970127,0.4553043110827449,0,,0,0,none,,,,0.8529580663889647,12.20837514847517,13.078874908387661
2026-08-10T16:28:43.557278+00:00,measurement_drift_01,meter_03,26,none,none,none,none,none,none,0.9999966291472651,0.46513918023447154,0,,0,0,none,,,,0.5634159315377474,9.68112493865192,10.259625036269426
2026-08-10T16:28:44.025357+00:00,measurement_drift_01,meter_01,27,none,none,none,none,none,none,0.9999867269261831,0.4459707722353602,0,,0,0,none,,,,2.0575830712914467,21.838333923369646,23.92575005069375
2026-08-10T16:28:44.049566+00:00,measurement_drift_01,meter_02,27,none,none,none,none,none,none,0.9999864333279466,0.44660348752030105,0,,0,0,none,,,,0.8150420617312193,11.976416921243072,12.808582978323102
2026-08-10T16:28:44.062464+00:00,measurement_drift_01,meter_03,27,none,none,none,none,none,none,0.9999985911676197,0.44885119477147517,0,,0,0,none,,,,0.5446251016110182,9.485208196565509,10.044082999229431
2026-08-10T16:28:44.527489+00:00,measurement_drift_01,meter_01,28,none,none,none,none,none,none,0.9999952522442714,0.5274012624263632,0,,0,0,none,,,,2.566915936768055,20.282584009692073,22.875209106132388
2026-08-10T16:28:44.550808+00:00,measurement_drift_01,meter_02,28,none,none,none,none,none,none,0.9999931442706197,0.46507942886144943,0,,0,0,none,,,,0.7171658799052238,11.60266692750156,12.33520801179111
2026-08-10T16:28:44.563227+00:00,measurement_drift_01,meter_03,28,none,none,none,none,none,none,0.9999986002806632,0.5592823424219139,0,,0,0,none,,,,0.5171250086277723,9.465000126510859,9.996332926675677
2026-08-10T16:28:45.030544+00:00,measurement_drift_01,meter_01,29,none,none,none,none,none,none,0.9999865744076386,0.46285008055513444,0,,0,0,none,,,,2.4114998523145914,20.103000104427338,22.54499983973801
2026-08-10T16:28:45.053454+00:00,measurement_drift_01,meter_02,29,none,none,none,none,none,none,0.9999976073708016,0.5007754056464303,0,,0,0,none,,,,0.7274160161614418,11.760958936065435,12.504625134170055
2026-08-10T16:28:45.066049+00:00,measurement_drift_01,meter_03,29,none,none,none,none,none,none,0.9999978317274042,0.466800460841993,0,,0,0,none,,,,0.5272079724818468,9.488209150731564,10.031083133071661
2026-08-10T16:28:45.535796+00:00,measurement_drift_01,meter_01,30,none,none,none,none,none,none,0.9999889041190717,0.44527413128703636,0,,0,0,none,,,,3.3945408649742603,16.639082925394177,20.058416994288564
2026-08-10T16:28:45.556218+00:00,measurement_drift_01,meter_02,30,none,none,none,none,none,none,0.9999975474249672,0.4446211138768691,0,,0,0,none,,,,0.6802498828619719,10.89054113253951,11.58650009892881
2026-08-10T16:28:45.567888+00:00,measurement_drift_01,meter_03,30,none,none,none,none,none,none,0.9999979311324144,0.5702067320937281,0,,0,0,none,,,,0.5186661146581173,9.120875038206577,9.653457906097174
2026-08-10T16:28:46.041288+00:00,measurement_drift_01,meter_01,31,none,none,none,none,none,none,0.9999880014188134,0.5217961249974076,0,,0,0,none,,,,2.388209104537964,22.279374999925494,24.693042039871216
2026-08-10T16:28:46.066319+00:00,measurement_drift_01,meter_02,31,none,none,none,none,none,none,0.9999957203452483,0.548595011874346,0,,0,0,none,,,,0.8045420981943607,12.048125034198165,12.869458179920912
2026-08-10T16:28:46.079284+00:00,measurement_drift_01,meter_03,31,none,none,none,none,none,none,0.9999977483600699,0.4765703104604036,0,,0,0,none,,,,0.5763748195022345,9.735415922477841,10.326625080779195
2026-08-10T16:28:46.545885+00:00,measurement_drift_01,meter_01,32,none,none,none,none,none,none,0.9999903861093703,0.46255331228205115,0,,0,0,none,,,,2.462458796799183,19.017959013581276,21.50620799511671
2026-08-10T16:28:46.567758+00:00,measurement_drift_01,meter_02,32,none,none,none,none,none,none,0.999995922578721,0.46862016960594266,0,,0,0,none,,,,0.7113749161362648,11.423583142459393,12.149875052273273
2026-08-10T16:28:46.579994+00:00,measurement_drift_01,meter_03,32,none,none,none,none,none,none,0.9999971292694138,0.4451747701194502,0,,0,0,none,,,,0.5444171838462353,9.309416869655252,9.867917047813535
2026-08-10T16:28:47.051367+00:00,measurement_drift_01,meter_01,33,none,none,none,none,none,none,0.999975115233054,0.5962366075015645,0,,0,0,none,,,,2.3960829712450504,17.677415860816836,20.105708856135607
2026-08-10T16:28:47.071844+00:00,measurement_drift_01,meter_02,33,none,none,none,none,none,none,0.999997501168551,0.45630351475241837,0,,0,0,none,,,,0.7375830318778753,11.162000009790063,11.91562507301569
2026-08-10T16:28:47.083849+00:00,measurement_drift_01,meter_03,33,none,none,none,none,none,none,0.9999946992393443,0.4622665627074763,0,,0,0,none,,,,0.5261250771582127,9.271000046283007,9.810875169932842
2026-08-10T16:28:47.556158+00:00,measurement_drift_01,meter_01,34,none,none,none,none,none,none,0.9999114239062056,0.47914314404964076,0,,0,0,none,,,,2.5234168861061335,17.3743749037385,19.925958942621946
2026-08-10T16:28:47.576429+00:00,measurement_drift_01,meter_02,34,none,none,none,none,none,none,0.9999907766285266,0.4512321352726818,0,,0,0,none,,,,0.7222502026706934,11.108833132311702,11.846167035400867
2026-08-10T16:28:47.588354+00:00,measurement_drift_01,meter_03,34,none,none,none,none,none,none,0.9999986838467353,0.5190066969100097,0,,0,0,none,,,,0.5303749348968267,9.200041880831122,9.743583854287863
2026-08-10T16:28:48.058246+00:00,measurement_drift_01,meter_01,35,none,none,none,none,none,none,0.999970074174523,0.5211887949456724,0,,0,0,none,,,,2.2412920370697975,21.60804206505418,23.88037508353591
2026-08-10T16:28:48.082506+00:00,measurement_drift_01,meter_02,35,none,none,none,none,none,none,0.9999948745000545,0.4647028619410868,0,,0,0,none,,,,0.7457500323653221,11.726457858458161,12.48775003477931
2026-08-10T16:28:48.095090+00:00,measurement_drift_01,meter_03,35,none,none,none,none,none,none,0.9999957504119119,0.5620444485177625,0,,0,0,none,,,,0.5339581985026598,9.4607078935951,10.009582852944732
2026-08-10T16:28:48.563347+00:00,measurement_drift_01,meter_01,36,none,none,none,none,none,none,0.9999937385872442,0.45488194514127056,0,,0,0,none,,,,2.7800409588962793,16.8656250461936,19.6682910900563
2026-08-10T16:28:48.583375+00:00,measurement_drift_01,meter_02,36,none,none,none,none,none,none,0.9999988170615048,0.4837552175975694,0,,0,0,none,,,,0.7029171101748943,11.00025000050664,11.718125082552433
2026-08-10T16:28:48.595182+00:00,measurement_drift_01,meter_03,36,none,none,none,none,none,none,0.9999972158408355,0.433796759042996,0,,0,0,none,,,,0.525791896507144,9.352166904136539,9.892459027469158
2026-08-10T16:28:49.068219+00:00,measurement_drift_01,meter_01,37,none,none,none,none,none,none,0.9999833619958097,0.5794985830432271,0,,0,0,none,,,,2.3273329716175795,22.54554210230708,24.903250159695745
2026-08-10T16:28:49.093446+00:00,measurement_drift_01,meter_02,37,none,none,none,none,none,none,0.9999990262298758,0.4374309963101371,0,,0,0,none,,,,0.8215829730033875,12.157666962593794,12.997332960367203
2026-08-10T16:28:49.106539+00:00,measurement_drift_01,meter_03,37,none,none,none,none,none,none,0.9999912715443933,0.540348652807185,0,,0,0,none,,,,0.610582996159792,9.609707864001393,10.235249996185303
2026-08-10T16:28:49.573575+00:00,measurement_drift_01,meter_01,38,none,none,none,none,none,none,0.9999893043628243,0.5019064469727489,0,,0,0,none,,,,2.656332915648818,19.384041894227266,22.06487488001585
2026-08-10T16:28:49.595991+00:00,measurement_drift_01,meter_02,38,none,none,none,none,none,none,0.9999992302983658,0.49267978491596454,0,,0,0,none,,,,0.7148329168558121,11.502540903165936,12.233000015839934
2026-08-10T16:28:49.608320+00:00,measurement_drift_01,meter_03,38,none,none,none,none,none,none,0.9999978761514879,0.4905126258040405,0,,0,0,none,,,,0.5125419702380896,9.445415809750557,9.972458006814122
2026-08-10T16:28:50.073836+00:00,measurement_drift_01,meter_01,39,none,none,none,none,none,none,0.9999945950043065,0.5099209204895403,0,,0,0,none,,,,2.30237515643239,18.479167018085718,20.80945810303092
2026-08-10T16:28:50.094988+00:00,measurement_drift_01,meter_02,39,none,none,none,none,none,none,0.9999996538313033,0.4787871331158218,0,,0,0,none,,,,0.6917910650372505,11.694417102262378,12.402917025610805
2026-08-10T16:28:50.107477+00:00,measurement_drift_01,meter_03,39,none,none,none,none,none,none,0.9999990268792924,0.5182275342970936,0,,0,0,none,,,,0.5254580173641443,9.412667015567422,9.953165892511606
2026-08-10T16:28:50.579200+00:00,measurement_drift_01,meter_01,40,none,none,none,none,none,none,0.9999962449856098,0.4382051031735633,0,,0,0,none,,,,2.0356248132884502,21.207249956205487,23.26629194431007
2026-08-10T16:28:50.602753+00:00,measurement_drift_01,meter_02,40,none,none,none,none,none,none,0.9999993260266161,0.44628439633941214,0,,0,0,none,,,,0.6908341310918331,11.599541176110506,12.310249963775277
2026-08-10T16:28:50.615170+00:00,measurement_drift_01,meter_03,40,none,none,none,none,none,none,0.9999983594411999,0.4398437724728154,0,,0,0,none,,,,0.5843748804181814,9.591999929398298,10.190833127126098
2026-08-10T16:28:51.078656+00:00,measurement_drift_01,meter_01,41,none,none,none,none,none,none,0.9999986567260948,0.5475284107072872,0,,0,0,none,,,,2.287166891619563,18.662332789972425,20.981250097975135
2026-08-10T16:28:51.099976+00:00,measurement_drift_01,meter_02,41,none,none,none,none,none,none,0.9999996932661807,0.4840916104043057,0,,0,0,none,,,,0.7120841182768345,11.547500034794211,12.275208020582795
2026-08-10T16:28:51.112337+00:00,measurement_drift_01,meter_03,41,none,none,none,none,none,none,0.999998597899889,0.46431197060089485,0,,0,0,none,,,,0.532166101038456,9.460417088121176,10.006041964516044
2026-08-10T16:28:51.583907+00:00,measurement_drift_01,meter_01,42,none,none,none,none,none,none,0.999992938452467,0.4519530979441879,0,,0,0,none,,,,2.327124821022153,20.253832917660475,22.607458056882024
2026-08-10T16:28:51.606848+00:00,measurement_drift_01,meter_02,42,none,none,none,none,none,none,0.9999982824274687,0.43924671404524884,0,,0,0,none,,,,0.7139579392969608,11.56579190865159,12.295999797061086
2026-08-10T16:28:51.619237+00:00,measurement_drift_01,meter_03,42,none,none,none,none,none,none,0.9999983692638162,0.5118365137188879,0,,0,0,none,,,,0.5128749180585146,9.424499934539199,9.952167049050331
2026-08-10T16:28:52.088814+00:00,measurement_drift_01,meter_01,43,none,none,none,none,none,none,0.9999967396352997,0.45654073467188666,0,,0,0,none,,,,2.7198749594390392,19.706416875123978,22.455167025327682
2026-08-10T16:28:52.111635+00:00,measurement_drift_01,meter_02,43,none,none,none,none,none,none,0.9999988413641483,0.44185077985705234,0,,0,0,none,,,,0.6989168468862772,11.582583887502551,12.298542074859142
2026-08-10T16:28:52.124047+00:00,measurement_drift_01,meter_03,43,none,none,none,none,none,none,0.9999899178917891,0.45869562355676935,0,,0,0,none,,,,0.5715000443160534,9.455166989937425,10.041374946013093
2026-08-10T16:28:52.593698+00:00,measurement_drift_01,meter_01,44,none,none,none,none,none,none,0.9999977224081662,0.4492298571395301,0,,0,0,none,,,,2.061125123873353,22.433375008404255,24.529374903067946
2026-08-10T16:28:52.618501+00:00,measurement_drift_01,meter_02,44,none,none,none,none,none,none,0.9999989685658315,0.44054424685552235,0,,0,0,none,,,,0.8397090714424849,11.81862480007112,12.6758748665452
2026-08-10T16:28:52.631284+00:00,measurement_drift_01,meter_03,44,none,none,none,none,none,none,0.9999969344001766,0.4421351352094402,0,,0,0,none,,,,0.571749871596694,9.705999866127968,10.292750084772706
2026-08-10T16:28:53.098735+00:00,measurement_drift_01,meter_01,45,none,none,none,none,none,none,0.9999928087006243,0.5003059024858786,0,,0,0,none,,,,2.747375052422285,19.84429103322327,22.628541802987456
2026-08-10T16:28:53.121758+00:00,measurement_drift_01,meter_02,45,none,none,none,none,none,none,0.9999982839199739,0.48686355967312206,0,,0,0,none,,,,0.7524171378463507,11.582250008359551,12.355083134025335
2026-08-10T16:28:53.134248+00:00,measurement_drift_01,meter_03,45,none,none,none,none,none,none,0.9999991510908853,0.44338533548137005,0,,0,0,none,,,,0.5205420311540365,9.382582968100905,9.920458076521754
2026-08-10T16:28:53.602682+00:00,measurement_drift_01,meter_01,46,none,none,none,none,none,none,0.9999971427263331,0.483300813626959,0,,0,0,none,,,,1.6165000852197409,21.68366708792746,23.338708095252514
2026-08-10T16:28:53.626350+00:00,measurement_drift_01,meter_02,46,none,none,none,none,none,none,0.9999990999440797,0.4806284263803439,0,,0,0,none,,,,0.8765000384300947,12.488708831369877,13.387250015512109
2026-08-10T16:28:53.639880+00:00,measurement_drift_01,meter_03,46,none,none,none,none,none,none,0.9999906385851879,0.45866545428187044,0,,0,0,none,,,,0.5902911070734262,9.677499998360872,10.284458985552192
2026-08-10T16:28:54.108301+00:00,measurement_drift_01,meter_01,47,none,none,none,none,none,none,0.9999972533127789,0.4559527230905601,0,,0,0,none,,,,2.2019590251147747,21.755166118964553,23.98941689170897
2026-08-10T16:28:54.132669+00:00,measurement_drift_01,meter_02,47,none,none,none,none,none,none,0.9999987095245739,0.4467539867600488,0,,0,0,none,,,,0.7547088898718357,11.76008302718401,12.53291592001915
2026-08-10T16:28:54.145319+00:00,measurement_drift_01,meter_03,47,none,none,none,none,none,none,0.9999966225398869,0.520265608427051,0,,0,0,none,,,,0.5691251717507839,9.591208072379231,10.174917057156563
2026-08-10T16:28:54.612883+00:00,measurement_drift_01,meter_01,48,none,none,none,none,none,none,0.999981522810497,0.5034642692903446,0,,0,0,none,,,,1.456167083233595,21.325625013560057,22.80908403918147
2026-08-10T16:28:54.635935+00:00,measurement_drift_01,meter_02,48,none,none,none,none,none,none,0.9999996409938091,0.4986941785145831,0,,0,0,none,,,,0.808625016361475,12.791790999472141,13.617875054478645
2026-08-10T16:28:54.649652+00:00,measurement_drift_01,meter_03,48,none,none,none,none,none,none,0.9999983902444592,0.44203563506012683,0,,0,0,none,,,,0.5642080213874578,9.83325019478798,10.411791037768126
2026-08-10T16:28:55.114380+00:00,measurement_drift_01,meter_01,49,none,none,none,none,none,none,0.9999978988203868,0.4629490044170878,0,,0,0,none,,,,2.836833940818906,18.685459159314632,21.55362511985004
2026-08-10T16:28:55.136283+00:00,measurement_drift_01,meter_02,49,none,none,none,none,none,none,0.999999152401725,0.443955749895275,0,,0,0,none,,,,0.7019999902695417,11.290041031315923,12.008291203528643
2026-08-10T16:28:55.148382+00:00,measurement_drift_01,meter_03,49,none,none,none,none,none,none,0.9999965250447002,0.4754372565093399,0,,0,0,none,,,,0.5307500250637531,9.469999931752682,10.015540989115834
2026-08-10T16:28:55.619450+00:00,measurement_drift_01,meter_01,50,none,none,none,none,none,none,0.9999987843209821,0.4645760306427362,0,,0,0,none,,,,2.6912919711321592,18.210334004834294,20.92662500217557
2026-08-10T16:28:55.640714+00:00,measurement_drift_01,meter_02,50,none,none,none,none,none,none,0.9999990085113518,0.5220485098920552,0,,0,0,none,,,,0.6955000571906567,11.252583004534245,11.963708093389869
2026-08-10T16:28:55.652759+00:00,measurement_drift_01,meter_03,50,none,none,none,none,none,none,0.9999984679561656,0.43820843619742456,0,,0,0,none,,,,0.5275830626487732,9.343750076368451,9.885999839752913
2026-08-10T16:28:56.124634+00:00,measurement_drift_01,meter_01,51,none,none,none,none,none,none,0.9999986498359834,0.511768597418537,0,,0,0,none,,,,2.637416124343872,22.42966601625085,25.092459050938487
2026-08-10T16:28:56.150062+00:00,measurement_drift_01,meter_02,51,none,none,none,none,none,none,0.999983343777404,0.43998916829189794,0,,0,0,none,,,,0.8280838374048471,12.109584175050259,12.95475009828806
2026-08-10T16:28:56.163103+00:00,measurement_drift_01,meter_03,51,none,none,none,none,none,none,0.9999984551073399,0.5019463524231782,0,,0,0,none,,,,0.5720830522477627,9.532165946438909,10.118374833837152
2026-08-10T16:28:56.629625+00:00,measurement_drift_01,meter_01,52,none,none,none,none,none,none,0.9999986659674835,0.49088272051564186,0,,0,0,none,,,,2.359583042562008,19.41304188221693,21.796333836391568
2026-08-10T16:28:56.651766+00:00,measurement_drift_01,meter_02,52,none,none,none,none,none,none,0.9999986852608903,0.48688794610470676,0,,0,0,none,,,,0.6938339211046696,11.54004200361669,12.252792017534375
2026-08-10T16:28:56.664105+00:00,measurement_drift_01,meter_03,52,none,none,none,none,none,none,0.9999981688003152,0.467957812816228,0,,0,0,none,,,,0.565042020753026,9.48770809918642,10.067957919090986
2026-08-10T16:28:57.134675+00:00,measurement_drift_01,meter_01,53,none,none,none,none,none,none,0.9999975621593172,0.45715431289933833,0,,0,0,none,,,,2.7385829016566277,18.79879180341959,21.568666910752654
2026-08-10T16:28:57.156615+00:00,measurement_drift_01,meter_02,53,none,none,none,none,none,none,0.9999988365677903,0.439987241064518,0,,0,0,none,,,,0.7127500139176846,11.569416848942637,12.299292022362351
2026-08-10T16:28:57.169012+00:00,measurement_drift_01,meter_03,53,none,none,none,none,none,none,0.9999989015170222,0.43758176015081546,0,,0,0,none,,,,0.5289169494062662,9.392375126481056,9.936915943399072
2026-08-10T16:28:57.638346+00:00,measurement_drift_01,meter_01,54,none,none,none,none,none,none,0.999999040567423,0.46579760841175216,0,,0,0,none,,,,2.960665849968791,19.443499855697155,22.42820803076029
2026-08-10T16:28:57.661107+00:00,measurement_drift_01,meter_02,54,none,none,none,none,none,none,0.9999993636177789,0.5622438420484605,0,,0,0,none,,,,0.6835830863565207,11.637957999482751,12.339791050180793
2026-08-10T16:28:57.673537+00:00,measurement_drift_01,meter_03,54,none,none,none,none,none,none,0.9999993191294416,0.44585162480282653,0,,0,0,none,,,,0.5766248796135187,9.653792018070817,10.246375110000372
2026-08-10T16:28:58.143660+00:00,measurement_drift_01,meter_01,55,none,none,none,none,none,none,0.999993736751878,0.4737531284134715,0,,0,0,none,,,,2.8384169563651085,19.450500141829252,22.32170896604657
2026-08-10T16:28:58.166367+00:00,measurement_drift_01,meter_02,55,none,none,none,none,none,none,0.9999993724470847,0.4544303923774282,0,,0,0,none,,,,0.7093749009072781,11.499666841700673,12.22812500782311
2026-08-10T16:28:58.178689+00:00,measurement_drift_01,meter_03,55,none,none,none,none,none,none,0.9999989138387415,0.46989527431593214,0,,0,0,none,,,,0.5263341590762138,9.407958947122097,9.949208004400134
2026-08-10T16:28:58.647239+00:00,measurement_drift_01,meter_01,56,none,none,none,none,none,none,0.9999969056666554,0.522424525679324,0,,0,0,none,,,,2.606250112876296,18.50016601383686,21.13583288155496
2026-08-10T16:28:58.668750+00:00,measurement_drift_01,meter_02,56,none,none,none,none,none,none,0.9999997833537336,0.4613279540479601,0,,0,0,none,,,,0.732166925445199,11.3626669626683,12.111542047932744
2026-08-10T16:28:58.680974+00:00,measurement_drift_01,meter_03,56,none,none,none,none,none,none,0.9999993243313097,0.433655276004708,0,,0,0,none,,,,0.527125084772706,9.36270784586668,9.909250074997544
2026-08-10T16:28:59.149052+00:00,measurement_drift_01,meter_01,57,none,none,none,none,none,none,0.9999968677029609,0.4734462753354574,0,,0,0,none,,,,1.37208285741508,22.189666982740164,23.591999895870686
2026-08-10T16:28:59.172897+00:00,measurement_drift_01,meter_02,57,none,none,none,none,none,none,0.999999202175193,0.541484746879379,0,,0,0,none,,,,0.8456669747829437,12.467083055526018,13.331749942153692
2026-08-10T16:28:59.186358+00:00,measurement_drift_01,meter_03,57,none,none,none,none,none,none,0.9999994694035592,0.4369254698062192,0,,0,0,none,,,,0.6087080109864473,9.730208897963166,10.35412517376244
2026-08-10T16:28:59.651871+00:00,measurement_drift_01,meter_01,58,none,none,none,none,none,none,0.9999945209605976,0.5020308119395908,0,,0,0,none,,,,1.9755829125642776,20.6342909950763,22.63579098507762
2026-08-10T16:28:59.674843+00:00,measurement_drift_01,meter_02,58,none,none,none,none,none,none,0.9999990992497956,0.5092037360617186,0,,0,0,none,,,,0.8088750764727592,11.711041908711195,12.537415837869048
2026-08-10T16:28:59.687470+00:00,measurement_drift_01,meter_03,58,none,none,none,none,none,none,0.9999970736836585,0.5174046111104733,0,,0,0,none,,,,0.5217918660491705,9.43591701798141,9.972082916647196
2026-08-10T16:29:00.156717+00:00,measurement_drift_01,meter_01,59,none,none,none,none,none,none,0.9999991567700384,0.46403743760019606,0,,0,0,none,,,,2.400083001703024,20.076459040865302,22.507209097966552
2026-08-10T16:29:00.179582+00:00,measurement_drift_01,meter_02,59,none,none,none,none,none,none,0.9999993478524608,0.4557541194607453,0,,0,0,none,,,,0.7393329869955778,11.676749913021922,12.432916089892387
2026-08-10T16:29:00.192116+00:00,measurement_drift_01,meter_03,59,none,none,none,none,none,none,0.9999991614350066,0.4385681594374967,0,,0,0,none,,,,0.5292079877108335,9.468582924455404,10.015042033046484
2026-08-10T16:29:00.662147+00:00,measurement_drift_01,meter_01,60,none,none,none,none,none,none,0.9999982304605328,0.44691164755033935,0,,0,0,none,,,,2.769624814391136,18.898833077400923,21.7074160464108
2026-08-10T16:29:00.684249+00:00,measurement_drift_01,meter_02,60,none,none,none,none,none,none,0.9999993166105466,0.5344502287806229,0,,0,0,none,,,,0.7231659255921841,11.623542057350278,12.365708127617836
2026-08-10T16:29:00.696740+00:00,measurement_drift_01,meter_03,60,none,none,none,none,none,none,0.9999984627328946,0.4499450459883611,0,,0,0,none,,,,0.5368748679757118,9.484041947871447,10.035458020865917
2026-08-10T16:29:01.164255+00:00,measurement_drift_01,meter_01,61,none,none,none,none,none,none,0.9999987082353889,0.45377109161348955,0,,0,0,none,,,,1.8997499719262123,21.60816709510982,23.54387496598065
2026-08-10T16:29:01.188103+00:00,measurement_drift_01,meter_02,61,none,none,none,none,none,none,0.9999997531399368,0.47788415156442227,0,,0,0,none,,,,0.8607080671936274,12.328166980296373,13.208125019446015
2026-08-10T16:29:01.201432+00:00,measurement_drift_01,meter_03,61,none,none,none,none,none,none,0.9999988471946692,0.4313829567153798,0,,0,0,none,,,,0.5510409828275442,9.583833161741495,10.14987495727837
2026-08-10T16:29:01.669254+00:00,measurement_drift_01,meter_01,62,none,none,none,none,none,none,0.99999856786538,0.4530844151005276,0,,0,0,none,,,,2.5470000691711903,21.60295913927257,24.18004092760384
2026-08-10T16:29:01.693816+00:00,measurement_drift_01,meter_02,62,none,none,none,none,none,none,0.9999991753016726,0.44136378517195646,0,,0,0,none,,,,0.791291007772088,12.068541953340173,12.879250105470419
2026-08-10T16:29:01.706809+00:00,measurement_drift_01,meter_03,62,none,none,none,none,none,none,0.9999930913194056,0.5121768497713836,0,,0,0,none,,,,0.5873329937458038,9.692874969914556,10.295124957337976
2026-08-10T16:29:02.174199+00:00,measurement_drift_01,meter_01,63,none,none,none,none,none,none,0.9999995340137768,0.5977098794232124,0,,0,0,none,,,,2.248374978080392,19.251958932727575,21.532374899834394
2026-08-10T16:29:02.196149+00:00,measurement_drift_01,meter_02,63,none,none,none,none,none,none,0.9999995732447124,0.4374242376743785,0,,0,0,none,,,,0.7242918945848942,11.546624824404716,12.287833029404283
2026-08-10T16:29:02.208526+00:00,measurement_drift_01,meter_03,63,none,none,none,none,none,none,0.9999990638353438,0.45851009711365825,0,,0,0,none,,,,0.5360841751098633,9.305916959419847,9.857125114649534
2026-08-10T16:29:02.677347+00:00,measurement_drift_01,meter_01,64,none,none,none,none,none,none,0.9999988686562017,0.43640184046688346,0,,0,0,none,,,,2.2841671016067266,21.653999807313085,23.966874927282333
2026-08-10T16:29:02.701672+00:00,measurement_drift_01,meter_02,64,none,none,none,none,none,none,0.9999956237124807,0.443638266882132,0,,0,0,none,,,,0.7525000255554914,11.763124959543347,12.532874941825867
2026-08-10T16:29:02.714302+00:00,measurement_drift_01,meter_03,64,none,none,none,none,none,none,0.9999977461846985,0.46379708323170415,0,,0,0,none,,,,0.5752090364694595,9.754833066836,10.344832902774215
2026-08-10T16:29:03.182092+00:00,measurement_drift_01,meter_01,65,none,none,none,none,none,none,0.9999976725408392,0.4390377023124519,0,,0,0,none,,,,2.6665828190743923,17.481124959886074,20.176165970042348
2026-08-10T16:29:03.202648+00:00,measurement_drift_01,meter_02,65,none,none,none,none,none,none,0.9999989704961681,0.4418249217805315,0,,0,0,none,,,,0.7024998776614666,11.093166191130877,11.8109998293221
2026-08-10T16:29:03.214547+00:00,measurement_drift_01,meter_03,65,none,none,none,none,none,none,0.9999990195793012,0.4388622525158902,0,,0,0,none,,,,0.5121671129018068,9.285541949793696,9.811583906412125
2026-08-10T16:29:03.687529+00:00,measurement_drift_01,meter_01,66,none,none,none,none,none,none,0.9999978965709024,0.5607122333567608,0,,0,0,none,,,,2.6335420552641153,20.791125018149614,23.4481249935925
2026-08-10T16:29:03.711310+00:00,measurement_drift_01,meter_02,66,none,none,none,none,none,none,0.9999997185165221,0.5951743735203234,0,,0,0,none,,,,0.7219589315354824,11.747207958251238,12.48849998228252
2026-08-10T16:29:03.723895+00:00,measurement_drift_01,meter_03,66,none,none,none,none,none,none,0.9999985948968731,0.43618987299823686,0,,0,0,none,,,,0.5743748042732477,9.5723329577595,10.162082966417074
2026-08-10T16:29:04.189821+00:00,measurement_drift_01,meter_01,67,none,none,none,none,none,none,0.999999085223371,0.4535739668310172,0,,0,0,none,,,,1.9789589568972588,21.572791039943695,23.582124849781394
2026-08-10T16:29:04.213684+00:00,measurement_drift_01,meter_02,67,none,none,none,none,none,none,0.9999996236110245,0.4771171780973559,0,,0,0,none,,,,0.8458748925477266,12.166667031124234,13.029875000938773
2026-08-10T16:29:04.226806+00:00,measurement_drift_01,meter_03,67,none,none,none,unknown,unknown,unknown,0.999999211051724,0.646995328572149,0,,0,0,none,,,,0.5472078919410706,9.488040814176202,10.050500044599175
2026-08-10T16:29:04.694411+00:00,measurement_drift_01,meter_01,68,none,none,none,none,none,none,0.9999993836296754,0.44244225460790726,0,,0,0,none,,,,1.4217500574886799,23.20129214785993,24.65395792387426
2026-08-10T16:29:04.719372+00:00,measurement_drift_01,meter_02,68,none,none,none,none,none,none,0.9999992026410515,0.4451373662612042,0,,0,0,none,,,,0.8721670601516962,12.510000029578805,13.400000054389238
2026-08-10T16:29:04.732879+00:00,measurement_drift_01,meter_03,68,none,none,none,none,none,none,0.9999984293061936,0.4827736022119733,0,,0,0,none,,,,0.59720897115767,9.686458855867386,10.298750130459666
2026-08-10T16:29:05.195589+00:00,measurement_drift_01,meter_01,69,none,none,none,none,none,none,0.9999996037804049,0.4400990319272763,0,,0,0,reference_calibrated,,voltage_rolling_mean=231.644142;source_publish_interval=0.504067,,2.0116670057177544,22.08745782263577,24.16729205287993
2026-08-10T16:29:05.220143+00:00,measurement_drift_01,meter_02,69,none,none,none,none,none,none,0.9999992716809949,0.4829816766306761,0,,0,0,reference_calibrated,,voltage_rolling_mean=231.450462;source_publish_interval=0.504068,,0.8754159789532423,12.104916153475642,13.013791991397738
2026-08-10T16:29:05.233298+00:00,measurement_drift_01,meter_03,69,none,none,none,none,none,none,0.9999992184302735,0.49477573616354625,0,,0,0,reference_calibrated,,voltage_rolling_mean=230.658893;source_publish_interval=0.504068,,0.5275839939713478,9.502624860033393,10.05358318798244
2026-08-10T16:29:05.699881+00:00,measurement_drift_01,meter_01,70,none,none,none,none,none,none,0.9999986722885268,0.4321416633058078,0,,0,0,drift_not_confirmed,,voltage_rolling_mean=231.644142;source_publish_interval=0.504067,,2.3553750943392515,19.795583095401525,22.18825020827353
2026-08-10T16:29:05.722388+00:00,measurement_drift_01,meter_02,70,none,none,none,none,none,none,0.999999570861784,0.4519523275285161,0,,0,0,drift_not_confirmed,,voltage_rolling_mean=231.450462;source_publish_interval=0.504068,,0.7046659011393785,11.500625172629952,12.230584165081382
2026-08-10T16:29:05.734703+00:00,measurement_drift_01,meter_03,70,none,none,none,none,none,none,0.9999988983677078,0.44707807038483127,0,,0,0,drift_not_confirmed,,voltage_rolling_mean=230.658893;source_publish_interval=0.504068,,0.518416054546833,9.449417004361749,9.98620898462832
2026-08-10T16:29:06.204648+00:00,measurement_drift_01,meter_01,71,none,none,none,none,none,none,0.9999994554759885,0.4416695410457091,0,,0,0,drift_not_confirmed,,voltage_rolling_mean=231.644142;source_publish_interval=0.504067,,2.0779999904334545,20.738292019814253,22.856458090245724
2026-08-10T16:29:06.227799+00:00,measurement_drift_01,meter_02,71,none,none,none,none,none,none,0.9999991081329914,0.46634975537546586,0,,0,0,drift_not_confirmed,,voltage_rolling_mean=231.450462;source_publish_interval=0.504068,,0.8211249951273203,11.726500000804663,12.56904099136591
2026-08-10T16:29:06.240459+00:00,measurement_drift_01,meter_03,71,none,none,none,none,none,none,0.9999871915305301,0.4366993305513749,0,,0,0,drift_not_confirmed,,voltage_rolling_mean=230.658893;source_publish_interval=0.504068,,0.5266671068966389,9.396165842190385,9.94154205545783
2026-08-10T16:29:06.709010+00:00,measurement_drift_01,meter_01,72,none,none,none,none,none,none,0.9999995857266943,0.44300178604250606,0,,0,0,drift_not_confirmed,,voltage_rolling_mean=231.644142;source_publish_interval=0.504067,,2.030458068475127,22.103209048509598,24.17120896279812
2026-08-10T16:29:06.733484+00:00,measurement_drift_01,meter_02,72,none,none,none,none,none,none,0.9999994892209407,0.5939321104474568,0,,0,0,drift_not_confirmed,,voltage_rolling_mean=231.450462;source_publish_interval=0.504068,,0.8175838738679886,11.900332989171147,12.738000135868788
2026-08-10T16:29:06.746309+00:00,measurement_drift_01,meter_03,72,none,none,none,none,none,none,0.9999983577554574,0.5336628680766674,0,,0,0,drift_not_confirmed,,voltage_rolling_mean=230.658893;source_publish_interval=0.504068,,0.5230000242590904,9.557334007695317,10.10195817798376
2026-08-10T16:29:07.213987+00:00,measurement_drift_01,meter_01,73,none,none,none,none,none,none,0.9999995680108241,0.45405037434923723,0,,0,0,drift_not_confirmed,,voltage_rolling_mean=231.644142;source_publish_interval=0.504067,,2.0415829494595528,22.25358411669731,24.3326248601079
2026-08-10T16:29:07.238622+00:00,measurement_drift_01,meter_02,73,none,none,none,none,none,none,0.9999984362568576,0.46329691240725435,0,,0,0,drift_not_confirmed,,voltage_rolling_mean=231.450462;source_publish_interval=0.504068,,0.8391248993575573,12.002458097413182,12.864790856838226
2026-08-10T16:29:07.251596+00:00,measurement_drift_01,meter_03,73,none,none,none,none,none,none,0.9999945419803102,0.45371550793022236,0,,0,0,drift_not_confirmed,,voltage_rolling_mean=230.658893;source_publish_interval=0.504068,,0.576874939724803,9.672083891928196,10.268541984260082
2026-08-10T16:29:07.714859+00:00,measurement_drift_01,meter_01,74,none,none,none,none,none,none,0.9999994766457035,0.4560338248567162,0,,0,0,drift_not_confirmed,,voltage_rolling_mean=231.644142;source_publish_interval=0.504067,,2.508833073079586,22.48649997636676,25.054458063095808
2026-08-10T16:29:07.740328+00:00,measurement_drift_01,meter_02,74,none,none,none,none,none,none,0.9999997075113033,0.5228532606536449,0,,0,0,drift_not_confirmed,,voltage_rolling_mean=231.450462;source_publish_interval=0.504068,,0.9481660090386868,12.141457991674542,13.117499882355332
2026-08-10T16:29:07.753648+00:00,measurement_drift_01,meter_03,74,none,none,none,none,none,none,0.9999977327995305,0.4405690431333152,0,,0,0,drift_not_confirmed,,voltage_rolling_mean=230.658893;source_publish_interval=0.504068,,0.5643749609589577,9.018833050504327,9.603833081200719
2026-08-10T16:29:08.218944+00:00,measurement_drift_01,meter_01,75,none,none,none,none,none,none,0.9999994996707334,0.45790374845350795,0,,0,0,drift_not_confirmed,,voltage_rolling_mean=231.644142;source_publish_interval=0.504067,,1.9751249346882105,21.991667104884982,24.00420792400837
2026-08-10T16:29:08.243273+00:00,measurement_drift_01,meter_02,75,none,none,none,none,none,none,0.9999991480101535,0.4398365851238858,0,,0,0,drift_not_confirmed,,voltage_rolling_mean=231.450462;source_publish_interval=0.504068,,0.8458339143544436,11.983958072960377,12.853458989411592
2026-08-10T16:29:08.256246+00:00,measurement_drift_01,meter_03,75,none,none,none,none,none,none,0.9999932205578311,0.49041485971655574,0,,0,0,drift_not_confirmed,,voltage_rolling_mean=230.658893;source_publish_interval=0.504068,,0.565999886021018,9.445375064387918,10.031000012531877
2026-08-10T16:29:08.722982+00:00,measurement_drift_01,meter_01,76,none,none,none,none,none,none,0.9999997023977321,0.43841680524259574,0,,0,0,drift_not_confirmed,,voltage_rolling_mean=231.644142;source_publish_interval=0.504067,,2.3708329536020756,18.427666975185275,20.82787500694394
2026-08-10T16:29:08.744145+00:00,measurement_drift_01,meter_02,76,none,none,none,none,none,none,0.9999992768413486,0.46660217174006763,0,,0,0,drift_not_confirmed,,voltage_rolling_mean=231.450462;source_publish_interval=0.504068,,0.6766670849174261,11.416374938562512,12.112915981560946
2026-08-10T16:29:08.756353+00:00,measurement_drift_01,meter_03,76,none,none,none,none,none,none,0.9999976150595075,0.44325623316193885,0,,0,0,drift_not_confirmed,,voltage_rolling_mean=230.658893;source_publish_interval=0.504068,,0.5153750535100698,9.41837509162724,9.951540967449546
2026-08-10T16:29:09.225068+00:00,measurement_drift_01,meter_01,77,none,none,none,none,none,none,0.999999852265035,0.5375948370668867,0,,0,0,drift_not_confirmed,,voltage_rolling_mean=231.644142;source_publish_interval=0.504067,,1.9792921375483274,21.9692918471992,23.98895798251033
2026-08-10T16:29:09.249335+00:00,measurement_drift_01,meter_02,77,none,none,none,none,none,none,0.9999994742270095,0.4562662928304116,0,,0,0,drift_not_confirmed,,voltage_rolling_mean=231.450462;source_publish_interval=0.504068,,0.8089998736977577,12.051499914377928,12.884541880339384
2026-08-10T16:29:09.262314+00:00,measurement_drift_01,meter_03,77,none,none,none,none,none,none,0.9999954447986094,0.4450726732352673,0,,0,0,drift_not_confirmed,,voltage_rolling_mean=230.658893;source_publish_interval=0.504068,,0.539249973371625,9.39345802180469,9.951458079740405
2026-08-10T16:29:09.730177+00:00,measurement_drift_01,meter_01,78,none,none,none,none,none,none,0.9999996082083821,0.4374765780269601,0,,0,0,drift_not_confirmed,,voltage_rolling_mean=231.644142;source_publish_interval=0.504067,,2.195917069911957,22.494417149573565,24.724666960537434
2026-08-10T16:29:09.755269+00:00,measurement_drift_01,meter_02,78,none,none,none,none,none,none,0.9999995523250119,0.5443823797415068,0,,0,0,drift_not_confirmed,,voltage_rolling_mean=231.450462;source_publish_interval=0.504068,,0.797957880422473,11.82754198089242,12.647791998460889
2026-08-10T16:29:09.768011+00:00,measurement_drift_01,meter_03,78,none,none,none,none,none,none,0.9999952826801902,0.6078989640711575,0,,0,0,drift_not_confirmed,,voltage_rolling_mean=230.658893;source_publish_interval=0.504068,,0.5815830081701279,9.675292065367103,10.274833999574184
2026-08-10T16:29:10.235367+00:00,measurement_drift_01,meter_01,79,none,none,none,none,none,none,0.9999638036631876,0.43532149928895075,0,,0,0,drift_not_confirmed,,voltage_rolling_mean=231.644142;source_publish_interval=0.504067,,2.0294999703764915,22.089167032390833,24.162790970876813
2026-08-10T16:29:10.259871+00:00,measurement_drift_01,meter_02,79,none,none,none,none,none,none,0.9999977666895529,0.436654007450821,0,,0,0,drift_not_confirmed,,voltage_rolling_mean=231.450462;source_publish_interval=0.504068,,0.8545420132577419,11.969916988164186,12.849665945395827
2026-08-10T16:29:10.272835+00:00,measurement_drift_01,meter_03,79,none,none,none,none,none,none,0.9999832378018646,0.44718580868604313,0,,0,0,drift_not_confirmed,,voltage_rolling_mean=230.658893;source_publish_interval=0.504068,,0.542874913662672,9.554999880492687,10.117874946445227
2026-08-10T16:29:10.740348+00:00,measurement_drift_01,meter_01,80,none,none,none,none,none,none,0.9999976368361113,0.48623356553314895,0,,0,0,drift_not_confirmed,,voltage_rolling_mean=231.644142;source_publish_interval=0.504067,,2.0806249231100082,21.843082970008254,23.962749866768718
2026-08-10T16:29:10.764623+00:00,measurement_drift_01,meter_02,80,none,none,none,none,none,none,0.9999989390118617,0.46741201110056274,0,,0,0,drift_not_confirmed,,voltage_rolling_mean=231.450462;source_publish_interval=0.504068,,0.8401251398026943,11.943207820877433,12.805458856746554
2026-08-10T16:29:10.777533+00:00,measurement_drift_01,meter_03,80,none,none,none,none,none,none,0.9999912413451962,0.4638509948845333,0,,0,0,drift_not_confirmed,,voltage_rolling_mean=230.658893;source_publish_interval=0.504068,,0.5664580967277288,9.596165968105197,10.181291028857231
2026-08-10T16:29:11.245578+00:00,measurement_drift_01,meter_01,81,none,none,none,none,none,none,0.9999992248468048,0.47339505208873606,0,,0,0,drift_not_confirmed,,voltage_rolling_mean=231.644142;source_publish_interval=0.504067,,2.284333109855652,21.140834083780646,23.459708085283637
2026-08-10T16:29:11.269405+00:00,measurement_drift_01,meter_02,81,none,none,none,none,none,none,0.9999991339509944,0.4545031117359435,0,,0,0,drift_not_confirmed,,voltage_rolling_mean=231.450462;source_publish_interval=0.504068,,0.7487500552088022,11.671415995806456,12.441083090379834
2026-08-10T16:29:11.281943+00:00,measurement_drift_01,meter_03,81,none,none,none,none,none,none,0.9999937725809351,0.44200113023378773,0,,0,0,drift_not_confirmed,,voltage_rolling_mean=230.658893;source_publish_interval=0.504068,,0.5426660645753145,9.382457938045263,9.943625191226602
2026-08-10T16:29:11.750534+00:00,measurement_drift_01,meter_01,82,none,none,none,none,none,none,0.9999997554862693,0.4915927086785765,0,,0,0,drift_not_confirmed,,voltage_rolling_mean=231.644142;source_publish_interval=0.504067,,2.500416012480855,22.55433308891952,25.0963750295341
2026-08-10T16:29:11.776009+00:00,measurement_drift_01,meter_02,82,none,none,none,none,none,none,0.9999991095033126,0.45251476311150335,0,,0,0,drift_not_confirmed,,voltage_rolling_mean=231.450462;source_publish_interval=0.504068,,0.8482499979436398,12.046582996845245,12.917791027575731
2026-08-10T16:29:11.789027+00:00,measurement_drift_01,meter_03,82,none,none,none,none,none,none,0.9999958408021397,0.47910018010566185,0,,0,0,drift_not_confirmed,,voltage_rolling_mean=230.658893;source_publish_interval=0.504068,,0.5783750675618649,9.565250016748905,10.162584017962217
2026-08-10T16:29:12.254053+00:00,measurement_drift_01,meter_01,83,none,none,none,none,none,none,0.9999996399142519,0.4677679043480362,0,,0,0,drift_not_confirmed,,voltage_rolling_mean=231.644142;source_publish_interval=0.504067,,2.65400018543005,20.172290969640017,22.859874879941344
2026-08-10T16:29:12.277263+00:00,measurement_drift_01,meter_02,83,none,none,none,none,none,none,0.9999985382499552,0.4586277195246968,0,,0,0,drift_not_confirmed,,voltage_rolling_mean=231.450462;source_publish_interval=0.504068,,0.7436249870806932,11.701124953106046,12.464834144338965
2026-08-10T16:29:12.289816+00:00,measurement_drift_01,meter_03,83,none,none,none,none,none,none,0.9999851597673485,0.45125033527852415,0,,0,0,drift_not_confirmed,,voltage_rolling_mean=230.658893;source_publish_interval=0.504068,,0.532250152900815,9.420458925887942,9.971790947020054
2026-08-10T16:29:12.756761+00:00,measurement_drift_01,meter_01,84,none,none,none,none,none,none,0.9999998005199828,0.46576454640894815,0,,0,0,drift_not_confirmed,,voltage_rolling_mean=231.644142;source_publish_interval=0.504067,,2.5201670359820127,21.49737486615777,24.05020804144442
2026-08-10T16:29:12.781193+00:00,measurement_drift_01,meter_02,84,none,none,none,none,none,none,0.9999976009910999,0.4579374290804226,0,,0,0,drift_not_confirmed,,voltage_rolling_mean=231.450462;source_publish_interval=0.504068,,0.7982919923961163,11.781083885580301,12.601458001881838
2026-08-10T16:29:12.793894+00:00,measurement_drift_01,meter_03,84,none,none,none,none,none,none,0.9999885905644541,0.4998495141431881,0,,0,0,drift_not_confirmed,,voltage_rolling_mean=230.658893;source_publish_interval=0.504068,,0.5976660177111626,9.849124820902944,10.46691695228219
2026-08-10T16:29:13.259670+00:00,measurement_drift_01,meter_01,85,none,none,none,none,none,none,0.9999997979085626,0.44513756300023977,0,,0,0,drift_not_confirmed,,voltage_rolling_mean=231.644142;source_publish_interval=0.504067,,2.292957855388522,21.600249921903014,23.928417125716805
2026-08-10T16:29:13.283953+00:00,measurement_drift_01,meter_02,85,none,none,none,none,none,none,0.9999990757510322,0.4645269032273399,0,,0,0,drift_not_confirmed,,voltage_rolling_mean=231.450462;source_publish_interval=0.504068,,0.7447500247508287,11.582624865695834,12.35037506558001
2026-08-10T16:29:13.296405+00:00,measurement_drift_01,meter_03,85,none,none,none,none,none,none,0.9999620144335811,0.4772181474679533,0,,0,0,drift_not_confirmed,,voltage_rolling_mean=230.658893;source_publish_interval=0.504068,,0.5931248888373375,9.599000215530396,10.210583917796612
2026-08-10T16:29:13.764684+00:00,measurement_drift_01,meter_01,86,none,none,none,none,none,none,0.9999997401433591,0.456944327153497,0,,0,0,drift_not_confirmed,,voltage_rolling_mean=231.644142;source_publish_interval=0.504067,,2.8102081269025803,19.344333093613386,22.190375020727515
2026-08-10T16:29:13.787218+00:00,measurement_drift_01,meter_02,86,none,none,none,none,none,none,0.999997589270953,0.43442826059058615,0,,0,0,drift_not_confirmed,,voltage_rolling_mean=231.450462;source_publish_interval=0.504068,,0.6884171161800623,11.483041802421212,12.196084018796682
2026-08-10T16:29:13.799495+00:00,measurement_drift_01,meter_03,86,none,none,none,none,none,none,0.9999627554002097,0.502600592637286,0,,0,0,drift_not_confirmed,,voltage_rolling_mean=230.658893;source_publish_interval=0.504068,,0.5392918828874826,9.264583932235837,9.8214999306947
2026-08-10T16:29:14.269950+00:00,measurement_drift_01,meter_01,87,none,none,none,none,none,none,0.999999299474813,0.44903266118919305,0,,0,0,drift_not_confirmed,,voltage_rolling_mean=231.644142;source_publish_interval=0.504067,,2.482917159795761,18.515125149860978,21.033833036199212
2026-08-10T16:29:14.291339+00:00,measurement_drift_01,meter_02,87,none,none,none,none,none,none,0.9999255477796523,0.5722603860390358,0,,0,0,drift_not_confirmed,,voltage_rolling_mean=231.450462;source_publish_interval=0.504068,,0.699999975040555,11.408209102228284,12.129666982218623
2026-08-10T16:29:14.303551+00:00,measurement_drift_01,meter_03,87,none,none,none,none,none,none,0.9998799950232939,0.4742167937292288,0,,0,0,drift_not_confirmed,,voltage_rolling_mean=230.658893;source_publish_interval=0.504068,,0.5256249569356441,9.504291927441955,10.048707947134972
2026-08-10T16:29:14.772430+00:00,measurement_drift_01,meter_01,88,none,none,none,none,none,none,0.999998921325931,0.44675180770893697,0,,0,0,drift_not_confirmed,,voltage_rolling_mean=231.644142;source_publish_interval=0.504067,,2.2815410047769547,22.50700001604855,24.82204115949571
2026-08-10T16:29:14.797607+00:00,measurement_drift_01,meter_02,88,none,none,none,none,none,none,0.9999975702550343,0.4417761761122149,0,,0,0,drift_not_confirmed,,voltage_rolling_mean=231.450462;source_publish_interval=0.504068,,0.8168749045580626,12.013500090688467,12.85170903429389
2026-08-10T16:29:14.810555+00:00,measurement_drift_01,meter_03,88,none,none,none,none,none,none,0.9999706319388696,0.45083344264379616,0,,0,0,drift_not_confirmed,,voltage_rolling_mean=230.658893;source_publish_interval=0.504068,,0.5778330378234386,9.49462503194809,10.090084047988057
2026-08-10T16:29:15.276363+00:00,measurement_drift_01,meter_01,89,none,none,none,none,none,none,0.9999996339571947,0.4452712799936072,0,,0,0,drift_not_confirmed,,voltage_rolling_mean=231.644142;source_publish_interval=0.504067,,1.3805839698761702,22.062790812924504,23.47695780918002
2026-08-10T16:29:15.300090+00:00,measurement_drift_01,meter_02,89,none,none,none,none,none,none,0.9999833613923741,0.4465056986496019,0,,0,0,drift_not_confirmed,,voltage_rolling_mean=231.450462;source_publish_interval=0.504068,,0.8334589656442404,12.531499844044447,13.38770892471075
2026-08-10T16:29:15.313580+00:00,measurement_drift_01,meter_03,89,none,none,none,none,none,none,0.9999778949304574,0.4477175424555934,0,,0,0,drift_not_confirmed,,voltage_rolling_mean=230.658893;source_publish_interval=0.504068,,0.5837499629706144,9.705625008791685,10.30754204839468
2026-08-10T16:29:15.777599+00:00,measurement_drift_01,meter_01,90,none,none,none,none,none,none,0.9999998397178639,0.4425223034230602,0,,0,0,drift_not_confirmed,,voltage_rolling_mean=231.644142;source_publish_interval=0.504067,,3.521749982610345,13.792291982099414,17.336416989564896
2026-08-10T16:29:15.795262+00:00,measurement_drift_01,meter_02,90,none,none,none,none,none,none,0.9999972162708834,0.4366524372057964,0,,0,0,drift_not_confirmed,,voltage_rolling_mean=231.450462;source_publish_interval=0.504068,,0.5760830827057362,10.406124871224165,11.002167128026485
2026-08-10T16:29:15.806347+00:00,measurement_drift_01,meter_03,90,none,none,none,none,none,none,0.9999921975794692,0.4531436624086979,0,,0,0,drift_not_confirmed,,voltage_rolling_mean=230.658893;source_publish_interval=0.504068,,0.5238340236246586,9.059457806870341,9.605541825294495
2026-08-10T16:29:16.282289+00:00,measurement_drift_01,meter_01,91,none,none,none,none,none,none,0.9999993924173974,0.4504498859136638,0,,0,0,drift_not_confirmed,,voltage_rolling_mean=231.644142;source_publish_interval=0.504067,,2.3436248302459717,19.579875050112605,21.956291049718857
2026-08-10T16:29:16.304592+00:00,measurement_drift_01,meter_02,91,none,none,none,none,none,none,0.9999944045198474,0.44182198479303053,0,,0,0,drift_not_confirmed,,voltage_rolling_mean=231.450462;source_publish_interval=0.504068,,0.7221668493002653,11.576374992728233,12.318457942456007
2026-08-10T16:29:16.317004+00:00,measurement_drift_01,meter_03,91,none,none,none,none,none,none,0.9999806012192355,0.451890623207845,0,,0,0,drift_not_confirmed,,voltage_rolling_mean=230.658893;source_publish_interval=0.504068,,0.5203329492360353,9.338958887383342,9.876957861706614
2026-08-10T16:29:16.787712+00:00,measurement_drift_01,meter_01,92,none,none,none,none,none,none,0.9999995277430543,0.55496546917564,0,,0,0,drift_not_confirmed,,voltage_rolling_mean=231.644142;source_publish_interval=0.504067,,2.818416804075241,18.952291924506426,21.804583026096225
2026-08-10T16:29:16.809877+00:00,measurement_drift_01,meter_02,92,none,none,none,none,none,none,0.9999986371881334,0.4916974801765947,0,,0,0,drift_not_confirmed,,voltage_rolling_mean=231.450462;source_publish_interval=0.504068,,0.7128750439733267,11.192124802619219,11.926042148843408
2026-08-10T16:29:16.821903+00:00,measurement_drift_01,meter_03,92,none,none,none,none,none,none,0.999985158590817,0.4523206722325572,0,,0,0,drift_not_confirmed,,voltage_rolling_mean=230.658893;source_publish_interval=0.504068,,0.5264999344944954,9.294874966144562,9.839082835242152
2026-08-10T16:29:17.292440+00:00,measurement_drift_01,meter_01,93,none,none,none,none,none,none,0.9999995568911492,0.4422910817768917,0,,0,0,drift_not_confirmed,,voltage_rolling_mean=231.644142;source_publish_interval=0.504067,,2.431750064715743,22.702375194057822,25.168624939396977
2026-08-10T16:29:17.317964+00:00,measurement_drift_01,meter_02,93,none,none,none,none,none,none,0.999995227084565,0.4592438037089857,0,,0,0,drift_not_confirmed,,voltage_rolling_mean=231.450462;source_publish_interval=0.504068,,0.8123749867081642,11.868250090628862,12.701916042715311
2026-08-10T16:29:17.330774+00:00,measurement_drift_01,meter_03,93,none,none,none,none,none,none,0.9999818222769862,0.4834752468382253,0,,0,0,drift_not_confirmed,,voltage_rolling_mean=230.658893;source_publish_interval=0.504068,,0.5544580053538084,9.490541880950332,10.063291992992163
2026-08-10T16:29:17.795728+00:00,measurement_drift_01,meter_01,94,none,none,none,none,none,none,0.9999988553241288,0.4393822685048823,0,,0,0,drift_not_confirmed,,voltage_rolling_mean=231.644142;source_publish_interval=0.504067,,2.4007910396903753,18.921416951343417,21.355375181883574
2026-08-10T16:29:17.817432+00:00,measurement_drift_01,meter_02,94,none,none,none,none,none,none,0.9999946925390277,0.4482414466734807,0,,0,0,drift_not_confirmed,,voltage_rolling_mean=231.450462;source_publish_interval=0.504068,,0.6923330947756767,11.606833199039102,12.318915920332074
2026-08-10T16:29:17.829843+00:00,measurement_drift_01,meter_03,94,none,none,none,none,none,none,0.9999873755801937,0.46084288885252145,0,,0,0,drift_not_confirmed,,voltage_rolling_mean=230.658893;source_publish_interval=0.504068,,0.520666828379035,9.222666965797544,9.762166067957878
2026-08-10T16:29:18.300904+00:00,measurement_drift_01,meter_01,95,none,none,none,none,none,none,0.9999997061520518,0.4506967415499341,0,,0,0,drift_not_confirmed,,voltage_rolling_mean=231.644142;source_publish_interval=0.504067,,2.0727089140564203,21.85795782133937,23.96454196423292
2026-08-10T16:29:18.325150+00:00,measurement_drift_01,meter_02,95,none,none,none,none,none,none,0.9999959893645994,0.45126021014662826,0,,0,0,drift_not_confirmed,,voltage_rolling_mean=231.450462;source_publish_interval=0.504068,,0.8487079758197069,11.88324997201562,12.75291689671576
2026-08-10T16:29:18.338000+00:00,measurement_drift_01,meter_03,95,none,none,none,none,none,none,0.9999554762082535,0.45346222618399107,0,,0,0,drift_not_confirmed,,voltage_rolling_mean=230.658893;source_publish_interval=0.504068,,0.5536670796573162,9.3837920576334,9.954749839380383
2026-08-10T16:29:18.803838+00:00,measurement_drift_01,meter_01,96,none,none,none,none,none,none,0.9999996716289158,0.5130814068300651,0,,0,0,drift_not_confirmed,,voltage_rolling_mean=231.644142;source_publish_interval=0.504067,,2.423417055979371,21.173584042117,23.63275014795363
2026-08-10T16:29:18.827813+00:00,measurement_drift_01,meter_02,96,none,none,none,none,none,none,0.9999983990429864,0.46043398904521243,0,,0,0,drift_not_confirmed,,voltage_rolling_mean=231.450462;source_publish_interval=0.504068,,0.8569580968469381,11.708166915923357,12.587249977514148
2026-08-10T16:29:18.840494+00:00,measurement_drift_01,meter_03,96,none,none,none,none,none,none,0.9999912142321149,0.481753879338061,0,,0,0,drift_not_confirmed,,voltage_rolling_mean=230.658893;source_publish_interval=0.504068,,0.5296249873936176,9.366917191073298,9.914708090946078
2026-08-10T16:29:19.309170+00:00,measurement_drift_01,meter_01,97,none,none,none,none,none,none,0.9999996602381407,0.5319899158999501,0,,0,0,drift_not_confirmed,,voltage_rolling_mean=231.644142;source_publish_interval=0.504067,,2.10704212076962,18.590709194540977,20.72525001130998
2026-08-10T16:29:19.330213+00:00,measurement_drift_01,meter_02,97,none,none,none,none,none,none,0.9999980507081644,0.45337800403292,0,,0,0,drift_not_confirmed,,voltage_rolling_mean=231.450462;source_publish_interval=0.504068,,0.7198329549282789,11.526958085596561,12.266041012480855
2026-08-10T16:29:19.342558+00:00,measurement_drift_01,meter_03,97,none,none,none,none,none,none,0.9999793983228766,0.4604856824685541,0,,0,0,drift_not_confirmed,,voltage_rolling_mean=230.658893;source_publish_interval=0.504068,,0.5256668664515018,9.35108307749033,9.895165916532278
2026-08-10T16:29:19.813980+00:00,measurement_drift_01,meter_01,98,none,none,none,none,none,none,0.9999972743222931,0.45123555326697107,0,,0,0,drift_not_confirmed,,voltage_rolling_mean=231.644142;source_publish_interval=0.504067,,2.1316250786185265,21.94220805540681,24.109791964292526
2026-08-10T16:29:19.838465+00:00,measurement_drift_01,meter_02,98,none,none,none,none,none,none,0.9999639302710631,0.49109895609924764,0,,0,0,drift_not_confirmed,,voltage_rolling_mean=231.450462;source_publish_interval=0.504068,,0.8547080215066671,12.114041019231081,12.990333139896393
2026-08-10T16:29:19.851570+00:00,measurement_drift_01,meter_03,98,none,none,none,none,none,none,0.9999577424976909,0.48341901500289514,0,,0,0,drift_not_confirmed,,voltage_rolling_mean=230.658893;source_publish_interval=0.504068,,0.5839159712195396,9.477667044848204,10.079999919980764
2026-08-10T16:29:20.319271+00:00,measurement_drift_01,meter_01,99,none,none,none,none,none,none,0.9999991037250515,0.4395082139811116,0,,0,0,drift_not_confirmed,,voltage_rolling_mean=231.644142;source_publish_interval=0.504067,,2.007832983508706,21.142625017091632,23.1841669883579
2026-08-10T16:29:20.342736+00:00,measurement_drift_01,meter_02,99,none,none,none,none,none,none,0.9999959148609905,0.4720468245416867,0,,0,0,drift_not_confirmed,,voltage_rolling_mean=231.450462;source_publish_interval=0.504068,,0.7737909909337759,11.880000121891499,12.677333084866405
2026-08-10T16:29:20.355517+00:00,measurement_drift_01,meter_03,99,none,none,none,none,none,none,0.9998805988178965,0.4507783264114434,0,,0,0,drift_not_confirmed,,voltage_rolling_mean=230.658893;source_publish_interval=0.504068,,0.5874589551240206,9.624916827306151,10.230540996417403
2026-08-10T16:29:20.824105+00:00,measurement_drift_01,meter_01,100,none,none,none,none,none,none,0.9999997960155814,0.45712144570750735,0,,0,0,drift_not_confirmed,,voltage_rolling_mean=231.644142;source_publish_interval=0.504067,,2.0029579754918814,21.934499964118004,23.974666139110923
2026-08-10T16:29:20.848354+00:00,measurement_drift_01,meter_02,100,none,none,none,none,none,none,0.9999978053509259,0.44793318393613635,0,,0,0,drift_not_confirmed,,voltage_rolling_mean=231.450462;source_publish_interval=0.504068,,0.8283329661935568,11.827958980575204,12.677958002313972
2026-08-10T16:29:20.861123+00:00,measurement_drift_01,meter_03,100,none,none,none,none,none,none,0.9998895065817222,0.46652587327947426,0,,0,0,drift_not_confirmed,,voltage_rolling_mean=230.658893;source_publish_interval=0.504068,,0.5822090897709131,9.395499946549535,9.995416039600968
2026-08-10T16:29:21.328741+00:00,measurement_drift_01,meter_01,101,none,none,none,none,none,none,0.9999997040164929,0.4363954250556161,0,,0,0,drift_not_confirmed,,voltage_rolling_mean=231.644142;source_publish_interval=0.504067,,2.039707964286208,21.053625037893653,23.125457810238004
2026-08-10T16:29:21.352144+00:00,measurement_drift_01,meter_02,101,none,none,none,none,none,none,0.9999973299786619,0.45211043170551957,0,,0,0,drift_not_confirmed,,voltage_rolling_mean=231.450462;source_publish_interval=0.504068,,0.8142918813973665,12.224582955241203,13.060625176876783
2026-08-10T16:29:21.365297+00:00,measurement_drift_01,meter_03,101,none,none,none,none,none,none,0.9998588987888805,0.447431804120612,0,,0,0,drift_not_confirmed,,voltage_rolling_mean=230.658893;source_publish_interval=0.504068,,0.5843751132488251,9.605541825294495,10.207999963313341
2026-08-10T16:29:21.834340+00:00,measurement_drift_01,meter_01,102,none,none,none,none,none,none,0.999999422418994,0.4507471520684619,0,,0,0,drift_not_confirmed,,voltage_rolling_mean=231.644142;source_publish_interval=0.504067,,3.2778328750282526,14.534542104229331,17.842042027041316
2026-08-10T16:29:21.852526+00:00,measurement_drift_01,meter_02,102,none,none,none,none,none,none,0.9999976823892399,0.4720213686135683,0,,0,0,drift_not_confirmed,,voltage_rolling_mean=231.450462;source_publish_interval=0.504068,,0.6998751778155565,10.633375030010939,11.352541856467724
2026-08-10T16:29:21.863969+00:00,measurement_drift_01,meter_03,102,none,none,none,none,none,none,0.9998050170955962,0.5165981628077297,0,,0,0,drift_not_confirmed,,voltage_rolling_mean=230.658893;source_publish_interval=0.504068,,0.5278328899294138,9.098459035158157,9.643208933994174
2026-08-10T16:29:22.339363+00:00,measurement_drift_01,meter_01,103,none,none,none,none,none,none,0.9999997895729048,0.4676721370017651,0,,0,0,drift_not_confirmed,,voltage_rolling_mean=231.644142;source_publish_interval=0.504067,,2.1087501663714647,20.723958034068346,22.866290993988514
2026-08-10T16:29:22.362515+00:00,measurement_drift_01,meter_02,103,none,none,none,none,none,none,0.9999931253894303,0.5094521182949402,0,,0,0,drift_not_confirmed,,voltage_rolling_mean=231.450462;source_publish_interval=0.504068,,0.8247909136116505,11.668750084936619,12.515250127762556
2026-08-10T16:29:22.375121+00:00,measurement_drift_01,meter_03,103,none,none,none,none,none,none,0.9994116048908708,0.46168903388475496,0,,0,0,drift_not_confirmed,,voltage_rolling_mean=230.658893;source_publish_interval=0.504068,,0.5129999481141567,9.410749888047576,9.942208183929324
2026-08-10T16:29:22.844352+00:00,measurement_drift_01,meter_01,104,none,none,none,none,none,none,0.9999994504851826,0.43558420691980854,0,,0,0,drift_not_confirmed,,voltage_rolling_mean=231.644142;source_publish_interval=0.504067,,2.065874869003892,21.900583058595657,23.998833959922194
2026-08-10T16:29:22.868646+00:00,measurement_drift_01,meter_02,104,none,none,none,none,none,none,0.9999991786451279,0.4728498364241761,0,,0,0,drift_not_confirmed,,voltage_rolling_mean=231.450462;source_publish_interval=0.504068,,0.8218339644372463,11.916917050257325,12.760832905769348
2026-08-10T16:29:22.881499+00:00,measurement_drift_01,meter_03,104,none,none,none,none,none,none,0.9997551073993725,0.5157687275093101,0,,0,0,drift_not_confirmed,,voltage_rolling_mean=230.658893;source_publish_interval=0.504068,,0.5706672091037035,9.549582842737436,10.138167068362236
2026-08-10T16:29:23.344960+00:00,measurement_drift_01,meter_01,105,none,none,none,none,none,none,0.9999997613001056,0.5061513393351844,0,,0,0,drift_not_confirmed,,voltage_rolling_mean=231.644142;source_publish_interval=0.504067,,2.4243330117315054,22.529999958351254,24.990125093609095
2026-08-10T16:29:23.370351+00:00,measurement_drift_01,meter_02,105,none,none,none,none,none,none,0.9999980561082833,0.4624858716188021,0,,0,0,drift_not_confirmed,,voltage_rolling_mean=231.450462;source_publish_interval=0.504068,,0.8001660462468863,11.884166160598397,12.706124922260642
2026-08-10T16:29:23.383139+00:00,measurement_drift_01,meter_03,105,none,none,none,none,none,none,0.9997404966063725,0.4541224239969674,0,,0,0,drift_not_confirmed,,voltage_rolling_mean=230.658893;source_publish_interval=0.504068,,0.595959136262536,9.46229207329452,10.076124919578433
2026-08-10T16:29:23.850135+00:00,measurement_drift_01,meter_01,106,none,none,none,none,none,none,0.9999989020740929,0.5099919814100583,0,,0,0,drift_not_confirmed,,voltage_rolling_mean=231.644142;source_publish_interval=0.504067,,2.5919589679688215,21.533916937187314,24.161415873095393
2026-08-10T16:29:23.874666+00:00,measurement_drift_01,meter_02,106,none,none,none,none,none,none,0.999990065628313,0.5168318093497957,0,,0,0,drift_not_confirmed,,voltage_rolling_mean=231.450462;source_publish_interval=0.504068,,0.8329590782523155,11.935125105082989,12.787374900653958
2026-08-10T16:29:23.887554+00:00,measurement_drift_01,meter_03,106,none,none,none,none,none,none,0.9980219543626776,0.4664606783180294,0,,0,0,drift_not_confirmed,,voltage_rolling_mean=230.658893;source_publish_interval=0.504068,,0.5131659563630819,9.527582908049226,10.059333872050047
2026-08-10T16:29:24.354995+00:00,measurement_drift_01,meter_01,107,none,none,none,none,none,none,0.9999978813991613,0.4599377899254161,0,,0,0,drift_not_confirmed,,voltage_rolling_mean=231.644142;source_publish_interval=0.504067,,2.458584029227495,21.02499990724027,23.514833999797702
2026-08-10T16:29:24.378845+00:00,measurement_drift_01,meter_02,107,none,none,none,none,none,none,0.9999980131143795,0.4756129497250601,0,,0,0,drift_not_confirmed,,voltage_rolling_mean=231.450462;source_publish_interval=0.504068,,0.685540959239006,11.875332798808813,12.583040865138173
2026-08-10T16:29:24.391519+00:00,measurement_drift_01,meter_03,107,none,none,none,none,none,none,0.9972490434437511,0.5017801102823831,0,,0,0,drift_not_confirmed,,voltage_rolling_mean=230.658893;source_publish_interval=0.504068,,0.573999946936965,9.628874948248267,10.221458971500397
2026-08-10T16:29:24.859409+00:00,measurement_drift_01,meter_01,108,none,none,none,none,none,none,0.9999992672368689,0.468647533821496,0,,0,0,drift_not_confirmed,,voltage_rolling_mean=231.644142;source_publish_interval=0.504067,,2.046208828687668,21.554791135713458,23.63749989308417
2026-08-10T16:29:24.883333+00:00,measurement_drift_01,meter_02,108,none,none,none,none,none,none,0.9999964761498324,0.5827995126540857,0,,0,0,drift_not_confirmed,,voltage_rolling_mean=231.450462;source_publish_interval=0.504068,,0.8249171078205109,11.986292200163007,12.833416927605867
2026-08-10T16:29:24.896272+00:00,measurement_drift_01,meter_03,108,none,none,none,none,none,none,0.9973856249449314,0.44328274410158397,0,,0,0,drift_not_confirmed,,voltage_rolling_mean=230.658893;source_publish_interval=0.504068,,0.5790831055492163,9.681500028818846,10.278875008225441
2026-08-10T16:29:25.363994+00:00,measurement_drift_01,meter_01,109,none,none,none,none,none,none,0.9999995692039947,0.4462029503282287,0,,0,0,drift_not_confirmed,,voltage_rolling_mean=231.644142;source_publish_interval=0.504067,,2.266000024974346,22.133833030238748,24.44349997676909
2026-08-10T16:29:25.388808+00:00,measurement_drift_01,meter_02,109,none,none,none,none,none,none,0.999985313553518,0.4694827128013942,0,,0,0,drift_not_confirmed,,voltage_rolling_mean=231.450462;source_publish_interval=0.504068,,0.8448329754173756,12.269125087186694,13.135249959304929
2026-08-10T16:29:25.402041+00:00,measurement_drift_01,meter_03,109,none,none,none,none,none,none,0.9991445561888485,0.5236297613735238,0,,0,0,drift_not_confirmed,,voltage_rolling_mean=230.658893;source_publish_interval=0.504068,,0.5850000306963921,9.572583017870784,10.175124974921346
2026-08-10T16:29:25.865587+00:00,measurement_drift_01,meter_01,110,none,none,none,none,none,none,0.9999988913994802,0.4534793750770841,0,,0,0,drift_not_confirmed,,voltage_rolling_mean=231.644142;source_publish_interval=0.504067,,2.4904999881982803,17.613082891330123,20.14016709290445
2026-08-10T16:29:25.886095+00:00,measurement_drift_01,meter_02,110,none,none,none,none,none,none,0.9999922798578892,0.4688521511355956,0,,0,0,drift_not_confirmed,,voltage_rolling_mean=231.450462;source_publish_interval=0.504068,,0.7273328956216574,11.278292164206505,12.025124859064817
2026-08-10T16:29:25.898220+00:00,measurement_drift_01,meter_03,110,none,none,none,none,none,none,0.9988015847931146,0.447402593676361,0,,0,0,drift_not_confirmed,,voltage_rolling_mean=230.658893;source_publish_interval=0.504068,,0.5418749060481787,9.31733287870884,9.877542033791542
2026-08-10T16:29:26.370351+00:00,measurement_drift_01,meter_01,111,none,none,none,none,none,none,0.9999988309176261,0.4494093318206828,0,,0,0,drift_not_confirmed,,voltage_rolling_mean=231.644142;source_publish_interval=0.504067,,2.2977080661803484,18.472708063200116,20.798291079699993
2026-08-10T16:29:26.391567+00:00,measurement_drift_01,meter_02,111,none,none,none,none,none,none,0.9999797728993687,0.4996894339180396,0,,0,0,drift_not_confirmed,,voltage_rolling_mean=231.450462;source_publish_interval=0.504068,,0.7048749830573797,11.375625152140856,12.09999993443489
2026-08-10T16:29:26.403751+00:00,measurement_drift_01,meter_03,111,none,none,none,none,none,none,0.997048827416438,0.4441877107936711,0,,0,0,drift_not_confirmed,,voltage_rolling_mean=230.658893;source_publish_interval=0.504068,,0.5485001020133495,9.395250119268894,9.960166877135634
2026-08-10T16:29:26.870851+00:00,measurement_drift_01,meter_01,112,none,none,none,none,none,none,0.9999994819966577,0.4965271080043577,0,,0,0,drift_not_confirmed,,voltage_rolling_mean=231.644142;source_publish_interval=0.504067,,2.70175002515316,21.930125076323748,24.662709096446633
2026-08-10T16:29:26.895867+00:00,measurement_drift_01,meter_02,112,none,none,none,none,none,none,0.9999959638953525,0.4620467293253198,0,,0,0,drift_not_confirmed,,voltage_rolling_mean=231.450462;source_publish_interval=0.504068,,0.785500044003129,11.77020906470716,12.58266600780189
2026-08-10T16:29:26.908538+00:00,measurement_drift_01,meter_03,112,none,none,none,none,none,none,0.9873987339312555,0.4958102587822992,0,,0,0,drift_not_confirmed,,voltage_rolling_mean=230.658893;source_publish_interval=0.504068,,0.5895420908927917,9.739208966493607,10.346832918003201
2026-08-10T16:29:27.375678+00:00,measurement_drift_01,meter_01,113,none,none,none,none,none,none,0.999998763487836,0.49644930498277534,0,,0,0,drift_not_confirmed,,voltage_rolling_mean=231.644142;source_publish_interval=0.504067,,2.523957984521985,18.96149991080165,21.518083987757564
2026-08-10T16:29:27.397527+00:00,measurement_drift_01,meter_02,113,none,none,none,none,none,none,0.9999789197599769,0.45848360266012866,0,,0,0,drift_not_confirmed,,voltage_rolling_mean=231.450462;source_publish_interval=0.504068,,0.719625037163496,11.46608404815197,12.206707848235965
2026-08-10T16:29:27.409827+00:00,measurement_drift_01,meter_03,113,none,none,none,none,none,none,0.9941466922434267,0.4601706205115448,0,,0,0,drift_not_confirmed,,voltage_rolling_mean=230.658893;source_publish_interval=0.504068,,0.5889581516385078,9.415874956175685,10.02258388325572
2026-08-10T16:29:27.881000+00:00,measurement_drift_01,meter_01,114,none,none,none,none,none,none,0.9999992150134454,0.4810496887517522,0,,0,0,drift_not_confirmed,,voltage_rolling_mean=231.644142;source_publish_interval=0.504067,,2.0998751278966665,21.718291100114584,23.8496249075979
2026-08-10T16:29:27.905198+00:00,measurement_drift_01,meter_02,114,none,none,none,none,none,none,0.9999853106896012,0.4911471693833371,0,,0,0,drift_not_confirmed,,voltage_rolling_mean=231.450462;source_publish_interval=0.504068,,0.7033329457044601,11.547332862392068,12.272750027477741
2026-08-10T16:29:27.917558+00:00,measurement_drift_01,meter_03,114,none,none,none,none,none,none,0.9899368518679474,0.4616429688613463,0,,0,0,drift_not_confirmed,,voltage_rolling_mean=230.658893;source_publish_interval=0.504068,,0.5972909275442362,9.570874972268939,10.18616696819663
2026-08-10T16:29:28.383106+00:00,measurement_drift_01,meter_01,115,none,none,none,none,none,none,0.9999991860925747,0.49724142676617955,0,,0,0,drift_not_confirmed,,voltage_rolling_mean=231.644142;source_publish_interval=0.504067,,2.0252910908311605,21.78970887325704,23.847874952480197
2026-08-10T16:29:28.407222+00:00,measurement_drift_01,meter_02,115,none,none,none,none,none,none,0.9999691698713022,0.4898643453115313,0,,0,0,drift_not_confirmed,,voltage_rolling_mean=231.450462;source_publish_interval=0.504068,,0.8123749867081642,11.907791951671243,12.741874903440475
2026-08-10T16:29:28.420056+00:00,measurement_drift_01,meter_03,115,none,none,none,none,none,none,0.9937736905364986,0.45023979363039607,0,,0,0,drift_not_confirmed,,voltage_rolling_mean=230.658893;source_publish_interval=0.504068,,0.5723750218749046,9.424084099009633,10.013917228206992
2026-08-10T16:29:28.886970+00:00,measurement_drift_01,meter_01,116,none,none,none,none,none,none,0.9999980875034852,0.4574170457327817,0,,0,0,drift_not_confirmed,,voltage_rolling_mean=231.644142;source_publish_interval=0.504067,,0.7367921061813831,11.302500031888485,12.061582878232002
2026-08-10T16:29:28.899127+00:00,measurement_drift_01,meter_02,116,none,none,none,none,none,none,0.9999798761195764,0.468865695772248,0,,0,0,drift_not_confirmed,,voltage_rolling_mean=231.450462;source_publish_interval=0.504068,,0.5146670155227184,9.197250008583069,9.728999808430672
2026-08-10T16:29:28.908921+00:00,measurement_drift_01,meter_03,116,none,none,none,none,none,none,0.9823627860122341,0.4837416801177366,0,,0,0,drift_not_confirmed,,voltage_rolling_mean=230.658893;source_publish_interval=0.504068,,0.4580840468406677,8.09387513436377,8.567833108827472
2026-08-10T16:29:29.393379+00:00,measurement_drift_01,meter_01,117,none,none,none,none,none,none,0.9999967832453718,0.47276101761157985,0,,0,0,drift_not_confirmed,,voltage_rolling_mean=231.644142;source_publish_interval=0.504067,,2.0048331934958696,22.064584074541926,24.112916085869074
2026-08-10T16:29:29.417830+00:00,measurement_drift_01,meter_02,117,none,none,none,none,none,none,0.9996177412271394,0.4865162582946705,0,,0,0,drift_not_confirmed,,voltage_rolling_mean=231.450462;source_publish_interval=0.504068,,0.8726660162210464,12.192833935841918,13.086500111967325
2026-08-10T16:29:29.431023+00:00,measurement_drift_01,meter_03,117,none,none,none,unknown,unknown,unknown,0.6449017104564595,0.4519044184647527,0,,0,0,drift_not_confirmed,,voltage_rolling_mean=230.658893;source_publish_interval=0.504068,,0.5474591162055731,9.51637513935566,10.082124965265393
2026-08-10T16:29:29.894001+00:00,measurement_drift_01,meter_01,118,none,none,none,none,none,none,0.9999988259989891,0.49182308754663584,0,,0,0,drift_not_confirmed,,voltage_rolling_mean=231.644142;source_publish_interval=0.504067,,2.9570828191936016,18.986792070791125,21.978624863550067
2026-08-10T16:29:29.916358+00:00,measurement_drift_01,meter_02,118,none,none,none,none,none,none,0.9999122374903937,0.48265868629340447,0,,0,0,drift_not_confirmed,,voltage_rolling_mean=231.450462;source_publish_interval=0.504068,,0.720541924238205,11.507708113640547,12.251124950125813
2026-08-10T16:29:29.928708+00:00,measurement_drift_01,meter_03,118,none,none,none,none,none,none,0.9965868549877163,0.4691859839799734,0,,0,0,drift_not_confirmed,,voltage_rolling_mean=230.658893;source_publish_interval=0.504068,,0.5426669958978891,9.474457940086722,10.033875005319715
2026-08-10T16:29:30.395089+00:00,measurement_drift_01,meter_01,119,none,none,none,none,none,none,0.999998736069298,0.45427724635336675,0,,0,0,drift_not_confirmed,,voltage_rolling_mean=231.644142;source_publish_interval=0.504067,,1.8404999282211065,18.181833904236555,20.054667023941875
2026-08-10T16:29:30.415426+00:00,measurement_drift_01,meter_02,119,none,none,none,none,none,none,0.9999037923189513,0.45819414584748114,0,,0,0,drift_not_confirmed,,voltage_rolling_mean=231.450462;source_publish_interval=0.504068,,0.4887920804321766,10.399874998256564,10.918290819972754
2026-08-10T16:29:30.426472+00:00,measurement_drift_01,meter_03,119,none,none,none,none,none,none,0.972064884153134,0.44322712143269394,0,,0,0,drift_not_confirmed,,voltage_rolling_mean=230.658893;source_publish_interval=0.504068,,0.7029168773442507,10.792958084493876,11.518208077177405
2026-08-10T16:29:30.900952+00:00,measurement_drift_01,meter_01,120,none,none,none,none,none,none,0.9999942283019811,0.4743149893668332,0,,0,0,drift_not_confirmed,,voltage_rolling_mean=231.644142;source_publish_interval=0.504067,,2.3099170066416264,19.20279092155397,21.55020786449313
2026-08-10T16:29:30.922876+00:00,measurement_drift_01,meter_02,120,none,none,none,none,none,none,0.9998754192147641,0.5595567709102319,0,,0,0,drift_not_confirmed,,voltage_rolling_mean=231.450462;source_publish_interval=0.504068,,0.7474159356206656,11.773125035688281,12.542417040094733
2026-08-10T16:29:30.935536+00:00,measurement_drift_01,meter_03,120,none,none,none,none,none,none,0.9816359783828317,0.46614763336270254,0,,0,0,drift_not_confirmed,,voltage_rolling_mean=230.658893;source_publish_interval=0.504068,,0.539290951564908,9.771957993507385,10.338957887142897
2026-08-10T16:29:31.402645+00:00,measurement_drift_01,meter_01,121,none,none,none,none,none,none,0.9999939565884521,0.46181459594983754,0,,0,0,drift_not_confirmed,,voltage_rolling_mean=231.644142;source_publish_interval=0.504067,,2.8852089308202267,21.468083141371608,24.38729186542332
2026-08-10T16:29:31.427472+00:00,measurement_drift_01,meter_02,121,none,none,none,none,none,none,0.9966295855931429,0.46532938916243816,0,,0,0,drift_not_confirmed,,voltage_rolling_mean=231.450462;source_publish_interval=0.504068,,0.777415931224823,12.098083039745688,12.898709159344435
2026-08-10T16:29:31.440472+00:00,measurement_drift_01,meter_03,121,none,none,none,none,none,none,0.9540079276236504,0.4419952282167563,0,,0,0,drift_not_confirmed,,voltage_rolling_mean=230.658893;source_publish_interval=0.504068,,0.5635831039398909,9.555625030770898,10.137583827599883
2026-08-10T16:29:31.903673+00:00,measurement_drift_01,meter_01,122,none,none,none,none,none,none,0.9999972740571667,0.4665350956815394,0,,0,0,drift_not_confirmed,,voltage_rolling_mean=231.644142;source_publish_interval=0.504067,,2.360000042244792,22.287749918177724,24.698915891349316
2026-08-10T16:29:31.928788+00:00,measurement_drift_01,meter_02,122,none,none,none,none,none,none,0.9995073361160535,0.5996999719637087,0,,0,0,drift_not_confirmed,,voltage_rolling_mean=231.450462;source_publish_interval=0.504068,,0.861333915963769,12.205917155370116,13.093667104840279
2026-08-10T16:29:31.942020+00:00,measurement_drift_01,meter_03,122,none,none,none,unknown,unknown,unknown,0.9848504856676625,0.6406204466666292,0,,0,0,drift_not_confirmed,,voltage_rolling_mean=230.658893;source_publish_interval=0.504068,,0.5798749625682831,9.428249904885888,10.028542019426823
2026-08-10T16:29:32.408756+00:00,measurement_drift_01,meter_01,123,none,none,none,none,none,none,0.999994857125365,0.4688982350571227,0,,0,0,drift_not_confirmed,,voltage_rolling_mean=231.644142;source_publish_interval=0.504067,,2.355791861191392,18.565666861832142,20.957666914910078
2026-08-10T16:29:32.430096+00:00,measurement_drift_01,meter_02,123,none,none,none,none,none,none,0.9995202218834427,0.4834899086348742,0,,0,0,drift_not_confirmed,,voltage_rolling_mean=231.450462;source_publish_interval=0.504068,,0.7122918032109737,11.230458039790392,11.963583994656801
2026-08-10T16:29:32.442160+00:00,measurement_drift_01,meter_03,123,none,none,none,none,none,none,0.9917851500593855,0.4860180923654079,0,,0,0,drift_not_confirmed,,voltage_rolling_mean=230.658893;source_publish_interval=0.504068,,0.5428330041468143,9.490541880950332,10.051042074337602
2026-08-10T16:29:32.911962+00:00,measurement_drift_01,meter_01,124,none,none,none,none,none,none,0.9999786649703963,0.4594023083073304,0,,0,0,drift_not_confirmed,,voltage_rolling_mean=231.644142;source_publish_interval=0.504067,,2.2535419557243586,19.15912516415119,21.444041980430484
2026-08-10T16:29:32.933776+00:00,measurement_drift_01,meter_02,124,none,none,none,none,none,none,0.9981357358455869,0.4625005936862654,0,,0,0,drift_not_confirmed,,voltage_rolling_mean=231.450462;source_publish_interval=0.504068,,0.6774170324206352,11.462250025942922,12.161875143647194
2026-08-10T16:29:32.946034+00:00,measurement_drift_01,meter_03,124,none,none,none,none,none,none,0.9853603642830658,0.46185218994884336,0,,0,0,drift_not_confirmed,,voltage_rolling_mean=230.658893;source_publish_interval=0.504068,,0.589708099141717,9.431540966033936,10.040084132924676
2026-08-10T16:29:33.415869+00:00,measurement_drift_01,meter_01,125,none,none,none,none,none,none,0.9999987263905363,0.606793835033162,0,,0,0,drift_not_confirmed,,voltage_rolling_mean=231.644142;source_publish_interval=0.504067,,2.677166135981679,17.723708879202604,20.43762500397861
2026-08-10T16:29:33.436686+00:00,measurement_drift_01,meter_02,125,none,none,none,none,none,none,0.9955684313203473,0.4732496514000168,0,,0,0,drift_not_confirmed,,voltage_rolling_mean=231.450462;source_publish_interval=0.504068,,0.7017077878117561,10.9805001411587,11.70154195278883
2026-08-10T16:29:33.448480+00:00,measurement_drift_01,meter_03,125,none,none,none,none,none,none,0.9729464943545925,0.45199981185685795,0,,0,0,drift_not_confirmed,,voltage_rolling_mean=230.658893;source_publish_interval=0.504068,,0.526792136952281,9.167958050966263,9.715915890410542
2026-08-10T16:29:33.921299+00:00,measurement_drift_01,meter_01,126,none,none,none,none,none,none,0.9999940555218607,0.4739522384619359,0,,0,0,drift_not_confirmed,,voltage_rolling_mean=231.644142;source_publish_interval=0.504067,,2.397832926362753,18.656749976798892,21.087124943733215
2026-08-10T16:29:33.942753+00:00,measurement_drift_01,meter_02,126,none,none,none,none,none,none,0.9986719980032411,0.4544026018675097,0,,0,0,drift_not_confirmed,,voltage_rolling_mean=231.450462;source_publish_interval=0.504068,,0.6839579436928034,11.410458013415337,12.113040778785944
2026-08-10T16:29:33.954952+00:00,measurement_drift_01,meter_03,126,none,none,none,none,none,none,0.95324695313187,0.47228829384199345,0,,0,0,drift_not_confirmed,,voltage_rolling_mean=230.658893;source_publish_interval=0.504068,,0.5194160621613264,9.466290939599276,10.003125062212348
2026-08-10T16:29:34.426178+00:00,measurement_drift_01,meter_01,127,none,none,none,none,none,none,0.9999898105108298,0.48217530996175983,0,,0,0,drift_not_confirmed,,voltage_rolling_mean=231.644142;source_publish_interval=0.504067,,2.574291080236435,19.65570799075067,22.28366700001061
2026-08-10T16:29:34.448882+00:00,measurement_drift_01,meter_02,127,none,none,none,none,none,none,0.9955794066365279,0.4475622255017443,0,,0,0,drift_not_confirmed,,voltage_rolling_mean=231.450462;source_publish_interval=0.504068,,0.7227500900626183,11.606124928221107,12.351709185168147
2026-08-10T16:29:34.461343+00:00,measurement_drift_01,meter_03,127,none,none,none,none,none,none,0.9876356146327467,0.47330533895433896,0,,0,0,drift_not_confirmed,,voltage_rolling_mean=230.658893;source_publish_interval=0.504068,,0.5226668436080217,9.566416963934898,10.10791608132422
2026-08-10T16:29:34.930008+00:00,measurement_drift_01,meter_01,128,none,none,none,none,none,none,0.999993359961226,0.5342219114005428,0,,0,0,drift_not_confirmed,,voltage_rolling_mean=231.644142;source_publish_interval=0.504067,,1.9303751178085804,21.230417070910335,23.20166677236557
2026-08-10T16:29:34.953519+00:00,measurement_drift_01,meter_02,128,none,none,none,none,none,none,0.9956450112913992,0.46678239327892085,0,,0,0,drift_not_confirmed,,voltage_rolling_mean=231.450462;source_publish_interval=0.504068,,0.8449999149888754,12.552666012197733,13.427291996777058
2026-08-10T16:29:34.967104+00:00,measurement_drift_01,meter_03,128,none,none,none,none,none,none,0.9893771270913073,0.49767468167715506,0,,0,0,drift_not_confirmed,,voltage_rolling_mean=230.658893;source_publish_interval=0.504068,,0.618667108938098,9.793875040486455,10.435499949380755
2026-08-10T16:29:35.435386+00:00,measurement_drift_01,meter_01,129,none,none,none,none,none,none,0.9999608448890667,0.4591719693430477,0,,0,0,drift_not_confirmed,,voltage_rolling_mean=231.644142;source_publish_interval=0.504067,,2.724457997828722,16.982250148430467,19.74891684949398
2026-08-10T16:29:35.455518+00:00,measurement_drift_01,meter_02,129,none,none,none,none,none,none,0.9976895771221471,0.5309687107026833,0,,0,0,drift_not_confirmed,,voltage_rolling_mean=231.450462;source_publish_interval=0.504068,,0.7657918613404036,11.101874988526106,11.891542002558708
2026-08-10T16:29:35.467532+00:00,measurement_drift_01,meter_03,129,none,none,none,none,none,none,0.9935885041178667,0.4771502711843154,0,,0,0,drift_not_confirmed,,voltage_rolling_mean=230.658893;source_publish_interval=0.504068,,0.5283751524984837,9.280666941776872,9.829665999859571
2026-08-10T16:29:35.940088+00:00,measurement_drift_01,meter_01,130,none,none,none,none,none,none,0.9999380684256345,0.45926044513844927,0,,0,0,drift_not_confirmed,,voltage_rolling_mean=231.644142;source_publish_interval=0.504067,,1.5489580109715462,20.744625013321638,22.331791929900646
2026-08-10T16:29:35.962728+00:00,measurement_drift_01,meter_02,130,none,none,none,none,none,none,0.9971101590483425,0.44851004449480214,0,,0,0,drift_not_confirmed,,voltage_rolling_mean=231.450462;source_publish_interval=0.504068,,0.8733749855309725,12.427499983459711,13.326624874025583
2026-08-10T16:29:35.976227+00:00,measurement_drift_01,meter_03,130,none,none,none,unknown,unknown,unknown,0.9264318796822586,0.45848255061188403,0,,0,0,drift_not_confirmed,,voltage_rolling_mean=230.658893;source_publish_interval=0.504068,,0.5889998283237219,9.740749839693308,10.349459014832973
2026-08-10T16:29:36.441131+00:00,measurement_drift_01,meter_01,131,none,none,none,none,none,none,0.9999033474173371,0.47993011655701845,0,,0,0,drift_not_confirmed,,voltage_rolling_mean=231.644142;source_publish_interval=0.504067,,2.243333961814642,18.803457962349057,21.08512492850423
2026-08-10T16:29:36.462635+00:00,measurement_drift_01,meter_02,131,none,none,none,none,none,none,0.9969473103770239,0.5314206732259014,0,,0,0,drift_not_confirmed,,voltage_rolling_mean=231.450462;source_publish_interval=0.504068,,0.7736249826848507,11.463708942756057,12.261666124686599
2026-08-10T16:29:36.475007+00:00,measurement_drift_01,meter_03,131,none,none,none,none,none,none,0.9983881163292021,0.5248440908828621,0,,0,0,drift_not_confirmed,,voltage_rolling_mean=230.658893;source_publish_interval=0.504068,,0.5270419642329216,9.512416087090969,10.058667045086622
2026-08-10T16:29:36.943353+00:00,measurement_drift_01,meter_01,132,none,none,none,none,none,none,0.9998695093969595,0.45739546689497845,0,,0,0,drift_not_confirmed,,voltage_rolling_mean=231.644142;source_publish_interval=0.504067,,2.7755419723689556,16.790624940767884,19.597083097323775
2026-08-10T16:29:36.963318+00:00,measurement_drift_01,meter_02,132,none,none,none,none,none,none,0.9976003441311141,0.4613116620508789,0,,0,0,drift_not_confirmed,,voltage_rolling_mean=231.450462;source_publish_interval=0.504068,,0.702874967828393,10.940917069092393,11.663208017125726
2026-08-10T16:29:36.975068+00:00,measurement_drift_01,meter_03,132,none,none,none,none,none,none,0.9967466160788506,0.45977669894117584,0,,0,0,drift_not_confirmed,,voltage_rolling_mean=230.658893;source_publish_interval=0.504068,,0.5032501649111509,9.198833024129272,9.71983396448195
2026-08-10T16:29:37.448215+00:00,measurement_drift_01,meter_01,133,none,none,none,none,none,none,0.9998176358155252,0.4602823714132423,0,,0,0,drift_not_confirmed,,voltage_rolling_mean=231.644142;source_publish_interval=0.504067,,3.3595419954508543,14.880083035677671,18.273374997079372
2026-08-10T16:29:37.466840+00:00,measurement_drift_01,meter_02,133,none,none,none,none,none,none,0.9995377769706639,0.47631776678668125,0,,0,0,drift_not_confirmed,,voltage_rolling_mean=231.450462;source_publish_interval=0.504068,,0.7023338694125414,10.376416146755219,11.097625130787492
2026-08-10T16:29:37.478021+00:00,measurement_drift_01,meter_03,133,none,none,none,none,none,none,0.995124083326056,0.5563779207693872,0,,0,0,drift_not_confirmed,,voltage_rolling_mean=230.658893;source_publish_interval=0.504068,,0.5002911202609539,9.017125004902482,9.534250013530254
2026-08-10T16:29:37.950467+00:00,measurement_drift_01,meter_01,134,none,none,none,none,none,none,0.9998524623936865,0.4928701129182395,0,,0,0,drift_not_confirmed,,voltage_rolling_mean=231.644142;source_publish_interval=0.504067,,2.551124896854162,22.3595411516726,24.943791097030044
2026-08-10T16:29:37.975772+00:00,measurement_drift_01,meter_02,134,none,none,none,none,none,none,0.9900826749529062,0.465335885588968,0,,0,0,drift_not_confirmed,,voltage_rolling_mean=231.450462;source_publish_interval=0.504068,,0.828874995931983,12.086791219189763,12.937832856550813
2026-08-10T16:29:37.988807+00:00,measurement_drift_01,meter_03,134,none,none,none,unknown,unknown,unknown,0.5977930868441899,0.4428165116971397,0,,0,0,drift_not_confirmed,,voltage_rolling_mean=230.658893;source_publish_interval=0.504068,,0.5702909547835588,9.448833065107465,10.036666877567768
2026-08-10T16:29:38.454206+00:00,measurement_drift_01,meter_01,135,none,none,none,none,none,none,0.999797454383237,0.5200740591569338,0,,0,0,drift_not_confirmed,,voltage_rolling_mean=231.644142;source_publish_interval=0.504067,,2.378541976213455,17.733250046148896,20.1469580642879
2026-08-10T16:29:38.474729+00:00,measurement_drift_01,meter_02,135,none,none,none,none,none,none,0.9996574734289795,0.5226652787009902,0,,0,0,drift_not_confirmed,,voltage_rolling_mean=231.450462;source_publish_interval=0.504068,,0.7177498191595078,11.254250071942806,11.993707856163383
2026-08-10T16:29:38.486835+00:00,measurement_drift_01,meter_03,135,none,none,none,none,none,none,0.9861284862480042,0.46355618856224984,0,,0,0,drift_not_confirmed,,voltage_rolling_mean=230.658893;source_publish_interval=0.504068,,0.5146670155227184,9.399750037118793,9.934542002156377
2026-08-10T16:29:38.956825+00:00,measurement_drift_01,meter_01,136,none,none,none,none,none,none,0.9998898130763187,0.4511142485397704,0,,0,0,drift_not_confirmed,,voltage_rolling_mean=231.644142;source_publish_interval=0.504067,,1.9212081097066402,22.18024991452694,24.13929207250476
2026-08-10T16:29:38.981264+00:00,measurement_drift_01,meter_02,136,none,none,none,none,none,none,0.9963449299385219,0.4545676354028676,0,,0,0,drift_not_confirmed,,voltage_rolling_mean=231.450462;source_publish_interval=0.504068,,0.8322498761117458,11.76633290015161,12.621083995327353
2026-08-10T16:29:38.993994+00:00,measurement_drift_01,meter_03,136,none,none,none,unknown,unknown,unknown,0.5039402616415087,0.4767117045942156,0,,0,0,drift_not_confirmed,,voltage_rolling_mean=230.658893;source_publish_interval=0.504068,,0.5123750306665897,9.378666989505291,9.910583030432463
2026-08-10T16:29:39.462084+00:00,measurement_drift_01,meter_01,137,none,none,none,none,none,none,0.9997923914767914,0.4535533904571027,0,,0,0,drift_not_confirmed,,voltage_rolling_mean=231.644142;source_publish_interval=0.504067,,2.0580829586833715,19.328000023961067,21.433500107377768
2026-08-10T16:29:39.483996+00:00,measurement_drift_01,meter_02,137,none,none,none,none,none,none,0.996241732801967,0.44197817585935806,0,,0,0,drift_not_confirmed,,voltage_rolling_mean=231.450462;source_publish_interval=0.504068,,0.8038750384002924,11.608665809035301,12.4356250744313
2026-08-10T16:29:39.496561+00:00,measurement_drift_01,meter_03,137,none,none,none,none,none,none,0.9843367703469991,0.5329191428477111,0,,0,0,drift_not_confirmed,,voltage_rolling_mean=230.658893;source_publish_interval=0.504068,,0.5418339278548956,9.438375011086464,10.000542039051652
2026-08-10T16:29:39.962437+00:00,measurement_drift_01,meter_01,138,none,none,none,none,none,none,0.9998867930051215,0.46226697145314594,0,,0,0,drift_not_confirmed,,voltage_rolling_mean=231.644142;source_publish_interval=0.504067,,2.0846661645919085,21.11991588026285,23.24670786038041
2026-08-10T16:29:39.986039+00:00,measurement_drift_01,meter_02,138,none,none,none,none,none,none,0.9947241921939111,0.4707067124517709,0,,0,0,drift_not_confirmed,,voltage_rolling_mean=231.450462;source_publish_interval=0.504068,,0.8462918922305107,11.879374971613288,12.748833047226071
2026-08-10T16:29:39.998899+00:00,measurement_drift_01,meter_03,138,none,none,none,none,none,none,0.9967151255377371,0.4385844732355985,0,,0,0,drift_not_confirmed,,voltage_rolling_mean=230.658893;source_publish_interval=0.504068,,0.5147079937160015,9.448833065107465,9.981625014916062
2026-08-10T16:29:40.466023+00:00,measurement_drift_01,meter_01,139,none,none,none,none,none,none,0.9998924105675678,0.46417507569298155,0,,0,0,drift_not_confirmed,,voltage_rolling_mean=231.644142;source_publish_interval=0.504067,,1.8257079645991325,22.20529201440513,24.069166975095868
2026-08-10T16:29:40.490390+00:00,measurement_drift_01,meter_02,139,none,none,none,none,none,none,0.9978632378255821,0.47005277445327664,0,,0,0,drift_not_confirmed,,voltage_rolling_mean=231.450462;source_publish_interval=0.504068,,0.8589588105678558,11.918541975319386,12.801917036995292
2026-08-10T16:29:40.503312+00:00,measurement_drift_01,meter_03,139,none,none,none,none,none,none,0.984600713660895,0.43454062500330043,0,,0,0,drift_not_confirmed,,voltage_rolling_mean=230.658893;source_publish_interval=0.504068,,0.5204589106142521,9.418209083378315,9.957625064998865
2026-08-10T16:29:40.971049+00:00,measurement_drift_01,meter_01,140,none,none,none,none,none,none,0.9997767201160731,0.4512352469639849,0,,0,0,drift_not_confirmed,,voltage_rolling_mean=231.644142;source_publish_interval=0.504067,,2.3734159767627716,17.87770795635879,20.28345805592835
2026-08-10T16:29:40.991680+00:00,measurement_drift_01,meter_02,140,none,none,none,none,none,none,0.9981223064002681,0.47086739449845694,0,,0,0,drift_not_confirmed,,voltage_rolling_mean=231.450462;source_publish_interval=0.504068,,0.7380419410765171,11.443458031862974,12.201708042994142
2026-08-10T16:29:41.003980+00:00,measurement_drift_01,meter_03,140,none,none,none,unknown,unknown,unknown,0.9329625638879833,0.47264272813682434,0,,0,0,drift_not_confirmed,,voltage_rolling_mean=230.658893;source_publish_interval=0.504068,,0.5147499032318592,9.32949990965426,9.863500017672777
2026-08-10T16:29:41.476117+00:00,measurement_drift_01,meter_01,141,none,none,none,none,none,none,0.9997053866235479,0.45174491981986586,0,,0,0,drift_not_confirmed,,voltage_rolling_mean=231.644142;source_publish_interval=0.504067,,2.4534170515835285,19.457916961982846,21.95537486113608
2026-08-10T16:29:41.498522+00:00,measurement_drift_01,meter_02,141,none,none,none,none,none,none,0.9864928995601411,0.4497938297983643,0,,0,0,drift_not_confirmed,,voltage_rolling_mean=231.450462;source_publish_interval=0.504068,,0.7925410754978657,11.576042044907808,12.391250114887953
2026-08-10T16:29:41.511037+00:00,measurement_drift_01,meter_03,141,none,none,none,unknown,unknown,unknown,0.8953212342469578,0.4952046211098276,0,,0,0,drift_not_confirmed,,voltage_rolling_mean=230.658893;source_publish_interval=0.504068,,0.5455419886857271,9.379416005685925,9.94454207830131
2026-08-10T16:29:41.978066+00:00,measurement_drift_01,meter_01,142,none,none,none,none,none,none,0.9997834724874134,0.4627436005738064,0,,0,0,drift_not_confirmed,,voltage_rolling_mean=231.644142;source_publish_interval=0.504067,,3.204084001481533,16.721708932891488,19.9690000154078
2026-08-10T16:29:41.998445+00:00,measurement_drift_01,meter_02,142,none,none,none,none,none,none,0.9941462234330133,0.5102993193927251,0,,0,0,drift_not_confirmed,,voltage_rolling_mean=231.450462;source_publish_interval=0.504068,,0.7650831248611212,11.152250226587057,11.93820801563561
2026-08-10T16:29:42.010488+00:00,measurement_drift_01,meter_03,142,none,none,none,none,none,none,0.9675906172990141,0.5689310074784364,0,,0,0,drift_not_confirmed,,voltage_rolling_mean=230.658893;source_publish_interval=0.504068,,0.5215418059378862,9.209624957293272,9.748958051204681
2026-08-10T16:29:42.481215+00:00,measurement_drift_01,meter_01,143,none,none,none,none,none,none,0.9996743280248442,0.5766086200892752,0,,0,0,drift_not_confirmed,,voltage_rolling_mean=231.644142;source_publish_interval=0.504067,,2.4462079163640738,18.60816706903279,21.08524995855987
2026-08-10T16:29:42.502705+00:00,measurement_drift_01,meter_02,143,none,none,none,none,none,none,0.9918702138011111,0.500777737359961,0,,0,0,drift_not_confirmed,,voltage_rolling_mean=231.450462;source_publish_interval=0.504068,,0.7197498343884945,11.750082951039076,12.491290923207998
2026-08-10T16:29:42.515302+00:00,measurement_drift_01,meter_03,143,none,none,none,none,none,none,0.9872380972918747,0.5291825536473517,0,,0,0,drift_not_confirmed,,voltage_rolling_mean=230.658893;source_publish_interval=0.504068,,0.5407920107245445,9.47645795531571,10.037333937361836
2026-08-10T16:29:42.985759+00:00,measurement_drift_01,meter_01,144,none,none,none,none,none,none,0.9995729715166456,0.4522112230461609,0,,0,0,drift_not_confirmed,,voltage_rolling_mean=231.644142;source_publish_interval=0.504067,,1.8991660326719284,22.109041921794415,24.043084122240543
2026-08-10T16:29:43.010092+00:00,measurement_drift_01,meter_02,144,none,none,none,none,none,none,0.9910491779236911,0.5203305087805307,0,,0,0,drift_not_confirmed,,voltage_rolling_mean=231.450462;source_publish_interval=0.504068,,0.8116250392049551,11.971750063821673,12.804500060155988
2026-08-10T16:29:43.022991+00:00,measurement_drift_01,meter_03,144,none,none,none,none,none,none,0.9805901014265865,0.4741169537791689,0,,0,0,drift_not_confirmed,,voltage_rolling_mean=230.658893;source_publish_interval=0.504068,,0.5749159026890993,9.547000052407384,10.140167083591223
2026-08-10T16:29:43.490910+00:00,measurement_drift_01,meter_01,145,none,none,none,none,none,none,0.999914634081031,0.5638578606737943,0,,0,0,drift_not_confirmed,,voltage_rolling_mean=231.644142;source_publish_interval=0.504067,,2.033625030890107,22.163209039717913,24.22849996946752
2026-08-10T16:29:43.515478+00:00,measurement_drift_01,meter_02,145,none,none,none,none,none,none,0.9710315857803606,0.48032702963782276,0,,0,0,drift_not_confirmed,,voltage_rolling_mean=231.450462;source_publish_interval=0.504068,,0.7882500067353249,11.8623748421669,12.671542121097445
2026-08-10T16:29:43.528240+00:00,measurement_drift_01,meter_03,145,none,none,none,none,none,none,0.9753116079685668,0.4702668382812834,0,,0,0,drift_not_confirmed,,voltage_rolling_mean=230.658893;source_publish_interval=0.504068,,0.5702080670744181,9.774500038474798,10.362708941102028
2026-08-10T16:29:43.995827+00:00,measurement_drift_01,meter_01,146,none,none,none,none,none,none,0.997538487231601,0.44483027114316853,0,,0,0,drift_not_confirmed,,voltage_rolling_mean=231.644142;source_publish_interval=0.504067,,2.7094578836113214,19.228208111599088,21.967916982248425
2026-08-10T16:29:44.018151+00:00,measurement_drift_01,meter_02,146,none,none,none,none,none,none,0.9959152139700003,0.46098221693748004,0,,0,0,drift_not_confirmed,,voltage_rolling_mean=231.450462;source_publish_interval=0.504068,,0.6828750483691692,11.633416870608926,12.335791951045394
2026-08-10T16:29:44.030569+00:00,measurement_drift_01,meter_03,146,none,none,none,none,none,none,0.9676119059607141,0.4508980364344782,0,,0,0,drift_not_confirmed,,voltage_rolling_mean=230.658893;source_publish_interval=0.504068,,0.5257078446447849,9.403000120073557,9.945540921762586
2026-08-10T16:29:44.497974+00:00,measurement_drift_01,meter_01,147,none,none,none,none,none,none,0.9991482549959718,0.4838977031469273,0,,0,0,drift_not_confirmed,,voltage_rolling_mean=231.644142;source_publish_interval=0.504067,,1.9580840598791838,21.731874905526638,23.725374834612012
2026-08-10T16:29:44.521975+00:00,measurement_drift_01,meter_02,147,none,none,none,unknown,unknown,unknown,0.9314310291286938,0.49791685508743294,0,,0,0,drift_not_confirmed,,voltage_rolling_mean=231.450462;source_publish_interval=0.504068,,0.8062920533120632,11.945041827857494,12.771625071763992
2026-08-10T16:29:44.534846+00:00,measurement_drift_01,meter_03,147,none,none,none,none,none,none,0.9821039698684816,0.43521483454627413,0,,0,0,drift_not_confirmed,,voltage_rolling_mean=230.658893;source_publish_interval=0.504068,,0.5864577833563089,9.460875065997243,10.064458940178156
2026-08-10T16:29:44.998151+00:00,measurement_drift_01,meter_01,148,none,none,none,none,none,none,0.9994164967167043,0.45368799469923066,0,,0,0,drift_not_confirmed,,voltage_rolling_mean=231.644142;source_publish_interval=0.504067,,3.051667008548975,17.128832871094346,20.217332988977432
2026-08-10T16:29:45.018745+00:00,measurement_drift_01,meter_02,148,none,none,none,none,none,none,0.9997699330035195,0.5664661760153888,0,,0,0,drift_not_confirmed,,voltage_rolling_mean=231.450462;source_publish_interval=0.504068,,0.7018749602138996,11.12729194574058,11.850125156342983
2026-08-10T16:29:45.030699+00:00,measurement_drift_01,meter_03,148,none,none,none,none,none,none,0.9986847926134687,0.44192997729792405,0,,0,0,drift_not_confirmed,,voltage_rolling_mean=230.658893;source_publish_interval=0.504068,,0.5575418472290039,9.324915939942002,9.900500066578388
2026-08-10T16:29:45.503326+00:00,measurement_drift_01,meter_01,149,none,none,none,none,none,none,0.9992180842175277,0.4518374980163338,0,,0,0,drift_not_confirmed,,voltage_rolling_mean=231.644142;source_publish_interval=0.504067,,2.473333152011037,20.21045796573162,22.717582993209362
2026-08-10T16:29:45.526396+00:00,measurement_drift_01,meter_02,149,none,none,none,none,none,none,0.9799932890211038,0.4369353644070562,0,,0,0,drift_not_confirmed,,voltage_rolling_mean=231.450462;source_publish_interval=0.504068,,0.6959168240427971,11.601625010371208,12.317541055381298
2026-08-10T16:29:45.538803+00:00,measurement_drift_01,meter_03,149,none,none,none,none,none,none,0.9997958270134514,0.48535158982295906,0,,0,0,drift_not_confirmed,,voltage_rolling_mean=230.658893;source_publish_interval=0.504068,,0.530624995008111,9.387207916006446,9.935374837368727
2026-08-10T16:29:46.008429+00:00,measurement_drift_01,meter_01,150,none,none,none,none,none,none,0.9975453817115812,0.48604116284213467,0,,0,0,drift_not_confirmed,,voltage_rolling_mean=231.644142;source_publish_interval=0.504067,,2.6337080635130405,17.444750061258674,20.10720898397267
2026-08-10T16:29:46.028890+00:00,measurement_drift_01,meter_02,150,none,measurement_shift,none,unknown,unknown,unknown,0.9889807824848846,0.6895797100739881,0,,0,0,drift_not_confirmed,,voltage_rolling_mean=231.450462;source_publish_interval=0.504068,,0.6662500090897083,11.110999854281545,11.796291917562485
2026-08-10T16:29:46.040777+00:00,measurement_drift_01,meter_03,150,none,none,none,none,none,none,0.9995246165529984,0.43971084715779896,0,,0,0,drift_not_confirmed,,voltage_rolling_mean=230.658893;source_publish_interval=0.504068,,0.5326250102370977,9.346582926809788,9.896333096548915
2026-08-10T16:29:46.511368+00:00,measurement_drift_01,meter_01,151,none,none,none,none,none,none,0.9993971001661472,0.5471897347272203,0,,0,0,drift_not_confirmed,,voltage_rolling_mean=231.644142;source_publish_interval=0.504067,,1.9281250424683094,21.926417015492916,23.89245806261897
2026-08-10T16:29:46.535583+00:00,measurement_drift_01,meter_02,151,none,measurement_shift,none,unknown,unknown,unknown,0.7532990951093875,0.684473447292982,0,,0,0,drift_not_confirmed,,voltage_rolling_mean=231.450462;source_publish_interval=0.504068,,0.7793749682605267,11.805125046521425,12.606916017830372
2026-08-10T16:29:46.548307+00:00,measurement_drift_01,meter_03,151,none,none,none,none,none,none,0.9994438737885025,0.4380089561594022,0,,0,0,drift_not_confirmed,,voltage_rolling_mean=230.658893;source_publish_interval=0.504068,,0.6148749962449074,9.552249917760491,10.187124833464622
2026-08-10T16:29:47.016804+00:00,measurement_drift_01,meter_01,152,none,none,none,none,none,none,0.9986723069025909,0.47300135375740726,0,,0,0,drift_not_confirmed,,voltage_rolling_mean=231.644142;source_publish_interval=0.504067,,2.3935409262776375,21.621833089739084,24.051083019003272
2026-08-10T16:29:47.041276+00:00,measurement_drift_01,meter_02,152,none,measurement_shift,none,unknown,unknown,unknown,0.6123750017012891,0.6657698300565151,0,,0,0,drift_not_confirmed,,voltage_rolling_mean=231.450462;source_publish_interval=0.504068,,0.6939158774912357,11.704666074365377,12.420583050698042
2026-08-10T16:29:47.053820+00:00,measurement_drift_01,meter_03,152,none,none,none,none,none,none,0.9997169900119619,0.43899907089953744,0,,0,0,drift_not_confirmed,,voltage_rolling_mean=230.658893;source_publish_interval=0.504068,,0.6147909443825483,9.571833070367575,10.204332880675793
2026-08-10T16:29:47.522083+00:00,measurement_drift_01,meter_01,153,none,none,none,unknown,unknown,unknown,0.999714557237819,0.6794495666069219,0,,0,0,drift_not_confirmed,,voltage_rolling_mean=231.644142;source_publish_interval=0.504067,,2.3621669970452785,20.384416915476322,22.781083127483726
2026-08-10T16:29:47.545232+00:00,measurement_drift_01,meter_02,153,none,measurement_shift,random,unknown,unknown,unknown,0.5583061557808507,0.6493589697927193,0,,0,0,drift_not_confirmed,,voltage_rolling_mean=231.450462;source_publish_interval=0.504068,,0.6405829917639494,11.532958131283522,12.192874914035201
2026-08-10T16:29:47.557520+00:00,measurement_drift_01,meter_03,153,none,none,none,none,none,none,0.9993154262694992,0.47832887943617647,0,,0,0,drift_not_confirmed,,voltage_rolling_mean=230.658893;source_publish_interval=0.504068,,0.5468330346047878,9.386165998876095,9.950665989890695
2026-08-10T16:29:48.027391+00:00,measurement_drift_01,meter_01,154,none,none,none,none,none,none,0.9995327620223483,0.5245704618120103,0,,0,0,drift_not_confirmed,,voltage_rolling_mean=231.644142;source_publish_interval=0.504067,,2.139125019311905,22.24062499590218,24.422124959528446
2026-08-10T16:29:48.052168+00:00,measurement_drift_01,meter_02,154,none,measurement_shift,random,unknown,unknown,unknown,0.8740950554468163,0.6417248339500613,0,,0,0,drift_not_confirmed,,voltage_rolling_mean=231.450462;source_publish_interval=0.504068,,0.8317918982356787,11.939834104850888,12.796041090041399
2026-08-10T16:29:48.065106+00:00,measurement_drift_01,meter_03,154,none,none,none,none,none,none,0.9992393403178551,0.447152883144114,0,,0,0,drift_not_confirmed,,voltage_rolling_mean=230.658893;source_publish_interval=0.504068,,0.5693328566849232,9.51945804990828,10.108791058883071
2026-08-10T16:29:48.528360+00:00,measurement_drift_01,meter_01,155,none,none,none,none,none,none,0.9869333175146668,0.49323015526434016,0,,0,0,drift_not_confirmed,,voltage_rolling_mean=231.644142;source_publish_interval=0.504067,,1.3329589273780584,20.9560829680413,22.324834018945694
2026-08-10T16:29:48.550955+00:00,measurement_drift_01,meter_02,155,none,measurement_shift,random,unknown,unknown,unknown,0.9121781188710933,0.6315384292906004,0,,0,0,drift_not_confirmed,,voltage_rolling_mean=231.450462;source_publish_interval=0.504068,,0.8117500692605972,12.408583890646696,13.242667075246572
2026-08-10T16:29:48.564317+00:00,measurement_drift_01,meter_03,155,none,none,none,none,none,none,0.9999525852727582,0.5471981857250461,0,,0,0,drift_not_confirmed,,voltage_rolling_mean=230.658893;source_publish_interval=0.504068,,0.6198750343173742,9.676625020802021,10.317082982510328
2026-08-10T16:29:49.034131+00:00,measurement_drift_01,meter_01,156,none,none,none,none,none,none,0.9974676656179086,0.45918522006499957,0,,0,0,drift_not_confirmed,,voltage_rolling_mean=231.644142;source_publish_interval=0.504067,,2.0042909309267998,22.3947090562433,24.435540894046426
2026-08-10T16:29:49.058911+00:00,measurement_drift_01,meter_02,156,none,measurement_shift,random,random,random,random,0.9868453517965643,0.6284710791349051,0,,0,0,drift_not_confirmed,,voltage_rolling_mean=231.450462;source_publish_interval=0.504068,,0.7945001125335693,11.909165885299444,12.726042186841369
2026-08-10T16:29:49.071754+00:00,measurement_drift_01,meter_03,156,none,none,none,none,none,none,0.9998705496399269,0.4400291054267696,0,,0,0,drift_not_confirmed,,voltage_rolling_mean=230.658893;source_publish_interval=0.504068,,0.5673330742865801,9.511291980743408,10.097583988681436
2026-08-10T16:29:49.538456+00:00,measurement_drift_01,meter_01,157,none,none,none,none,none,none,0.9957129295793967,0.5346386512982984,0,,0,0,drift_not_confirmed,,voltage_rolling_mean=231.644142;source_publish_interval=0.504067,,1.3385829515755177,21.23750001192093,22.61250000447035
2026-08-10T16:29:49.561346+00:00,measurement_drift_01,meter_02,157,none,measurement_shift,random,unknown,unknown,unknown,0.9129975993771705,0.628700893143491,0,,0,0,drift_not_confirmed,,voltage_rolling_mean=231.450462;source_publish_interval=0.504068,,0.820541987195611,12.805333128198981,13.64912511780858
2026-08-10T16:29:49.575130+00:00,measurement_drift_01,meter_03,157,none,none,none,none,none,none,0.9999758274807575,0.4748481114256864,0,,0,0,drift_not_confirmed,,voltage_rolling_mean=230.658893;source_publish_interval=0.504068,,0.6221660878509283,9.960625087842345,10.60120901092887
2026-08-10T16:29:50.044575+00:00,measurement_drift_01,meter_01,158,none,none,none,none,none,none,0.9945107110313697,0.5397156251522021,0,,0,0,drift_not_confirmed,,voltage_rolling_mean=231.644142;source_publish_interval=0.504067,,2.0923330448567867,22.137499880045652,24.268917040899396
2026-08-10T16:29:50.069161+00:00,measurement_drift_01,meter_02,158,none,measurement_shift,random,random,random,random,0.990812916195927,0.628700893143491,0,,0,0,drift_not_confirmed,,voltage_rolling_mean=231.450462;source_publish_interval=0.504068,,0.7827910594642162,11.78466691635549,12.58962508291006
2026-08-10T16:29:50.081865+00:00,measurement_drift_01,meter_03,158,none,none,none,none,none,none,0.9998290408864956,0.44920064617219213,0,,0,0,drift_not_confirmed,,voltage_rolling_mean=230.658893;source_publish_interval=0.504068,,0.5399170331656933,9.42383287474513,9.982000105082989
2026-08-10T16:29:50.546921+00:00,measurement_drift_01,meter_01,159,none,none,none,none,none,none,0.9994593518173575,0.4935519635073687,0,,0,0,drift_not_confirmed,,voltage_rolling_mean=231.644142;source_publish_interval=0.504067,,1.5116669237613678,20.65049996599555,22.20508293248713
2026-08-10T16:29:50.569514+00:00,measurement_drift_01,meter_02,159,none,measurement_shift,random,random,random,random,0.9753511194123753,0.6285591189909757,0,,0,0,drift_not_confirmed,,voltage_rolling_mean=231.450462;source_publish_interval=0.504068,,0.8048329036682844,12.516125105321407,13.343708822503686
2026-08-10T16:29:50.582990+00:00,measurement_drift_01,meter_03,159,none,none,none,none,none,none,0.9999327096155507,0.5254409870850352,0,,0,0,drift_not_confirmed,,voltage_rolling_mean=230.658893;source_publish_interval=0.504068,,0.6144591607153416,10.039667133241892,10.672791860997677
2026-08-10T16:29:51.053072+00:00,measurement_drift_01,meter_01,160,none,none,none,none,none,none,0.9937061985173089,0.4490107579089484,0,,0,0,drift_not_confirmed,,voltage_rolling_mean=231.644142;source_publish_interval=0.504067,,2.0580419804900885,21.955792093649507,24.048499995842576
2026-08-10T16:29:51.077574+00:00,measurement_drift_01,meter_02,160,none,measurement_shift,random,random,random,random,0.9746980735935148,0.6232143445994525,0,,0,0,drift_not_confirmed,,voltage_rolling_mean=231.450462;source_publish_interval=0.504068,,0.8156250696629286,11.865166015923023,12.701709056273103
2026-08-10T16:29:51.090384+00:00,measurement_drift_01,meter_03,160,none,none,none,none,none,none,0.9998456924139636,0.43854017847603505,0,,0,0,drift_not_confirmed,,voltage_rolling_mean=230.658893;source_publish_interval=0.504068,,0.608708942309022,9.480624925345182,10.10750001296401
2026-08-10T16:29:51.557919+00:00,measurement_drift_01,meter_01,161,none,none,none,none,none,none,0.9942560224572701,0.4505429878181759,0,,0,0,drift_not_confirmed,,voltage_rolling_mean=231.644142;source_publish_interval=0.504067,,2.6139169931411743,22.8339578025043,25.48870793543756
2026-08-10T16:29:51.583825+00:00,measurement_drift_01,meter_02,161,none,measurement_shift,random,random,random,random,0.9500851526581594,0.6229793435365922,0,,0,0,drift_not_confirmed,,voltage_rolling_mean=231.450462;source_publish_interval=0.504068,,0.834000064060092,12.187333777546883,13.045249972492456
2026-08-10T16:29:51.597008+00:00,measurement_drift_01,meter_03,161,none,none,none,none,none,none,0.9998933807937292,0.4490235443663136,0,,0,0,drift_not_confirmed,,voltage_rolling_mean=230.658893;source_publish_interval=0.504068,,0.5814169999212027,9.571874979883432,10.172124952077866
2026-08-10T16:29:52.061856+00:00,measurement_drift_01,meter_01,162,none,none,none,none,none,none,0.9761594411120738,0.44575386475233625,0,,0,0,drift_not_confirmed,,voltage_rolling_mean=231.644142;source_publish_interval=0.504067,,2.0405000541359186,22.242374951019883,24.31829203851521
2026-08-10T16:29:52.086447+00:00,measurement_drift_01,meter_02,162,none,measurement_shift,random,random,random,random,0.9640142133923453,0.6228487905641247,0,,0,0,drift_not_confirmed,,voltage_rolling_mean=231.450462;source_publish_interval=0.504068,,0.8149591740220785,11.749708093702793,12.58679199963808
2026-08-10T16:29:52.099149+00:00,measurement_drift_01,meter_03,162,none,none,none,none,none,none,0.9999743711303307,0.4810949819430877,0,,0,0,drift_not_confirmed,,voltage_rolling_mean=230.658893;source_publish_interval=0.504068,,0.5563751328736544,9.404417127370834,9.97891603037715
2026-08-10T16:29:52.567333+00:00,measurement_drift_01,meter_01,163,none,none,none,none,none,none,0.9435375938492521,0.4406807766754931,0,,0,0,drift_not_confirmed,,voltage_rolling_mean=231.644142;source_publish_interval=0.504067,,2.0312080159783363,21.68674999848008,23.75687495805323
2026-08-10T16:29:52.591429+00:00,measurement_drift_01,meter_02,163,none,measurement_shift,random,unknown,unknown,unknown,0.9326090522359228,0.6210238322227626,0,,0,0,drift_not_confirmed,,voltage_rolling_mean=231.450462;source_publish_interval=0.504068,,0.8664580527693033,12.06504087895155,12.955375015735626
2026-08-10T16:29:52.604528+00:00,measurement_drift_01,meter_03,163,none,none,none,none,none,none,0.9999400301525821,0.465309461735291,0,,0,0,drift_not_confirmed,,voltage_rolling_mean=230.658893;source_publish_interval=0.504068,,0.5917919334024191,9.559291182085872,10.169958928599954
2026-08-10T16:29:53.072031+00:00,measurement_drift_01,meter_01,164,none,none,none,none,none,none,0.9859288397222,0.4680883287578079,0,,0,0,drift_not_confirmed,,voltage_rolling_mean=231.644142;source_publish_interval=0.504067,,2.245499985292554,22.05454185605049,24.336084024980664
2026-08-10T16:29:53.096737+00:00,measurement_drift_01,meter_02,164,none,measurement_shift,random,unknown,unknown,unknown,0.8262755173266901,0.6191641807322948,0,,0,0,drift_not_confirmed,,voltage_rolling_mean=231.450462;source_publish_interval=0.504068,,0.793500104919076,11.929415864869952,12.744084000587463
2026-08-10T16:29:53.109591+00:00,measurement_drift_01,meter_03,164,none,none,none,none,none,none,0.9999494147766036,0.46330466650939384,0,,0,0,drift_not_confirmed,,voltage_rolling_mean=230.658893;source_publish_interval=0.504068,,0.6097909063100815,9.459624998271465,10.087167145684361
2026-08-10T16:29:53.577092+00:00,measurement_drift_01,meter_01,165,none,none,none,none,none,none,0.9715538547640165,0.44003410242073765,0,,0,0,drift_not_confirmed,,voltage_rolling_mean=231.644142;source_publish_interval=0.504067,,1.9627080764621496,22.339874878525734,24.338040966540575
2026-08-10T16:29:53.601724+00:00,measurement_drift_01,meter_02,165,none,measurement_shift,random,unknown,unknown,unknown,0.662595035860422,0.6195183426390884,0,,0,0,drift_not_confirmed,,voltage_rolling_mean=231.450462;source_publish_interval=0.504068,,0.8231671527028084,12.035875115543604,12.879834044724703
2026-08-10T16:29:53.614720+00:00,measurement_drift_01,meter_03,165,none,none,none,none,none,none,0.9999098216702962,0.44960841360179016,0,,0,0,drift_not_confirmed,,voltage_rolling_mean=230.658893;source_publish_interval=0.504068,,0.5492907948791981,9.524499997496605,10.09295810945332
2026-08-10T16:29:54.081846+00:00,measurement_drift_01,meter_01,166,none,none,none,none,none,none,0.9949617344726277,0.44901384279306455,0,,0,0,drift_not_confirmed,,voltage_rolling_mean=231.644142;source_publish_interval=0.504067,,2.191790845245123,18.686417024582624,20.906666992232203
2026-08-10T16:29:54.103110+00:00,measurement_drift_01,meter_02,166,none,measurement_shift,none,unknown,unknown,unknown,0.5247911435316558,0.5856601610191101,0,,0,0,drift_not_confirmed,,voltage_rolling_mean=231.450462;source_publish_interval=0.504068,,0.7049997802823782,11.311541078612208,12.035374995321035
2026-08-10T16:29:54.115237+00:00,measurement_drift_01,meter_03,166,none,none,none,none,none,none,0.9998519242252151,0.4565908915381442,0,,0,0,drift_not_confirmed,,voltage_rolling_mean=230.658893;source_publish_interval=0.504068,,0.521583016961813,9.37916710972786,9.918208001181483
2026-08-10T16:29:54.587034+00:00,measurement_drift_01,meter_01,167,none,none,none,none,none,none,0.973059946721967,0.4612965497927276,0,,0,0,drift_not_confirmed,,voltage_rolling_mean=231.644142;source_publish_interval=0.504067,,2.221750095486641,22.47883309610188,24.73508403636515
2026-08-10T16:29:54.612101+00:00,measurement_drift_01,meter_02,167,none,measurement_shift,random,unknown,unknown,unknown,0.5814212611200728,0.5948417225192364,0,,0,0,drift_not_confirmed,,voltage_rolling_mean=231.450462;source_publish_interval=0.504068,,0.8297909516841173,11.880750069394708,12.733000097796321
2026-08-10T16:29:54.624949+00:00,measurement_drift_01,meter_03,167,none,none,none,none,none,none,0.9999438114042232,0.4485475558324697,0,,0,0,drift_not_confirmed,,voltage_rolling_mean=230.658893;source_publish_interval=0.504068,,0.5747911054641008,9.423833107575774,10.016791988164186
2026-08-10T16:29:55.092026+00:00,measurement_drift_01,meter_01,168,none,none,none,none,none,none,0.9875647677217465,0.4510301009262106,0,,0,0,drift_not_confirmed,,voltage_rolling_mean=231.644142;source_publish_interval=0.504067,,2.274084137752652,22.29462517425418,24.600165896117687
2026-08-10T16:29:55.117000+00:00,measurement_drift_01,meter_02,168,none,measurement_shift,none,unknown,unknown,unknown,0.8012355771193708,0.6056288877813208,0,,0,0,drift_not_confirmed,,voltage_rolling_mean=231.450462;source_publish_interval=0.504068,,0.7079171482473612,11.8923329282552,12.62195804156363
2026-08-10T16:29:55.129726+00:00,measurement_drift_01,meter_03,168,none,none,none,none,none,none,0.9999724702994415,0.4863121696347488,0,,0,0,drift_not_confirmed,,voltage_rolling_mean=230.658893;source_publish_interval=0.504068,,0.5721249617636204,9.474708931520581,10.06437512114644
2026-08-10T16:29:55.595692+00:00,measurement_drift_01,meter_01,169,none,none,none,none,none,none,0.9719330575919608,0.5852103931788786,0,,0,0,drift_not_confirmed,,voltage_rolling_mean=231.644142;source_publish_interval=0.504067,,1.207459019497037,22.81262492761016,24.053750094026327
2026-08-10T16:29:55.620068+00:00,measurement_drift_01,meter_02,169,none,measurement_shift,none,unknown,unknown,unknown,0.9059892865808761,0.5562237762955599,0,,0,0,drift_not_confirmed,,voltage_rolling_mean=231.450462;source_publish_interval=0.504068,,0.8557911496609449,11.927083134651184,12.804375030100346
2026-08-10T16:29:55.632998+00:00,measurement_drift_01,meter_03,169,none,none,none,none,none,none,0.9999850080099468,0.4476377581438845,0,,0,0,drift_not_confirmed,,voltage_rolling_mean=230.658893;source_publish_interval=0.504068,,0.5826670676469803,9.600415825843811,10.201999917626381
2026-08-10T16:29:56.100384+00:00,measurement_drift_01,meter_01,170,none,none,none,none,none,none,0.9803339970822901,0.44758979196611187,0,,0,0,drift_not_confirmed,,voltage_rolling_mean=231.644142;source_publish_interval=0.504067,,2.488916041329503,22.26716699078679,24.790583876892924
2026-08-10T16:29:56.125537+00:00,measurement_drift_01,meter_02,170,none,measurement_shift,none,none,none,none,0.9869500028599292,0.5325663435951841,0,,0,0,drift_not_confirmed,,voltage_rolling_mean=231.450462;source_publish_interval=0.504068,,0.828874995931983,11.926041916012764,12.777167139574885
2026-08-10T16:29:56.138409+00:00,measurement_drift_01,meter_03,170,none,none,none,none,none,none,0.9999782605163156,0.45291709470379066,0,,0,0,drift_not_confirmed,,voltage_rolling_mean=230.658893;source_publish_interval=0.504068,,0.5537918768823147,9.559249971061945,10.131709044799209
2026-08-10T16:29:56.606282+00:00,measurement_drift_01,meter_01,171,none,none,none,none,none,none,0.944839918411404,0.4426127646319514,0,,0,0,drift_not_confirmed,,voltage_rolling_mean=231.644142;source_publish_interval=0.504067,,2.0060420501977205,21.761500043794513,23.801750037819147
2026-08-10T16:29:56.630347+00:00,measurement_drift_01,meter_02,171,none,measurement_shift,none,none,none,none,0.9970696233922214,0.5331265011877999,0,,0,0,drift_not_confirmed,,voltage_rolling_mean=231.450462;source_publish_interval=0.504068,,0.7997080683708191,11.7591661401093,12.580333044752479
2026-08-10T16:29:56.643029+00:00,measurement_drift_01,meter_03,171,none,none,none,none,none,none,0.9999934826097969,0.44899673991843103,0,,0,0,drift_not_confirmed,,voltage_rolling_mean=230.658893;source_publish_interval=0.504068,,0.4974580369889736,9.526917012408376,10.042167035862803
2026-08-10T16:29:57.107751+00:00,measurement_drift_01,meter_01,172,none,none,none,none,none,none,0.9960946062741163,0.49436537984713136,0,,0,0,drift_not_confirmed,,voltage_rolling_mean=231.644142;source_publish_interval=0.504067,,2.201833063736558,22.51641685143113,24.753374978899956
2026-08-10T16:29:57.132924+00:00,measurement_drift_01,meter_02,172,none,measurement_shift,none,none,none,none,0.9985067996679553,0.5308231844628433,0,,0,0,drift_not_confirmed,,voltage_rolling_mean=231.450462;source_publish_interval=0.504068,,0.8407500572502613,11.964207980781794,12.829041806980968
2026-08-10T16:29:57.145885+00:00,measurement_drift_01,meter_03,172,none,none,none,none,none,none,0.9999866208640065,0.47432125444728823,0,,0,0,drift_not_confirmed,,voltage_rolling_mean=230.658893;source_publish_interval=0.504068,,0.5303749348968267,9.66520793735981,10.215041926130652
2026-08-10T16:29:57.608598+00:00,measurement_drift_01,meter_01,173,none,none,none,none,none,none,0.995365064370624,0.48085200361811314,0,,0,0,drift_not_confirmed,,voltage_rolling_mean=231.644142;source_publish_interval=0.504067,,2.489625010639429,22.3024170845747,24.829000001773238
2026-08-10T16:29:57.633780+00:00,measurement_drift_01,meter_02,173,none,measurement_shift,none,none,none,none,0.9992055353356821,0.5327508073548454,0,,0,0,drift_not_confirmed,,voltage_rolling_mean=231.450462;source_publish_interval=0.504068,,0.8067919407039881,11.818540981039405,12.647541938349605
2026-08-10T16:29:57.646525+00:00,measurement_drift_01,meter_03,173,none,none,none,none,none,none,0.9999816121331407,0.45317848574778496,0,,0,0,drift_not_confirmed,,voltage_rolling_mean=230.658893;source_publish_interval=0.504068,,0.5409580189734697,9.432082995772362,9.99133288860321
2026-08-10T16:29:58.113688+00:00,measurement_drift_01,meter_01,174,none,none,none,none,none,none,0.9622496585301817,0.43254220704787366,0,,0,0,drift_not_confirmed,,voltage_rolling_mean=231.644142;source_publish_interval=0.504067,,2.789582824334502,18.619917100295424,21.445374935865402
2026-08-10T16:29:58.135533+00:00,measurement_drift_01,meter_02,174,none,measurement_shift,none,none,none,none,0.9990576085801551,0.5459838251008944,0,,0,0,drift_not_confirmed,,voltage_rolling_mean=231.450462;source_publish_interval=0.504068,,0.7182920817285776,11.20620802976191,11.946791084483266
2026-08-10T16:29:58.147584+00:00,measurement_drift_01,meter_03,174,none,none,none,none,none,none,0.9994485395784721,0.49637522558807684,0,,0,0,drift_not_confirmed,,voltage_rolling_mean=230.658893;source_publish_interval=0.504068,,0.5331661086529493,9.370290907099843,9.922583820298314
2026-08-10T16:29:58.615840+00:00,measurement_drift_01,meter_01,175,none,none,none,none,none,none,0.9931067647971219,0.4401914151302548,0,,0,0,drift_not_confirmed,,voltage_rolling_mean=231.644142;source_publish_interval=0.504067,,2.727417042478919,22.19404117204249,24.957708083093166
2026-08-10T16:29:58.641144+00:00,measurement_drift_01,meter_02,175,none,measurement_shift,none,none,none,none,0.9989705289829911,0.5331967781819299,0,,0,0,drift_not_confirmed,,voltage_rolling_mean=231.450462;source_publish_interval=0.504068,,0.7594998460263014,11.75016607157886,12.531833024695516
2026-08-10T16:29:58.653774+00:00,measurement_drift_01,meter_03,175,none,none,none,none,none,none,0.9999785231582282,0.45623528772513805,0,,0,0,drift_not_confirmed,,voltage_rolling_mean=230.658893;source_publish_interval=0.504068,,0.6039589643478394,9.622750105336308,10.24487498216331
2026-08-10T16:29:59.120865+00:00,measurement_drift_01,meter_01,176,none,none,none,none,none,none,0.970336650101353,0.5135954707727978,0,,0,0,drift_not_confirmed,,voltage_rolling_mean=231.644142;source_publish_interval=0.504067,,2.5288749020546675,18.75624991953373,21.320000058040023
2026-08-10T16:29:59.142544+00:00,measurement_drift_01,meter_02,176,none,measurement_shift,none,none,none,none,0.9994097620959885,0.5431188733776439,0,,0,0,drift_not_confirmed,,voltage_rolling_mean=231.450462;source_publish_interval=0.504068,,0.7426249794661999,11.509125120937824,12.27170811034739
2026-08-10T16:29:59.154904+00:00,measurement_drift_01,meter_03,176,none,none,none,none,none,none,0.9999984562404933,0.4880229589070659,0,,0,0,drift_not_confirmed,,voltage_rolling_mean=230.658893;source_publish_interval=0.504068,,0.5356660112738609,9.526625042781234,10.080625070258975
2026-08-10T16:29:59.625012+00:00,measurement_drift_01,meter_01,177,none,none,none,none,none,none,0.9981936413864414,0.466588936227207,0,,0,0,drift_not_confirmed,,voltage_rolling_mean=231.644142;source_publish_interval=0.504067,,2.0554999355226755,21.5209589805454,23.61441613174975
2026-08-10T16:29:59.648978+00:00,measurement_drift_01,meter_02,177,none,measurement_shift,none,none,none,none,0.9991382089303306,0.5390850905103781,0,,0,0,drift_not_confirmed,,voltage_rolling_mean=231.450462;source_publish_interval=0.504068,,0.7416671141982079,11.729415971785784,12.50050007365644
2026-08-10T16:29:59.661590+00:00,measurement_drift_01,meter_03,177,none,none,none,none,none,none,0.9999982630873618,0.5027251776955716,0,,0,0,drift_not_confirmed,,voltage_rolling_mean=230.658893;source_publish_interval=0.504068,,0.5211250390857458,9.427416138350964,9.967959020286798
2026-08-10T16:30:00.126864+00:00,measurement_drift_01,meter_01,178,none,none,none,none,none,none,0.9952317093732225,0.4450509608916482,0,,0,0,drift_not_confirmed,,voltage_rolling_mean=231.644142;source_publish_interval=0.504067,,2.6007911656051874,19.365833140909672,21.99795818887651
2026-08-10T16:30:00.149209+00:00,measurement_drift_01,meter_02,178,none,measurement_shift,none,none,none,none,0.9997303031280704,0.5592486126493482,0,,0,0,drift_not_confirmed,,voltage_rolling_mean=231.450462;source_publish_interval=0.504068,,0.7062498480081558,11.59054203890264,12.3194579500705
2026-08-10T16:30:00.161635+00:00,measurement_drift_01,meter_03,178,none,none,none,none,none,none,0.9999959290707678,0.47240391455912817,0,,0,0,drift_not_confirmed,,voltage_rolling_mean=230.658893;source_publish_interval=0.504068,,0.5698748864233494,9.441290982067585,10.030000004917383
2026-08-10T16:30:00.631813+00:00,measurement_drift_01,meter_01,179,none,none,none,none,none,none,0.9924265162364826,0.4395703323295618,0,,0,0,drift_not_confirmed,,voltage_rolling_mean=231.644142;source_publish_interval=0.504067,,2.8497499879449606,17.66616594977677,20.552749978378415
2026-08-10T16:30:00.652711+00:00,measurement_drift_01,meter_02,179,none,measurement_shift,none,none,none,none,0.9997158237061655,0.5512624296245316,0,,0,0,drift_not_confirmed,,voltage_rolling_mean=231.450462;source_publish_interval=0.504068,,0.7098750211298466,11.229041963815689,11.95791712962091
2026-08-10T16:30:00.664751+00:00,measurement_drift_01,meter_03,179,none,none,none,none,none,none,0.9999993790276197,0.5893406641936161,0,,0,0,drift_not_confirmed,,voltage_rolling_mean=230.658893;source_publish_interval=0.504068,,0.5105829332023859,9.452041937038302,9.980290895327926
2026-08-10T16:30:01.135619+00:00,measurement_drift_01,meter_01,180,none,none,none,none,none,none,0.986192522557334,0.5016525294821494,0,,0,0,drift_not_confirmed,,voltage_rolling_mean=231.644142;source_publish_interval=0.504067,,2.0696658175438643,20.956833148375154,23.061083862558007
2026-08-10T16:30:01.159003+00:00,measurement_drift_01,meter_02,180,none,measurement_shift,none,none,none,none,0.9997258630027743,0.5374044440517954,0,,0,0,drift_not_confirmed,,voltage_rolling_mean=231.450462;source_publish_interval=0.504068,,0.8143328595906496,11.737791122868657,12.57237489335239
2026-08-10T16:30:01.171674+00:00,measurement_drift_01,meter_03,180,none,none,none,none,none,none,0.9999968566394675,0.4394857001608383,0,,0,0,drift_not_confirmed,,voltage_rolling_mean=230.658893;source_publish_interval=0.504068,,0.5139170680195093,9.436124935746193,9.968082886189222
2026-08-10T16:30:01.640626+00:00,measurement_drift_01,meter_01,181,none,none,none,none,none,none,0.9974392085323749,0.4381487421490867,0,,0,0,drift_not_confirmed,,voltage_rolling_mean=231.644142;source_publish_interval=0.504067,,2.600874984636903,19.542207941412926,22.171500138938427
2026-08-10T16:30:01.663117+00:00,measurement_drift_01,meter_02,181,none,measurement_shift,none,none,none,none,0.99964193583391,0.5512037577228251,0,,0,0,drift_not_confirmed,,voltage_rolling_mean=231.450462;source_publish_interval=0.504068,,0.7018328178673983,11.469125049188733,12.192790862172842
2026-08-10T16:30:01.675394+00:00,measurement_drift_01,meter_03,181,none,none,none,none,none,none,0.9999981490750165,0.4561607282348125,0,,0,0,drift_not_confirmed,,voltage_rolling_mean=230.658893;source_publish_interval=0.504068,,0.5453340709209442,9.457499952986836,10.020791785791516
2026-08-10T16:30:02.145960+00:00,measurement_drift_01,meter_01,182,none,none,none,none,none,none,0.9997974716268324,0.5092186020995101,0,,0,0,drift_not_confirmed,,voltage_rolling_mean=231.644142;source_publish_interval=0.504067,,2.792790997773409,18.89125001616776,21.713125053793192
2026-08-10T16:30:02.168008+00:00,measurement_drift_01,meter_02,182,none,measurement_shift,none,none,none,none,0.9996972763885148,0.5355141217417201,0,,0,0,drift_not_confirmed,,voltage_rolling_mean=231.450462;source_publish_interval=0.504068,,0.7156659848988056,11.335874907672405,12.072124984115362
2026-08-10T16:30:02.180175+00:00,measurement_drift_01,meter_03,182,none,none,none,none,none,none,0.9999978623708137,0.46911250891875395,0,,0,0,drift_not_confirmed,,voltage_rolling_mean=230.658893;source_publish_interval=0.504068,,0.5229581147432327,9.383334079757333,9.924416895955801
2026-08-10T16:30:02.647429+00:00,measurement_drift_01,meter_01,183,none,none,none,unknown,unknown,unknown,0.9999174061287749,0.610313473760464,0,,0,0,drift_not_confirmed,,voltage_rolling_mean=231.644142;source_publish_interval=0.504067,,2.0444581750780344,21.859042113646865,23.94300000742078
2026-08-10T16:30:02.671680+00:00,measurement_drift_01,meter_02,183,none,measurement_shift,none,none,none,none,0.9998995594452739,0.541204628145815,0,,0,0,drift_not_confirmed,,voltage_rolling_mean=231.450462;source_publish_interval=0.504068,,0.8590419311076403,11.922582983970642,12.802874902263284
2026-08-10T16:30:02.684579+00:00,measurement_drift_01,meter_03,183,none,none,none,none,none,none,0.9999963387206008,0.43898442017330996,0,,0,0,drift_not_confirmed,,voltage_rolling_mean=230.658893;source_publish_interval=0.504068,,0.5349579732865095,9.55470884218812,10.107292095199227
2026-08-10T16:30:03.152038+00:00,measurement_drift_01,meter_01,184,none,none,none,none,none,none,0.9991104354143002,0.4632146759165232,0,,0,0,drift_not_confirmed,,voltage_rolling_mean=231.644142;source_publish_interval=0.504067,,1.9973339512944221,22.28266606107354,24.32108297944069
2026-08-10T16:30:03.176759+00:00,measurement_drift_01,meter_02,184,none,measurement_shift,none,none,none,none,0.9999022559882421,0.5379587892907554,0,,0,0,drift_not_confirmed,,voltage_rolling_mean=231.450462;source_publish_interval=0.504068,,0.9115829598158598,12.107957853004336,13.039291836321354
2026-08-10T16:30:03.189908+00:00,measurement_drift_01,meter_03,184,none,none,none,none,none,none,0.9999983928884613,0.4514449380385987,0,,0,0,drift_not_confirmed,,voltage_rolling_mean=230.658893;source_publish_interval=0.504068,,0.5281658377498388,9.535165969282389,10.081999935209751
2026-08-10T16:30:03.652460+00:00,measurement_drift_01,meter_01,185,none,none,none,none,none,none,0.999182119890037,0.45519637782619293,0,,0,0,drift_not_confirmed,,voltage_rolling_mean=231.644142;source_publish_interval=0.504067,,2.385375089943409,19.33575002476573,21.751165855675936
2026-08-10T16:30:03.674557+00:00,measurement_drift_01,meter_02,185,none,measurement_shift,none,none,none,none,0.9999442551638672,0.5428179865776546,0,,0,0,drift_not_confirmed,,voltage_rolling_mean=231.450462;source_publish_interval=0.504068,,0.716333044692874,11.592792114242911,12.331332778558135
2026-08-10T16:30:03.686980+00:00,measurement_drift_01,meter_03,185,none,none,none,none,none,none,0.9999991815072633,0.48122893978107806,0,,0,0,drift_not_confirmed,,voltage_rolling_mean=230.658893;source_publish_interval=0.504068,,0.5568750202655792,9.531040908768773,10.106083005666733
2026-08-10T16:30:04.157422+00:00,measurement_drift_01,meter_01,186,none,none,none,none,none,none,0.9991615368802769,0.43887395937244006,0,,0,0,drift_not_confirmed,,voltage_rolling_mean=231.644142;source_publish_interval=0.504067,,1.9747500773519278,21.696625044569373,23.70629203505814
2026-08-10T16:30:04.181418+00:00,measurement_drift_01,meter_02,186,none,measurement_shift,none,none,none,none,0.9998308212876733,0.5379317893441846,0,,0,0,drift_not_confirmed,,voltage_rolling_mean=231.450462;source_publish_interval=0.504068,,0.8294580038636923,11.93699985742569,12.788250111043453
2026-08-10T16:30:04.194308+00:00,measurement_drift_01,meter_03,186,none,none,none,none,none,none,0.9999922686484833,0.434579212212349,0,,0,0,drift_not_confirmed,,voltage_rolling_mean=230.658893;source_publish_interval=0.504068,,0.5264999344944954,9.546374902129173,10.090958094224334
2026-08-10T16:30:04.658260+00:00,measurement_drift_01,meter_01,187,none,none,none,none,none,none,0.9996823755348805,0.4647099604108002,0,,0,0,drift_not_confirmed,,voltage_rolling_mean=231.644142;source_publish_interval=0.504067,,2.0435000769793987,21.901666885241866,23.978959070518613
2026-08-10T16:30:04.682511+00:00,measurement_drift_01,meter_02,187,none,measurement_shift,none,none,none,none,0.9998511127390525,0.5535037141940521,0,,0,0,drift_not_confirmed,,voltage_rolling_mean=231.450462;source_publish_interval=0.504068,,0.8303748909384012,12.15991610661149,13.013374991714954
2026-08-10T16:30:04.695621+00:00,measurement_drift_01,meter_03,187,none,none,none,none,none,none,0.9999985547251302,0.43891678900963416,0,,0,0,drift_not_confirmed,,voltage_rolling_mean=230.658893;source_publish_interval=0.504068,,0.5385840777307749,9.405125165358186,9.961459087207913
2026-08-10T16:30:05.163206+00:00,measurement_drift_01,meter_01,188,none,none,none,none,none,none,0.9998579177962075,0.47085138843112206,0,,0,0,drift_not_confirmed,,voltage_rolling_mean=231.644142;source_publish_interval=0.504067,,1.9482080824673176,21.829166915267706,23.813958978280425
2026-08-10T16:30:05.187341+00:00,measurement_drift_01,meter_02,188,none,measurement_shift,none,none,none,none,0.9997982293006321,0.5424047509228328,0,,0,0,drift_not_confirmed,,voltage_rolling_mean=231.450462;source_publish_interval=0.504068,,0.7535840850323439,11.979459086433053,12.754791881889105
2026-08-10T16:30:05.200203+00:00,measurement_drift_01,meter_03,188,none,none,none,none,none,none,0.9999969746638713,0.5944030052585964,0,,0,0,drift_not_confirmed,,voltage_rolling_mean=230.658893;source_publish_interval=0.504068,,0.5810828879475594,9.538040962070227,10.136916069313884
2026-08-10T16:30:05.666978+00:00,measurement_drift_01,meter_01,189,none,none,none,none,none,none,0.9998921896526571,0.4772176364170092,0,,0,0,drift_not_confirmed,,voltage_rolling_mean=231.644142;source_publish_interval=0.504067,,1.639125170186162,22.017542039975524,23.69370893575251
2026-08-10T16:30:05.690963+00:00,measurement_drift_01,meter_02,189,none,measurement_shift,none,none,none,none,0.9999005085364724,0.551304059370443,0,,0,0,drift_not_confirmed,,voltage_rolling_mean=231.450462;source_publish_interval=0.504068,,0.8557499386370182,12.166458880528808,13.043999904766679
2026-08-10T16:30:05.704111+00:00,measurement_drift_01,meter_03,189,none,none,none,none,none,none,0.9999982882647033,0.4433953663170404,0,,0,0,drift_not_confirmed,,voltage_rolling_mean=230.658893;source_publish_interval=0.504068,,0.5878338124603033,9.535916848108172,10.141375008970499
2026-08-10T16:30:06.172637+00:00,measurement_drift_01,meter_01,190,none,none,none,none,none,none,0.9992609202414907,0.4393008385203049,0,,0,0,drift_not_confirmed,,voltage_rolling_mean=231.644142;source_publish_interval=0.504067,,2.026500180363655,21.44866599701345,23.512165993452072
2026-08-10T16:30:06.196461+00:00,measurement_drift_01,meter_02,190,none,measurement_shift,none,none,none,none,0.9999435112770757,0.5384243985325671,0,,0,0,drift_not_confirmed,,voltage_rolling_mean=231.450462;source_publish_interval=0.504068,,0.7483749650418758,11.649708962067962,12.420207960531116
2026-08-10T16:30:06.208983+00:00,measurement_drift_01,meter_03,190,none,none,none,none,none,none,0.9999989593552567,0.5165307513665757,0,,0,0,drift_not_confirmed,,voltage_rolling_mean=230.658893;source_publish_interval=0.504068,,0.5840000230818987,9.630332933738828,10.232958011329174
2026-08-10T16:30:06.674912+00:00,measurement_drift_01,meter_01,191,none,none,none,none,none,none,0.9999493422792831,0.5069743939346142,0,,0,0,drift_not_confirmed,,voltage_rolling_mean=231.644142;source_publish_interval=0.504067,,2.41295900195837,15.95087512396276,18.398167099803686
2026-08-10T16:30:06.693671+00:00,measurement_drift_01,meter_02,191,none,measurement_shift,none,none,none,none,0.9999818494111568,0.5416140679630318,0,,0,0,drift_not_confirmed,,voltage_rolling_mean=231.450462;source_publish_interval=0.504068,,0.734084052965045,10.6819998472929,11.435291962698102
2026-08-10T16:30:06.705200+00:00,measurement_drift_01,meter_03,191,none,none,none,none,none,none,0.9999920590986031,0.4524197669145404,0,,0,0,drift_not_confirmed,,voltage_rolling_mean=230.658893;source_publish_interval=0.504068,,0.5212081596255302,9.278958896175027,9.816708974540234
2026-08-10T16:30:07.176164+00:00,measurement_drift_01,meter_01,192,none,none,none,none,none,none,0.9998665370448824,0.4915214698727208,0,,0,0,drift_not_confirmed,,voltage_rolling_mean=231.644142;source_publish_interval=0.504067,,2.034124918282032,22.16662489809096,24.23691703006625
2026-08-10T16:30:07.200719+00:00,measurement_drift_01,meter_02,192,none,measurement_shift,none,none,none,none,0.9998187718227605,0.5639365916572722,0,,0,0,drift_not_confirmed,,voltage_rolling_mean=231.450462;source_publish_interval=0.504068,,0.8535841479897499,11.938040843233466,12.81454204581678
2026-08-10T16:30:07.213639+00:00,measurement_drift_01,meter_03,192,none,none,none,none,none,none,0.9999949359004225,0.43095600053207317,0,,0,0,drift_not_confirmed,,voltage_rolling_mean=230.658893;source_publish_interval=0.504068,,0.5332909058779478,9.367791004478931,9.91891697049141
2026-08-10T16:30:07.680441+00:00,measurement_drift_01,meter_01,193,none,none,none,none,none,none,0.9996117214001096,0.5048852549099343,0,,0,0,drift_not_confirmed,,voltage_rolling_mean=231.644142;source_publish_interval=0.504067,,2.129750093445182,19.30054184049368,21.481249947100878
2026-08-10T16:30:07.702369+00:00,measurement_drift_01,meter_02,193,none,measurement_shift,none,none,none,none,0.9999809613648911,0.6076086225851225,0,,0,0,drift_not_confirmed,,voltage_rolling_mean=231.450462;source_publish_interval=0.504068,,0.8380000945180655,11.725332820788026,12.58662506006658
2026-08-10T16:30:07.715077+00:00,measurement_drift_01,meter_03,193,none,none,none,none,none,none,0.9999992982935885,0.49104863535541504,0,,0,0,drift_not_confirmed,,voltage_rolling_mean=230.658893;source_publish_interval=0.504068,,0.5160830914974213,9.493958903476596,10.02704189158976
2026-08-10T16:30:08.182766+00:00,measurement_drift_01,meter_01,194,none,none,none,none,none,none,0.9999402021759166,0.44720921178517403,0,,0,0,drift_not_confirmed,,voltage_rolling_mean=231.644142;source_publish_interval=0.504067,,2.307875081896782,22.31837483122945,24.674125015735626
2026-08-10T16:30:08.207860+00:00,measurement_drift_01,meter_02,194,none,measurement_shift,none,none,none,none,0.9999117225607589,0.5384309164209532,0,,0,0,drift_not_confirmed,,voltage_rolling_mean=231.450462;source_publish_interval=0.504068,,0.9447499178349972,12.346042087301612,13.316709082573652
2026-08-10T16:30:08.221323+00:00,measurement_drift_01,meter_03,194,none,none,none,none,none,none,0.9999766975759321,0.4386692851439802,0,,0,0,drift_not_confirmed,,voltage_rolling_mean=230.658893;source_publish_interval=0.504068,,0.5388751160353422,9.723792085424066,10.28325012885034
2026-08-10T16:30:08.687756+00:00,measurement_drift_01,meter_01,195,none,none,none,none,none,none,0.9999349647205575,0.4728059148052459,0,,0,0,drift_not_confirmed,,voltage_rolling_mean=231.644142;source_publish_interval=0.504067,,2.7170421089977026,18.325666896998882,21.079041995108128
2026-08-10T16:30:08.709184+00:00,measurement_drift_01,meter_02,195,none,measurement_shift,none,none,none,none,0.9999565835036691,0.5796791990245787,0,,0,0,drift_not_confirmed,,voltage_rolling_mean=231.450462;source_publish_interval=0.504068,,0.7720829453319311,11.335040908306837,12.126458110287786
2026-08-10T16:30:08.721399+00:00,measurement_drift_01,meter_03,195,none,none,none,none,none,none,0.9999986478840498,0.4404343542986781,0,,0,0,drift_not_confirmed,,voltage_rolling_mean=230.658893;source_publish_interval=0.504068,,0.5029160529375076,9.360708063468337,9.88104217685759
2026-08-10T16:30:09.192621+00:00,measurement_drift_01,meter_01,196,none,none,none,none,none,none,0.9997629069497013,0.44052195188313237,0,,0,0,drift_not_confirmed,,voltage_rolling_mean=231.644142;source_publish_interval=0.504067,,2.6170830242335796,18.485457869246602,21.13679191097617
2026-08-10T16:30:09.214142+00:00,measurement_drift_01,meter_02,196,none,measurement_shift,none,none,none,none,0.9999072804973138,0.5396079764989102,0,,0,0,drift_not_confirmed,,voltage_rolling_mean=231.450462;source_publish_interval=0.504068,,0.7625829894095659,11.303917039185762,12.086540926247835
2026-08-10T16:30:09.226323+00:00,measurement_drift_01,meter_03,196,none,none,none,none,none,none,0.9999923257992818,0.4629897334842151,0,,0,0,drift_not_confirmed,,voltage_rolling_mean=230.658893;source_publish_interval=0.504068,,0.5064159631729126,9.365708101540804,9.889792185276747
2026-08-10T16:30:09.696194+00:00,measurement_drift_01,meter_01,197,none,none,none,none,none,none,0.9998753004027527,0.4522911185270472,0,,0,0,drift_not_confirmed,,voltage_rolling_mean=231.644142;source_publish_interval=0.504067,,2.6144159492105246,22.40416593849659,25.05704201757908
2026-08-10T16:30:09.721632+00:00,measurement_drift_01,meter_02,197,none,measurement_shift,none,none,none,normal_drift,0.9999702815534605,0.5645136064304782,1,voltage_rolling_mean,1,0,collecting_candidates;drift_not_confirmed,voltage_rolling_mean,voltage_rolling_mean=231.450462;source_publish_interval=0.504068,voltage_rolling_mean,0.7804168853908777,12.1007498819381,12.912875041365623
2026-08-10T16:30:09.734665+00:00,measurement_drift_01,meter_03,197,none,none,none,none,none,none,0.9999986982796057,0.44388471754772185,0,,0,0,drift_not_confirmed,,voltage_rolling_mean=230.658893;source_publish_interval=0.504068,,0.5701659247279167,9.615540970116854,10.203415993601084
2026-08-10T16:30:10.201392+00:00,measurement_drift_01,meter_01,198,none,none,none,none,none,none,0.9999635015740851,0.4671458456455394,0,,0,0,drift_not_confirmed,,voltage_rolling_mean=231.644142;source_publish_interval=0.504067,,3.134417114779353,17.12058298289776,20.306749967858195
2026-08-10T16:30:10.222119+00:00,measurement_drift_01,meter_02,198,none,measurement_shift,none,none,none,normal_drift,0.999964266734263,0.5415169767781428,0,,1,0,collecting_candidates;drift_not_confirmed,voltage_rolling_mean,voltage_rolling_mean=231.450462;source_publish_interval=0.504068,voltage_rolling_mean,0.8304999209940434,11.079707881435752,11.933583999052644
2026-08-10T16:30:10.234173+00:00,measurement_drift_01,meter_03,198,none,none,none,none,none,none,0.9999681347451965,0.46303596983451445,0,,0,0,drift_not_confirmed,,voltage_rolling_mean=230.658893;source_publish_interval=0.504068,,0.5172500386834145,9.233749937266111,9.768540970981121
2026-08-10T16:30:10.706360+00:00,measurement_drift_01,meter_01,199,none,none,none,none,none,none,0.9999402912814835,0.476244158451098,0,,0,0,drift_not_confirmed,,voltage_rolling_mean=231.644142;source_publish_interval=0.504067,,2.1989168599247932,22.03495893627405,24.275209056213498
2026-08-10T16:30:10.731058+00:00,measurement_drift_01,meter_02,199,none,measurement_shift,none,none,none,normal_drift,0.9999799160572342,0.58337499098466,0,,1,0,collecting_candidates;drift_not_confirmed,voltage_rolling_mean,voltage_rolling_mean=231.450462;source_publish_interval=0.504068,voltage_rolling_mean,0.7745421025902033,12.053917162120342,12.853957945480943
2026-08-10T16:30:10.744027+00:00,measurement_drift_01,meter_03,199,none,none,none,none,none,none,0.9999909038505994,0.4573603904341024,0,,0,0,drift_not_confirmed,,voltage_rolling_mean=230.658893;source_publish_interval=0.504068,,0.5652080290019512,9.54495812766254,10.129292029887438
2026-08-10T16:30:11.211386+00:00,measurement_drift_01,meter_01,200,none,none,none,none,none,none,0.9999252700652874,0.46869789782497423,0,,0,0,drift_not_confirmed,,voltage_rolling_mean=231.644142;source_publish_interval=0.504067,,2.068375004455447,22.620749892666936,24.73283396102488
2026-08-10T16:30:11.236494+00:00,measurement_drift_01,meter_02,200,none,measurement_shift,none,none,none,normal_drift,0.9999754097001882,0.6045343106286147,0,,1,0,collecting_candidates;drift_not_confirmed,voltage_rolling_mean,voltage_rolling_mean=231.450462;source_publish_interval=0.504068,voltage_rolling_mean,0.8624580223113298,12.15349999256432,13.041290920227766
2026-08-10T16:30:11.249668+00:00,measurement_drift_01,meter_03,200,none,none,none,none,none,none,0.9999990834371376,0.5368636597104585,0,,0,0,drift_not_confirmed,,voltage_rolling_mean=230.658893;source_publish_interval=0.504068,,0.5252908449620008,9.542082902044058,10.086833965033293
2026-08-10T16:30:11.716463+00:00,measurement_drift_01,meter_01,201,none,none,none,none,none,none,0.9999565580636706,0.4479128001485904,0,,0,0,drift_not_confirmed,,voltage_rolling_mean=231.644142;source_publish_interval=0.504067,,1.9335420802235603,21.466832840815187,23.44633312895894
2026-08-10T16:30:11.740244+00:00,measurement_drift_01,meter_02,201,none,measurement_shift,none,none,none,normal_drift,0.9999477616516476,0.5431188733776439,0,,1,0,collecting_candidates;drift_not_confirmed,voltage_rolling_mean,voltage_rolling_mean=231.450462;source_publish_interval=0.504068,voltage_rolling_mean,0.7472080178558826,11.85245905071497,12.621917063370347
2026-08-10T16:30:11.752979+00:00,measurement_drift_01,meter_03,201,none,none,none,none,none,none,0.9999993841277335,0.4515101330341487,0,,0,0,drift_not_confirmed,,voltage_rolling_mean=230.658893;source_publish_interval=0.504068,,0.5217911675572395,9.576208190992475,10.119083803147078
2026-08-10T16:30:12.220684+00:00,measurement_drift_01,meter_01,202,none,none,none,none,none,none,0.9999855928453776,0.481165486415348,0,,0,0,drift_not_confirmed,,voltage_rolling_mean=231.644142;source_publish_interval=0.504067,,1.9353751558810472,22.36016606912017,24.333124980330467
2026-08-10T16:30:12.245323+00:00,measurement_drift_01,meter_02,202,none,measurement_shift,none,none,none,normal_drift,0.999968152509728,0.5735920687015825,0,,1,0,collecting_candidates;drift_not_confirmed,voltage_rolling_mean,voltage_rolling_mean=231.450462;source_publish_interval=0.504068,voltage_rolling_mean,0.8392499294131994,11.92025002092123,12.783292215317488
2026-08-10T16:30:12.258226+00:00,measurement_drift_01,meter_03,202,none,none,none,none,none,none,0.9999983908050094,0.5782521122487377,0,,0,0,drift_not_confirmed,,voltage_rolling_mean=230.658893;source_publish_interval=0.504068,,0.5141249857842922,9.509584167972207,10.042167035862803
2026-08-10T16:30:12.724924+00:00,measurement_drift_01,meter_01,203,none,none,none,none,none,none,0.9995888647092822,0.4950706073050894,0,,0,0,drift_not_confirmed,,voltage_rolling_mean=231.644142;source_publish_interval=0.504067,,2.242916962131858,18.93904199823737,21.22208382934332
2026-08-10T16:30:12.746581+00:00,measurement_drift_01,meter_02,203,none,measurement_shift,none,none,none,normal_drift,0.9999856886758035,0.5522849189112955,0,,1,0,collecting_candidates;drift_not_confirmed,voltage_rolling_mean,voltage_rolling_mean=231.450462;source_publish_interval=0.504068,voltage_rolling_mean,0.8217080030590296,11.580834165215492,12.428791960701346
2026-08-10T16:30:12.759146+00:00,measurement_drift_01,meter_03,203,none,none,none,none,none,none,0.9999992171193838,0.4408109212143466,0,,0,0,drift_not_confirmed,,voltage_rolling_mean=230.658893;source_publish_interval=0.504068,,0.5417501088231802,9.420667076483369,9.981416864320636
2026-08-10T16:30:13.225777+00:00,measurement_drift_01,meter_01,204,none,none,none,none,none,none,0.9999830107223133,0.5630373089595506,0,,0,0,drift_not_confirmed,,voltage_rolling_mean=231.644142;source_publish_interval=0.504067,,2.4201672058552504,21.33379178121686,23.792042164132
2026-08-10T16:30:13.249959+00:00,measurement_drift_01,meter_02,204,none,measurement_shift,none,none,none,normal_drift,0.9999407335263809,0.5595465773106574,0,,1,0,collecting_candidates;drift_not_confirmed,voltage_rolling_mean,voltage_rolling_mean=231.450462;source_publish_interval=0.504068,voltage_rolling_mean,0.7700000423938036,11.938791023567319,12.734000105410814
2026-08-10T16:30:13.262822+00:00,measurement_drift_01,meter_03,204,none,none,none,none,none,none,0.9999994456376431,0.4459505689821709,0,,0,0,drift_not_confirmed,,voltage_rolling_mean=230.658893;source_publish_interval=0.504068,,0.5225830245763063,9.563500061631203,10.104708140715957
2026-08-10T16:30:13.730704+00:00,measurement_drift_01,meter_01,205,none,none,none,none,none,none,0.9999599632219298,0.45024116954250637,0,,0,0,drift_not_confirmed,,voltage_rolling_mean=231.644142;source_publish_interval=0.504067,,3.109667217358947,14.976667007431388,18.117708154022694
2026-08-10T16:30:13.749253+00:00,measurement_drift_01,meter_02,205,none,measurement_shift,none,none,none,normal_drift,0.9999814412933108,0.5843333819509761,0,,1,0,collecting_candidates;drift_not_confirmed,voltage_rolling_mean,voltage_rolling_mean=231.450462;source_publish_interval=0.504068,voltage_rolling_mean,0.6991249974817038,10.570333106443286,11.292499955743551
2026-08-10T16:30:13.760663+00:00,measurement_drift_01,meter_03,205,none,none,none,none,none,none,0.9999996631909891,0.4472576489432069,0,,0,0,drift_not_confirmed,,voltage_rolling_mean=230.658893;source_publish_interval=0.504068,,0.5166667979210615,9.169749915599823,9.704832918941975
2026-08-10T16:30:14.235771+00:00,measurement_drift_01,meter_01,206,none,none,none,none,none,none,0.9999579700827685,0.44479832305623196,0,,0,0,drift_not_confirmed,,voltage_rolling_mean=231.644142;source_publish_interval=0.504067,,2.5493339635431767,19.571082899346948,22.164124995470047
2026-08-10T16:30:14.258358+00:00,measurement_drift_01,meter_02,206,none,measurement_shift,none,none,none,normal_drift,0.9999121885007065,0.5524256884791342,0,,1,0,collecting_candidates;drift_not_confirmed,voltage_rolling_mean,voltage_rolling_mean=231.450462;source_publish_interval=0.504068,voltage_rolling_mean,0.7820418104529381,11.612749891355634,12.417666846886277
2026-08-10T16:30:14.270901+00:00,measurement_drift_01,meter_03,206,none,none,none,none,none,none,0.9999976258366167,0.46832485926741513,0,,0,0,drift_not_confirmed,,voltage_rolling_mean=230.658893;source_publish_interval=0.504068,,0.5241248290985823,9.454583982005715,9.99650009907782
2026-08-10T16:30:14.740727+00:00,measurement_drift_01,meter_01,207,none,none,none,none,none,none,0.9999665204958861,0.4532111904201377,0,,0,0,drift_not_confirmed,,voltage_rolling_mean=231.644142;source_publish_interval=0.504067,,3.0369169544428587,17.496292013674974,20.570249995216727
2026-08-10T16:30:14.761722+00:00,measurement_drift_01,meter_02,207,none,measurement_shift,none,none,none,normal_drift,0.9999383465914574,0.5744137468522286,0,,1,0,collecting_candidates;drift_not_confirmed,voltage_rolling_mean,voltage_rolling_mean=231.450462;source_publish_interval=0.504068,voltage_rolling_mean,0.8247080259025097,10.866082971915603,11.714000022038817
2026-08-10T16:30:14.773562+00:00,measurement_drift_01,meter_03,207,none,none,none,none,none,none,0.9999997018479844,0.5034975734101981,0,,0,0,drift_not_confirmed,,voltage_rolling_mean=230.658893;source_publish_interval=0.504068,,0.5234580021351576,9.253833210095763,9.795791003853083
2026-08-10T16:30:15.244074+00:00,measurement_drift_01,meter_01,208,none,none,none,none,none,none,0.9999585900520934,0.46198222911766584,0,,0,0,drift_not_confirmed,,voltage_rolling_mean=231.644142;source_publish_interval=0.504067,,3.2557088416069746,17.025124980136752,20.313125103712082
2026-08-10T16:30:15.264757+00:00,measurement_drift_01,meter_02,208,none,measurement_shift,none,none,none,normal_drift,0.9998364706095563,0.6027498520161197,0,,1,0,collecting_candidates;drift_not_confirmed,voltage_rolling_mean,voltage_rolling_mean=231.450462;source_publish_interval=0.504068,voltage_rolling_mean,0.7841251790523529,10.844666045159101,11.650333181023598
2026-08-10T16:30:15.276523+00:00,measurement_drift_01,meter_03,208,none,none,none,none,none,none,0.9999994338418493,0.4340362650829265,0,,0,0,drift_not_confirmed,,voltage_rolling_mean=230.658893;source_publish_interval=0.504068,,0.5123750306665897,9.255625074729323,9.785667061805725
2026-08-10T16:30:15.748472+00:00,measurement_drift_01,meter_01,209,none,none,none,none,none,none,0.9999877783408921,0.4684775426647113,0,,0,0,drift_not_confirmed,,voltage_rolling_mean=231.644142;source_publish_interval=0.504067,,1.3450831174850464,22.47745799832046,23.866791976615787
2026-08-10T16:30:15.772662+00:00,measurement_drift_01,meter_02,209,none,measurement_shift,none,none,none,normal_drift,0.9999096233890409,0.557516677288934,0,,1,0,collecting_candidates;drift_not_confirmed,voltage_rolling_mean,voltage_rolling_mean=231.450462;source_publish_interval=0.504068,voltage_rolling_mean,0.8796660695225,12.483665952458978,13.390624895691872
2026-08-10T16:30:15.786196+00:00,measurement_drift_01,meter_03,209,none,none,none,none,none,none,0.9999998557233455,0.595851265187081,0,,0,0,drift_not_confirmed,,voltage_rolling_mean=230.658893;source_publish_interval=0.504068,,0.6039170548319817,9.992124978452921,10.616000043228269
2026-08-10T16:30:16.252104+00:00,measurement_drift_01,meter_01,210,none,none,none,none,none,none,0.999961134602046,0.4579975815810008,0,,0,0,drift_not_confirmed,,voltage_rolling_mean=231.644142;source_publish_interval=0.504067,,1.715417020022869,23.797124857082963,25.548084173351526
2026-08-10T16:30:16.277965+00:00,measurement_drift_01,meter_02,210,none,measurement_shift,none,none,none,normal_drift,0.9997783419399685,0.5672791078392171,0,,1,0,collecting_candidates;drift_not_confirmed,voltage_rolling_mean,voltage_rolling_mean=231.450462;source_publish_interval=0.504068,voltage_rolling_mean,0.7525829132646322,11.641125194728374,12.416166020557284
2026-08-10T16:30:16.290522+00:00,measurement_drift_01,meter_03,210,none,none,none,none,none,none,0.999999334033444,0.44612628258022385,0,,0,0,drift_not_confirmed,,voltage_rolling_mean=230.658893;source_publish_interval=0.504068,,0.5290408153086901,9.582874830812216,10.131584014743567
2026-08-10T16:30:16.757403+00:00,measurement_drift_01,meter_01,211,none,none,none,none,none,none,0.9999802569243278,0.48929181462365906,0,,0,0,drift_not_confirmed,,voltage_rolling_mean=231.644142;source_publish_interval=0.504067,,2.3509578313678503,20.26020805351436,22.65262510627508
2026-08-10T16:30:16.780488+00:00,measurement_drift_01,meter_02,211,none,measurement_shift,none,none,none,normal_drift,0.9999968161357204,0.5577030647746779,0,,1,0,collecting_candidates;drift_not_confirmed,voltage_rolling_mean,voltage_rolling_mean=231.450462;source_publish_interval=0.504068,voltage_rolling_mean,0.7742918096482754,11.772667057812214,12.570957886055112
2026-08-10T16:30:16.793197+00:00,measurement_drift_01,meter_03,211,none,none,none,none,none,none,0.9999989430407773,0.4786944412386152,0,,0,0,drift_not_confirmed,,voltage_rolling_mean=230.658893;source_publish_interval=0.504068,,0.5275830626487732,9.543833089992404,10.090749943628907
2026-08-10T16:30:17.262578+00:00,measurement_drift_01,meter_01,212,none,none,none,none,none,none,0.9999771336979932,0.5062663312908399,0,,0,0,drift_not_confirmed,,voltage_rolling_mean=231.644142;source_publish_interval=0.504067,,2.4990830570459366,19.382708007469773,21.915207849815488
2026-08-10T16:30:17.284876+00:00,measurement_drift_01,meter_02,212,none,measurement_shift,none,none,none,normal_drift,0.9999886292875999,0.5831751643140404,0,,1,0,collecting_candidates;drift_not_confirmed,voltage_rolling_mean,voltage_rolling_mean=231.450462;source_publish_interval=0.504068,voltage_rolling_mean,0.7684170268476009,11.563583044335246,12.356124818325043
2026-08-10T16:30:17.297350+00:00,measurement_drift_01,meter_03,212,none,none,none,none,none,none,0.9999991033933838,0.4647436045700559,0,,0,0,drift_not_confirmed,,voltage_rolling_mean=230.658893;source_publish_interval=0.504068,,0.5751249846071005,9.476875187829137,10.072666918858886
2026-08-10T16:30:17.767406+00:00,measurement_drift_01,meter_01,213,none,none,none,none,none,none,0.9999855830049379,0.5806747415044736,0,,0,0,drift_not_confirmed,,voltage_rolling_mean=231.644142;source_publish_interval=0.504067,,2.1744160912930965,22.64941716566682,24.8668750282377
2026-08-10T16:30:17.792753+00:00,measurement_drift_01,meter_02,213,none,measurement_shift,none,none,none,normal_drift,0.9999707831026603,0.5833282423016023,0,,1,0,collecting_candidates;drift_not_confirmed,voltage_rolling_mean,voltage_rolling_mean=231.450462;source_publish_interval=0.504068,voltage_rolling_mean,0.9613328147679567,12.15529185719788,13.140624854713678
2026-08-10T16:30:17.806042+00:00,measurement_drift_01,meter_03,213,none,none,none,none,none,none,0.9999993949735372,0.4747093736377123,0,,0,0,drift_not_confirmed,,voltage_rolling_mean=230.658893;source_publish_interval=0.504068,,0.549333868548274,9.495707927271724,10.064374888315797
2026-08-10T16:30:18.272366+00:00,measurement_drift_01,meter_01,214,none,none,none,none,none,none,0.99994822581852,0.47322195182992716,0,,0,0,drift_not_confirmed,,voltage_rolling_mean=231.644142;source_publish_interval=0.504067,,2.373083960264921,18.89116712845862,21.30324998870492
2026-08-10T16:30:18.294049+00:00,measurement_drift_01,meter_02,214,none,measurement_shift,none,none,none,normal_drift,0.9999938214842904,0.5718054289747061,0,,1,0,collecting_candidates;drift_not_confirmed,voltage_rolling_mean,voltage_rolling_mean=231.450462;source_publish_interval=0.504068,voltage_rolling_mean,0.7787090726196766,11.505916016176343,12.306417105719447
2026-08-10T16:30:18.306466+00:00,measurement_drift_01,meter_03,214,none,none,none,none,none,none,0.9999979602536372,0.4610120729875383,0,,0,0,drift_not_confirmed,,voltage_rolling_mean=230.658893;source_publish_interval=0.504068,,0.5273330025374889,9.475833037868142,10.023833950981498
2026-08-10T16:30:18.777592+00:00,measurement_drift_01,meter_01,215,none,none,none,none,none,none,0.9999918848630758,0.4446256813082245,0,,0,0,drift_not_confirmed,,voltage_rolling_mean=231.644142;source_publish_interval=0.504067,,2.940791891887784,18.846375169232488,21.82016707956791
2026-08-10T16:30:18.799823+00:00,measurement_drift_01,meter_02,215,none,measurement_shift,none,none,none,normal_drift,0.9999908286961359,0.5599636070703929,0,,1,0,collecting_candidates;drift_not_confirmed,voltage_rolling_mean,voltage_rolling_mean=231.450462;source_publish_interval=0.504068,voltage_rolling_mean,0.7511251606047153,11.510541895404458,12.285124976187944
2026-08-10T16:30:18.812233+00:00,measurement_drift_01,meter_03,215,none,none,none,none,none,none,0.9999991127304423,0.4953564037193379,0,,0,0,drift_not_confirmed,,voltage_rolling_mean=230.658893;source_publish_interval=0.504068,,0.5482500419020653,9.546417044475675,10.112917050719261
2026-08-10T16:30:19.282821+00:00,measurement_drift_01,meter_01,216,none,none,none,none,none,none,0.9999941353563515,0.5564534638205731,0,,0,0,drift_not_confirmed,,voltage_rolling_mean=231.644142;source_publish_interval=0.504067,,2.267583040520549,18.598667113110423,20.897124893963337
2026-08-10T16:30:19.304093+00:00,measurement_drift_01,meter_02,216,none,measurement_shift,none,none,none,normal_drift,0.9999974027670778,0.5719210805262468,0,,1,1,drift_not_confirmed;reference_updated,voltage_rolling_mean,voltage_rolling_mean=232.450462;source_publish_interval=0.504068,voltage_rolling_mean,0.7045411039143801,11.399957817047834,12.130750110372901
2026-08-10T16:30:19.316329+00:00,measurement_drift_01,meter_03,216,none,none,none,none,none,none,0.9999992633526609,0.44929644056001755,0,,0,0,drift_not_confirmed,,voltage_rolling_mean=230.658893;source_publish_interval=0.504068,,0.5171250086277723,9.63791599497199,10.174917057156563
2026-08-10T16:30:19.787694+00:00,measurement_drift_01,meter_01,217,none,none,none,none,none,none,0.9999887651655289,0.4364817480935859,0,,0,0,drift_not_confirmed,,voltage_rolling_mean=231.644142;source_publish_interval=0.504067,,2.2986659314483404,18.97529186680913,21.306041860952973
2026-08-10T16:30:19.809388+00:00,measurement_drift_01,meter_02,217,none,measurement_shift,none,none,none,normal_drift,0.9999431005428218,0.556088853479038,0,,1,0,collecting_candidates;drift_not_confirmed,voltage_rolling_mean,voltage_rolling_mean=232.450462;source_publish_interval=0.504068,voltage_rolling_mean,0.7757910061627626,11.308541055768728,12.106290785595775
2026-08-10T16:30:19.821597+00:00,measurement_drift_01,meter_03,217,none,none,none,none,none,none,0.9999995580535505,0.6050885429895828,0,,0,0,drift_not_confirmed,,voltage_rolling_mean=230.658893;source_publish_interval=0.504068,,0.5407910794019699,9.452875005081296,10.01387508586049
2026-08-10T16:30:20.292984+00:00,measurement_drift_01,meter_01,218,none,none,none,none,none,none,0.9999792085409587,0.43658978356957034,0,,0,0,drift_not_confirmed,,voltage_rolling_mean=231.644142;source_publish_interval=0.504067,,2.053583040833473,22.232624934986234,24.324583122506738
2026-08-10T16:30:20.317650+00:00,measurement_drift_01,meter_02,218,none,measurement_shift,none,none,none,normal_drift,0.9999949903729032,0.5588683881280486,0,,1,0,collecting_candidates;drift_not_confirmed,voltage_rolling_mean,voltage_rolling_mean=232.450462;source_publish_interval=0.504068,voltage_rolling_mean,0.904332846403122,12.152875075116754,13.083915924653411
2026-08-10T16:30:20.330883+00:00,measurement_drift_01,meter_03,218,none,none,none,none,none,none,0.9999989283031266,0.43948874313574965,0,,0,0,drift_not_confirmed,,voltage_rolling_mean=230.658893;source_publish_interval=0.504068,,0.6096670404076576,9.713708888739347,10.342250112444162
2026-08-10T16:30:20.797940+00:00,measurement_drift_01,meter_01,219,none,none,none,none,none,none,0.9999921898930847,0.49303328005243685,0,,0,0,drift_not_confirmed,,voltage_rolling_mean=231.644142;source_publish_interval=0.504067,,2.337707905098796,19.346333807334304,21.717875031754375
2026-08-10T16:30:20.820039+00:00,measurement_drift_01,meter_02,219,none,measurement_shift,none,unknown,unknown,normal_drift,0.9999976295685976,0.6603739875862856,0,,1,0,collecting_candidates;drift_not_confirmed,voltage_rolling_mean,voltage_rolling_mean=232.450462;source_publish_interval=0.504068,voltage_rolling_mean,0.7384999189525843,11.728416895493865,12.489542132243514
2026-08-10T16:30:20.832648+00:00,measurement_drift_01,meter_03,219,none,none,none,none,none,none,0.9999996194523646,0.4698598352133733,0,,0,0,drift_not_confirmed,,voltage_rolling_mean=230.658893;source_publish_interval=0.504068,,0.5396250635385513,9.659916162490845,10.21637488156557
2026-08-10T16:30:21.298644+00:00,measurement_drift_01,meter_01,220,none,none,none,none,none,none,0.9999902849011202,0.48732441420370326,0,,0,0,drift_not_confirmed,,voltage_rolling_mean=231.644142;source_publish_interval=0.504067,,1.939042005687952,21.55437506735325,23.54237507097423
2026-08-10T16:30:21.322520+00:00,measurement_drift_01,meter_02,220,none,measurement_shift,none,none,none,normal_drift,0.9999956173229363,0.597842697513781,0,,1,0,collecting_candidates;drift_not_confirmed,voltage_rolling_mean,voltage_rolling_mean=232.450462;source_publish_interval=0.504068,voltage_rolling_mean,0.9153340943157673,12.35933299176395,13.300750171765685
2026-08-10T16:30:21.335983+00:00,measurement_drift_01,meter_03,220,none,none,none,none,none,none,0.9999996238841067,0.464140442793055,0,,0,0,drift_not_confirmed,,voltage_rolling_mean=230.658893;source_publish_interval=0.504068,,0.5948329344391823,9.569250047206879,10.183874983340502
2026-08-10T16:30:21.802124+00:00,measurement_drift_01,meter_01,221,none,none,none,none,none,none,0.9999533009690754,0.4635712859330264,0,,0,0,drift_not_confirmed,,voltage_rolling_mean=231.644142;source_publish_interval=0.504067,,2.0092499908059835,22.278042044490576,24.335416965186596
2026-08-10T16:30:21.826881+00:00,measurement_drift_01,meter_02,221,none,measurement_shift,none,none,none,normal_drift,0.9999968291822289,0.5653287332632075,0,,1,0,collecting_candidates;drift_not_confirmed,voltage_rolling_mean,voltage_rolling_mean=232.450462;source_publish_interval=0.504068,voltage_rolling_mean,0.9135419968515635,12.017957866191864,12.955125188454986
2026-08-10T16:30:21.839976+00:00,measurement_drift_01,meter_03,221,none,none,none,none,none,none,0.9999995121235443,0.4409024582432451,0,,0,0,drift_not_confirmed,,voltage_rolling_mean=230.658893;source_publish_interval=0.504068,,0.5336671601980925,9.55608393996954,10.112375020980835
2026-08-10T16:30:22.304893+00:00,measurement_drift_01,meter_01,222,none,none,none,none,none,none,0.999994445572855,0.47901089146587433,0,,0,0,drift_not_confirmed,,voltage_rolling_mean=231.644142;source_publish_interval=0.504067,,2.3732499685138464,20.01654217019677,22.428708150982857
2026-08-10T16:30:22.327723+00:00,measurement_drift_01,meter_02,222,none,measurement_shift,none,none,none,normal_drift,0.9999982469903608,0.599490837906569,0,,1,0,collecting_candidates;drift_not_confirmed,voltage_rolling_mean,voltage_rolling_mean=232.450462;source_publish_interval=0.504068,voltage_rolling_mean,0.7418750319629908,11.59591693431139,12.360542081296444
2026-08-10T16:30:22.340206+00:00,measurement_drift_01,meter_03,222,none,none,none,none,none,none,0.9999995370164486,0.47040321351295017,0,,0,0,drift_not_confirmed,,voltage_rolling_mean=230.658893;source_publish_interval=0.504068,,0.5208749789744616,9.41570894792676,9.959875140339136
2026-08-10T16:30:22.810018+00:00,measurement_drift_01,meter_01,223,none,none,none,none,none,none,0.9999788293400531,0.48290643235356717,0,,0,0,drift_not_confirmed,,voltage_rolling_mean=231.644142;source_publish_interval=0.504067,,1.948416931554675,22.337042028084397,24.33545794337988
2026-08-10T16:30:22.834794+00:00,measurement_drift_01,meter_02,223,none,measurement_shift,none,none,none,normal_drift,0.9999946094889466,0.5642410400399832,0,,1,0,collecting_candidates;drift_not_confirmed,voltage_rolling_mean,voltage_rolling_mean=232.450462;source_publish_interval=0.504068,voltage_rolling_mean,0.9300000965595245,12.168999994173646,13.131791958585382
2026-08-10T16:30:22.848121+00:00,measurement_drift_01,meter_03,223,none,none,none,none,none,none,0.9999932029865632,0.4822162273040651,0,,0,0,drift_not_confirmed,,voltage_rolling_mean=230.658893;source_publish_interval=0.504068,,0.5657500587403774,9.576041018590331,10.16954192891717
2026-08-10T16:30:23.314817+00:00,measurement_drift_01,meter_01,224,none,none,none,none,none,none,0.9999934238894922,0.4471191535041913,0,,0,0,drift_not_confirmed,,voltage_rolling_mean=231.644142;source_publish_interval=0.504067,,2.1253330633044243,20.84074984304607,23.01987516693771
2026-08-10T16:30:23.338291+00:00,measurement_drift_01,meter_02,224,none,measurement_shift,none,none,none,normal_drift,0.9999976605513933,0.5727851809513517,0,,1,0,collecting_candidates;drift_not_confirmed,voltage_rolling_mean,voltage_rolling_mean=232.450462;source_publish_interval=0.504068,voltage_rolling_mean,0.7836658041924238,11.77525008097291,12.586915865540504
2026-08-10T16:30:23.351034+00:00,measurement_drift_01,meter_03,224,none,none,none,none,none,none,0.9999989968552407,0.44747448715488025,0,,0,0,drift_not_confirmed,,voltage_rolling_mean=230.658893;source_publish_interval=0.504068,,0.562082976102829,9.536708006635308,10.117458179593086
2026-08-10T16:30:23.819713+00:00,measurement_drift_01,meter_01,225,none,none,none,none,none,none,0.9999900461322015,0.4302687415248109,0,,0,0,drift_not_confirmed,,voltage_rolling_mean=231.644142;source_publish_interval=0.504067,,1.7574999947100878,17.46291690506041,19.254707964137197
2026-08-10T16:30:23.839357+00:00,measurement_drift_01,meter_02,225,none,measurement_shift,none,none,none,normal_drift,0.9999976225804805,0.582783994823955,0,,1,0,collecting_candidates;drift_not_confirmed,voltage_rolling_mean,voltage_rolling_mean=232.450462;source_publish_interval=0.504068,voltage_rolling_mean,0.4230840131640434,6.540332920849323,6.980374921113253
2026-08-10T16:30:23.846428+00:00,measurement_drift_01,meter_03,225,none,none,none,none,none,none,0.9999993946940826,0.4770729122288985,0,,0,0,drift_not_confirmed,,voltage_rolling_mean=230.658893;source_publish_interval=0.504068,,0.3429998178035021,6.367959082126617,6.730041932314634
2026-08-10T16:30:24.324476+00:00,measurement_drift_01,meter_01,226,none,none,none,none,none,none,0.999992325545699,0.4640990812862772,0,,0,0,drift_not_confirmed,,voltage_rolling_mean=231.644142;source_publish_interval=0.504067,,1.2605830561369658,20.50479082390666,21.83525008149445
2026-08-10T16:30:24.346672+00:00,measurement_drift_01,meter_02,226,none,measurement_shift,none,none,none,normal_drift,0.9999962329518283,0.5647014113361568,0,,1,0,collecting_candidates;drift_not_confirmed,voltage_rolling_mean,voltage_rolling_mean=232.450462;source_publish_interval=0.504068,voltage_rolling_mean,0.961290905252099,13.011957984417677,14.010499930009246
2026-08-10T16:30:24.360935+00:00,measurement_drift_01,meter_03,226,none,none,none,none,none,none,0.9999978095383983,0.4396658768559313,0,,0,0,drift_not_confirmed,,voltage_rolling_mean=230.658893;source_publish_interval=0.504068,,0.6774170324206352,9.782834211364388,10.481833945959806
2026-08-10T16:30:24.830462+00:00,measurement_drift_01,meter_01,227,none,none,none,none,none,none,0.9999729594527117,0.4577907620675193,0,,0,0,drift_not_confirmed,,voltage_rolling_mean=231.644142;source_publish_interval=0.504067,,1.9967921543866396,22.400291869416833,24.446541909128428
2026-08-10T16:30:24.855285+00:00,measurement_drift_01,meter_02,227,none,measurement_shift,none,none,none,normal_drift,0.9999946585407139,0.5841273675799126,0,,1,0,collecting_candidates;drift_not_confirmed,voltage_rolling_mean,voltage_rolling_mean=232.450462;source_publish_interval=0.504068,voltage_rolling_mean,0.8932501077651978,11.988749960437417,12.916082981973886
2026-08-10T16:30:24.868422+00:00,measurement_drift_01,meter_03,227,none,none,none,none,none,none,0.9999990661008988,0.44046349492569975,0,,0,0,drift_not_confirmed,,voltage_rolling_mean=230.658893;source_publish_interval=0.504068,,0.5711659323424101,9.798457846045494,10.39800001308322
2026-08-10T16:30:25.334557+00:00,measurement_drift_01,meter_01,228,none,none,none,none,none,none,0.9999808817809713,0.44641631590002356,0,,0,0,drift_not_confirmed,,voltage_rolling_mean=231.644142;source_publish_interval=0.504067,,2.0397501066327095,22.694709012284875,24.783874861896038
2026-08-10T16:30:25.359748+00:00,measurement_drift_01,meter_02,228,none,measurement_shift,none,none,none,normal_drift,0.9999948053898732,0.6022021756940488,0,,1,0,collecting_candidates;drift_not_confirmed,voltage_rolling_mean,voltage_rolling_mean=232.450462;source_publish_interval=0.504068,voltage_rolling_mean,0.8685421198606491,11.916292132809758,12.8113750834018
2026-08-10T16:30:25.372726+00:00,measurement_drift_01,meter_03,228,none,none,none,none,none,none,0.9999993747008635,0.46091422195661147,0,,0,0,drift_not_confirmed,,voltage_rolling_mean=230.658893;source_publish_interval=0.504068,,0.5637919530272484,9.527208982035518,10.11187513358891
2026-08-10T16:30:25.836564+00:00,measurement_drift_01,meter_01,229,none,none,none,none,none,none,0.9999928562972492,0.4684815385036548,0,,0,0,drift_not_confirmed,,voltage_rolling_mean=231.644142;source_publish_interval=0.504067,,2.0267919171601534,22.85166596993804,24.923874996602535
2026-08-10T16:30:25.861858+00:00,measurement_drift_01,meter_02,229,none,measurement_shift,none,none,none,normal_drift,0.9999911469081508,0.5641024968907611,0,,1,0,collecting_candidates;drift_not_confirmed,voltage_rolling_mean,voltage_rolling_mean=232.450462;source_publish_interval=0.504068,voltage_rolling_mean,0.8080420084297657,11.823375010862947,12.655291939154267
2026-08-10T16:30:25.874662+00:00,measurement_drift_01,meter_03,229,none,none,none,none,none,none,0.999999221277375,0.4485799084452859,0,,0,0,drift_not_confirmed,,voltage_rolling_mean=230.658893;source_publish_interval=0.504068,,0.5367090925574303,9.536166908219457,10.093332966789603
2026-08-10T16:30:26.341424+00:00,measurement_drift_01,meter_01,230,none,none,none,none,none,none,0.9999990717178731,0.556319500631168,0,,0,0,drift_not_confirmed,,voltage_rolling_mean=231.644142;source_publish_interval=0.504067,,2.128749853000045,22.373124957084656,24.54458293505013
2026-08-10T16:30:26.366404+00:00,measurement_drift_01,meter_02,230,none,measurement_shift,none,none,none,normal_drift,0.9999970468656711,0.5927326647972542,0,,1,0,collecting_candidates;drift_not_confirmed,voltage_rolling_mean,voltage_rolling_mean=232.450462;source_publish_interval=0.504068,voltage_rolling_mean,0.8974592201411724,12.04879186116159,12.976082973182201
2026-08-10T16:30:26.379542+00:00,measurement_drift_01,meter_03,230,none,none,none,none,none,none,0.9999992416172749,0.47889817891801667,0,,0,0,drift_not_confirmed,,voltage_rolling_mean=230.658893;source_publish_interval=0.504068,,0.5438339430838823,9.555459022521973,10.11870801448822
2026-08-10T16:30:26.846491+00:00,measurement_drift_01,meter_01,231,none,none,none,none,none,none,0.9999878151453111,0.4415100866353508,0,,0,0,drift_not_confirmed,,voltage_rolling_mean=231.644142;source_publish_interval=0.504067,,2.4227499961853027,22.40200014784932,24.864125065505505
2026-08-10T16:30:26.871749+00:00,measurement_drift_01,meter_02,231,none,measurement_shift,none,none,none,normal_drift,0.9999852919869353,0.5544897838264217,0,,1,0,collecting_candidates;drift_not_confirmed,voltage_rolling_mean,voltage_rolling_mean=232.450462;source_publish_interval=0.504068,voltage_rolling_mean,0.8585830219089985,12.25304207764566,13.139458140358329
2026-08-10T16:30:26.885017+00:00,measurement_drift_01,meter_03,231,none,none,none,none,none,none,0.9999991063076137,0.4617491640887,0,,0,0,drift_not_confirmed,,voltage_rolling_mean=230.658893;source_publish_interval=0.504068,,0.5753329023718834,9.594124974682927,10.189458029344678
2026-08-10T16:30:27.348860+00:00,measurement_drift_01,meter_01,232,none,none,none,none,none,none,0.999991206150948,0.4696695282599147,0,,0,0,drift_not_confirmed,,voltage_rolling_mean=231.644142;source_publish_interval=0.504067,,2.0482500549405813,21.938499994575977,24.02612497098744
2026-08-10T16:30:27.373229+00:00,measurement_drift_01,meter_02,232,none,measurement_shift,none,unknown,unknown,normal_drift,0.9999960482556736,0.6387637363285632,0,,1,0,collecting_candidates;drift_not_confirmed,voltage_rolling_mean,voltage_rolling_mean=232.450462;source_publish_interval=0.504068,voltage_rolling_mean,0.8795000612735748,11.957625159993768,12.862541014328599
2026-08-10T16:30:27.386228+00:00,measurement_drift_01,meter_03,232,none,none,none,none,none,none,0.9999984766674586,0.47506757871453587,0,,0,0,drift_not_confirmed,,voltage_rolling_mean=230.658893;source_publish_interval=0.504068,,0.5373749881982803,9.592666057869792,10.148499859496951
2026-08-10T16:30:27.849974+00:00,measurement_drift_01,meter_01,233,none,none,none,none,none,none,0.999998357383442,0.5678329969974859,0,,0,0,drift_not_confirmed,,voltage_rolling_mean=231.644142;source_publish_interval=0.504067,,2.377833006903529,19.647791981697083,22.071167128160596
2026-08-10T16:30:27.872587+00:00,measurement_drift_01,meter_02,233,none,measurement_shift,none,none,none,normal_drift,0.9999781958151388,0.5655837865703709,0,,1,0,collecting_candidates;drift_not_confirmed,voltage_rolling_mean,voltage_rolling_mean=232.450462;source_publish_interval=0.504068,voltage_rolling_mean,0.8011669851839542,11.697999900206923,12.526625068858266
2026-08-10T16:30:27.885266+00:00,measurement_drift_01,meter_03,233,none,none,none,none,none,none,0.9999993022580395,0.440991259974438,0,,0,0,drift_not_confirmed,,voltage_rolling_mean=230.658893;source_publish_interval=0.504068,,0.545332906767726,9.4605409540236,10.026459116488695
2026-08-10T16:30:28.354960+00:00,measurement_drift_01,meter_01,234,none,none,none,none,none,none,0.9999963159932622,0.4817638702166592,0,,0,0,drift_not_confirmed,,voltage_rolling_mean=231.644142;source_publish_interval=0.504067,,2.333416836336255,19.365083193406463,21.730124950408936
2026-08-10T16:30:28.377064+00:00,measurement_drift_01,meter_02,234,none,measurement_shift,none,none,none,normal_drift,0.9999840039565111,0.5884751868830138,0,,1,0,collecting_candidates;drift_not_confirmed,voltage_rolling_mean,voltage_rolling_mean=232.450462;source_publish_interval=0.504068,voltage_rolling_mean,0.7287911139428616,11.529124807566404,12.283374788239598
2026-08-10T16:30:28.389471+00:00,measurement_drift_01,meter_03,234,none,none,none,none,none,none,0.9999991699683526,0.4950873962606176,0,,0,0,drift_not_confirmed,,voltage_rolling_mean=230.658893;source_publish_interval=0.504068,,0.5536249373108149,9.735625004395843,10.309875011444092
2026-08-10T16:30:28.858217+00:00,measurement_drift_01,meter_01,235,none,none,none,none,none,none,0.9999965205018455,0.44738721164738304,0,,0,0,drift_not_confirmed,,voltage_rolling_mean=231.644142;source_publish_interval=0.504067,,2.765999874100089,20.033583976328373,22.842417005449533
2026-08-10T16:30:28.881500+00:00,measurement_drift_01,meter_02,235,none,measurement_shift,none,none,none,normal_drift,0.9999934956534591,0.5671471766564594,0,,1,0,collecting_candidates;drift_not_confirmed,voltage_rolling_mean,voltage_rolling_mean=232.450462;source_publish_interval=0.504068,voltage_rolling_mean,0.8406669367104769,11.590250069275498,12.45545782148838
2026-08-10T16:30:28.894090+00:00,measurement_drift_01,meter_03,235,none,none,none,none,none,none,0.9999988005740572,0.48186519031112895,0,,0,0,drift_not_confirmed,,voltage_rolling_mean=230.658893;source_publish_interval=0.504068,,0.5437079817056656,9.480708045884967,10.042374953627586
2026-08-10T16:30:29.363232+00:00,measurement_drift_01,meter_01,236,none,none,none,none,none,none,0.9999973640398988,0.4720265552643885,0,,0,0,drift_not_confirmed,,voltage_rolling_mean=231.644142;source_publish_interval=0.504067,,1.9648331217467785,21.42933406867087,23.438791977241635
2026-08-10T16:30:29.387015+00:00,measurement_drift_01,meter_02,236,none,measurement_shift,none,none,none,normal_drift,0.9999948214314514,0.5697164248066462,0,,1,1,drift_not_confirmed;reference_updated,voltage_rolling_mean,voltage_rolling_mean=233.450462;source_publish_interval=0.504068,voltage_rolling_mean,0.7778331637382507,11.944249970838428,12.751291040331125
2026-08-10T16:30:29.399906+00:00,measurement_drift_01,meter_03,236,none,none,none,none,none,none,0.9999987727280911,0.44252748997657715,0,,0,0,drift_not_confirmed,,voltage_rolling_mean=230.658893;source_publish_interval=0.504068,,0.5763750523328781,9.722874965518713,10.324083035811782
2026-08-10T16:30:29.867730+00:00,measurement_drift_01,meter_01,237,none,none,none,none,none,none,0.9999901989807793,0.46685620559850693,0,,0,0,drift_not_confirmed,,voltage_rolling_mean=231.644142;source_publish_interval=0.504067,,2.780709182843566,20.558999851346016,23.389542009681463
2026-08-10T16:30:29.891533+00:00,measurement_drift_01,meter_02,237,none,measurement_shift,none,none,none,normal_drift,0.9999958027020138,0.579875960450599,0,,1,0,collecting_candidates;drift_not_confirmed,voltage_rolling_mean,voltage_rolling_mean=233.450462;source_publish_interval=0.504068,voltage_rolling_mean,0.901833176612854,11.98133290745318,12.908334145322442
2026-08-10T16:30:29.904633+00:00,measurement_drift_01,meter_03,237,none,none,none,none,none,none,0.9999995804107311,0.47936466127603694,0,,0,0,drift_not_confirmed,,voltage_rolling_mean=230.658893;source_publish_interval=0.504068,,0.5396248307079077,9.447791846469045,10.007582837715745
2026-08-10T16:30:30.372355+00:00,measurement_drift_01,meter_01,238,none,none,none,none,none,none,0.9999892827500897,0.4483269182833029,0,,0,0,drift_not_confirmed,,voltage_rolling_mean=231.644142;source_publish_interval=0.504067,,2.4149168748408556,19.624916138127446,22.07670803181827
2026-08-10T16:30:30.394807+00:00,measurement_drift_01,meter_02,238,none,measurement_shift,none,none,none,normal_drift,0.9999942527641772,0.5655561943370013,0,,1,0,collecting_candidates;drift_not_confirmed,voltage_rolling_mean,voltage_rolling_mean=233.450462;source_publish_interval=0.504068,voltage_rolling_mean,0.7148329168558121,11.824582936242223,12.563833966851234
2026-08-10T16:30:30.407489+00:00,measurement_drift_01,meter_03,238,none,none,none,none,none,none,0.9999993546831328,0.44690987429332857,0,,0,0,drift_not_confirmed,,voltage_rolling_mean=230.658893;source_publish_interval=0.504068,,0.5250421818345785,9.609708096832037,10.154540883377194
2026-08-10T16:30:30.874703+00:00,measurement_drift_01,meter_01,239,none,none,none,none,none,none,0.9999988664843141,0.44247404525611417,0,,0,0,drift_not_confirmed,,voltage_rolling_mean=231.644142;source_publish_interval=0.504067,,2.5894579011946917,18.709874944761395,21.36720810085535
2026-08-10T16:30:30.896574+00:00,measurement_drift_01,meter_02,239,none,measurement_shift,none,none,none,normal_drift,0.9999948201102735,0.5618237027426672,0,,1,0,collecting_candidates;drift_not_confirmed,voltage_rolling_mean,voltage_rolling_mean=233.450462;source_publish_interval=0.504068,voltage_rolling_mean,0.8387921843677759,11.799333151429892,12.665499933063984
2026-08-10T16:30:30.909411+00:00,measurement_drift_01,meter_03,239,none,none,none,none,none,none,0.9999991918971034,0.4433134534681807,0,,0,0,drift_not_confirmed,,voltage_rolling_mean=230.658893;source_publish_interval=0.504068,,0.569791067391634,9.506875183433294,10.097833815962076
2026-08-10T16:30:31.379918+00:00,measurement_drift_01,meter_01,240,none,none,none,none,none,none,0.9999979384068065,0.43407721396785653,0,,0,0,drift_not_confirmed,,voltage_rolling_mean=231.644142;source_publish_interval=0.504067,,1.8885829485952854,21.76745794713497,23.70937494561076
2026-08-10T16:30:31.404054+00:00,measurement_drift_01,meter_02,240,none,measurement_shift,none,none,none,normal_drift,0.9999895341469001,0.5809524761838137,0,,1,0,collecting_candidates;drift_not_confirmed,voltage_rolling_mean,voltage_rolling_mean=233.450462;source_publish_interval=0.504068,voltage_rolling_mean,0.8276249282062054,12.305709067732096,13.160666916519403
2026-08-10T16:30:31.417384+00:00,measurement_drift_01,meter_03,240,none,none,none,none,none,none,0.999998370147202,0.47973673724083465,0,,0,0,drift_not_confirmed,,voltage_rolling_mean=230.658893;source_publish_interval=0.504068,,0.5519159603863955,9.672292042523623,10.245666839182377
2026-08-10T16:30:31.882700+00:00,measurement_drift_01,meter_01,241,none,none,none,none,none,none,0.9999968883547264,0.5366097891872473,0,,0,0,drift_not_confirmed,,voltage_rolling_mean=231.644142;source_publish_interval=0.504067,,2.2347078192979097,18.577666021883488,20.8535420242697
2026-08-10T16:30:31.904013+00:00,measurement_drift_01,meter_02,241,none,measurement_shift,none,none,none,normal_drift,0.9999933186926074,0.5648878955328803,0,,1,0,collecting_candidates;drift_not_confirmed,voltage_rolling_mean,voltage_rolling_mean=233.450462;source_publish_interval=0.504068,voltage_rolling_mean,0.8244160562753677,11.669124942272902,12.517625000327826
2026-08-10T16:30:31.916671+00:00,measurement_drift_01,meter_03,241,none,none,none,none,none,none,0.9999993508535054,0.4751172958362579,0,,0,0,drift_not_confirmed,,voltage_rolling_mean=230.658893;source_publish_interval=0.504068,,0.5499590188264847,9.62866609916091,10.200750082731247
2026-08-10T16:30:32.387489+00:00,measurement_drift_01,meter_01,242,none,none,none,none,none,none,0.9999957560801576,0.4362467730076333,0,,0,0,drift_not_confirmed,,voltage_rolling_mean=231.644142;source_publish_interval=0.504067,,1.9897078163921833,22.062000120058656,24.09170800819993
2026-08-10T16:30:32.411923+00:00,measurement_drift_01,meter_02,242,none,measurement_shift,none,none,none,normal_drift,0.9999908678949024,0.5569783486753486,0,,1,0,collecting_candidates;drift_not_confirmed,voltage_rolling_mean,voltage_rolling_mean=233.450462;source_publish_interval=0.504068,voltage_rolling_mean,0.8657081052660942,12.009707977995276,12.900666799396276
2026-08-10T16:30:32.424956+00:00,measurement_drift_01,meter_03,242,none,none,none,none,none,none,0.9999992551565157,0.4457278524818366,0,,0,0,drift_not_confirmed,,voltage_rolling_mean=230.658893;source_publish_interval=0.504068,,0.5379160866141319,9.652875130996108,10.212833993136883
2026-08-10T16:30:32.891217+00:00,measurement_drift_01,meter_01,243,none,none,none,none,none,none,0.9999958043155671,0.478414646114316,0,,0,0,drift_not_confirmed,,voltage_rolling_mean=231.644142;source_publish_interval=0.504067,,2.3172080982476473,19.244209164753556,21.59733301959932
2026-08-10T16:30:32.913235+00:00,measurement_drift_01,meter_02,243,none,measurement_shift,none,none,none,normal_drift,0.9999969707561113,0.5763011482639875,0,,1,0,collecting_candidates;drift_not_confirmed,voltage_rolling_mean,voltage_rolling_mean=233.450462;source_publish_interval=0.504068,voltage_rolling_mean,0.7478338666260242,11.862916173413396,12.635042192414403
2026-08-10T16:30:32.925998+00:00,measurement_drift_01,meter_03,243,none,none,none,unknown,unknown,unknown,0.9999998630346997,0.652105248759053,0,,0,0,drift_not_confirmed,,voltage_rolling_mean=230.658893;source_publish_interval=0.504068,,0.5288328975439072,9.46304202079773,10.011541889980435
2026-08-10T16:30:33.396164+00:00,measurement_drift_01,meter_01,244,none,none,none,none,none,none,0.9999982872220019,0.44570808263354345,0,,0,0,drift_not_confirmed,,voltage_rolling_mean=231.644142;source_publish_interval=0.504067,,2.306167036294937,22.739999927580357,25.09033284150064
2026-08-10T16:30:33.421697+00:00,measurement_drift_01,meter_02,244,none,measurement_shift,none,none,none,normal_drift,0.9999892786323834,0.5604083912141765,0,,1,0,collecting_candidates;drift_not_confirmed,voltage_rolling_mean,voltage_rolling_mean=233.450462;source_publish_interval=0.504068,voltage_rolling_mean,0.8575408719480038,12.002290925011039,12.888124911114573
2026-08-10T16:30:33.434744+00:00,measurement_drift_01,meter_03,244,none,none,none,none,none,none,0.9999987947873094,0.45124391432380656,0,,0,0,drift_not_confirmed,,voltage_rolling_mean=230.658893;source_publish_interval=0.504068,,0.5897500086575747,9.844749933108687,10.457250056788325
2026-08-10T16:30:33.901496+00:00,measurement_drift_01,meter_01,245,none,none,none,none,none,none,0.999997735053526,0.45126282914411675,0,,0,0,drift_not_confirmed,,voltage_rolling_mean=231.644142;source_publish_interval=0.504067,,2.6011669542640448,19.096292089670897,21.742833079770207
2026-08-10T16:30:33.923679+00:00,measurement_drift_01,meter_02,245,none,measurement_shift,none,none,none,normal_drift,0.999997264694024,0.5555464654789616,0,,1,0,collecting_candidates;drift_not_confirmed,voltage_rolling_mean,voltage_rolling_mean=233.450462;source_publish_interval=0.504068,voltage_rolling_mean,0.7805000059306622,11.635582894086838,12.443333864212036
2026-08-10T16:30:33.936306+00:00,measurement_drift_01,meter_03,245,none,none,none,none,none,none,0.999999216002013,0.4578683311263292,0,,0,0,drift_not_confirmed,,voltage_rolling_mean=230.658893;source_publish_interval=0.504068,,0.5365000106394291,9.474209044128656,10.033041005954146
2026-08-10T16:30:34.402603+00:00,measurement_drift_01,meter_01,246,none,none,none,none,none,none,0.999995740956187,0.4335191692554618,0,,0,0,drift_not_confirmed,,voltage_rolling_mean=231.644142;source_publish_interval=0.504067,,2.6171249337494373,19.992124987766147,22.650834172964096
2026-08-10T16:30:34.425677+00:00,measurement_drift_01,meter_02,246,none,measurement_shift,none,none,none,normal_drift,0.999995999217963,0.5600262975164197,0,,1,0,collecting_candidates;drift_not_confirmed,voltage_rolling_mean,voltage_rolling_mean=233.450462;source_publish_interval=0.504068,voltage_rolling_mean,0.7480829954147339,11.641499819234014,12.41370802745223
2026-08-10T16:30:34.438231+00:00,measurement_drift_01,meter_03,246,none,none,none,none,none,none,0.9999983438069596,0.4665054442213738,0,,0,0,drift_not_confirmed,,voltage_rolling_mean=230.658893;source_publish_interval=0.504068,,0.5355419125407934,9.586333064362407,10.14979206956923
2026-08-10T16:30:34.907577+00:00,measurement_drift_01,meter_01,247,none,none,none,none,none,none,0.9999947278092461,0.4355546475641215,0,,0,0,drift_not_confirmed,,voltage_rolling_mean=231.644142;source_publish_interval=0.504067,,2.43937480263412,19.248707918450236,21.736166905611753
2026-08-10T16:30:34.929766+00:00,measurement_drift_01,meter_02,247,none,measurement_shift,none,none,none,normal_drift,0.9999957850625174,0.5517993353269065,0,,1,0,collecting_candidates;drift_not_confirmed,voltage_rolling_mean,voltage_rolling_mean=233.450462;source_publish_interval=0.504068,voltage_rolling_mean,0.7924160454422235,11.813957942649722,12.63070898130536
2026-08-10T16:30:34.942530+00:00,measurement_drift_01,meter_03,247,none,none,none,none,none,none,0.9999992045806628,0.47212585040566213,0,,0,0,drift_not_confirmed,,voltage_rolling_mean=230.658893;source_publish_interval=0.504068,,0.5282498896121979,9.523791028186679,10.071584023535252
2026-08-10T16:30:35.411244+00:00,measurement_drift_01,meter_01,248,none,none,none,none,none,none,0.9999972823457042,0.4369347904831855,0,,0,0,drift_not_confirmed,,voltage_rolling_mean=231.644142;source_publish_interval=0.504067,,1.9670419860631227,21.472332999110222,23.481709184125066
2026-08-10T16:30:35.435090+00:00,measurement_drift_01,meter_02,248,none,measurement_shift,none,none,none,normal_drift,0.9999952425160644,0.5481179484408528,0,,1,0,collecting_candidates;drift_not_confirmed,voltage_rolling_mean,voltage_rolling_mean=233.450462;source_publish_interval=0.504068,voltage_rolling_mean,0.7259580306708813,11.916333111003041,12.67049997113645
2026-08-10T16:30:35.447915+00:00,measurement_drift_01,meter_03,248,none,none,none,none,none,none,0.9999969696249603,0.47662135485672547,0,,0,0,drift_not_confirmed,,voltage_rolling_mean=230.658893;source_publish_interval=0.504068,,0.613874988630414,9.613125119358301,10.247708996757865
2026-08-10T16:30:35.912559+00:00,measurement_drift_01,meter_01,249,none,none,none,none,none,none,0.9999987945231611,0.4326001518100802,0,,0,0,drift_not_confirmed,,voltage_rolling_mean=231.644142;source_publish_interval=0.504067,,1.6399589367210865,21.22204191982746,22.899374831467867
2026-08-10T16:30:35.935779+00:00,measurement_drift_01,meter_02,249,none,measurement_shift,none,none,none,normal_drift,0.9999900912636647,0.5537806075479308,0,,1,0,collecting_candidates;drift_not_confirmed,voltage_rolling_mean,voltage_rolling_mean=233.450462;source_publish_interval=0.504068,voltage_rolling_mean,0.8342908695340157,12.459957972168922,13.318917015567422
2026-08-10T16:30:35.949233+00:00,measurement_drift_01,meter_03,249,none,none,none,none,none,none,0.9999994032297095,0.4831665908103176,0,,0,0,drift_not_confirmed,,voltage_rolling_mean=230.658893;source_publish_interval=0.504068,,0.5992499645799398,9.78674995712936,10.404750006273389
2026-08-10T16:30:36.417866+00:00,measurement_drift_01,meter_01,250,none,none,none,none,none,none,0.9999991225810019,0.4802713497591414,0,,0,0,drift_not_confirmed,,voltage_rolling_mean=231.644142;source_publish_interval=0.504067,,3.2106670551002026,17.86187500692904,21.11520920880139
2026-08-10T16:30:36.439406+00:00,measurement_drift_01,meter_02,250,none,measurement_shift,none,none,none,normal_drift,0.9999963279737736,0.5856816894016552,0,,1,0,collecting_candidates;drift_not_confirmed,voltage_rolling_mean,voltage_rolling_mean=233.450462;source_publish_interval=0.504068,voltage_rolling_mean,0.7762499153614044,11.210125172510743,12.010665843263268
2026-08-10T16:30:36.451544+00:00,measurement_drift_01,meter_03,250,none,none,none,none,none,none,0.9999992596195907,0.47699858743521245,0,,0,0,drift_not_confirmed,,voltage_rolling_mean=230.658893;source_publish_interval=0.504068,,0.5690001416951418,9.426958858966827,10.01504110172391
2026-08-10T16:30:36.920981+00:00,measurement_drift_01,meter_01,251,none,none,none,none,none,none,0.9999988693783444,0.5637797421877012,0,,0,0,drift_not_confirmed,,voltage_rolling_mean=231.644142;source_publish_interval=0.504067,,2.0432090386748314,21.066749934107065,23.15125009045005
2026-08-10T16:30:36.944524+00:00,measurement_drift_01,meter_02,251,none,measurement_shift,none,none,none,normal_drift,0.9999952879650822,0.5529073194833299,0,,1,0,collecting_candidates;drift_not_confirmed,voltage_rolling_mean,voltage_rolling_mean=233.450462;source_publish_interval=0.504068,voltage_rolling_mean,0.7894588634371758,11.992041021585464,12.80479202978313
2026-08-10T16:30:36.957466+00:00,measurement_drift_01,meter_03,251,none,none,none,none,none,none,0.9999987305812112,0.49693583114519113,0,,0,0,drift_not_confirmed,,voltage_rolling_mean=230.658893;source_publish_interval=0.504068,,0.5371249280869961,9.58466692827642,10.141458129510283
2026-08-10T16:30:37.426065+00:00,measurement_drift_01,meter_01,252,none,none,none,none,none,none,0.9999993256349975,0.5462526847950979,0,,0,0,drift_not_confirmed,,voltage_rolling_mean=231.644142;source_publish_interval=0.504067,,2.606750000268221,20.347499987110496,23.004124872386456
2026-08-10T16:30:37.449568+00:00,measurement_drift_01,meter_02,252,none,measurement_shift,none,none,none,normal_drift,0.9999958442329219,0.5759588760723685,0,,1,0,collecting_candidates;drift_not_confirmed,voltage_rolling_mean,voltage_rolling_mean=233.450462;source_publish_interval=0.504068,voltage_rolling_mean,0.8040000684559345,11.992417043074965,12.822458054870367
2026-08-10T16:30:37.462552+00:00,measurement_drift_01,meter_03,252,none,none,none,none,none,none,0.9999995586688635,0.5251886317414721,0,,0,0,drift_not_confirmed,,voltage_rolling_mean=230.658893;source_publish_interval=0.504068,,0.5510831251740456,9.45712486281991,10.027833050116897
2026-08-10T16:30:37.931117+00:00,measurement_drift_01,meter_01,253,none,none,none,unknown,unknown,unknown,0.9999988539797209,0.6170108172138077,0,,0,0,drift_not_confirmed,,voltage_rolling_mean=231.644142;source_publish_interval=0.504067,,2.2672091145068407,21.64679206907749,23.95824994891882
2026-08-10T16:30:37.955423+00:00,measurement_drift_01,meter_02,253,none,measurement_shift,none,none,none,normal_drift,0.9999905543144311,0.5532645591145587,0,,1,0,collecting_candidates;drift_not_confirmed,voltage_rolling_mean,voltage_rolling_mean=233.450462;source_publish_interval=0.504068,voltage_rolling_mean,0.8425000123679638,44.04687508940697,44.92741706781089
2026-08-10T16:30:38.000538+00:00,measurement_drift_01,meter_03,253,none,none,none,none,none,none,0.9999403067005409,0.4556616619484499,0,,0,0,drift_not_confirmed,,voltage_rolling_mean=230.658893;source_publish_interval=0.504068,,0.47316704876720905,7.366290781646967,7.856958080083132
2026-08-10T16:30:38.433094+00:00,measurement_drift_01,meter_01,254,none,none,none,none,none,none,0.999996055384762,0.45041899636803867,0,,0,0,drift_not_confirmed,,voltage_rolling_mean=231.644142;source_publish_interval=0.504067,,2.096459036692977,22.434832993894815,24.580541998147964
2026-08-10T16:30:38.458092+00:00,measurement_drift_01,meter_02,254,none,measurement_shift,none,none,none,normal_drift,0.9999973942608023,0.5517573675580346,0,,1,0,collecting_candidates;drift_not_confirmed,voltage_rolling_mean,voltage_rolling_mean=233.450462;source_publish_interval=0.504068,voltage_rolling_mean,0.8795000612735748,12.050916906446218,12.958083068951964
2026-08-10T16:30:38.471197+00:00,measurement_drift_01,meter_03,254,none,none,none,none,none,none,0.9999998557599711,0.4940935244493886,0,,0,0,drift_not_confirmed,,voltage_rolling_mean=230.658893;source_publish_interval=0.504068,,0.61262515373528,9.763707872480154,10.396082885563374
2026-08-10T16:30:38.938168+00:00,measurement_drift_01,meter_01,255,none,none,none,none,none,none,0.9999939796472096,0.4515425818784636,0,,0,0,drift_not_confirmed,,voltage_rolling_mean=231.644142;source_publish_interval=0.504067,,2.4079999420791864,22.28575013577938,24.73266702145338
2026-08-10T16:30:38.963313+00:00,measurement_drift_01,meter_02,255,none,measurement_shift,none,none,none,normal_drift,0.9999607017916635,0.5544027123003369,0,,1,0,collecting_candidates;drift_not_confirmed,voltage_rolling_mean,voltage_rolling_mean=233.450462;source_publish_interval=0.504068,voltage_rolling_mean,0.8432911708950996,12.094416888430715,12.965874979272485
2026-08-10T16:30:38.976412+00:00,measurement_drift_01,meter_03,255,none,none,none,none,none,none,0.9999978058067386,0.4931260292950593,0,,0,0,drift_not_confirmed,,voltage_rolling_mean=230.658893;source_publish_interval=0.504068,,0.589459203183651,9.469832992181182,10.079124942421913
2026-08-10T16:30:39.443317+00:00,measurement_drift_01,meter_01,256,none,none,none,none,none,none,0.9999827264598128,0.4835495619220724,0,,0,0,drift_not_confirmed,,voltage_rolling_mean=231.644142;source_publish_interval=0.504067,,1.9710001070052385,21.98991598561406,24.0126249846071
2026-08-10T16:30:39.467729+00:00,measurement_drift_01,meter_02,256,none,measurement_shift,none,none,none,normal_drift,0.9999808566661811,0.5441860529218441,0,,1,1,drift_not_confirmed;reference_updated,voltage_rolling_mean,voltage_rolling_mean=233.597299;source_publish_interval=0.504068,voltage_rolling_mean,0.8872919715940952,12.104000197723508,13.021209044381976
2026-08-10T16:30:39.480899+00:00,measurement_drift_01,meter_03,256,none,none,none,none,none,none,0.999998924019623,0.45731255577092567,0,,0,0,drift_not_confirmed,,voltage_rolling_mean=230.658893;source_publish_interval=0.504068,,0.5485420115292072,9.520958876237273,10.090166935697198
2026-08-10T16:30:39.948258+00:00,measurement_drift_01,meter_01,257,none,none,none,unknown,unknown,unknown,0.9999992071483697,0.6119842998348249,0,,0,0,drift_not_confirmed,,voltage_rolling_mean=231.644142;source_publish_interval=0.504067,,2.539207926020026,18.977874889969826,21.551874931901693
2026-08-10T16:30:39.970242+00:00,measurement_drift_01,meter_02,257,none,measurement_shift,none,none,none,normal_drift,0.9999862820443689,0.5595195639143834,0,,1,0,collecting_candidates;drift_not_confirmed,voltage_rolling_mean,voltage_rolling_mean=233.597299;source_publish_interval=0.504068,voltage_rolling_mean,0.7778329309076071,11.704833945259452,12.506624916568398
2026-08-10T16:30:39.982891+00:00,measurement_drift_01,meter_03,257,none,none,none,none,none,none,0.9999990093800574,0.4520934466180048,0,,0,0,drift_not_confirmed,,voltage_rolling_mean=230.658893;source_publish_interval=0.504068,,0.5523331928998232,9.535874938592315,10.108166839927435
2026-08-10T16:30:40.451704+00:00,measurement_drift_01,meter_01,258,none,none,none,none,none,none,0.9999817118416297,0.5489990006595564,0,,0,0,drift_not_confirmed,,voltage_rolling_mean=231.644142;source_publish_interval=0.504067,,1.9610829185694456,22.22391706891358,24.22666596248746
2026-08-10T16:30:40.476308+00:00,measurement_drift_01,meter_02,258,none,measurement_shift,none,none,none,normal_drift,0.9999886308611103,0.6054090130152773,0,,1,0,collecting_candidates;drift_not_confirmed,voltage_rolling_mean,voltage_rolling_mean=233.597299;source_publish_interval=0.504068,voltage_rolling_mean,0.843999907374382,11.943666962906718,12.811708031222224
2026-08-10T16:30:40.489256+00:00,measurement_drift_01,meter_03,258,none,none,none,none,none,none,0.999995690134574,0.529651451945239,0,,0,0,drift_not_confirmed,,voltage_rolling_mean=230.658893;source_publish_interval=0.504068,,0.5378329660743475,9.585333056747913,10.142541024833918
2026-08-10T16:30:40.956706+00:00,measurement_drift_01,meter_01,259,none,none,none,none,none,none,0.9999969603369344,0.46105749358637854,0,,0,0,drift_not_confirmed,,voltage_rolling_mean=231.644142;source_publish_interval=0.504067,,2.612125128507614,17.120207892730832,19.766666926443577
2026-08-10T16:30:40.976886+00:00,measurement_drift_01,meter_02,259,none,measurement_shift,none,none,none,normal_drift,0.9999820531914017,0.5504412077414386,0,,1,0,collecting_candidates;drift_not_confirmed,voltage_rolling_mean,voltage_rolling_mean=233.597299;source_publish_interval=0.504068,voltage_rolling_mean,0.7755409460514784,11.146040866151452,11.944249970838428
2026-08-10T16:30:40.988961+00:00,measurement_drift_01,meter_03,259,none,none,none,none,none,none,0.9999991500530071,0.49709508099676597,0,,0,0,drift_not_confirmed,,voltage_rolling_mean=230.658893;source_publish_interval=0.504068,,0.5234999116510153,9.545749984681606,10.093207936733961
2026-08-10T16:30:41.461865+00:00,measurement_drift_01,meter_01,260,none,none,none,none,none,none,0.9999973232391769,0.44760237296703154,0,,0,0,drift_not_confirmed,,voltage_rolling_mean=231.644142;source_publish_interval=0.504067,,2.8523339424282312,16.791291069239378,19.689290784299374
2026-08-10T16:30:41.481966+00:00,measurement_drift_01,meter_02,260,none,measurement_shift,none,none,none,normal_drift,0.999994114587412,0.552628367255601,0,,1,0,collecting_candidates;drift_not_confirmed,voltage_rolling_mean,voltage_rolling_mean=233.597299;source_publish_interval=0.504068,voltage_rolling_mean,0.6996251177042723,10.990416165441275,11.713167186826468
2026-08-10T16:30:41.493794+00:00,measurement_drift_01,meter_03,260,none,none,none,none,none,none,0.9999984807561446,0.44798772806817355,0,,0,0,drift_not_confirmed,,voltage_rolling_mean=230.658893;source_publish_interval=0.504068,,0.5257090087980032,9.148332988843322,9.692457970231771
2026-08-10T16:30:41.966265+00:00,measurement_drift_01,meter_01,261,none,none,none,none,none,none,0.9999970498223786,0.4579538280961172,0,,0,0,drift_not_confirmed,,voltage_rolling_mean=231.644142;source_publish_interval=0.504067,,1.8561671022325754,21.66324993595481,23.559250170364976
2026-08-10T16:30:41.990135+00:00,measurement_drift_01,meter_02,261,none,measurement_shift,none,none,none,normal_drift,0.9999983797667992,0.5506200617699544,0,,1,0,collecting_candidates;drift_not_confirmed,voltage_rolling_mean,voltage_rolling_mean=233.597299;source_publish_interval=0.504068,voltage_rolling_mean,0.731165986508131,12.209792155772448,12.96933414414525
2026-08-10T16:30:42.003227+00:00,measurement_drift_01,meter_03,261,none,none,none,none,none,none,0.9999864067608566,0.47258397018443693,0,,0,0,drift_not_confirmed,,voltage_rolling_mean=230.658893;source_publish_interval=0.504068,,0.5929158069193363,9.509125025942922,10.121250059455633
2026-08-10T16:30:42.471433+00:00,measurement_drift_01,meter_01,262,none,none,none,none,none,none,0.9999979196097669,0.43891939385160195,0,,0,0,drift_not_confirmed,,voltage_rolling_mean=231.644142;source_publish_interval=0.504067,,1.978083048015833,22.178665967658162,24.19833280146122
2026-08-10T16:30:42.496036+00:00,measurement_drift_01,meter_02,262,none,measurement_shift,none,none,none,normal_drift,0.999994571178949,0.5506086365163805,0,,1,0,collecting_candidates;drift_not_confirmed,voltage_rolling_mean,voltage_rolling_mean=233.597299;source_publish_interval=0.504068,voltage_rolling_mean,0.865875044837594,12.184916995465755,13.078832998871803
2026-08-10T16:30:42.509254+00:00,measurement_drift_01,meter_03,262,none,none,none,none,none,none,0.9999984971364579,0.4853603677110926,0,,0,0,drift_not_confirmed,,voltage_rolling_mean=230.658893;source_publish_interval=0.504068,,0.5362080410122871,9.705417091026902,10.262459050863981
2026-08-10T16:30:42.975314+00:00,measurement_drift_01,meter_01,263,none,none,none,none,none,none,0.99999740263735,0.5216013672908738,0,,0,0,drift_not_confirmed,,voltage_rolling_mean=231.644142;source_publish_interval=0.504067,,1.9365421030670404,22.280625067651272,24.257707875221968
2026-08-10T16:30:43.000008+00:00,measurement_drift_01,meter_02,263,none,measurement_shift,none,none,none,normal_drift,0.9999979783801263,0.5503016162606356,0,,1,0,collecting_candidates;drift_not_confirmed,voltage_rolling_mean,voltage_rolling_mean=233.597299;source_publish_interval=0.504068,voltage_rolling_mean,0.8843750692903996,12.072667013853788,12.98316684551537
2026-08-10T16:30:43.013138+00:00,measurement_drift_01,meter_03,263,none,none,none,none,none,none,0.9999982401376448,0.45137854962054846,0,,0,0,drift_not_confirmed,,voltage_rolling_mean=230.658893;source_publish_interval=0.504068,,0.5373340100049973,9.531833929941058,10.089874966070056
2026-08-10T16:30:43.477858+00:00,measurement_drift_01,meter_01,264,none,none,none,none,none,none,0.9999979562265088,0.4425184233302296,0,,0,0,drift_not_confirmed,,voltage_rolling_mean=231.644142;source_publish_interval=0.504067,,2.0829159766435623,22.4305409938097,24.5514998678118
2026-08-10T16:30:43.502817+00:00,measurement_drift_01,meter_02,264,none,measurement_shift,none,none,none,normal_drift,0.9999982830112117,0.5460794407434313,0,,1,0,collecting_candidates;drift_not_confirmed,voltage_rolling_mean,voltage_rolling_mean=233.597299;source_publish_interval=0.504068,voltage_rolling_mean,0.8511249907314777,12.101666070520878,12.978000100702047
2026-08-10T16:30:43.515932+00:00,measurement_drift_01,meter_03,264,none,none,none,none,none,none,0.999998539183539,0.4744905541308213,0,,0,0,drift_not_confirmed,,voltage_rolling_mean=230.658893;source_publish_interval=0.504068,,0.5488749593496323,9.582250146195292,10.151500115171075
2026-08-10T16:30:43.982744+00:00,measurement_drift_01,meter_01,265,none,none,none,none,none,none,0.9999972223862756,0.4702343923382228,0,,0,0,drift_not_confirmed,,voltage_rolling_mean=231.644142;source_publish_interval=0.504067,,2.0037079229950905,22.662374889478087,24.713625200092793
2026-08-10T16:30:44.007826+00:00,measurement_drift_01,meter_02,265,none,measurement_shift,none,none,none,normal_drift,0.9999961348713561,0.534878195854864,0,,1,0,collecting_candidates;drift_not_confirmed,voltage_rolling_mean,voltage_rolling_mean=233.597299;source_publish_interval=0.504068,voltage_rolling_mean,0.9005421306937933,12.25945819169283,13.185624964535236
2026-08-10T16:30:44.021153+00:00,measurement_drift_01,meter_03,265,none,none,none,none,none,none,0.9999982975857099,0.47994613344222026,0,,0,0,drift_not_confirmed,,voltage_rolling_mean=230.658893;source_publish_interval=0.504068,,0.5435000639408827,9.612957946956158,10.183207923546433
2026-08-10T16:30:44.485319+00:00,measurement_drift_01,meter_01,266,none,none,none,none,none,none,0.9999984362460963,0.4701549562662001,0,,0,0,drift_not_confirmed,,voltage_rolling_mean=231.644142;source_publish_interval=0.504067,,1.9001250620931387,21.92779118195176,23.869584081694484
2026-08-10T16:30:44.509561+00:00,measurement_drift_01,meter_02,266,none,measurement_shift,none,none,none,normal_drift,0.9999977597378759,0.5699630817784577,0,,1,0,collecting_candidates;drift_not_confirmed,voltage_rolling_mean,voltage_rolling_mean=233.597299;source_publish_interval=0.504068,voltage_rolling_mean,0.7816660217940807,12.187250191345811,12.99337507225573
2026-08-10T16:30:44.522677+00:00,measurement_drift_01,meter_03,266,none,none,none,none,none,none,0.9999991429772268,0.44732625659533914,0,,0,0,drift_not_confirmed,,voltage_rolling_mean=230.658893;source_publish_interval=0.504068,,0.5708339158445597,9.490625001490116,10.080583160743117
2026-08-10T16:30:44.989276+00:00,measurement_drift_01,meter_01,267,none,none,none,none,none,none,0.9999986224566213,0.44870716353659656,0,,0,0,drift_not_confirmed,,voltage_rolling_mean=231.644142;source_publish_interval=0.504067,,2.2394999396055937,18.538458039984107,20.81020805053413
2026-08-10T16:30:45.010457+00:00,measurement_drift_01,meter_02,267,none,measurement_shift,none,none,none,normal_drift,0.9999976091798001,0.5396143640354631,0,,1,0,collecting_candidates;drift_not_confirmed,voltage_rolling_mean,voltage_rolling_mean=233.597299;source_publish_interval=0.504068,voltage_rolling_mean,0.7377080619335175,11.88454101793468,12.645582901313901
2026-08-10T16:30:45.023201+00:00,measurement_drift_01,meter_03,267,none,none,none,none,none,none,0.999998891627513,0.4483540381046735,0,,0,0,drift_not_confirmed,,voltage_rolling_mean=230.658893;source_publish_interval=0.504068,,0.5482081323862076,9.392667096108198,9.958249982446432
2026-08-10T16:30:45.494682+00:00,measurement_drift_01,meter_01,268,none,none,none,none,none,none,0.9999988590345639,0.4474360434835438,0,,0,0,drift_not_confirmed,,voltage_rolling_mean=231.644142;source_publish_interval=0.504067,,1.9610419403761625,22.067708196118474,24.072916945442557
2026-08-10T16:30:45.519139+00:00,measurement_drift_01,meter_02,268,none,measurement_shift,none,none,none,normal_drift,0.999996476012688,0.5341817142047904,0,,1,0,collecting_candidates;drift_not_confirmed,voltage_rolling_mean,voltage_rolling_mean=233.597299;source_publish_interval=0.504068,voltage_rolling_mean,0.8872500620782375,12.024583062157035,12.944166082888842
2026-08-10T16:30:45.532210+00:00,measurement_drift_01,meter_03,268,none,none,none,none,none,none,0.9999982252960152,0.48014667384756893,0,,0,0,drift_not_confirmed,,voltage_rolling_mean=230.658893;source_publish_interval=0.504068,,0.533832935616374,9.618791984394193,10.172707960009575
2026-08-10T16:30:45.995046+00:00,measurement_drift_01,meter_01,269,none,none,none,none,none,none,0.9999986565876942,0.590760848957523,0,,0,0,drift_not_confirmed,,voltage_rolling_mean=231.644142;source_publish_interval=0.504067,,1.9293329678475857,21.83225005865097,23.801916977390647
2026-08-10T16:30:46.019172+00:00,measurement_drift_01,meter_02,269,none,measurement_shift,none,none,none,normal_drift,0.9999992327995861,0.550448955687513,0,,1,0,collecting_candidates;drift_not_confirmed,voltage_rolling_mean,voltage_rolling_mean=233.597299;source_publish_interval=0.504068,voltage_rolling_mean,0.8771661669015884,12.085541151463985,12.987625086680055
2026-08-10T16:30:46.032282+00:00,measurement_drift_01,meter_03,269,none,none,none,none,none,none,0.9999992097954578,0.46670036846239044,0,,0,0,drift_not_confirmed,,voltage_rolling_mean=230.658893;source_publish_interval=0.504068,,0.537332845851779,9.58012486808002,10.1370420306921
2026-08-10T16:30:46.500452+00:00,measurement_drift_01,meter_01,270,none,none,none,none,none,none,0.9999996464596441,0.5543438829286654,0,,0,0,drift_not_confirmed,,voltage_rolling_mean=231.644142;source_publish_interval=0.504067,,1.9298340193927288,21.433041896671057,23.40120915323496
2026-08-10T16:30:46.524207+00:00,measurement_drift_01,meter_02,270,none,measurement_shift,none,none,none,normal_drift,0.9999973971310382,0.5462898023006717,0,,1,0,collecting_candidates;drift_not_confirmed,voltage_rolling_mean,voltage_rolling_mean=233.597299;source_publish_interval=0.504068,voltage_rolling_mean,0.8021669927984476,11.948083061724901,12.775625102221966
2026-08-10T16:30:46.537113+00:00,measurement_drift_01,meter_03,270,none,none,none,none,none,none,0.9999992304719882,0.4641197852762633,0,,0,0,drift_not_confirmed,,voltage_rolling_mean=230.658893;source_publish_interval=0.504068,,0.6065838970243931,9.617875097319484,10.243625147268176
2026-08-10T16:30:47.005497+00:00,measurement_drift_01,meter_01,271,none,none,none,none,none,none,0.9999984346009383,0.44301116851287553,0,,0,0,drift_not_confirmed,,voltage_rolling_mean=231.644142;source_publish_interval=0.504067,,2.0475839264690876,22.130916127935052,24.219458922743797
2026-08-10T16:30:47.030132+00:00,measurement_drift_01,meter_02,271,none,measurement_shift,none,none,none,normal_drift,0.9999972182526634,0.5426861194744561,0,,1,0,collecting_candidates;drift_not_confirmed,voltage_rolling_mean,voltage_rolling_mean=233.597299;source_publish_interval=0.504068,voltage_rolling_mean,0.7697909604758024,11.977083049714565,12.770500034093857
2026-08-10T16:30:47.043009+00:00,measurement_drift_01,meter_03,271,none,none,none,none,none,none,0.9999980515312974,0.4608440386755352,0,,0,0,drift_not_confirmed,,voltage_rolling_mean=230.658893;source_publish_interval=0.504068,,0.585292000323534,9.561582934111357,10.165583109483123
2026-08-10T16:30:47.510097+00:00,measurement_drift_01,meter_01,272,none,none,none,none,none,none,0.9999995415970907,0.4667679280038713,0,,0,0,drift_not_confirmed,,voltage_rolling_mean=231.644142;source_publish_interval=0.504067,,1.8927501514554024,21.323584020137787,23.249999852851033
2026-08-10T16:30:47.533657+00:00,measurement_drift_01,meter_02,272,none,measurement_shift,none,none,none,normal_drift,0.99999789952653,0.5389649593059668,0,,1,0,collecting_candidates;drift_not_confirmed,voltage_rolling_mean,voltage_rolling_mean=233.597299;source_publish_interval=0.504068,voltage_rolling_mean,0.794542022049427,11.756707914173603,12.574708089232445
2026-08-10T16:30:47.546353+00:00,measurement_drift_01,meter_03,272,none,none,none,none,none,none,0.9999956691209719,0.4488938087815954,0,,0,0,drift_not_confirmed,,voltage_rolling_mean=230.658893;source_publish_interval=0.504068,,0.597124919295311,9.655250003561378,10.27037505991757
2026-08-10T16:30:48.014031+00:00,measurement_drift_01,meter_01,273,none,none,none,none,none,none,0.9999987255824531,0.4406329411929438,0,,0,0,drift_not_confirmed,,voltage_rolling_mean=231.644142;source_publish_interval=0.504067,,1.9136250484734774,21.85666700825095,23.80658290348947
2026-08-10T16:30:48.038153+00:00,measurement_drift_01,meter_02,273,none,measurement_shift,none,none,none,normal_drift,0.9999878561616565,0.5598645565152702,0,,1,0,collecting_candidates;drift_not_confirmed,voltage_rolling_mean,voltage_rolling_mean=233.597299;source_publish_interval=0.504068,voltage_rolling_mean,0.8872500620782375,11.975290952250361,12.885750038549304
2026-08-10T16:30:48.051149+00:00,measurement_drift_01,meter_03,273,none,none,none,none,none,none,0.9999964096634608,0.5655475158117041,0,,0,0,drift_not_confirmed,,voltage_rolling_mean=230.658893;source_publish_interval=0.504068,,0.53808419033885,9.533749893307686,10.089250048622489
2026-08-10T16:30:48.518069+00:00,measurement_drift_01,meter_01,274,none,none,none,none,none,none,0.9999977991347048,0.4829675781818503,0,,0,0,drift_not_confirmed,,voltage_rolling_mean=231.644142;source_publish_interval=0.504067,,2.2765828762203455,20.798749988898635,23.113791132345796
2026-08-10T16:30:48.541591+00:00,measurement_drift_01,meter_02,274,none,measurement_shift,none,none,none,normal_drift,0.9999979218783537,0.5465823904871696,0,,1,0,collecting_candidates;drift_not_confirmed,voltage_rolling_mean,voltage_rolling_mean=233.597299;source_publish_interval=0.504068,voltage_rolling_mean,0.9025000035762787,11.964417062699795,12.890416895970702
2026-08-10T16:30:48.554607+00:00,measurement_drift_01,meter_03,274,none,none,none,none,none,none,0.9999978077210655,0.45163971704897715,0,,0,0,drift_not_confirmed,,voltage_rolling_mean=230.658893;source_publish_interval=0.504068,,0.5421249661594629,9.85429110005498,10.417541023343801
2026-08-10T16:30:49.023041+00:00,measurement_drift_01,meter_01,275,none,none,none,none,none,none,0.9999986582133328,0.4651562491792498,0,,0,0,drift_not_confirmed,,voltage_rolling_mean=231.644142;source_publish_interval=0.504067,,1.995542086660862,21.976042073220015,24.009125074371696
2026-08-10T16:30:49.047423+00:00,measurement_drift_01,meter_02,275,none,measurement_shift,none,none,none,normal_drift,0.9999969661163953,0.5616192815887117,0,,1,0,collecting_candidates;drift_not_confirmed,voltage_rolling_mean,voltage_rolling_mean=233.597299;source_publish_interval=0.504068,voltage_rolling_mean,0.8856249041855335,12.053542071953416,12.962374836206436
2026-08-10T16:30:49.060506+00:00,measurement_drift_01,meter_03,275,none,none,none,none,none,none,0.9999985644887553,0.46505202604752754,0,,0,0,drift_not_confirmed,,voltage_rolling_mean=230.658893;source_publish_interval=0.504068,,0.5448749288916588,9.660916868597269,10.223833844065666
2026-08-10T16:30:49.526771+00:00,measurement_drift_01,meter_01,276,none,none,none,none,none,none,0.9999994964758312,0.4879392156059573,0,,0,0,drift_not_confirmed,,voltage_rolling_mean=231.644142;source_publish_interval=0.504067,,2.2026249207556248,20.634250016883016,22.87079207599163
2026-08-10T16:30:49.550019+00:00,measurement_drift_01,meter_02,276,none,measurement_shift,none,unknown,unknown,normal_drift,0.9999975726301535,0.6111873848068292,0,,1,1,drift_not_confirmed;reference_updated,voltage_rolling_mean,voltage_rolling_mean=233.339482;source_publish_interval=0.504068,voltage_rolling_mean,0.7597499061375856,11.810125084593892,12.596833985298872
2026-08-10T16:30:49.562735+00:00,measurement_drift_01,meter_03,276,none,none,none,none,none,none,0.9999987146021123,0.4669263336513777,0,,0,0,drift_not_confirmed,,voltage_rolling_mean=230.658893;source_publish_interval=0.504068,,0.6054160185158253,9.558375226333737,10.183041915297508
2026-08-10T16:30:50.031587+00:00,measurement_drift_01,meter_01,277,none,none,none,none,none,none,0.9999996577152291,0.48175242786672307,0,,0,0,drift_not_confirmed,,voltage_rolling_mean=231.644142;source_publish_interval=0.504067,,2.8242499101907015,20.27141605503857,23.13237520866096
2026-08-10T16:30:50.055063+00:00,measurement_drift_01,meter_02,277,none,measurement_shift,none,none,none,normal_drift,0.9999979543671662,0.5340701220250053,0,,1,0,collecting_candidates;drift_not_confirmed,voltage_rolling_mean,voltage_rolling_mean=233.339482;source_publish_interval=0.504068,voltage_rolling_mean,0.8303329814225435,11.690292041748762,12.541333911940455
2026-08-10T16:30:50.067703+00:00,measurement_drift_01,meter_03,277,none,none,none,none,none,none,0.9999922395781634,0.44756294610899705,0,,0,0,drift_not_confirmed,,voltage_rolling_mean=230.658893;source_publish_interval=0.504068,,0.5311670247465372,9.435457875952125,9.984709089621902
2026-08-10T16:30:50.533140+00:00,measurement_drift_01,meter_01,278,none,none,none,none,none,none,0.9999994587062823,0.44575911608389446,0,,0,0,drift_not_confirmed,,voltage_rolling_mean=231.644142;source_publish_interval=0.504067,,3.085833042860031,18.102125031873584,21.21970895677805
2026-08-10T16:30:50.554732+00:00,measurement_drift_01,meter_02,278,none,measurement_shift,none,none,none,normal_drift,0.9999983515104766,0.5338761914886999,0,,1,0,collecting_candidates;drift_not_confirmed,voltage_rolling_mean,voltage_rolling_mean=233.339482;source_publish_interval=0.504068,voltage_rolling_mean,0.7456669118255377,11.287415865808725,12.055000057443976
2026-08-10T16:30:50.566901+00:00,measurement_drift_01,meter_03,278,none,none,none,none,none,none,0.9998651853609292,0.5241235071822339,0,,0,0,drift_not_confirmed,,voltage_rolling_mean=230.658893;source_publish_interval=0.504068,,0.5452081095427275,9.45150014013052,10.015500010922551
2026-08-10T16:30:51.037971+00:00,measurement_drift_01,meter_01,279,none,none,none,none,none,none,0.9999982777006138,0.4435570766217253,0,,0,0,drift_not_confirmed,,voltage_rolling_mean=231.644142;source_publish_interval=0.504067,,2.3102080449461937,19.600874977186322,21.95058297365904
2026-08-10T16:30:51.060334+00:00,measurement_drift_01,meter_02,279,none,measurement_shift,none,none,none,normal_drift,0.9999662517632425,0.5715145359304448,0,,1,0,collecting_candidates;drift_not_confirmed,voltage_rolling_mean,voltage_rolling_mean=233.339482;source_publish_interval=0.504068,voltage_rolling_mean,0.7698340341448784,11.947915889322758,12.739416910335422
2026-08-10T16:30:51.073194+00:00,measurement_drift_01,meter_03,279,none,none,none,none,none,none,0.9999960690613772,0.4982603444237793,0,,0,0,drift_not_confirmed,,voltage_rolling_mean=230.658893;source_publish_interval=0.504068,,0.5353749729692936,9.461124893277884,10.014791041612625
2026-08-10T16:30:51.539399+00:00,measurement_drift_01,meter_01,280,none,none,none,none,none,none,0.9999995083504231,0.4928069165796407,0,,0,0,drift_not_confirmed,,voltage_rolling_mean=231.644142;source_publish_interval=0.504067,,1.9605830311775208,22.281500045210123,24.285624967887998
2026-08-10T16:30:51.564016+00:00,measurement_drift_01,meter_02,280,none,measurement_shift,none,none,none,normal_drift,0.9999894737756124,0.5352663636235708,0,,1,0,collecting_candidates;drift_not_confirmed,voltage_rolling_mean,voltage_rolling_mean=233.339482;source_publish_interval=0.504068,voltage_rolling_mean,0.8776669856160879,12.030124897137284,12.930166907608509
2026-08-10T16:30:51.577057+00:00,measurement_drift_01,meter_03,280,none,none,none,none,none,none,0.9999951742201334,0.542831540272595,0,,0,0,drift_not_confirmed,,voltage_rolling_mean=230.658893;source_publish_interval=0.504068,,0.5457920487970114,9.628959000110626,10.193374939262867
2026-08-10T16:30:52.044256+00:00,measurement_drift_01,meter_01,281,none,none,none,none,none,none,0.9999985014932227,0.4743964568106266,0,,0,0,drift_not_confirmed,,voltage_rolling_mean=231.644142;source_publish_interval=0.504067,,2.684958977624774,19.312750082463026,22.03312492929399
2026-08-10T16:30:52.066659+00:00,measurement_drift_01,meter_02,281,none,measurement_shift,none,none,none,normal_drift,0.9999980098520805,0.5313507806567066,0,,1,0,collecting_candidates;drift_not_confirmed,voltage_rolling_mean,voltage_rolling_mean=233.339482;source_publish_interval=0.504068,voltage_rolling_mean,0.7513330783694983,11.612291913479567,12.384957866743207
2026-08-10T16:30:52.079147+00:00,measurement_drift_01,meter_03,281,none,none,none,none,none,none,0.9999986880571335,0.4574383079175246,0,,0,0,drift_not_confirmed,,voltage_rolling_mean=230.658893;source_publish_interval=0.504068,,0.5359579809010029,9.378625079989433,9.932416025549173
2026-08-10T16:30:52.548915+00:00,measurement_drift_01,meter_01,282,none,none,none,none,none,none,0.9999991491666549,0.46935684344722794,0,,0,0,drift_not_confirmed,,voltage_rolling_mean=231.644142;source_publish_interval=0.504067,,1.9775000400841236,22.69970905035734,24.727457901462913
2026-08-10T16:30:52.574033+00:00,measurement_drift_01,meter_02,282,none,measurement_shift,none,none,none,normal_drift,0.9999965028419177,0.5692547102531108,0,,1,0,collecting_candidates;drift_not_confirmed,voltage_rolling_mean,voltage_rolling_mean=233.339482;source_publish_interval=0.504068,voltage_rolling_mean,0.8759580086916685,12.02587503939867,12.926958035677671
2026-08-10T16:30:52.587101+00:00,measurement_drift_01,meter_03,282,none,none,none,none,none,none,0.999998413416861,0.5533336999575754,0,,0,0,drift_not_confirmed,,voltage_rolling_mean=230.658893;source_publish_interval=0.504068,,0.5652920808643103,9.59504209458828,10.180041892454028
2026-08-10T16:30:53.054048+00:00,measurement_drift_01,meter_01,283,none,none,none,none,none,none,0.9999988044949587,0.4537221889078978,0,,0,0,drift_not_confirmed,,voltage_rolling_mean=231.644142;source_publish_interval=0.504067,,1.9919578917324543,21.387582877650857,23.42179208062589
2026-08-10T16:30:53.077775+00:00,measurement_drift_01,meter_02,283,none,measurement_shift,none,unknown,unknown,normal_drift,0.9999975383818704,0.6191547197517296,0,,1,0,collecting_candidates;drift_not_confirmed,voltage_rolling_mean,voltage_rolling_mean=233.339482;source_publish_interval=0.504068,voltage_rolling_mean,0.74795912951231,11.971125146374106,12.743124971166253
2026-08-10T16:30:53.090644+00:00,measurement_drift_01,meter_03,283,none,none,none,none,none,none,0.9999974471419842,0.4501408565381469,0,,0,0,drift_not_confirmed,,voltage_rolling_mean=230.658893;source_publish_interval=0.504068,,0.6072500254958868,9.819625178351998,10.445625055581331
2026-08-10T16:30:53.558815+00:00,measurement_drift_01,meter_01,284,none,none,none,none,none,none,0.9999989281407029,0.4635871498904281,0,,0,0,drift_not_confirmed,,voltage_rolling_mean=231.644142;source_publish_interval=0.504067,,1.9835839048027992,22.507332963868976,24.533624993637204
2026-08-10T16:30:53.583728+00:00,measurement_drift_01,meter_02,284,none,measurement_shift,none,none,none,normal_drift,0.9999980759826385,0.5446763207121117,0,,1,0,collecting_candidates;drift_not_confirmed,voltage_rolling_mean,voltage_rolling_mean=233.339482;source_publish_interval=0.504068,voltage_rolling_mean,0.9009581990540028,12.15887488797307,13.08320788666606
2026-08-10T16:30:53.596938+00:00,measurement_drift_01,meter_03,284,none,none,none,none,none,none,0.9999895233705041,0.4698364773114625,0,,0,0,drift_not_confirmed,,voltage_rolling_mean=230.658893;source_publish_interval=0.504068,,0.5471671465784311,9.525667177513242,10.091207921504974
2026-08-10T16:30:54.063962+00:00,measurement_drift_01,meter_01,285,none,none,none,none,none,none,0.9999988419010659,0.4700983386281528,0,,0,0,drift_not_confirmed,,voltage_rolling_mean=231.644142;source_publish_interval=0.504067,,2.2176250349730253,20.24674997664988,22.501958068460226
2026-08-10T16:30:54.086834+00:00,measurement_drift_01,meter_02,285,none,measurement_shift,none,none,none,normal_drift,0.9999979556011456,0.5599086946178407,0,,1,0,collecting_candidates;drift_not_confirmed,voltage_rolling_mean,voltage_rolling_mean=233.339482;source_publish_interval=0.504068,voltage_rolling_mean,0.7455828599631786,11.718624969944358,12.486333027482033
2026-08-10T16:30:54.099429+00:00,measurement_drift_01,meter_03,285,none,none,none,none,none,none,0.9999955858536304,0.46256609739605853,0,,0,0,drift_not_confirmed,,voltage_rolling_mean=230.658893;source_publish_interval=0.504068,,0.5407920107245445,9.527666959911585,10.08775015361607
2026-08-10T16:30:54.569724+00:00,measurement_drift_01,meter_01,286,none,none,none,none,none,none,0.999998561903664,0.5096731678142328,0,,0,0,drift_not_confirmed,,voltage_rolling_mean=231.644142;source_publish_interval=0.504067,,2.0647088531404734,21.63224993273616,23.740499978885055
2026-08-10T16:30:54.593841+00:00,measurement_drift_01,meter_02,286,none,measurement_shift,none,none,none,normal_drift,0.9999975208490448,0.5345730318191778,0,,1,0,collecting_candidates;drift_not_confirmed,voltage_rolling_mean,voltage_rolling_mean=233.339482;source_publish_interval=0.504068,voltage_rolling_mean,0.8703749626874924,12.275583110749722,13.171250000596046
2026-08-10T16:30:54.607152+00:00,measurement_drift_01,meter_03,286,none,none,none,none,none,none,0.9999936254842098,0.45892723259425305,0,,0,0,drift_not_confirmed,,voltage_rolling_mean=230.658893;source_publish_interval=0.504068,,0.5917500238865614,9.885792154818773,10.497875045984983
2026-08-10T16:30:55.074268+00:00,measurement_drift_01,meter_01,287,none,none,none,none,none,none,0.9999967349270297,0.4501886397354232,0,,0,0,drift_not_confirmed,,voltage_rolling_mean=231.644142;source_publish_interval=0.504067,,2.2966249380260706,22.363041061908007,24.701833026483655
2026-08-10T16:30:55.099402+00:00,measurement_drift_01,meter_02,287,none,measurement_shift,none,none,none,normal_drift,0.9999972836696843,0.573899824652261,0,,1,0,collecting_candidates;drift_not_confirmed,voltage_rolling_mean,voltage_rolling_mean=233.339482;source_publish_interval=0.504068,voltage_rolling_mean,0.8750418201088905,12.164000188931823,13.066000072285533
2026-08-10T16:30:55.112616+00:00,measurement_drift_01,meter_03,287,none,none,none,none,none,none,0.9999905573951181,0.46934541928040224,0,,0,0,drift_not_confirmed,,voltage_rolling_mean=230.658893;source_publish_interval=0.504068,,0.5697919987142086,9.531874908134341,10.121583007276058
2026-08-10T16:30:55.579419+00:00,measurement_drift_01,meter_01,288,none,none,none,none,none,none,0.9999984710564,0.47274844763230384,0,,0,0,drift_not_confirmed,,voltage_rolling_mean=231.644142;source_publish_interval=0.504067,,2.5262499693781137,22.379959002137184,24.94508307427168
2026-08-10T16:30:55.604750+00:00,measurement_drift_01,meter_02,288,none,measurement_shift,none,none,none,normal_drift,0.9999980016312149,0.5347776044904529,0,,1,0,collecting_candidates;drift_not_confirmed,voltage_rolling_mean,voltage_rolling_mean=233.339482;source_publish_interval=0.504068,voltage_rolling_mean,0.8527911268174648,12.082499917596579,12.962042121216655
2026-08-10T16:30:55.617832+00:00,measurement_drift_01,meter_03,288,none,none,none,none,none,none,0.9999959286504637,0.45515071413739927,0,,0,0,drift_not_confirmed,,voltage_rolling_mean=230.658893;source_publish_interval=0.504068,,0.590125098824501,9.58012486808002,10.188791900873184
2026-08-10T16:30:56.084370+00:00,measurement_drift_01,meter_01,289,none,none,none,none,none,none,0.999999562395996,0.4534454595116681,0,,0,0,drift_not_confirmed,,voltage_rolling_mean=231.644142;source_publish_interval=0.504067,,2.7344999834895134,17.79604097828269,20.562333054840565
2026-08-10T16:30:56.105327+00:00,measurement_drift_01,meter_02,289,none,measurement_shift,none,none,none,normal_drift,0.9999934169916277,0.5390285094255218,0,,1,0,collecting_candidates;drift_not_confirmed,voltage_rolling_mean,voltage_rolling_mean=233.339482;source_publish_interval=0.504068,voltage_rolling_mean,0.7408750243484974,11.505540926009417,12.270540930330753
2026-08-10T16:30:56.117703+00:00,measurement_drift_01,meter_03,289,none,none,none,none,none,none,0.9999985464980777,0.5035887383433868,0,,0,0,drift_not_confirmed,,voltage_rolling_mean=230.658893;source_publish_interval=0.504068,,0.5464591085910797,9.40620806068182,9.970499901100993
2026-08-10T16:30:56.589254+00:00,measurement_drift_01,meter_01,290,none,none,none,none,none,none,0.9999987898123677,0.4812807229418604,0,,0,0,drift_not_confirmed,,voltage_rolling_mean=231.644142;source_publish_interval=0.504067,,2.7717500925064087,21.8449579551816,24.656540947034955
2026-08-10T16:30:56.614333+00:00,measurement_drift_01,meter_02,290,none,measurement_shift,none,none,none,normal_drift,0.9999959449528706,0.6036607766230453,0,,1,0,collecting_candidates;drift_not_confirmed,voltage_rolling_mean,voltage_rolling_mean=233.339482;source_publish_interval=0.504068,voltage_rolling_mean,0.8497908711433411,11.975792003795505,12.848209124058485
2026-08-10T16:30:56.627301+00:00,measurement_drift_01,meter_03,290,none,none,none,none,none,none,0.999997430426192,0.5252745609574525,0,,0,0,drift_not_confirmed,,voltage_rolling_mean=230.658893;source_publish_interval=0.504068,,0.5187909118831158,9.561459068208933,10.100000072270632
2026-08-10T16:30:57.094484+00:00,measurement_drift_01,meter_01,291,none,none,none,none,none,none,0.9999990496197253,0.4570870187930829,0,,0,0,drift_not_confirmed,,voltage_rolling_mean=231.644142;source_publish_interval=0.504067,,2.2516250610351562,22.56154199130833,24.856832809746265
2026-08-10T16:30:57.119781+00:00,measurement_drift_01,meter_02,291,none,measurement_shift,none,none,none,normal_drift,0.9999970101887122,0.5309535296152612,0,,1,0,collecting_candidates;drift_not_confirmed,voltage_rolling_mean,voltage_rolling_mean=233.339482;source_publish_interval=0.504068,voltage_rolling_mean,0.8669588714838028,12.265832861885428,13.157916953787208
2026-08-10T16:30:57.133078+00:00,measurement_drift_01,meter_03,291,none,none,none,none,none,none,0.9998186399514399,0.44415906906413416,0,,0,0,drift_not_confirmed,,voltage_rolling_mean=230.658893;source_publish_interval=0.504068,,0.5238750018179417,9.581458056345582,10.124458000063896
2026-08-10T16:30:57.599801+00:00,measurement_drift_01,meter_01,292,none,none,none,none,none,none,0.9999995294772563,0.4540876082329873,0,,0,0,drift_not_confirmed,,voltage_rolling_mean=231.644142;source_publish_interval=0.504067,,3.000499913468957,16.481917118653655,19.519916968420148
2026-08-10T16:30:57.619719+00:00,measurement_drift_01,meter_02,292,none,measurement_shift,none,none,none,normal_drift,0.999994008504037,0.5539116981895008,0,,1,0,collecting_candidates;drift_not_confirmed,voltage_rolling_mean,voltage_rolling_mean=233.339482;source_publish_interval=0.504068,voltage_rolling_mean,0.7499579805880785,11.022291146218777,11.794500052928925
2026-08-10T16:30:57.631629+00:00,measurement_drift_01,meter_03,292,none,none,none,none,none,none,0.999988289413166,0.5107050847078465,0,,0,0,drift_not_confirmed,,voltage_rolling_mean=230.658893;source_publish_interval=0.504068,,0.5188749637454748,9.206416085362434,9.743500035256147
2026-08-10T16:30:58.104642+00:00,measurement_drift_01,meter_01,293,none,none,none,none,none,none,0.9999996170194877,0.4509272002283331,0,,0,0,drift_not_confirmed,,voltage_rolling_mean=231.644142;source_publish_interval=0.504067,,2.492791973054409,21.45124995149672,23.98237492889166
2026-08-10T16:30:58.129069+00:00,measurement_drift_01,meter_02,293,none,measurement_shift,none,none,none,normal_drift,0.9999951863590737,0.5379413172885532,0,,1,0,collecting_candidates;drift_not_confirmed,voltage_rolling_mean,voltage_rolling_mean=233.339482;source_publish_interval=0.504068,voltage_rolling_mean,0.828583026304841,11.937957955524325,12.78891577385366
2026-08-10T16:30:58.141983+00:00,measurement_drift_01,meter_03,293,none,none,none,none,none,none,0.999995933576842,0.4780812673927475,0,,0,0,drift_not_confirmed,,voltage_rolling_mean=230.658893;source_publish_interval=0.504068,,0.5151249933987856,9.592959191650152,10.128166060894728
2026-08-10T16:30:58.608040+00:00,measurement_drift_01,meter_01,294,none,none,none,none,none,none,0.9999996796269475,0.46980999821009667,0,,0,0,drift_not_confirmed,,voltage_rolling_mean=231.644142;source_publish_interval=0.504067,,2.0015828777104616,22.47291593812406,24.511124938726425
2026-08-10T16:30:58.632825+00:00,measurement_drift_01,meter_02,294,none,measurement_shift,none,none,none,normal_drift,0.9999974029038975,0.5389610799508262,0,,1,0,collecting_candidates;drift_not_confirmed,voltage_rolling_mean,voltage_rolling_mean=233.339482;source_publish_interval=0.504068,voltage_rolling_mean,0.8757920004427433,12.161417165771127,13.062708079814911
2026-08-10T16:30:58.646027+00:00,measurement_drift_01,meter_03,294,none,none,none,none,none,none,0.9999974285368967,0.46334524687633893,0,,0,0,drift_not_confirmed,,voltage_rolling_mean=230.658893;source_publish_interval=0.504068,,0.5674168933182955,9.804791072383523,10.391665855422616
2026-08-10T16:30:59.112114+00:00,measurement_drift_01,meter_01,295,none,none,none,none,none,none,0.9999996862832625,0.5080564287733232,0,,0,0,drift_not_confirmed,,voltage_rolling_mean=231.644142;source_publish_interval=0.504067,,2.667207969352603,17.658582888543606,20.36374993622303
2026-08-10T16:30:59.132874+00:00,measurement_drift_01,meter_02,295,none,measurement_shift,none,none,none,normal_drift,0.9999976659436041,0.5303435454242329,0,,1,0,collecting_candidates;drift_not_confirmed,voltage_rolling_mean,voltage_rolling_mean=233.339482;source_publish_interval=0.504068,voltage_rolling_mean,0.7367089856415987,11.354082962498069,12.111375108361244
2026-08-10T16:30:59.145091+00:00,measurement_drift_01,meter_03,295,none,none,none,none,none,none,0.9999961544578738,0.4619675461683004,0,,0,0,drift_not_confirmed,,voltage_rolling_mean=230.658893;source_publish_interval=0.504068,,0.5004170816391706,9.4184591434896,9.936667047441006
2026-08-10T16:30:59.616806+00:00,measurement_drift_01,meter_01,296,none,none,none,none,none,none,0.999999280089034,0.4562617356961118,0,,0,0,drift_not_confirmed,,voltage_rolling_mean=231.644142;source_publish_interval=0.504067,,2.548458054661751,19.0122090280056,21.591790951788425
2026-08-10T16:30:59.638784+00:00,measurement_drift_01,meter_02,296,none,measurement_shift,none,none,none,normal_drift,0.9999852339614568,0.5672746710600847,0,,1,1,drift_not_confirmed;reference_updated,voltage_rolling_mean,voltage_rolling_mean=233.482658;source_publish_interval=0.504068,voltage_rolling_mean,0.7239580154418945,11.398999951779842,12.147375149652362
2026-08-10T16:30:59.651047+00:00,measurement_drift_01,meter_03,296,none,none,none,none,none,none,0.9999931914095793,0.4471695921895503,0,,0,0,drift_not_confirmed,,voltage_rolling_mean=230.658893;source_publish_interval=0.504068,,0.5165410693734884,9.604040998965502,10.140457889065146
2026-08-10T16:31:00.118240+00:00,measurement_drift_01,meter_01,297,none,none,none,none,none,none,0.9999995333917117,0.46625755764852317,0,,0,0,drift_not_confirmed,,voltage_rolling_mean=231.644142;source_publish_interval=0.504067,,1.661582849919796,20.988917211070657,22.696084110066295
2026-08-10T16:31:00.141292+00:00,measurement_drift_01,meter_02,297,none,measurement_shift,none,none,none,normal_drift,0.9999463564876786,0.540236061466964,0,,1,0,collecting_candidates;drift_not_confirmed,voltage_rolling_mean,voltage_rolling_mean=233.482658;source_publish_interval=0.504068,voltage_rolling_mean,0.9023330640047789,12.563790893182158,13.507999945431948
2026-08-10T16:31:00.154955+00:00,measurement_drift_01,meter_03,297,none,none,none,none,none,none,0.9999928866764136,0.43691181409923463,0,,0,0,drift_not_confirmed,,voltage_rolling_mean=230.658893;source_publish_interval=0.504068,,0.6037079729139805,9.67866601422429,10.303458897396922
2026-08-10T16:31:00.621614+00:00,measurement_drift_01,meter_01,298,none,none,none,none,none,none,0.9999996620887532,0.49187981891981425,0,,0,0,drift_not_confirmed,,voltage_rolling_mean=231.644142;source_publish_interval=0.504067,,2.457542112097144,20.581083139404655,23.06933398358524
2026-08-10T16:31:00.645081+00:00,measurement_drift_01,meter_02,298,none,measurement_shift,none,none,none,normal_drift,0.9999779652633007,0.5486804729103627,0,,1,0,collecting_candidates;drift_not_confirmed,voltage_rolling_mean,voltage_rolling_mean=233.482658;source_publish_interval=0.504068,voltage_rolling_mean,0.7449169643223286,11.85108395293355,12.620207853615284
2026-08-10T16:31:00.657828+00:00,measurement_drift_01,meter_03,298,none,none,none,none,none,none,0.9999939202839571,0.5486316451462089,0,,0,0,drift_not_confirmed,,voltage_rolling_mean=230.658893;source_publish_interval=0.504068,,0.6001249421387911,9.57191688939929,10.19129203632474
2026-08-10T16:31:01.126439+00:00,measurement_drift_01,meter_01,299,none,none,none,none,none,none,0.999999597931515,0.47849375865472643,0,,0,0,drift_not_confirmed,,voltage_rolling_mean=231.644142;source_publish_interval=0.504067,,3.320750081911683,15.499291941523552,18.851124914363027
2026-08-10T16:31:01.145642+00:00,measurement_drift_01,meter_02,299,none,measurement_shift,none,none,none,normal_drift,0.9999953369084166,0.5441562367265284,0,,1,0,collecting_candidates;drift_not_confirmed,voltage_rolling_mean,voltage_rolling_mean=233.482658;source_publish_interval=0.504068,voltage_rolling_mean,0.7139998488128185,10.685125133022666,11.420499999076128
2026-08-10T16:31:01.157161+00:00,measurement_drift_01,meter_03,299,none,none,none,none,none,none,0.999995588539826,0.4367045237707398,0,,0,0,drift_not_confirmed,,voltage_rolling_mean=230.658893;source_publish_interval=0.504068,,0.5252498667687178,9.277249919250607,9.819291066378355
2026-08-10T16:31:01.630382+00:00,measurement_drift_01,meter_01,300,none,none,none,none,none,none,0.9999998147663934,0.4808972690811062,0,,0,0,drift_not_confirmed,,voltage_rolling_mean=231.644142;source_publish_interval=0.504067,,2.2384999319911003,22.433290956541896,24.717208929359913
2026-08-10T16:31:01.655527+00:00,measurement_drift_01,meter_02,300,none,measurement_shift,none,none,none,normal_drift,0.9993496401693611,0.533920870029061,0,,1,0,collecting_candidates;drift_not_confirmed,voltage_rolling_mean,voltage_rolling_mean=233.482658;source_publish_interval=0.504068,voltage_rolling_mean,0.9161669295281172,12.200708035379648,13.144040945917368
2026-08-10T16:31:01.668817+00:00,measurement_drift_01,meter_03,300,none,none,none,none,none,none,0.999983946852134,0.557153884332126,0,,0,0,drift_not_confirmed,,voltage_rolling_mean=230.658893;source_publish_interval=0.504068,,0.5420420784503222,9.705999866127968,10.268416022881866
2026-08-10T16:31:02.135568+00:00,measurement_drift_01,meter_01,301,none,none,none,none,none,none,0.9999995564690907,0.5389600705071517,0,,0,0,drift_not_confirmed,,voltage_rolling_mean=231.644142;source_publish_interval=0.504067,,2.0185839384794235,22.17191713862121,24.23291699960828
2026-08-10T16:31:02.160196+00:00,measurement_drift_01,meter_02,301,none,measurement_shift,none,none,none,normal_drift,0.9999911576621301,0.5360529549594312,0,,1,0,collecting_candidates;drift_not_confirmed,voltage_rolling_mean,voltage_rolling_mean=233.482658;source_publish_interval=0.504068,voltage_rolling_mean,0.9055000264197588,12.087957933545113,13.015584088861942
2026-08-10T16:31:02.173335+00:00,measurement_drift_01,meter_03,301,none,none,none,none,none,none,0.9999643374252798,0.49226016864930416,0,,0,0,drift_not_confirmed,,voltage_rolling_mean=230.658893;source_publish_interval=0.504068,,0.541832996532321,9.59733291529119,10.162416845560074
2026-08-10T16:31:02.636937+00:00,measurement_drift_01,meter_01,302,none,none,none,none,none,none,0.9999993603780778,0.46806722814097707,0,,0,0,drift_not_confirmed,,voltage_rolling_mean=231.644142;source_publish_interval=0.504067,,2.6894579641520977,17.85179111175239,20.584459183737636
2026-08-10T16:31:02.657972+00:00,measurement_drift_01,meter_02,302,none,measurement_shift,none,none,none,normal_drift,0.9999967446464443,0.5969101887468541,0,,1,0,collecting_candidates;drift_not_confirmed,voltage_rolling_mean,voltage_rolling_mean=233.482658;source_publish_interval=0.504068,voltage_rolling_mean,0.787666067481041,11.258749989792705,12.068375013768673
2026-08-10T16:31:02.670166+00:00,measurement_drift_01,meter_03,302,none,none,none,none,none,none,0.9999905016066598,0.4352811065526842,0,,0,0,drift_not_confirmed,,voltage_rolling_mean=230.658893;source_publish_interval=0.504068,,0.5372080486267805,9.259791113436222,9.816667065024376
2026-08-10T16:31:03.141785+00:00,measurement_drift_01,meter_01,303,none,none,none,none,none,none,0.9999994391033593,0.47876444745430036,0,,0,0,drift_not_confirmed,,voltage_rolling_mean=231.644142;source_publish_interval=0.504067,,2.7198330499231815,18.784207990393043,21.535708103328943
2026-08-10T16:31:03.163707+00:00,measurement_drift_01,meter_02,303,none,measurement_shift,none,none,none,normal_drift,0.9999899415089258,0.602578406285537,0,,1,0,collecting_candidates;drift_not_confirmed,voltage_rolling_mean,voltage_rolling_mean=233.482658;source_publish_interval=0.504068,voltage_rolling_mean,0.7217498496174812,11.530291056260467,12.27408298291266
2026-08-10T16:31:03.176102+00:00,measurement_drift_01,meter_03,303,none,none,none,none,none,none,0.9999932493020303,0.4566560542998939,0,,0,0,drift_not_confirmed,,voltage_rolling_mean=230.658893;source_publish_interval=0.504068,,0.5418751388788223,9.545749984681606,10.10449999012053
2026-08-10T16:31:03.646860+00:00,measurement_drift_01,meter_01,304,none,none,none,none,none,none,0.9999998295143389,0.6054887870343179,0,,0,0,drift_not_confirmed,,voltage_rolling_mean=231.644142;source_publish_interval=0.504067,,2.176915993914008,19.504584139212966,21.717000054195523
2026-08-10T16:31:03.668952+00:00,measurement_drift_01,meter_02,304,none,measurement_shift,none,none,none,normal_drift,0.999993215222596,0.5746809236435068,0,,1,0,collecting_candidates;drift_not_confirmed,voltage_rolling_mean,voltage_rolling_mean=233.482658;source_publish_interval=0.504068,voltage_rolling_mean,0.7286660838872194,11.490999953821301,12.241374934092164
2026-08-10T16:31:03.681300+00:00,measurement_drift_01,meter_03,304,none,none,none,none,none,none,0.9999646413036218,0.5009636111236829,0,,0,0,drift_not_confirmed,,voltage_rolling_mean=230.658893;source_publish_interval=0.504068,,0.5452500190585852,9.300667094066739,9.863832965493202
2026-08-10T16:31:04.150599+00:00,measurement_drift_01,meter_01,305,none,none,none,none,none,none,0.9999990042722444,0.4799808076018631,0,,0,0,drift_not_confirmed,,voltage_rolling_mean=231.644142;source_publish_interval=0.504067,,2.1556669380515814,18.995374906808138,21.184999961405993
2026-08-10T16:31:04.172178+00:00,measurement_drift_01,meter_02,305,none,measurement_shift,none,none,none,normal_drift,0.9999912643662389,0.5390618554647925,0,,1,0,collecting_candidates;drift_not_confirmed,voltage_rolling_mean,voltage_rolling_mean=233.482658;source_publish_interval=0.504068,voltage_rolling_mean,0.7286660838872194,11.463457951322198,12.214125134050846
2026-08-10T16:31:04.184517+00:00,measurement_drift_01,meter_03,305,none,none,none,none,none,none,0.9999867995647825,0.4733527595846674,0,,0,0,drift_not_confirmed,,voltage_rolling_mean=230.658893;source_publish_interval=0.504068,,0.5452500190585852,9.419707814231515,9.984208038076758
2026-08-10T16:31:04.655771+00:00,measurement_drift_01,meter_01,306,none,none,none,none,none,none,0.9999997898915025,0.479087210483772,0,,0,0,drift_not_confirmed,,voltage_rolling_mean=231.644142;source_publish_interval=0.504067,,2.0082080736756325,22.429791977629066,24.48637504130602
2026-08-10T16:31:04.680659+00:00,measurement_drift_01,meter_02,306,none,measurement_shift,none,none,none,normal_drift,0.9999895864983823,0.5399216298502422,0,,1,0,collecting_candidates;drift_not_confirmed,voltage_rolling_mean,voltage_rolling_mean=233.482658;source_publish_interval=0.504068,voltage_rolling_mean,0.84070791490376,12.021292001008987,12.885999865829945
2026-08-10T16:31:04.693672+00:00,measurement_drift_01,meter_03,306,none,none,none,none,none,none,0.9999903029395492,0.5343904378578096,0,,0,0,drift_not_confirmed,,voltage_rolling_mean=230.658893;source_publish_interval=0.504068,,0.5344999954104424,9.694916196167469,10.24991599842906
2026-08-10T16:31:05.160704+00:00,measurement_drift_01,meter_01,307,none,none,none,none,none,none,0.999999852954235,0.44625609808406164,0,,0,0,drift_not_confirmed,,voltage_rolling_mean=231.644142;source_publish_interval=0.504067,,2.0000829827040434,22.028916981071234,24.068249855190516
2026-08-10T16:31:05.185115+00:00,measurement_drift_01,meter_02,307,none,measurement_shift,none,none,none,normal_drift,0.9999782398104007,0.6062618942418936,0,,1,0,collecting_candidates;drift_not_confirmed,voltage_rolling_mean,voltage_rolling_mean=233.482658;source_publish_interval=0.504068,voltage_rolling_mean,0.863207969814539,12.024458963423967,12.910749996080995
2026-08-10T16:31:05.198150+00:00,measurement_drift_01,meter_03,307,none,none,none,none,none,none,0.9999665815787617,0.45655840321643293,0,,0,0,drift_not_confirmed,,voltage_rolling_mean=230.658893;source_publish_interval=0.504068,,0.538625055924058,9.61508322507143,10.175334056839347
2026-08-10T16:31:05.665378+00:00,measurement_drift_01,meter_01,308,none,none,none,none,none,none,0.9999997578971516,0.4501992949967137,0,,0,0,drift_not_confirmed,,voltage_rolling_mean=231.644142;source_publish_interval=0.504067,,1.9719158299267292,22.580707911401987,24.59587506018579
2026-08-10T16:31:05.690334+00:00,measurement_drift_01,meter_02,308,none,measurement_shift,none,none,none,normal_drift,0.9999680078824984,0.5602947212041842,0,,1,0,collecting_candidates;drift_not_confirmed,voltage_rolling_mean,voltage_rolling_mean=233.482658;source_publish_interval=0.504068,voltage_rolling_mean,0.8850838057696819,12.550416169688106,13.475958025082946
2026-08-10T16:31:05.703982+00:00,measurement_drift_01,meter_03,308,none,none,none,none,none,none,0.9999480563662065,0.43907568713820416,0,,0,0,drift_not_confirmed,,voltage_rolling_mean=230.658893;source_publish_interval=0.504068,,0.6047091446816921,9.675458073616028,10.298416949808598
2026-08-10T16:31:06.170784+00:00,measurement_drift_01,meter_01,309,none,none,none,none,none,none,0.9999998309071743,0.4516477187183846,0,,0,0,drift_not_confirmed,,voltage_rolling_mean=231.644142;source_publish_interval=0.504067,,2.209791913628578,18.780624959617853,21.038874983787537
2026-08-10T16:31:06.192271+00:00,measurement_drift_01,meter_02,309,none,measurement_shift,none,none,none,normal_drift,0.9999837643673348,0.5438265398998257,0,,1,0,collecting_candidates;drift_not_confirmed,voltage_rolling_mean,voltage_rolling_mean=233.482658;source_publish_interval=0.504068,voltage_rolling_mean,0.8103749714791775,11.529291048645973,12.363291112706065
2026-08-10T16:31:06.204764+00:00,measurement_drift_01,meter_03,309,none,none,none,none,none,none,0.9999779846456993,0.5276622681240469,0,,0,0,drift_not_confirmed,,voltage_rolling_mean=230.658893;source_publish_interval=0.504068,,0.5402921233326197,9.5827910117805,10.14525000937283
2026-08-10T16:31:06.675700+00:00,measurement_drift_01,meter_01,310,none,none,none,none,none,none,0.9999996502578243,0.4499242619307943,0,,0,0,drift_not_confirmed,,voltage_rolling_mean=231.644142;source_publish_interval=0.504067,,2.43254192173481,18.70454102754593,21.175292087718844
2026-08-10T16:31:06.697322+00:00,measurement_drift_01,meter_02,310,none,measurement_shift,none,none,none,normal_drift,0.9999889131022498,0.5420632509924542,0,,1,0,collecting_candidates;drift_not_confirmed,voltage_rolling_mean,voltage_rolling_mean=233.482658;source_publish_interval=0.504068,voltage_rolling_mean,0.7933331653475761,11.492500081658363,12.309165904298425
2026-08-10T16:31:06.709763+00:00,measurement_drift_01,meter_03,310,none,none,none,none,none,none,0.9999477047588184,0.44434194391179016,0,,0,0,drift_not_confirmed,,voltage_rolling_mean=230.658893;source_publish_interval=0.504068,,0.5454160273075104,9.430957958102226,9.9954588804394
2026-08-10T16:31:07.180877+00:00,measurement_drift_01,meter_01,311,none,none,none,none,none,none,0.9999992850583839,0.572111249542098,0,,0,0,drift_not_confirmed,,voltage_rolling_mean=231.644142;source_publish_interval=0.504067,,2.492292085662484,17.255500191822648,19.784791162237525
2026-08-10T16:31:07.201083+00:00,measurement_drift_01,meter_02,311,none,measurement_shift,none,none,none,normal_drift,0.9999930951387086,0.5341499021629077,0,,1,0,collecting_candidates;drift_not_confirmed,voltage_rolling_mean,voltage_rolling_mean=233.482658;source_publish_interval=0.504068,voltage_rolling_mean,0.7717919070273638,11.372084030881524,12.166958069428802
2026-08-10T16:31:07.213363+00:00,measurement_drift_01,meter_03,311,none,none,none,none,none,none,0.9999528977661476,0.45331711807717534,0,,0,0,drift_not_confirmed,,voltage_rolling_mean=230.658893;source_publish_interval=0.504068,,0.5464591085910797,9.193458827212453,9.759541833773255
2026-08-10T16:31:07.686312+00:00,measurement_drift_01,meter_01,312,none,none,none,none,none,none,0.9999994206010379,0.47271397497768153,0,,0,0,drift_not_confirmed,,voltage_rolling_mean=231.644142;source_publish_interval=0.504067,,1.9311660435050726,22.129292134195566,24.12204211577773
2026-08-10T16:31:07.710860+00:00,measurement_drift_01,meter_02,312,none,measurement_shift,none,none,none,normal_drift,0.9997899602903475,0.558067013271793,0,,1,0,collecting_candidates;drift_not_confirmed,voltage_rolling_mean,voltage_rolling_mean=233.482658;source_publish_interval=0.504068,voltage_rolling_mean,0.9508749935775995,12.183292070403695,13.161499984562397
2026-08-10T16:31:07.724183+00:00,measurement_drift_01,meter_03,312,none,none,none,none,none,none,0.9995187279109212,0.4397186252206312,0,,0,0,drift_not_confirmed,,voltage_rolling_mean=230.658893;source_publish_interval=0.504068,,0.5601670127362013,9.53262485563755,10.113291908055544
2026-08-10T16:31:08.189043+00:00,measurement_drift_01,meter_01,313,none,none,none,none,none,none,0.9999996356166703,0.4880552519882628,0,,0,0,drift_not_confirmed,,voltage_rolling_mean=231.644142;source_publish_interval=0.504067,,2.541082911193371,22.25412498228252,24.8562078922987
2026-08-10T16:31:08.214509+00:00,measurement_drift_01,meter_02,313,none,measurement_shift,none,none,none,normal_drift,0.9999902657324287,0.5306091318026525,0,,1,0,collecting_candidates;drift_not_confirmed,voltage_rolling_mean,voltage_rolling_mean=233.482658;source_publish_interval=0.504068,voltage_rolling_mean,0.8435000199824572,12.059292057529092,12.93699978850782
2026-08-10T16:31:08.227657+00:00,measurement_drift_01,meter_03,313,none,none,none,none,none,none,0.9994309328727855,0.4954353696617505,0,,0,0,drift_not_confirmed,,voltage_rolling_mean=230.658893;source_publish_interval=0.504068,,0.7062919903546572,10.125000029802322,10.85508312098682
2026-08-10T16:31:08.691908+00:00,measurement_drift_01,meter_01,314,none,none,none,none,none,none,0.9999996040446806,0.5423851541758841,0,,0,0,drift_not_confirmed,,voltage_rolling_mean=231.644142;source_publish_interval=0.504067,,2.635458018630743,18.690292024984956,21.36737504042685
2026-08-10T16:31:08.713721+00:00,measurement_drift_01,meter_02,314,none,measurement_shift,none,none,none,normal_drift,0.9999689796246201,0.5950364871341295,0,,1,0,collecting_candidates;drift_not_confirmed,voltage_rolling_mean,voltage_rolling_mean=233.482658;source_publish_interval=0.504068,voltage_rolling_mean,0.8132089860737324,11.55054196715355,12.392417062073946
2026-08-10T16:31:08.726257+00:00,measurement_drift_01,meter_03,314,none,none,none,none,none,none,0.9993847504252483,0.4568228734038176,0,,0,0,drift_not_confirmed,,voltage_rolling_mean=230.658893;source_publish_interval=0.504068,,0.5794169846922159,9.640541858971119,10.240333853289485
2026-08-10T16:31:09.197176+00:00,measurement_drift_01,meter_01,315,none,none,none,none,none,none,0.9999998034838626,0.5250170682817078,0,,0,0,drift_not_confirmed,,voltage_rolling_mean=231.644142;source_publish_interval=0.504067,,2.416792092844844,19.705832935869694,22.17845804989338
2026-08-10T16:31:09.219863+00:00,measurement_drift_01,meter_02,315,none,measurement_shift,none,none,none,normal_drift,0.9999728509925507,0.5659070490197051,0,,1,0,collecting_candidates;drift_not_confirmed,voltage_rolling_mean,voltage_rolling_mean=233.482658;source_publish_interval=0.504068,voltage_rolling_mean,0.8624591864645481,11.735082836821675,12.623917078599334
2026-08-10T16:31:09.232640+00:00,measurement_drift_01,meter_03,315,none,none,none,none,none,none,0.9997240371375162,0.48743504215904154,0,,0,0,drift_not_confirmed,,voltage_rolling_mean=230.658893;source_publish_interval=0.504068,,0.5603330209851265,9.469249984249473,10.049916803836823
2026-08-10T16:31:09.701818+00:00,measurement_drift_01,meter_01,316,none,none,none,none,none,none,0.9999990507566943,0.4701037758942969,0,,0,0,drift_not_confirmed,,voltage_rolling_mean=231.644142;source_publish_interval=0.504067,,3.1844170298427343,16.644249903038144,19.86791705712676
2026-08-10T16:31:09.722122+00:00,measurement_drift_01,meter_02,316,none,measurement_shift,none,none,none,normal_drift,0.9996483608047273,0.5308183014101426,0,,1,1,drift_not_confirmed;reference_updated,voltage_rolling_mean,voltage_rolling_mean=234.224772;source_publish_interval=0.504068,voltage_rolling_mean,0.7839170284569263,10.908416006714106,11.716624954715371
2026-08-10T16:31:09.733964+00:00,measurement_drift_01,meter_03,316,none,none,none,none,none,none,0.9999313748987673,0.5089863071094732,0,,0,0,drift_not_confirmed,,voltage_rolling_mean=230.658893;source_publish_interval=0.504068,,0.5187918432056904,9.243000065907836,9.779625106602907
2026-08-10T16:31:10.204361+00:00,measurement_drift_01,meter_01,317,none,none,none,none,none,none,0.9999990189875789,0.547823236199668,0,,0,0,drift_not_confirmed,,voltage_rolling_mean=231.644142;source_publish_interval=0.504067,,2.0118330139666796,22.33712514862418,24.39674991182983
2026-08-10T16:31:10.229167+00:00,measurement_drift_01,meter_02,317,none,measurement_shift,none,none,none,normal_drift,0.9999262783515724,0.5388333579594478,0,,1,0,collecting_candidates;drift_not_confirmed,voltage_rolling_mean,voltage_rolling_mean=234.224772;source_publish_interval=0.504068,voltage_rolling_mean,0.9775829967111349,12.175791896879673,13.179040979593992
2026-08-10T16:31:10.242500+00:00,measurement_drift_01,meter_03,317,none,none,none,none,none,none,0.9994626806132143,0.4860354745342513,0,,0,0,drift_not_confirmed,,voltage_rolling_mean=230.658893;source_publish_interval=0.504068,,0.5439580418169498,9.561500046402216,10.124583030119538
2026-08-10T16:31:10.708831+00:00,measurement_drift_01,meter_01,318,none,none,none,none,none,none,0.9999992811585638,0.44149822096538077,0,,0,0,drift_not_confirmed,,voltage_rolling_mean=231.644142;source_publish_interval=0.504067,,1.8945420160889626,21.535292034968734,23.475832771509886
2026-08-10T16:31:10.732635+00:00,measurement_drift_01,meter_02,318,none,measurement_shift,none,none,none,normal_drift,0.9999640049224414,0.530741179131546,0,,1,0,collecting_candidates;drift_not_confirmed,voltage_rolling_mean,voltage_rolling_mean=234.224772;source_publish_interval=0.504068,voltage_rolling_mean,0.8241250179708004,11.895249830558896,12.749083107337356
2026-08-10T16:31:10.745533+00:00,measurement_drift_01,meter_03,318,none,none,none,unknown,unknown,unknown,0.999986536659034,0.6126960112981734,0,,0,0,drift_not_confirmed,,voltage_rolling_mean=230.658893;source_publish_interval=0.504068,,0.5966660100966692,9.820041945204139,10.438041994348168
2026-08-10T16:31:11.213954+00:00,measurement_drift_01,meter_01,319,none,none,none,none,none,none,0.9999995567403979,0.44195662307539346,0,,0,0,drift_not_confirmed,,voltage_rolling_mean=231.644142;source_publish_interval=0.504067,,1.9882500637322664,21.762375021353364,23.790250066667795
2026-08-10T16:31:11.238065+00:00,measurement_drift_01,meter_02,319,none,measurement_shift,none,none,none,normal_drift,0.999739323824436,0.5618246837795519,0,,1,0,collecting_candidates;drift_not_confirmed,voltage_rolling_mean,voltage_rolling_mean=234.224772;source_publish_interval=0.504068,voltage_rolling_mean,0.8980832062661648,12.0387920178473,12.963792076334357
2026-08-10T16:31:11.251163+00:00,measurement_drift_01,meter_03,319,none,none,none,none,none,none,0.9990951443655343,0.4806807194326143,0,,0,0,drift_not_confirmed,,voltage_rolling_mean=230.658893;source_publish_interval=0.504068,,0.5254170391708612,9.631542023271322,10.177124990150332
2026-08-10T16:31:11.718843+00:00,measurement_drift_01,meter_01,320,none,none,none,none,none,none,0.9999991851908561,0.526210003985721,0,,0,0,drift_not_confirmed,,voltage_rolling_mean=231.644142;source_publish_interval=0.504067,,1.947874901816249,21.350499941036105,23.33716698922217
2026-08-10T16:31:11.742525+00:00,measurement_drift_01,meter_02,320,none,measurement_shift,none,none,none,normal_drift,0.9999307703942253,0.5911761363483599,0,,1,0,collecting_candidates;drift_not_confirmed,voltage_rolling_mean,voltage_rolling_mean=234.224772;source_publish_interval=0.504068,voltage_rolling_mean,0.8093749638646841,11.973125161603093,12.806917075067759
2026-08-10T16:31:11.755455+00:00,measurement_drift_01,meter_03,320,none,none,none,none,none,none,0.9957487537083374,0.5113558042686229,0,,0,0,drift_not_confirmed,,voltage_rolling_mean=230.658893;source_publish_interval=0.504068,,0.5810419097542763,9.627957828342915,10.22716611623764
2026-08-10T16:31:12.221551+00:00,measurement_drift_01,meter_01,321,none,none,none,none,none,none,0.9999994470439693,0.4695829217163437,0,,0,0,drift_not_confirmed,,voltage_rolling_mean=231.644142;source_publish_interval=0.504067,,2.0093750208616257,22.024875041097403,24.07295792363584
2026-08-10T16:31:12.245944+00:00,measurement_drift_01,meter_02,321,none,measurement_shift,none,none,none,normal_drift,0.9999605167530802,0.5335206692212732,0,,1,0,collecting_candidates;drift_not_confirmed,voltage_rolling_mean,voltage_rolling_mean=234.224772;source_publish_interval=0.504068,voltage_rolling_mean,0.8865420240908861,11.906208004802465,12.817500159144402
2026-08-10T16:31:12.258880+00:00,measurement_drift_01,meter_03,321,none,none,none,none,none,none,0.9998175875042912,0.460732250483564,0,,0,0,drift_not_confirmed,,voltage_rolling_mean=230.658893;source_publish_interval=0.504068,,0.5512919742614031,9.576458018273115,10.146165965124965
2026-08-10T16:31:12.726457+00:00,measurement_drift_01,meter_01,322,none,none,none,none,none,none,0.999999040892152,0.4699707613545869,0,,0,0,drift_not_confirmed,,voltage_rolling_mean=231.644142;source_publish_interval=0.504067,,2.4812500923871994,18.734458135440946,21.25041699036956
2026-08-10T16:31:12.748095+00:00,measurement_drift_01,meter_02,322,none,measurement_shift,none,none,none,normal_drift,0.9978431585737381,0.5634512727959217,0,,1,0,collecting_candidates;drift_not_confirmed,voltage_rolling_mean,voltage_rolling_mean=234.224772;source_publish_interval=0.504068,voltage_rolling_mean,0.8105000015348196,11.542750056833029,12.375999940559268
2026-08-10T16:31:12.760586+00:00,measurement_drift_01,meter_03,322,none,none,none,none,none,none,0.9999569962769834,0.4794330254856128,0,,0,0,drift_not_confirmed,,voltage_rolling_mean=230.658893;source_publish_interval=0.504068,,0.539042055606842,9.564875159412622,10.123540880158544
2026-08-10T16:31:13.231632+00:00,measurement_drift_01,meter_01,323,none,none,none,none,none,none,0.999998898455663,0.4676101917603952,0,,0,0,drift_not_confirmed,,voltage_rolling_mean=231.644142;source_publish_interval=0.504067,,2.7097081765532494,20.434499951079488,23.185207974165678
2026-08-10T16:31:13.255225+00:00,measurement_drift_01,meter_02,323,none,measurement_shift,none,none,none,normal_drift,0.9998029694729748,0.542220935901175,0,,1,0,collecting_candidates;drift_not_confirmed,voltage_rolling_mean,voltage_rolling_mean=234.224772;source_publish_interval=0.504068,voltage_rolling_mean,0.7895000744611025,11.773000005632639,12.586416909471154
2026-08-10T16:31:13.267939+00:00,measurement_drift_01,meter_03,323,none,none,none,none,none,none,0.9999273527038314,0.48752592885643803,0,,0,0,drift_not_confirmed,,voltage_rolling_mean=230.658893;source_publish_interval=0.504068,,0.5215420387685299,9.571874979883432,10.113707976415753
2026-08-10T16:31:13.736778+00:00,measurement_drift_01,meter_01,324,none,none,none,none,none,none,0.9999985593490397,0.5635595514488703,0,,0,0,drift_not_confirmed,,voltage_rolling_mean=231.644142;source_publish_interval=0.504067,,2.671666909009218,18.001082818955183,20.71324991993606
2026-08-10T16:31:13.757906+00:00,measurement_drift_01,meter_02,324,none,measurement_shift,none,none,none,normal_drift,0.999982320474988,0.5368436720046844,0,,1,0,collecting_candidates;drift_not_confirmed,voltage_rolling_mean,voltage_rolling_mean=234.224772;source_publish_interval=0.504068,voltage_rolling_mean,0.794790918007493,11.34845893830061,12.165082851424813
2026-08-10T16:31:13.770181+00:00,measurement_drift_01,meter_03,324,none,none,none,none,none,none,0.9989649847152062,0.47327367053663855,0,,0,0,drift_not_confirmed,,voltage_rolling_mean=230.658893;source_publish_interval=0.504068,,0.5330420099198818,9.56320809200406,10.11666702106595
2026-08-10T16:31:14.241335+00:00,measurement_drift_01,meter_01,325,none,none,none,none,none,none,0.9999979699694183,0.5370831195368412,0,,0,0,drift_not_confirmed,,voltage_rolling_mean=231.644142;source_publish_interval=0.504067,,1.9904999062418938,22.259042132645845,24.286374915391207
2026-08-10T16:31:14.265962+00:00,measurement_drift_01,meter_02,325,none,measurement_shift,none,none,none,normal_drift,0.9957019244102968,0.5397768846351064,0,,1,0,collecting_candidates;drift_not_confirmed,voltage_rolling_mean,voltage_rolling_mean=234.224772;source_publish_interval=0.504068,voltage_rolling_mean,0.9109170641750097,12.091124895960093,13.024833053350449
2026-08-10T16:31:14.279104+00:00,measurement_drift_01,meter_03,325,none,none,none,none,none,none,0.9913788232692362,0.4597156465820772,0,,0,0,drift_not_confirmed,,voltage_rolling_mean=230.658893;source_publish_interval=0.504068,,0.5242910701781511,9.632457979023457,10.175458155572414
2026-08-10T16:31:14.746332+00:00,measurement_drift_01,meter_01,326,none,none,none,none,none,none,0.9999990962121498,0.44085275392987255,0,,0,0,drift_not_confirmed,,voltage_rolling_mean=231.644142;source_publish_interval=0.504067,,2.853624988347292,20.117874955758452,23.008333053439856
2026-08-10T16:31:14.769713+00:00,measurement_drift_01,meter_02,326,none,measurement_shift,none,none,none,normal_drift,0.9998945564089129,0.5459741684226557,0,,1,0,collecting_candidates;drift_not_confirmed,voltage_rolling_mean,voltage_rolling_mean=234.224772;source_publish_interval=0.504068,voltage_rolling_mean,0.7579999510198832,11.43379113636911,12.215875089168549
2026-08-10T16:31:14.782049+00:00,measurement_drift_01,meter_03,326,none,none,none,none,none,none,0.9999176613475584,0.47844048893431007,0,,0,0,drift_not_confirmed,,voltage_rolling_mean=230.658893;source_publish_interval=0.504068,,0.5340420175343752,9.47733293287456,10.030874982476234
2026-08-10T16:31:15.251304+00:00,measurement_drift_01,meter_01,327,none,none,none,none,none,none,0.9999975921973104,0.49481432713399437,0,,0,0,drift_not_confirmed,,voltage_rolling_mean=231.644142;source_publish_interval=0.504067,,2.068249974399805,21.80200000293553,23.919375147670507
2026-08-10T16:31:15.275612+00:00,measurement_drift_01,meter_02,327,none,measurement_shift,none,none,none,normal_drift,0.9995665285611254,0.5317564076886646,0,,1,0,collecting_candidates;drift_not_confirmed,voltage_rolling_mean,voltage_rolling_mean=234.224772;source_publish_interval=0.504068,voltage_rolling_mean,0.8748748805373907,11.999417096376419,12.896958040073514
2026-08-10T16:31:15.288646+00:00,measurement_drift_01,meter_03,327,none,none,none,none,none,none,0.9985969116774741,0.46026152727636016,0,,0,0,drift_not_confirmed,,voltage_rolling_mean=230.658893;source_publish_interval=0.504068,,0.5371670704334974,9.483000030741096,10.035708080977201
2026-08-10T16:31:15.756509+00:00,measurement_drift_01,meter_01,328,none,none,none,none,none,none,0.9999962093370667,0.43828553482136534,0,,0,0,drift_not_confirmed,,voltage_rolling_mean=231.644142;source_publish_interval=0.504067,,2.060708124190569,22.10470801219344,24.197791935876012
2026-08-10T16:31:15.781081+00:00,measurement_drift_01,meter_02,328,none,measurement_shift,none,none,none,normal_drift,0.9997927438345052,0.5353331684457142,0,,1,0,collecting_candidates;drift_not_confirmed,voltage_rolling_mean,voltage_rolling_mean=234.224772;source_publish_interval=0.504068,voltage_rolling_mean,0.7098328787833452,11.918915901333094,12.654040940105915
2026-08-10T16:31:15.793842+00:00,measurement_drift_01,meter_03,328,none,none,none,none,none,none,0.9963819367268458,0.4600228232584788,0,,0,0,drift_not_confirmed,,voltage_rolling_mean=230.658893;source_publish_interval=0.504068,,0.5946659948676825,9.611249901354313,10.225000092759728
2026-08-10T16:31:16.261161+00:00,measurement_drift_01,meter_01,329,none,none,none,unknown,unknown,unknown,0.9999954933027384,0.6151600898261665,0,,0,0,drift_not_confirmed,,voltage_rolling_mean=231.644142;source_publish_interval=0.504067,,2.2153749596327543,18.92525004222989,21.172541892156005
2026-08-10T16:31:16.282733+00:00,measurement_drift_01,meter_02,329,none,measurement_shift,none,none,none,normal_drift,0.9999681957328496,0.5307591298889446,0,,1,0,collecting_candidates;drift_not_confirmed,voltage_rolling_mean,voltage_rolling_mean=234.224772;source_publish_interval=0.504068,voltage_rolling_mean,0.7305839098989964,11.628666892647743,12.38083397038281
2026-08-10T16:31:16.295226+00:00,measurement_drift_01,meter_03,329,none,none,none,none,none,none,0.9994155141414112,0.46681167886963126,0,,0,0,drift_not_confirmed,,voltage_rolling_mean=230.658893;source_publish_interval=0.504068,,0.5199168808758259,9.57466708496213,10.113958967849612
2026-08-10T16:31:16.766762+00:00,measurement_drift_01,meter_01,330,none,none,none,none,none,none,0.9999978718809038,0.4423093046180936,0,,0,0,drift_not_confirmed,,voltage_rolling_mean=231.644142;source_publish_interval=0.504067,,1.9985840190201998,22.092167055234313,24.128374876454473
2026-08-10T16:31:16.791208+00:00,measurement_drift_01,meter_02,330,none,measurement_shift,none,none,none,normal_drift,0.9998272875275168,0.5371140924385079,0,,1,0,collecting_candidates;drift_not_confirmed,voltage_rolling_mean,voltage_rolling_mean=234.224772;source_publish_interval=0.504068,voltage_rolling_mean,0.8324170485138893,11.80099998600781,12.656457955017686
2026-08-10T16:31:16.803993+00:00,measurement_drift_01,meter_03,330,none,none,none,none,none,none,0.999430620612839,0.4949207391466067,0,,0,0,drift_not_confirmed,,voltage_rolling_mean=230.658893;source_publish_interval=0.504068,,0.5249169189482927,9.607041021808982,10.15120791271329
2026-08-10T16:31:17.271324+00:00,measurement_drift_01,meter_01,331,none,none,none,none,none,none,0.9999948242221821,0.4899218858913362,0,,0,0,drift_not_confirmed,,voltage_rolling_mean=231.644142;source_publish_interval=0.504067,,2.592707984149456,22.948917001485825,25.584959192201495
2026-08-10T16:31:17.297287+00:00,measurement_drift_01,meter_02,331,none,measurement_shift,none,none,none,normal_drift,0.9996494338901615,0.5324973257466342,0,,1,0,collecting_candidates;drift_not_confirmed,voltage_rolling_mean,voltage_rolling_mean=234.224772;source_publish_interval=0.504068,voltage_rolling_mean,0.8429998997598886,11.870791902765632,12.737707933411002
2026-08-10T16:31:17.310142+00:00,measurement_drift_01,meter_03,331,none,none,none,none,none,none,0.9962931860251104,0.4803106586842599,0,,0,0,drift_not_confirmed,,voltage_rolling_mean=230.658893;source_publish_interval=0.504068,,0.5715419538319111,9.470958961173892,10.06050012074411
2026-08-10T16:31:17.776379+00:00,measurement_drift_01,meter_01,332,none,none,none,none,none,none,0.9999960316977331,0.5077493076171316,0,,0,0,drift_not_confirmed,,voltage_rolling_mean=231.644142;source_publish_interval=0.504067,,1.9787088967859745,22.043583914637566,24.056790862232447
2026-08-10T16:31:17.800728+00:00,measurement_drift_01,meter_02,332,none,measurement_shift,none,none,none,normal_drift,0.9997057095844784,0.5436143960577297,0,,1,0,collecting_candidates;drift_not_confirmed,voltage_rolling_mean,voltage_rolling_mean=234.224772;source_publish_interval=0.504068,voltage_rolling_mean,0.834957929328084,11.904207989573479,12.763625010848045
2026-08-10T16:31:17.813601+00:00,measurement_drift_01,meter_03,332,none,none,none,none,none,none,0.9957763558203331,0.44964380808440824,0,,0,0,drift_not_confirmed,,voltage_rolling_mean=230.658893;source_publish_interval=0.504068,,0.5436670035123825,9.54600004479289,10.10824996046722
2026-08-10T16:31:18.277920+00:00,measurement_drift_01,meter_01,333,none,none,none,none,none,none,0.9999977707636897,0.454613622900037,0,,0,0,drift_not_confirmed,,voltage_rolling_mean=231.644142;source_publish_interval=0.504067,,1.9647919107228518,22.21833309158683,24.221166037023067
2026-08-10T16:31:18.302449+00:00,measurement_drift_01,meter_02,333,none,measurement_shift,none,none,none,normal_drift,0.999830645210114,0.5348506204001038,0,,1,0,collecting_candidates;drift_not_confirmed,voltage_rolling_mean,voltage_rolling_mean=234.224772;source_publish_interval=0.504068,voltage_rolling_mean,0.8702499326318502,12.184958904981613,13.080457923933864
2026-08-10T16:31:18.315645+00:00,measurement_drift_01,meter_03,333,none,none,none,none,none,none,0.9999478068610097,0.5965221440495384,0,,0,0,drift_not_confirmed,,voltage_rolling_mean=230.658893;source_publish_interval=0.504068,,0.5698329769074917,9.574624942615628,10.164541890844703
2026-08-10T16:31:18.783137+00:00,measurement_drift_01,meter_01,334,none,none,none,none,none,none,0.9999440514993988,0.44426306221615075,0,,0,0,drift_not_confirmed,,voltage_rolling_mean=231.644142;source_publish_interval=0.504067,,2.1496249828487635,21.980582969263196,24.167499970644712
2026-08-10T16:31:18.807672+00:00,measurement_drift_01,meter_02,334,none,measurement_shift,none,none,none,normal_drift,0.9996207078835648,0.5323143569700574,0,,1,0,collecting_candidates;drift_not_confirmed,voltage_rolling_mean,voltage_rolling_mean=234.224772;source_publish_interval=0.504068,voltage_rolling_mean,0.8564998861402273,11.907082982361317,12.786832870915532
2026-08-10T16:31:18.820578+00:00,measurement_drift_01,meter_03,334,none,none,none,none,none,none,0.9973498316409307,0.46708440262270234,0,,0,0,drift_not_confirmed,,voltage_rolling_mean=230.658893;source_publish_interval=0.504068,,0.5712918937206268,9.49658383615315,10.086124995723367
2026-08-10T16:31:19.283329+00:00,measurement_drift_01,meter_01,335,none,none,none,none,none,none,0.9999938631692834,0.4672400327772565,0,,0,0,drift_not_confirmed,,voltage_rolling_mean=231.644142;source_publish_interval=0.504067,,1.4846250414848328,21.440583048388362,22.96212501823902
2026-08-10T16:31:19.306566+00:00,measurement_drift_01,meter_02,335,none,measurement_shift,none,none,none,normal_drift,0.9998362714392525,0.5340516999784976,0,,1,0,collecting_candidates;drift_not_confirmed,voltage_rolling_mean,voltage_rolling_mean=234.224772;source_publish_interval=0.504068,voltage_rolling_mean,0.8644999470561743,12.338415952399373,13.228208990767598
2026-08-10T16:31:19.319916+00:00,measurement_drift_01,meter_03,335,none,none,none,none,none,none,0.993151409001321,0.47458307286375045,0,,0,0,drift_not_confirmed,,voltage_rolling_mean=230.658893;source_publish_interval=0.504068,,0.596500001847744,9.834291879087687,10.449500055983663
2026-08-10T16:31:19.789409+00:00,measurement_drift_01,meter_01,336,none,none,none,none,none,none,0.999994825664644,0.4385128288580097,0,,0,0,drift_not_confirmed,,voltage_rolling_mean=231.644142;source_publish_interval=0.504067,,2.0976669620722532,22.211958887055516,24.341000011190772
2026-08-10T16:31:19.814128+00:00,measurement_drift_01,meter_02,336,none,measurement_shift,none,none,none,normal_drift,0.9996379524373371,0.5415647418499286,0,,1,1,drift_not_confirmed;reference_updated,voltage_rolling_mean,voltage_rolling_mean=235.224772;source_publish_interval=0.504068,voltage_rolling_mean,0.8276659063994884,11.990833096206188,12.848458020016551
2026-08-10T16:31:19.827080+00:00,measurement_drift_01,meter_03,336,none,none,none,none,none,none,0.9781180055324146,0.48779869127642395,0,,0,0,drift_not_confirmed,,voltage_rolling_mean=230.658893;source_publish_interval=0.504068,,0.5487080197781324,9.477166924625635,10.043625021353364
2026-08-10T16:31:20.294416+00:00,measurement_drift_01,meter_01,337,none,none,none,none,none,none,0.9999786088095541,0.4584731187788596,0,,0,0,drift_not_confirmed,,voltage_rolling_mean=231.644142;source_publish_interval=0.504067,,2.532749902456999,17.784749856218696,20.346625009551644
2026-08-10T16:31:20.315091+00:00,measurement_drift_01,meter_02,337,none,measurement_shift,none,none,none,normal_drift,0.9997190358658828,0.5520717260302627,0,,1,0,collecting_candidates;drift_not_confirmed,voltage_rolling_mean,voltage_rolling_mean=235.224772;source_publish_interval=0.504068,voltage_rolling_mean,0.7117080967873335,11.164417024701834,11.896500131115317
2026-08-10T16:31:20.327073+00:00,measurement_drift_01,meter_03,337,none,none,none,none,none,none,0.9983793182093483,0.4469779548417364,0,,0,0,drift_not_confirmed,,voltage_rolling_mean=230.658893;source_publish_interval=0.504068,,0.5166658665984869,9.325125021860003,9.858208941295743
2026-08-10T16:31:20.799363+00:00,measurement_drift_01,meter_01,338,none,none,none,none,none,none,0.9999226221450984,0.4890531432764903,0,,0,0,drift_not_confirmed,,voltage_rolling_mean=231.644142;source_publish_interval=0.504067,,2.44495808146894,22.744291927665472,25.220708223059773
2026-08-10T16:31:20.824956+00:00,measurement_drift_01,meter_02,338,none,measurement_shift,none,none,none,normal_drift,0.9994485423927312,0.5373463488781158,0,,1,0,collecting_candidates;drift_not_confirmed,voltage_rolling_mean,voltage_rolling_mean=235.224772;source_publish_interval=0.504068,voltage_rolling_mean,0.8333339355885983,11.875458061695099,12.731916969642043
2026-08-10T16:31:20.837787+00:00,measurement_drift_01,meter_03,338,none,none,none,none,none,none,0.95957765113481,0.4642678594867782,0,,0,0,drift_not_confirmed,,voltage_rolling_mean=230.658893;source_publish_interval=0.504068,,0.5646250210702419,9.746500058099627,10.331708937883377
2026-08-10T16:31:21.304218+00:00,measurement_drift_01,meter_01,339,none,none,none,none,none,none,0.9999925262211884,0.5154532207148409,0,,0,0,drift_not_confirmed,,voltage_rolling_mean=231.644142;source_publish_interval=0.504067,,2.278708154335618,22.02029200270772,24.332040920853615
2026-08-10T16:31:21.328899+00:00,measurement_drift_01,meter_02,339,none,measurement_shift,none,none,none,normal_drift,0.9991515032138967,0.5387484680025846,0,,1,0,collecting_candidates;drift_not_confirmed,voltage_rolling_mean,voltage_rolling_mean=235.224772;source_publish_interval=0.504068,voltage_rolling_mean,0.8327499963343143,11.942833894863725,12.801083037629724
2026-08-10T16:31:21.341803+00:00,measurement_drift_01,meter_03,339,none,none,none,none,none,none,0.9685545880110418,0.4729250224601678,0,,0,0,drift_not_confirmed,,voltage_rolling_mean=230.658893;source_publish_interval=0.504068,,0.570832984521985,9.493417106568813,10.081584099680185
2026-08-10T16:31:21.808974+00:00,measurement_drift_01,meter_01,340,none,none,none,none,none,none,0.9999961821408003,0.44999908987045156,0,,0,0,drift_not_confirmed,,voltage_rolling_mean=231.644142;source_publish_interval=0.504067,,2.976957941427827,19.428666913881898,22.443833062425256
2026-08-10T16:31:21.831798+00:00,measurement_drift_01,meter_02,340,none,measurement_shift,none,none,none,normal_drift,0.9979595682472177,0.5333424237575175,0,,1,0,collecting_candidates;drift_not_confirmed,voltage_rolling_mean,voltage_rolling_mean=235.224772;source_publish_interval=0.504068,voltage_rolling_mean,0.7892919238656759,11.575208976864815,12.388624949380755
2026-08-10T16:31:21.844297+00:00,measurement_drift_01,meter_03,340,none,none,none,none,none,none,0.9965260979730874,0.45079433089127136,0,,0,0,drift_not_confirmed,,voltage_rolling_mean=230.658893;source_publish_interval=0.504068,,0.5165829788893461,9.851166978478432,10.387500049546361
2026-08-10T16:31:22.310908+00:00,measurement_drift_01,meter_01,341,none,none,none,none,none,none,0.9999744333695699,0.4955031440895341,0,,0,0,drift_not_confirmed,,voltage_rolling_mean=231.644142;source_publish_interval=0.504067,,1.8122079782187939,21.888290997594595,23.736458038911223
2026-08-10T16:31:22.334941+00:00,measurement_drift_01,meter_02,341,none,measurement_shift,none,none,none,normal_drift,0.9982499227691083,0.5514266459654843,0,,1,0,collecting_candidates;drift_not_confirmed,voltage_rolling_mean,voltage_rolling_mean=235.224772;source_publish_interval=0.504068,voltage_rolling_mean,0.8582500740885735,12.189417146146297,13.071708148345351
2026-08-10T16:31:22.348129+00:00,measurement_drift_01,meter_03,341,none,none,none,none,none,none,0.9713448170729373,0.44586934717434906,0,,0,0,drift_not_confirmed,,voltage_rolling_mean=230.658893;source_publish_interval=0.504068,,0.5731249693781137,9.540082886815071,10.131084127351642
2026-08-10T16:31:22.813024+00:00,measurement_drift_01,meter_01,342,none,none,none,none,none,none,0.9999908807100063,0.45536613577891183,0,,0,0,drift_not_confirmed,,voltage_rolling_mean=231.644142;source_publish_interval=0.504067,,2.2488748654723167,18.352583050727844,20.63516713678837
2026-08-10T16:31:22.834034+00:00,measurement_drift_01,meter_02,342,none,measurement_shift,none,none,none,normal_drift,0.9991474031066047,0.5405869059888857,0,,1,0,collecting_candidates;drift_not_confirmed,voltage_rolling_mean,voltage_rolling_mean=235.224772;source_publish_interval=0.504068,voltage_rolling_mean,0.7291249930858612,11.439291993156075,12.18941598199308
2026-08-10T16:31:22.846314+00:00,measurement_drift_01,meter_03,342,none,none,none,none,none,none,0.9971753703921113,0.4503032374857963,0,,0,0,drift_not_confirmed,,voltage_rolling_mean=230.658893;source_publish_interval=0.504068,,0.5060839466750622,9.49366600252688,10.01608301885426
2026-08-10T16:31:23.317513+00:00,measurement_drift_01,meter_01,343,none,none,none,none,none,none,0.9999956492954946,0.4739001726596932,0,,0,0,drift_not_confirmed,,voltage_rolling_mean=231.644142;source_publish_interval=0.504067,,2.0228750072419643,22.112124832347035,24.167582858353853
2026-08-10T16:31:23.341973+00:00,measurement_drift_01,meter_02,343,none,measurement_shift,none,none,none,normal_drift,0.9949907535217521,0.5350381328170244,0,,1,0,collecting_candidates;drift_not_confirmed,voltage_rolling_mean,voltage_rolling_mean=235.224772;source_publish_interval=0.504068,voltage_rolling_mean,0.8392080198973417,11.711874976754189,12.574084103107452
2026-08-10T16:31:23.354656+00:00,measurement_drift_01,meter_03,343,none,none,none,none,none,none,0.9869675315883679,0.4989414455715237,0,,0,0,drift_not_confirmed,,voltage_rolling_mean=230.658893;source_publish_interval=0.504068,,0.5076671950519085,9.46891587227583,9.99425002373755
2026-08-10T16:31:23.820496+00:00,measurement_drift_01,meter_01,344,none,none,none,none,none,none,0.9999935606211493,0.44397517075542337,0,,0,0,drift_not_confirmed,,voltage_rolling_mean=231.644142;source_publish_interval=0.504067,,2.6264169719070196,22.64616615138948,25.31062508933246
2026-08-10T16:31:23.846230+00:00,measurement_drift_01,meter_02,344,none,measurement_shift,none,none,none,normal_drift,0.9960395322381362,0.5527175669162203,0,,1,0,collecting_candidates;drift_not_confirmed,voltage_rolling_mean,voltage_rolling_mean=235.224772;source_publish_interval=0.504068,voltage_rolling_mean,0.8476669900119305,12.011875165626407,12.882542097941041
2026-08-10T16:31:23.859213+00:00,measurement_drift_01,meter_03,344,none,none,none,none,none,none,0.98361770644997,0.43296789659184687,0,,0,0,drift_not_confirmed,,voltage_rolling_mean=230.658893;source_publish_interval=0.504068,,0.5580419674515724,9.512708056718111,10.089042130857706
2026-08-10T16:31:24.325530+00:00,measurement_drift_01,meter_01,345,none,none,none,none,none,none,0.9999921283411033,0.4487175238772668,0,,0,0,drift_not_confirmed,,voltage_rolling_mean=231.644142;source_publish_interval=0.504067,,2.7064168825745583,22.18712493777275,24.926665937528014
2026-08-10T16:31:24.350818+00:00,measurement_drift_01,meter_02,345,none,measurement_shift,none,none,none,normal_drift,0.9908321762000579,0.5518799053344479,0,,1,0,collecting_candidates;drift_not_confirmed,voltage_rolling_mean,voltage_rolling_mean=235.224772;source_publish_interval=0.504068,voltage_rolling_mean,0.7712920196354389,11.697374982759356,12.490957975387573
2026-08-10T16:31:24.363412+00:00,measurement_drift_01,meter_03,345,none,none,none,none,none,none,0.9928133351045053,0.45538458569145357,0,,0,0,drift_not_confirmed,,voltage_rolling_mean=230.658893;source_publish_interval=0.504068,,0.549208140000701,9.687416953966022,10.254374938085675
2026-08-10T16:31:24.830647+00:00,measurement_drift_01,meter_01,346,none,none,none,none,none,none,0.9999657364770368,0.5950917782091317,0,,0,0,drift_not_confirmed,,voltage_rolling_mean=231.644142;source_publish_interval=0.504067,,2.252791076898575,20.564083009958267,22.847415879368782
2026-08-10T16:31:24.853858+00:00,measurement_drift_01,meter_02,346,none,measurement_shift,none,none,none,normal_drift,0.9942551463039794,0.5401441369285956,0,,1,0,collecting_candidates;drift_not_confirmed,voltage_rolling_mean,voltage_rolling_mean=235.224772;source_publish_interval=0.504068,voltage_rolling_mean,0.728334067389369,11.753583094105124,12.504667043685913
2026-08-10T16:31:24.866464+00:00,measurement_drift_01,meter_03,346,none,none,none,none,none,none,0.9659484004658663,0.45821581403296235,0,,0,0,drift_not_confirmed,,voltage_rolling_mean=230.658893;source_publish_interval=0.504068,,0.5707081872969866,9.600708959624171,10.18845895305276
2026-08-10T16:31:25.335395+00:00,measurement_drift_01,meter_01,347,none,none,none,none,none,none,0.9999382318443024,0.4942064051857924,0,,0,0,drift_not_confirmed,,voltage_rolling_mean=231.644142;source_publish_interval=0.504067,,2.409040927886963,18.76441715285182,21.207291865721345
2026-08-10T16:31:25.356994+00:00,measurement_drift_01,meter_02,347,none,measurement_shift,none,none,none,normal_drift,0.9895614454791347,0.5431619217733881,0,,1,0,collecting_candidates;drift_not_confirmed,voltage_rolling_mean,voltage_rolling_mean=235.224772;source_publish_interval=0.504068,voltage_rolling_mean,0.7784580811858177,11.479208013042808,12.279415968805552
2026-08-10T16:31:25.369398+00:00,measurement_drift_01,meter_03,347,none,none,none,none,none,none,0.996498979746238,0.44619705716754765,0,,0,0,drift_not_confirmed,,voltage_rolling_mean=230.658893;source_publish_interval=0.504068,,0.5100839771330357,9.5765411388129,10.105167049914598
2026-08-10T16:31:25.839238+00:00,measurement_drift_01,meter_01,348,none,none,none,none,none,none,0.9998096249708521,0.5039788404873352,0,,0,0,drift_not_confirmed,,voltage_rolling_mean=231.644142;source_publish_interval=0.504067,,2.12629116140306,22.90704194456339,25.082875043153763
2026-08-10T16:31:25.864894+00:00,measurement_drift_01,meter_02,348,none,measurement_shift,none,none,none,normal_drift,0.9941654065430995,0.5569428405694352,0,,1,0,collecting_candidates;drift_not_confirmed,voltage_rolling_mean,voltage_rolling_mean=235.224772;source_publish_interval=0.504068,voltage_rolling_mean,0.8859168738126755,12.049333890900016,12.959915911778808
2026-08-10T16:31:25.877995+00:00,measurement_drift_01,meter_03,348,none,none,none,unknown,unknown,unknown,0.9384170385201455,0.4599115896288565,0,,0,0,drift_not_confirmed,,voltage_rolling_mean=230.658893;source_publish_interval=0.504068,,0.530292047187686,9.540874976664782,10.091082891449332
2026-08-10T16:31:26.343817+00:00,measurement_drift_01,meter_01,349,none,none,none,none,none,none,0.9999572924676496,0.4575372815737211,0,,0,0,drift_not_confirmed,,voltage_rolling_mean=231.644142;source_publish_interval=0.504067,,2.010500058531761,21.969916997477412,24.016042007133365
2026-08-10T16:31:26.368123+00:00,measurement_drift_01,meter_02,349,none,measurement_shift,none,none,none,normal_drift,0.9959725786408475,0.5516649451099378,0,,1,0,collecting_candidates;drift_not_confirmed,voltage_rolling_mean,voltage_rolling_mean=235.224772;source_publish_interval=0.504068,voltage_rolling_mean,0.8610410150140524,12.007500045001507,12.892457889392972
2026-08-10T16:31:26.381134+00:00,measurement_drift_01,meter_03,349,none,none,none,unknown,unknown,unknown,0.9276721703224275,0.4823756287766156,0,,0,0,drift_not_confirmed,,voltage_rolling_mean=230.658893;source_publish_interval=0.504068,,0.5769580602645874,9.73908300511539,10.334041900932789
2026-08-10T16:31:26.848684+00:00,measurement_drift_01,meter_01,350,none,none,none,none,none,none,0.9999819560802592,0.4374596595797849,0,,0,0,drift_not_confirmed,,voltage_rolling_mean=231.644142;source_publish_interval=0.504067,,2.9665830079466105,18.765624845400453,21.76512498408556
2026-08-10T16:31:26.870783+00:00,measurement_drift_01,meter_02,350,none,measurement_shift,none,none,none,normal_drift,0.9972151991056828,0.5860494952910867,0,,1,0,collecting_candidates;drift_not_confirmed,voltage_rolling_mean,voltage_rolling_mean=235.224772;source_publish_interval=0.504068,voltage_rolling_mean,0.7124589756131172,11.3214161247015,12.05616700462997
2026-08-10T16:31:26.882952+00:00,measurement_drift_01,meter_03,350,none,none,none,none,none,none,0.9970227772803105,0.4322522679902211,0,,0,0,drift_not_confirmed,,voltage_rolling_mean=230.658893;source_publish_interval=0.504068,,0.5169168580323458,9.531499817967415,10.065666167065501
2026-08-10T16:31:27.353566+00:00,measurement_drift_01,meter_01,351,none,none,none,none,none,none,0.9999741461357794,0.5168300668229934,0,,0,0,drift_not_confirmed,,voltage_rolling_mean=231.644142;source_publish_interval=0.504067,,3.2569169998168945,16.875874949619174,20.166000118479133
2026-08-10T16:31:27.374088+00:00,measurement_drift_01,meter_02,351,none,measurement_shift,none,none,none,normal_drift,0.9970822809962078,0.5638811438883083,0,,1,0,collecting_candidates;drift_not_confirmed,voltage_rolling_mean,voltage_rolling_mean=235.224772;source_publish_interval=0.504068,voltage_rolling_mean,0.6964169442653656,10.942333843559027,11.658999836072326
2026-08-10T16:31:27.385852+00:00,measurement_drift_01,meter_03,351,none,none,none,none,none,none,0.9632463395606785,0.46965567824458476,0,,0,0,drift_not_confirmed,,voltage_rolling_mean=230.658893;source_publish_interval=0.504068,,0.5071659106761217,9.305707877501845,9.829958900809288
2026-08-10T16:31:27.857106+00:00,measurement_drift_01,meter_01,352,none,none,none,none,none,none,0.999987620473697,0.44488244929313847,0,,0,0,drift_not_confirmed,,voltage_rolling_mean=231.644142;source_publish_interval=0.504067,,1.3904999941587448,21.38941688463092,22.82099984586239
2026-08-10T16:31:27.880251+00:00,measurement_drift_01,meter_02,352,none,measurement_shift,none,none,none,normal_drift,0.9946602051167508,0.5519688804008102,0,,1,0,collecting_candidates;drift_not_confirmed,voltage_rolling_mean,voltage_rolling_mean=235.224772;source_publish_interval=0.504068,voltage_rolling_mean,0.8769999258220196,13.003958156332374,13.908416964113712
2026-08-10T16:31:27.894307+00:00,measurement_drift_01,meter_03,352,none,none,none,unknown,unknown,unknown,0.9152760430020296,0.43806829272219644,0,,0,0,drift_not_confirmed,,voltage_rolling_mean=230.658893;source_publish_interval=0.504068,,0.659208046272397,9.972624946385622,10.651541873812675
2026-08-10T16:31:28.357856+00:00,measurement_drift_01,meter_01,353,none,none,none,none,none,none,0.99995853915296,0.462341007073448,0,,0,0,drift_not_confirmed,,voltage_rolling_mean=231.644142;source_publish_interval=0.504067,,1.783750019967556,22.609082981944084,24.438666878268123
2026-08-10T16:31:28.382621+00:00,measurement_drift_01,meter_02,353,none,measurement_shift,none,none,none,normal_drift,0.9961163754159034,0.569544359929947,0,,1,0,collecting_candidates;drift_not_confirmed,voltage_rolling_mean,voltage_rolling_mean=235.224772;source_publish_interval=0.504068,voltage_rolling_mean,0.9140840265899897,12.393000070005655,13.332291971892118
2026-08-10T16:31:28.396078+00:00,measurement_drift_01,meter_03,353,none,none,none,none,none,none,0.9655455335979112,0.437726007373786,0,,0,0,drift_not_confirmed,,voltage_rolling_mean=230.658893;source_publish_interval=0.504068,,0.5369160789996386,9.63125005364418,10.18699980340898
2026-08-10T16:31:28.863559+00:00,measurement_drift_01,meter_01,354,none,none,none,none,none,none,0.9999543049756069,0.46218085254773916,0,,0,0,drift_not_confirmed,,voltage_rolling_mean=231.644142;source_publish_interval=0.504067,,2.3791249841451645,19.10183299332857,21.51516592130065
2026-08-10T16:31:28.885477+00:00,measurement_drift_01,meter_02,354,none,measurement_shift,none,none,none,normal_drift,0.9934280881781784,0.5465823904871696,0,,1,0,collecting_candidates;drift_not_confirmed,voltage_rolling_mean,voltage_rolling_mean=235.224772;source_publish_interval=0.504068,voltage_rolling_mean,0.7407080847769976,11.506125098094344,12.269000057131052
2026-08-10T16:31:28.897863+00:00,measurement_drift_01,meter_03,354,none,none,none,none,none,none,0.9875262338035795,0.4344943549028863,0,,0,0,drift_not_confirmed,,voltage_rolling_mean=230.658893;source_publish_interval=0.504068,,0.5303751677274704,9.419667068868876,9.968166938051581
2026-08-10T16:31:29.368509+00:00,measurement_drift_01,meter_01,355,none,none,none,none,none,none,0.9999505808877828,0.4842552241508737,0,,0,0,drift_not_confirmed,,voltage_rolling_mean=231.644142;source_publish_interval=0.504067,,1.9364170730113983,22.31691707856953,24.297791998833418
2026-08-10T16:31:29.393225+00:00,measurement_drift_01,meter_02,355,none,measurement_shift,none,none,none,none,0.9657210282824925,0.5747091220557993,0,,0,0,drift_not_confirmed;sample_not_trusted,,voltage_rolling_mean=235.224772;source_publish_interval=0.504068,voltage_rolling_mean,0.8905001450330019,12.51933304592967,13.434499967843294
2026-08-10T16:31:29.406768+00:00,measurement_drift_01,meter_03,355,none,none,none,none,none,none,0.9922567852551114,0.45505360099091885,0,,0,0,drift_not_confirmed,,voltage_rolling_mean=230.658893;source_publish_interval=0.504068,,0.5303749348968267,9.671124862506986,10.221041971817613
2026-08-10T16:31:29.873651+00:00,measurement_drift_01,meter_01,356,none,none,none,none,none,none,0.9999478765870524,0.4338813028430526,0,,0,0,drift_not_confirmed,,voltage_rolling_mean=231.644142;source_publish_interval=0.504067,,1.9335418473929167,21.55233407393098,23.53475010022521
2026-08-10T16:31:29.897505+00:00,measurement_drift_01,meter_02,356,none,measurement_shift,none,none,none,none,0.9786760278202684,0.5515276000510879,0,,0,0,drift_not_confirmed;sample_not_trusted,,voltage_rolling_mean=235.224772;source_publish_interval=0.504068,voltage_rolling_mean,0.7695418316870928,11.857458855956793,12.65004207380116
2026-08-10T16:31:29.910267+00:00,measurement_drift_01,meter_03,356,none,none,none,none,none,none,0.9965026663264129,0.48218099712357815,0,,0,0,drift_not_confirmed,,voltage_rolling_mean=230.658893;source_publish_interval=0.504068,,0.5422499962151051,9.522416163235903,10.084333131089807
2026-08-10T16:31:30.378489+00:00,measurement_drift_01,meter_01,357,none,none,none,none,none,none,0.9999641619102427,0.4715022439922566,0,,0,0,drift_not_confirmed,,voltage_rolling_mean=231.644142;source_publish_interval=0.504067,,2.7945409528911114,21.557832835242152,24.389083962887526
2026-08-10T16:31:30.403362+00:00,measurement_drift_01,meter_02,357,none,measurement_shift,none,none,none,normal_drift,0.9872419305386201,0.5355223124472678,0,,1,0,collecting_candidates;drift_not_confirmed,voltage_rolling_mean,voltage_rolling_mean=235.224772;source_publish_interval=0.504068,voltage_rolling_mean,0.7577089127153158,11.807749979197979,12.592667015269399
2026-08-10T16:31:30.416088+00:00,measurement_drift_01,meter_03,357,none,none,none,none,none,none,0.969163329179159,0.4864475005130466,0,,0,0,drift_not_confirmed,,voltage_rolling_mean=230.658893;source_publish_interval=0.504068,,0.5500419065356255,9.5617501065135,10.131374932825565
2026-08-10T16:31:30.883596+00:00,measurement_drift_01,meter_01,358,none,none,none,none,none,none,0.9996301639130258,0.44566150535598065,0,,0,0,drift_not_confirmed,,voltage_rolling_mean=231.644142;source_publish_interval=0.504067,,1.7602909356355667,22.176625207066536,24.021374993026257
2026-08-10T16:31:30.908071+00:00,measurement_drift_01,meter_02,358,none,measurement_shift,none,unknown,unknown,normal_drift,0.9887127782476465,0.6197472545437102,0,,1,1,drift_not_confirmed;reference_updated,voltage_rolling_mean,voltage_rolling_mean=236.056298;source_publish_interval=0.504068,voltage_rolling_mean,1.0132919996976852,12.333207996562123,13.37766693904996
2026-08-10T16:31:30.921628+00:00,measurement_drift_01,meter_03,358,none,none,none,none,none,none,0.9727658401195984,0.46178133961991175,0,,0,0,drift_not_confirmed,,voltage_rolling_mean=230.658893;source_publish_interval=0.504068,,0.5260421894490719,9.716917062178254,10.264416923746467
2026-08-10T16:31:31.387401+00:00,measurement_drift_01,meter_01,359,none,none,none,none,none,none,0.999564384053454,0.45766556863727265,0,,0,0,drift_not_confirmed,,voltage_rolling_mean=231.644142;source_publish_interval=0.504067,,2.926833927631378,16.749458154663444,19.725250080227852
2026-08-10T16:31:31.407551+00:00,measurement_drift_01,meter_02,359,none,measurement_shift,none,none,none,normal_drift,0.9931340316495116,0.5507037826471044,0,,1,0,collecting_candidates;drift_not_confirmed,voltage_rolling_mean,voltage_rolling_mean=236.056298;source_publish_interval=0.504068,voltage_rolling_mean,0.7882500067353249,10.993458097800612,11.807374889031053
2026-08-10T16:31:31.419498+00:00,measurement_drift_01,meter_03,359,none,none,none,none,none,none,0.9892586091001211,0.4307821766504069,0,,0,0,drift_not_confirmed,,voltage_rolling_mean=230.658893;source_publish_interval=0.504068,,0.5189159419387579,9.145583026111126,9.685334051027894
2026-08-10T16:31:31.892763+00:00,measurement_drift_01,meter_01,360,none,none,none,none,none,none,0.9999740552429836,0.5681149488834458,0,,0,0,drift_not_confirmed,,voltage_rolling_mean=231.644142;source_publish_interval=0.504067,,2.600792096927762,19.69533390365541,22.341334028169513
2026-08-10T16:31:31.915572+00:00,measurement_drift_01,meter_02,360,none,measurement_shift,none,none,none,normal_drift,0.9867938869401464,0.5518091663891794,0,,1,0,collecting_candidates;drift_not_confirmed,voltage_rolling_mean,voltage_rolling_mean=236.056298;source_publish_interval=0.504068,voltage_rolling_mean,0.7893338333815336,11.54004200361669,12.356417020782828
2026-08-10T16:31:31.928086+00:00,measurement_drift_01,meter_03,360,none,none,none,none,none,none,0.9633172881836043,0.47476058069093974,0,,0,0,drift_not_confirmed,,voltage_rolling_mean=230.658893;source_publish_interval=0.504068,,0.5326671525835991,9.380124974995852,9.934125002473593
2026-08-10T16:31:32.397690+00:00,measurement_drift_01,meter_01,361,none,none,none,none,none,none,0.9998951348245863,0.46103668414161353,0,,0,0,drift_not_confirmed,,voltage_rolling_mean=231.644142;source_publish_interval=0.504067,,2.832917030900717,19.0438749268651,21.917083067819476
2026-08-10T16:31:32.420025+00:00,measurement_drift_01,meter_02,361,none,measurement_shift,none,none,none,none,0.9476785734342321,0.5511418549482846,0,,0,0,drift_not_confirmed;sample_not_trusted,,voltage_rolling_mean=236.056298;source_publish_interval=0.504068,voltage_rolling_mean,0.7919999770820141,11.637334013357759,12.453166069462895
2026-08-10T16:31:32.432608+00:00,measurement_drift_01,meter_03,361,none,none,none,none,none,none,0.9821740105564878,0.47503259020944666,0,,0,0,drift_not_confirmed,,voltage_rolling_mean=230.658893;source_publish_interval=0.504068,,0.5255420692265034,9.619791992008686,10.175166884437203
2026-08-10T16:31:32.899971+00:00,measurement_drift_01,meter_01,362,none,none,none,none,none,none,0.9993264043210899,0.4508484055852609,0,,0,0,drift_not_confirmed,,voltage_rolling_mean=231.644142;source_publish_interval=0.504067,,2.343833912163973,19.917457830160856,22.308791056275368
2026-08-10T16:31:32.922738+00:00,measurement_drift_01,meter_02,362,none,measurement_shift,none,unknown,unknown,unknown,0.9778587408957188,0.6150801836581331,0,,0,0,drift_not_confirmed;sample_not_trusted,,voltage_rolling_mean=236.056298;source_publish_interval=0.504068,voltage_rolling_mean,0.7485419046133757,11.748833116143942,12.523041106760502
2026-08-10T16:31:32.935397+00:00,measurement_drift_01,meter_03,362,none,none,none,none,none,none,0.996113040744193,0.44733762457825255,0,,0,0,drift_not_confirmed,,voltage_rolling_mean=230.658893;source_publish_interval=0.504068,,0.5240419413894415,9.568375069648027,10.113291908055544
2026-08-10T16:31:33.403450+00:00,measurement_drift_01,meter_01,363,none,none,none,none,none,none,0.999839840527824,0.504562009882621,0,,0,0,drift_not_confirmed,,voltage_rolling_mean=231.644142;source_publish_interval=0.504067,,1.8647911492735147,21.24233404174447,23.147457977756858
2026-08-10T16:31:33.426904+00:00,measurement_drift_01,meter_02,363,none,measurement_shift,none,unknown,unknown,unknown,0.9507013480647598,0.619852474001083,0,,0,0,drift_not_confirmed;sample_not_trusted,,voltage_rolling_mean=236.056298;source_publish_interval=0.504068,voltage_rolling_mean,0.8641669992357492,12.592334067448974,13.482584152370691
2026-08-10T16:31:33.440580+00:00,measurement_drift_01,meter_03,363,none,none,none,none,none,none,0.9972500329235128,0.5995673610955456,0,,0,0,drift_not_confirmed,,voltage_rolling_mean=230.658893;source_publish_interval=0.504068,,0.6579170003533363,9.961250005289912,10.638582985848188
2026-08-10T16:31:33.908963+00:00,measurement_drift_01,meter_01,364,none,none,none,none,none,none,0.9948374014688375,0.46664774524020264,0,,0,0,drift_not_confirmed,,voltage_rolling_mean=231.644142;source_publish_interval=0.504067,,2.004500012844801,22.23704196512699,24.28570785559714
2026-08-10T16:31:33.933608+00:00,measurement_drift_01,meter_02,364,none,measurement_shift,none,unknown,unknown,unknown,0.8980187822738701,0.5978679570222619,0,,0,0,drift_not_confirmed;sample_not_trusted,,voltage_rolling_mean=236.056298;source_publish_interval=0.504068,voltage_rolling_mean,0.8807079866528511,12.01308285817504,12.918333057314157
2026-08-10T16:31:33.946680+00:00,measurement_drift_01,meter_03,364,none,none,none,none,none,none,0.9882854665428865,0.4538856654999987,0,,0,0,drift_not_confirmed,,voltage_rolling_mean=230.658893;source_publish_interval=0.504068,,0.5340420175343752,9.55200009047985,10.10612491518259
2026-08-10T16:31:34.412315+00:00,measurement_drift_01,meter_01,365,none,none,none,none,none,none,0.9998110709794636,0.48204504494937267,0,,0,0,drift_not_confirmed,,voltage_rolling_mean=231.644142;source_publish_interval=0.504067,,2.4780421517789364,19.687250023707747,22.201583022251725
2026-08-10T16:31:34.434902+00:00,measurement_drift_01,meter_02,365,none,measurement_shift,none,none,none,normal_drift,0.9807694123115531,0.5610943454181726,0,,1,0,collecting_candidates;drift_not_confirmed,voltage_rolling_mean,voltage_rolling_mean=236.056298;source_publish_interval=0.504068,voltage_rolling_mean,0.7454170845448971,11.612833943217993,12.381792068481445
2026-08-10T16:31:34.447435+00:00,measurement_drift_01,meter_03,365,none,none,none,none,none,none,0.9997472530406816,0.587405315268511,0,,0,0,drift_not_confirmed,,voltage_rolling_mean=230.658893;source_publish_interval=0.504068,,0.5237499717622995,9.550499962642789,10.092375101521611
2026-08-10T16:31:34.917058+00:00,measurement_drift_01,meter_01,366,none,none,none,none,none,none,0.9996739508335251,0.48069941085972,0,,0,0,drift_not_confirmed,,voltage_rolling_mean=231.644142;source_publish_interval=0.504067,,2.2953751031309366,22.67029113136232,25.008624885231256
2026-08-10T16:31:34.942488+00:00,measurement_drift_01,meter_02,366,none,measurement_shift,none,unknown,unknown,unknown,0.9295730576761387,0.58952786087803,0,,0,0,drift_not_confirmed;sample_not_trusted,,voltage_rolling_mean=236.056298;source_publish_interval=0.504068,voltage_rolling_mean,0.8455838542431593,12.142583960667253,13.012124923989177
2026-08-10T16:31:34.955629+00:00,measurement_drift_01,meter_03,366,none,none,none,none,none,none,0.9507085454659803,0.49235603775498804,0,,0,0,drift_not_confirmed,,voltage_rolling_mean=230.658893;source_publish_interval=0.504068,,0.5251248367130756,9.689916856586933,10.237749898806214
2026-08-10T16:31:35.422216+00:00,measurement_drift_01,meter_01,367,none,none,none,none,none,none,0.9970087493530938,0.4583923285336887,0,,0,0,drift_not_confirmed,,voltage_rolling_mean=231.644142;source_publish_interval=0.504067,,1.976165920495987,22.081708069890738,24.097499903291464
2026-08-10T16:31:35.446667+00:00,measurement_drift_01,meter_02,367,none,measurement_shift,none,unknown,unknown,unknown,0.8889318600970867,0.562076700775051,0,,0,0,drift_not_confirmed;sample_not_trusted,,voltage_rolling_mean=236.056298;source_publish_interval=0.504068,voltage_rolling_mean,0.8903751149773598,12.14808295480907,13.059915974736214
2026-08-10T16:31:35.459849+00:00,measurement_drift_01,meter_03,367,none,none,none,none,none,none,0.998010178255,0.5126083437179276,0,,0,0,drift_not_confirmed,,voltage_rolling_mean=230.658893;source_publish_interval=0.504068,,0.536083010956645,9.641916025429964,10.19833399914205
2026-08-10T16:31:35.927450+00:00,measurement_drift_01,meter_01,368,none,none,none,none,none,none,0.999575284058406,0.5951024062889356,0,,0,0,drift_not_confirmed,,voltage_rolling_mean=231.644142;source_publish_interval=0.504067,,2.614333061501384,19.295332953333855,21.944500040262938
2026-08-10T16:31:35.949820+00:00,measurement_drift_01,meter_02,368,none,measurement_shift,none,unknown,unknown,unknown,0.8345633358361154,0.5608767746911535,0,,0,0,drift_not_confirmed;sample_not_trusted,,voltage_rolling_mean=236.056298;source_publish_interval=0.504068,voltage_rolling_mean,0.7361250463873148,11.57454214990139,12.332041980698705
2026-08-10T16:31:35.962269+00:00,measurement_drift_01,meter_03,368,none,none,none,none,none,none,0.9771448739214944,0.4412456927015055,0,,0,0,drift_not_confirmed,,voltage_rolling_mean=230.658893;source_publish_interval=0.504068,,0.5366669502109289,9.402750059962273,9.957624832168221
2026-08-10T16:31:36.432323+00:00,measurement_drift_01,meter_01,369,none,none,none,none,none,none,0.999193352379029,0.47483322344948514,0,,0,0,drift_not_confirmed,,voltage_rolling_mean=231.644142;source_publish_interval=0.504067,,2.77158385142684,17.885333858430386,20.697542000561953
2026-08-10T16:31:36.453423+00:00,measurement_drift_01,meter_02,369,none,measurement_shift,none,unknown,unknown,unknown,0.8814624857030305,0.5556945465670367,0,,0,0,drift_not_confirmed;sample_not_trusted,,voltage_rolling_mean=236.056298;source_publish_interval=0.504068,voltage_rolling_mean,0.7309590000659227,11.3020830322057,12.053833808749914
2026-08-10T16:31:36.465585+00:00,measurement_drift_01,meter_03,369,none,none,none,none,none,none,0.998305681586562,0.4406609493002753,0,,0,0,drift_not_confirmed,,voltage_rolling_mean=230.658893;source_publish_interval=0.504068,,0.5227499641478062,9.407166857272387,9.949707891792059
2026-08-10T16:31:36.937322+00:00,measurement_drift_01,meter_01,370,none,none,none,none,none,none,0.990899033686507,0.4541548997844077,0,,0,0,drift_not_confirmed,,voltage_rolling_mean=231.644142;source_publish_interval=0.504067,,2.674583112820983,19.815917126834393,22.546541178599
2026-08-10T16:31:36.960308+00:00,measurement_drift_01,meter_02,370,none,measurement_shift,none,unknown,unknown,unknown,0.910929301837541,0.5891689415791247,0,,0,0,drift_not_confirmed;sample_not_trusted,,voltage_rolling_mean=236.056298;source_publish_interval=0.504068,voltage_rolling_mean,0.8339579217135906,11.755625018849969,12.615500018000603
2026-08-10T16:31:36.973089+00:00,measurement_drift_01,meter_03,370,none,none,none,none,none,none,0.9961643831835472,0.4938735077516753,0,,0,0,drift_not_confirmed,,voltage_rolling_mean=230.658893;source_publish_interval=0.504068,,0.5737498868256807,9.58870816975832,10.182042140513659
2026-08-10T16:31:37.442417+00:00,measurement_drift_01,meter_01,371,none,none,none,none,none,none,0.9893098937062833,0.5083580586831377,0,,0,0,drift_not_confirmed,,voltage_rolling_mean=231.644142;source_publish_interval=0.504067,,2.1086670458316803,22.155999904498458,24.3128330912441
2026-08-10T16:31:37.467180+00:00,measurement_drift_01,meter_02,371,none,measurement_shift,none,unknown,unknown,unknown,0.8604617019371534,0.5595261381247424,0,,0,0,drift_not_confirmed;sample_not_trusted,,voltage_rolling_mean=236.056298;source_publish_interval=0.504068,voltage_rolling_mean,0.9074169211089611,12.170291971415281,13.106917031109333
2026-08-10T16:31:37.480449+00:00,measurement_drift_01,meter_03,371,none,none,none,none,none,none,0.9943293404217346,0.4338061190001812,0,,0,0,drift_not_confirmed,,voltage_rolling_mean=230.658893;source_publish_interval=0.504068,,0.5838752258569002,9.591416921466589,10.196999879553914
2026-08-10T16:31:37.947731+00:00,measurement_drift_01,meter_01,372,none,none,none,none,none,none,0.9953505326175867,0.45700303164636497,0,,0,0,drift_not_confirmed,,voltage_rolling_mean=231.644142;source_publish_interval=0.504067,,2.668625209480524,19.708084175363183,22.420041961595416
2026-08-10T16:31:37.970602+00:00,measurement_drift_01,meter_02,372,none,measurement_shift,none,none,none,none,0.9616079455002778,0.565448365194273,0,,0,0,drift_not_confirmed;sample_not_trusted,,voltage_rolling_mean=236.056298;source_publish_interval=0.504068,voltage_rolling_mean,0.7875829469412565,11.699333088472486,12.509291991591454
2026-08-10T16:31:37.983234+00:00,measurement_drift_01,meter_03,372,none,none,none,none,none,none,0.9950894792571348,0.4378734455383714,0,,0,0,drift_not_confirmed,,voltage_rolling_mean=230.658893;source_publish_interval=0.504068,,0.5579998251050711,9.487707866355777,10.063915979117155
2026-08-10T16:31:38.452437+00:00,measurement_drift_01,meter_01,373,none,none,none,none,none,none,0.9948843053055788,0.4641994347222005,0,,0,0,drift_not_confirmed,,voltage_rolling_mean=231.644142;source_publish_interval=0.504067,,2.5452920235693455,17.75550004094839,20.33345797099173
2026-08-10T16:31:38.473127+00:00,measurement_drift_01,meter_02,373,none,measurement_shift,none,none,none,none,0.9664691478439668,0.5783476714440522,0,,0,0,drift_not_confirmed;sample_not_trusted,,voltage_rolling_mean=236.056298;source_publish_interval=0.504068,voltage_rolling_mean,0.7264160085469484,11.169166071340442,11.91662484779954
2026-08-10T16:31:38.485140+00:00,measurement_drift_01,meter_03,373,none,none,none,none,none,none,0.9972665810208552,0.4360843830351607,0,,0,0,drift_not_confirmed,,voltage_rolling_mean=230.658893;source_publish_interval=0.504068,,0.5265828222036362,9.372666012495756,9.918374940752983
2026-08-10T16:31:38.953462+00:00,measurement_drift_01,meter_01,374,none,none,none,none,none,none,0.9999189600039833,0.5735117102114545,0,,0,0,drift_not_confirmed,,voltage_rolling_mean=231.644142;source_publish_interval=0.504067,,2.1817078813910484,22.061459021642804,24.280125042423606
2026-08-10T16:31:38.978088+00:00,measurement_drift_01,meter_02,374,none,measurement_shift,none,unknown,unknown,unknown,0.9302867851772402,0.6075470231295195,0,,0,0,drift_not_confirmed;sample_not_trusted,,voltage_rolling_mean=236.056298;source_publish_interval=0.504068,voltage_rolling_mean,0.8048340678215027,12.7512919716537,13.581583043560386
2026-08-10T16:31:38.991829+00:00,measurement_drift_01,meter_03,374,none,none,none,none,none,none,0.9975867373271048,0.43423423662439387,0,,0,0,drift_not_confirmed,,voltage_rolling_mean=230.658893;source_publish_interval=0.504068,,0.6019999273121357,9.812374832108617,10.432791197672486
2026-08-10T16:31:39.458489+00:00,measurement_drift_01,meter_01,375,none,none,none,none,none,none,0.9854540145306344,0.4520056309047914,0,,0,0,drift_not_confirmed,,voltage_rolling_mean=231.644142;source_publish_interval=0.504067,,1.996292034164071,21.06399997137487,23.093750001862645
2026-08-10T16:31:39.481884+00:00,measurement_drift_01,meter_02,375,none,measurement_shift,none,unknown,unknown,unknown,0.9333978588381214,0.5635053919213867,0,,0,0,drift_not_confirmed;sample_not_trusted,,voltage_rolling_mean=236.056298;source_publish_interval=0.504068,voltage_rolling_mean,0.6879998836666346,11.802250053733587,12.515416834503412
2026-08-10T16:31:39.494514+00:00,measurement_drift_01,meter_03,375,none,none,none,none,none,none,0.9995751293520375,0.43438820931471794,0,,0,0,drift_not_confirmed,,voltage_rolling_mean=230.658893;source_publish_interval=0.504068,,0.5824579857289791,9.594583883881569,10.195874841883779
2026-08-10T16:31:39.961910+00:00,measurement_drift_01,meter_01,376,none,none,none,none,none,none,0.988589293906576,0.46500367212589044,0,,0,0,drift_not_confirmed,,voltage_rolling_mean=231.644142;source_publish_interval=0.504067,,1.9849168602377176,21.94320783019066,23.968165973201394
2026-08-10T16:31:39.986221+00:00,measurement_drift_01,meter_02,376,none,measurement_shift,none,none,none,none,0.9445163103235907,0.5547318397236984,0,,0,0,drift_not_confirmed;sample_not_trusted,,voltage_rolling_mean=236.056298;source_publish_interval=0.504068,voltage_rolling_mean,0.8324170485138893,11.95191708393395,12.810875196009874
2026-08-10T16:31:39.999154+00:00,measurement_drift_01,meter_03,376,none,none,none,none,none,none,0.9994217326888143,0.4376698573587295,0,,0,0,drift_not_confirmed,,voltage_rolling_mean=230.658893;source_publish_interval=0.504068,,0.5500409752130508,9.636415867134929,10.205541038885713
2026-08-10T16:31:40.466299+00:00,measurement_drift_01,meter_01,377,none,none,none,none,none,none,0.9783386584757325,0.48543706064208586,0,,0,0,drift_not_confirmed,,voltage_rolling_mean=231.644142;source_publish_interval=0.504067,,3.4161671064794064,16.724458895623684,20.182250067591667
2026-08-10T16:31:40.486853+00:00,measurement_drift_01,meter_02,377,none,measurement_shift,none,none,none,none,0.9508038969457573,0.5947753242469529,0,,0,0,drift_not_confirmed;sample_not_trusted,,voltage_rolling_mean=236.056298;source_publish_interval=0.504068,voltage_rolling_mean,0.7309580687433481,11.26345805823803,12.017957866191864
2026-08-10T16:31:40.498977+00:00,measurement_drift_01,meter_03,377,none,none,none,none,none,none,0.99959637327999,0.4419557512528029,0,,0,0,drift_not_confirmed,,voltage_rolling_mean=230.658893;source_publish_interval=0.504068,,0.5313749425113201,9.286875138059258,9.837458143010736
2026-08-10T16:31:40.970176+00:00,measurement_drift_01,meter_01,378,none,none,none,none,none,none,0.9986973310313265,0.4665563991310371,0,,0,0,drift_not_confirmed,,voltage_rolling_mean=231.644142;source_publish_interval=0.504067,,1.4517500530928373,20.75525000691414,22.24437496624887
2026-08-10T16:31:40.992701+00:00,measurement_drift_01,meter_02,378,none,measurement_shift,none,unknown,unknown,unknown,0.9110750113581022,0.561651800447168,0,,0,0,drift_not_confirmed;sample_not_trusted,,voltage_rolling_mean=236.056298;source_publish_interval=0.504068,voltage_rolling_mean,0.8495410438627005,12.84270896576345,13.71724996715784
2026-08-10T16:31:41.006553+00:00,measurement_drift_01,meter_03,378,none,none,none,none,none,none,0.9999542182806787,0.49726165954669777,0,,0,0,drift_not_confirmed,,voltage_rolling_mean=230.658893;source_publish_interval=0.504068,,0.6357089150696993,9.851417038589716,10.505832964554429
2026-08-10T16:31:41.475939+00:00,measurement_drift_01,meter_01,379,none,none,none,none,none,none,0.9976971935297584,0.4642138375196642,0,,0,0,drift_not_confirmed,,voltage_rolling_mean=231.644142;source_publish_interval=0.504067,,1.9968331325799227,21.96233393624425,23.996375035494566
2026-08-10T16:31:41.500257+00:00,measurement_drift_01,meter_02,379,none,measurement_shift,none,unknown,unknown,unknown,0.9219089991096947,0.5712193393921515,0,,0,0,drift_not_confirmed;sample_not_trusted,,voltage_rolling_mean=236.056298;source_publish_interval=0.504068,voltage_rolling_mean,0.85108308121562,11.968791950494051,12.843457981944084
2026-08-10T16:31:41.513224+00:00,measurement_drift_01,meter_03,379,none,none,none,none,none,none,0.9999240358584196,0.45314841964306024,0,,0,0,drift_not_confirmed,,voltage_rolling_mean=230.658893;source_publish_interval=0.504068,,0.5523329600691795,9.50962514616549,10.080249980092049
2026-08-10T16:31:41.976752+00:00,measurement_drift_01,meter_01,380,none,none,none,none,none,none,0.9859054001969809,0.49000730632379724,0,,0,0,drift_not_confirmed,,voltage_rolling_mean=231.644142;source_publish_interval=0.504067,,2.016291953623295,21.933416835963726,23.985958192497492
2026-08-10T16:31:42.001056+00:00,measurement_drift_01,meter_02,380,none,measurement_shift,none,none,none,none,0.9622321882131197,0.5783906038773624,0,,0,0,drift_not_confirmed;sample_not_trusted,,voltage_rolling_mean=236.056298;source_publish_interval=0.504068,voltage_rolling_mean,0.8339160121977329,11.887833010405302,12.745165964588523
2026-08-10T16:31:42.013908+00:00,measurement_drift_01,meter_03,380,none,none,none,none,none,none,0.9997072880412649,0.4767842052592623,0,,0,0,drift_not_confirmed,,voltage_rolling_mean=230.658893;source_publish_interval=0.504068,,0.545040937140584,9.531500050798059,10.096166050061584
2026-08-10T16:31:42.481567+00:00,measurement_drift_01,meter_01,381,none,none,none,none,none,none,0.9975716529212738,0.48234746122162336,0,,0,0,drift_not_confirmed,,voltage_rolling_mean=231.644142;source_publish_interval=0.504067,,1.9529578275978565,21.68062492273748,23.67279096506536
2026-08-10T16:31:42.505609+00:00,measurement_drift_01,meter_02,381,none,measurement_shift,none,unknown,unknown,unknown,0.9233622244036318,0.5734397982141689,0,,0,0,drift_not_confirmed;sample_not_trusted,,voltage_rolling_mean=236.056298;source_publish_interval=0.504068,voltage_rolling_mean,0.7380829192698002,11.737917084246874,12.500457931309938
2026-08-10T16:31:42.518235+00:00,measurement_drift_01,meter_03,381,none,none,none,none,none,none,0.9996435690006161,0.4669661775395392,0,,0,0,drift_not_confirmed,,voltage_rolling_mean=230.658893;source_publish_interval=0.504068,,0.5821250379085541,9.691291954368353,10.295000160112977
2026-08-10T16:31:42.984673+00:00,measurement_drift_01,meter_01,382,none,none,none,none,none,none,0.9988018857056528,0.5253570730817507,0,,0,0,drift_not_confirmed,,voltage_rolling_mean=231.644142;source_publish_interval=0.504067,,2.6824160013347864,18.730332842096686,21.451500011608005
2026-08-10T16:31:43.006529+00:00,measurement_drift_01,meter_02,382,none,measurement_shift,none,unknown,unknown,unknown,0.8443462791383985,0.5665751405787135,0,,0,0,drift_not_confirmed;sample_not_trusted,,voltage_rolling_mean=236.056298;source_publish_interval=0.504068,voltage_rolling_mean,0.7382091134786606,11.510832933709025,12.270374922081828
2026-08-10T16:31:43.018919+00:00,measurement_drift_01,meter_03,382,none,none,none,none,none,none,0.9999197730605182,0.5317847001838405,0,,0,0,drift_not_confirmed,,voltage_rolling_mean=230.658893;source_publish_interval=0.504068,,0.5169580690562725,9.376041823998094,9.911124827340245
2026-08-10T16:31:43.486666+00:00,measurement_drift_01,meter_01,383,none,none,none,none,none,none,0.9986681862435876,0.530488361391482,0,,0,0,drift_not_confirmed,,voltage_rolling_mean=231.644142;source_publish_interval=0.504067,,1.9600829109549522,21.771416999399662,23.76875001937151
2026-08-10T16:31:43.510779+00:00,measurement_drift_01,meter_02,383,none,measurement_shift,none,unknown,unknown,unknown,0.8065734955436683,0.612945897544079,0,,0,0,drift_not_confirmed;sample_not_trusted,,voltage_rolling_mean=236.056298;source_publish_interval=0.504068,voltage_rolling_mean,0.8901250548660755,12.143666855990887,13.057875214144588
2026-08-10T16:31:43.523962+00:00,measurement_drift_01,meter_03,383,none,none,none,none,none,none,0.9997629813287472,0.4614049481828627,0,,0,0,drift_not_confirmed,,voltage_rolling_mean=230.658893;source_publish_interval=0.504068,,0.5814579781144857,9.589541936293244,10.189249878749251
2026-08-10T16:31:43.991934+00:00,measurement_drift_01,meter_01,384,none,none,none,none,none,none,0.9986784219126934,0.5356975497974656,0,,0,0,drift_not_confirmed,,voltage_rolling_mean=231.644142;source_publish_interval=0.504067,,2.596499864012003,22.223709151148796,24.855166906490922
2026-08-10T16:31:44.017183+00:00,measurement_drift_01,meter_02,384,none,measurement_shift,none,unknown,unknown,unknown,0.6667623929352172,0.5560502184246083,0,,0,0,drift_not_confirmed;sample_not_trusted,,voltage_rolling_mean=236.056298;source_publish_interval=0.504068,voltage_rolling_mean,0.7650000043213367,12.236000038683414,13.023625127971172
2026-08-10T16:31:44.030324+00:00,measurement_drift_01,meter_03,384,none,none,none,none,none,none,0.9999026600158789,0.4378498356100735,0,,0,0,drift_not_confirmed,,voltage_rolling_mean=230.658893;source_publish_interval=0.504068,,0.5674581043422222,9.8924171179533,10.479707969352603
2026-08-10T16:31:44.496755+00:00,measurement_drift_01,meter_01,385,none,none,none,none,none,none,0.9798415630358739,0.4616294015578166,0,,0,0,drift_not_confirmed,,voltage_rolling_mean=231.644142;source_publish_interval=0.504067,,1.962499925866723,22.401874884963036,24.4080419652164
2026-08-10T16:31:44.521570+00:00,measurement_drift_01,meter_02,385,none,measurement_shift,none,none,none,none,0.9663711305822987,0.560111777462374,0,,0,0,drift_not_confirmed;sample_not_trusted,,voltage_rolling_mean=236.056298;source_publish_interval=0.504068,voltage_rolling_mean,0.9454579558223486,12.380250031128526,13.351166853681207
2026-08-10T16:31:44.535079+00:00,measurement_drift_01,meter_03,385,none,none,none,none,none,none,0.9999458408242438,0.5367684576250313,0,,0,0,drift_not_confirmed,,voltage_rolling_mean=230.658893;source_publish_interval=0.504068,,0.5202081520110369,9.693874977529049,10.233165929093957
2026-08-10T16:31:44.999443+00:00,measurement_drift_01,meter_01,386,none,none,none,none,none,none,0.9997395473899966,0.6082028940952305,0,,0,0,drift_not_confirmed,,voltage_rolling_mean=231.644142;source_publish_interval=0.504067,,2.3281669709831476,19.922625040635467,22.284750128164887
2026-08-10T16:31:45.022077+00:00,measurement_drift_01,meter_02,386,none,measurement_shift,none,unknown,unknown,unknown,0.9214412033398978,0.5612543237992462,0,,0,0,drift_not_confirmed;sample_not_trusted,,voltage_rolling_mean=236.056298;source_publish_interval=0.504068,voltage_rolling_mean,0.7265419699251652,11.663667159155011,12.411374831572175
2026-08-10T16:31:45.034600+00:00,measurement_drift_01,meter_03,386,none,none,none,none,none,none,0.9999943062902459,0.6090405212479784,0,,0,0,drift_not_confirmed,,voltage_rolling_mean=230.658893;source_publish_interval=0.504068,,0.5204579792916775,9.509250055998564,10.04854217171669
2026-08-10T16:31:45.504326+00:00,measurement_drift_01,meter_01,387,none,none,none,none,none,none,0.9984212436082377,0.505729948737948,0,,0,0,drift_not_confirmed,,voltage_rolling_mean=231.644142;source_publish_interval=0.504067,,1.9844591151922941,19.679208984598517,21.701500052586198
2026-08-10T16:31:45.526364+00:00,measurement_drift_01,meter_02,387,none,measurement_shift,none,unknown,unknown,unknown,0.9112390515274604,0.5895309196850914,0,,0,0,drift_not_confirmed;sample_not_trusted,,voltage_rolling_mean=236.056298;source_publish_interval=0.504068,voltage_rolling_mean,0.7907089311629534,11.794165940955281,12.608417076990008
2026-08-10T16:31:45.539108+00:00,measurement_drift_01,meter_03,387,none,none,none,none,none,none,0.9999759118002349,0.4488859175893885,0,,0,0,drift_not_confirmed,,voltage_rolling_mean=230.658893;source_publish_interval=0.504068,,0.5327919498085976,9.503416949883103,10.057250037789345
2026-08-10T16:31:46.009374+00:00,measurement_drift_01,meter_01,388,none,none,none,none,none,none,0.9869425250130252,0.4686577884083399,0,,0,0,drift_not_confirmed,,voltage_rolling_mean=231.644142;source_publish_interval=0.504067,,2.027292037382722,22.21083315089345,24.280291981995106
2026-08-10T16:31:46.034059+00:00,measurement_drift_01,meter_02,388,none,measurement_shift,none,unknown,unknown,unknown,0.9316859260388081,0.5617623311587153,0,,0,0,drift_not_confirmed;sample_not_trusted,,voltage_rolling_mean=236.056298;source_publish_interval=0.504068,voltage_rolling_mean,0.8785838726907969,12.019291054457426,12.92187487706542
2026-08-10T16:31:46.047105+00:00,measurement_drift_01,meter_03,388,none,none,none,none,none,none,0.9999660952549911,0.4518577466386465,0,,0,0,drift_not_confirmed,,voltage_rolling_mean=230.658893;source_publish_interval=0.504068,,0.535166822373867,9.640875039622188,10.197083000093699
2026-08-10T16:31:46.513935+00:00,measurement_drift_01,meter_01,389,none,none,none,none,none,none,0.9902631991206154,0.4407109656701909,0,,0,0,drift_not_confirmed,,voltage_rolling_mean=231.644142;source_publish_interval=0.504067,,1.9649157766252756,22.039250005036592,24.051500018686056
2026-08-10T16:31:46.538351+00:00,measurement_drift_01,meter_02,389,none,measurement_shift,none,unknown,unknown,unknown,0.9396833980385213,0.5833434316971431,0,,0,0,drift_not_confirmed;sample_not_trusted,,voltage_rolling_mean=236.056298;source_publish_interval=0.504068,voltage_rolling_mean,0.9362080600112677,12.149000074714422,13.107916107401252
2026-08-10T16:31:46.551593+00:00,measurement_drift_01,meter_03,389,none,none,none,none,none,none,0.9999914582246101,0.45040674633855887,0,,0,0,drift_not_confirmed,,voltage_rolling_mean=230.658893;source_publish_interval=0.504068,,0.5287909880280495,9.664957877248526,10.214917128905654
2026-08-10T16:31:47.014455+00:00,measurement_drift_01,meter_01,390,none,none,none,none,none,none,0.9776037774808923,0.43592266857213574,0,,0,0,drift_not_confirmed,,voltage_rolling_mean=231.644142;source_publish_interval=0.504067,,2.311333082616329,22.607708116993308,24.962875060737133
2026-08-10T16:31:47.039847+00:00,measurement_drift_01,meter_02,390,none,measurement_shift,none,none,none,normal_drift,0.9913318585842071,0.5797785751595131,0,,1,0,collecting_candidates;drift_not_confirmed,voltage_rolling_mean,voltage_rolling_mean=236.056298;source_publish_interval=0.504068,voltage_rolling_mean,0.8808327838778496,12.063875095918775,12.969583040103316
2026-08-10T16:31:47.052950+00:00,measurement_drift_01,meter_03,390,none,none,none,none,none,none,0.9999948811796947,0.4617954540210597,0,,0,0,drift_not_confirmed,,voltage_rolling_mean=230.658893;source_publish_interval=0.504068,,0.5948338657617569,9.895625058561563,10.511124972254038
2026-08-10T16:31:47.515550+00:00,measurement_drift_01,meter_01,391,none,none,none,none,none,none,0.9459446132835454,0.4533375741864747,0,,0,0,drift_not_confirmed,,voltage_rolling_mean=231.644142;source_publish_interval=0.504067,,2.00962508097291,21.429625106975436,23.478541988879442
2026-08-10T16:31:47.539380+00:00,measurement_drift_01,meter_02,391,none,measurement_shift,none,none,none,normal_drift,0.9897276510870103,0.5638207171292487,0,,1,0,collecting_candidates;drift_not_confirmed,voltage_rolling_mean,voltage_rolling_mean=236.056298;source_publish_interval=0.504068,voltage_rolling_mean,0.7967089768499136,12.017375091090798,12.840749928727746
2026-08-10T16:31:47.552360+00:00,measurement_drift_01,meter_03,391,none,none,none,none,none,none,0.9999969499227599,0.44275520830703574,0,,0,0,drift_not_confirmed,,voltage_rolling_mean=230.658893;source_publish_interval=0.504068,,0.6149581167846918,9.668624959886074,10.303209070116282
2026-08-10T16:31:48.020693+00:00,measurement_drift_01,meter_01,392,none,none,none,none,none,none,0.9412733044047434,0.45320730018764266,0,,0,0,drift_not_confirmed,,voltage_rolling_mean=231.644142;source_publish_interval=0.504067,,2.216540975496173,22.672582883387804,24.927832884714007
2026-08-10T16:31:48.046017+00:00,measurement_drift_01,meter_02,392,none,measurement_shift,none,none,none,none,0.9561797710758523,0.5540194152712892,0,,0,0,drift_not_confirmed;sample_not_trusted,,voltage_rolling_mean=236.056298;source_publish_interval=0.504068,voltage_rolling_mean,0.9131669066846371,11.9074999820441,12.845916906371713
2026-08-10T16:31:48.058986+00:00,measurement_drift_01,meter_03,392,none,none,none,none,none,none,0.9999907267010771,0.4793957572978939,0,,0,0,drift_not_confirmed,,voltage_rolling_mean=230.658893;source_publish_interval=0.504068,,0.5477499216794968,9.45087498985231,10.017916094511747
2026-08-10T16:31:48.525136+00:00,measurement_drift_01,meter_01,393,none,none,none,none,none,none,0.9633961573852456,0.43886876118504203,0,,0,0,drift_not_confirmed,,voltage_rolling_mean=231.644142;source_publish_interval=0.504067,,2.4365000426769257,20.248291082680225,22.725540911778808
2026-08-10T16:31:48.548215+00:00,measurement_drift_01,meter_02,393,none,measurement_shift,none,none,none,normal_drift,0.9941913122591806,0.5519296428217322,0,,1,0,collecting_candidates;drift_not_confirmed,voltage_rolling_mean,voltage_rolling_mean=236.056298;source_publish_interval=0.504068,voltage_rolling_mean,0.7467919494956732,11.684417026117444,12.453207978978753
2026-08-10T16:31:48.560775+00:00,measurement_drift_01,meter_03,393,none,none,none,none,none,none,0.9999870490272669,0.4856356793321807,0,,0,0,drift_not_confirmed,,voltage_rolling_mean=230.658893;source_publish_interval=0.504068,,0.5597081035375595,9.430125122889876,10.008374927565455
2026-08-10T16:31:49.030185+00:00,measurement_drift_01,meter_01,394,none,none,none,none,none,none,0.9905647810915648,0.4915075885569251,0,,0,0,drift_not_confirmed,,voltage_rolling_mean=231.644142;source_publish_interval=0.504067,,2.4984159972518682,19.693291978910565,22.22537505440414
2026-08-10T16:31:49.052868+00:00,measurement_drift_01,meter_02,394,none,measurement_shift,none,unknown,unknown,normal_drift,0.9898289144745532,0.6484316230058872,0,,1,0,collecting_candidates;drift_not_confirmed,voltage_rolling_mean,voltage_rolling_mean=236.056298;source_publish_interval=0.504068,voltage_rolling_mean,0.7921250071376562,11.749709025025368,12.56462512537837
2026-08-10T16:31:49.065554+00:00,measurement_drift_01,meter_03,394,none,none,none,none,none,none,0.9999803800315412,0.4557037839309942,0,,0,0,drift_not_confirmed,,voltage_rolling_mean=230.658893;source_publish_interval=0.504068,,0.5462500266730785,9.523540968075395,10.088250041007996
2026-08-10T16:31:49.535235+00:00,measurement_drift_01,meter_01,395,none,none,none,unknown,unknown,unknown,0.8257581628127402,0.45419049038448833,0,,0,0,drift_not_confirmed,,voltage_rolling_mean=231.644142;source_publish_interval=0.504067,,2.0297090522944927,22.017084062099457,24.07987485639751
2026-08-10T16:31:49.559644+00:00,measurement_drift_01,meter_02,395,none,measurement_shift,none,none,none,normal_drift,0.9957425229717994,0.566535901894843,0,,1,0,collecting_candidates;drift_not_confirmed,voltage_rolling_mean,voltage_rolling_mean=236.056298;source_publish_interval=0.504068,voltage_rolling_mean,0.8812500163912773,12.05437513999641,12.960124993696809
2026-08-10T16:31:49.572722+00:00,measurement_drift_01,meter_03,395,none,none,none,none,none,none,0.9999968026879559,0.46080584246473555,0,,0,0,drift_not_confirmed,,voltage_rolling_mean=230.658893;source_publish_interval=0.504068,,0.5514160729944706,9.688999969512224,10.259917005896568
2026-08-10T16:31:50.036028+00:00,measurement_drift_01,meter_01,396,none,none,none,none,none,none,0.9808094460274114,0.44534645640914305,0,,0,0,drift_not_confirmed,,voltage_rolling_mean=231.644142;source_publish_interval=0.504067,,2.00541689991951,17.202542163431644,19.23579187132418
2026-08-10T16:31:50.055528+00:00,measurement_drift_01,meter_02,396,none,measurement_shift,none,none,none,normal_drift,0.9992364966548386,0.5612116535584608,0,,1,0,collecting_candidates;drift_not_confirmed,voltage_rolling_mean,voltage_rolling_mean=236.056298;source_publish_interval=0.504068,voltage_rolling_mean,0.4198751412332058,11.178083950653672,11.625582817941904
2026-08-10T16:31:50.067279+00:00,measurement_drift_01,meter_03,396,none,none,none,none,none,none,0.999997474975381,0.4504821966804143,0,,0,0,drift_not_confirmed,,voltage_rolling_mean=230.658893;source_publish_interval=0.504068,,0.6093750707805157,9.250042028725147,9.880750207230449
2026-08-10T16:31:50.541351+00:00,measurement_drift_01,meter_01,397,none,none,none,unknown,unknown,unknown,0.8327946039270104,0.44743821107510634,0,,0,0,drift_not_confirmed,,voltage_rolling_mean=231.644142;source_publish_interval=0.504067,,2.4327090941369534,19.26412503235042,21.734624868258834
2026-08-10T16:31:50.563444+00:00,measurement_drift_01,meter_02,397,none,measurement_shift,none,none,none,normal_drift,0.9960340059850465,0.5756857293848897,0,,1,0,collecting_candidates;drift_not_confirmed,voltage_rolling_mean,voltage_rolling_mean=236.056298;source_publish_interval=0.504068,voltage_rolling_mean,0.7372500840574503,11.429624864831567,12.189749861136079
2026-08-10T16:31:50.575751+00:00,measurement_drift_01,meter_03,397,none,none,none,none,none,none,0.9999957295108459,0.5186798346682919,0,,0,0,drift_not_confirmed,,voltage_rolling_mean=230.658893;source_publish_interval=0.504068,,0.5453331395983696,9.313249960541725,9.877040982246399
2026-08-10T16:31:51.044305+00:00,measurement_drift_01,meter_01,398,none,none,none,none,none,none,0.9929482475971381,0.4297761962875554,0,,0,0,drift_not_confirmed,,voltage_rolling_mean=231.644142;source_publish_interval=0.504067,,2.8416248969733715,19.002916058525443,21.8857079744339
2026-08-10T16:31:51.066595+00:00,measurement_drift_01,meter_02,398,none,measurement_shift,none,none,none,normal_drift,0.9987205597381899,0.5783906038773624,0,,1,0,collecting_candidates;drift_not_confirmed,voltage_rolling_mean,voltage_rolling_mean=236.056298;source_publish_interval=0.504068,voltage_rolling_mean,0.7738329004496336,11.526374844834208,12.326000025495887
2026-08-10T16:31:51.079056+00:00,measurement_drift_01,meter_03,398,none,none,none,none,none,none,0.9999980165447048,0.45786621539076044,0,,0,0,drift_not_confirmed,,voltage_rolling_mean=230.658893;source_publish_interval=0.504068,,0.5602079909294844,9.513792116194963,10.093374876305461
2026-08-10T16:31:51.549541+00:00,measurement_drift_01,meter_01,399,none,none,none,none,none,none,0.9598430737227954,0.46623163560585107,0,,0,0,drift_not_confirmed,,voltage_rolling_mean=231.644142;source_publish_interval=0.504067,,2.5008339434862137,18.876374932006,21.412875037640333
2026-08-10T16:31:51.571336+00:00,measurement_drift_01,meter_02,399,none,measurement_shift,none,none,none,normal_drift,0.9987070477160795,0.555997763343741,0,,1,0,collecting_candidates;drift_not_confirmed,voltage_rolling_mean,voltage_rolling_mean=236.056298;source_publish_interval=0.504068,voltage_rolling_mean,0.7655001245439053,11.99591695331037,12.785458005964756
2026-08-10T16:31:51.584237+00:00,measurement_drift_01,meter_03,399,none,none,none,none,none,none,0.9999971244175242,0.4481133079080721,0,,0,0,drift_not_confirmed,,voltage_rolling_mean=230.658893;source_publish_interval=0.504068,,0.5647081416100264,9.44412499666214,10.028708027675748
2026-08-10T16:31:52.054460+00:00,measurement_drift_01,meter_01,400,none,none,none,none,none,none,0.9846357692714004,0.43813745557432804,0,,0,0,drift_not_confirmed,,voltage_rolling_mean=231.644142;source_publish_interval=0.504067,,3.039084142073989,18.570707878097892,21.651457995176315
2026-08-10T16:31:52.076533+00:00,measurement_drift_01,meter_02,400,none,measurement_shift,none,none,none,normal_drift,0.9991282887687838,0.5670490150839413,0,,1,0,collecting_candidates;drift_not_confirmed,voltage_rolling_mean,voltage_rolling_mean=236.056298;source_publish_interval=0.504068,voltage_rolling_mean,0.8268328383564949,11.51962485164404,12.375334044918418
2026-08-10T16:31:52.089071+00:00,measurement_drift_01,meter_03,400,none,none,none,none,none,none,0.9999989816065571,0.4660565549654823,0,,0,0,drift_not_confirmed,,voltage_rolling_mean=230.658893;source_publish_interval=0.504068,,0.5822090897709131,9.396125096827745,9.998125024139881
2026-08-10T16:31:52.559777+00:00,measurement_drift_01,meter_01,401,none,none,none,none,none,none,0.9985977597179173,0.5056600501304044,0,,0,0,drift_not_confirmed,,voltage_rolling_mean=231.644142;source_publish_interval=0.504067,,2.561667002737522,20.984708098694682,23.586750030517578
2026-08-10T16:31:52.583804+00:00,measurement_drift_01,meter_02,401,none,measurement_shift,none,none,none,normal_drift,0.9995447815259675,0.5588683881280486,0,,1,0,collecting_candidates;drift_not_confirmed,voltage_rolling_mean,voltage_rolling_mean=236.056298;source_publish_interval=0.504068,voltage_rolling_mean,0.8464579004794359,11.746957898139954,12.619582936167717
2026-08-10T16:31:52.596571+00:00,measurement_drift_01,meter_03,401,none,none,none,none,none,none,0.9999987144069414,0.47975861432537287,0,,0,0,drift_not_confirmed,,voltage_rolling_mean=230.658893;source_publish_interval=0.504068,,0.5707500968128443,9.688750142231584,10.28100005351007
2026-08-10T16:31:53.064784+00:00,measurement_drift_01,meter_01,402,none,none,none,none,none,none,0.9932692741685576,0.6096844237902918,0,,0,0,drift_not_confirmed,,voltage_rolling_mean=231.644142;source_publish_interval=0.504067,,2.997084055095911,17.009917180985212,20.045584067702293
2026-08-10T16:31:53.085240+00:00,measurement_drift_01,meter_02,402,none,measurement_shift,none,none,none,normal_drift,0.9996219545513,0.5547125538375485,0,,1,0,collecting_candidates;drift_not_confirmed,voltage_rolling_mean,voltage_rolling_mean=236.056298;source_publish_interval=0.504068,voltage_rolling_mean,0.7838751189410686,11.168875033035874,11.976332869380713
2026-08-10T16:31:53.097331+00:00,measurement_drift_01,meter_03,402,none,none,none,none,none,none,0.9999987967543315,0.46222870564609203,0,,0,0,drift_not_confirmed,,voltage_rolling_mean=230.658893;source_publish_interval=0.504068,,0.5539578851312399,9.220167063176632,9.793417062610388
2026-08-10T16:31:53.568419+00:00,measurement_drift_01,meter_01,403,none,none,none,none,none,none,0.999595263734164,0.46150104670542336,0,,0,0,drift_not_confirmed,,voltage_rolling_mean=231.644142;source_publish_interval=0.504067,,2.427291125059128,19.178207963705063,21.645291009917855
2026-08-10T16:31:53.590471+00:00,measurement_drift_01,meter_02,403,none,measurement_shift,none,none,none,normal_drift,0.9995371448634648,0.5595032746046202,0,,1,0,collecting_candidates;drift_not_confirmed,voltage_rolling_mean,voltage_rolling_mean=236.056298;source_publish_interval=0.504068,voltage_rolling_mean,0.7815409917384386,11.587416054680943,12.39391602575779
2026-08-10T16:31:53.603006+00:00,measurement_drift_01,meter_03,403,none,none,none,none,none,none,0.9999984638462646,0.4662955373551637,0,,0,0,drift_not_confirmed,,voltage_rolling_mean=230.658893;source_publish_interval=0.504068,,0.5614999681711197,9.451457997784019,10.03125007264316
2026-08-10T16:31:54.070207+00:00,measurement_drift_01,meter_01,404,none,none,none,none,none,none,0.9974040707783051,0.4358785346426501,0,,0,0,drift_not_confirmed,,voltage_rolling_mean=231.644142;source_publish_interval=0.504067,,2.512000035494566,18.093165941536427,20.639457972720265
2026-08-10T16:31:54.091221+00:00,measurement_drift_01,meter_02,404,none,measurement_shift,none,none,none,normal_drift,0.9999218640050549,0.565945385178108,0,,1,0,collecting_candidates;drift_not_confirmed,voltage_rolling_mean,voltage_rolling_mean=236.056298;source_publish_interval=0.504068,voltage_rolling_mean,0.7801249157637358,11.415124870836735,12.216332834213972
2026-08-10T16:31:54.103551+00:00,measurement_drift_01,meter_03,404,none,none,none,none,none,none,0.9999981118205569,0.46740726204467536,0,,0,0,drift_not_confirmed,,voltage_rolling_mean=230.658893;source_publish_interval=0.504068,,0.5404169205576181,9.40279196947813,9.962250012904406
2026-08-10T16:31:54.573159+00:00,measurement_drift_01,meter_01,405,none,none,none,none,none,none,0.9984314995704877,0.4310650367416758,0,,0,0,drift_not_confirmed,,voltage_rolling_mean=231.644142;source_publish_interval=0.504067,,2.7199590113013983,16.977791907265782,19.738915842026472
2026-08-10T16:31:54.593336+00:00,measurement_drift_01,meter_02,405,none,measurement_shift,none,none,none,normal_drift,0.9998832143955044,0.5613601571289181,0,,1,0,collecting_candidates;drift_not_confirmed,voltage_rolling_mean,voltage_rolling_mean=236.056298;source_publish_interval=0.504068,voltage_rolling_mean,0.838249921798706,11.068082880228758,11.930708074942231
2026-08-10T16:31:54.605417+00:00,measurement_drift_01,meter_03,405,none,none,none,none,none,none,0.9999983658338272,0.45030386514886916,0,,0,0,drift_not_confirmed,,voltage_rolling_mean=230.658893;source_publish_interval=0.504068,,0.5678341258317232,9.303875034675002,9.890208020806313
2026-08-10T16:31:55.077104+00:00,measurement_drift_01,meter_01,406,none,none,none,none,none,none,0.9998160993765908,0.531379286373927,0,,0,0,drift_not_confirmed,,voltage_rolling_mean=231.644142;source_publish_interval=0.504067,,1.9576670601963997,22.071792045608163,24.07133299857378
2026-08-10T16:31:55.101572+00:00,measurement_drift_01,meter_02,406,none,measurement_shift,none,none,none,normal_drift,0.9996370469227888,0.5520425624847786,0,,1,0,collecting_candidates;drift_not_confirmed,voltage_rolling_mean,voltage_rolling_mean=236.056298;source_publish_interval=0.504068,voltage_rolling_mean,0.951042165979743,12.200832832604647,13.176125008612871
2026-08-10T16:31:55.114887+00:00,measurement_drift_01,meter_03,406,none,none,none,none,none,none,0.999995866663562,0.5739602386556698,0,,0,0,drift_not_confirmed,,voltage_rolling_mean=230.658893;source_publish_interval=0.504068,,0.5534999072551727,9.752916870638728,10.32870914787054
2026-08-10T16:31:55.577928+00:00,measurement_drift_01,meter_01,407,none,none,none,none,none,none,0.9996848635375639,0.5213654688025964,0,,0,0,drift_not_confirmed,,voltage_rolling_mean=231.644142;source_publish_interval=0.504067,,2.2178750950843096,22.376084001734853,24.636124959215522
2026-08-10T16:31:55.602965+00:00,measurement_drift_01,meter_02,407,none,measurement_shift,none,none,none,normal_drift,0.9999313192686471,0.551410457065807,0,,1,1,drift_not_confirmed;reference_updated,voltage_rolling_mean,voltage_rolling_mean=235.267732;source_publish_interval=0.504068,voltage_rolling_mean,0.909249996766448,12.131292140111327,13.070249930024147
2026-08-10T16:31:55.616192+00:00,measurement_drift_01,meter_03,407,none,none,none,none,none,none,0.999998543387118,0.45884109436726067,0,,0,0,drift_not_confirmed,,voltage_rolling_mean=230.658893;source_publish_interval=0.504068,,0.5682080518454313,9.851749986410141,10.438582859933376
2026-08-10T16:31:56.083516+00:00,measurement_drift_01,meter_01,408,none,none,none,none,none,none,0.9998138963567148,0.5492191914452568,0,,0,0,drift_not_confirmed,,voltage_rolling_mean=231.644142;source_publish_interval=0.504067,,2.418291987851262,19.48029105551541,21.935292053967714
2026-08-10T16:31:56.105841+00:00,measurement_drift_01,meter_02,408,none,measurement_shift,none,none,none,normal_drift,0.9999510323590614,0.5790878272097364,0,,1,0,collecting_candidates;drift_not_confirmed,voltage_rolling_mean,voltage_rolling_mean=235.267732;source_publish_interval=0.504068,voltage_rolling_mean,0.7654579821974039,11.793375015258789,12.582957977429032
2026-08-10T16:31:56.118560+00:00,measurement_drift_01,meter_03,408,none,none,none,none,none,none,0.9999986111464934,0.4489464831377123,0,,0,0,drift_not_confirmed,,voltage_rolling_mean=230.658893;source_publish_interval=0.504068,,0.5507920868694782,9.635417023673654,10.205958969891071
2026-08-10T16:31:56.587166+00:00,measurement_drift_01,meter_01,409,none,none,none,none,none,none,0.999329808153381,0.44054864208105626,0,,0,0,drift_not_confirmed,,voltage_rolling_mean=231.644142;source_publish_interval=0.504067,,3.4177920315414667,18.016166053712368,21.474082954227924
2026-08-10T16:31:56.609067+00:00,measurement_drift_01,meter_02,409,none,measurement_shift,none,none,none,normal_drift,0.9999529860011988,0.5521507478546566,0,,1,0,collecting_candidates;drift_not_confirmed,voltage_rolling_mean,voltage_rolling_mean=235.267732;source_publish_interval=0.504068,voltage_rolling_mean,0.788083067163825,10.950792115181684,11.76154101267457
2026-08-10T16:31:56.620957+00:00,measurement_drift_01,meter_03,409,none,none,none,none,none,none,0.99999901801616,0.4454147930770964,0,,0,0,drift_not_confirmed,,voltage_rolling_mean=230.658893;source_publish_interval=0.504068,,0.543499831110239,9.211665950715542,9.772917022928596
2026-08-10T16:31:57.092023+00:00,measurement_drift_01,meter_01,410,none,none,none,none,none,none,0.9993247992596088,0.44786085828714234,0,,0,0,drift_not_confirmed,,voltage_rolling_mean=231.644142;source_publish_interval=0.504067,,2.7678338810801506,19.476749934256077,22.283541038632393
2026-08-10T16:31:57.114724+00:00,measurement_drift_01,meter_02,410,none,measurement_shift,none,none,none,normal_drift,0.9999678214980426,0.5544695419062724,0,,1,0,collecting_candidates;drift_not_confirmed,voltage_rolling_mean,voltage_rolling_mean=235.267732;source_publish_interval=0.504068,voltage_rolling_mean,0.7788338698446751,11.64625003002584,12.44862494058907
2026-08-10T16:31:57.127298+00:00,measurement_drift_01,meter_03,410,none,none,none,none,none,none,0.9999983567211065,0.4540795803206077,0,,0,0,drift_not_confirmed,,voltage_rolling_mean=230.658893;source_publish_interval=0.504068,,0.5390001460909843,9.467708878219128,10.025499854236841
2026-08-10T16:31:57.596321+00:00,measurement_drift_01,meter_01,411,none,none,none,none,none,none,0.9994020755648533,0.452946785983251,0,,0,0,drift_not_confirmed,,voltage_rolling_mean=231.644142;source_publish_interval=0.504067,,2.055458026006818,22.18324993737042,24.276125011965632
2026-08-10T16:31:57.620935+00:00,measurement_drift_01,meter_02,411,none,measurement_shift,none,none,none,normal_drift,0.9999680285353107,0.5502124368604293,0,,1,0,collecting_candidates;drift_not_confirmed,voltage_rolling_mean,voltage_rolling_mean=235.267732;source_publish_interval=0.504068,voltage_rolling_mean,0.8986671455204487,12.011874932795763,12.932874960824847
2026-08-10T16:31:57.633998+00:00,measurement_drift_01,meter_03,411,none,none,none,none,none,none,0.9999975161857267,0.4573401212410123,0,,0,0,drift_not_confirmed,,voltage_rolling_mean=230.658893;source_publish_interval=0.504068,,0.5314578302204609,9.450791869312525,10.000916896387935
2026-08-10T16:31:58.096808+00:00,measurement_drift_01,meter_01,412,none,none,none,none,none,none,0.9999151487629632,0.4538599158959125,0,,0,0,drift_not_confirmed,,voltage_rolling_mean=231.644142;source_publish_interval=0.504067,,2.4647910613566637,20.640792092308402,23.14295805990696
2026-08-10T16:31:58.120302+00:00,measurement_drift_01,meter_02,412,none,measurement_shift,none,none,none,normal_drift,0.9999854469074979,0.5520547267354343,0,,1,0,collecting_candidates;drift_not_confirmed,voltage_rolling_mean,voltage_rolling_mean=235.267732;source_publish_interval=0.504068,voltage_rolling_mean,0.737000023946166,11.692167026922107,12.450332986190915
2026-08-10T16:31:58.132857+00:00,measurement_drift_01,meter_03,412,none,none,none,none,none,none,0.999999277028085,0.4487982745028678,0,,0,0,drift_not_confirmed,,voltage_rolling_mean=230.658893;source_publish_interval=0.504068,,0.5294580478221178,9.404666954651475,9.95275005698204
2026-08-10T16:31:58.598315+00:00,measurement_drift_01,meter_01,413,none,none,none,none,none,none,0.9992499404659484,0.4397204557432824,0,,0,0,drift_not_confirmed,,voltage_rolling_mean=231.644142;source_publish_interval=0.504067,,2.0500419195741415,21.799999987706542,23.891457822173834
2026-08-10T16:31:58.622603+00:00,measurement_drift_01,meter_02,413,none,measurement_shift,none,unknown,unknown,normal_drift,0.999983446304373,0.6276982445116521,0,,1,0,collecting_candidates;drift_not_confirmed,voltage_rolling_mean,voltage_rolling_mean=235.267732;source_publish_interval=0.504068,voltage_rolling_mean,0.9657919872552156,12.132750125601888,13.12345894984901
2026-08-10T16:31:58.635877+00:00,measurement_drift_01,meter_03,413,none,none,none,none,none,none,0.9999983375841469,0.4483560685452389,0,,0,0,drift_not_confirmed,,voltage_rolling_mean=230.658893;source_publish_interval=0.504068,,0.5371249280869961,9.58887510932982,10.148749919608235
2026-08-10T16:31:59.103157+00:00,measurement_drift_01,meter_01,414,none,none,none,none,none,none,0.998646086772275,0.5252776888289324,0,,0,0,drift_not_confirmed,,voltage_rolling_mean=231.644142;source_publish_interval=0.504067,,2.10787495598197,22.01429195702076,24.174374993890524
2026-08-10T16:31:59.127758+00:00,measurement_drift_01,meter_02,414,none,measurement_shift,none,unknown,unknown,normal_drift,0.9999844581854075,0.6139394736562249,0,,1,0,collecting_candidates;drift_not_confirmed,voltage_rolling_mean,voltage_rolling_mean=235.267732;source_publish_interval=0.504068,voltage_rolling_mean,0.8448339067399502,12.046165997162461,12.919167056679726
2026-08-10T16:31:59.140829+00:00,measurement_drift_01,meter_03,414,none,none,none,none,none,none,0.999998511882368,0.44724549418799797,0,,0,0,drift_not_confirmed,,voltage_rolling_mean=230.658893;source_publish_interval=0.504068,,0.5720409099012613,9.706791024655104,10.297750122845173
2026-08-10T16:31:59.607944+00:00,measurement_drift_01,meter_01,415,none,none,none,none,none,none,0.999697891771245,0.43792787048981596,0,,0,0,drift_not_confirmed,,voltage_rolling_mean=231.644142;source_publish_interval=0.504067,,2.422416117042303,17.90658407844603,20.371250109747052
2026-08-10T16:31:59.628726+00:00,measurement_drift_01,meter_02,415,none,measurement_shift,none,none,none,normal_drift,0.999990671221315,0.5332286317253204,0,,1,0,collecting_candidates;drift_not_confirmed,voltage_rolling_mean,voltage_rolling_mean=235.267732;source_publish_interval=0.504068,voltage_rolling_mean,0.7866669911891222,11.496040970087051,12.306459015235305
2026-08-10T16:31:59.641157+00:00,measurement_drift_01,meter_03,415,none,none,none,none,none,none,0.9999994358568137,0.4631365786987826,0,,0,0,drift_not_confirmed,,voltage_rolling_mean=230.658893;source_publish_interval=0.504068,,0.528458971530199,9.466624818742275,10.01616707071662
2026-08-10T16:32:00.111628+00:00,measurement_drift_01,meter_01,416,none,none,none,none,none,none,0.9997623527106951,0.4394963828439129,0,,0,0,drift_not_confirmed,,voltage_rolling_mean=231.644142;source_publish_interval=0.504067,,1.94695801474154,22.03516592271626,24.02520808391273
2026-08-10T16:32:00.136063+00:00,measurement_drift_01,meter_02,416,none,measurement_shift,none,none,none,normal_drift,0.999963579137157,0.5321721822371416,0,,1,0,collecting_candidates;drift_not_confirmed,voltage_rolling_mean,voltage_rolling_mean=235.267732;source_publish_interval=0.504068,voltage_rolling_mean,0.9102500043809414,12.219250202178955,13.154583983123302
2026-08-10T16:32:00.149378+00:00,measurement_drift_01,meter_03,416,none,none,none,none,none,none,0.9999990199176958,0.4555098936812504,0,,0,0,drift_not_confirmed,,voltage_rolling_mean=230.658893;source_publish_interval=0.504068,,0.5637500435113907,9.649582905694842,10.232000146061182
2026-08-10T16:32:00.616309+00:00,measurement_drift_01,meter_01,417,none,none,none,none,none,none,0.9994720632554042,0.4507160737389072,0,,0,0,drift_not_confirmed,,voltage_rolling_mean=231.644142;source_publish_interval=0.504067,,1.7532920464873314,21.27062506042421,23.077542195096612
2026-08-10T16:32:00.639745+00:00,measurement_drift_01,meter_02,417,none,measurement_shift,none,none,none,normal_drift,0.9999838591141065,0.5448820279177731,0,,1,0,collecting_candidates;drift_not_confirmed,voltage_rolling_mean,voltage_rolling_mean=235.267732;source_publish_interval=0.504068,voltage_rolling_mean,0.9216249454766512,12.7361670602113,13.685167068615556
2026-08-10T16:32:00.653582+00:00,measurement_drift_01,meter_03,417,none,none,none,none,none,none,0.999999437830429,0.4717971258954814,0,,0,0,drift_not_confirmed,,voltage_rolling_mean=230.658893;source_publish_interval=0.504068,,0.5838749930262566,9.895750088617206,10.503415949642658
2026-08-10T16:32:01.121700+00:00,measurement_drift_01,meter_01,418,none,none,none,none,none,none,0.9999508563375323,0.45771483926684153,0,,0,0,drift_not_confirmed,,voltage_rolling_mean=231.644142;source_publish_interval=0.504067,,1.9548751879483461,22.02087501063943,24.02470796369016
2026-08-10T16:32:01.146127+00:00,measurement_drift_01,meter_02,418,none,measurement_shift,none,none,none,normal_drift,0.9999912159048415,0.5832419993556327,0,,1,0,collecting_candidates;drift_not_confirmed,voltage_rolling_mean,voltage_rolling_mean=235.267732;source_publish_interval=0.504068,voltage_rolling_mean,0.9419999551028013,12.218333082273602,13.186000054702163
2026-08-10T16:32:01.159471+00:00,measurement_drift_01,meter_03,418,none,none,none,none,none,none,0.9999994753580551,0.48339811825357265,0,,0,0,drift_not_confirmed,,voltage_rolling_mean=230.658893;source_publish_interval=0.504068,,0.5416669882833958,9.635499911382794,10.19720803014934
2026-08-10T16:32:01.625885+00:00,measurement_drift_01,meter_01,419,none,none,none,none,none,none,0.9998097120116833,0.44406792734820977,0,,0,0,drift_not_confirmed,,voltage_rolling_mean=231.644142;source_publish_interval=0.504067,,2.0010829903185368,19.096083007752895,21.131500136107206
2026-08-10T16:32:01.647404+00:00,measurement_drift_01,meter_02,419,none,measurement_shift,none,none,none,normal_drift,0.9999828046521686,0.5442217689016906,0,,1,0,collecting_candidates;drift_not_confirmed,voltage_rolling_mean,voltage_rolling_mean=235.267732;source_publish_interval=0.504068,voltage_rolling_mean,0.7460420019924641,11.497708037495613,12.26620888337493
2026-08-10T16:32:01.659782+00:00,measurement_drift_01,meter_03,419,none,none,none,none,none,none,0.999999377768512,0.4665525989165983,0,,0,0,drift_not_confirmed,,voltage_rolling_mean=230.658893;source_publish_interval=0.504068,,0.5208749789744616,9.56550007686019,10.106249945238233
2026-08-10T16:32:02.129983+00:00,measurement_drift_01,meter_01,420,none,none,none,none,none,none,0.9997598393808412,0.4755610581454199,0,,0,0,drift_not_confirmed,,voltage_rolling_mean=231.644142;source_publish_interval=0.504067,,2.0344171207398176,21.9947078730911,24.069916922599077
2026-08-10T16:32:02.154377+00:00,measurement_drift_01,meter_02,420,none,measurement_shift,none,none,none,normal_drift,0.9999876796828975,0.5504472939044379,0,,1,0,collecting_candidates;drift_not_confirmed,voltage_rolling_mean,voltage_rolling_mean=235.267732;source_publish_interval=0.504068,voltage_rolling_mean,0.8777091279625893,12.040749890729785,12.944750022143126
2026-08-10T16:32:02.167457+00:00,measurement_drift_01,meter_03,420,none,none,none,none,none,none,0.9999989896146867,0.49392801863949554,0,,0,0,drift_not_confirmed,,voltage_rolling_mean=230.658893;source_publish_interval=0.504068,,0.5290000699460506,9.602958103641868,10.153666837140918
2026-08-10T16:32:02.635142+00:00,measurement_drift_01,meter_01,421,none,none,none,none,none,none,0.9999399524283038,0.461465015372153,0,,0,0,drift_not_confirmed,,voltage_rolling_mean=231.644142;source_publish_interval=0.504067,,2.6199589483439922,19.060709048062563,21.718000061810017
2026-08-10T16:32:02.657248+00:00,measurement_drift_01,meter_02,421,none,measurement_shift,none,none,none,normal_drift,0.9999924518570147,0.5451579027409791,0,,1,0,collecting_candidates;drift_not_confirmed,voltage_rolling_mean,voltage_rolling_mean=235.267732;source_publish_interval=0.504068,voltage_rolling_mean,0.7940828800201416,11.92545797675848,12.742916122078896
2026-08-10T16:32:02.670104+00:00,measurement_drift_01,meter_03,421,none,none,none,none,none,none,0.9999989632076409,0.4816219218126692,0,,0,0,drift_not_confirmed,,voltage_rolling_mean=230.658893;source_publish_interval=0.504068,,0.5338750779628754,9.419042151421309,9.973084088414907
2026-08-10T16:32:03.140016+00:00,measurement_drift_01,meter_01,422,none,none,none,none,none,none,0.9999691597155487,0.4860972113593907,0,,0,0,drift_not_confirmed,,voltage_rolling_mean=231.644142;source_publish_interval=0.504067,,2.3769161198288202,18.74779094941914,21.1582500487566
2026-08-10T16:32:03.161605+00:00,measurement_drift_01,meter_02,422,none,measurement_shift,none,none,none,normal_drift,0.9999891502992865,0.5317259719445742,0,,1,0,collecting_candidates;drift_not_confirmed,voltage_rolling_mean,voltage_rolling_mean=235.267732;source_publish_interval=0.504068,voltage_rolling_mean,0.7602078840136528,11.405291967093945,12.18841690570116
2026-08-10T16:32:03.173910+00:00,measurement_drift_01,meter_03,422,none,none,none,none,none,none,0.9999990740554442,0.4571488699839816,0,,0,0,drift_not_confirmed,,voltage_rolling_mean=230.658893;source_publish_interval=0.504068,,0.5395410116761923,9.397082962095737,9.955542162060738
2026-08-10T16:32:03.645317+00:00,measurement_drift_01,meter_01,423,none,none,none,none,none,none,0.9999608129533865,0.43659858373773874,0,,0,0,drift_not_confirmed,,voltage_rolling_mean=231.644142;source_publish_interval=0.504067,,2.2246248554438353,18.956833984702826,21.21250005438924
2026-08-10T16:32:03.666923+00:00,measurement_drift_01,meter_02,423,none,measurement_shift,none,none,none,normal_drift,0.9999644254607324,0.5352600981719076,0,,1,0,collecting_candidates;drift_not_confirmed,voltage_rolling_mean,voltage_rolling_mean=235.267732;source_publish_interval=0.504068,voltage_rolling_mean,0.7544578984379768,11.431125225499272,12.207458959892392
2026-08-10T16:32:03.679235+00:00,measurement_drift_01,meter_03,423,none,none,none,none,none,none,0.999998778225858,0.4580635548285437,0,,0,0,drift_not_confirmed,,voltage_rolling_mean=230.658893;source_publish_interval=0.504068,,0.533208018168807,9.574708063155413,10.127041023224592
2026-08-10T16:32:04.149232+00:00,measurement_drift_01,meter_01,424,none,none,none,none,none,none,0.9999842568811983,0.4832905071025305,0,,0,0,drift_not_confirmed,,voltage_rolling_mean=231.644142;source_publish_interval=0.504067,,1.958583015948534,22.06554193980992,24.060667026787996
2026-08-10T16:32:04.173630+00:00,measurement_drift_01,meter_02,424,none,measurement_shift,none,none,none,normal_drift,0.9999893319675285,0.5452508123843843,0,,1,0,collecting_candidates;drift_not_confirmed,voltage_rolling_mean,voltage_rolling_mean=235.267732;source_publish_interval=0.504068,voltage_rolling_mean,0.8535420056432486,12.141542043536901,13.019749894738197
2026-08-10T16:32:04.186773+00:00,measurement_drift_01,meter_03,424,none,none,none,none,none,none,0.9999780968948465,0.455911243381112,0,,0,0,drift_not_confirmed,,voltage_rolling_mean=230.658893;source_publish_interval=0.504068,,0.5347910337150097,9.590541012585163,10.143917053937912
2026-08-10T16:32:04.654421+00:00,measurement_drift_01,meter_01,425,none,none,none,none,none,none,0.9999837140522002,0.45316306154311314,0,,0,0,drift_not_confirmed,,voltage_rolling_mean=231.644142;source_publish_interval=0.504067,,2.4221250787377357,19.0546668600291,21.530125057324767
2026-08-10T16:32:04.676454+00:00,measurement_drift_01,meter_02,425,none,measurement_shift,none,none,none,normal_drift,0.9999911407065404,0.5306209232204074,0,,1,0,collecting_candidates;drift_not_confirmed,voltage_rolling_mean,voltage_rolling_mean=235.267732;source_publish_interval=0.504068,voltage_rolling_mean,0.8605830371379852,11.399333132430911,12.285999953746796
2026-08-10T16:32:04.688899+00:00,measurement_drift_01,meter_03,425,none,none,none,none,none,none,0.9999990250454467,0.4596871182735264,0,,0,0,drift_not_confirmed,,voltage_rolling_mean=230.658893;source_publish_interval=0.504068,,0.533832935616374,9.5314581412822,10.08404209278524
2026-08-10T16:32:05.159108+00:00,measurement_drift_01,meter_01,426,none,none,none,none,none,none,0.9999948870456803,0.49790528295777287,0,,0,0,drift_not_confirmed,,voltage_rolling_mean=231.644142;source_publish_interval=0.504067,,2.007917035371065,22.394292056560516,24.443750036880374
2026-08-10T16:32:05.183906+00:00,measurement_drift_01,meter_02,426,none,measurement_shift,none,none,none,normal_drift,0.9999844340339525,0.533498692843205,0,,1,0,collecting_candidates;drift_not_confirmed,voltage_rolling_mean,voltage_rolling_mean=235.267732;source_publish_interval=0.504068,voltage_rolling_mean,0.9001248981803656,12.243000091984868,13.16712494008243
2026-08-10T16:32:05.197207+00:00,measurement_drift_01,meter_03,426,none,none,none,none,none,none,0.9999977323636561,0.4680697959917008,0,,0,0,drift_not_confirmed,,voltage_rolling_mean=230.658893;source_publish_interval=0.504068,,0.5137918051332235,9.602874983102083,10.136750061064959
2026-08-10T16:32:05.664056+00:00,measurement_drift_01,meter_01,427,none,none,none,none,none,none,0.9999899284581378,0.4489725476048876,0,,0,0,drift_not_confirmed,,voltage_rolling_mean=231.644142;source_publish_interval=0.504067,,3.32137499935925,17.214583000168204,20.580000011250377
2026-08-10T16:32:05.685096+00:00,measurement_drift_01,meter_02,427,none,measurement_shift,none,none,none,normal_drift,0.9999906291363573,0.5463734680856444,0,,1,1,drift_not_confirmed;reference_updated,voltage_rolling_mean,voltage_rolling_mean=234.267732;source_publish_interval=0.504068,voltage_rolling_mean,0.807332806289196,11.12787495367229,11.960624950006604
2026-08-10T16:32:05.697187+00:00,measurement_drift_01,meter_03,427,none,none,none,none,none,none,0.9999993001058294,0.48100502997014116,0,,0,0,drift_not_confirmed,,voltage_rolling_mean=230.658893;source_publish_interval=0.504068,,0.5143340677022934,9.19212494045496,9.725040988996625
2026-08-10T16:32:06.169327+00:00,measurement_drift_01,meter_01,428,none,none,none,none,none,none,0.999961261181981,0.4747105929719772,0,,0,0,drift_not_confirmed,,voltage_rolling_mean=231.644142;source_publish_interval=0.504067,,2.6241671293973923,19.456875044852495,22.131665842607617
2026-08-10T16:32:06.191950+00:00,measurement_drift_01,meter_02,428,none,measurement_shift,none,none,none,normal_drift,0.9999627015169168,0.5322105845487763,0,,1,0,collecting_candidates;drift_not_confirmed,voltage_rolling_mean,voltage_rolling_mean=234.267732;source_publish_interval=0.504068,voltage_rolling_mean,0.8239999879151583,11.91133284009993,12.761250138282776
2026-08-10T16:32:06.204873+00:00,measurement_drift_01,meter_03,428,none,none,none,none,none,none,0.9999984665763301,0.4671051521035778,0,,0,0,drift_not_confirmed,,voltage_rolling_mean=230.658893;source_publish_interval=0.504068,,0.5362499505281448,9.848040994256735,10.40416699834168
2026-08-10T16:32:06.673996+00:00,measurement_drift_01,meter_01,429,none,none,none,none,none,none,0.9999901126773977,0.4416143071644769,0,,0,0,drift_not_confirmed,,voltage_rolling_mean=231.644142;source_publish_interval=0.504067,,1.8857079558074474,21.72974986024201,23.65670818835497
2026-08-10T16:32:06.698009+00:00,measurement_drift_01,meter_02,429,none,measurement_shift,none,none,none,normal_drift,0.9999643872806135,0.5344748343864179,0,,1,0,collecting_candidates;drift_not_confirmed,voltage_rolling_mean,voltage_rolling_mean=234.267732;source_publish_interval=0.504068,voltage_rolling_mean,0.898666912689805,12.84783286973834,13.773584039881825
2026-08-10T16:32:06.711937+00:00,measurement_drift_01,meter_03,429,none,none,none,none,none,none,0.9999994760451661,0.4907740204833787,0,,0,0,drift_not_confirmed,,voltage_rolling_mean=230.658893;source_publish_interval=0.504068,,0.5974580999463797,9.796000085771084,10.414500022307038
2026-08-10T16:32:07.178782+00:00,measurement_drift_01,meter_01,430,none,none,none,none,none,none,0.9999864481452189,0.47035380280703676,0,,0,0,drift_not_confirmed,,voltage_rolling_mean=231.644142;source_publish_interval=0.504067,,2.7479161508381367,18.442333908751607,21.231040824204683
2026-08-10T16:32:07.200465+00:00,measurement_drift_01,meter_02,430,none,measurement_shift,none,none,none,normal_drift,0.9999942914378993,0.5381209525406483,0,,1,0,collecting_candidates;drift_not_confirmed,voltage_rolling_mean,voltage_rolling_mean=234.267732;source_publish_interval=0.504068,voltage_rolling_mean,0.7931250147521496,11.479292064905167,12.299041030928493
2026-08-10T16:32:07.212897+00:00,measurement_drift_01,meter_03,430,none,none,none,none,none,none,0.9999997836851043,0.4471001158131919,0,,0,0,drift_not_confirmed,,voltage_rolling_mean=230.658893;source_publish_interval=0.504068,,0.5420420784503222,9.404124924913049,9.9630830809474
2026-08-10T16:32:07.682420+00:00,measurement_drift_01,meter_01,431,none,none,none,none,none,none,0.9999944106828113,0.47362135691548685,0,,0,0,drift_not_confirmed,,voltage_rolling_mean=231.644142;source_publish_interval=0.504067,,2.738333772867918,16.983292065560818,19.758624956011772
2026-08-10T16:32:07.702589+00:00,measurement_drift_01,meter_02,431,none,measurement_shift,none,none,none,normal_drift,0.9999875867643517,0.5303024917691836,0,,1,0,collecting_candidates;drift_not_confirmed,voltage_rolling_mean,voltage_rolling_mean=234.267732;source_publish_interval=0.504068,voltage_rolling_mean,0.755291897803545,11.03483303450048,11.813041055575013
2026-08-10T16:32:07.714519+00:00,measurement_drift_01,meter_03,431,none,none,none,none,none,none,0.9999997839446753,0.4475710009502488,0,,0,0,drift_not_confirmed,,voltage_rolling_mean=230.658893;source_publish_interval=0.504068,,0.5219171289354563,9.241667110472918,9.781540837138891
2026-08-10T16:32:08.186808+00:00,measurement_drift_01,meter_01,432,none,none,none,none,none,none,0.998053663635366,0.4995515688177452,0,,0,0,drift_not_confirmed,,voltage_rolling_mean=231.644142;source_publish_interval=0.504067,,3.1429168302565813,16.63429196923971,19.8122498113662
2026-08-10T16:32:08.207039+00:00,measurement_drift_01,meter_02,432,none,measurement_shift,none,none,none,normal_drift,0.9991117127732085,0.5303586310483788,0,,1,0,collecting_candidates;drift_not_confirmed,voltage_rolling_mean,voltage_rolling_mean=234.267732;source_publish_interval=0.504068,voltage_rolling_mean,0.7796671707183123,11.055917013436556,11.858374811708927
2026-08-10T16:32:08.219026+00:00,measurement_drift_01,meter_03,432,none,none,none,none,none,none,0.9999995335414802,0.5265354540746104,0,,0,0,drift_not_confirmed,,voltage_rolling_mean=230.658893;source_publish_interval=0.504068,,0.5244158674031496,9.320749901235104,9.864917024970055
2026-08-10T16:32:08.692005+00:00,measurement_drift_01,meter_01,433,none,none,none,none,none,none,0.9999558707938389,0.4517321894421446,0,,0,0,drift_not_confirmed,,voltage_rolling_mean=231.644142;source_publish_interval=0.504067,,2.0318750757724047,21.961540915071964,24.032375076785684
2026-08-10T16:32:08.716397+00:00,measurement_drift_01,meter_02,433,none,measurement_shift,none,none,none,normal_drift,0.9999595118316387,0.5327823917666009,0,,1,0,collecting_candidates;drift_not_confirmed,voltage_rolling_mean,voltage_rolling_mean=234.267732;source_publish_interval=0.504068,voltage_rolling_mean,0.8795419707894325,12.180333957076073,13.08262487873435
2026-08-10T16:32:08.729617+00:00,measurement_drift_01,meter_03,433,none,none,none,none,none,none,0.9999990905895778,0.45550169340085805,0,,0,0,drift_not_confirmed,,voltage_rolling_mean=230.658893;source_publish_interval=0.504068,,0.5208749789744616,9.59287490695715,10.133291129022837
2026-08-10T16:32:09.197163+00:00,measurement_drift_01,meter_01,434,none,none,none,none,none,none,0.9999950080153821,0.4743233379395428,0,,0,0,drift_not_confirmed,,voltage_rolling_mean=231.644142;source_publish_interval=0.504067,,2.0398329943418503,22.08662498742342,24.164583068341017
2026-08-10T16:32:09.221639+00:00,measurement_drift_01,meter_02,434,none,measurement_shift,none,unknown,unknown,normal_drift,0.9999898106951812,0.6192189960998301,0,,1,0,collecting_candidates;drift_not_confirmed,voltage_rolling_mean,voltage_rolling_mean=234.267732;source_publish_interval=0.504068,voltage_rolling_mean,0.8662920445203781,12.176874792203307,13.06587504222989
2026-08-10T16:32:09.234833+00:00,measurement_drift_01,meter_03,434,none,none,none,none,none,none,0.9999992763842498,0.4779656048993451,0,,0,0,drift_not_confirmed,,voltage_rolling_mean=230.658893;source_publish_interval=0.504068,,0.5350420251488686,9.522125124931335,10.07616682909429
2026-08-10T16:32:09.702148+00:00,measurement_drift_01,meter_01,435,none,none,none,none,none,none,0.9999937034327945,0.44856172707996805,0,,0,0,drift_not_confirmed,,voltage_rolling_mean=231.644142;source_publish_interval=0.504067,,2.756458008661866,18.968041986227036,21.764124976471066
2026-08-10T16:32:09.724308+00:00,measurement_drift_01,meter_02,435,none,measurement_shift,none,none,none,normal_drift,0.9999916525560167,0.5324048243287198,0,,1,0,collecting_candidates;drift_not_confirmed,voltage_rolling_mean,voltage_rolling_mean=234.267732;source_publish_interval=0.504068,voltage_rolling_mean,0.7597091607749462,11.519416002556682,12.302208924666047
2026-08-10T16:32:09.736737+00:00,measurement_drift_01,meter_03,435,none,none,none,none,none,none,0.9999996614410456,0.4509100563382714,0,,0,0,drift_not_confirmed,,voltage_rolling_mean=230.658893;source_publish_interval=0.504068,,0.5408748984336853,9.545041946694255,10.104625020176172
2026-08-10T16:32:10.204608+00:00,measurement_drift_01,meter_01,436,none,none,none,none,none,none,0.9999973848245385,0.4480938851636919,0,,0,0,drift_not_confirmed,,voltage_rolling_mean=231.644142;source_publish_interval=0.504067,,2.6248341891914606,18.783665960654616,21.444875048473477
2026-08-10T16:32:10.226443+00:00,measurement_drift_01,meter_02,436,none,measurement_shift,none,none,none,normal_drift,0.9999927445895741,0.5333584014007567,0,,1,0,collecting_candidates;drift_not_confirmed,voltage_rolling_mean,voltage_rolling_mean=234.267732;source_publish_interval=0.504068,voltage_rolling_mean,0.7784580811858177,11.44066615961492,12.241749791428447
2026-08-10T16:32:10.238825+00:00,measurement_drift_01,meter_03,436,none,none,none,none,none,none,0.9999992456792602,0.530211123267518,0,,0,0,drift_not_confirmed,,voltage_rolling_mean=230.658893;source_publish_interval=0.504068,,0.5338340997695923,9.437415981665254,9.988832985982299
2026-08-10T16:32:10.709416+00:00,measurement_drift_01,meter_01,437,none,none,none,none,none,none,0.999993847904817,0.4700081450620982,0,,0,0,drift_not_confirmed,,voltage_rolling_mean=231.644142;source_publish_interval=0.504067,,2.9941671527922153,17.88654108531773,20.911542000249028
2026-08-10T16:32:10.730701+00:00,measurement_drift_01,meter_02,437,none,measurement_shift,none,none,none,normal_drift,0.9999979337709236,0.5608469587024646,0,,1,0,collecting_candidates;drift_not_confirmed,voltage_rolling_mean,voltage_rolling_mean=234.267732;source_publish_interval=0.504068,voltage_rolling_mean,0.7377078291028738,11.434667045250535,12.193874921649694
2026-08-10T16:32:10.743000+00:00,measurement_drift_01,meter_03,437,none,none,none,none,none,none,0.9999995901486552,0.46418263320667935,0,,0,0,drift_not_confirmed,,voltage_rolling_mean=230.658893;source_publish_interval=0.504068,,0.5514158401638269,9.567416971549392,10.15125005505979
2026-08-10T16:32:11.214712+00:00,measurement_drift_01,meter_01,438,none,none,none,none,none,none,0.9999938150611113,0.49328795640241374,0,,0,0,drift_not_confirmed,,voltage_rolling_mean=231.644142;source_publish_interval=0.504067,,2.5326251052320004,18.993458012118936,21.56575000844896
2026-08-10T16:32:11.236678+00:00,measurement_drift_01,meter_02,438,none,measurement_shift,none,none,none,normal_drift,0.9999947131745762,0.5306238238012458,0,,1,0,collecting_candidates;drift_not_confirmed,voltage_rolling_mean,voltage_rolling_mean=234.267732;source_publish_interval=0.504068,voltage_rolling_mean,0.7617080118507147,11.42458408139646,12.208333937451243
2026-08-10T16:32:11.249018+00:00,measurement_drift_01,meter_03,438,none,none,none,none,none,none,0.9999992202918468,0.45338737362095655,0,,0,0,drift_not_confirmed,,voltage_rolling_mean=230.658893;source_publish_interval=0.504068,,0.5272920243442059,9.332249872386456,9.878207929432392
2026-08-10T16:32:11.719696+00:00,measurement_drift_01,meter_01,439,none,none,none,none,none,none,0.9999969474430856,0.4567177104416519,0,,0,0,drift_not_confirmed,,voltage_rolling_mean=231.644142;source_publish_interval=0.504067,,2.5669171009212732,19.204790936782956,21.80379186756909
2026-08-10T16:32:11.741897+00:00,measurement_drift_01,meter_02,439,none,measurement_shift,none,none,none,normal_drift,0.9999981418261279,0.5642249510298427,0,,1,0,collecting_candidates;drift_not_confirmed,voltage_rolling_mean,voltage_rolling_mean=234.267732;source_publish_interval=0.504068,voltage_rolling_mean,0.7274579256772995,11.752582853659987,12.501375051215291
2026-08-10T16:32:11.754511+00:00,measurement_drift_01,meter_03,439,none,none,none,none,none,none,0.9999993966598785,0.4490282921869988,0,,0,0,drift_not_confirmed,,voltage_rolling_mean=230.658893;source_publish_interval=0.504068,,0.5224579945206642,9.407249977812171,9.9484589882195
2026-08-10T16:32:12.224423+00:00,measurement_drift_01,meter_01,440,none,none,none,none,none,none,0.9999979153034427,0.4822813570593924,0,,0,0,drift_not_confirmed,,voltage_rolling_mean=231.644142;source_publish_interval=0.504067,,2.1533749531954527,21.872999845072627,24.0683751180768
2026-08-10T16:32:12.248907+00:00,measurement_drift_01,meter_02,440,none,measurement_shift,none,none,none,normal_drift,0.9999972964107015,0.5424051109938997,0,,1,0,collecting_candidates;drift_not_confirmed,voltage_rolling_mean,voltage_rolling_mean=234.267732;source_publish_interval=0.504068,voltage_rolling_mean,0.8969998452812433,12.471749912947416,13.394916895776987
2026-08-10T16:32:12.262446+00:00,measurement_drift_01,meter_03,440,none,none,none,none,none,none,0.9999877286663145,0.48144597703191155,0,,0,0,drift_not_confirmed,,voltage_rolling_mean=230.658893;source_publish_interval=0.504068,,0.6028749048709869,9.65162506327033,10.273541789501905
2026-08-10T16:32:12.729574+00:00,measurement_drift_01,meter_01,441,none,none,none,none,none,none,0.9999981678788639,0.4710508689712528,0,,0,0,drift_not_confirmed,,voltage_rolling_mean=231.644142;source_publish_interval=0.504067,,3.1030839309096336,17.195875057950616,20.331582985818386
2026-08-10T16:32:12.750286+00:00,measurement_drift_01,meter_02,441,none,measurement_shift,none,none,none,normal_drift,0.9999966772423499,0.5542428100132422,0,,1,0,collecting_candidates;drift_not_confirmed,voltage_rolling_mean,voltage_rolling_mean=234.267732;source_publish_interval=0.504068,voltage_rolling_mean,0.7440000772476196,11.105542071163654,11.870749993249774
2026-08-10T16:32:12.762263+00:00,measurement_drift_01,meter_03,441,none,none,none,none,none,none,0.9999995009840906,0.4820374162918739,0,,0,0,drift_not_confirmed,,voltage_rolling_mean=230.658893;source_publish_interval=0.504068,,0.5119580309838057,9.382457938045263,9.911542059853673
2026-08-10T16:32:13.232635+00:00,measurement_drift_01,meter_01,442,none,none,none,none,none,none,0.9999738541020435,0.45678340782625554,0,,0,0,drift_not_confirmed,,voltage_rolling_mean=231.644142;source_publish_interval=0.504067,,1.992875011637807,21.90745808184147,23.938042111694813
2026-08-10T16:32:13.256913+00:00,measurement_drift_01,meter_02,442,none,measurement_shift,none,none,none,normal_drift,0.9999920110171093,0.5302196370821832,0,,1,0,collecting_candidates;drift_not_confirmed,voltage_rolling_mean,voltage_rolling_mean=234.267732;source_publish_interval=0.504068,voltage_rolling_mean,0.841124914586544,12.018624925985932,12.884666910395026
2026-08-10T16:32:13.269926+00:00,measurement_drift_01,meter_03,442,none,none,none,none,none,none,0.999999606698241,0.44408606371719944,0,,0,0,drift_not_confirmed,,voltage_rolling_mean=230.658893;source_publish_interval=0.504068,,0.5518340039998293,9.558666031807661,10.129292029887438
2026-08-10T16:32:13.733113+00:00,measurement_drift_01,meter_01,443,none,none,none,none,none,none,0.9999968720516584,0.46210119877285943,0,,0,0,drift_not_confirmed,,voltage_rolling_mean=231.644142;source_publish_interval=0.504067,,2.7699158526957035,19.698292016983032,22.513541160151362
2026-08-10T16:32:13.756072+00:00,measurement_drift_01,meter_02,443,none,measurement_shift,none,none,none,normal_drift,0.9999989958639597,0.5477727691006727,0,,1,0,collecting_candidates;drift_not_confirmed,voltage_rolling_mean,voltage_rolling_mean=234.267732;source_publish_interval=0.504068,voltage_rolling_mean,0.7818748708814383,12.091208947822452,12.899166904389858
2026-08-10T16:32:13.769117+00:00,measurement_drift_01,meter_03,443,none,none,none,none,none,none,0.9999997917900878,0.48818157472808643,0,,0,0,drift_not_confirmed,,voltage_rolling_mean=230.658893;source_publish_interval=0.504068,,0.5417498759925365,9.496707934886217,10.057750158011913
2026-08-10T16:32:14.237582+00:00,measurement_drift_01,meter_01,444,none,none,none,none,none,none,0.9999917554937731,0.5409085574601131,0,,0,0,drift_not_confirmed,,voltage_rolling_mean=231.644142;source_publish_interval=0.504067,,2.073457930237055,22.31525001116097,24.42629192955792
2026-08-10T16:32:14.262360+00:00,measurement_drift_01,meter_02,444,none,measurement_shift,none,none,none,normal_drift,0.9999979301323798,0.5328301170096496,0,,1,0,collecting_candidates;drift_not_confirmed,voltage_rolling_mean,voltage_rolling_mean=234.267732;source_publish_interval=0.504068,voltage_rolling_mean,0.8656252175569534,11.922917095944285,12.812207918614149
2026-08-10T16:32:14.275305+00:00,measurement_drift_01,meter_03,444,none,none,none,none,none,none,0.9999994012353962,0.47321316671340286,0,,0,0,drift_not_confirmed,,voltage_rolling_mean=230.658893;source_publish_interval=0.504068,,0.5312908906489611,9.420332964509726,9.970959043130279
2026-08-10T16:32:14.742816+00:00,measurement_drift_01,meter_01,445,none,none,none,none,none,none,0.9999981365571261,0.4530983110950674,0,,0,0,drift_not_confirmed,,voltage_rolling_mean=231.644142;source_publish_interval=0.504067,,1.9834579434245825,22.080291993916035,24.10087501630187
2026-08-10T16:32:14.767256+00:00,measurement_drift_01,meter_02,445,none,measurement_shift,none,none,none,normal_drift,0.9999984017719358,0.5341392406350032,0,,1,0,collecting_candidates;drift_not_confirmed,voltage_rolling_mean,voltage_rolling_mean=234.267732;source_publish_interval=0.504068,voltage_rolling_mean,0.8354578167200089,11.964499950408936,12.824333971366286
2026-08-10T16:32:14.780205+00:00,measurement_drift_01,meter_03,445,none,none,none,none,none,none,0.999998928831001,0.4959732530085971,0,,0,0,drift_not_confirmed,,voltage_rolling_mean=230.658893;source_publish_interval=0.504068,,0.5197501741349697,9.51816700398922,10.056166909635067
2026-08-10T16:32:15.247573+00:00,measurement_drift_01,meter_01,446,none,none,none,none,none,none,0.9999960000260184,0.4715353836837392,0,,0,0,drift_not_confirmed,,voltage_rolling_mean=231.644142;source_publish_interval=0.504067,,2.517750021070242,18.423834117129445,20.978666841983795
2026-08-10T16:32:15.268910+00:00,measurement_drift_01,meter_02,446,none,measurement_shift,none,none,none,normal_drift,0.9999984429423384,0.5568964681548123,0,,1,0,collecting_candidates;drift_not_confirmed,voltage_rolling_mean,voltage_rolling_mean=234.267732;source_publish_interval=0.504068,voltage_rolling_mean,0.7497919723391533,11.507458053529263,12.27862504310906
2026-08-10T16:32:15.281289+00:00,measurement_drift_01,meter_03,446,none,none,none,none,none,none,0.9999991014516454,0.48387971265719365,0,,0,0,drift_not_confirmed,,voltage_rolling_mean=230.658893;source_publish_interval=0.504068,,0.5093328654766083,9.345791069790721,9.8728749435395
2026-08-10T16:32:15.752678+00:00,measurement_drift_01,meter_01,447,none,none,none,none,none,none,0.9999916739377928,0.4760436393693995,0,,0,0,drift_not_confirmed,,voltage_rolling_mean=231.644142;source_publish_interval=0.504067,,2.1170000545680523,22.427915828302503,24.586583022028208
2026-08-10T16:32:15.777697+00:00,measurement_drift_01,meter_02,447,none,measurement_shift,none,none,none,normal_drift,0.9999753626552227,0.551709037979265,0,,1,1,drift_not_confirmed;reference_updated,voltage_rolling_mean,voltage_rolling_mean=233.830984;source_publish_interval=0.504068,voltage_rolling_mean,0.9006250184029341,12.217249954119325,13.143958058208227
2026-08-10T16:32:15.790978+00:00,measurement_drift_01,meter_03,447,none,none,none,none,none,none,0.9999989415620095,0.48764841590584274,0,,0,0,drift_not_confirmed,,voltage_rolling_mean=230.658893;source_publish_interval=0.504068,,0.5208340007811785,9.663125034421682,10.203124955296516
2026-08-10T16:32:16.257819+00:00,measurement_drift_01,meter_01,448,none,none,none,none,none,none,0.9999968680228652,0.48718439686684545,0,,0,0,drift_not_confirmed,,voltage_rolling_mean=231.644142;source_publish_interval=0.504067,,2.316041849553585,20.441667176783085,22.79224991798401
2026-08-10T16:32:16.281030+00:00,measurement_drift_01,meter_02,448,none,measurement_shift,none,none,none,normal_drift,0.9999860675006905,0.6099724908746793,0,,1,0,collecting_candidates;drift_not_confirmed,voltage_rolling_mean,voltage_rolling_mean=233.830984;source_publish_interval=0.504068,voltage_rolling_mean,0.7702088914811611,11.942041805014014,12.737666023895144
2026-08-10T16:32:16.293894+00:00,measurement_drift_01,meter_03,448,none,none,none,none,none,none,0.9999994516722197,0.4844267770972079,0,,0,0,drift_not_confirmed,,voltage_rolling_mean=230.658893;source_publish_interval=0.504068,,0.5717910826206207,9.546207962557673,10.139291873201728
2026-08-10T16:32:16.761960+00:00,measurement_drift_01,meter_01,449,none,none,none,none,none,none,0.9999909775547525,0.4615615999094175,0,,0,0,drift_not_confirmed,,voltage_rolling_mean=231.644142;source_publish_interval=0.504067,,3.3851671032607555,17.069959081709385,20.491500152274966
2026-08-10T16:32:16.782898+00:00,measurement_drift_01,meter_02,449,none,measurement_shift,none,none,none,normal_drift,0.9999985162238609,0.5306587776811379,0,,1,0,collecting_candidates;drift_not_confirmed,voltage_rolling_mean,voltage_rolling_mean=233.830984;source_publish_interval=0.504068,voltage_rolling_mean,0.8212081156671047,10.991250164806843,11.83591689914465
2026-08-10T16:32:16.794870+00:00,measurement_drift_01,meter_03,449,none,none,none,none,none,none,0.9999990509847483,0.4407977711847371,0,,0,0,drift_not_confirmed,,voltage_rolling_mean=230.658893;source_publish_interval=0.504068,,0.5155832041054964,9.197291918098927,9.738750057294965
2026-08-10T16:32:17.266726+00:00,measurement_drift_01,meter_01,450,none,none,none,none,none,none,0.9999960465626665,0.46051573149932185,0,,0,0,drift_not_confirmed,,voltage_rolling_mean=231.644142;source_publish_interval=0.504067,,2.2763749584555626,18.696708139032125,21.012375131249428
2026-08-10T16:32:17.288185+00:00,measurement_drift_01,meter_02,450,none,none,none,unknown,unknown,normal_drift,0.9999988990405946,0.6566963289177556,0,,1,0,collecting_candidates;drift_not_confirmed,voltage_rolling_mean,voltage_rolling_mean=233.830984;source_publish_interval=0.504068,voltage_rolling_mean,0.7976249326020479,11.470082914456725,12.291125021874905
2026-08-10T16:32:17.300619+00:00,measurement_drift_01,meter_03,450,none,none,none,none,none,none,0.9999992932547673,0.46750151528906037,0,,0,0,drift_not_confirmed,,voltage_rolling_mean=230.658893;source_publish_interval=0.504068,,0.524875009432435,9.599582990631461,10.144833009690046
2026-08-10T16:32:17.771262+00:00,measurement_drift_01,meter_01,451,none,none,none,none,none,none,0.9999977106579911,0.5226256832980265,0,,0,0,drift_not_confirmed,,voltage_rolling_mean=231.644142;source_publish_interval=0.504067,,1.4202501624822617,20.508042071014643,21.96891698986292
2026-08-10T16:32:17.793559+00:00,measurement_drift_01,meter_02,451,none,none,none,unknown,unknown,normal_drift,0.9999986219778945,0.6256591978918259,0,,1,0,collecting_candidates;drift_not_confirmed,voltage_rolling_mean,voltage_rolling_mean=233.830984;source_publish_interval=0.504068,voltage_rolling_mean,0.871957978233695,12.948459014296532,13.846625108271837
2026-08-10T16:32:17.807549+00:00,measurement_drift_01,meter_03,451,none,none,none,none,none,none,0.9999991228928783,0.4378178444170125,0,,0,0,drift_not_confirmed,,voltage_rolling_mean=230.658893;source_publish_interval=0.504068,,0.5968750920146704,10.050083044916391,10.66662510856986
2026-08-10T16:32:18.276574+00:00,measurement_drift_01,meter_01,452,none,none,none,none,none,none,0.999991228564232,0.49473900721851605,0,,0,0,drift_not_confirmed,,voltage_rolling_mean=231.644142;source_publish_interval=0.504067,,1.7598341219127178,20.88758395984769,22.68545888364315
2026-08-10T16:32:18.299608+00:00,measurement_drift_01,meter_02,452,none,none,none,none,none,normal_drift,0.9999971987603083,0.5883923325966699,0,,1,0,collecting_candidates;drift_not_confirmed,voltage_rolling_mean,voltage_rolling_mean=233.830984;source_publish_interval=0.504068,voltage_rolling_mean,0.8508749306201935,12.874666135758162,13.750209007412195
2026-08-10T16:32:18.313484+00:00,measurement_drift_01,meter_03,452,none,none,none,none,none,none,0.9999849998602806,0.4915424450756494,0,,0,0,drift_not_confirmed,,voltage_rolling_mean=230.658893;source_publish_interval=0.504068,,0.5814169999212027,10.106417117640376,10.709290858358145
2026-08-10T16:32:18.782232+00:00,measurement_drift_01,meter_01,453,none,none,none,none,none,none,0.9999942573342927,0.4829462743361771,0,,0,0,drift_not_confirmed,,voltage_rolling_mean=231.644142;source_publish_interval=0.504067,,1.966959098353982,22.317332914099097,24.32587486691773
2026-08-10T16:32:18.806910+00:00,measurement_drift_01,meter_02,453,none,none,none,none,none,normal_drift,0.999985514755578,0.5561775705675129,0,,1,0,collecting_candidates;drift_not_confirmed,voltage_rolling_mean,voltage_rolling_mean=233.830984;source_publish_interval=0.504068,voltage_rolling_mean,0.8792909793555737,11.91662484779954,12.820083880797029
2026-08-10T16:32:18.819863+00:00,measurement_drift_01,meter_03,453,none,none,none,none,none,none,0.9999969638840399,0.4735465232022581,0,,0,0,drift_not_confirmed,,voltage_rolling_mean=230.658893;source_publish_interval=0.504068,,0.5247078370302916,9.657084010541439,10.200917022302747
2026-08-10T16:32:19.286085+00:00,measurement_drift_01,meter_01,454,none,none,none,none,none,none,0.9999991179423731,0.5608372625100723,0,,0,0,drift_not_confirmed,,voltage_rolling_mean=231.644142;source_publish_interval=0.504067,,2.9020418878644705,18.115750048309565,21.058541955426335
2026-08-10T16:32:19.307591+00:00,measurement_drift_01,meter_02,454,none,none,none,none,none,normal_drift,0.9999884472770492,0.5490613314266238,0,,1,0,collecting_candidates;drift_not_confirmed,voltage_rolling_mean,voltage_rolling_mean=233.830984;source_publish_interval=0.504068,voltage_rolling_mean,0.7801251485943794,11.399458860978484,12.203208869323134
2026-08-10T16:32:19.319920+00:00,measurement_drift_01,meter_03,454,none,none,none,none,none,none,0.999998875249465,0.4476732207410659,0,,0,0,drift_not_confirmed,,voltage_rolling_mean=230.658893;source_publish_interval=0.504068,,0.5246251821517944,9.651708882302046,10.195666924118996
2026-08-10T16:32:19.788402+00:00,measurement_drift_01,meter_01,455,none,none,none,none,none,none,0.999998630612502,0.4877713434551018,0,,0,0,drift_not_confirmed,,voltage_rolling_mean=231.644142;source_publish_interval=0.504067,,2.188208047300577,22.565667051821947,24.795542005449533
2026-08-10T16:32:19.813696+00:00,measurement_drift_01,meter_02,455,none,none,none,none,none,normal_drift,0.9999928435557486,0.5338989390011852,0,,1,0,collecting_candidates;drift_not_confirmed,voltage_rolling_mean,voltage_rolling_mean=233.830984;source_publish_interval=0.504068,voltage_rolling_mean,0.9129578247666359,12.136624893173575,13.07270908728242
2026-08-10T16:32:19.826907+00:00,measurement_drift_01,meter_03,455,none,none,none,none,none,none,0.9999977140445184,0.4431127978021392,0,,0,0,drift_not_confirmed,,voltage_rolling_mean=230.658893;source_publish_interval=0.504068,,0.5234170239418745,9.65445814654231,10.196875082328916
2026-08-10T16:32:20.293557+00:00,measurement_drift_01,meter_01,456,none,none,none,none,none,none,0.9999984922500924,0.5160793649848202,0,,0,0,drift_not_confirmed,,voltage_rolling_mean=231.644142;source_publish_interval=0.504067,,2.0726670045405626,22.209916962310672,24.327917024493217
2026-08-10T16:32:20.318260+00:00,measurement_drift_01,meter_02,456,none,none,none,none,none,normal_drift,0.9999885934088141,0.525506985515213,0,,1,0,collecting_candidates;drift_not_confirmed,voltage_rolling_mean,voltage_rolling_mean=233.830984;source_publish_interval=0.504068,voltage_rolling_mean,0.904416898265481,12.116541853174567,13.045208062976599
2026-08-10T16:32:20.331442+00:00,measurement_drift_01,meter_03,456,none,none,none,none,none,none,0.9999971627977042,0.5441950938481728,0,,0,0,drift_not_confirmed,,voltage_rolling_mean=230.658893;source_publish_interval=0.504068,,0.5266668740659952,9.669666877016425,10.216458002105355
2026-08-10T16:32:20.797907+00:00,measurement_drift_01,meter_01,457,none,none,none,none,none,none,0.9999529229044206,0.47126838308792224,0,,0,0,drift_not_confirmed,,voltage_rolling_mean=231.644142;source_publish_interval=0.504067,,2.0255830604583025,22.731499979272485,24.79216712526977
2026-08-10T16:32:20.823015+00:00,measurement_drift_01,meter_02,457,none,none,none,none,none,normal_drift,0.9999831440301852,0.5237177078861948,0,,1,0,collecting_candidates;drift_not_confirmed,voltage_rolling_mean,voltage_rolling_mean=233.830984;source_publish_interval=0.504068,voltage_rolling_mean,0.8628750219941139,12.021458940580487,12.90645799599588
2026-08-10T16:32:20.836052+00:00,measurement_drift_01,meter_03,457,none,none,none,none,none,none,0.999998473854738,0.4540153337554625,0,,0,0,drift_not_confirmed,,voltage_rolling_mean=230.658893;source_publish_interval=0.504068,,0.516790896654129,9.625917067751288,10.161208920180798
2026-08-10T16:32:21.303668+00:00,measurement_drift_01,meter_01,458,none,none,none,none,none,none,0.999994365102934,0.45776884731092476,0,,0,0,drift_not_confirmed,,voltage_rolling_mean=231.644142;source_publish_interval=0.504067,,2.54100002348423,19.396542105823755,21.977208089083433
2026-08-10T16:32:21.326044+00:00,measurement_drift_01,meter_02,458,none,none,none,none,none,normal_drift,0.9999886632970358,0.5320763769435153,0,,1,0,collecting_candidates;drift_not_confirmed,voltage_rolling_mean,voltage_rolling_mean=233.830984;source_publish_interval=0.504068,voltage_rolling_mean,0.7429169490933418,11.469791177660227,12.237875023856759
2026-08-10T16:32:21.338401+00:00,measurement_drift_01,meter_03,458,none,none,none,none,none,none,0.9999993760303535,0.4619161338746515,0,,0,0,drift_not_confirmed,,voltage_rolling_mean=230.658893;source_publish_interval=0.504068,,0.5087919998914003,9.460832923650742,9.98729094862938
2026-08-10T16:32:21.808533+00:00,measurement_drift_01,meter_01,459,none,none,none,none,none,none,0.9999985410812887,0.47193991924203554,0,,0,0,drift_not_confirmed,,voltage_rolling_mean=231.644142;source_publish_interval=0.504067,,2.0237918943166733,21.20149997062981,23.26454082503915
2026-08-10T16:32:21.832124+00:00,measurement_drift_01,meter_02,459,none,none,none,none,none,normal_drift,0.9999901258702223,0.5346451837850101,0,,1,0,collecting_candidates;drift_not_confirmed,voltage_rolling_mean,voltage_rolling_mean=233.830984;source_publish_interval=0.504068,voltage_rolling_mean,0.7929590065032244,11.894207913428545,12.711333110928535
2026-08-10T16:32:21.844947+00:00,measurement_drift_01,meter_03,459,none,none,none,none,none,none,0.9999988538225476,0.548631611946647,0,,0,0,drift_not_confirmed,,voltage_rolling_mean=230.658893;source_publish_interval=0.504068,,0.5568331107497215,9.831000119447708,10.413457872346044
2026-08-10T16:32:22.312958+00:00,measurement_drift_01,meter_01,460,none,none,none,none,none,none,0.9999992934996671,0.521468597295532,0,,0,0,drift_not_confirmed,,voltage_rolling_mean=231.644142;source_publish_interval=0.504067,,1.6534170135855675,20.877165952697396,22.578332806006074
2026-08-10T16:32:22.335920+00:00,measurement_drift_01,meter_02,460,none,none,none,none,none,normal_drift,0.999993577711226,0.5743390264002517,0,,1,0,collecting_candidates;drift_not_confirmed,voltage_rolling_mean,voltage_rolling_mean=233.830984;source_publish_interval=0.504068,voltage_rolling_mean,0.9255409240722656,12.921750079840422,13.87695805169642
2026-08-10T16:32:22.349963+00:00,measurement_drift_01,meter_03,460,none,none,none,none,none,none,0.9999981382965566,0.4506874576753527,0,,0,0,drift_not_confirmed,,voltage_rolling_mean=230.658893;source_publish_interval=0.504068,,0.5884580314159393,9.870999958366156,10.479750111699104
2026-08-10T16:32:22.818307+00:00,measurement_drift_01,meter_01,461,none,none,none,none,none,none,0.9999994064328809,0.49571827512853617,0,,0,0,drift_not_confirmed,,voltage_rolling_mean=231.644142;source_publish_interval=0.504067,,2.1100000012665987,19.258084008470178,21.400334080681205
2026-08-10T16:32:22.840088+00:00,measurement_drift_01,meter_02,461,none,none,none,none,none,normal_drift,0.9999859705798797,0.4922822300155235,0,,1,0,collecting_candidates;drift_not_confirmed,voltage_rolling_mean,voltage_rolling_mean=233.830984;source_publish_interval=0.504068,voltage_rolling_mean,0.7248329930007458,11.594667099416256,12.342333095148206
2026-08-10T16:32:22.852557+00:00,measurement_drift_01,meter_03,461,none,none,none,none,none,none,0.9999987674842211,0.4552075466169604,0,,0,0,drift_not_confirmed,,voltage_rolling_mean=230.658893;source_publish_interval=0.504068,,0.5192079115658998,9.54633392393589,10.08966681547463
2026-08-10T16:32:23.322283+00:00,measurement_drift_01,meter_01,462,none,none,none,none,none,none,0.9999981461166184,0.47568075742556576,0,,0,0,drift_not_confirmed,,voltage_rolling_mean=231.644142;source_publish_interval=0.504067,,1.124042086303234,19.832541001960635,21.01116580888629
2026-08-10T16:32:23.343539+00:00,measurement_drift_01,meter_02,462,none,none,none,none,none,normal_drift,0.9999732168130498,0.5315716870733354,0,,1,0,collecting_candidates;drift_not_confirmed,voltage_rolling_mean,voltage_rolling_mean=233.830984;source_publish_interval=0.504068,voltage_rolling_mean,0.7946670521050692,12.217041803523898,13.05225002579391
2026-08-10T16:32:23.356828+00:00,measurement_drift_01,meter_03,462,none,none,none,none,none,none,0.9999977094042648,0.5577672165450979,0,,0,0,drift_not_confirmed,,voltage_rolling_mean=230.658893;source_publish_interval=0.504068,,0.610083807259798,10.565957985818386,11.207417119294405
2026-08-10T16:32:23.827085+00:00,measurement_drift_01,meter_01,463,none,none,none,none,none,none,0.9999990346315661,0.4694972470506026,0,,0,0,drift_not_confirmed,,voltage_rolling_mean=231.644142;source_publish_interval=0.504067,,2.6801670901477337,21.309125004336238,24.046959122642875
2026-08-10T16:32:23.851673+00:00,measurement_drift_01,meter_02,463,none,none,none,none,none,normal_drift,0.9999760061592488,0.4943812504317904,0,,1,0,collecting_candidates;drift_not_confirmed,voltage_rolling_mean,voltage_rolling_mean=233.830984;source_publish_interval=0.504068,voltage_rolling_mean,0.8277918677777052,12.134874938055873,12.997834011912346
2026-08-10T16:32:23.864866+00:00,measurement_drift_01,meter_03,463,none,none,none,none,none,none,0.9999970204054667,0.49747085980967987,0,,0,0,drift_not_confirmed,,voltage_rolling_mean=230.658893;source_publish_interval=0.504068,,0.6132079288363457,9.993124986067414,10.628999909386039
2026-08-10T16:32:24.332766+00:00,measurement_drift_01,meter_01,464,none,none,none,none,none,none,0.9999982519583949,0.4676807475678208,0,,0,0,drift_not_confirmed,,voltage_rolling_mean=231.644142;source_publish_interval=0.504067,,2.1941671147942543,22.54429180175066,24.805666878819466
2026-08-10T16:32:24.358039+00:00,measurement_drift_01,meter_02,464,none,none,none,none,none,normal_drift,0.9999945691173262,0.5876854620026893,0,,1,0,collecting_candidates;drift_not_confirmed,voltage_rolling_mean,voltage_rolling_mean=233.830984;source_publish_interval=0.504068,voltage_rolling_mean,0.9315828792750835,12.464124942198396,13.440333073958755
2026-08-10T16:32:24.371712+00:00,measurement_drift_01,meter_03,464,none,none,none,none,none,none,0.9999978144923143,0.49393294347908306,0,,0,0,drift_not_confirmed,,voltage_rolling_mean=230.658893;source_publish_interval=0.504068,,0.5641249008476734,9.91279212757945,10.506165912374854
2026-08-10T16:32:24.837619+00:00,measurement_drift_01,meter_01,465,none,none,none,none,none,none,0.9999994792722602,0.5323855093156697,0,,0,0,drift_not_confirmed,,voltage_rolling_mean=231.644142;source_publish_interval=0.504067,,2.066542161628604,22.590167121961713,24.71929113380611
2026-08-10T16:32:24.862832+00:00,measurement_drift_01,meter_02,465,none,none,none,none,none,normal_drift,0.9999897013662504,0.47238852947447124,0,,1,0,collecting_candidates;drift_not_confirmed,voltage_rolling_mean,voltage_rolling_mean=233.830984;source_publish_interval=0.504068,voltage_rolling_mean,0.9335828945040703,12.533083092421293,13.499416876584291
2026-08-10T16:32:24.876533+00:00,measurement_drift_01,meter_03,465,none,none,none,none,none,none,0.9999274028696142,0.5756272840014197,0,,0,0,drift_not_confirmed,,voltage_rolling_mean=230.658893;source_publish_interval=0.504068,,0.54574990645051,9.852290851995349,10.423082858324051
2026-08-10T16:32:25.342535+00:00,measurement_drift_01,meter_01,466,none,none,none,none,none,none,0.9999990687084388,0.49393468221438924,0,,0,0,drift_not_confirmed,,voltage_rolling_mean=231.644142;source_publish_interval=0.504067,,2.420749980956316,20.295500056818128,22.769707953557372
2026-08-10T16:32:25.365738+00:00,measurement_drift_01,meter_02,466,none,none,none,none,none,normal_drift,0.9999849974112207,0.4747396497254296,0,,1,0,collecting_candidates;drift_not_confirmed,voltage_rolling_mean,voltage_rolling_mean=233.830984;source_publish_interval=0.504068,voltage_rolling_mean,0.7948330603539944,11.820583138614893,12.642082991078496
2026-08-10T16:32:25.378535+00:00,measurement_drift_01,meter_03,466,none,none,none,none,none,none,0.9999970124714803,0.47006232058279235,0,,0,0,drift_not_confirmed,,voltage_rolling_mean=230.658893;source_publish_interval=0.504068,,0.513915903866291,9.41683305427432,9.951667161658406
2026-08-10T16:32:25.842843+00:00,measurement_drift_01,meter_01,467,none,none,none,none,none,none,0.99998922528546,0.5884224838636308,0,,0,0,drift_not_confirmed,,voltage_rolling_mean=231.644142;source_publish_interval=0.504067,,2.0257090218365192,22.119250148534775,24.189749965444207
2026-08-10T16:32:25.867518+00:00,measurement_drift_01,meter_02,467,none,none,none,none,none,normal_drift,0.9999949366310944,0.453074791002163,0,,1,1,drift_not_confirmed;reference_updated,voltage_rolling_mean,voltage_rolling_mean=233.237657;source_publish_interval=0.504068,voltage_rolling_mean,0.9022499434649944,12.233125045895576,13.1629160605371
2026-08-10T16:32:25.880826+00:00,measurement_drift_01,meter_03,467,none,none,none,none,none,none,0.999997649161674,0.44724673190976033,0,,0,0,drift_not_confirmed,,voltage_rolling_mean=230.658893;source_publish_interval=0.504068,,0.5151249933987856,9.61445807479322,10.152874980121851
2026-08-10T16:32:26.347690+00:00,measurement_drift_01,meter_01,468,none,none,none,none,none,none,0.9999957719043159,0.4412928035651523,0,,0,0,drift_not_confirmed,,voltage_rolling_mean=231.644142;source_publish_interval=0.504067,,2.488750033080578,17.894041957333684,20.425583003088832
2026-08-10T16:32:26.368509+00:00,measurement_drift_01,meter_02,468,none,none,none,none,none,normal_drift,0.9999920218953033,0.4423787964486746,0,,1,0,collecting_candidates;drift_not_confirmed,voltage_rolling_mean,voltage_rolling_mean=233.237657;source_publish_interval=0.504068,voltage_rolling_mean,0.7657499518245459,11.354041052982211,12.142749968916178
2026-08-10T16:32:26.380768+00:00,measurement_drift_01,meter_03,468,none,none,none,none,none,none,0.9999956838463028,0.47157481050139555,0,,0,0,drift_not_confirmed,,voltage_rolling_mean=230.658893;source_publish_interval=0.504068,,0.4924158565700054,9.36349993571639,9.874165989458561
2026-08-10T16:32:26.852894+00:00,measurement_drift_01,meter_01,469,none,none,none,none,none,none,0.9999984206472919,0.5607452147989204,0,,0,0,drift_not_confirmed,,voltage_rolling_mean=231.644142;source_publish_interval=0.504067,,2.2933329455554485,18.52670800872147,20.8683330565691
2026-08-10T16:32:26.874200+00:00,measurement_drift_01,meter_02,469,none,none,none,none,none,normal_drift,0.99999187691803,0.44267157221315706,0,,1,0,collecting_candidates;drift_not_confirmed,voltage_rolling_mean,voltage_rolling_mean=233.237657;source_publish_interval=0.504068,voltage_rolling_mean,0.8519589900970459,11.351084103807807,12.228083796799183
2026-08-10T16:32:26.886573+00:00,measurement_drift_01,meter_03,469,none,none,none,none,none,none,0.9999879121201339,0.44595551624358043,0,,0,0,drift_not_confirmed,,voltage_rolling_mean=230.658893;source_publish_interval=0.504068,,0.5159168504178524,9.449250064790249,9.98441711999476
2026-08-10T16:32:27.357742+00:00,measurement_drift_01,meter_01,470,none,none,none,none,none,none,0.999998705982095,0.46434543628986913,0,,0,0,drift_not_confirmed,,voltage_rolling_mean=231.644142;source_publish_interval=0.504067,,2.384791849181056,19.93020810186863,22.356917150318623
2026-08-10T16:32:27.380523+00:00,measurement_drift_01,meter_02,470,none,none,none,none,none,normal_drift,0.9999970907406802,0.46246602303517764,0,,1,0,collecting_candidates;drift_not_confirmed,voltage_rolling_mean,voltage_rolling_mean=233.237657;source_publish_interval=0.504068,voltage_rolling_mean,0.7670409977436066,11.884584091603756,12.675749836489558
2026-08-10T16:32:27.393338+00:00,measurement_drift_01,meter_03,470,none,none,none,none,none,none,0.9999945975667244,0.44410993296714746,0,,0,0,drift_not_confirmed,,voltage_rolling_mean=230.658893;source_publish_interval=0.504068,,0.5012089386582375,9.427833138033748,9.949791943654418
2026-08-10T16:32:27.862960+00:00,measurement_drift_01,meter_01,471,none,none,none,none,none,none,0.999997991324201,0.46447844561356405,0,,0,0,drift_not_confirmed,,voltage_rolling_mean=231.644142;source_publish_interval=0.504067,,1.8050409853458405,22.04579091630876,23.91812507994473
2026-08-10T16:32:27.887279+00:00,measurement_drift_01,meter_02,471,none,none,none,none,none,normal_drift,0.9999971306009069,0.43871048753888753,0,,1,0,collecting_candidates;drift_not_confirmed,voltage_rolling_mean,voltage_rolling_mean=233.237657;source_publish_interval=0.504068,voltage_rolling_mean,0.9739161469042301,12.345749884843826,13.363041914999485
2026-08-10T16:32:27.900868+00:00,measurement_drift_01,meter_03,471,none,none,none,none,none,none,0.9999963613839903,0.4513415289340589,0,,0,0,drift_not_confirmed,,voltage_rolling_mean=230.658893;source_publish_interval=0.504068,,0.5509171169251204,9.673666907474399,10.250124847516418
2026-08-10T16:32:28.367466+00:00,measurement_drift_01,meter_01,472,none,none,none,none,none,none,0.9999993934381424,0.4897403891126566,0,,0,0,drift_not_confirmed,,voltage_rolling_mean=231.644142;source_publish_interval=0.504067,,1.312333857640624,20.56587510742247,21.926040994003415
2026-08-10T16:32:28.389681+00:00,measurement_drift_01,meter_02,472,none,none,none,none,none,normal_drift,0.9999992599038079,0.5421828502527504,0,,1,0,collecting_candidates;drift_not_confirmed,voltage_rolling_mean,voltage_rolling_mean=233.237657;source_publish_interval=0.504068,voltage_rolling_mean,0.9124581702053547,13.14974995329976,14.090958051383495
2026-08-10T16:32:28.403945+00:00,measurement_drift_01,meter_03,472,none,none,none,none,none,none,0.9999981210028609,0.4441142697800728,0,,0,0,drift_not_confirmed,,voltage_rolling_mean=230.658893;source_publish_interval=0.504068,,0.5722909700125456,10.30829199589789,10.901666013523936
2026-08-10T16:32:28.869543+00:00,measurement_drift_01,meter_01,473,none,none,none,none,none,none,0.9999985996925695,0.49593853118486314,0,,0,0,drift_not_confirmed,,voltage_rolling_mean=231.644142;source_publish_interval=0.504067,,1.2557499576359987,23.12224986962974,24.44591699168086
2026-08-10T16:32:28.894378+00:00,measurement_drift_01,meter_02,473,none,none,none,none,none,normal_drift,0.9999966209391437,0.45201161760592296,0,,1,0,collecting_candidates;drift_not_confirmed,voltage_rolling_mean,voltage_rolling_mean=233.237657;source_publish_interval=0.504068,voltage_rolling_mean,0.993040855973959,12.851041043177247,13.88079090975225
2026-08-10T16:32:28.908484+00:00,measurement_drift_01,meter_03,473,none,none,none,none,none,none,0.9999980469227938,0.44362399587484364,0,,0,0,drift_not_confirmed,,voltage_rolling_mean=230.658893;source_publish_interval=0.504068,,0.5547499749809504,9.645417099818587,10.22587507031858
2026-08-10T16:32:29.374578+00:00,measurement_drift_01,meter_01,474,none,none,none,none,none,none,0.9999965252092141,0.463677888827417,0,,0,0,drift_not_confirmed,,voltage_rolling_mean=231.644142;source_publish_interval=0.504067,,1.2922908645123243,20.368667086586356,21.70024998486042
2026-08-10T16:32:29.396512+00:00,measurement_drift_01,meter_02,474,none,none,none,none,none,normal_drift,0.9999951821243372,0.6047811623021679,0,,1,0,collecting_candidates;drift_not_confirmed,voltage_rolling_mean,voltage_rolling_mean=233.237657;source_publish_interval=0.504068,voltage_rolling_mean,0.8746669627726078,12.943666893988848,13.845707988366485
2026-08-10T16:32:29.410511+00:00,measurement_drift_01,meter_03,474,none,none,none,none,none,none,0.9999980691829241,0.5108596713674539,0,,0,0,drift_not_confirmed,,voltage_rolling_mean=230.658893;source_publish_interval=0.504068,,0.5720420740544796,9.814374847337604,10.40641707368195
2026-08-10T16:32:29.878648+00:00,measurement_drift_01,meter_01,475,none,none,none,none,none,none,0.9999891384867775,0.505703351197042,0,,0,0,drift_not_confirmed,,voltage_rolling_mean=231.644142;source_publish_interval=0.504067,,2.413875190541148,20.642124814912677,23.103291867300868
2026-08-10T16:32:29.902210+00:00,measurement_drift_01,meter_02,475,none,none,none,none,none,normal_drift,0.999996162994454,0.45060946154539766,0,,1,0,collecting_candidates;drift_not_confirmed,voltage_rolling_mean,voltage_rolling_mean=233.237657;source_publish_interval=0.504068,voltage_rolling_mean,0.8339998312294483,11.772708967328072,12.634666869416833
2026-08-10T16:32:29.915007+00:00,measurement_drift_01,meter_03,475,none,none,none,none,none,none,0.9999983121782511,0.44887369496372015,0,,0,0,drift_not_confirmed,,voltage_rolling_mean=230.658893;source_publish_interval=0.504068,,0.5389170255511999,9.523832937702537,10.083749890327454
2026-08-10T16:32:30.383726+00:00,measurement_drift_01,meter_01,476,none,none,none,unknown,unknown,unknown,0.9999984629327476,0.623985326499991,0,,0,0,drift_not_confirmed,,voltage_rolling_mean=231.644142;source_publish_interval=0.504067,,2.2332919761538506,19.603708060458302,21.886416943743825
2026-08-10T16:32:30.406086+00:00,measurement_drift_01,meter_02,476,none,none,none,none,none,normal_drift,0.9999961949395039,0.48536187672736786,0,,1,0,collecting_candidates;drift_not_confirmed,voltage_rolling_mean,voltage_rolling_mean=233.237657;source_publish_interval=0.504068,voltage_rolling_mean,0.8203329052776098,11.655000038444996,12.502208119258285
2026-08-10T16:32:30.418739+00:00,measurement_drift_01,meter_03,476,none,none,none,none,none,none,0.9999988754913818,0.45829083020522515,0,,0,0,drift_not_confirmed,,voltage_rolling_mean=230.658893;source_publish_interval=0.504068,,0.5346250254660845,9.54212504439056,10.096665937453508
2026-08-10T16:32:30.888231+00:00,measurement_drift_01,meter_01,477,none,none,none,none,none,none,0.9999968763558656,0.46148517736313066,0,,0,0,drift_not_confirmed,,voltage_rolling_mean=231.644142;source_publish_interval=0.504067,,2.813583007082343,18.97275005467236,21.856917068362236
2026-08-10T16:32:30.910551+00:00,measurement_drift_01,meter_02,477,none,none,none,none,none,normal_drift,0.9999964971368748,0.44556917070640356,0,,1,0,collecting_candidates;drift_not_confirmed,voltage_rolling_mean,voltage_rolling_mean=233.237657;source_publish_interval=0.504068,voltage_rolling_mean,0.852332916110754,11.724042007699609,12.60620797984302
2026-08-10T16:32:30.923329+00:00,measurement_drift_01,meter_03,477,none,none,none,none,none,none,0.9999973883969789,0.4560853434470729,0,,0,0,drift_not_confirmed,,voltage_rolling_mean=230.658893;source_publish_interval=0.504068,,0.5396248307079077,9.531040908768773,10.090915951877832
2026-08-10T16:32:31.393726+00:00,measurement_drift_01,meter_01,478,none,none,none,none,none,none,0.9999982211918859,0.4499305879693444,0,,0,0,drift_not_confirmed,,voltage_rolling_mean=231.644142;source_publish_interval=0.504067,,2.124208025634289,22.509624948725104,24.685749784111977
2026-08-10T16:32:31.418865+00:00,measurement_drift_01,meter_02,478,none,none,none,none,none,normal_drift,0.9999949189616757,0.489192890485708,0,,1,0,collecting_candidates;drift_not_confirmed,voltage_rolling_mean,voltage_rolling_mean=233.237657;source_publish_interval=0.504068,voltage_rolling_mean,0.961249927058816,12.26083398796618,13.249415904283524
2026-08-10T16:32:31.432264+00:00,measurement_drift_01,meter_03,478,none,none,none,none,none,none,0.9999964770065343,0.4760120631218461,0,,0,0,drift_not_confirmed,,voltage_rolling_mean=230.658893;source_publish_interval=0.504068,,0.537416897714138,9.666209109127522,10.224957950413227
2026-08-10T16:32:31.895056+00:00,measurement_drift_01,meter_01,479,none,none,none,none,none,none,0.9999972544182905,0.4824839088343799,0,,0,0,drift_not_confirmed,,voltage_rolling_mean=231.644142;source_publish_interval=0.504067,,2.4657920002937317,21.830457961186767,24.351167026907206
2026-08-10T16:32:31.919875+00:00,measurement_drift_01,meter_02,479,none,none,none,none,none,normal_drift,0.9999976621185213,0.4389368415647876,0,,1,0,collecting_candidates;drift_not_confirmed,voltage_rolling_mean,voltage_rolling_mean=233.237657;source_publish_interval=0.504068,voltage_rolling_mean,0.8715421427041292,12.005167081952095,12.905916897580028
2026-08-10T16:32:31.932943+00:00,measurement_drift_01,meter_03,479,none,none,none,none,none,none,0.9999930817779612,0.5337758782629095,0,,0,0,drift_not_confirmed,,voltage_rolling_mean=230.658893;source_publish_interval=0.504068,,0.5242498591542244,9.552582865580916,10.097666876390576
2026-08-10T16:32:32.399746+00:00,measurement_drift_01,meter_01,480,none,none,none,none,none,none,0.9999970932939468,0.5437035709978135,0,,0,0,drift_not_confirmed,,voltage_rolling_mean=231.644142;source_publish_interval=0.504067,,3.315958194434643,16.86424994841218,20.225374959409237
2026-08-10T16:32:32.420389+00:00,measurement_drift_01,meter_02,480,none,none,none,none,none,normal_drift,0.9999501822122298,0.5850740205193241,0,,1,0,collecting_candidates;drift_not_confirmed,voltage_rolling_mean,voltage_rolling_mean=233.237657;source_publish_interval=0.504068,voltage_rolling_mean,0.7535838522017002,10.725707979872823,11.503458954393864
2026-08-10T16:32:32.432012+00:00,measurement_drift_01,meter_03,480,none,none,none,none,none,none,0.9999980160415044,0.4925394699645268,0,,0,0,drift_not_confirmed,,voltage_rolling_mean=230.658893;source_publish_interval=0.504068,,0.5255839787423611,9.207749972119927,9.753250051289797
2026-08-10T16:32:32.902878+00:00,measurement_drift_01,meter_01,481,none,none,none,none,none,none,0.9999964504240738,0.4444603071012558,0,,0,0,drift_not_confirmed,,voltage_rolling_mean=231.644142;source_publish_interval=0.504067,,3.3760410733520985,21.710417000576854,25.12679109349847
2026-08-10T16:32:32.928427+00:00,measurement_drift_01,meter_02,481,none,none,none,none,none,normal_drift,0.9999949386835645,0.436754378764124,0,,1,0,collecting_candidates;drift_not_confirmed,voltage_rolling_mean,voltage_rolling_mean=233.237657;source_publish_interval=0.504068,voltage_rolling_mean,0.7556669879704714,11.973832966759801,12.758833123371005
2026-08-10T16:32:32.941343+00:00,measurement_drift_01,meter_03,481,none,none,none,none,none,none,0.9999969850919354,0.4687556431979172,0,,0,0,drift_not_confirmed,,voltage_rolling_mean=230.658893;source_publish_interval=0.504068,,0.5832498427480459,9.573833085596561,10.175999952480197
2026-08-10T16:32:33.408206+00:00,measurement_drift_01,meter_01,482,none,none,none,none,none,none,0.9999969273921244,0.44123349915060045,0,,0,0,drift_not_confirmed,,voltage_rolling_mean=231.644142;source_publish_interval=0.504067,,2.360791899263859,19.584791967645288,22.00429094955325
2026-08-10T16:32:33.430690+00:00,measurement_drift_01,meter_02,482,none,none,none,none,none,normal_drift,0.999997640477615,0.4428397579644007,0,,1,0,collecting_candidates;drift_not_confirmed,voltage_rolling_mean,voltage_rolling_mean=233.237657;source_publish_interval=0.504068,voltage_rolling_mean,0.8194590918719769,11.77549990825355,12.624792056158185
2026-08-10T16:32:33.443471+00:00,measurement_drift_01,meter_03,482,none,none,none,none,none,none,0.9999970908856746,0.4554322691318116,0,,0,0,drift_not_confirmed,,voltage_rolling_mean=230.658893;source_publish_interval=0.504068,,0.5355840548872948,9.537666803225875,10.093749966472387
2026-08-10T16:32:33.912643+00:00,measurement_drift_01,meter_01,483,none,none,none,none,none,none,0.9999946702899869,0.4839835103558116,0,,0,0,drift_not_confirmed,,voltage_rolling_mean=231.644142;source_publish_interval=0.504067,,1.9617502111941576,21.82758296839893,23.83491606451571
2026-08-10T16:32:33.936851+00:00,measurement_drift_01,meter_02,483,none,none,none,none,none,normal_drift,0.9999939959430426,0.44943877997372217,0,,1,0,collecting_candidates;drift_not_confirmed,voltage_rolling_mean,voltage_rolling_mean=233.237657;source_publish_interval=0.504068,voltage_rolling_mean,0.819833017885685,11.950040934607387,12.799249961972237
2026-08-10T16:32:33.949809+00:00,measurement_drift_01,meter_03,483,none,none,none,none,none,none,0.9999956487214989,0.45317544542352745,0,,0,0,drift_not_confirmed,,voltage_rolling_mean=230.658893;source_publish_interval=0.504068,,0.5789999850094318,9.687625104561448,10.290875099599361
2026-08-10T16:32:34.412714+00:00,measurement_drift_01,meter_01,484,none,none,none,none,none,none,0.9999957625061752,0.47101338135091814,0,,0,0,drift_not_confirmed,,voltage_rolling_mean=231.644142;source_publish_interval=0.504067,,1.9214998465031385,22.28179178200662,24.265083950012922
2026-08-10T16:32:34.437452+00:00,measurement_drift_01,meter_02,484,none,none,none,none,none,normal_drift,0.9999979518813181,0.47947649382134416,0,,1,0,collecting_candidates;drift_not_confirmed,voltage_rolling_mean,voltage_rolling_mean=233.237657;source_publish_interval=0.504068,voltage_rolling_mean,0.9437501430511475,12.287624878808856,13.260458828881383
2026-08-10T16:32:34.450879+00:00,measurement_drift_01,meter_03,484,none,none,none,none,none,none,0.9999984544921939,0.4568158615987627,0,,0,0,drift_not_confirmed,,voltage_rolling_mean=230.658893;source_publish_interval=0.504068,,0.5421249661594629,9.613832924515009,10.179041884839535
2026-08-10T16:32:34.917710+00:00,measurement_drift_01,meter_01,485,none,none,none,none,none,none,0.9999987711297773,0.5332135132359237,0,,0,0,drift_not_confirmed,,voltage_rolling_mean=231.644142;source_publish_interval=0.504067,,1.9689579494297504,20.435124868527055,22.440040949732065
2026-08-10T16:32:34.940522+00:00,measurement_drift_01,meter_02,485,none,none,none,none,none,normal_drift,0.9999619126007594,0.44145125438633853,0,,1,0,collecting_candidates;drift_not_confirmed,voltage_rolling_mean,voltage_rolling_mean=233.237657;source_publish_interval=0.504068,voltage_rolling_mean,0.779041089117527,11.93504105322063,12.73754215799272
2026-08-10T16:32:34.953382+00:00,measurement_drift_01,meter_03,485,none,none,none,none,none,none,0.9999872468544295,0.48537801065698244,0,,0,0,drift_not_confirmed,,voltage_rolling_mean=230.658893;source_publish_interval=0.504068,,0.5310410633683205,9.645290905609727,10.195541894063354
2026-08-10T16:32:35.422359+00:00,measurement_drift_01,meter_01,486,none,none,none,none,none,none,0.9999963888079689,0.43615210424995926,0,,0,0,drift_not_confirmed,,voltage_rolling_mean=231.644142;source_publish_interval=0.504067,,2.0243749022483826,22.043250035494566,24.139124900102615
2026-08-10T16:32:35.446967+00:00,measurement_drift_01,meter_02,486,none,none,none,none,none,normal_drift,0.9999972861908994,0.5409849972750745,0,,1,0,collecting_candidates;drift_not_confirmed,voltage_rolling_mean,voltage_rolling_mean=233.237657;source_publish_interval=0.504068,voltage_rolling_mean,0.9726670105010271,12.551874853670597,13.556082965806127
2026-08-10T16:32:35.460712+00:00,measurement_drift_01,meter_03,486,none,none,none,none,none,none,0.9999971980553358,0.48927771440360773,0,,0,0,drift_not_confirmed,,voltage_rolling_mean=230.658893;source_publish_interval=0.504068,,0.6033750250935555,9.853916941210628,10.478249983862042
2026-08-10T16:32:35.927046+00:00,measurement_drift_01,meter_01,487,none,none,none,none,none,none,0.9999991023668908,0.4926974230194099,0,,0,0,drift_not_confirmed,,voltage_rolling_mean=231.644142;source_publish_interval=0.504067,,0.9052080567926168,16.964875161647797,17.89883291348815
2026-08-10T16:32:35.945130+00:00,measurement_drift_01,meter_02,487,none,none,none,none,none,normal_drift,0.9999969973061685,0.4500996620299848,0,,1,1,drift_not_confirmed;reference_updated,voltage_rolling_mean,voltage_rolling_mean=232.237657;source_publish_interval=0.504068,voltage_rolling_mean,0.4330000374466181,6.462000077590346,6.915499921888113
2026-08-10T16:32:35.952167+00:00,measurement_drift_01,meter_03,487,none,none,none,none,none,none,0.9999993626065594,0.48563081409525993,0,,0,0,drift_not_confirmed,,voltage_rolling_mean=230.658893;source_publish_interval=0.504068,,0.3437921404838562,6.608792115002871,6.973916897550225
2026-08-10T16:32:36.430548+00:00,measurement_drift_01,meter_01,488,none,none,none,none,none,none,0.9999817199518883,0.5182803982054995,0,,0,0,drift_not_confirmed,,voltage_rolling_mean=231.644142;source_publish_interval=0.504067,,1.3571667950600386,22.100874921306968,23.530291160568595
2026-08-10T16:32:36.454516+00:00,measurement_drift_01,meter_02,488,none,none,none,none,none,normal_drift,0.9999955095277507,0.44063018909995055,0,,1,0,collecting_candidates;drift_not_confirmed,voltage_rolling_mean,voltage_rolling_mean=232.237657;source_publish_interval=0.504068,voltage_rolling_mean,1.0160838719457388,12.829957995563745,13.878833036869764
2026-08-10T16:32:36.468594+00:00,measurement_drift_01,meter_03,488,none,none,none,none,none,none,0.9999958101728251,0.5358500518417634,0,,0,0,drift_not_confirmed,,voltage_rolling_mean=230.658893;source_publish_interval=0.504068,,0.5893341731280088,9.823000058531761,10.43454185128212
2026-08-10T16:32:36.935896+00:00,measurement_drift_01,meter_01,489,none,none,none,none,none,none,0.9999940166761475,0.46886975825834015,0,,0,0,drift_not_confirmed,,voltage_rolling_mean=231.644142;source_publish_interval=0.504067,,2.426791936159134,18.92091683112085,21.38912514783442
2026-08-10T16:32:36.957695+00:00,measurement_drift_01,meter_02,489,none,none,none,none,none,normal_drift,0.9999993711115527,0.46962042921089814,0,,1,0,collecting_candidates;drift_not_confirmed,voltage_rolling_mean,voltage_rolling_mean=232.237657;source_publish_interval=0.504068,voltage_rolling_mean,0.7860839832574129,11.583290994167328,12.397374957799911
2026-08-10T16:32:36.970243+00:00,measurement_drift_01,meter_03,489,none,none,none,none,none,none,0.9999982565120582,0.4606011594617333,0,,0,0,drift_not_confirmed,,voltage_rolling_mean=230.658893;source_publish_interval=0.504068,,0.5262501072138548,9.356874972581863,9.903417201712728
2026-08-10T16:32:37.440860+00:00,measurement_drift_01,meter_01,490,none,none,none,none,none,none,0.9999975036918499,0.4645469989070536,0,,0,0,drift_not_confirmed,,voltage_rolling_mean=231.644142;source_publish_interval=0.504067,,2.529707970097661,18.757208017632365,21.333792014047503
2026-08-10T16:32:37.462598+00:00,measurement_drift_01,meter_02,490,none,none,none,none,none,normal_drift,0.9999976938267194,0.4552207621710645,0,,1,0,collecting_candidates;drift_not_confirmed,voltage_rolling_mean,voltage_rolling_mean=232.237657;source_publish_interval=0.504068,voltage_rolling_mean,0.8051248732954264,11.661791941151023,12.497166870161891
2026-08-10T16:32:37.475242+00:00,measurement_drift_01,meter_03,490,none,none,none,none,none,none,0.9999966003842928,0.45081271261728445,0,,0,0,drift_not_confirmed,,voltage_rolling_mean=230.658893;source_publish_interval=0.504068,,0.5216251593083143,9.56129189580679,10.10279101319611
2026-08-10T16:32:37.944850+00:00,measurement_drift_01,meter_01,491,none,none,none,none,none,none,0.9999981686303437,0.474384676556266,0,,0,0,drift_not_confirmed,,voltage_rolling_mean=231.644142;source_publish_interval=0.504067,,3.0184590723365545,19.492875086143613,22.54795888438821
2026-08-10T16:32:37.967811+00:00,measurement_drift_01,meter_02,491,none,none,none,none,none,normal_drift,0.9999980144016238,0.44622892823224963,0,,1,0,collecting_candidates;drift_not_confirmed,voltage_rolling_mean,voltage_rolling_mean=232.237657;source_publish_interval=0.504068,voltage_rolling_mean,0.7704170420765877,11.574500007554889,12.369416886940598
2026-08-10T16:32:37.980309+00:00,measurement_drift_01,meter_03,491,none,none,none,none,none,none,0.9999968855105795,0.47118551912503687,0,,0,0,drift_not_confirmed,,voltage_rolling_mean=230.658893;source_publish_interval=0.504068,,0.5069158505648375,9.42300003953278,9.949958184733987
2026-08-10T16:32:38.450430+00:00,measurement_drift_01,meter_01,492,none,none,none,none,none,none,0.9999989823672666,0.47101720734973046,0,,0,0,drift_not_confirmed,,voltage_rolling_mean=231.644142;source_publish_interval=0.504067,,2.0062089897692204,22.50995789654553,24.560916936025023
2026-08-10T16:32:38.475380+00:00,measurement_drift_01,meter_02,492,none,none,none,none,none,normal_drift,0.9999990497803365,0.44886764421316044,0,,1,0,collecting_candidates;drift_not_confirmed,voltage_rolling_mean,voltage_rolling_mean=232.237657;source_publish_interval=0.504068,voltage_rolling_mean,0.9255828335881233,12.044499861076474,12.997540878131986
2026-08-10T16:32:38.488528+00:00,measurement_drift_01,meter_03,492,none,none,none,none,none,none,0.9999961048891094,0.447037376683391,0,,0,0,drift_not_confirmed,,voltage_rolling_mean=230.658893;source_publish_interval=0.504068,,0.5252500995993614,9.556707926094532,10.102750035002828
2026-08-10T16:32:38.955490+00:00,measurement_drift_01,meter_01,493,none,none,none,none,none,none,0.9999965791089119,0.4597570646795551,0,,0,0,drift_not_confirmed,,voltage_rolling_mean=231.644142;source_publish_interval=0.504067,,2.169958082959056,22.140499902889132,24.349166080355644
2026-08-10T16:32:38.980206+00:00,measurement_drift_01,meter_02,493,none,none,none,none,none,normal_drift,0.9999973008015732,0.4994830687731621,0,,1,0,collecting_candidates;drift_not_confirmed,voltage_rolling_mean,voltage_rolling_mean=232.237657;source_publish_interval=0.504068,voltage_rolling_mean,0.8995411917567253,11.953582987189293,12.876834021881223
2026-08-10T16:32:38.993220+00:00,measurement_drift_01,meter_03,493,none,none,none,none,none,none,0.9999986513654773,0.5372657221676825,0,,0,0,drift_not_confirmed,,voltage_rolling_mean=230.658893;source_publish_interval=0.504068,,0.5204170010983944,9.535707999020815,10.07575006224215
2026-08-10T16:32:39.459007+00:00,measurement_drift_01,meter_01,494,none,none,none,none,none,none,0.9999961453190161,0.4358373355188687,0,,0,0,drift_not_confirmed,,voltage_rolling_mean=231.644142;source_publish_interval=0.504067,,2.1162910852581263,18.95495899952948,21.109333960339427
2026-08-10T16:32:39.480490+00:00,measurement_drift_01,meter_02,494,none,none,none,none,none,normal_drift,0.999998633072444,0.4427233186166995,0,,1,0,collecting_candidates;drift_not_confirmed,voltage_rolling_mean,voltage_rolling_mean=232.237657;source_publish_interval=0.504068,voltage_rolling_mean,0.7830411195755005,11.706250021234155,12.512999819591641
2026-08-10T16:32:39.493130+00:00,measurement_drift_01,meter_03,494,none,none,none,none,none,none,0.9999982181446299,0.5213780404863885,0,,0,0,drift_not_confirmed,,voltage_rolling_mean=230.658893;source_publish_interval=0.504068,,0.5259590689092875,9.588916087523103,10.13616705313325
2026-08-10T16:32:39.961303+00:00,measurement_drift_01,meter_01,495,none,none,none,none,none,none,0.999997787971996,0.4626343572517942,0,,0,0,drift_not_confirmed,,voltage_rolling_mean=231.644142;source_publish_interval=0.504067,,2.065500011667609,21.87754213809967,23.981999838724732
2026-08-10T16:32:39.985598+00:00,measurement_drift_01,meter_02,495,none,none,none,none,none,normal_drift,0.9999991564632443,0.465164540634506,0,,1,0,collecting_candidates;drift_not_confirmed,voltage_rolling_mean,voltage_rolling_mean=232.237657;source_publish_interval=0.504068,voltage_rolling_mean,0.8850418962538242,11.957625159993768,12.867999961599708
2026-08-10T16:32:39.998591+00:00,measurement_drift_01,meter_03,495,none,none,none,none,none,none,0.9999952969242389,0.44147811311841,0,,0,0,drift_not_confirmed,,voltage_rolling_mean=230.658893;source_publish_interval=0.504068,,0.5379170179367065,9.470834163948894,10.027833050116897
2026-08-10T16:32:40.465644+00:00,measurement_drift_01,meter_01,496,none,none,none,none,none,none,0.9999978125802995,0.4375055301119933,0,,0,0,drift_not_confirmed,,voltage_rolling_mean=231.644142;source_publish_interval=0.504067,,2.0141659770160913,22.13541604578495,24.184666806831956
2026-08-10T16:32:40.490120+00:00,measurement_drift_01,meter_02,496,none,none,none,none,none,normal_drift,0.9999832279960018,0.49766729627908135,0,,1,0,collecting_candidates;drift_not_confirmed,voltage_rolling_mean,voltage_rolling_mean=232.237657;source_publish_interval=0.504068,voltage_rolling_mean,0.8988750632852316,11.934166075661778,12.85675005055964
2026-08-10T16:32:40.503086+00:00,measurement_drift_01,meter_03,496,none,none,none,none,none,none,0.9999957551927463,0.4376199320954589,0,,0,0,drift_not_confirmed,,voltage_rolling_mean=230.658893;source_publish_interval=0.504068,,0.502666924148798,9.63200000114739,10.153166949748993
2026-08-10T16:32:40.970586+00:00,measurement_drift_01,meter_01,497,none,none,none,none,none,none,0.9999981653362187,0.5101703640465193,0,,0,0,drift_not_confirmed,,voltage_rolling_mean=231.644142;source_publish_interval=0.504067,,2.5413748808205128,20.583082921802998,23.1583749409765
2026-08-10T16:32:40.994119+00:00,measurement_drift_01,meter_02,497,none,none,none,none,none,normal_drift,0.999993857110774,0.4520566562244625,0,,1,0,collecting_candidates;drift_not_confirmed,voltage_rolling_mean,voltage_rolling_mean=232.237657;source_publish_interval=0.504068,voltage_rolling_mean,0.7785409688949585,11.929000029340386,12.731458991765976
2026-08-10T16:32:41.006965+00:00,measurement_drift_01,meter_03,497,none,none,none,none,none,none,0.9999867617590901,0.4940978278734675,0,,0,0,drift_not_confirmed,,voltage_rolling_mean=230.658893;source_publish_interval=0.504068,,0.5466670263558626,9.52237518504262,10.087250033393502
2026-08-10T16:32:41.475811+00:00,measurement_drift_01,meter_01,498,none,none,none,unknown,unknown,unknown,0.999998913760836,0.6374368118705153,0,,0,0,drift_not_confirmed,,voltage_rolling_mean=231.644142;source_publish_interval=0.504067,,2.505792072042823,21.536082960665226,24.082666961476207
2026-08-10T16:32:41.500304+00:00,measurement_drift_01,meter_02,498,none,none,none,none,none,normal_drift,0.9999935924101896,0.4664766135098607,1,voltage_rolling_mean,1,0,collecting_candidates;drift_not_confirmed,voltage_rolling_mean,voltage_rolling_mean=232.237657;source_publish_interval=0.504068,voltage_rolling_mean,0.8915001526474953,11.83841610327363,12.756832875311375
2026-08-10T16:32:41.513184+00:00,measurement_drift_01,meter_03,498,none,none,none,none,none,none,0.9999888548326556,0.4500871972992348,0,,0,0,drift_not_confirmed,,voltage_rolling_mean=230.658893;source_publish_interval=0.504068,,0.5096250679343939,9.475083090364933,10.004749987274408
2026-08-10T16:32:41.977577+00:00,measurement_drift_01,meter_01,499,none,none,none,none,none,none,0.9999979063807055,0.537170918136733,0,,0,0,drift_not_confirmed,,voltage_rolling_mean=231.644142;source_publish_interval=0.504067,,3.6191248800605536,19.529292127117515,23.18270900286734
2026-08-10T16:32:42.001134+00:00,measurement_drift_01,meter_02,499,none,none,none,none,none,normal_drift,0.9999987467301913,0.4418682043253426,0,,1,0,collecting_candidates;drift_not_confirmed,voltage_rolling_mean,voltage_rolling_mean=232.237657;source_publish_interval=0.504068,voltage_rolling_mean,0.7646249141544104,11.415125103667378,12.201334116980433
2026-08-10T16:32:42.013432+00:00,measurement_drift_01,meter_03,499,none,none,none,none,none,none,0.9999962903811913,0.4427950538785071,0,,0,0,drift_not_confirmed,,voltage_rolling_mean=230.658893;source_publish_interval=0.504068,,0.503291841596365,9.449959034100175,9.971374878659844
2026-08-10T16:32:42.482728+00:00,measurement_drift_01,meter_01,500,none,none,none,none,none,none,0.999997021271229,0.4688353102642986,0,,0,0,drift_not_confirmed,,voltage_rolling_mean=231.644142;source_publish_interval=0.504067,,2.013874938711524,21.227458026260138,23.283041082322598
2026-08-10T16:32:42.506409+00:00,measurement_drift_01,meter_02,500,none,none,none,none,none,normal_drift,0.9999980940421964,0.44714083098331897,0,,1,0,collecting_candidates;drift_not_confirmed,voltage_rolling_mean,voltage_rolling_mean=232.237657;source_publish_interval=0.504068,voltage_rolling_mean,0.8145838510245085,11.822875123471022,12.661749962717295
2026-08-10T16:32:42.519210+00:00,measurement_drift_01,meter_03,500,none,none,none,none,none,none,0.9999986727806407,0.4843646291832144,0,,0,0,drift_not_confirmed,,voltage_rolling_mean=230.658893;source_publish_interval=0.504068,,0.5182921886444092,9.483791887760162,10.021291906014085
2026-08-10T16:32:42.984544+00:00,measurement_drift_01,meter_01,501,none,none,none,none,none,none,0.9999988979838285,0.5197469828510624,0,,0,0,drift_not_confirmed,,voltage_rolling_mean=231.644142;source_publish_interval=0.504067,,2.2512502036988735,18.85116589255631,21.13416721113026
2026-08-10T16:32:43.006046+00:00,measurement_drift_01,meter_02,501,none,none,none,none,none,normal_drift,0.9999942448290093,0.5393061510038643,0,,1,0,collecting_candidates;drift_not_confirmed,voltage_rolling_mean,voltage_rolling_mean=232.237657;source_publish_interval=0.504068,voltage_rolling_mean,0.7628339808434248,11.795624857768416,12.580417096614838
2026-08-10T16:32:43.018732+00:00,measurement_drift_01,meter_03,501,none,none,none,none,none,none,0.9999953988309369,0.43806085553282886,0,,0,0,drift_not_confirmed,,voltage_rolling_mean=230.658893;source_publish_interval=0.504068,,0.5077500827610493,9.433083003386855,9.95966698974371
2026-08-10T16:32:43.488730+00:00,measurement_drift_01,meter_01,502,none,none,none,none,none,none,0.9999926484186021,0.48726830069966615,0,,0,0,drift_not_confirmed,,voltage_rolling_mean=231.644142;source_publish_interval=0.504067,,2.584707923233509,22.51479192636907,25.141665944829583
2026-08-10T16:32:43.514272+00:00,measurement_drift_01,meter_02,502,none,none,none,none,none,normal_drift,0.9999923600787679,0.45756316443446293,0,,1,0,collecting_candidates;drift_not_confirmed,voltage_rolling_mean,voltage_rolling_mean=232.237657;source_publish_interval=0.504068,voltage_rolling_mean,0.7828339003026485,11.756374966353178,12.56554201245308
2026-08-10T16:32:43.526956+00:00,measurement_drift_01,meter_03,502,none,none,none,none,none,none,0.9999669841323223,0.4354194526458026,0,,0,0,drift_not_confirmed,,voltage_rolling_mean=230.658893;source_publish_interval=0.504068,,0.5551660433411598,9.483458008617163,10.058500105515122
2026-08-10T16:32:43.989568+00:00,measurement_drift_01,meter_01,503,none,none,none,none,none,none,0.9999948485996001,0.4404768283662114,0,,0,0,drift_not_confirmed,,voltage_rolling_mean=231.644142;source_publish_interval=0.504067,,2.048166934400797,21.81841596029699,23.903375025838614
2026-08-10T16:32:44.013784+00:00,measurement_drift_01,meter_02,503,none,none,none,none,none,normal_drift,0.99999898247081,0.4503694359907321,0,,1,0,collecting_candidates;drift_not_confirmed,voltage_rolling_mean,voltage_rolling_mean=232.237657;source_publish_interval=0.504068,voltage_rolling_mean,0.7650421466678381,12.04091589897871,12.830917024984956
2026-08-10T16:32:44.026738+00:00,measurement_drift_01,meter_03,503,none,none,none,none,none,none,0.9999953606487153,0.4535648618761124,0,,0,0,drift_not_confirmed,,voltage_rolling_mean=230.658893;source_publish_interval=0.504068,,0.576582970097661,9.53937484882772,10.134541895240545
2026-08-10T16:32:44.494197+00:00,measurement_drift_01,meter_01,504,none,none,none,none,none,none,0.9999942229038392,0.5464086447240784,0,,0,0,drift_not_confirmed,,voltage_rolling_mean=231.644142;source_publish_interval=0.504067,,2.1423748694360256,18.935709027573466,21.118707954883575
2026-08-10T16:32:44.515722+00:00,measurement_drift_01,meter_02,504,none,none,none,none,none,normal_drift,0.9999985752657615,0.4968986274992774,0,,1,0,collecting_candidates;drift_not_confirmed,voltage_rolling_mean,voltage_rolling_mean=232.237657;source_publish_interval=0.504068,voltage_rolling_mean,0.7640840485692024,11.58641604706645,12.373083038255572
2026-08-10T16:32:44.528211+00:00,measurement_drift_01,meter_03,504,none,none,none,none,none,none,0.9999914830585537,0.4787990451225209,0,,0,0,drift_not_confirmed,,voltage_rolling_mean=230.658893;source_publish_interval=0.504068,,0.5367498379200697,9.380124974995852,9.935625130310655
2026-08-10T16:32:44.999544+00:00,measurement_drift_01,meter_01,505,none,none,none,none,none,none,0.9999976026524836,0.44571311435029987,0,,0,0,drift_not_confirmed,,voltage_rolling_mean=231.644142;source_publish_interval=0.504067,,2.4991671089082956,19.671207992359996,22.2055830527097
2026-08-10T16:32:45.022124+00:00,measurement_drift_01,meter_02,505,none,none,none,none,none,normal_drift,0.9999839414402281,0.46325706537261685,0,,1,0,collecting_candidates;drift_not_confirmed,voltage_rolling_mean,voltage_rolling_mean=232.237657;source_publish_interval=0.504068,voltage_rolling_mean,0.7636251393705606,11.598542099818587,12.385166017338634
2026-08-10T16:32:45.034622+00:00,measurement_drift_01,meter_03,505,none,none,none,none,none,none,0.9999964816848996,0.4558850378266376,0,,0,0,drift_not_confirmed,,voltage_rolling_mean=230.658893;source_publish_interval=0.504068,,0.5272089038044214,9.457333013415337,10.005957912653685
2026-08-10T16:32:45.504312+00:00,measurement_drift_01,meter_01,506,none,none,none,none,none,none,0.9999983336885677,0.4506943186463367,0,,0,0,drift_not_confirmed,,voltage_rolling_mean=231.644142;source_publish_interval=0.504067,,2.3975421208888292,20.608332939445972,23.046334041282535
2026-08-10T16:32:45.527786+00:00,measurement_drift_01,meter_02,506,none,none,none,none,none,normal_drift,0.9999951644434212,0.44490807361571005,0,,1,0,collecting_candidates;drift_not_confirmed,voltage_rolling_mean,voltage_rolling_mean=232.237657;source_publish_interval=0.504068,voltage_rolling_mean,0.7550420705229044,11.71274995431304,12.49229209497571
2026-08-10T16:32:45.540403+00:00,measurement_drift_01,meter_03,506,none,none,none,none,none,none,0.9999975507407025,0.5834723367789875,0,,0,0,drift_not_confirmed,,voltage_rolling_mean=230.658893;source_publish_interval=0.504068,,0.5764998495578766,9.463832946494222,10.058833053335547
2026-08-10T16:32:46.008088+00:00,measurement_drift_01,meter_01,507,none,none,none,none,none,none,0.9999974416431563,0.44282340412653287,0,,0,0,drift_not_confirmed,,voltage_rolling_mean=231.644142;source_publish_interval=0.504067,,2.001791959628463,21.893166936933994,23.935750126838684
2026-08-10T16:32:46.032350+00:00,measurement_drift_01,meter_02,507,none,none,none,none,none,normal_drift,0.9999981252680631,0.47766829593241944,0,,1,1,drift_not_confirmed;reference_updated,voltage_rolling_mean,voltage_rolling_mean=232.024702;source_publish_interval=0.504068,voltage_rolling_mean,0.8462918922305107,12.059666914865375,12.933915946632624
2026-08-10T16:32:46.045417+00:00,measurement_drift_01,meter_03,507,none,none,none,none,none,none,0.9999963617222042,0.44029084775960947,0,,0,0,drift_not_confirmed,,voltage_rolling_mean=230.658893;source_publish_interval=0.504068,,0.553457997739315,9.542542044073343,10.118250036612153
2026-08-10T16:32:46.510556+00:00,measurement_drift_01,meter_01,508,none,none,none,none,none,none,0.9999951541035976,0.45955640144707904,0,,0,0,drift_not_confirmed,,voltage_rolling_mean=231.644142;source_publish_interval=0.504067,,2.437375020235777,23.078916128724813,25.56112501770258
2026-08-10T16:32:46.536576+00:00,measurement_drift_01,meter_02,508,none,none,none,none,none,normal_drift,0.9999992451814206,0.4924181039119075,0,,1,0,collecting_candidates;drift_not_confirmed,voltage_rolling_mean,voltage_rolling_mean=232.024702;source_publish_interval=0.504068,voltage_rolling_mean,0.8977910038083792,12.173250084742904,13.096209149807692
2026-08-10T16:32:46.549838+00:00,measurement_drift_01,meter_03,508,none,none,none,none,none,none,0.9999939343499462,0.4438863650529926,0,,0,0,drift_not_confirmed,,voltage_rolling_mean=230.658893;source_publish_interval=0.504068,,0.5304589867591858,9.53854201361537,10.088541777804494
2026-08-10T16:32:47.015319+00:00,measurement_drift_01,meter_01,509,none,none,none,none,none,none,0.999998510131627,0.45273061438963325,0,,0,0,drift_not_confirmed,,voltage_rolling_mean=231.644142;source_publish_interval=0.504067,,1.3747911434620619,21.42699994146824,22.854333044961095
2026-08-10T16:32:47.038544+00:00,measurement_drift_01,meter_02,509,none,none,none,none,none,normal_drift,0.9999987976959728,0.4450481684060614,0,,1,0,collecting_candidates;drift_not_confirmed,voltage_rolling_mean,voltage_rolling_mean=232.024702;source_publish_interval=0.504068,voltage_rolling_mean,0.9033749811351299,13.22591700591147,14.157833065837622
2026-08-10T16:32:47.052863+00:00,measurement_drift_01,meter_03,509,none,none,none,none,none,none,0.999998151824139,0.4802601636758859,0,,0,0,drift_not_confirmed,,voltage_rolling_mean=230.658893;source_publish_interval=0.504068,,0.597833888605237,10.119999991729856,10.738749988377094
2026-08-10T16:32:47.517986+00:00,measurement_drift_01,meter_01,510,none,none,none,none,none,none,0.999998484863888,0.47489800123548637,0,,0,0,drift_not_confirmed,,voltage_rolling_mean=231.644142;source_publish_interval=0.504067,,2.801958005875349,19.75841703824699,22.597874980419874
2026-08-10T16:32:47.540976+00:00,measurement_drift_01,meter_02,510,none,none,none,none,none,normal_drift,0.9999988409138177,0.48055458975482546,0,,1,0,collecting_candidates;drift_not_confirmed,voltage_rolling_mean,voltage_rolling_mean=232.024702;source_publish_interval=0.504068,voltage_rolling_mean,0.7247498724609613,11.742833070456982,12.493749847635627
2026-08-10T16:32:47.553595+00:00,measurement_drift_01,meter_03,510,none,none,none,none,none,none,0.9999985410277806,0.4404710866602235,0,,0,0,drift_not_confirmed,,voltage_rolling_mean=230.658893;source_publish_interval=0.504068,,0.5803748499602079,9.521625004708767,10.121958097442985
2026-08-10T16:32:48.023115+00:00,measurement_drift_01,meter_01,511,none,none,none,none,none,none,0.9999916530446491,0.44865261259622086,0,,0,0,drift_not_confirmed,,voltage_rolling_mean=231.644142;source_publish_interval=0.504067,,1.5972079709172249,22.432083962485194,24.068749975413084
2026-08-10T16:32:48.047456+00:00,measurement_drift_01,meter_02,511,none,none,none,none,none,normal_drift,0.9999988881264491,0.44773576078340727,0,,1,0,collecting_candidates;drift_not_confirmed,voltage_rolling_mean,voltage_rolling_mean=232.024702;source_publish_interval=0.504068,voltage_rolling_mean,0.8309581317007542,11.986624915152788,12.842750176787376
2026-08-10T16:32:48.060432+00:00,measurement_drift_01,meter_03,511,none,none,none,none,none,none,0.999995904452155,0.44135051513331847,0,,0,0,drift_not_confirmed,,voltage_rolling_mean=230.658893;source_publish_interval=0.504068,,0.554666155949235,9.486832888796926,10.060375090688467
2026-08-10T16:32:48.528427+00:00,measurement_drift_01,meter_01,512,none,none,none,none,none,none,0.9999935807388157,0.552431152292477,0,,0,0,drift_not_confirmed,,voltage_rolling_mean=231.644142;source_publish_interval=0.504067,,2.4790000170469284,21.75641688518226,24.27137503400445
2026-08-10T16:32:48.553114+00:00,measurement_drift_01,meter_02,512,none,none,none,none,none,normal_drift,0.9999961103231563,0.5554570790661594,0,,1,0,collecting_candidates;drift_not_confirmed,voltage_rolling_mean,voltage_rolling_mean=232.024702;source_publish_interval=0.504068,voltage_rolling_mean,0.7801670581102371,11.911208974197507,12.713833013549447
2026-08-10T16:32:48.565958+00:00,measurement_drift_01,meter_03,512,none,none,none,none,none,none,0.9999985185832111,0.4783266755220974,0,,0,0,drift_not_confirmed,,voltage_rolling_mean=230.658893;source_publish_interval=0.504068,,0.5334168672561646,9.520665975287557,10.072917211800814
2026-08-10T16:32:49.029596+00:00,measurement_drift_01,meter_01,513,none,none,none,none,none,none,0.9999989122799314,0.4523357239378297,0,,0,0,drift_not_confirmed,,voltage_rolling_mean=231.644142;source_publish_interval=0.504067,,1.3864580541849136,20.762000000104308,22.18670886941254
2026-08-10T16:32:49.052080+00:00,measurement_drift_01,meter_02,513,none,none,none,none,none,normal_drift,0.9999967280488975,0.4557925565759794,0,,1,0,collecting_candidates;drift_not_confirmed,voltage_rolling_mean,voltage_rolling_mean=232.024702;source_publish_interval=0.504068,voltage_rolling_mean,0.8684999775141478,12.849583057686687,13.743458082899451
2026-08-10T16:32:49.065963+00:00,measurement_drift_01,meter_03,513,none,none,none,none,none,none,0.9999975766213286,0.5093253270012732,0,,0,0,drift_not_confirmed,,voltage_rolling_mean=230.658893;source_publish_interval=0.504068,,0.6080421153455973,10.292042046785355,10.918417014181614
2026-08-10T16:32:49.535876+00:00,measurement_drift_01,meter_01,514,none,none,none,none,none,none,0.9999992428348976,0.5035821253268898,0,,0,0,drift_not_confirmed,,voltage_rolling_mean=231.644142;source_publish_interval=0.504067,,2.0018750801682472,22.40204089321196,24.44187505170703
2026-08-10T16:32:49.560972+00:00,measurement_drift_01,meter_02,514,none,none,none,none,none,normal_drift,0.9999967790587386,0.43441251383407814,0,,1,0,collecting_candidates;drift_not_confirmed,voltage_rolling_mean,voltage_rolling_mean=232.024702;source_publish_interval=0.504068,voltage_rolling_mean,0.8478329982608557,11.938292067497969,12.809291947633028
2026-08-10T16:32:49.573904+00:00,measurement_drift_01,meter_03,514,none,none,none,none,none,none,0.9999978948265715,0.4721523343462193,0,,0,0,drift_not_confirmed,,voltage_rolling_mean=230.658893;source_publish_interval=0.504068,,0.5235827993601561,9.668082930147648,10.211165994405746
2026-08-10T16:32:50.038847+00:00,measurement_drift_01,meter_01,515,none,none,none,none,none,none,0.999999412144256,0.4611408017537228,0,,0,0,drift_not_confirmed,,voltage_rolling_mean=231.644142;source_publish_interval=0.504067,,1.3571251183748245,21.663707913830876,23.06945901364088
2026-08-10T16:32:50.062262+00:00,measurement_drift_01,meter_02,515,none,none,none,none,none,normal_drift,0.9999983851743364,0.4518333545774422,0,,1,0,collecting_candidates;drift_not_confirmed,voltage_rolling_mean,voltage_rolling_mean=232.024702;source_publish_interval=0.504068,voltage_rolling_mean,0.9475841652601957,13.41020897962153,14.386792201548815
2026-08-10T16:32:50.076815+00:00,measurement_drift_01,meter_03,515,none,none,none,none,none,none,0.9999972768480385,0.47598786895926143,0,,0,0,drift_not_confirmed,,voltage_rolling_mean=230.658893;source_publish_interval=0.504068,,0.6005831528455019,10.019499808549881,10.641124797984958
2026-08-10T16:32:50.544791+00:00,measurement_drift_01,meter_01,516,none,none,none,none,none,none,0.9999996263314521,0.5366008702802695,0,,0,0,drift_not_confirmed,,voltage_rolling_mean=231.644142;source_publish_interval=0.504067,,2.219083020463586,22.260958096012473,24.51887517236173
2026-08-10T16:32:50.569667+00:00,measurement_drift_01,meter_02,516,none,none,none,none,none,normal_drift,0.9999986453131069,0.478652502237509,0,,1,0,collecting_candidates;drift_not_confirmed,voltage_rolling_mean,voltage_rolling_mean=232.024702;source_publish_interval=0.504068,voltage_rolling_mean,0.8337500039488077,12.220041127875447,13.08099995367229
2026-08-10T16:32:50.582871+00:00,measurement_drift_01,meter_03,516,none,none,none,none,none,none,0.999996726132797,0.44555960087410196,0,,0,0,drift_not_confirmed,,voltage_rolling_mean=230.658893;source_publish_interval=0.504068,,0.5858330987393856,9.972833096981049,10.579874971881509
2026-08-10T16:32:51.049164+00:00,measurement_drift_01,meter_01,517,none,none,none,none,none,none,0.9999974732683036,0.4661728010070935,0,,0,0,drift_not_confirmed,,voltage_rolling_mean=231.644142;source_publish_interval=0.504067,,2.165874931961298,22.0810838509351,24.284500163048506
2026-08-10T16:32:51.073783+00:00,measurement_drift_01,meter_02,517,none,none,none,none,none,normal_drift,0.9999990183422038,0.4398082910261103,0,,1,0,collecting_candidates;drift_not_confirmed,voltage_rolling_mean,voltage_rolling_mean=232.024702;source_publish_interval=0.504068,voltage_rolling_mean,0.8419579826295376,12.277292087674141,13.145166914910078
2026-08-10T16:32:51.087058+00:00,measurement_drift_01,meter_03,517,none,none,none,none,none,none,0.999984894676141,0.4375805109961789,0,,0,0,drift_not_confirmed,,voltage_rolling_mean=230.658893;source_publish_interval=0.504068,,0.584250083193183,9.838375030085444,10.441791964694858
2026-08-10T16:32:51.553751+00:00,measurement_drift_01,meter_01,518,none,none,none,none,none,none,0.9999990967726198,0.4635099741386751,0,,0,0,drift_not_confirmed,,voltage_rolling_mean=231.644142;source_publish_interval=0.504067,,1.3200000394135714,21.079542115330696,22.433541947975755
2026-08-10T16:32:51.576447+00:00,measurement_drift_01,meter_02,518,none,none,none,none,none,normal_drift,0.999998619045848,0.4540715567745369,0,,1,0,collecting_candidates;drift_not_confirmed,voltage_rolling_mean,voltage_rolling_mean=232.024702;source_publish_interval=0.504068,voltage_rolling_mean,0.8307499811053276,13.247041963040829,14.101875014603138
2026-08-10T16:32:51.590660+00:00,measurement_drift_01,meter_03,518,none,none,none,none,none,none,0.9999935273550884,0.5266089668605419,0,,0,0,drift_not_confirmed,,voltage_rolling_mean=230.658893;source_publish_interval=0.504068,,0.616749981418252,10.099834064021707,10.73549990542233
2026-08-10T16:32:52.059471+00:00,measurement_drift_01,meter_01,519,none,none,none,none,none,none,0.9999994082262318,0.48013788061933993,0,,0,0,drift_not_confirmed,,voltage_rolling_mean=231.644142;source_publish_interval=0.504067,,2.0748749375343323,21.947875153273344,24.055459070950747
2026-08-10T16:32:52.083831+00:00,measurement_drift_01,meter_02,519,none,none,none,none,none,normal_drift,0.9999991498983464,0.44719542517346694,0,,1,0,collecting_candidates;drift_not_confirmed,voltage_rolling_mean,voltage_rolling_mean=232.024702;source_publish_interval=0.504068,voltage_rolling_mean,0.7131248712539673,11.87633303925395,12.613791972398758
2026-08-10T16:32:52.096562+00:00,measurement_drift_01,meter_03,519,none,none,none,none,none,none,0.9999906566687564,0.4352314157750709,0,,0,0,drift_not_confirmed,,voltage_rolling_mean=230.658893;source_publish_interval=0.504068,,0.5916671361774206,9.477874962612987,10.088040959089994
2026-08-10T16:32:52.564601+00:00,measurement_drift_01,meter_01,520,none,none,none,none,none,none,0.9999448089029142,0.5694703013426892,0,,0,0,drift_not_confirmed,,voltage_rolling_mean=231.644142;source_publish_interval=0.504067,,1.978792017325759,22.242125123739243,24.2551660630852
2026-08-10T16:32:52.589151+00:00,measurement_drift_01,meter_02,520,none,none,none,none,none,normal_drift,0.9999968333760172,0.47394867202971785,0,,1,0,collecting_candidates;drift_not_confirmed,voltage_rolling_mean,voltage_rolling_mean=232.024702;source_publish_interval=0.504068,voltage_rolling_mean,0.8194590918719769,11.797833954915404,12.641625013202429
2026-08-10T16:32:52.601914+00:00,measurement_drift_01,meter_03,520,none,none,none,none,none,none,0.999995981377919,0.4468594949994274,0,,0,0,drift_not_confirmed,,voltage_rolling_mean=230.658893;source_publish_interval=0.504068,,0.5385410040616989,9.46441711857915,10.021459078416228
2026-08-10T16:32:53.067249+00:00,measurement_drift_01,meter_01,521,none,none,none,none,none,none,0.9999994098358124,0.4941154837352047,0,,0,0,drift_not_confirmed,,voltage_rolling_mean=231.644142;source_publish_interval=0.504067,,2.3933330085128546,22.893790854141116,25.336333084851503
2026-08-10T16:32:53.093002+00:00,measurement_drift_01,meter_02,521,none,none,none,none,none,normal_drift,0.9999938622638826,0.470306026083468,0,,1,0,collecting_candidates;drift_not_confirmed,voltage_rolling_mean,voltage_rolling_mean=232.024702;source_publish_interval=0.504068,voltage_rolling_mean,0.8792919106781483,12.017332948744297,12.926290975883603
2026-08-10T16:32:53.106084+00:00,measurement_drift_01,meter_03,521,none,none,none,none,none,none,0.9999972194953181,0.43636659432327485,0,,0,0,drift_not_confirmed,,voltage_rolling_mean=230.658893;source_publish_interval=0.504068,,0.5476661026477814,9.54300002194941,10.111832991242409
2026-08-10T16:32:53.572536+00:00,measurement_drift_01,meter_01,522,none,none,none,none,none,none,0.9999996147568654,0.45865326430982944,0,,0,0,drift_not_confirmed,,voltage_rolling_mean=231.644142;source_publish_interval=0.504067,,2.151832915842533,21.92045794799924,24.11070908419788
2026-08-10T16:32:53.597060+00:00,measurement_drift_01,meter_02,522,none,none,none,none,none,normal_drift,0.9999978248523052,0.43650417342320486,0,,1,0,collecting_candidates;drift_not_confirmed,voltage_rolling_mean,voltage_rolling_mean=232.024702;source_publish_interval=0.504068,voltage_rolling_mean,0.7140419911593199,11.857250006869435,12.596915941685438
2026-08-10T16:32:53.609785+00:00,measurement_drift_01,meter_03,522,none,none,none,none,none,none,0.9999950950931366,0.49485145781371664,0,,0,0,drift_not_confirmed,,voltage_rolling_mean=230.658893;source_publish_interval=0.504068,,0.6060409359633923,9.543874999508262,10.168875101953745
2026-08-10T16:32:54.072746+00:00,measurement_drift_01,meter_01,523,none,none,none,none,none,none,0.9999997988204067,0.46627282791998115,0,,0,0,drift_not_confirmed,,voltage_rolling_mean=231.644142;source_publish_interval=0.504067,,2.2635417990386486,22.249375004321337,24.552457965910435
2026-08-10T16:32:54.097695+00:00,measurement_drift_01,meter_02,523,none,none,none,none,none,normal_drift,0.9999995488558072,0.4451902622172372,0,,1,0,collecting_candidates;drift_not_confirmed,voltage_rolling_mean,voltage_rolling_mean=232.024702;source_publish_interval=0.504068,voltage_rolling_mean,0.7329999934881926,12.13533291593194,12.894791085273027
2026-08-10T16:32:54.110728+00:00,measurement_drift_01,meter_03,523,none,none,none,none,none,none,0.9999923957756345,0.45032451693626196,0,,0,0,drift_not_confirmed,,voltage_rolling_mean=230.658893;source_publish_interval=0.504068,,0.5570000503212214,9.588249959051609,10.16495912335813
2026-08-10T16:32:54.577755+00:00,measurement_drift_01,meter_01,524,none,none,none,none,none,none,0.9999988175544572,0.46948330585328085,0,,0,0,drift_not_confirmed,,voltage_rolling_mean=231.644142;source_publish_interval=0.504067,,1.8220001365989447,22.641249932348728,24.530624970793724
2026-08-10T16:32:54.602675+00:00,measurement_drift_01,meter_02,524,none,none,none,none,none,normal_drift,0.999998011556305,0.4678024737825711,0,,1,0,collecting_candidates;drift_not_confirmed,voltage_rolling_mean,voltage_rolling_mean=232.024702;source_publish_interval=0.504068,voltage_rolling_mean,0.9153750725090504,12.121666921302676,13.065375154837966
2026-08-10T16:32:54.615924+00:00,measurement_drift_01,meter_03,524,none,none,none,none,none,none,0.9999971778287885,0.4989007559603262,0,,0,0,drift_not_confirmed,,voltage_rolling_mean=230.658893;source_publish_interval=0.504068,,0.5475829821079969,9.512124815955758,10.08029212243855
2026-08-10T16:32:55.082435+00:00,measurement_drift_01,meter_01,525,none,none,none,none,none,none,0.9999994630196508,0.45118929820041487,0,,0,0,drift_not_confirmed,,voltage_rolling_mean=231.644142;source_publish_interval=0.504067,,1.8745418637990952,21.662208018824458,23.573582991957664
2026-08-10T16:32:55.106308+00:00,measurement_drift_01,meter_02,525,none,none,none,none,none,normal_drift,0.9999992341531668,0.5415381735776883,0,,1,0,collecting_candidates;drift_not_confirmed,voltage_rolling_mean,voltage_rolling_mean=232.024702;source_publish_interval=0.504068,voltage_rolling_mean,0.7427921518683434,12.093540979549289,12.864957796409726
2026-08-10T16:32:55.119310+00:00,measurement_drift_01,meter_03,525,none,none,none,none,none,none,0.99999744954652,0.5123422682487524,0,,0,0,drift_not_confirmed,,voltage_rolling_mean=230.658893;source_publish_interval=0.504068,,0.5985000170767307,9.607083862647414,10.226417100057006
2026-08-10T16:32:55.584131+00:00,measurement_drift_01,meter_01,526,none,none,none,none,none,none,0.9999996738589461,0.5117894266229724,0,,0,0,drift_not_confirmed,,voltage_rolling_mean=231.644142;source_publish_interval=0.504067,,1.6127501148730516,21.67737507261336,23.339333944022655
2026-08-10T16:32:55.607784+00:00,measurement_drift_01,meter_02,526,none,none,none,none,none,normal_drift,0.999998167180573,0.43658829748857736,0,,1,0,collecting_candidates;drift_not_confirmed,voltage_rolling_mean,voltage_rolling_mean=232.024702;source_publish_interval=0.504068,voltage_rolling_mean,0.8877920918166637,12.980834115296602,13.899208977818489
2026-08-10T16:32:55.621867+00:00,measurement_drift_01,meter_03,526,none,none,none,none,none,none,0.9999859554052265,0.43842289237498455,0,,0,0,drift_not_confirmed,,voltage_rolling_mean=230.658893;source_publish_interval=0.504068,,0.6288751028478146,9.829374961555004,10.477625066414475
2026-08-10T16:32:56.086800+00:00,measurement_drift_01,meter_01,527,none,none,none,none,none,none,0.9999989869230044,0.4684908942876612,0,,0,0,drift_not_confirmed,,voltage_rolling_mean=231.644142;source_publish_interval=0.504067,,1.9364170730113983,21.912624826654792,23.885833099484444
2026-08-10T16:32:56.110998+00:00,measurement_drift_01,meter_02,527,none,none,none,none,none,normal_drift,0.999999031010789,0.4336527224492885,0,,1,1,drift_not_confirmed;reference_updated,voltage_rolling_mean,voltage_rolling_mean=231.806956;source_publish_interval=0.504068,voltage_rolling_mean,0.8238751906901598,12.055000057443976,12.90570804849267
2026-08-10T16:32:56.124022+00:00,measurement_drift_01,meter_03,527,none,none,none,none,none,none,0.9999844403312997,0.45365397472504615,0,,0,0,drift_not_confirmed,,voltage_rolling_mean=230.658893;source_publish_interval=0.504068,,0.5366669502109289,9.5529998652637,10.108709102496505
2026-08-10T16:32:56.591972+00:00,measurement_drift_01,meter_01,528,none,none,none,none,none,none,0.9999994596872472,0.5122935713642581,0,,0,0,drift_not_confirmed,,voltage_rolling_mean=231.644142;source_publish_interval=0.504067,,2.257334068417549,20.340000046417117,22.6283329539001
2026-08-10T16:32:56.614968+00:00,measurement_drift_01,meter_02,528,none,none,none,none,none,normal_drift,0.9999980101576773,0.4342701799647747,0,,1,0,collecting_candidates;drift_not_confirmed,voltage_rolling_mean,voltage_rolling_mean=231.806956;source_publish_interval=0.504068,voltage_rolling_mean,0.6817500106990337,11.71695813536644,12.42270809598267
2026-08-10T16:32:56.627508+00:00,measurement_drift_01,meter_03,528,none,none,none,none,none,none,0.9999632386562913,0.4815191372456544,0,,0,0,drift_not_confirmed,,voltage_rolling_mean=230.658893;source_publish_interval=0.504068,,0.5931670311838388,9.772999910637736,10.384583845734596
2026-08-10T16:32:57.097135+00:00,measurement_drift_01,meter_01,529,none,none,none,none,none,none,0.9999992280025698,0.445457856837442,0,,0,0,drift_not_confirmed,,voltage_rolling_mean=231.644142;source_publish_interval=0.504067,,2.1582909394055605,22.47087494470179,24.670874932780862
2026-08-10T16:32:57.122213+00:00,measurement_drift_01,meter_02,529,none,none,none,none,none,normal_drift,0.9999986757119359,0.46897785911518813,0,,1,0,collecting_candidates;drift_not_confirmed,voltage_rolling_mean,voltage_rolling_mean=231.806956;source_publish_interval=0.504068,voltage_rolling_mean,0.8601250592619181,12.026750016957521,12.91383313946426
2026-08-10T16:32:57.135254+00:00,measurement_drift_01,meter_03,529,none,none,none,none,none,none,0.9999895108287585,0.5594035431069622,0,,0,0,drift_not_confirmed,,voltage_rolling_mean=230.658893;source_publish_interval=0.504068,,0.5513341166079044,9.468666976317763,10.039916960522532
2026-08-10T16:32:57.602098+00:00,measurement_drift_01,meter_01,530,none,none,none,none,none,none,0.9999996499484363,0.4444891351423637,0,,0,0,drift_not_confirmed,,voltage_rolling_mean=231.644142;source_publish_interval=0.504067,,2.4134169798344374,20.893875043839216,23.342124884948134
2026-08-10T16:32:57.625814+00:00,measurement_drift_01,meter_02,530,none,none,none,none,none,normal_drift,0.9999991027883052,0.43402503655972025,0,,1,0,collecting_candidates;drift_not_confirmed,voltage_rolling_mean,voltage_rolling_mean=231.806956;source_publish_interval=0.504068,voltage_rolling_mean,0.7023748476058245,11.72441616654396,12.450499925762415
2026-08-10T16:32:57.638379+00:00,measurement_drift_01,meter_03,530,none,none,none,none,none,none,0.999971952533509,0.4500290911532629,0,,0,0,drift_not_confirmed,,voltage_rolling_mean=230.658893;source_publish_interval=0.504068,,0.5973749794065952,9.521415922790766,10.137041797861457
2026-08-10T16:32:58.102751+00:00,measurement_drift_01,meter_01,531,none,none,none,none,none,none,0.9999997841526027,0.44975716948640804,0,,0,0,drift_not_confirmed,,voltage_rolling_mean=231.644142;source_publish_interval=0.504067,,1.5026249457150698,21.85012516565621,23.391250055283308
2026-08-10T16:32:58.126436+00:00,measurement_drift_01,meter_02,531,none,none,none,none,none,normal_drift,0.9999965436354465,0.4473899153900952,0,,1,0,collecting_candidates;drift_not_confirmed,voltage_rolling_mean,voltage_rolling_mean=231.806956;source_publish_interval=0.504068,voltage_rolling_mean,0.8288328535854816,13.17445794120431,14.029624871909618
2026-08-10T16:32:58.140593+00:00,measurement_drift_01,meter_03,531,none,none,none,none,none,none,0.9999657955884688,0.4718193648267473,0,,0,0,drift_not_confirmed,,voltage_rolling_mean=230.658893;source_publish_interval=0.504068,,0.6038749124854803,9.847999783232808,10.47266717068851
2026-08-10T16:32:58.608416+00:00,measurement_drift_01,meter_01,532,none,none,none,none,none,none,0.9999995144638075,0.47595905074864553,0,,0,0,drift_not_confirmed,,voltage_rolling_mean=231.644142;source_publish_interval=0.504067,,2.4451250210404396,18.78708298318088,21.264582872390747
2026-08-10T16:32:58.630057+00:00,measurement_drift_01,meter_02,532,none,none,none,none,none,normal_drift,0.9999980999537439,0.5208119898984458,0,,1,0,collecting_candidates;drift_not_confirmed,voltage_rolling_mean,voltage_rolling_mean=231.806956;source_publish_interval=0.504068,voltage_rolling_mean,0.701290788128972,11.5406250115484,12.262916890904307
2026-08-10T16:32:58.642429+00:00,measurement_drift_01,meter_03,532,none,none,none,none,none,none,0.999993579726955,0.4943626940302055,0,,0,0,drift_not_confirmed,,voltage_rolling_mean=230.658893;source_publish_interval=0.504068,,0.5299579352140427,9.461791953071952,10.010208003222942
2026-08-10T16:32:59.111998+00:00,measurement_drift_01,meter_01,533,none,none,none,none,none,none,0.9999963802618547,0.4369635941718569,0,,0,0,drift_not_confirmed,,voltage_rolling_mean=231.644142;source_publish_interval=0.504067,,2.0132081117480993,21.84604201465845,23.898124927654862
2026-08-10T16:32:59.136227+00:00,measurement_drift_01,meter_02,533,none,none,none,none,none,normal_drift,0.9999965587145541,0.5161288778575506,0,,1,0,collecting_candidates;drift_not_confirmed,voltage_rolling_mean,voltage_rolling_mean=231.806956;source_publish_interval=0.504068,voltage_rolling_mean,0.7482499349862337,12.017665896564722,12.802541954442859
2026-08-10T16:32:59.149161+00:00,measurement_drift_01,meter_03,533,none,none,none,none,none,none,0.9999281122975711,0.45529840528042137,0,,0,0,drift_not_confirmed,,voltage_rolling_mean=230.658893;source_publish_interval=0.504068,,0.5450418684631586,9.567582979798317,10.131833143532276
2026-08-10T16:32:59.617032+00:00,measurement_drift_01,meter_01,534,none,none,none,none,none,none,0.9999993662192148,0.44083615061958076,0,,0,0,drift_not_confirmed,,voltage_rolling_mean=231.644142;source_publish_interval=0.504067,,2.441957825794816,22.975250147283077,25.450750021263957
2026-08-10T16:32:59.642804+00:00,measurement_drift_01,meter_02,534,none,none,none,none,none,normal_drift,0.9999968775078159,0.43445960495623387,0,,1,0,collecting_candidates;drift_not_confirmed,voltage_rolling_mean,voltage_rolling_mean=231.806956;source_publish_interval=0.504068,voltage_rolling_mean,0.8184590842574835,12.090333038941026,12.932749930769205
2026-08-10T16:32:59.655853+00:00,measurement_drift_01,meter_03,534,none,none,none,none,none,none,0.9999213247488045,0.45796717646964596,0,,0,0,drift_not_confirmed,,voltage_rolling_mean=230.658893;source_publish_interval=0.504068,,0.5788749549537897,9.515500161796808,10.112666059285402
2026-08-10T16:33:00.120035+00:00,measurement_drift_01,meter_01,535,none,none,none,none,none,none,0.9999998931114379,0.6080183245055201,0,,0,0,drift_not_confirmed,,voltage_rolling_mean=231.644142;source_publish_interval=0.504067,,1.388167031109333,21.0269580129534,22.458584047853947
2026-08-10T16:33:00.142774+00:00,measurement_drift_01,meter_02,535,none,none,none,none,none,normal_drift,0.9999977766222743,0.460142976943139,0,,1,0,collecting_candidates;drift_not_confirmed,voltage_rolling_mean,voltage_rolling_mean=231.806956;source_publish_interval=0.504068,voltage_rolling_mean,0.850750133395195,13.016792014241219,13.89483385719359
2026-08-10T16:33:00.156812+00:00,measurement_drift_01,meter_03,535,none,none,none,none,none,none,0.9999844521068789,0.4349613994146657,0,,0,0,drift_not_confirmed,,voltage_rolling_mean=230.658893;source_publish_interval=0.504068,,0.6456249393522739,10.174541966989636,10.841000126674771
2026-08-10T16:33:00.624235+00:00,measurement_drift_01,meter_01,536,none,none,none,none,none,none,0.9999996028133337,0.4979730634604156,0,,0,0,drift_not_confirmed,,voltage_rolling_mean=231.644142;source_publish_interval=0.504067,,2.6249161455780268,22.16862514615059,24.82820814475417
2026-08-10T16:33:00.649456+00:00,measurement_drift_01,meter_02,536,none,none,none,none,none,normal_drift,0.9999979867795002,0.46001254496007415,0,,1,0,collecting_candidates;drift_not_confirmed,voltage_rolling_mean,voltage_rolling_mean=231.806956;source_publish_interval=0.504068,voltage_rolling_mean,0.7103749085217714,12.045958079397678,12.781583005562425
2026-08-10T16:33:00.662351+00:00,measurement_drift_01,meter_03,536,none,none,none,none,none,none,0.9999352097401927,0.439301824180984,0,,0,0,drift_not_confirmed,,voltage_rolling_mean=230.658893;source_publish_interval=0.504068,,0.6010830402374268,9.46174981072545,10.081624845042825
2026-08-10T16:33:01.128630+00:00,measurement_drift_01,meter_01,537,none,none,none,none,none,none,0.9999994461603944,0.4406109788095517,0,,0,0,drift_not_confirmed,,voltage_rolling_mean=231.644142;source_publish_interval=0.504067,,1.6788330394774675,21.382665960118175,23.104292107746005
2026-08-10T16:33:01.152064+00:00,measurement_drift_01,meter_02,537,none,none,none,none,none,normal_drift,0.9999984043818575,0.48456151507350226,0,,1,0,collecting_candidates;drift_not_confirmed,voltage_rolling_mean,voltage_rolling_mean=231.806956;source_publish_interval=0.504068,voltage_rolling_mean,0.8668340742588043,13.057499891147017,13.954124879091978
2026-08-10T16:33:01.166149+00:00,measurement_drift_01,meter_03,537,none,none,none,unknown,unknown,unknown,0.9999928426260896,0.6417707735700835,0,,0,0,drift_not_confirmed,,voltage_rolling_mean=230.658893;source_publish_interval=0.504068,,0.6170000415295362,9.962000185623765,10.597374988719821
2026-08-10T16:33:01.633381+00:00,measurement_drift_01,meter_01,538,none,none,none,none,none,none,0.9999993181969925,0.45238408564781957,0,,0,0,drift_not_confirmed,,voltage_rolling_mean=231.644142;source_publish_interval=0.504067,,2.3659998551011086,19.51508317142725,21.909707924351096
2026-08-10T16:33:01.655645+00:00,measurement_drift_01,meter_02,538,none,none,none,none,none,normal_drift,0.9999979539813297,0.509627730984789,0,,1,0,collecting_candidates;drift_not_confirmed,voltage_rolling_mean,voltage_rolling_mean=231.806956;source_publish_interval=0.504068,voltage_rolling_mean,0.6844161543995142,11.725875083357096,12.433291878551245
2026-08-10T16:33:01.668175+00:00,measurement_drift_01,meter_03,538,none,none,none,none,none,none,0.9999603360274062,0.4401238380125319,0,,0,0,drift_not_confirmed,,voltage_rolling_mean=230.658893;source_publish_interval=0.504068,,0.514291925355792,9.606457781046629,10.140791069716215
2026-08-10T16:33:02.138425+00:00,measurement_drift_01,meter_01,539,none,none,none,none,none,none,0.9999996971906904,0.5059955642610784,0,,0,0,drift_not_confirmed,,voltage_rolling_mean=231.644142;source_publish_interval=0.504067,,2.0384578965604305,22.245415952056646,24.323666002601385
2026-08-10T16:33:02.163146+00:00,measurement_drift_01,meter_02,539,none,none,none,none,none,normal_drift,0.9999938335356108,0.46724248290746945,0,,1,0,collecting_candidates;drift_not_confirmed,voltage_rolling_mean,voltage_rolling_mean=231.806956;source_publish_interval=0.504068,voltage_rolling_mean,0.8366669062525034,12.008958961814642,12.87087518721819
2026-08-10T16:33:02.176141+00:00,measurement_drift_01,meter_03,539,none,none,none,none,none,none,0.9997652424502809,0.46783628574941094,0,,0,0,drift_not_confirmed,,voltage_rolling_mean=230.658893;source_publish_interval=0.504068,,0.5240829195827246,9.511624928563833,10.055124992504716
2026-08-10T16:33:02.640260+00:00,measurement_drift_01,meter_01,540,none,none,none,none,none,none,0.9999996706143194,0.4370821328845174,0,,0,0,drift_not_confirmed,,voltage_rolling_mean=231.644142;source_publish_interval=0.504067,,2.0520000252872705,23.24979193508625,25.338958017528057
2026-08-10T16:33:02.665900+00:00,measurement_drift_01,meter_02,540,none,none,none,none,none,normal_drift,0.9999957629700555,0.5264070771841746,0,,1,0,collecting_candidates;drift_not_confirmed,voltage_rolling_mean,voltage_rolling_mean=231.806956;source_publish_interval=0.504068,voltage_rolling_mean,0.8211249951273203,12.037500040605664,12.88475003093481
2026-08-10T16:33:02.678892+00:00,measurement_drift_01,meter_03,540,none,none,none,none,none,none,0.999945766649917,0.46218246852124495,0,,0,0,drift_not_confirmed,,voltage_rolling_mean=230.658893;source_publish_interval=0.504068,,0.5533329676836729,9.41699999384582,9.988208999857306
2026-08-10T16:33:03.145134+00:00,measurement_drift_01,meter_01,541,none,none,none,none,none,none,0.9999992507059093,0.4811895856576938,0,,0,0,drift_not_confirmed,,voltage_rolling_mean=231.644142;source_publish_interval=0.504067,,3.0691660940647125,22.55774987861514,25.668458780273795
2026-08-10T16:33:03.171226+00:00,measurement_drift_01,meter_02,541,none,none,none,none,none,normal_drift,0.9999773842781718,0.4672941026663273,0,,1,0,collecting_candidates;drift_not_confirmed,voltage_rolling_mean,voltage_rolling_mean=231.806956;source_publish_interval=0.504068,voltage_rolling_mean,0.8410830050706863,12.163874926045537,13.03154113702476
2026-08-10T16:33:03.184401+00:00,measurement_drift_01,meter_03,541,none,none,none,none,none,none,0.999930734713566,0.45457049268479144,0,,0,0,drift_not_confirmed,,voltage_rolling_mean=230.658893;source_publish_interval=0.504068,,0.5352918524295092,9.478624910116196,10.034000035375357
2026-08-10T16:33:03.648830+00:00,measurement_drift_01,meter_01,542,none,none,none,none,none,none,0.9999986007668357,0.5406984422430949,0,,0,0,drift_not_confirmed,,voltage_rolling_mean=231.644142;source_publish_interval=0.504067,,2.2141248919069767,21.664125146344304,23.91554182395339
2026-08-10T16:33:03.673056+00:00,measurement_drift_01,meter_02,542,none,none,none,none,none,normal_drift,0.9999938790641676,0.4361027247944765,0,,1,0,collecting_candidates;drift_not_confirmed,voltage_rolling_mean,voltage_rolling_mean=231.806956;source_publish_interval=0.504068,voltage_rolling_mean,0.7325829938054085,11.91325020045042,12.671541888266802
2026-08-10T16:33:03.685862+00:00,measurement_drift_01,meter_03,542,none,none,none,none,none,none,0.9999472485873843,0.45483853469302554,0,,0,0,drift_not_confirmed,,voltage_rolling_mean=230.658893;source_publish_interval=0.504068,,0.5845411214977503,9.560582926496863,10.163958184421062
2026-08-10T16:33:04.152428+00:00,measurement_drift_01,meter_01,543,none,none,none,none,none,none,0.9999983988771678,0.4699770662213988,0,,0,0,drift_not_confirmed,,voltage_rolling_mean=231.644142;source_publish_interval=0.504067,,2.1118749864399433,22.089459002017975,24.236958008259535
2026-08-10T16:33:04.176972+00:00,measurement_drift_01,meter_02,543,none,none,none,none,none,normal_drift,0.9999966184279196,0.4427606169014156,0,,1,0,collecting_candidates;drift_not_confirmed,voltage_rolling_mean,voltage_rolling_mean=231.806956;source_publish_interval=0.504068,voltage_rolling_mean,0.8315001614391804,11.96537516079843,12.821540934965014
2026-08-10T16:33:04.189908+00:00,measurement_drift_01,meter_03,543,none,none,none,none,none,none,0.9999442588688685,0.44945924042065416,0,,0,0,drift_not_confirmed,,voltage_rolling_mean=230.658893;source_publish_interval=0.504068,,0.5662080366164446,9.516166057437658,10.100499959662557
2026-08-10T16:33:04.655206+00:00,measurement_drift_01,meter_01,544,none,none,none,none,none,none,0.9999992104265129,0.43519280403382743,0,,0,0,drift_not_confirmed,,voltage_rolling_mean=231.644142;source_publish_interval=0.504067,,1.411499921232462,21.413292037323117,22.857500007376075
2026-08-10T16:33:04.678292+00:00,measurement_drift_01,meter_02,544,none,none,none,none,none,normal_drift,0.9999946645500564,0.4389040763759364,0,,1,0,collecting_candidates;drift_not_confirmed,voltage_rolling_mean,voltage_rolling_mean=231.806956;source_publish_interval=0.504068,voltage_rolling_mean,0.8402077946811914,13.10812495648861,13.975959038361907
2026-08-10T16:33:04.692373+00:00,measurement_drift_01,meter_03,544,none,none,none,none,none,none,0.9998337951899636,0.44455487439183305,0,,0,0,drift_not_confirmed,,voltage_rolling_mean=230.658893;source_publish_interval=0.504068,,0.5881248507648706,10.170749854296446,10.776708135381341
2026-08-10T16:33:05.161134+00:00,measurement_drift_01,meter_01,545,none,none,none,none,none,none,0.9999994007420018,0.45580884407077915,0,,0,0,drift_not_confirmed,,voltage_rolling_mean=231.644142;source_publish_interval=0.504067,,2.5416670832782984,22.379874950274825,24.955083848908544
2026-08-10T16:33:05.186474+00:00,measurement_drift_01,meter_02,545,none,none,none,none,none,normal_drift,0.9999947570858178,0.46090669605477796,0,,1,0,collecting_candidates;drift_not_confirmed,voltage_rolling_mean,voltage_rolling_mean=231.806956;source_publish_interval=0.504068,voltage_rolling_mean,0.8010410238057375,12.124500004574656,12.948625022545457
2026-08-10T16:33:05.199530+00:00,measurement_drift_01,meter_03,545,none,none,none,none,none,none,0.9998211220403994,0.4535876664016089,0,,0,0,drift_not_confirmed,,voltage_rolling_mean=230.658893;source_publish_interval=0.504068,,0.5701249465346336,9.47758392430842,10.065209120512009
2026-08-10T16:33:05.665827+00:00,measurement_drift_01,meter_01,546,none,none,none,none,none,none,0.9999986550460079,0.4520377216928789,0,,0,0,drift_not_confirmed,,voltage_rolling_mean=231.644142;source_publish_interval=0.504067,,2.2969578858464956,20.57550009340048,22.909333929419518
2026-08-10T16:33:05.689147+00:00,measurement_drift_01,meter_02,546,none,none,none,none,none,normal_drift,0.9999885314501092,0.45475514335657913,0,,1,0,collecting_candidates;drift_not_confirmed,voltage_rolling_mean,voltage_rolling_mean=231.806956;source_publish_interval=0.504068,voltage_rolling_mean,0.7074170280247927,11.57658384181559,12.307875091210008
2026-08-10T16:33:05.701574+00:00,measurement_drift_01,meter_03,546,none,none,none,none,none,none,0.9998630155784016,0.44409962190400715,0,,0,0,drift_not_confirmed,,voltage_rolling_mean=230.658893;source_publish_interval=0.504068,,0.5257078446447849,9.41862491890788,9.963917080312967
2026-08-10T16:33:06.168587+00:00,measurement_drift_01,meter_01,547,none,none,none,none,none,none,0.9999992296298001,0.45472899884986273,0,,0,0,drift_not_confirmed,,voltage_rolling_mean=231.644142;source_publish_interval=0.504067,,1.3217499945312738,21.048083901405334,22.414542036131024
2026-08-10T16:33:06.191305+00:00,measurement_drift_01,meter_02,547,none,none,none,none,none,normal_drift,0.9999928911000867,0.4423518325787286,0,,1,1,drift_not_confirmed;reference_updated,voltage_rolling_mean,voltage_rolling_mean=231.109922;source_publish_interval=0.504068,voltage_rolling_mean,0.8481249678879976,12.475250056013465,13.35412496700883
2026-08-10T16:33:06.204815+00:00,measurement_drift_01,meter_03,547,none,none,none,none,none,none,0.9999438835586782,0.48197252031779303,0,,0,0,drift_not_confirmed,,voltage_rolling_mean=230.658893;source_publish_interval=0.504068,,0.5891670007258654,9.754749946296215,10.363582987338305
2026-08-10T16:33:06.674165+00:00,measurement_drift_01,meter_01,548,none,none,none,none,none,none,0.9999950779644721,0.4418372231071179,0,,0,0,drift_not_confirmed,,voltage_rolling_mean=231.644142;source_publish_interval=0.504067,,1.9984170794487,21.624957909807563,23.658249992877245
2026-08-10T16:33:06.698108+00:00,measurement_drift_01,meter_02,548,none,none,none,none,none,normal_drift,0.9999984129941096,0.5901687703287599,0,,1,0,collecting_candidates;drift_not_confirmed,voltage_rolling_mean,voltage_rolling_mean=231.109922;source_publish_interval=0.504068,voltage_rolling_mean,0.8090001065284014,11.926708044484258,12.75925012305379
2026-08-10T16:33:06.710977+00:00,measurement_drift_01,meter_03,548,none,none,none,none,none,none,0.9997779561173329,0.5900689269329121,0,,0,0,drift_not_confirmed,,voltage_rolling_mean=230.658893;source_publish_interval=0.504068,,0.5820828955620527,9.438541950657964,10.038499953225255
2026-08-10T16:33:07.179045+00:00,measurement_drift_01,meter_01,549,none,none,none,none,none,none,0.9999941833161745,0.4467410119789382,0,,0,0,drift_not_confirmed,,voltage_rolling_mean=231.644142;source_publish_interval=0.504067,,2.065500011667609,22.24520919844508,24.346041958779097
2026-08-10T16:33:07.203708+00:00,measurement_drift_01,meter_02,549,none,none,none,none,none,normal_drift,0.999966508336451,0.4638260428957061,0,,1,0,collecting_candidates;drift_not_confirmed,voltage_rolling_mean,voltage_rolling_mean=231.109922;source_publish_interval=0.504068,voltage_rolling_mean,0.8136669639497995,11.856542201712728,12.695292010903358
2026-08-10T16:33:07.216531+00:00,measurement_drift_01,meter_03,549,none,none,none,none,none,none,0.9998475158799622,0.4665540796775247,0,,0,0,drift_not_confirmed,,voltage_rolling_mean=230.658893;source_publish_interval=0.504068,,0.5445419810712337,9.500375017523766,10.064417030662298
2026-08-10T16:33:07.682638+00:00,measurement_drift_01,meter_01,550,none,none,none,none,none,none,0.999997924378519,0.47879787068638496,0,,0,0,drift_not_confirmed,,voltage_rolling_mean=231.644142;source_publish_interval=0.504067,,2.2736249957233667,22.76529185473919,25.074457982555032
2026-08-10T16:33:07.708043+00:00,measurement_drift_01,meter_02,550,none,none,none,none,none,normal_drift,0.999994996893042,0.48274204254707753,0,,1,0,collecting_candidates;drift_not_confirmed,voltage_rolling_mean,voltage_rolling_mean=231.109922;source_publish_interval=0.504068,voltage_rolling_mean,0.8102920837700367,12.1414999011904,12.975791934877634
2026-08-10T16:33:07.721131+00:00,measurement_drift_01,meter_03,550,none,none,none,none,none,none,0.9983407175310601,0.4895872982803817,0,,0,0,drift_not_confirmed,,voltage_rolling_mean=230.658893;source_publish_interval=0.504068,,0.5811250302940607,9.520125109702349,10.119625134393573
2026-08-10T16:33:08.186054+00:00,measurement_drift_01,meter_01,551,none,none,none,none,none,none,0.9999992597919592,0.45601356310810726,0,,0,0,drift_not_confirmed,,voltage_rolling_mean=231.644142;source_publish_interval=0.504067,,2.2932919673621655,18.61587492749095,20.938375033438206
2026-08-10T16:33:08.207360+00:00,measurement_drift_01,meter_02,551,none,none,none,none,none,normal_drift,0.9999810698144447,0.45825464680133526,0,,1,0,collecting_candidates;drift_not_confirmed,voltage_rolling_mean,voltage_rolling_mean=231.109922;source_publish_interval=0.504068,voltage_rolling_mean,0.6931670941412449,11.392415966838598,12.10674992762506
2026-08-10T16:33:08.219560+00:00,measurement_drift_01,meter_03,551,none,none,none,none,none,none,0.9994953321425346,0.4499402503133215,0,,0,0,drift_not_confirmed,,voltage_rolling_mean=230.658893;source_publish_interval=0.504068,,0.5158749409019947,9.49266692623496,10.026874952018261
2026-08-10T16:33:08.690982+00:00,measurement_drift_01,meter_01,552,none,none,none,none,none,none,0.9999990866491799,0.4463752135294771,0,,0,0,drift_not_confirmed,,voltage_rolling_mean=231.644142;source_publish_interval=0.504067,,2.0315409637987614,21.738457959145308,23.805416887626052
2026-08-10T16:33:08.715091+00:00,measurement_drift_01,meter_02,552,none,none,none,none,none,normal_drift,0.9999931294771296,0.5556201492511719,0,,1,0,collecting_candidates;drift_not_confirmed,voltage_rolling_mean,voltage_rolling_mean=231.109922;source_publish_interval=0.504068,voltage_rolling_mean,0.8239168673753738,12.018209090456367,12.866541976109147
2026-08-10T16:33:08.728077+00:00,measurement_drift_01,meter_03,552,none,none,none,none,none,none,0.9993298171794388,0.44640522863532706,0,,0,0,drift_not_confirmed,,voltage_rolling_mean=230.658893;source_publish_interval=0.504068,,0.5532500799745321,9.447083109989762,10.019042063504457
2026-08-10T16:33:09.193342+00:00,measurement_drift_01,meter_01,553,none,none,none,none,none,none,0.9999987391891914,0.43688259080610276,0,,0,0,drift_not_confirmed,,voltage_rolling_mean=231.644142;source_publish_interval=0.504067,,1.3535839971154928,20.634040934965014,22.022667108103633
2026-08-10T16:33:09.215628+00:00,measurement_drift_01,meter_02,553,none,none,none,none,none,normal_drift,0.9999660061190484,0.4550873959512138,0,,1,0,collecting_candidates;drift_not_confirmed,voltage_rolling_mean,voltage_rolling_mean=231.109922;source_publish_interval=0.504068,voltage_rolling_mean,0.8690410759299994,13.331915950402617,14.226500177755952
2026-08-10T16:33:09.229973+00:00,measurement_drift_01,meter_03,553,none,none,none,none,none,none,0.9992270206607027,0.45735384818437813,0,,0,0,drift_not_confirmed,,voltage_rolling_mean=230.658893;source_publish_interval=0.504068,,0.5779170896857977,10.204166173934937,10.801166063174605
2026-08-10T16:33:09.695117+00:00,measurement_drift_01,meter_01,554,none,none,none,none,none,none,0.9999991231060827,0.5018828059648527,0,,0,0,drift_not_confirmed,,voltage_rolling_mean=231.644142;source_publish_interval=0.504067,,2.3025001864880323,22.47258392162621,24.810625007376075
2026-08-10T16:33:09.720319+00:00,measurement_drift_01,meter_02,554,none,none,none,none,none,normal_drift,0.9999007631668425,0.454752669760003,0,,1,0,collecting_candidates;drift_not_confirmed,voltage_rolling_mean,voltage_rolling_mean=231.109922;source_publish_interval=0.504068,voltage_rolling_mean,0.8297909516841173,11.9527499191463,12.806958053261042
2026-08-10T16:33:09.733242+00:00,measurement_drift_01,meter_03,554,none,none,none,none,none,none,0.9989151050724006,0.44568969099229805,0,,0,0,drift_not_confirmed,,voltage_rolling_mean=230.658893;source_publish_interval=0.504068,,0.5604168400168419,9.438624838367105,10.017666965723038
2026-08-10T16:33:10.199155+00:00,measurement_drift_01,meter_01,555,none,none,none,none,none,none,0.9999985020728535,0.45895772443344895,0,,0,0,drift_not_confirmed,,voltage_rolling_mean=231.644142;source_publish_interval=0.504067,,2.2824578918516636,22.460666950792074,24.780625011771917
2026-08-10T16:33:10.224347+00:00,measurement_drift_01,meter_02,555,none,none,none,none,none,normal_drift,0.9999827143947523,0.5521262879491727,0,,1,0,collecting_candidates;drift_not_confirmed,voltage_rolling_mean,voltage_rolling_mean=231.109922;source_publish_interval=0.504068,voltage_rolling_mean,0.8430830202996731,12.110833078622818,12.97837495803833
2026-08-10T16:33:10.237448+00:00,measurement_drift_01,meter_03,555,none,none,none,none,none,none,0.9992298760701076,0.4895544345431347,0,,0,0,drift_not_confirmed,,voltage_rolling_mean=230.658893;source_publish_interval=0.504068,,0.5489171016961336,9.524957975372672,10.092375101521611
2026-08-10T16:33:10.703496+00:00,measurement_drift_01,meter_01,556,none,none,none,none,none,none,0.9999984648799638,0.45039833541953656,0,,0,0,drift_not_confirmed,,voltage_rolling_mean=231.644142;source_publish_interval=0.504067,,1.9898749887943268,22.042834199965,24.069166975095868
2026-08-10T16:33:10.727851+00:00,measurement_drift_01,meter_02,556,none,none,none,unknown,unknown,normal_drift,0.9999880470964396,0.6408452135280198,0,,1,0,collecting_candidates;drift_not_confirmed,voltage_rolling_mean,voltage_rolling_mean=231.109922;source_publish_interval=0.504068,voltage_rolling_mean,0.8182080928236246,11.963084107264876,12.804500060155988
2026-08-10T16:33:10.740759+00:00,measurement_drift_01,meter_03,556,none,none,none,none,none,none,0.9987911060235117,0.4531078592215871,0,,0,0,drift_not_confirmed,,voltage_rolling_mean=230.658893;source_publish_interval=0.504068,,0.538417138159275,9.42879100330174,9.984957985579967
2026-08-10T16:33:11.206655+00:00,measurement_drift_01,meter_01,557,none,none,none,none,none,none,0.9999975498429284,0.4405440167746812,0,,0,0,drift_not_confirmed,,voltage_rolling_mean=231.644142;source_publish_interval=0.504067,,2.1517910063266754,18.601292045786977,20.785250002518296
2026-08-10T16:33:11.227797+00:00,measurement_drift_01,meter_02,557,none,none,none,none,none,normal_drift,0.9999460823663644,0.4388767225434729,0,,1,0,collecting_candidates;drift_not_confirmed,voltage_rolling_mean,voltage_rolling_mean=231.109922;source_publish_interval=0.504068,voltage_rolling_mean,0.7224588189274073,11.375542031601071,12.118791928514838
2026-08-10T16:33:11.240007+00:00,measurement_drift_01,meter_03,557,none,none,none,none,none,none,0.99692193783785,0.4595499902427429,0,,0,0,drift_not_confirmed,,voltage_rolling_mean=230.658893;source_publish_interval=0.504068,,0.5199171137064695,9.435167070478201,9.973666863515973
2026-08-10T16:33:11.711462+00:00,measurement_drift_01,meter_01,558,none,none,none,none,none,none,0.9999933982478985,0.43837337343789057,0,,0,0,drift_not_confirmed,,voltage_rolling_mean=231.644142;source_publish_interval=0.504067,,2.9021662194281816,18.574042012915015,21.51604206301272
2026-08-10T16:33:11.733369+00:00,measurement_drift_01,meter_02,558,none,none,none,none,none,normal_drift,0.9997904568331206,0.44983302440680784,0,,1,0,collecting_candidates;drift_not_confirmed,voltage_rolling_mean,voltage_rolling_mean=231.109922;source_publish_interval=0.504068,voltage_rolling_mean,0.7227500900626183,11.280208127573133,12.024624971672893
2026-08-10T16:33:11.745497+00:00,measurement_drift_01,meter_03,558,none,none,none,none,none,none,0.9989960651094911,0.46806291824052576,0,,0,0,drift_not_confirmed,,voltage_rolling_mean=230.658893;source_publish_interval=0.504068,,0.544500071555376,9.361124830320477,9.923416888341308
2026-08-10T16:33:12.216750+00:00,measurement_drift_01,meter_01,559,none,none,none,none,none,none,0.9999987439022181,0.5318263647262899,0,,0,0,drift_not_confirmed,,voltage_rolling_mean=231.644142;source_publish_interval=0.504067,,2.721749944612384,18.986708018928766,21.746041951701045
2026-08-10T16:33:12.238898+00:00,measurement_drift_01,meter_02,559,none,none,none,none,none,normal_drift,0.9999574421519654,0.5460213261007422,0,,1,0,collecting_candidates;drift_not_confirmed,voltage_rolling_mean,voltage_rolling_mean=231.109922;source_publish_interval=0.504068,voltage_rolling_mean,0.7725839968770742,11.298208963125944,12.095500016584992
2026-08-10T16:33:12.251119+00:00,measurement_drift_01,meter_03,559,none,none,none,none,none,none,0.9973042127814269,0.45339086819844043,0,,0,0,drift_not_confirmed,,voltage_rolling_mean=230.658893;source_publish_interval=0.504068,,0.5362909287214279,9.393541840836406,9.94870811700821
2026-08-10T16:33:12.721621+00:00,measurement_drift_01,meter_01,560,none,none,none,none,none,none,0.9999963959776214,0.5357444683619075,0,,0,0,drift_not_confirmed,,voltage_rolling_mean=231.644142;source_publish_interval=0.504067,,2.5770841166377068,19.903540844097733,22.514916956424713
2026-08-10T16:33:12.744506+00:00,measurement_drift_01,meter_02,560,none,none,none,none,none,normal_drift,0.9996124002679273,0.44549735722538814,0,,1,0,collecting_candidates;drift_not_confirmed,voltage_rolling_mean,voltage_rolling_mean=231.109922;source_publish_interval=0.504068,voltage_rolling_mean,0.7169579621404409,11.805917136371136,12.54354091361165
2026-08-10T16:33:12.757158+00:00,measurement_drift_01,meter_03,560,none,none,none,none,none,none,0.9980646547915681,0.45500570585574207,0,,0,0,drift_not_confirmed,,voltage_rolling_mean=230.658893;source_publish_interval=0.504068,,0.5293330177664757,9.652082808315754,10.200790828093886
2026-08-10T16:33:13.226746+00:00,measurement_drift_01,meter_01,561,none,none,none,none,none,none,0.9999865299522883,0.4366160698676899,0,,0,0,drift_not_confirmed,,voltage_rolling_mean=231.644142;source_publish_interval=0.504067,,2.3967500310391188,19.102291902527213,21.531749982386827
2026-08-10T16:33:13.248656+00:00,measurement_drift_01,meter_02,561,none,none,none,none,none,normal_drift,0.999343893750483,0.4446377473756151,0,,1,0,collecting_candidates;drift_not_confirmed,voltage_rolling_mean,voltage_rolling_mean=231.109922;source_publish_interval=0.504068,voltage_rolling_mean,0.7042498327791691,11.68066612444818,12.406999943777919
2026-08-10T16:33:13.261171+00:00,measurement_drift_01,meter_03,561,none,none,none,none,none,none,0.9997147453835888,0.4913040381285668,0,,0,0,drift_not_confirmed,,voltage_rolling_mean=230.658893;source_publish_interval=0.504068,,0.527417054399848,9.487958159297705,10.033707832917571
2026-08-10T16:33:13.730613+00:00,measurement_drift_01,meter_01,562,none,none,none,none,none,none,0.9999949508692147,0.5104839597764353,0,,0,0,drift_not_confirmed,,voltage_rolling_mean=231.644142;source_publish_interval=0.504067,,1.9207089208066463,21.629583090543747,23.58804107643664
2026-08-10T16:33:13.754550+00:00,measurement_drift_01,meter_02,562,none,none,none,none,none,normal_drift,0.9998222926966145,0.4533969390414781,0,,1,0,collecting_candidates;drift_not_confirmed,voltage_rolling_mean,voltage_rolling_mean=231.109922;source_publish_interval=0.504068,voltage_rolling_mean,0.8569168858230114,12.04204186797142,12.923584086820483
2026-08-10T16:33:13.767601+00:00,measurement_drift_01,meter_03,562,none,none,none,none,none,none,0.9991945011614148,0.4858416029209233,0,,0,0,drift_not_confirmed,,voltage_rolling_mean=230.658893;source_publish_interval=0.504068,,0.5634580738842487,9.556083008646965,10.138125158846378
2026-08-10T16:33:14.233388+00:00,measurement_drift_01,meter_01,563,none,none,none,none,none,none,0.9999961009301851,0.4517384626246539,0,,0,0,drift_not_confirmed,,voltage_rolling_mean=231.644142;source_publish_interval=0.504067,,1.9635411445051432,22.059292066842318,24.065749952569604
2026-08-10T16:33:14.257800+00:00,measurement_drift_01,meter_02,563,none,none,none,none,none,normal_drift,0.9997315598935255,0.4391763385275279,0,,1,0,collecting_candidates;drift_not_confirmed,voltage_rolling_mean,voltage_rolling_mean=231.109922;source_publish_interval=0.504068,voltage_rolling_mean,0.8538330439478159,11.988457990810275,12.864917051047087
2026-08-10T16:33:14.270780+00:00,measurement_drift_01,meter_03,563,none,none,none,none,none,none,0.9981782983478092,0.44988892269978364,0,,0,0,drift_not_confirmed,,voltage_rolling_mean=230.658893;source_publish_interval=0.504068,,0.5304578226059675,9.598582983016968,10.148084023967385
2026-08-10T16:33:14.738222+00:00,measurement_drift_01,meter_01,564,none,none,none,none,none,none,0.99998444059174,0.4334279301256966,0,,0,0,drift_not_confirmed,,voltage_rolling_mean=231.644142;source_publish_interval=0.504067,,2.7501669246703386,18.94424995407462,21.730665815994143
2026-08-10T16:33:14.760333+00:00,measurement_drift_01,meter_02,564,none,none,none,none,none,normal_drift,0.9999534159627128,0.4953989225905873,0,,1,0,collecting_candidates;drift_not_confirmed,voltage_rolling_mean,voltage_rolling_mean=231.109922;source_publish_interval=0.504068,voltage_rolling_mean,0.7423749193549156,11.62512507289648,12.388749979436398
2026-08-10T16:33:14.772840+00:00,measurement_drift_01,meter_03,564,none,none,none,none,none,none,0.9921538694788694,0.48358030154474047,0,,0,0,drift_not_confirmed,,voltage_rolling_mean=230.658893;source_publish_interval=0.504068,,0.5260419566184282,9.426875039935112,9.972291067242622
2026-08-10T16:33:15.242276+00:00,measurement_drift_01,meter_01,565,none,none,none,none,none,none,0.9999973501142447,0.4829357098995209,0,,0,0,drift_not_confirmed,,voltage_rolling_mean=231.644142;source_publish_interval=0.504067,,1.2306668795645237,22.10262487642467,23.372167022898793
2026-08-10T16:33:15.265915+00:00,measurement_drift_01,meter_02,565,none,none,none,none,none,normal_drift,0.9998626353296292,0.4623902239726486,0,,1,0,collecting_candidates;drift_not_confirmed,voltage_rolling_mean,voltage_rolling_mean=231.109922;source_publish_interval=0.504068,voltage_rolling_mean,0.887082889676094,12.520833872258663,13.43929092399776
2026-08-10T16:33:15.279502+00:00,measurement_drift_01,meter_03,565,none,none,none,none,none,none,0.9947904957673436,0.45342219541098533,0,,0,0,drift_not_confirmed,,voltage_rolling_mean=230.658893;source_publish_interval=0.504068,,0.5840829107910395,9.730458026751876,10.334042133763433
2026-08-10T16:33:15.748238+00:00,measurement_drift_01,meter_01,566,none,none,none,none,none,none,0.9999964365302386,0.4858051526192941,0,,0,0,drift_not_confirmed,,voltage_rolling_mean=231.644142;source_publish_interval=0.504067,,2.01879208907485,22.042541997507215,24.107499979436398
2026-08-10T16:33:15.772731+00:00,measurement_drift_01,meter_02,566,none,none,none,none,none,normal_drift,0.999864112905702,0.45071335377229427,0,,1,0,collecting_candidates;drift_not_confirmed,voltage_rolling_mean,voltage_rolling_mean=231.109922;source_publish_interval=0.504068,voltage_rolling_mean,0.912416959181428,12.22333312034607,13.158666901290417
2026-08-10T16:33:15.786021+00:00,measurement_drift_01,meter_03,566,none,none,none,unknown,unknown,unknown,0.9309296332146842,0.45710298731578697,0,,0,0,drift_not_confirmed,,voltage_rolling_mean=230.658893;source_publish_interval=0.504068,,0.5413750186562538,9.492625016719103,10.053041856735945
2026-08-10T16:33:16.249660+00:00,measurement_drift_01,meter_01,567,none,none,none,none,none,none,0.9999766204390844,0.4624347448491428,0,,0,0,drift_not_confirmed,,voltage_rolling_mean=231.644142;source_publish_interval=0.504067,,1.976165920495987,21.922833984717727,23.941375082358718
2026-08-10T16:33:16.273960+00:00,measurement_drift_01,meter_02,567,none,none,none,none,none,normal_drift,0.9999846312659747,0.49098839318168214,0,,1,1,drift_not_confirmed;reference_updated,voltage_rolling_mean,voltage_rolling_mean=230.109922;source_publish_interval=0.504068,voltage_rolling_mean,0.8828341960906982,12.247500009834766,13.158083893358707
2026-08-10T16:33:16.287253+00:00,measurement_drift_01,meter_03,567,none,none,none,none,none,none,0.9976686293368087,0.454149735583643,0,,0,0,drift_not_confirmed,,voltage_rolling_mean=230.658893;source_publish_interval=0.504068,,0.550583004951477,9.610125096514821,10.179957840591669
2026-08-10T16:33:16.755014+00:00,measurement_drift_01,meter_01,568,none,none,none,none,none,none,0.9999925331092162,0.4582108730070273,0,,0,0,drift_not_confirmed,,voltage_rolling_mean=231.644142;source_publish_interval=0.504067,,2.166416961699724,21.54858293943107,23.763250093907118
2026-08-10T16:33:16.779173+00:00,measurement_drift_01,meter_02,568,none,none,none,none,none,normal_drift,0.9989800750469052,0.4725676959091674,0,,1,0,collecting_candidates;drift_not_confirmed,voltage_rolling_mean,voltage_rolling_mean=230.109922;source_publish_interval=0.504068,voltage_rolling_mean,0.7819170132279396,11.862915940582752,12.668041046708822
2026-08-10T16:33:16.791956+00:00,measurement_drift_01,meter_03,568,none,none,none,none,none,none,0.9923432630808305,0.48663898759728225,0,,0,0,drift_not_confirmed,,voltage_rolling_mean=230.658893;source_publish_interval=0.504068,,0.5403340328484774,9.505333146080375,10.064665926620364
2026-08-10T16:33:17.259827+00:00,measurement_drift_01,meter_01,569,none,none,none,none,none,none,0.9999875906193423,0.4375536534634344,0,,0,0,drift_not_confirmed,,voltage_rolling_mean=231.644142;source_publish_interval=0.504067,,3.131791017949581,17.207792028784752,20.37358283996582
2026-08-10T16:33:17.280587+00:00,measurement_drift_01,meter_02,569,none,none,none,none,none,normal_drift,0.9992121092194165,0.46632994683269696,0,,1,0,collecting_candidates;drift_not_confirmed,voltage_rolling_mean,voltage_rolling_mean=230.109922;source_publish_interval=0.504068,voltage_rolling_mean,0.7460829801857471,10.997541947290301,11.765459086745977
2026-08-10T16:33:17.292460+00:00,measurement_drift_01,meter_03,569,none,none,none,none,none,none,0.9952288411373846,0.5003875448154567,0,,0,0,drift_not_confirmed,,voltage_rolling_mean=230.658893;source_publish_interval=0.504068,,0.5318340845406055,9.279374964535236,9.829416871070862
2026-08-10T16:33:17.763912+00:00,measurement_drift_01,meter_01,570,none,none,none,none,none,none,0.9999758300994535,0.4415561932324978,0,,0,0,drift_not_confirmed,,voltage_rolling_mean=231.644142;source_publish_interval=0.504067,,2.0402080845087767,21.849750075489283,23.92712514847517
2026-08-10T16:33:17.788163+00:00,measurement_drift_01,meter_02,570,none,none,none,none,none,normal_drift,0.9988010305757974,0.44342861983043674,0,,1,0,collecting_candidates;drift_not_confirmed,voltage_rolling_mean,voltage_rolling_mean=230.109922;source_publish_interval=0.504068,voltage_rolling_mean,0.8574998937547207,11.958542047068477,12.840791838243604
2026-08-10T16:33:17.801129+00:00,measurement_drift_01,meter_03,570,none,none,none,none,none,none,0.9974208178658192,0.4544236661841153,0,,0,0,drift_not_confirmed,,voltage_rolling_mean=230.658893;source_publish_interval=0.504068,,0.5766670219600201,9.4805839471519,10.076167061924934
2026-08-10T16:33:18.269024+00:00,measurement_drift_01,meter_01,571,none,none,none,none,none,none,0.9999801008059809,0.4410837064831826,0,,0,0,drift_not_confirmed,,voltage_rolling_mean=231.644142;source_publish_interval=0.504067,,2.0236249547451735,22.441874956712127,24.508915841579437
2026-08-10T16:33:18.293877+00:00,measurement_drift_01,meter_02,571,none,none,none,none,none,normal_drift,0.9988940675075486,0.45217313481981314,0,,1,0,collecting_candidates;drift_not_confirmed,voltage_rolling_mean,voltage_rolling_mean=230.109922;source_publish_interval=0.504068,voltage_rolling_mean,0.8543329313397408,11.914624832570553,12.792082969099283
2026-08-10T16:33:18.306790+00:00,measurement_drift_01,meter_03,571,none,none,none,none,none,none,0.9994325249038354,0.5182515375116662,0,,0,0,drift_not_confirmed,,voltage_rolling_mean=230.658893;source_publish_interval=0.504068,,0.5486661102622747,9.51262516900897,10.080042062327266
2026-08-10T16:33:18.774101+00:00,measurement_drift_01,meter_01,572,none,none,none,none,none,none,0.9999828328842226,0.5215519205585927,0,,0,0,drift_not_confirmed,,voltage_rolling_mean=231.644142;source_publish_interval=0.504067,,2.6977499946951866,21.615250036120415,24.348000064492226
2026-08-10T16:33:18.798839+00:00,measurement_drift_01,meter_02,572,none,none,none,none,none,normal_drift,0.9998932175176328,0.4725543793288323,0,,1,0,collecting_candidates;drift_not_confirmed,voltage_rolling_mean,voltage_rolling_mean=230.109922;source_publish_interval=0.504068,voltage_rolling_mean,0.845541013404727,11.876458069309592,12.746457941830158
2026-08-10T16:33:18.811704+00:00,measurement_drift_01,meter_03,572,none,none,none,none,none,none,0.9993904514710394,0.4847003892635791,0,,0,0,drift_not_confirmed,,voltage_rolling_mean=230.658893;source_publish_interval=0.504068,,0.6092081312090158,9.715958964079618,10.343499947339296
2026-08-10T16:33:19.278799+00:00,measurement_drift_01,meter_01,573,none,none,none,none,none,none,0.9999942698080229,0.5351246801855124,0,,0,0,drift_not_confirmed,,voltage_rolling_mean=231.644142;source_publish_interval=0.504067,,2.563250018283725,22.450000047683716,25.05429182201624
2026-08-10T16:33:19.304246+00:00,measurement_drift_01,meter_02,573,none,none,none,none,none,normal_drift,0.9923726684730524,0.5541281415596563,0,,1,0,collecting_candidates;drift_not_confirmed,voltage_rolling_mean,voltage_rolling_mean=230.109922;source_publish_interval=0.504068,voltage_rolling_mean,0.8701668120920658,12.328084092587233,13.223042013123631
2026-08-10T16:33:19.317600+00:00,measurement_drift_01,meter_03,573,none,none,none,none,none,none,0.9933875799483646,0.4542846649634629,0,,0,0,drift_not_confirmed,,voltage_rolling_mean=230.658893;source_publish_interval=0.504068,,0.5883749108761549,9.639374911785126,10.247125057503581
2026-08-10T16:33:19.783787+00:00,measurement_drift_01,meter_01,574,none,none,none,none,none,none,0.9999735091916384,0.4667559383470421,0,,0,0,drift_not_confirmed,,voltage_rolling_mean=231.644142;source_publish_interval=0.504067,,1.9700000993907452,22.02541707083583,24.034625152125955
2026-08-10T16:33:19.808215+00:00,measurement_drift_01,meter_02,574,none,none,none,none,none,normal_drift,0.9988457572537879,0.47493248598349347,0,,1,0,collecting_candidates;drift_not_confirmed,voltage_rolling_mean,voltage_rolling_mean=230.109922;source_publish_interval=0.504068,voltage_rolling_mean,0.903791980817914,12.225958984345198,13.154709013178945
2026-08-10T16:33:19.821497+00:00,measurement_drift_01,meter_03,574,none,none,none,none,none,none,0.993148241651886,0.4629357442480693,0,,0,0,drift_not_confirmed,,voltage_rolling_mean=230.658893;source_publish_interval=0.504068,,0.5379579961299896,9.565624874085188,10.122040985152125
2026-08-10T16:33:20.288988+00:00,measurement_drift_01,meter_01,575,none,none,none,none,none,none,0.9999570652625712,0.4927596530958332,0,,0,0,drift_not_confirmed,,voltage_rolling_mean=231.644142;source_publish_interval=0.504067,,1.9442921038717031,21.992916939780116,23.97787501104176
2026-08-10T16:33:20.313268+00:00,measurement_drift_01,meter_02,575,none,none,none,none,none,normal_drift,0.9997231367337787,0.5070048120477819,0,,1,0,collecting_candidates;drift_not_confirmed,voltage_rolling_mean,voltage_rolling_mean=230.109922;source_publish_interval=0.504068,voltage_rolling_mean,0.8426250424236059,12.374166864901781,13.242665911093354
2026-08-10T16:33:20.326634+00:00,measurement_drift_01,meter_03,575,none,none,none,none,none,none,0.9986221846263312,0.4964037283628165,0,,0,0,drift_not_confirmed,,voltage_rolling_mean=230.658893;source_publish_interval=0.504068,,0.5418339278548956,9.668124839663506,10.229417122900486
2026-08-10T16:33:20.794091+00:00,measurement_drift_01,meter_01,576,none,none,none,none,none,none,0.9996083582706647,0.4428153075335704,0,,0,0,drift_not_confirmed,,voltage_rolling_mean=231.644142;source_publish_interval=0.504067,,2.558666979894042,17.65970792621374,20.2528340741992
2026-08-10T16:33:20.814743+00:00,measurement_drift_01,meter_02,576,none,none,none,none,none,normal_drift,0.9994624597115327,0.4513630122032561,0,,1,0,collecting_candidates;drift_not_confirmed,voltage_rolling_mean,voltage_rolling_mean=230.109922;source_publish_interval=0.504068,voltage_rolling_mean,0.7344579789787531,11.105499928817153,11.860833037644625
2026-08-10T16:33:20.826703+00:00,measurement_drift_01,meter_03,576,none,none,none,none,none,none,0.997822889752289,0.4671348595032096,0,,0,0,drift_not_confirmed,,voltage_rolling_mean=230.658893;source_publish_interval=0.504068,,0.5267909727990627,9.268499910831451,9.813084034249187
2026-08-10T16:33:21.298276+00:00,measurement_drift_01,meter_01,577,none,none,none,none,none,none,0.9998988549503288,0.44778010641365473,0,,0,0,drift_not_confirmed,,voltage_rolling_mean=231.644142;source_publish_interval=0.504067,,2.056166995316744,22.670083213597536,24.77862499654293
2026-08-10T16:33:21.323530+00:00,measurement_drift_01,meter_02,577,none,none,none,none,none,normal_drift,0.9902586898647764,0.5891127639458636,0,,1,0,collecting_candidates;drift_not_confirmed,voltage_rolling_mean,voltage_rolling_mean=230.109922;source_publish_interval=0.504068,voltage_rolling_mean,0.932707916945219,12.002292089164257,12.96020788140595
2026-08-10T16:33:21.336643+00:00,measurement_drift_01,meter_03,577,none,none,none,none,none,none,0.9767452030483641,0.5920420713470746,0,,0,0,drift_not_confirmed,,voltage_rolling_mean=230.658893;source_publish_interval=0.504068,,0.5422499962151051,9.677707916125655,10.239624883979559
2026-08-10T16:33:21.802533+00:00,measurement_drift_01,meter_01,578,none,none,none,none,none,none,0.9997962100979796,0.4407660426497011,0,,0,0,drift_not_confirmed,,voltage_rolling_mean=231.644142;source_publish_interval=0.504067,,1.9717919640243053,22.159500047564507,24.16787506081164
2026-08-10T16:33:21.827030+00:00,measurement_drift_01,meter_02,578,none,none,none,none,none,normal_drift,0.9989065834494357,0.5088106674137053,0,,1,0,collecting_candidates;drift_not_confirmed,voltage_rolling_mean,voltage_rolling_mean=230.109922;source_publish_interval=0.504068,voltage_rolling_mean,0.8904580026865005,12.142832856625319,13.05624982342124
2026-08-10T16:33:21.840201+00:00,measurement_drift_01,meter_03,578,none,none,none,none,none,none,0.9994573070766474,0.5369044127781962,0,,0,0,drift_not_confirmed,,voltage_rolling_mean=230.658893;source_publish_interval=0.504068,,0.5552498623728752,9.688291931524873,10.262208059430122
2026-08-10T16:33:22.307657+00:00,measurement_drift_01,meter_01,579,none,none,none,none,none,none,0.9999226666216964,0.4514199250755392,0,,0,0,drift_not_confirmed,,voltage_rolling_mean=231.644142;source_publish_interval=0.504067,,2.338749822229147,17.720083938911557,20.094583043828607
2026-08-10T16:33:22.328176+00:00,measurement_drift_01,meter_02,579,none,none,none,none,none,normal_drift,0.9976510276170005,0.4589006299022212,0,,1,0,collecting_candidates;drift_not_confirmed,voltage_rolling_mean,voltage_rolling_mean=230.109922;source_publish_interval=0.504068,voltage_rolling_mean,0.78037497587502,11.152040911838412,11.954832822084427
2026-08-10T16:33:22.340240+00:00,measurement_drift_01,meter_03,579,none,none,none,none,none,none,0.9918841694783866,0.4543417671174806,0,,0,0,drift_not_confirmed,,voltage_rolling_mean=230.658893;source_publish_interval=0.504068,,0.5126670002937317,9.45758307352662,9.991457918658853
2026-08-10T16:33:22.811245+00:00,measurement_drift_01,meter_01,580,none,none,none,none,none,none,0.999936400347027,0.45635332886335084,0,,0,0,drift_not_confirmed,,voltage_rolling_mean=231.644142;source_publish_interval=0.504067,,2.686833031475544,18.811041954904795,21.529458928853273
2026-08-10T16:33:22.833157+00:00,measurement_drift_01,meter_02,580,none,none,none,none,none,normal_drift,0.9996652110959352,0.5386999697129169,0,,1,0,collecting_candidates;drift_not_confirmed,voltage_rolling_mean,voltage_rolling_mean=230.109922;source_publish_interval=0.504068,voltage_rolling_mean,0.710916006937623,11.413750005885959,12.146833119913936
2026-08-10T16:33:22.845407+00:00,measurement_drift_01,meter_03,580,none,none,none,none,none,none,0.9924726803115197,0.4894003956372223,0,,0,0,drift_not_confirmed,,voltage_rolling_mean=230.658893;source_publish_interval=0.504068,,0.5104581359773874,9.466583142057061,9.996167151257396
2026-08-10T16:33:23.312946+00:00,measurement_drift_01,meter_01,581,none,none,none,none,none,none,0.999993342669826,0.603715582535155,0,,0,0,drift_not_confirmed,,voltage_rolling_mean=231.644142;source_publish_interval=0.504067,,2.493291860446334,22.777665872126818,25.31604189425707
2026-08-10T16:33:23.338686+00:00,measurement_drift_01,meter_02,581,none,none,none,none,none,normal_drift,0.9859907426897194,0.4661836497582385,0,,1,0,collecting_candidates;drift_not_confirmed,voltage_rolling_mean,voltage_rolling_mean=230.109922;source_publish_interval=0.504068,voltage_rolling_mean,0.8670410607010126,12.190582929179072,13.084416976198554
2026-08-10T16:33:23.351912+00:00,measurement_drift_01,meter_03,581,none,none,none,none,none,none,0.9993123284567713,0.48612370742670324,0,,0,0,drift_not_confirmed,,voltage_rolling_mean=230.658893;source_publish_interval=0.504068,,0.5677919834852219,9.577499935403466,10.164958192035556
2026-08-10T16:33:23.817910+00:00,measurement_drift_01,meter_01,582,none,none,none,none,none,none,0.9984767970412742,0.5503153224636197,0,,0,0,drift_not_confirmed,,voltage_rolling_mean=231.644142;source_publish_interval=0.504067,,2.2500830236822367,21.621583960950375,23.90912501141429
2026-08-10T16:33:23.842184+00:00,measurement_drift_01,meter_02,582,none,none,none,none,none,normal_drift,0.9907099935134347,0.4593177452801476,0,,1,0,collecting_candidates;drift_not_confirmed,voltage_rolling_mean,voltage_rolling_mean=230.109922;source_publish_interval=0.504068,voltage_rolling_mean,0.7879170589148998,11.94241689518094,12.755459174513817
2026-08-10T16:33:23.855090+00:00,measurement_drift_01,meter_03,582,none,none,none,none,none,none,0.9887825506795246,0.4573467782270841,0,,0,0,drift_not_confirmed,,voltage_rolling_mean=230.658893;source_publish_interval=0.504068,,0.5775829777121544,9.828583104535937,10.426874971017241
2026-08-10T16:33:24.323065+00:00,measurement_drift_01,meter_01,583,none,none,none,none,none,none,0.9998552381511454,0.49490695901483867,0,,0,0,drift_not_confirmed,,voltage_rolling_mean=231.644142;source_publish_interval=0.504067,,2.044500084593892,22.22562488168478,24.30616714991629
2026-08-10T16:33:24.347676+00:00,measurement_drift_01,meter_02,583,none,none,none,none,none,normal_drift,0.9844804005062784,0.5100655325439724,0,,1,0,collecting_candidates;drift_not_confirmed,voltage_rolling_mean,voltage_rolling_mean=230.109922;source_publish_interval=0.504068,voltage_rolling_mean,0.8181249722838402,12.137624900788069,12.978083919733763
2026-08-10T16:33:24.360774+00:00,measurement_drift_01,meter_03,583,none,none,none,none,none,none,0.9901876666886308,0.48720869754981067,0,,0,0,drift_not_confirmed,,voltage_rolling_mean=230.658893;source_publish_interval=0.504068,,0.5185829941183329,9.459417080506682,9.996708016842604
2026-08-10T16:33:24.827311+00:00,measurement_drift_01,meter_01,584,none,none,none,none,none,none,0.9995268091543248,0.45387713686035946,0,,0,0,drift_not_confirmed,,voltage_rolling_mean=231.644142;source_publish_interval=0.504067,,2.11404194124043,22.090291138738394,24.241209030151367
2026-08-10T16:33:24.851941+00:00,measurement_drift_01,meter_02,584,none,none,none,unknown,unknown,unknown,0.9266611582967585,0.4840207504368964,0,,0,0,drift_not_confirmed;sample_not_trusted,,voltage_rolling_mean=230.109922;source_publish_interval=0.504068,voltage_rolling_mean,0.8262498304247856,12.104124994948506,12.95416709035635
2026-08-10T16:33:24.865020+00:00,measurement_drift_01,meter_03,584,none,none,none,none,none,none,0.9990550014863363,0.46416726958982535,0,,0,0,drift_not_confirmed,,voltage_rolling_mean=230.658893;source_publish_interval=0.504068,,0.5825420375913382,9.57770785316825,10.179291013628244
2026-08-10T16:33:25.332492+00:00,measurement_drift_01,meter_01,585,none,none,none,none,none,none,0.9987183376996792,0.4728496901565065,0,,0,0,drift_not_confirmed,,voltage_rolling_mean=231.644142;source_publish_interval=0.504067,,2.0381249487400055,21.76845888607204,23.849209072068334
2026-08-10T16:33:25.356721+00:00,measurement_drift_01,meter_02,585,none,none,none,none,none,none,0.9604397531400758,0.46720818949614507,0,,0,0,drift_not_confirmed;sample_not_trusted,,voltage_rolling_mean=230.109922;source_publish_interval=0.504068,voltage_rolling_mean,0.7255841046571732,11.77833299152553,12.530916137620807
2026-08-10T16:33:25.369391+00:00,measurement_drift_01,meter_03,585,none,none,none,none,none,none,0.9934673277698692,0.4835835617049285,0,,0,0,drift_not_confirmed,,voltage_rolling_mean=230.658893;source_publish_interval=0.504068,,0.5941670387983322,9.634125046432018,10.248250095173717
2026-08-10T16:33:25.836346+00:00,measurement_drift_01,meter_01,586,none,none,none,none,none,none,0.9998212956963428,0.45535855535708614,0,,0,0,drift_not_confirmed,,voltage_rolling_mean=231.644142;source_publish_interval=0.504067,,2.4247081018984318,22.638583090156317,25.098833022639155
2026-08-10T16:33:25.861841+00:00,measurement_drift_01,meter_02,586,none,none,none,none,none,normal_drift,0.994991855003622,0.48197337573702675,0,,1,0,collecting_candidates;drift_not_confirmed,voltage_rolling_mean,voltage_rolling_mean=230.109922;source_publish_interval=0.504068,voltage_rolling_mean,0.8169170469045639,12.04704213887453,12.889750069007277
2026-08-10T16:33:25.874869+00:00,measurement_drift_01,meter_03,586,none,none,none,none,none,none,0.9993740881629926,0.5928357178913146,0,,0,0,drift_not_confirmed,,voltage_rolling_mean=230.658893;source_publish_interval=0.504068,,0.533832935616374,9.52620804309845,10.078958002850413
2026-08-10T16:33:26.341109+00:00,measurement_drift_01,meter_01,587,none,none,none,none,none,none,0.9995395852886756,0.4478756519243943,0,,0,0,drift_not_confirmed,,voltage_rolling_mean=231.644142;source_publish_interval=0.504067,,2.1650001872330904,23.74391700141132,25.951374787837267
2026-08-10T16:33:26.367419+00:00,measurement_drift_01,meter_02,587,none,none,none,none,none,normal_drift,0.9825525727325137,0.4780525129132983,0,,1,0,collecting_candidates;drift_not_confirmed,voltage_rolling_mean,voltage_rolling_mean=230.109922;source_publish_interval=0.504068,voltage_rolling_mean,0.8179580327123404,11.991041013970971,12.8325829282403
2026-08-10T16:33:26.380366+00:00,measurement_drift_01,meter_03,587,none,none,none,none,none,none,0.9997840778409292,0.5492572444278249,0,,0,0,drift_not_confirmed,,voltage_rolling_mean=230.658893;source_publish_interval=0.504068,,0.5161669105291367,9.762458968907595,10.29762509278953
2026-08-10T16:33:26.844443+00:00,measurement_drift_01,meter_01,588,none,none,none,none,none,none,0.9998351307071217,0.4886538659505244,0,,0,0,drift_not_confirmed,,voltage_rolling_mean=231.644142;source_publish_interval=0.504067,,2.0323749631643295,22.23241701722145,24.304124992340803
2026-08-10T16:33:26.869104+00:00,measurement_drift_01,meter_02,588,none,none,none,none,none,normal_drift,0.9952028775894091,0.46678944027008973,0,,1,0,collecting_candidates;drift_not_confirmed,voltage_rolling_mean,voltage_rolling_mean=230.109922;source_publish_interval=0.504068,voltage_rolling_mean,0.8297499734908342,12.12470792233944,12.978584039956331
2026-08-10T16:33:26.882230+00:00,measurement_drift_01,meter_03,588,none,none,none,none,none,none,0.996852839870556,0.5623104927109864,0,,0,0,drift_not_confirmed,,voltage_rolling_mean=230.658893;source_publish_interval=0.504068,,0.5377919878810644,9.579500183463097,10.136041091755033
2026-08-10T16:33:27.349679+00:00,measurement_drift_01,meter_01,589,none,none,none,none,none,none,0.9983035511490843,0.45548680790835794,0,,0,0,drift_not_confirmed,,voltage_rolling_mean=231.644142;source_publish_interval=0.504067,,2.455709036439657,21.019625011831522,23.50633405148983
2026-08-10T16:33:27.373553+00:00,measurement_drift_01,meter_02,589,none,none,none,none,none,normal_drift,0.9936840554356098,0.5005222101167072,0,,1,1,drift_not_confirmed;reference_updated,voltage_rolling_mean,voltage_rolling_mean=229.109922;source_publish_interval=0.504068,voltage_rolling_mean,0.6870839279145002,11.92004093900323,12.633625185117126
2026-08-10T16:33:27.386305+00:00,measurement_drift_01,meter_03,589,none,none,none,none,none,none,0.9963349277818132,0.44689062604212654,0,,0,0,drift_not_confirmed,,voltage_rolling_mean=230.658893;source_publish_interval=0.504068,,0.5689170211553574,9.536792058497667,10.124125052243471
2026-08-10T16:33:27.852875+00:00,measurement_drift_01,meter_01,590,none,none,none,none,none,none,0.9955490227711948,0.45590161401908214,0,,0,0,drift_not_confirmed,,voltage_rolling_mean=231.644142;source_publish_interval=0.504067,,2.078999998047948,22.103541996330023,24.2161659989506
2026-08-10T16:33:27.877430+00:00,measurement_drift_01,meter_02,590,none,none,none,none,none,normal_drift,0.9950609118701095,0.45074583556887665,0,,1,0,collecting_candidates;drift_not_confirmed,voltage_rolling_mean,voltage_rolling_mean=229.109922;source_publish_interval=0.504068,voltage_rolling_mean,0.7286251056939363,11.797416023910046,12.551208026707172
2026-08-10T16:33:27.890101+00:00,measurement_drift_01,meter_03,590,none,none,none,none,none,none,0.9922214197568402,0.4435526027434476,0,,0,0,drift_not_confirmed,,voltage_rolling_mean=230.658893;source_publish_interval=0.504068,,0.6262909155339003,9.565624874085188,10.211499873548746
2026-08-10T16:33:28.357027+00:00,measurement_drift_01,meter_01,591,none,none,none,none,none,none,0.998797280340482,0.45724898045283996,0,,0,0,drift_not_confirmed,,voltage_rolling_mean=231.644142;source_publish_interval=0.504067,,2.1568338852375746,21.137832896783948,23.328041890636086
2026-08-10T16:33:28.380710+00:00,measurement_drift_01,meter_02,591,none,none,none,none,none,normal_drift,0.9815108554205794,0.4572966798458955,0,,1,0,collecting_candidates;drift_not_confirmed,voltage_rolling_mean,voltage_rolling_mean=229.109922;source_publish_interval=0.504068,voltage_rolling_mean,0.8305408991873264,11.88316592015326,12.736749835312366
2026-08-10T16:33:28.393551+00:00,measurement_drift_01,meter_03,591,none,none,none,unknown,unknown,unknown,0.999962036866618,0.6382673149608403,0,,0,0,drift_not_confirmed,,voltage_rolling_mean=230.658893;source_publish_interval=0.504068,,0.5332920700311661,9.600999997928739,10.152583010494709
2026-08-10T16:33:28.862226+00:00,measurement_drift_01,meter_01,592,none,none,none,none,none,none,0.9938378763535329,0.45749048945882603,0,,0,0,drift_not_confirmed,,voltage_rolling_mean=231.644142;source_publish_interval=0.504067,,2.535332925617695,19.16545908898115,21.733416942879558
2026-08-10T16:33:28.884312+00:00,measurement_drift_01,meter_02,592,none,none,none,none,none,normal_drift,0.981419672178361,0.4558081838648881,0,,1,0,collecting_candidates;drift_not_confirmed,voltage_rolling_mean,voltage_rolling_mean=229.109922;source_publish_interval=0.504068,voltage_rolling_mean,0.6983750499784946,11.446999851614237,12.16699997894466
2026-08-10T16:33:28.896575+00:00,measurement_drift_01,meter_03,592,none,none,none,none,none,none,0.9979347297082793,0.4548537169559488,0,,0,0,drift_not_confirmed,,voltage_rolling_mean=230.658893;source_publish_interval=0.504068,,0.5170409567654133,9.398333029821515,9.933541994541883
2026-08-10T16:33:29.363744+00:00,measurement_drift_01,meter_01,593,none,none,none,none,none,none,0.9990568773681233,0.45516095111274285,0,,0,0,drift_not_confirmed,,voltage_rolling_mean=231.644142;source_publish_interval=0.504067,,2.2641250398010015,19.824041984975338,22.121083922684193
2026-08-10T16:33:29.386256+00:00,measurement_drift_01,meter_02,593,none,none,none,none,none,normal_drift,0.9953498965660826,0.4621972382653349,0,,1,0,collecting_candidates;drift_not_confirmed,voltage_rolling_mean,voltage_rolling_mean=229.109922;source_publish_interval=0.504068,voltage_rolling_mean,0.7191249169409275,11.68920798227191,12.429957976564765
2026-08-10T16:33:29.398796+00:00,measurement_drift_01,meter_03,593,none,none,none,none,none,none,0.9997179794960352,0.4837792419426468,0,,0,0,drift_not_confirmed,,voltage_rolling_mean=230.658893;source_publish_interval=0.504068,,0.5344171077013016,9.467208059504628,10.019541019573808
2026-08-10T16:33:29.868642+00:00,measurement_drift_01,meter_01,594,none,none,none,none,none,none,0.9993698117882344,0.461170930086669,0,,0,0,drift_not_confirmed,,voltage_rolling_mean=231.644142;source_publish_interval=0.504067,,2.599750179797411,18.93283287063241,21.564665948972106
2026-08-10T16:33:29.890563+00:00,measurement_drift_01,meter_02,594,none,none,none,none,none,normal_drift,0.9884814227801251,0.5030747729319732,0,,1,0,collecting_candidates;drift_not_confirmed,voltage_rolling_mean,voltage_rolling_mean=229.109922;source_publish_interval=0.504068,voltage_rolling_mean,0.7417500019073486,11.664042016491294,12.426957953721285
2026-08-10T16:33:29.903096+00:00,measurement_drift_01,meter_03,594,none,none,none,none,none,none,0.9887495166508953,0.5323042253910267,0,,0,0,drift_not_confirmed,,voltage_rolling_mean=230.658893;source_publish_interval=0.504068,,0.5263749044388533,9.532666997984052,10.077124927192926
2026-08-10T16:33:30.369527+00:00,measurement_drift_01,meter_01,595,none,none,none,none,none,none,0.9981021606375441,0.5811332999845698,0,,0,0,drift_not_confirmed,,voltage_rolling_mean=231.644142;source_publish_interval=0.504067,,2.7964580804109573,20.301667042076588,23.135750088840723
2026-08-10T16:33:30.393082+00:00,measurement_drift_01,meter_02,595,none,none,none,none,none,normal_drift,0.9863736759192603,0.45873531009521956,0,,1,0,collecting_candidates;drift_not_confirmed,voltage_rolling_mean,voltage_rolling_mean=229.109922;source_publish_interval=0.504068,voltage_rolling_mean,0.7528751157224178,11.977874906733632,12.755458941683173
2026-08-10T16:33:30.405967+00:00,measurement_drift_01,meter_03,595,none,none,none,none,none,none,0.9997509344370994,0.5069387381189608,0,,0,0,drift_not_confirmed,,voltage_rolling_mean=230.658893;source_publish_interval=0.504068,,0.5339998751878738,9.632291970774531,10.187040781602263
