receive_timestamp,scenario_id,device_id,sequence_number,true_attack_type,true_drift_type,known_prediction,decision,raw_decision,drift_aware_decision,confidence,anomaly_score,drift_detected,drift_features,adaptation_allowed,adaptation_updated,adaptation_reason,adaptation_features,adaptation_references,approved_drift_features,feature_extraction_ms,model_inference_ms,total_detection_ms
2026-08-10T16:34:23.127106+00:00,measurement_drift_01,meter_01,0,none,none,none,none,none,none,1.0,0.4503380918244757,0,,0,0,calibration_sample_not_trusted,,,,0.1115831546485424,9.504250017926097,9.639374911785126
2026-08-10T16:34:23.136861+00:00,measurement_drift_01,meter_02,0,none,none,none,none,none,none,1.0,0.4403369709558798,0,,0,0,calibration_sample_not_trusted,,,,0.05558389239013195,6.225958000868559,6.304582813754678
2026-08-10T16:34:23.143260+00:00,measurement_drift_01,meter_03,0,none,none,none,none,none,none,1.0,0.4536602677993527,0,,0,0,calibration_sample_not_trusted,,,,0.054582953453063965,6.172375055029988,6.247999845072627
2026-08-10T16:34:23.634333+00:00,measurement_drift_01,meter_01,1,none,none,none,none,none,none,0.9999048180806824,0.4639679128496457,0,,0,0,calibration_sample_not_trusted,,,,0.7662090938538313,21.930416114628315,22.759666899219155
2026-08-10T16:34:23.657541+00:00,measurement_drift_01,meter_02,1,none,none,none,none,none,none,0.9999908190031266,0.4408176916490755,0,,0,0,calibration_sample_not_trusted,,,,0.31949998810887337,12.244542129337788,12.588707963004708
2026-08-10T16:34:23.670305+00:00,measurement_drift_01,meter_03,1,none,none,none,none,none,none,0.9999964692629678,0.45724605364547327,0,,0,0,calibration_sample_not_trusted,,,,0.15483307652175426,9.837707970291376,10.0149589125067
2026-08-10T16:34:24.139752+00:00,measurement_drift_01,meter_01,2,none,none,none,none,none,none,0.9999461863782838,0.5518066326585166,0,,0,0,calibration_sample_not_trusted,,,,1.0850830003619194,19.08083399757743,20.206833025440574
2026-08-10T16:34:24.160453+00:00,measurement_drift_01,meter_02,2,none,none,none,none,none,none,0.9999986489641101,0.5725234765700936,0,,0,0,calibration_sample_not_trusted,,,,0.4924170207232237,12.761584017425776,13.279750011861324
2026-08-10T16:34:24.173904+00:00,measurement_drift_01,meter_03,2,none,none,random,random,random,random,1.0,0.510745385166665,0,,0,0,calibration_sample_not_trusted,,,,0.2696658484637737,10.194834088906646,10.48170798458159
2026-08-10T16:34:24.644087+00:00,measurement_drift_01,meter_01,3,none,none,none,none,none,none,0.9997824564882815,0.44517200385799377,0,,0,0,calibration_sample_not_trusted,,,,1.2754169292747974,21.020042011514306,22.334417095407844
2026-08-10T16:34:24.666797+00:00,measurement_drift_01,meter_02,3,none,none,none,none,none,none,0.9999963888958788,0.4447286733651135,0,,0,0,calibration_sample_not_trusted,,,,0.3810829948633909,11.777249863371253,12.18104106374085
2026-08-10T16:34:24.679105+00:00,measurement_drift_01,meter_03,3,none,none,none,none,none,none,0.9999975167253439,0.4470547231519012,0,,0,0,calibration_sample_not_trusted,,,,0.2851251047104597,9.754708968102932,10.058667045086622
2026-08-10T16:34:25.149307+00:00,measurement_drift_01,meter_01,4,none,none,none,none,none,none,0.9999925183430695,0.4528373333186188,0,,0,0,calibration_sample_not_trusted,,,,1.702791079878807,20.134667167440057,21.870375145226717
2026-08-10T16:34:25.171648+00:00,measurement_drift_01,meter_02,4,none,none,none,none,none,none,0.9999961402539034,0.47578335737132976,0,,0,0,calibration_sample_not_trusted,,,,0.37766597233712673,11.69308414682746,12.08766596391797
2026-08-10T16:34:25.183858+00:00,measurement_drift_01,meter_03,4,none,none,none,none,none,none,0.9993335258130078,0.465479571547804,0,,0,0,calibration_sample_not_trusted,,,,0.27125002816319466,9.579750010743737,9.865750093013048
2026-08-10T16:34:25.652057+00:00,measurement_drift_01,meter_01,5,none,none,none,none,none,none,0.9999853552332899,0.4494940906117127,0,,0,0,calibration_sample_not_trusted,,,,1.9333339296281338,23.293790873140097,25.260915979743004
2026-08-10T16:34:25.677805+00:00,measurement_drift_01,meter_02,5,none,none,none,none,none,none,0.999946504648839,0.5590884121213829,0,,0,0,calibration_sample_not_trusted,,,,0.4785421770066023,12.301750015467405,12.799625052139163
2026-08-10T16:34:25.690750+00:00,measurement_drift_01,meter_03,5,none,none,none,none,none,none,0.9999966315006611,0.43986865279589654,0,,0,0,calibration_sample_not_trusted,,,,0.3383329603821039,9.572124807164073,9.924916084855795
2026-08-10T16:34:26.156841+00:00,measurement_drift_01,meter_01,6,none,none,none,none,none,none,0.9999923021525248,0.46451478787390627,0,,0,0,calibration_sample_not_trusted,,,,1.2590840924531221,22.384833078831434,23.683124920353293
2026-08-10T16:34:26.180923+00:00,measurement_drift_01,meter_02,6,none,none,none,none,none,none,0.9999969604097853,0.45009434542693333,0,,0,0,calibration_sample_not_trusted,,,,0.5859578959643841,12.104582972824574,12.712499825283885
2026-08-10T16:34:26.193794+00:00,measurement_drift_01,meter_03,6,none,none,none,none,none,none,0.9999977905850014,0.5017031701050971,0,,0,0,calibration_sample_not_trusted,,,,0.368666835129261,9.660915937274694,10.045458097010851
2026-08-10T16:34:26.661987+00:00,measurement_drift_01,meter_01,7,none,none,none,none,none,none,0.9999953800624289,0.47552288971795614,0,,0,0,calibration_sample_not_trusted,,,,1.3949999120086432,22.434416925534606,23.861499968916178
2026-08-10T16:34:26.686191+00:00,measurement_drift_01,meter_02,7,none,none,none,none,none,none,0.999994752927312,0.43940652906238015,0,,0,0,calibration_sample_not_trusted,,,,0.5520828999578953,12.28154101409018,12.852082960307598
2026-08-10T16:34:26.699157+00:00,measurement_drift_01,meter_03,7,none,none,none,none,none,none,0.9999280041129031,0.5108562351805954,0,,0,0,calibration_sample_not_trusted,,,,0.3659999929368496,9.549875045195222,9.930332889780402
2026-08-10T16:34:27.164454+00:00,measurement_drift_01,meter_01,8,none,none,none,none,none,none,0.999991572925866,0.49452098431187486,0,,0,0,calibration_sample_not_trusted,,,,1.750458963215351,22.704708157107234,24.48116708546877
2026-08-10T16:34:27.189274+00:00,measurement_drift_01,meter_02,8,none,none,none,none,none,none,0.9999889101341908,0.4507423692058543,0,,0,0,calibration_sample_not_trusted,,,,0.5285840015858412,12.13929196819663,12.687291018664837
2026-08-10T16:34:27.202082+00:00,measurement_drift_01,meter_03,8,none,none,none,none,none,none,0.9999977566468912,0.49043746470427824,0,,0,0,calibration_sample_not_trusted,,,,0.4117919597774744,9.892083005979657,10.320415953174233
2026-08-10T16:34:27.667989+00:00,measurement_drift_01,meter_01,9,none,none,none,none,none,none,0.9999865564087571,0.5868169557057834,0,,0,0,calibration_sample_not_trusted,,,,2.3697500582784414,21.486959187313914,23.886790964752436
2026-08-10T16:34:27.692269+00:00,measurement_drift_01,meter_02,9,none,none,none,none,none,none,0.9999924924019392,0.5349598559867427,0,,0,0,calibration_sample_not_trusted,,,,0.5242910701781511,11.761375004425645,12.304082978516817
2026-08-10T16:34:27.704684+00:00,measurement_drift_01,meter_03,9,none,none,none,none,none,none,0.9999635124562825,0.4726829351200626,0,,0,0,calibration_sample_not_trusted,,,,0.40754186920821667,9.818125050514936,10.240625124424696
2026-08-10T16:34:28.172676+00:00,measurement_drift_01,meter_01,10,none,none,none,none,none,none,0.9999720383604175,0.436565729495149,0,,0,0,calibration_sample_not_trusted,,,,2.211374929174781,21.561292000114918,23.80495797842741
2026-08-10T16:34:28.196857+00:00,measurement_drift_01,meter_02,10,none,none,none,none,none,none,0.9999981860198883,0.43986133657532434,0,,0,0,calibration_sample_not_trusted,,,,0.6167080719023943,11.906750034540892,12.54295906983316
2026-08-10T16:34:28.209519+00:00,measurement_drift_01,meter_03,10,none,none,none,none,none,none,0.9999981810882781,0.48138356352112754,0,,0,0,calibration_sample_not_trusted,,,,0.4354589618742466,9.447624906897545,9.89900017157197
2026-08-10T16:34:28.677987+00:00,measurement_drift_01,meter_01,11,none,none,none,none,none,none,0.999992761223025,0.4680053762189041,0,,0,0,calibration_sample_not_trusted,,,,1.8397918902337551,22.36275002360344,24.231458082795143
2026-08-10T16:34:28.702603+00:00,measurement_drift_01,meter_02,11,none,none,none,none,none,none,0.9999968748858319,0.5598308739343043,0,,0,0,calibration_sample_not_trusted,,,,0.601958017796278,12.148499954491854,12.768125161528587
2026-08-10T16:34:28.715470+00:00,measurement_drift_01,meter_03,11,none,none,none,none,none,none,0.9999994433258742,0.4373115588318562,0,,0,0,calibration_sample_not_trusted,,,,0.4336251877248287,9.51483310200274,9.96250007301569
2026-08-10T16:34:29.180829+00:00,measurement_drift_01,meter_01,12,none,none,none,none,none,none,0.999994964316809,0.43684571068029276,0,,0,0,calibration_sample_not_trusted,,,,2.375207841396332,19.36279097571969,21.765208104625344
2026-08-10T16:34:29.202950+00:00,measurement_drift_01,meter_02,12,none,none,none,none,none,none,0.999998397263587,0.46237012043543774,0,,0,0,calibration_sample_not_trusted,,,,0.5335831083357334,11.49249984882772,12.041292153298855
2026-08-10T16:34:29.215073+00:00,measurement_drift_01,meter_03,12,none,none,none,none,none,none,0.9999992559673017,0.45447318944597803,0,,0,0,calibration_sample_not_trusted,,,,0.4107910208404064,9.298790944740176,9.723125025629997
2026-08-10T16:34:29.686004+00:00,measurement_drift_01,meter_01,13,none,none,none,none,none,none,0.9999957551021418,0.4426248809740746,0,,0,0,calibration_sample_not_trusted,,,,1.9817091524600983,20.520625170320272,22.52962510101497
2026-08-10T16:34:29.708900+00:00,measurement_drift_01,meter_02,13,none,none,none,none,none,none,0.9999969948010325,0.4526515789214442,0,,0,0,calibration_sample_not_trusted,,,,0.5867909640073776,11.635374976322055,12.238000053912401
2026-08-10T16:34:29.721244+00:00,measurement_drift_01,meter_03,13,none,none,none,none,none,none,0.9999994007623658,0.44557020124498137,0,,0,0,calibration_sample_not_trusted,,,,0.4254588857293129,9.451457997784019,9.891083929687738
2026-08-10T16:34:30.189774+00:00,measurement_drift_01,meter_01,14,none,none,none,none,none,none,0.9999940933610336,0.44447412036722056,0,,0,0,calibration_sample_not_trusted,,,,2.0240419544279575,18.546583829447627,20.59245901182294
2026-08-10T16:34:30.210709+00:00,measurement_drift_01,meter_02,14,none,none,none,none,none,none,0.999994095428937,0.4655819584645307,0,,0,0,calibration_sample_not_trusted,,,,0.5552079528570175,11.328916996717453,11.901292018592358
2026-08-10T16:34:30.222698+00:00,measurement_drift_01,meter_03,14,none,none,none,none,none,none,0.9999990561122697,0.46285994539214537,0,,0,0,calibration_sample_not_trusted,,,,0.4462499637156725,9.402083000168204,9.862500010058284
2026-08-10T16:34:30.694961+00:00,measurement_drift_01,meter_01,15,none,none,none,none,none,none,0.9999940170504792,0.4745738969197336,0,,0,0,calibration_sample_not_trusted,,,,2.081500133499503,22.2118750680238,24.32562503963709
2026-08-10T16:34:30.719666+00:00,measurement_drift_01,meter_02,15,none,none,none,none,none,none,0.9999880279026178,0.44241739489843857,0,,0,0,calibration_sample_not_trusted,,,,0.635666074231267,12.005124939605594,12.65791617333889
2026-08-10T16:34:30.732427+00:00,measurement_drift_01,meter_03,15,none,none,none,none,none,none,0.9999990422325225,0.4966991236535911,0,,0,0,calibration_sample_not_trusted,,,,0.5058338865637779,9.668250102549791,10.187624953687191
2026-08-10T16:34:31.199144+00:00,measurement_drift_01,meter_01,16,none,none,none,none,none,none,0.9999815436352666,0.44906966222915573,0,,0,0,calibration_sample_not_trusted,,,,1.3841250911355019,21.051625022664666,22.49029208905995
2026-08-10T16:34:31.222050+00:00,measurement_drift_01,meter_02,16,none,none,none,none,none,none,0.9999923697790818,0.4425886254705332,0,,0,0,calibration_sample_not_trusted,,,,0.89216697961092,12.945708120241761,13.86291696690023
2026-08-10T16:34:31.236099+00:00,measurement_drift_01,meter_03,16,none,none,none,none,none,none,0.9999989406299998,0.44290454017475905,0,,0,0,calibration_sample_not_trusted,,,,0.568249961361289,9.74566605873406,10.332250036299229
2026-08-10T16:34:31.705204+00:00,measurement_drift_01,meter_01,17,none,none,none,none,none,none,0.9999845434840695,0.4613053762232423,0,,0,0,calibration_sample_not_trusted,,,,1.8247498665004969,22.412542020902038,24.27883306518197
2026-08-10T16:34:31.729902+00:00,measurement_drift_01,meter_02,17,none,none,none,none,none,none,0.9999965267938067,0.5456592031435864,0,,0,0,calibration_sample_not_trusted,,,,0.8501671254634857,12.117832899093628,12.990042101591825
2026-08-10T16:34:31.743041+00:00,measurement_drift_01,meter_03,17,none,none,none,none,none,none,0.999997635641714,0.4361866170109084,0,,0,0,calibration_sample_not_trusted,,,,0.5131671205163002,9.52816684730351,10.05683303810656
2026-08-10T16:34:32.210039+00:00,measurement_drift_01,meter_01,18,none,none,none,none,none,none,0.9999834743471712,0.5384074927231325,0,,0,0,calibration_sample_not_trusted,,,,2.312124939635396,21.780124865472317,24.13620799779892
2026-08-10T16:34:32.234657+00:00,measurement_drift_01,meter_02,18,none,none,none,none,none,none,0.9999521473705328,0.5210548874221671,0,,0,0,calibration_sample_not_trusted,,,,0.818583182990551,12.050542049109936,12.888291152194142
2026-08-10T16:34:32.247675+00:00,measurement_drift_01,meter_03,18,none,none,none,none,none,none,0.9999983189257671,0.43508855071283026,0,,0,0,calibration_sample_not_trusted,,,,0.5179170984774828,9.463290916755795,9.99708310700953
2026-08-10T16:34:32.715161+00:00,measurement_drift_01,meter_01,19,none,none,none,none,none,none,0.9999765599117331,0.4430584673764831,0,,0,0,calibration_sample_not_trusted,,,,1.9624580163508654,22.104040952399373,24.101708084344864
2026-08-10T16:34:32.739564+00:00,measurement_drift_01,meter_02,19,none,none,none,none,none,none,0.9999960791068787,0.49058896892481874,0,,0,0,calibration_sample_not_trusted,,,,0.8285411167889833,11.91004179418087,12.758541153743863
2026-08-10T16:34:32.752449+00:00,measurement_drift_01,meter_03,19,none,none,none,none,none,none,0.9999984355897902,0.4664746252942562,0,,0,0,calibration_sample_not_trusted,,,,0.5604159086942673,9.557207813486457,10.132791940122843
2026-08-10T16:34:33.217858+00:00,measurement_drift_01,meter_01,20,none,none,none,none,none,none,0.9999777616401374,0.43467957303235993,0,,0,0,none,,,,2.1520419977605343,21.928332978859544,24.119999958202243
2026-08-10T16:34:33.242316+00:00,measurement_drift_01,meter_02,20,none,none,none,none,none,none,0.9999986501743129,0.44300686407174755,0,,0,0,none,,,,0.8269171230494976,11.756667168810964,12.604125076904893
2026-08-10T16:34:33.255030+00:00,measurement_drift_01,meter_03,20,none,none,none,none,none,none,0.9999989724125896,0.44918504737732684,0,,0,0,none,,,,0.576334074139595,9.405124932527542,9.997749933972955
2026-08-10T16:34:33.722339+00:00,measurement_drift_01,meter_01,21,none,none,none,none,none,none,0.9999655524028688,0.5233940867931717,0,,0,0,none,,,,2.1112498361617327,21.825167117640376,23.96454196423292
2026-08-10T16:34:33.746659+00:00,measurement_drift_01,meter_02,21,none,none,none,none,none,none,0.9999971073291707,0.4761203525875906,0,,0,0,none,,,,0.8091249037533998,11.942374985665083,12.769583845511079
2026-08-10T16:34:33.759528+00:00,measurement_drift_01,meter_03,21,none,none,none,none,none,none,0.9999966756719492,0.46026168393129824,0,,0,0,none,,,,0.5885418504476547,9.432957973331213,10.03629108890891
2026-08-10T16:34:34.225756+00:00,measurement_drift_01,meter_01,22,none,none,none,none,none,none,0.9999915708669996,0.44216665725926746,0,,0,0,none,,,,1.9749579951167107,21.136957919225097,23.14091706648469
2026-08-10T16:34:34.249191+00:00,measurement_drift_01,meter_02,22,none,none,none,none,none,none,0.9999981084252394,0.4480482572948051,0,,0,0,none,,,,0.7235840894281864,11.686958838254213,12.429499998688698
2026-08-10T16:34:34.261737+00:00,measurement_drift_01,meter_03,22,none,none,none,none,none,none,0.9999985984613954,0.4485553140711873,0,,0,0,none,,,,0.59291603974998,9.571417002007365,10.178875178098679
2026-08-10T16:34:34.730434+00:00,measurement_drift_01,meter_01,23,none,none,none,none,none,none,0.9999767038373819,0.45080879026847487,0,,0,0,none,,,,2.0773750729858875,21.71670808456838,23.826415883377194
2026-08-10T16:34:34.754604+00:00,measurement_drift_01,meter_02,23,none,none,none,none,none,none,0.9999927130490965,0.4685769297047013,0,,0,0,none,,,,0.8247499354183674,11.856082826852798,12.699790997430682
2026-08-10T16:34:34.767443+00:00,measurement_drift_01,meter_03,23,none,none,none,none,none,none,0.9999986649125264,0.4633573925769437,0,,0,0,none,,,,0.5855830386281013,9.464917005971074,10.065124835819006
2026-08-10T16:34:35.235759+00:00,measurement_drift_01,meter_01,24,none,none,none,none,none,none,0.9999877568620884,0.4379383620619054,0,,0,0,none,,,,2.5413748808205128,19.253167090937495,21.82645909488201
2026-08-10T16:34:35.257946+00:00,measurement_drift_01,meter_02,24,none,none,none,none,none,none,0.9999898215504156,0.49322132232080496,0,,0,0,none,,,,0.6911670789122581,11.33408397436142,12.041999958455563
2026-08-10T16:34:35.270093+00:00,measurement_drift_01,meter_03,24,none,none,none,none,none,none,0.9999981705269764,0.4373217094043533,0,,0,0,none,,,,0.5363340023905039,9.312957990914583,9.864292107522488
2026-08-10T16:34:35.740719+00:00,measurement_drift_01,meter_01,25,none,none,none,none,none,none,0.9999913905169711,0.4566203640377938,0,,0,0,none,,,,2.130750101059675,22.133166901767254,24.29775008931756
2026-08-10T16:34:35.765380+00:00,measurement_drift_01,meter_02,25,none,none,none,none,none,none,0.999962323493365,0.47977286101275235,0,,0,0,none,,,,0.809249933809042,12.051667086780071,12.879000045359135
2026-08-10T16:34:35.778367+00:00,measurement_drift_01,meter_03,25,none,none,none,none,none,none,0.9999938411815278,0.47919950474776485,0,,0,0,none,,,,0.5765419919043779,9.4906659796834,10.081582935526967
2026-08-10T16:34:36.245918+00:00,measurement_drift_01,meter_01,26,none,none,none,none,none,none,0.9999944254821606,0.4913223772381086,0,,0,0,none,,,,2.4528750218451023,20.61637514270842,23.098000092431903
2026-08-10T16:34:36.269385+00:00,measurement_drift_01,meter_02,26,none,none,none,none,none,none,0.9999979396474195,0.4711974693349181,0,,0,0,none,,,,0.6861251313239336,11.662042001262307,12.365250149741769
2026-08-10T16:34:36.281853+00:00,measurement_drift_01,meter_03,26,none,none,none,none,none,none,0.9999957727880852,0.47138014005144124,0,,0,0,none,,,,0.5930420011281967,9.53024998307228,10.138125158846378
2026-08-10T16:34:36.750903+00:00,measurement_drift_01,meter_01,27,none,none,none,none,none,none,0.9999913940875831,0.4361689250792663,0,,0,0,none,,,,1.959583954885602,21.801916882395744,23.795834043994546
2026-08-10T16:34:36.774986+00:00,measurement_drift_01,meter_02,27,none,none,none,none,none,none,0.9999956161795405,0.4673727077000679,0,,0,0,none,,,,0.8078329265117645,11.84712490066886,12.672459008172154
2026-08-10T16:34:36.787755+00:00,measurement_drift_01,meter_03,27,none,none,none,none,none,none,0.9999965829708998,0.49098282684448613,0,,0,0,none,,,,0.5729580298066139,9.446959011256695,10.03441703505814
2026-08-10T16:34:37.254506+00:00,measurement_drift_01,meter_01,28,none,none,none,none,none,none,0.9999861002943756,0.4374421186454191,0,,0,0,none,,,,2.1577090956270695,22.303750040009618,24.495250079780817
2026-08-10T16:34:37.279415+00:00,measurement_drift_01,meter_02,28,none,none,none,none,none,none,0.9999804425334173,0.46826202793073857,0,,0,0,none,,,,0.8349169511348009,11.998708127066493,12.851708102971315
2026-08-10T16:34:37.292372+00:00,measurement_drift_01,meter_03,28,none,none,none,none,none,none,0.9999990761238178,0.4383204125886797,0,,0,0,none,,,,0.5871250759810209,9.441749891266227,10.043540969491005
2026-08-10T16:34:37.759495+00:00,measurement_drift_01,meter_01,29,none,none,none,none,none,none,0.9999755055435792,0.44189656808223315,0,,0,0,none,,,,1.9595001358538866,21.145374979823828,23.132917005568743
2026-08-10T16:34:37.782908+00:00,measurement_drift_01,meter_02,29,none,none,none,none,none,none,0.9999982621968614,0.4791211515898451,0,,0,0,none,,,,0.6950411479920149,11.60929212346673,12.322207912802696
2026-08-10T16:34:37.795326+00:00,measurement_drift_01,meter_03,29,none,none,none,none,none,none,0.9999982017317287,0.44320420911641273,0,,0,0,none,,,,0.5875418428331614,9.533500066027045,10.135249933227897
2026-08-10T16:34:38.264683+00:00,measurement_drift_01,meter_01,30,none,none,none,none,none,none,0.9999928423149542,0.4632220005111764,0,,0,0,none,,,,2.346124965697527,18.20179191417992,20.57579206302762
2026-08-10T16:34:38.285640+00:00,measurement_drift_01,meter_02,30,none,none,none,unknown,unknown,unknown,0.9999995916394779,0.6215952145718275,0,,0,0,none,,,,0.6877498235553503,11.32100005634129,12.024207971990108
2026-08-10T16:34:38.297764+00:00,measurement_drift_01,meter_03,30,none,none,none,none,none,none,0.9999980686784838,0.4650796484309815,0,,0,0,none,,,,0.5311248824000359,9.280000114813447,9.826000081375241
2026-08-10T16:34:38.768070+00:00,measurement_drift_01,meter_01,31,none,none,none,none,none,none,0.9999939562796376,0.45167813136599916,0,,0,0,none,,,,2.847125055268407,19.363792147487402,22.237250115722418
2026-08-10T16:34:38.790666+00:00,measurement_drift_01,meter_02,31,none,none,none,none,none,none,0.9999988759398953,0.4741493953017391,0,,0,0,none,,,,0.6953340489417315,11.56262494623661,12.275499990209937
2026-08-10T16:34:38.803039+00:00,measurement_drift_01,meter_03,31,none,none,none,none,none,none,0.9999974828529385,0.4492319061001221,0,,0,0,none,,,,0.5908331368118525,9.67020820826292,10.27587498538196
2026-08-10T16:34:39.269217+00:00,measurement_drift_01,meter_01,32,none,none,none,none,none,none,0.9999956710049752,0.44555071593935935,0,,0,0,none,,,,2.5016670115292072,19.37441690824926,21.907292073592544
2026-08-10T16:34:39.291501+00:00,measurement_drift_01,meter_02,32,none,none,none,none,none,none,0.9999987598333583,0.44889275062948236,0,,0,0,none,,,,0.7220830302685499,11.559833073988557,12.29866617359221
2026-08-10T16:34:39.303904+00:00,measurement_drift_01,meter_03,32,none,none,none,none,none,none,0.9999994739895386,0.5673613538876592,0,,0,0,none,,,,0.5415000487118959,9.476708015426993,10.03337511792779
2026-08-10T16:34:39.773991+00:00,measurement_drift_01,meter_01,33,none,none,none,none,none,none,0.9999942073330461,0.4900619599179867,0,,0,0,none,,,,1.9762918818742037,21.973875118419528,23.97891692817211
2026-08-10T16:34:39.798275+00:00,measurement_drift_01,meter_02,33,none,none,none,none,none,none,0.9999969401474023,0.48286645142036333,0,,0,0,none,,,,0.8290829136967659,12.005542172119021,12.852000072598457
2026-08-10T16:34:39.811219+00:00,measurement_drift_01,meter_03,33,none,none,none,none,none,none,0.9999977053513655,0.4632260299150831,0,,0,0,none,,,,0.5867499858140945,9.392791893333197,9.993833024054766
2026-08-10T16:34:40.276713+00:00,measurement_drift_01,meter_01,34,none,none,none,none,none,none,0.9999949717562018,0.4509803114628728,0,,0,0,none,,,,2.013250021263957,21.451374981552362,23.49316608160734
2026-08-10T16:34:40.300479+00:00,measurement_drift_01,meter_02,34,none,none,none,none,none,none,0.9999990976027421,0.4541277465654494,0,,0,0,none,,,,0.8088750764727592,12.13908288627863,12.964499881491065
2026-08-10T16:34:40.313542+00:00,measurement_drift_01,meter_03,34,none,none,none,none,none,none,0.9999985024433296,0.4538824687858703,0,,0,0,none,,,,0.5901670083403587,9.526874870061874,10.130667127668858
2026-08-10T16:34:40.782357+00:00,measurement_drift_01,meter_01,35,none,none,none,none,none,none,0.9999966614673511,0.43780627879155953,0,,0,0,none,,,,2.0562917925417423,21.718916948884726,23.802415933459997
2026-08-10T16:34:40.806438+00:00,measurement_drift_01,meter_02,35,none,none,none,unknown,unknown,unknown,0.9999995821606286,0.631182204958678,0,,0,0,none,,,,0.8049160242080688,11.8968749884516,12.718500103801489
2026-08-10T16:34:40.819261+00:00,measurement_drift_01,meter_03,35,none,none,none,none,none,none,0.9999969191428821,0.45095875133106,0,,0,0,none,,,,0.5860000383108854,9.42929182201624,10.029542027041316
2026-08-10T16:34:41.286673+00:00,measurement_drift_01,meter_01,36,none,none,none,none,none,none,0.9999953319626197,0.5605030775551012,0,,0,0,none,,,,1.380707835778594,20.790915936231613,22.198542021214962
2026-08-10T16:34:41.309110+00:00,measurement_drift_01,meter_02,36,none,none,none,none,none,none,0.9999991945205295,0.4402990953774005,0,,0,0,none,,,,0.8630831725895405,13.304708059877157,14.185999985784292
2026-08-10T16:34:41.323419+00:00,measurement_drift_01,meter_03,36,none,none,none,none,none,none,0.9999987543741281,0.4521613884501582,0,,0,0,none,,,,0.6210419815033674,10.156082920730114,10.791125008836389
2026-08-10T16:34:41.792359+00:00,measurement_drift_01,meter_01,37,none,none,none,none,none,none,0.9999968895744661,0.4413429158844978,0,,0,0,none,,,,2.231624908745289,22.523374995216727,24.787165923044086
2026-08-10T16:34:41.817520+00:00,measurement_drift_01,meter_02,37,none,none,none,none,none,none,0.9999939406940391,0.43835350096435133,0,,0,0,none,,,,0.8099998813122511,11.975458124652505,12.802832992747426
2026-08-10T16:34:41.830421+00:00,measurement_drift_01,meter_03,37,none,none,none,none,none,none,0.9999983830253201,0.4606181519273301,0,,0,0,none,,,,0.5954590160399675,9.43229184485972,10.04183292388916
2026-08-10T16:34:42.293673+00:00,measurement_drift_01,meter_01,38,none,none,none,none,none,none,0.9999959973942742,0.4777997031807939,0,,0,0,none,,,,2.0254170522093773,21.456042071804404,23.510584142059088
2026-08-10T16:34:42.317500+00:00,measurement_drift_01,meter_02,38,none,none,none,none,none,none,0.9999988883277519,0.4510496871260017,0,,0,0,none,,,,0.7052500732243061,11.694499989971519,12.418165802955627
2026-08-10T16:34:42.330021+00:00,measurement_drift_01,meter_03,38,none,none,none,none,none,none,0.9999978814030626,0.45273124700048734,0,,0,0,none,,,,0.6073329132050276,9.558208985254169,10.18008403480053
2026-08-10T16:34:42.799046+00:00,measurement_drift_01,meter_01,39,none,none,none,none,none,none,0.9999940100850178,0.44321308885908983,0,,0,0,none,,,,2.344499807804823,22.53558300435543,24.90683295764029
2026-08-10T16:34:42.824299+00:00,measurement_drift_01,meter_02,39,none,none,none,none,none,none,0.9998332422349784,0.4431391122664573,0,,0,0,none,,,,0.8084999863058329,12.100624851882458,12.927207862958312
2026-08-10T16:34:42.837321+00:00,measurement_drift_01,meter_03,39,none,none,none,none,none,none,0.9999990919373923,0.6058209026490199,0,,0,0,none,,,,0.5689170211553574,9.453332982957363,10.03662496805191
2026-08-10T16:34:43.304052+00:00,measurement_drift_01,meter_01,40,none,none,none,none,none,none,0.9999864076102789,0.44572765141684306,0,,0,0,none,,,,2.1274590399116278,21.039666142314672,23.199165938422084
2026-08-10T16:34:43.327538+00:00,measurement_drift_01,meter_02,40,none,none,none,none,none,none,0.999995709489061,0.47417429765563734,0,,0,0,none,,,,0.6971668917685747,11.566292028874159,12.280707946047187
2026-08-10T16:34:43.339923+00:00,measurement_drift_01,meter_03,40,none,none,none,none,none,none,0.999999319196932,0.5430819343498401,0,,0,0,none,,,,0.5989999044686556,9.561625076457858,10.174708208069205
2026-08-10T16:34:43.806063+00:00,measurement_drift_01,meter_01,41,none,none,none,none,none,none,0.9999965106954048,0.5182339505497846,0,,0,0,none,,,,2.512957900762558,22.132332902401686,24.678249843418598
2026-08-10T16:34:43.831113+00:00,measurement_drift_01,meter_02,41,none,none,none,none,none,none,0.9999957110730237,0.5525802699654302,0,,0,0,none,,,,0.7279999554157257,11.817250167950988,12.562749907374382
2026-08-10T16:34:43.843774+00:00,measurement_drift_01,meter_03,41,none,none,none,none,none,none,0.9999971162600403,0.47305258087489493,0,,0,0,none,,,,0.6056670099496841,9.589666035026312,10.209833038970828
2026-08-10T16:34:44.309240+00:00,measurement_drift_01,meter_01,42,none,none,none,none,none,none,0.9999979833011353,0.5635289499768691,0,,0,0,none,,,,1.9475419539958239,21.783167030662298,23.761749966070056
2026-08-10T16:34:44.333435+00:00,measurement_drift_01,meter_02,42,none,none,none,none,none,none,0.99999900292251,0.4388648380328959,0,,0,0,none,,,,0.8324170485138893,11.986958095803857,12.836209032684565
2026-08-10T16:34:44.346374+00:00,measurement_drift_01,meter_03,42,none,none,none,none,none,none,0.9999980285068549,0.4734411101003418,0,,0,0,none,,,,0.5440420936793089,9.409124962985516,9.96866705827415
2026-08-10T16:34:44.814247+00:00,measurement_drift_01,meter_01,43,none,none,none,none,none,none,0.999993263280166,0.44552189963503386,0,,0,0,none,,,,2.1878748666495085,22.564291954040527,24.77870788425207
2026-08-10T16:34:44.839355+00:00,measurement_drift_01,meter_02,43,none,none,none,none,none,none,0.9999979190360372,0.4363275204450217,0,,0,0,none,,,,0.8382080122828484,12.137708021327853,12.993125012144446
2026-08-10T16:34:44.852446+00:00,measurement_drift_01,meter_03,43,none,none,none,none,none,none,0.9999978996711272,0.5902822311060721,0,,0,0,none,,,,0.6361671257764101,9.60479211062193,10.255165863782167
2026-08-10T16:34:45.319531+00:00,measurement_drift_01,meter_01,44,none,none,none,none,none,none,0.9999968470710825,0.4494644631011368,0,,0,0,none,,,,2.2182080429047346,21.905167028307915,24.15837487205863
2026-08-10T16:34:45.344062+00:00,measurement_drift_01,meter_02,44,none,none,none,none,none,none,0.9999965601027374,0.4329481363599998,0,,0,0,none,,,,0.8319169282913208,11.975207831710577,12.82420800998807
2026-08-10T16:34:45.356989+00:00,measurement_drift_01,meter_03,44,none,none,none,none,none,none,0.9999981732051105,0.44783099169263046,0,,0,0,none,,,,0.5916249938309193,9.526917012408376,10.133374948054552
2026-08-10T16:34:45.824322+00:00,measurement_drift_01,meter_01,45,none,none,none,none,none,none,0.9999974995001133,0.46748980242037674,0,,0,0,none,,,,2.0677910652011633,22.050125058740377,24.14466696791351
2026-08-10T16:34:45.848825+00:00,measurement_drift_01,meter_02,45,none,none,none,none,none,none,0.9999980553827162,0.4435025653114334,0,,0,0,none,,,,0.8151668589562178,11.880707927048206,12.71279202774167
2026-08-10T16:34:45.861629+00:00,measurement_drift_01,meter_03,45,none,none,none,none,none,none,0.9999985136405846,0.5072063415596714,0,,0,0,none,,,,0.5929169710725546,9.45216603577137,10.059540858492255
2026-08-10T16:34:46.328107+00:00,measurement_drift_01,meter_01,46,none,none,none,none,none,none,0.9999979480160137,0.45517414108665855,0,,0,0,none,,,,1.508916961029172,20.30537510290742,21.843332797288895
2026-08-10T16:34:46.350186+00:00,measurement_drift_01,meter_02,46,none,none,none,none,none,none,0.9999987600931913,0.4897082840415482,0,,0,0,none,,,,0.8312081918120384,12.569958809763193,13.41954106464982
2026-08-10T16:34:46.363713+00:00,measurement_drift_01,meter_03,46,none,none,none,none,none,none,0.9999985437359069,0.4645758586305943,0,,0,0,none,,,,0.5997088737785816,9.67754190787673,10.291457874700427
2026-08-10T16:34:46.833761+00:00,measurement_drift_01,meter_01,47,none,none,none,none,none,none,0.9999976242149826,0.45323169472600533,0,,0,0,none,,,,2.1559589076787233,22.385832853615284,24.568957975134254
2026-08-10T16:34:46.858675+00:00,measurement_drift_01,meter_02,47,none,none,none,none,none,none,0.9999989840458098,0.46416936786485036,0,,0,0,none,,,,0.8239171002060175,11.74229197204113,12.583374977111816
2026-08-10T16:34:46.871348+00:00,measurement_drift_01,meter_03,47,none,none,none,none,none,none,0.9999988021653121,0.5711116888642626,0,,0,0,none,,,,0.5909581668674946,9.617459028959274,10.222583077847958
2026-08-10T16:34:47.338430+00:00,measurement_drift_01,meter_01,48,none,none,none,none,none,none,0.9999983580001043,0.4404684155253763,0,,0,0,none,,,,1.979124965146184,22.610124899074435,24.616832844913006
2026-08-10T16:34:47.363463+00:00,measurement_drift_01,meter_02,48,none,none,none,none,none,none,0.9999991639494472,0.47273290950500235,0,,0,0,none,,,,0.8270412217825651,11.880750069394708,12.72483286447823
2026-08-10T16:34:47.376282+00:00,measurement_drift_01,meter_03,48,none,none,none,none,none,none,0.9999983773580121,0.45396413833342436,0,,0,0,none,,,,0.5649582017213106,9.537917096167803,10.117291007190943
2026-08-10T16:34:47.841309+00:00,measurement_drift_01,meter_01,49,none,none,none,none,none,none,0.9999958739317975,0.4459353692615438,0,,0,0,none,,,,2.3300829343497753,21.56408387236297,23.921417072415352
2026-08-10T16:34:47.865711+00:00,measurement_drift_01,meter_02,49,none,none,none,none,none,none,0.9999986830297383,0.45164215944104436,0,,0,0,none,,,,0.7237920071929693,11.58912479877472,12.329665943980217
2026-08-10T16:34:47.878134+00:00,measurement_drift_01,meter_03,49,none,none,none,none,none,none,0.9999987682488016,0.4509923015249414,0,,0,0,none,,,,0.5890000611543655,9.513417026028037,10.116415796801448
2026-08-10T16:34:48.345716+00:00,measurement_drift_01,meter_01,50,none,none,none,none,none,none,0.999989659525528,0.447167718202048,0,,0,0,none,,,,2.0852088928222656,21.80433296598494,23.92049995251
2026-08-10T16:34:48.369933+00:00,measurement_drift_01,meter_02,50,none,none,none,none,none,none,0.9999983674030117,0.44623725295316885,0,,0,0,none,,,,0.8380420040339231,11.713584186509252,12.569291982799768
2026-08-10T16:34:48.382594+00:00,measurement_drift_01,meter_03,50,none,none,none,none,none,none,0.9999992053541829,0.46843879761901386,0,,0,0,none,,,,0.5777920596301556,9.316541953012347,9.908708976581693
2026-08-10T16:34:48.847680+00:00,measurement_drift_01,meter_01,51,none,none,none,none,none,none,0.9999975347183254,0.5111835743470876,0,,0,0,none,,,,2.3277089931070805,18.993583042174578,21.35016699321568
2026-08-10T16:34:48.869385+00:00,measurement_drift_01,meter_02,51,none,none,none,none,none,none,0.9999995654500026,0.4562218904095753,0,,0,0,none,,,,0.7116249762475491,11.469457997009158,12.197291012853384
2026-08-10T16:34:48.881674+00:00,measurement_drift_01,meter_03,51,none,none,none,none,none,none,0.9999990218175259,0.44454113118012495,0,,0,0,none,,,,0.538625055924058,9.298166958615184,9.851249866187572
2026-08-10T16:34:49.351824+00:00,measurement_drift_01,meter_01,52,none,none,none,none,none,none,0.9999948449318056,0.44152571224359055,0,,0,0,none,,,,2.365750027820468,18.331417115405202,20.724999951198697
2026-08-10T16:34:49.372912+00:00,measurement_drift_01,meter_02,52,none,none,none,none,none,none,0.9999931940987138,0.4506353843377482,0,,0,0,none,,,,0.7204578723758459,11.282334104180336,12.019084068015218
2026-08-10T16:34:49.385015+00:00,measurement_drift_01,meter_03,52,none,none,none,none,none,none,0.9999989386733632,0.44129483232758376,0,,0,0,none,,,,0.5210000090301037,9.313124930486083,9.849375113844872
2026-08-10T16:34:49.857060+00:00,measurement_drift_01,meter_01,53,none,none,none,unknown,unknown,unknown,0.9999989410074942,0.6440208937445219,0,,0,0,none,,,,2.0680828019976616,22.29966688901186,24.39495804719627
2026-08-10T16:34:49.881830+00:00,measurement_drift_01,meter_02,53,none,none,none,none,none,none,0.9999981189262014,0.4414477122823321,0,,0,0,none,,,,0.7939159404486418,11.872916016727686,12.684165965765715
2026-08-10T16:34:49.894613+00:00,measurement_drift_01,meter_03,53,none,none,none,none,none,none,0.9999981412949945,0.4580824134814258,0,,0,0,none,,,,0.5855418276041746,9.456916945055127,10.056667029857635
2026-08-10T16:34:50.360955+00:00,measurement_drift_01,meter_01,54,none,none,none,none,none,none,0.9999995158471277,0.5563319915440752,0,,0,0,none,,,,1.3818750157952309,17.247000010684133,18.67366605438292
2026-08-10T16:34:50.379978+00:00,measurement_drift_01,meter_02,54,none,none,none,none,none,none,0.9999996789032303,0.4559446065497279,0,,0,0,none,,,,0.7325408514589071,11.14320894703269,11.89329195767641
2026-08-10T16:34:50.391980+00:00,measurement_drift_01,meter_03,54,none,none,none,none,none,none,0.999999411785768,0.435646865028584,0,,0,0,none,,,,0.5345828831195831,9.409625083208084,9.963500080630183
2026-08-10T16:34:50.867275+00:00,measurement_drift_01,meter_01,55,none,none,none,none,none,none,0.9999960718108147,0.4520647665878434,0,,0,0,none,,,,2.0667079370468855,22.162457928061485,24.26379220560193
2026-08-10T16:34:50.891942+00:00,measurement_drift_01,meter_02,55,none,none,none,none,none,none,0.99999871726969,0.4301378811742942,0,,0,0,none,,,,0.8477498777210712,12.089082971215248,12.954709120094776
2026-08-10T16:34:50.905002+00:00,measurement_drift_01,meter_03,55,none,none,none,none,none,none,0.9999983783438616,0.4498494893738778,0,,0,0,none,,,,0.58720912784338,9.472958045080304,10.074249934405088
2026-08-10T16:34:51.370251+00:00,measurement_drift_01,meter_01,56,none,none,none,none,none,none,0.9999941318701586,0.4447247057551678,0,,0,0,none,,,,2.2329590283334255,21.929790964350104,24.18995788320899
2026-08-10T16:34:51.394766+00:00,measurement_drift_01,meter_02,56,none,none,none,none,none,none,0.999999620310161,0.43946457671841604,0,,0,0,none,,,,0.7935420144349337,11.961042182520032,12.771375011652708
2026-08-10T16:34:51.407637+00:00,measurement_drift_01,meter_03,56,none,none,none,none,none,none,0.9999988693196925,0.43959308310458917,0,,0,0,none,,,,0.5934999790042639,9.429083904251456,10.036666877567768
2026-08-10T16:34:51.875526+00:00,measurement_drift_01,meter_01,57,none,none,none,none,none,none,0.9999982130449658,0.43887124617537443,0,,0,0,none,,,,2.0827502012252808,22.135416977107525,24.25004099495709
2026-08-10T16:34:51.900142+00:00,measurement_drift_01,meter_02,57,none,none,none,none,none,none,0.9999988463540703,0.4405840327970928,0,,0,0,none,,,,0.824958086013794,11.911917012184858,12.755458941683173
2026-08-10T16:34:51.912992+00:00,measurement_drift_01,meter_03,57,none,none,none,none,none,none,0.9999993192481758,0.4845557886867333,0,,0,0,none,,,,0.5686250515282154,9.707416873425245,10.290457867085934
2026-08-10T16:34:52.380460+00:00,measurement_drift_01,meter_01,58,none,none,none,none,none,none,0.9999987130323397,0.5080966227339948,0,,0,0,none,,,,1.9928328692913055,21.522457944229245,23.559666937217116
2026-08-10T16:34:52.404463+00:00,measurement_drift_01,meter_02,58,none,none,none,none,none,none,0.9999993579707113,0.4397693562135536,0,,0,0,none,,,,0.8310829289257526,12.19124998897314,13.041917001828551
2026-08-10T16:34:52.417658+00:00,measurement_drift_01,meter_03,58,none,none,none,none,none,none,0.9999989224783579,0.43245196507122513,0,,0,0,none,,,,0.5727089010179043,9.445291943848133,10.033666854724288
2026-08-10T16:34:52.883575+00:00,measurement_drift_01,meter_01,59,none,none,none,none,none,none,0.9999962875304524,0.45577662744736164,0,,0,0,none,,,,2.01645796187222,21.691417088732123,23.741333046928048
2026-08-10T16:34:52.907641+00:00,measurement_drift_01,meter_02,59,none,none,none,none,none,none,0.9999989090344363,0.46337086549544115,0,,0,0,none,,,,0.8647500071674585,12.072874931618571,12.956542195752263
2026-08-10T16:34:52.920715+00:00,measurement_drift_01,meter_03,59,none,none,none,none,none,none,0.9999993428665903,0.4524303204214381,0,,0,0,none,,,,0.5767080001533031,9.637374896556139,10.229333071038127
2026-08-10T16:34:53.388560+00:00,measurement_drift_01,meter_01,60,none,none,none,none,none,none,0.9999961292007187,0.45205409380751577,0,,0,0,none,,,,2.62991595081985,22.63600006699562,25.29537514783442
2026-08-10T16:34:53.414256+00:00,measurement_drift_01,meter_02,60,none,none,none,none,none,none,0.999999302102332,0.5333442502750793,0,,0,0,none,,,,0.8410420268774033,12.157458113506436,13.016249984502792
2026-08-10T16:34:53.427377+00:00,measurement_drift_01,meter_03,60,none,none,none,none,none,none,0.9999983299094847,0.5042010061535626,0,,0,0,none,,,,0.5744160152971745,9.415125008672476,10.004208190366626
2026-08-10T16:34:53.893734+00:00,measurement_drift_01,meter_01,61,none,none,none,none,none,none,0.9999987738921586,0.5118680979377107,0,,0,0,none,,,,3.1045828945934772,16.3871250115335,19.516583066433668
2026-08-10T16:34:53.913591+00:00,measurement_drift_01,meter_02,61,none,none,none,none,none,none,0.99999976559943,0.4322885825919258,0,,0,0,none,,,,0.6887498311698437,10.944666108116508,11.648791842162609
2026-08-10T16:34:53.925329+00:00,measurement_drift_01,meter_03,61,none,none,none,none,none,none,0.9999986404652406,0.43735238866205034,0,,0,0,none,,,,0.5264158826321363,9.134624851867557,9.675459004938602
2026-08-10T16:34:54.397166+00:00,measurement_drift_01,meter_01,62,none,none,none,none,none,none,0.9999965850798261,0.46344408813776133,0,,0,0,none,,,,2.316833008080721,18.65629106760025,20.997707964852452
2026-08-10T16:34:54.418514+00:00,measurement_drift_01,meter_02,62,none,none,none,none,none,none,0.9999996987489338,0.5203397859523068,0,,0,0,none,,,,0.7125420961529016,11.779458960518241,12.508499901741743
2026-08-10T16:34:54.431108+00:00,measurement_drift_01,meter_03,62,none,none,none,none,none,none,0.999998082867748,0.4343647627364243,0,,0,0,none,,,,0.5460830871015787,9.33233299292624,9.89262480288744
2026-08-10T16:34:54.901494+00:00,measurement_drift_01,meter_01,63,none,none,none,none,none,none,0.9999992934695423,0.4835824587800122,0,,0,0,none,,,,2.509291982278228,22.527582943439484,25.076790945604444
2026-08-10T16:34:54.927028+00:00,measurement_drift_01,meter_02,63,none,none,none,none,none,none,0.9999539890044267,0.4790198389009101,0,,0,0,none,,,,0.844708876684308,12.05558399669826,12.920500012114644
2026-08-10T16:34:54.940063+00:00,measurement_drift_01,meter_03,63,none,none,none,none,none,none,0.9999988712200052,0.4512495381125404,0,,0,0,none,,,,0.6083750631660223,9.448583936318755,10.071875061839819
2026-08-10T16:34:55.403367+00:00,measurement_drift_01,meter_01,64,none,none,none,none,none,none,0.9999995275243053,0.5646997223378732,0,,0,0,none,,,,2.61187506839633,18.147749826312065,20.781999919563532
2026-08-10T16:34:55.424472+00:00,measurement_drift_01,meter_02,64,none,none,none,none,none,none,0.99999954144196,0.43916753928960833,0,,0,0,none,,,,0.668874941766262,11.321208905428648,12.00533309020102
2026-08-10T16:34:55.436559+00:00,measurement_drift_01,meter_03,64,none,none,none,none,none,none,0.9999991064566858,0.44692636953847203,0,,0,0,none,,,,0.5289169494062662,9.318958036601543,9.862458100542426
2026-08-10T16:34:55.908542+00:00,measurement_drift_01,meter_01,65,none,none,none,none,none,none,0.9999992783631567,0.4735583608578069,0,,0,0,none,,,,2.0368341356515884,21.74625010229647,23.814250016584992
2026-08-10T16:34:55.932664+00:00,measurement_drift_01,meter_02,65,none,none,none,none,none,none,0.9999994886832749,0.43851744034063533,0,,0,0,none,,,,0.8319169282913208,11.9078338611871,12.757958145812154
2026-08-10T16:34:55.945529+00:00,measurement_drift_01,meter_03,65,none,none,none,none,none,none,0.9999967769764788,0.5385899178374415,0,,0,0,none,,,,0.5928748287260532,9.43674985319376,10.04416705109179
2026-08-10T16:34:56.412584+00:00,measurement_drift_01,meter_01,66,none,none,none,none,none,none,0.9999987378702881,0.4571771133337721,0,,0,0,none,,,,2.0149999763816595,21.223958814516664,23.2762498781085
2026-08-10T16:34:56.436291+00:00,measurement_drift_01,meter_02,66,none,none,none,none,none,none,0.9999995912463805,0.4651201636395238,0,,0,0,none,,,,0.7431670092046261,11.736582964658737,12.497790856286883
2026-08-10T16:34:56.448889+00:00,measurement_drift_01,meter_03,66,none,none,none,none,none,none,0.9999981741362627,0.4360908020975015,0,,0,0,none,,,,0.5977088585495949,9.675291832536459,10.287290904670954
2026-08-10T16:34:56.917888+00:00,measurement_drift_01,meter_01,67,none,none,none,none,none,none,0.9999982208806,0.5903042971843521,0,,0,0,none,,,,1.9777920097112656,21.889083087444305,23.898041108623147
2026-08-10T16:34:56.942146+00:00,measurement_drift_01,meter_02,67,none,none,none,none,none,none,0.9999996401415476,0.4897405609804764,0,,0,0,none,,,,0.8257089648395777,12.066958006471395,12.911374913528562
2026-08-10T16:34:56.955154+00:00,measurement_drift_01,meter_03,67,none,none,none,none,none,none,0.9999978714853985,0.5402031686990605,0,,0,0,none,,,,0.5880000535398722,9.477749932557344,10.080415988340974
2026-08-10T16:34:57.422867+00:00,measurement_drift_01,meter_01,68,none,none,none,none,none,none,0.9999977440488576,0.43929470431518886,0,,0,0,none,,,,2.001333050429821,20.70033294148743,22.73366693407297
2026-08-10T16:34:57.445919+00:00,measurement_drift_01,meter_02,68,none,none,none,none,none,none,0.9999992526949264,0.5328740833216403,0,,0,0,none,,,,0.8095421362668276,11.796500068157911,12.623792048543692
2026-08-10T16:34:57.458635+00:00,measurement_drift_01,meter_03,68,none,none,none,none,none,none,0.9999874643333563,0.47830094051028244,0,,0,0,none,,,,0.5145419854670763,9.449583012610674,9.978458052501082
2026-08-10T16:34:57.928066+00:00,measurement_drift_01,meter_01,69,none,none,none,none,none,none,0.9999995737470065,0.4786071949104851,0,,0,0,reference_calibrated,,voltage_rolling_mean=231.597654;source_publish_interval=0.504261,,2.161500044167042,21.84750000014901,24.066916899755597
2026-08-10T16:34:57.952485+00:00,measurement_drift_01,meter_02,69,none,none,none,none,none,none,0.9999989820343786,0.45206392240487697,0,,0,0,reference_calibrated,,voltage_rolling_mean=231.437507;source_publish_interval=0.504260,,0.8228749502450228,11.989457998424768,12.841708026826382
2026-08-10T16:34:57.965444+00:00,measurement_drift_01,meter_03,69,none,none,none,none,none,none,0.9999986376746356,0.46791685023548,0,,0,0,reference_calibrated,,voltage_rolling_mean=230.608773;source_publish_interval=0.504259,,0.5639169830828905,9.419208159670234,10.005875024944544
2026-08-10T16:34:58.430149+00:00,measurement_drift_01,meter_01,70,none,none,none,none,none,none,0.9999992651025297,0.4407994509533071,0,,0,0,drift_not_confirmed,,voltage_rolling_mean=231.597654;source_publish_interval=0.504261,,2.3602081928402185,19.770291168242693,22.172125056385994
2026-08-10T16:34:58.452672+00:00,measurement_drift_01,meter_02,70,none,none,none,none,none,none,0.99999963021287,0.44775328175700985,0,,0,0,drift_not_confirmed,,voltage_rolling_mean=231.437507;source_publish_interval=0.504260,,0.7355420384556055,11.42299990169704,12.180333025753498
2026-08-10T16:34:58.464947+00:00,measurement_drift_01,meter_03,70,none,none,none,unknown,unknown,unknown,0.9999994066571062,0.6306263068726781,0,,0,0,drift_not_confirmed,,voltage_rolling_mean=230.608773;source_publish_interval=0.504259,,0.5163748282939196,9.405083023011684,9.93895810097456
2026-08-10T16:34:58.935177+00:00,measurement_drift_01,meter_01,71,none,none,none,none,none,none,0.9999992031193063,0.44214600631122125,0,,0,0,drift_not_confirmed,,voltage_rolling_mean=231.597654;source_publish_interval=0.504261,,2.5097080506384373,19.162042066454887,21.714292000979185
2026-08-10T16:34:58.957272+00:00,measurement_drift_01,meter_02,71,none,none,none,none,none,none,0.9999995462416523,0.49359772425601683,0,,0,0,drift_not_confirmed,,voltage_rolling_mean=231.437507;source_publish_interval=0.504260,,0.7319580763578415,11.530125048011541,12.284749886021018
2026-08-10T16:34:58.969646+00:00,measurement_drift_01,meter_03,71,none,none,none,none,none,none,0.999998214225563,0.4503248004043634,0,,0,0,drift_not_confirmed,,voltage_rolling_mean=230.608773;source_publish_interval=0.504259,,0.5319998599588871,9.388332953676581,9.939457988366485
2026-08-10T16:34:59.440238+00:00,measurement_drift_01,meter_01,72,none,none,none,none,none,none,0.9999994511943106,0.43588035915592777,0,,0,0,drift_not_confirmed,,voltage_rolling_mean=231.597654;source_publish_interval=0.504261,,2.4016248062253,20.231583155691624,22.671540966257453
2026-08-10T16:34:59.463267+00:00,measurement_drift_01,meter_02,72,none,none,none,none,none,none,0.9999983070379685,0.453837088471119,0,,0,0,drift_not_confirmed,,voltage_rolling_mean=231.437507;source_publish_interval=0.504260,,0.7414999417960644,11.68766594491899,12.450916925445199
2026-08-10T16:34:59.475806+00:00,measurement_drift_01,meter_03,72,none,none,none,none,none,none,0.999997821865018,0.46716874789554347,0,,0,0,drift_not_confirmed,,voltage_rolling_mean=230.608773;source_publish_interval=0.504259,,0.5732078570872545,9.555874858051538,10.146917076781392
2026-08-10T16:34:59.941561+00:00,measurement_drift_01,meter_01,73,none,none,none,none,none,none,0.9999998071203334,0.4829493294737718,0,,0,0,drift_not_confirmed,,voltage_rolling_mean=231.597654;source_publish_interval=0.504261,,2.974207978695631,19.241458037868142,22.244499996304512
2026-08-10T16:34:59.964161+00:00,measurement_drift_01,meter_02,73,none,none,none,none,none,none,0.9999982802507302,0.4726086459220057,0,,0,0,drift_not_confirmed,,voltage_rolling_mean=231.437507;source_publish_interval=0.504260,,0.7041250355541706,11.393249966204166,12.11754116229713
2026-08-10T16:34:59.976356+00:00,measurement_drift_01,meter_03,73,none,none,none,none,none,none,0.9999983305404969,0.4712317215324929,0,,0,0,drift_not_confirmed,,voltage_rolling_mean=230.608773;source_publish_interval=0.504259,,0.5128751508891582,9.266375098377466,9.796583093702793
2026-08-10T16:35:00.445733+00:00,measurement_drift_01,meter_01,74,none,none,none,none,none,none,0.9999997134524719,0.4728762072558377,0,,0,0,drift_not_confirmed,,voltage_rolling_mean=231.597654;source_publish_interval=0.504261,,1.8919170834124088,21.616708021610975,23.559292079880834
2026-08-10T16:35:00.469692+00:00,measurement_drift_01,meter_02,74,none,none,none,none,none,none,0.9999988047108538,0.4461331137256634,0,,0,0,drift_not_confirmed,,voltage_rolling_mean=231.437507;source_publish_interval=0.504260,,0.9207499679178,12.375792022794485,13.321040896698833
2026-08-10T16:35:00.483169+00:00,measurement_drift_01,meter_03,74,none,none,none,none,none,none,0.9999970761446166,0.4489027924207184,0,,0,0,drift_not_confirmed,,voltage_rolling_mean=230.608773;source_publish_interval=0.504259,,0.5527080502361059,9.505165973678231,10.076124919578433
2026-08-10T16:35:00.950497+00:00,measurement_drift_01,meter_01,75,none,none,none,none,none,none,0.9999978468445894,0.4373537008334325,0,,0,0,drift_not_confirmed,,voltage_rolling_mean=231.597654;source_publish_interval=0.504261,,2.40516709163785,17.448832979425788,19.88854189403355
2026-08-10T16:35:00.970735+00:00,measurement_drift_01,meter_02,75,none,none,none,none,none,none,0.999999767194369,0.4963703896248616,0,,0,0,drift_not_confirmed,,voltage_rolling_mean=231.437507;source_publish_interval=0.504260,,0.7680829148739576,11.310292175039649,12.099665822461247
2026-08-10T16:35:00.982933+00:00,measurement_drift_01,meter_03,75,none,none,none,none,none,none,0.9999957520166104,0.45383471590592855,0,,0,0,drift_not_confirmed,,voltage_rolling_mean=230.608773;source_publish_interval=0.504259,,0.5143750458955765,9.351457934826612,9.884499944746494
2026-08-10T16:35:01.454558+00:00,measurement_drift_01,meter_01,76,none,none,none,none,none,none,0.999999513004292,0.4774175192007732,0,,0,0,drift_not_confirmed,,voltage_rolling_mean=231.597654;source_publish_interval=0.504261,,1.9922920037060976,21.7244578525424,23.750208783894777
2026-08-10T16:35:01.478586+00:00,measurement_drift_01,meter_02,76,none,none,none,none,none,none,0.9999997578075117,0.5950035226592152,0,,0,0,drift_not_confirmed,,voltage_rolling_mean=231.437507;source_publish_interval=0.504260,,0.8515829686075449,11.870749993249774,12.744124978780746
2026-08-10T16:35:01.491432+00:00,measurement_drift_01,meter_03,76,none,none,none,none,none,none,0.9999955866579103,0.4729781706819844,0,,0,0,drift_not_confirmed,,voltage_rolling_mean=230.608773;source_publish_interval=0.504259,,0.5516668315976858,9.574125055223703,10.144042083993554
2026-08-10T16:35:01.954911+00:00,measurement_drift_01,meter_01,77,none,none,none,none,none,none,0.9999997986065218,0.45397112300118714,0,,0,0,drift_not_confirmed,,voltage_rolling_mean=231.597654;source_publish_interval=0.504261,,2.6699169538915157,22.201208863407373,24.906874867156148
2026-08-10T16:35:01.980161+00:00,measurement_drift_01,meter_02,77,none,none,none,none,none,none,0.999998442182156,0.478020043219959,0,,0,0,drift_not_confirmed,,voltage_rolling_mean=231.437507;source_publish_interval=0.504260,,0.824750168249011,12.355708051472902,13.203374808654189
2026-08-10T16:35:01.993459+00:00,measurement_drift_01,meter_03,77,none,none,none,none,none,none,0.9998779007167738,0.4527456750552557,0,,0,0,drift_not_confirmed,,voltage_rolling_mean=230.608773;source_publish_interval=0.504259,,0.5654999986290932,9.599624900147319,10.183457983657718
2026-08-10T16:35:02.459764+00:00,measurement_drift_01,meter_01,78,none,none,none,none,none,none,0.9999997500455623,0.43495044453620374,0,,0,0,drift_not_confirmed,,voltage_rolling_mean=231.597654;source_publish_interval=0.504261,,2.2524590604007244,21.929292008280754,24.21545796096325
2026-08-10T16:35:02.484310+00:00,measurement_drift_01,meter_02,78,none,none,none,none,none,none,0.9999991285223567,0.44334975251115233,0,,0,0,drift_not_confirmed,,voltage_rolling_mean=231.437507;source_publish_interval=0.504260,,0.8645839989185333,12.014291947707534,12.900749919936061
2026-08-10T16:35:02.497299+00:00,measurement_drift_01,meter_03,78,none,none,none,none,none,none,0.9999812814388842,0.5362869390130159,0,,0,0,drift_not_confirmed,,voltage_rolling_mean=230.608773;source_publish_interval=0.504259,,0.5750409327447414,9.397707879543304,9.98979201540351
2026-08-10T16:35:02.964788+00:00,measurement_drift_01,meter_01,79,none,none,none,none,none,none,0.9999995696378301,0.45109113013421864,0,,0,0,drift_not_confirmed,,voltage_rolling_mean=231.597654;source_publish_interval=0.504261,,2.7777079958468676,18.81079189479351,21.61945798434317
2026-08-10T16:35:02.986802+00:00,measurement_drift_01,meter_02,79,none,none,none,none,none,none,0.9999989992094872,0.4566725852437304,0,,0,0,drift_not_confirmed,,voltage_rolling_mean=231.437507;source_publish_interval=0.504260,,0.7142499089241028,11.394500033929944,12.12775008752942
2026-08-10T16:35:02.999011+00:00,measurement_drift_01,meter_03,79,none,none,none,none,none,none,0.9999945144101731,0.44775494041569985,0,,0,0,drift_not_confirmed,,voltage_rolling_mean=230.608773;source_publish_interval=0.504259,,0.5204591434448957,9.226167108863592,9.763875044882298
2026-08-10T16:35:03.467277+00:00,measurement_drift_01,meter_01,80,none,none,none,none,none,none,0.9999997007970236,0.4383895849745133,0,,0,0,drift_not_confirmed,,voltage_rolling_mean=231.597654;source_publish_interval=0.504261,,2.350333146750927,18.869082909077406,21.25583402812481
2026-08-10T16:35:03.488891+00:00,measurement_drift_01,meter_02,80,none,none,none,none,none,none,0.9999943104815332,0.44618826315782795,0,,0,0,drift_not_confirmed,,voltage_rolling_mean=231.437507;source_publish_interval=0.504260,,0.752416905015707,11.55833387747407,12.33145804144442
2026-08-10T16:35:03.501317+00:00,measurement_drift_01,meter_03,80,none,none,none,none,none,none,0.999995620468714,0.5200211409003375,0,,0,0,drift_not_confirmed,,voltage_rolling_mean=230.608773;source_publish_interval=0.504259,,0.5357919726520777,9.44479089230299,9.999000001698732
2026-08-10T16:35:03.972401+00:00,measurement_drift_01,meter_01,81,none,none,none,none,none,none,0.9999994319684178,0.43688141415390946,0,,0,0,drift_not_confirmed,,voltage_rolling_mean=231.597654;source_publish_interval=0.504261,,2.7151249814778566,16.66425005532801,19.41212499514222
2026-08-10T16:35:03.992169+00:00,measurement_drift_01,meter_02,81,none,none,none,none,none,none,0.99999921797685,0.4308016678152852,0,,0,0,drift_not_confirmed,,voltage_rolling_mean=231.437507;source_publish_interval=0.504260,,0.732166925445199,10.914791841059923,11.66662503965199
2026-08-10T16:35:04.003927+00:00,measurement_drift_01,meter_03,81,none,none,none,none,none,none,0.9999959226838545,0.45125923174123045,0,,0,0,drift_not_confirmed,,voltage_rolling_mean=230.608773;source_publish_interval=0.504259,,0.5402080714702606,9.274875046685338,9.832166135311127
2026-08-10T16:35:04.477366+00:00,measurement_drift_01,meter_01,82,none,none,none,none,none,none,0.9999990191828801,0.4415665958489447,0,,0,0,drift_not_confirmed,,voltage_rolling_mean=231.597654;source_publish_interval=0.504261,,2.3625418543815613,18.148000119253993,20.54370893165469
2026-08-10T16:35:04.498275+00:00,measurement_drift_01,meter_02,82,none,none,none,none,none,none,0.9999992246737505,0.51228417226773,0,,0,0,drift_not_confirmed,,voltage_rolling_mean=231.437507;source_publish_interval=0.504260,,0.7312919478863478,11.242958018556237,11.994000058621168
2026-08-10T16:35:04.510362+00:00,measurement_drift_01,meter_03,82,none,none,none,none,none,none,0.9999693547526397,0.48165885309323125,0,,0,0,drift_not_confirmed,,voltage_rolling_mean=230.608773;source_publish_interval=0.504259,,0.5262079648673534,9.263125015422702,9.806917048990726
2026-08-10T16:35:04.980882+00:00,measurement_drift_01,meter_01,83,none,none,none,none,none,none,0.9999994696939926,0.4487483354730653,0,,0,0,drift_not_confirmed,,voltage_rolling_mean=231.597654;source_publish_interval=0.504261,,2.0157501567155123,21.78999991156161,23.84233381599188
2026-08-10T16:35:05.005042+00:00,measurement_drift_01,meter_02,83,none,none,none,none,none,none,0.9999910064771131,0.44100852315243744,0,,0,0,drift_not_confirmed,,voltage_rolling_mean=231.437507;source_publish_interval=0.504260,,0.8575001265853643,12.0490831322968,12.928916839882731
2026-08-10T16:35:05.018078+00:00,measurement_drift_01,meter_03,83,none,none,none,none,none,none,0.9999589235814127,0.5132456248793755,0,,0,0,drift_not_confirmed,,voltage_rolling_mean=230.608773;source_publish_interval=0.504259,,0.572750112041831,9.492375189438462,10.083250002935529
2026-08-10T16:35:05.485817+00:00,measurement_drift_01,meter_01,84,none,none,none,none,none,none,0.99999978971407,0.494557676227455,0,,0,0,drift_not_confirmed,,voltage_rolling_mean=231.597654;source_publish_interval=0.504261,,3.0239999759942293,17.96520920470357,21.02020801976323
2026-08-10T16:35:05.507194+00:00,measurement_drift_01,meter_02,84,none,none,none,unknown,unknown,unknown,0.9999996717782553,0.6143908097478489,0,,0,0,drift_not_confirmed,,voltage_rolling_mean=231.437507;source_publish_interval=0.504260,,0.7280001882463694,11.452500009909272,12.201250065118074
2026-08-10T16:35:05.519504+00:00,measurement_drift_01,meter_03,84,none,none,none,none,none,none,0.99998515727585,0.46427960689889464,0,,0,0,drift_not_confirmed,,voltage_rolling_mean=230.608773;source_publish_interval=0.504259,,0.5214998964220285,9.711124934256077,10.253375163301826
2026-08-10T16:35:05.987672+00:00,measurement_drift_01,meter_01,85,none,none,none,none,none,none,0.999999786295407,0.49054474660141545,0,,0,0,drift_not_confirmed,,voltage_rolling_mean=231.597654;source_publish_interval=0.504261,,1.9524998497217894,22.099750116467476,24.098917143419385
2026-08-10T16:35:06.012137+00:00,measurement_drift_01,meter_02,85,none,none,none,none,none,none,0.9999982967608905,0.4429226220214075,0,,0,0,drift_not_confirmed,,voltage_rolling_mean=231.437507;source_publish_interval=0.504260,,0.9411249775439501,12.135333148762584,13.100957963615656
2026-08-10T16:35:06.025368+00:00,measurement_drift_01,meter_03,85,none,none,none,none,none,none,0.9999453709789042,0.49640090404681947,0,,0,0,drift_not_confirmed,,voltage_rolling_mean=230.608773;source_publish_interval=0.504259,,0.5308748222887516,9.50987497344613,10.063958819955587
2026-08-10T16:35:06.492258+00:00,measurement_drift_01,meter_01,86,none,none,none,none,none,none,0.9999967346676951,0.451669658953064,0,,0,0,drift_not_confirmed,,voltage_rolling_mean=231.597654;source_publish_interval=0.504261,,2.304375171661377,18.657584208995104,20.997208077460527
2026-08-10T16:35:06.513648+00:00,measurement_drift_01,meter_02,86,none,none,none,none,none,none,0.9999973421144921,0.46467283060017744,0,,0,0,drift_not_confirmed,,voltage_rolling_mean=231.437507;source_publish_interval=0.504260,,0.808333046734333,11.624584207311273,12.45554187335074
2026-08-10T16:35:06.526209+00:00,measurement_drift_01,meter_03,86,none,none,none,none,none,none,0.9999951613753113,0.4821248549987131,0,,0,0,drift_not_confirmed,,voltage_rolling_mean=230.608773;source_publish_interval=0.504259,,0.5513750948011875,9.507458191365004,10.079124942421913
2026-08-10T16:35:06.995866+00:00,measurement_drift_01,meter_01,87,none,none,none,none,none,none,0.9999995944919463,0.5599786899258665,0,,0,0,drift_not_confirmed,,voltage_rolling_mean=231.597654;source_publish_interval=0.504261,,2.045749919489026,22.090415935963392,24.178875144571066
2026-08-10T16:35:07.020380+00:00,measurement_drift_01,meter_02,87,none,none,none,none,none,none,0.9999993235011657,0.44052888662157563,0,,0,0,drift_not_confirmed,,voltage_rolling_mean=231.437507;source_publish_interval=0.504260,,0.9109580423682928,12.521917000412941,13.455583015456796
2026-08-10T16:35:07.033963+00:00,measurement_drift_01,meter_03,87,none,none,none,none,none,none,0.9999628954249632,0.46436778416749336,0,,0,0,drift_not_confirmed,,voltage_rolling_mean=230.608773;source_publish_interval=0.504259,,0.59908302500844,9.742750087752938,10.36325003951788
2026-08-10T16:35:07.501485+00:00,measurement_drift_01,meter_01,88,none,none,none,none,none,none,0.9999993987616003,0.46956547456288583,0,,0,0,drift_not_confirmed,,voltage_rolling_mean=231.597654;source_publish_interval=0.504261,,2.082417020574212,21.897749975323677,24.024999933317304
2026-08-10T16:35:07.525870+00:00,measurement_drift_01,meter_02,88,none,none,none,none,none,none,0.9999987729723309,0.44656480338285504,0,,0,0,drift_not_confirmed,,voltage_rolling_mean=231.437507;source_publish_interval=0.504260,,0.8808330167084932,11.980999959632754,12.883709045127034
2026-08-10T16:35:07.538865+00:00,measurement_drift_01,meter_03,88,none,none,none,none,none,none,0.9999722226867507,0.46821907840480204,0,,0,0,drift_not_confirmed,,voltage_rolling_mean=230.608773;source_publish_interval=0.504259,,0.5533329676836729,9.697917150333524,10.270541999489069
2026-08-10T16:35:08.003642+00:00,measurement_drift_01,meter_01,89,none,none,none,none,none,none,0.9999998234687594,0.5207001373592546,0,,0,0,drift_not_confirmed,,voltage_rolling_mean=231.597654;source_publish_interval=0.504261,,1.961875008419156,21.702333819121122,23.69916602037847
2026-08-10T16:35:08.027616+00:00,measurement_drift_01,meter_02,89,none,none,none,none,none,none,0.999999474320861,0.450927328403258,0,,0,0,drift_not_confirmed,,voltage_rolling_mean=231.437507;source_publish_interval=0.504260,,0.8465840946882963,11.95191708393395,12.821375159546733
2026-08-10T16:35:08.040538+00:00,measurement_drift_01,meter_03,89,none,none,none,none,none,none,0.9999883423471994,0.4658711578502149,0,,0,0,drift_not_confirmed,,voltage_rolling_mean=230.608773;source_publish_interval=0.504259,,0.5969160702079535,9.509791852906346,10.124583030119538
2026-08-10T16:35:08.505171+00:00,measurement_drift_01,meter_01,90,none,none,none,none,none,none,0.999999704277682,0.43510225810894254,0,,0,0,drift_not_confirmed,,voltage_rolling_mean=231.597654;source_publish_interval=0.504261,,2.7962499298155308,17.669166903942823,20.50241595134139
2026-08-10T16:35:08.526048+00:00,measurement_drift_01,meter_02,90,none,none,none,none,none,none,0.9999994813074408,0.4738146763114447,0,,0,0,drift_not_confirmed,,voltage_rolling_mean=231.437507;source_publish_interval=0.504260,,0.7748750504106283,11.32054184563458,12.115000048652291
2026-08-10T16:35:08.538264+00:00,measurement_drift_01,meter_03,90,none,none,none,none,none,none,0.9999846180373549,0.462604206421659,0,,0,0,drift_not_confirmed,,voltage_rolling_mean=230.608773;source_publish_interval=0.504259,,0.5282501224428415,9.37720900401473,9.925332851707935
2026-08-10T16:35:09.010340+00:00,measurement_drift_01,meter_01,91,none,none,none,none,none,none,0.9999994517527869,0.4422126693498511,0,,0,0,drift_not_confirmed,,voltage_rolling_mean=231.597654;source_publish_interval=0.504261,,2.5885410141199827,19.6642919909209,22.293583024293184
2026-08-10T16:35:09.033024+00:00,measurement_drift_01,meter_02,91,none,none,none,none,none,none,0.9999855730992712,0.530347183085171,0,,0,0,drift_not_confirmed,,voltage_rolling_mean=231.437507;source_publish_interval=0.504260,,0.7727080956101418,11.776417028158903,12.573290849104524
2026-08-10T16:35:09.045721+00:00,measurement_drift_01,meter_03,91,none,none,none,none,none,none,0.9999597945517501,0.4615004638993048,0,,0,0,drift_not_confirmed,,voltage_rolling_mean=230.608773;source_publish_interval=0.504259,,0.5402090027928352,9.549916023388505,10.109416907653213
2026-08-10T16:35:09.515349+00:00,measurement_drift_01,meter_01,92,none,none,none,none,none,none,0.9999994997975912,0.4474746906671267,0,,0,0,drift_not_confirmed,,voltage_rolling_mean=231.597654;source_publish_interval=0.504261,,2.003750065341592,22.170624928548932,24.220084073022008
2026-08-10T16:35:09.539945+00:00,measurement_drift_01,meter_02,92,none,none,none,none,none,none,0.999997391953364,0.49706703197326263,0,,0,0,drift_not_confirmed,,voltage_rolling_mean=231.437507;source_publish_interval=0.504260,,0.9163748472929001,11.978625087067485,12.918750056996942
2026-08-10T16:35:09.552982+00:00,measurement_drift_01,meter_03,92,none,none,none,none,none,none,0.9999762929307183,0.486318358315405,0,,0,0,drift_not_confirmed,,voltage_rolling_mean=230.608773;source_publish_interval=0.504259,,0.5323749501258135,9.578833123669028,10.129333939403296
2026-08-10T16:35:10.019103+00:00,measurement_drift_01,meter_01,93,none,none,none,none,none,none,0.9999992753957258,0.4362985981838113,0,,0,0,drift_not_confirmed,,voltage_rolling_mean=231.597654;source_publish_interval=0.504261,,3.202833002433181,19.097208976745605,22.332125110551715
2026-08-10T16:35:10.041820+00:00,measurement_drift_01,meter_02,93,none,none,none,none,none,none,0.999996507806875,0.4467001504167141,0,,0,0,drift_not_confirmed,,voltage_rolling_mean=231.437507;source_publish_interval=0.504260,,0.7297499105334282,11.511000106111169,12.261874973773956
2026-08-10T16:35:10.054209+00:00,measurement_drift_01,meter_03,93,none,none,none,none,none,none,0.9999661292582309,0.46863727378387005,0,,0,0,drift_not_confirmed,,voltage_rolling_mean=230.608773;source_publish_interval=0.504259,,0.5332920700311661,9.418749948963523,9.970250073820353
2026-08-10T16:35:10.524336+00:00,measurement_drift_01,meter_01,94,none,none,none,none,none,none,0.9999960528691639,0.4434002600359545,0,,0,0,drift_not_confirmed,,voltage_rolling_mean=231.597654;source_publish_interval=0.504261,,1.9927499815821648,21.794000174850225,23.82945897988975
2026-08-10T16:35:10.548480+00:00,measurement_drift_01,meter_02,94,none,none,none,none,none,none,0.9999521884784419,0.4453955224046058,0,,0,0,drift_not_confirmed,,voltage_rolling_mean=231.437507;source_publish_interval=0.504260,,0.8451668545603752,11.952458880841732,12.819791911169887
2026-08-10T16:35:10.561398+00:00,measurement_drift_01,meter_03,94,none,none,none,none,none,none,0.9998904505923496,0.4588240939316542,0,,0,0,drift_not_confirmed,,voltage_rolling_mean=230.608773;source_publish_interval=0.504259,,0.5507089663296938,9.552625007927418,10.121749946847558
2026-08-10T16:35:11.028598+00:00,measurement_drift_01,meter_01,95,none,none,none,none,none,none,0.9999993298239894,0.43264135972483986,0,,0,0,drift_not_confirmed,,voltage_rolling_mean=231.597654;source_publish_interval=0.504261,,3.1117917969822884,19.66545800678432,22.818416822701693
2026-08-10T16:35:11.051773+00:00,measurement_drift_01,meter_02,95,none,none,none,none,none,none,0.9999968806432296,0.49078773956626337,0,,0,0,drift_not_confirmed,,voltage_rolling_mean=231.437507;source_publish_interval=0.504260,,0.7342081516981125,11.596916941925883,12.351458193734288
2026-08-10T16:35:11.064237+00:00,measurement_drift_01,meter_03,95,none,none,none,none,none,none,0.999994293499281,0.5679480217271832,0,,0,0,drift_not_confirmed,,voltage_rolling_mean=230.608773;source_publish_interval=0.504259,,0.5310419946908951,9.374832967296243,9.923707926645875
2026-08-10T16:35:11.529739+00:00,measurement_drift_01,meter_01,96,none,none,none,none,none,none,0.9999997370140558,0.48129650289890985,0,,0,0,drift_not_confirmed,,voltage_rolling_mean=231.597654;source_publish_interval=0.504261,,2.013250021263957,21.645250031724572,23.697583936154842
2026-08-10T16:35:11.553740+00:00,measurement_drift_01,meter_02,96,none,none,none,none,none,none,0.9999759987033425,0.4900818081153449,0,,0,0,drift_not_confirmed,,voltage_rolling_mean=231.437507;source_publish_interval=0.504260,,0.8413330651819706,12.298124842345715,13.162000104784966
2026-08-10T16:35:11.567009+00:00,measurement_drift_01,meter_03,96,none,none,none,none,none,none,0.9999793532086421,0.45912867834330967,0,,0,0,drift_not_confirmed,,voltage_rolling_mean=230.608773;source_publish_interval=0.504259,,0.5539162084460258,9.569709189236164,10.1430828217417
2026-08-10T16:35:12.034646+00:00,measurement_drift_01,meter_01,97,none,none,none,none,none,none,0.9999986288520926,0.46895286030780753,0,,0,0,drift_not_confirmed,,voltage_rolling_mean=231.597654;source_publish_interval=0.504261,,2.870582975447178,19.476958084851503,22.38262491300702
2026-08-10T16:35:12.057418+00:00,measurement_drift_01,meter_02,97,none,none,none,none,none,none,0.9999956322551561,0.45755009990070267,0,,0,0,drift_not_confirmed,,voltage_rolling_mean=231.437507;source_publish_interval=0.504260,,0.7609999738633633,11.640958022326231,12.422750005498528
2026-08-10T16:35:12.069952+00:00,measurement_drift_01,meter_03,97,none,none,none,none,none,none,0.999952323631966,0.5342855728900603,0,,0,0,drift_not_confirmed,,voltage_rolling_mean=230.608773;source_publish_interval=0.504259,,0.5379999056458473,9.556292090564966,10.114416014403105
2026-08-10T16:35:12.539547+00:00,measurement_drift_01,meter_01,98,none,none,none,none,none,none,0.9999993668420101,0.45120897844636687,0,,0,0,drift_not_confirmed,,voltage_rolling_mean=231.597654;source_publish_interval=0.504261,,2.0213329698890448,21.746500162407756,23.802375188097358
2026-08-10T16:35:12.563639+00:00,measurement_drift_01,meter_02,98,none,none,none,none,none,none,0.999994711897448,0.4472284106425013,0,,0,0,drift_not_confirmed,,voltage_rolling_mean=231.437507;source_publish_interval=0.504260,,0.8298330940306187,11.969124898314476,12.821041978895664
2026-08-10T16:35:12.576585+00:00,measurement_drift_01,meter_03,98,none,none,none,none,none,none,0.9989828015274789,0.48924592123142985,0,,0,0,drift_not_confirmed,,voltage_rolling_mean=230.608773;source_publish_interval=0.504259,,0.5844167899340391,9.50908288359642,10.111167095601559
2026-08-10T16:35:13.044538+00:00,measurement_drift_01,meter_01,99,none,none,none,none,none,none,0.9999982773897071,0.4574453272023824,0,,0,0,drift_not_confirmed,,voltage_rolling_mean=231.597654;source_publish_interval=0.504261,,2.1583749912679195,22.07791688852012,24.27358296699822
2026-08-10T16:35:13.069162+00:00,measurement_drift_01,meter_02,99,none,none,none,none,none,none,0.9999924777126779,0.44381506360289763,0,,0,0,drift_not_confirmed,,voltage_rolling_mean=231.437507;source_publish_interval=0.504260,,0.860708998516202,12.326415861025453,13.212082907557487
2026-08-10T16:35:13.082493+00:00,measurement_drift_01,meter_03,99,none,none,none,none,none,none,0.999452356847569,0.4662981844955083,0,,0,0,drift_not_confirmed,,voltage_rolling_mean=230.608773;source_publish_interval=0.504259,,0.6080828607082367,9.599582990631461,10.2274171076715
2026-08-10T16:35:13.549496+00:00,measurement_drift_01,meter_01,100,none,none,none,none,none,none,0.9999989352659019,0.508787328731014,0,,0,0,drift_not_confirmed,,voltage_rolling_mean=231.597654;source_publish_interval=0.504261,,2.054583979770541,22.433832986280322,24.52345797792077
2026-08-10T16:35:13.574408+00:00,measurement_drift_01,meter_02,100,none,none,none,none,none,none,0.9999985939475106,0.48374345707025296,0,,0,0,drift_not_confirmed,,voltage_rolling_mean=231.437507;source_publish_interval=0.504260,,0.8178749121725559,12.036792002618313,12.87649990990758
2026-08-10T16:35:13.587386+00:00,measurement_drift_01,meter_03,100,none,none,none,none,none,none,0.9999456206070191,0.45728796928679893,0,,0,0,drift_not_confirmed,,voltage_rolling_mean=230.608773;source_publish_interval=0.504259,,0.5865830462425947,9.693332947790623,10.29829098843038
2026-08-10T16:35:14.054775+00:00,measurement_drift_01,meter_01,101,none,none,none,none,none,none,0.999999509571698,0.4497709628934024,0,,0,0,drift_not_confirmed,,voltage_rolling_mean=231.597654;source_publish_interval=0.504261,,1.9649581518024206,21.809166064485908,23.809707956388593
2026-08-10T16:35:14.079032+00:00,measurement_drift_01,meter_02,101,none,none,none,none,none,none,0.9999991617675147,0.4621308556630233,0,,0,0,drift_not_confirmed,,voltage_rolling_mean=231.437507;source_publish_interval=0.504260,,0.8523338474333286,11.915208073332906,12.790041975677013
2026-08-10T16:35:14.091917+00:00,measurement_drift_01,meter_03,101,none,none,none,none,none,none,0.9999190874500617,0.45316244452719057,0,,0,0,drift_not_confirmed,,voltage_rolling_mean=230.608773;source_publish_interval=0.504259,,0.5639998707920313,9.464207803830504,10.046291863545775
2026-08-10T16:35:14.559850+00:00,measurement_drift_01,meter_01,102,none,none,none,none,none,none,0.9999993790230323,0.4557116004503609,0,,0,0,drift_not_confirmed,,voltage_rolling_mean=231.597654;source_publish_interval=0.504261,,1.9110420253127813,22.132207872346044,24.07758287154138
2026-08-10T16:35:14.584211+00:00,measurement_drift_01,meter_02,102,none,none,none,none,none,none,0.9999987903959963,0.44826139589313513,0,,0,0,drift_not_confirmed,,voltage_rolling_mean=231.437507;source_publish_interval=0.504260,,0.8475829381495714,11.775916907936335,12.645290931686759
2026-08-10T16:35:14.596951+00:00,measurement_drift_01,meter_03,102,none,none,none,none,none,none,0.999880053198119,0.446270213883276,0,,0,0,drift_not_confirmed,,voltage_rolling_mean=230.608773;source_publish_interval=0.504259,,0.5478749517351389,9.43720806390047,10.002875002101064
2026-08-10T16:35:15.065042+00:00,measurement_drift_01,meter_01,103,none,none,none,none,none,none,0.9999995902881795,0.45927082301804334,0,,0,0,drift_not_confirmed,,voltage_rolling_mean=231.597654;source_publish_interval=0.504261,,2.3478330112993717,21.6713750269264,24.051833897829056
2026-08-10T16:35:15.089583+00:00,measurement_drift_01,meter_02,103,none,none,none,none,none,none,0.9999976305481223,0.45523483575065926,0,,0,0,drift_not_confirmed,,voltage_rolling_mean=231.437507;source_publish_interval=0.504260,,0.8098750840872526,11.657333001494408,12.490042019635439
2026-08-10T16:35:15.102169+00:00,measurement_drift_01,meter_03,103,none,none,none,none,none,none,0.9998799021762144,0.4530990351514059,0,,0,0,drift_not_confirmed,,voltage_rolling_mean=230.608773;source_publish_interval=0.504259,,0.6173751316964626,9.696749970316887,10.331833036616445
2026-08-10T16:35:15.569935+00:00,measurement_drift_01,meter_01,104,none,none,none,none,none,none,0.9999995639589253,0.4677890743037375,0,,0,0,drift_not_confirmed,,voltage_rolling_mean=231.597654;source_publish_interval=0.504261,,2.0687079522758722,21.753166103735566,23.858249885961413
2026-08-10T16:35:15.594100+00:00,measurement_drift_01,meter_02,104,none,none,none,none,none,none,0.9999980419537072,0.493867553812575,0,,0,0,drift_not_confirmed,,voltage_rolling_mean=231.437507;source_publish_interval=0.504260,,0.8706250227987766,11.870583053678274,12.763791950419545
2026-08-10T16:35:15.606969+00:00,measurement_drift_01,meter_03,104,none,none,none,none,none,none,0.9997567734075996,0.4574417592196476,0,,0,0,drift_not_confirmed,,voltage_rolling_mean=230.608773;source_publish_interval=0.504259,,0.587250106036663,9.45987505838275,10.065958136692643
2026-08-10T16:35:16.074182+00:00,measurement_drift_01,meter_01,105,none,none,none,none,none,none,0.9999995737826795,0.4416291697673191,0,,0,0,drift_not_confirmed,,voltage_rolling_mean=231.597654;source_publish_interval=0.504261,,1.6596249770373106,20.290999906137586,21.9867501873523
2026-08-10T16:35:16.096541+00:00,measurement_drift_01,meter_02,105,none,none,none,none,none,none,0.9999974133646412,0.47303657363009965,0,,0,0,drift_not_confirmed,,voltage_rolling_mean=231.437507;source_publish_interval=0.504260,,0.8017921354621649,11.704749893397093,12.526167090982199
2026-08-10T16:35:16.109158+00:00,measurement_drift_01,meter_03,105,none,none,none,none,none,none,0.9999438877503599,0.47271551349913055,0,,0,0,drift_not_confirmed,,voltage_rolling_mean=230.608773;source_publish_interval=0.504259,,0.5356250330805779,9.451457997784019,10.004458017647266
2026-08-10T16:35:16.575778+00:00,measurement_drift_01,meter_01,106,none,none,none,none,none,none,0.9999996074130593,0.4385681664625459,0,,0,0,drift_not_confirmed,,voltage_rolling_mean=231.597654;source_publish_interval=0.504261,,1.9663330167531967,21.840250119566917,23.84124998934567
2026-08-10T16:35:16.599900+00:00,measurement_drift_01,meter_02,106,none,none,none,none,none,none,0.9999957839879706,0.47497791819091145,0,,0,0,drift_not_confirmed,,voltage_rolling_mean=231.437507;source_publish_interval=0.504260,,0.8574591483920813,11.912083020433784,12.791375163942575
2026-08-10T16:35:16.612794+00:00,measurement_drift_01,meter_03,106,none,none,none,none,none,none,0.9999284960993438,0.4978157007627874,0,,0,0,drift_not_confirmed,,voltage_rolling_mean=230.608773;source_publish_interval=0.504259,,0.5842498503625393,9.60420910269022,10.207084007561207
2026-08-10T16:35:17.077507+00:00,measurement_drift_01,meter_01,107,none,none,none,none,none,none,0.9999995491492685,0.6011822928357516,0,,0,0,drift_not_confirmed,,voltage_rolling_mean=231.597654;source_publish_interval=0.504261,,1.9500409252941608,21.851458121091127,23.83858314715326
2026-08-10T16:35:17.101632+00:00,measurement_drift_01,meter_02,107,none,none,none,none,none,none,0.999999177398529,0.6053265345047621,0,,0,0,drift_not_confirmed,,voltage_rolling_mean=231.437507;source_publish_interval=0.504260,,0.8491659536957741,12.049749959260225,12.922083027660847
2026-08-10T16:35:17.114656+00:00,measurement_drift_01,meter_03,107,none,none,none,none,none,none,0.9997900902551086,0.478819711752995,0,,0,0,drift_not_confirmed,,voltage_rolling_mean=230.608773;source_publish_interval=0.504259,,0.5475000943988562,9.662249824032187,10.227875085547566
2026-08-10T16:35:17.582713+00:00,measurement_drift_01,meter_01,108,none,none,none,none,none,none,0.9999992083297816,0.4442041317817756,0,,0,0,drift_not_confirmed,,voltage_rolling_mean=231.597654;source_publish_interval=0.504261,,2.0249169319868088,21.122166886925697,23.1778749730438
2026-08-10T16:35:17.606197+00:00,measurement_drift_01,meter_02,108,none,none,none,none,none,none,0.9999957370861626,0.46109486042930065,0,,0,0,drift_not_confirmed,,voltage_rolling_mean=231.437507;source_publish_interval=0.504260,,0.7691658101975918,11.648167157545686,12.439333135262132
2026-08-10T16:35:17.618736+00:00,measurement_drift_01,meter_03,108,none,none,none,none,none,none,0.999543921254667,0.5331460909768784,0,,0,0,drift_not_confirmed,,voltage_rolling_mean=230.608773;source_publish_interval=0.504259,,0.5932911299169064,9.683083044365048,10.294375009834766
2026-08-10T16:35:18.087901+00:00,measurement_drift_01,meter_01,109,none,none,none,none,none,none,0.9999993883696994,0.4776367646750023,0,,0,0,drift_not_confirmed,,voltage_rolling_mean=231.597654;source_publish_interval=0.504261,,2.558124950155616,18.04812508635223,20.63670800998807
2026-08-10T16:35:18.108869+00:00,measurement_drift_01,meter_02,109,none,none,none,none,none,none,0.999997048099607,0.4626468145157486,0,,0,0,drift_not_confirmed,,voltage_rolling_mean=231.437507;source_publish_interval=0.504260,,0.695166876539588,11.268624803051353,11.982624884694815
2026-08-10T16:35:18.120931+00:00,measurement_drift_01,meter_03,109,none,none,none,none,none,none,0.9991886074897286,0.4887732648627566,0,,0,0,drift_not_confirmed,,voltage_rolling_mean=230.608773;source_publish_interval=0.504259,,0.5440828390419483,9.335167007520795,9.896459057927132
2026-08-10T16:35:18.591350+00:00,measurement_drift_01,meter_01,110,none,none,none,none,none,none,0.9999995341997385,0.4954978453850484,0,,0,0,drift_not_confirmed,,voltage_rolling_mean=231.597654;source_publish_interval=0.504261,,3.0734159518033266,18.045082921162248,21.148917032405734
2026-08-10T16:35:18.612863+00:00,measurement_drift_01,meter_02,110,none,none,none,none,none,none,0.9999854531962039,0.4997379400326784,0,,0,0,drift_not_confirmed,,voltage_rolling_mean=231.437507;source_publish_interval=0.504260,,0.7088750135153532,11.275666067376733,12.003540992736816
2026-08-10T16:35:18.624958+00:00,measurement_drift_01,meter_03,110,none,none,none,none,none,none,0.9982449656512536,0.46664981027475555,0,,0,0,drift_not_confirmed,,voltage_rolling_mean=230.608773;source_publish_interval=0.504259,,0.5435000639408827,9.319042088463902,9.879042161628604
2026-08-10T16:35:19.094581+00:00,measurement_drift_01,meter_01,111,none,none,none,none,none,none,0.9999970324869741,0.45313985848325306,0,,0,0,drift_not_confirmed,,voltage_rolling_mean=231.597654;source_publish_interval=0.504261,,2.1233330480754375,22.113083861768246,24.274500086903572
2026-08-10T16:35:19.119285+00:00,measurement_drift_01,meter_02,111,none,none,none,none,none,none,0.9999904166550657,0.4584888836042757,0,,0,0,drift_not_confirmed,,voltage_rolling_mean=231.437507;source_publish_interval=0.504260,,0.8342089131474495,12.005124939605594,12.863124953582883
2026-08-10T16:35:19.132240+00:00,measurement_drift_01,meter_03,111,none,none,none,none,none,none,0.9976471122927458,0.44958700253492345,0,,0,0,drift_not_confirmed,,voltage_rolling_mean=230.608773;source_publish_interval=0.504259,,0.6011249497532845,9.433832950890064,10.05237502977252
2026-08-10T16:35:19.599518+00:00,measurement_drift_01,meter_01,112,none,none,none,none,none,none,0.9999989638241874,0.43853769707018286,0,,0,0,drift_not_confirmed,,voltage_rolling_mean=231.597654;source_publish_interval=0.504261,,2.759709022939205,18.642042065039277,21.43379207700491
2026-08-10T16:35:19.621335+00:00,measurement_drift_01,meter_02,112,none,none,none,none,none,none,0.9999978790169421,0.550479882479927,0,,0,0,drift_not_confirmed,,voltage_rolling_mean=231.437507;source_publish_interval=0.504260,,0.7431660778820515,11.553666088730097,12.3194579500705
2026-08-10T16:35:19.633754+00:00,measurement_drift_01,meter_03,112,none,none,none,none,none,none,0.9996784935806122,0.47177871002028066,0,,0,0,drift_not_confirmed,,voltage_rolling_mean=230.608773;source_publish_interval=0.504259,,0.5586671177297831,9.443249786272645,10.020167101174593
2026-08-10T16:35:20.101330+00:00,measurement_drift_01,meter_01,113,none,none,none,unknown,unknown,unknown,0.9999995351519804,0.6212014958014734,0,,0,0,drift_not_confirmed,,voltage_rolling_mean=231.597654;source_publish_interval=0.504261,,1.9842081237584352,21.625583060085773,23.644249886274338
2026-08-10T16:35:20.125391+00:00,measurement_drift_01,meter_02,113,none,none,none,none,none,none,0.9999943003288108,0.5449522868042914,0,,0,0,drift_not_confirmed,,voltage_rolling_mean=231.437507;source_publish_interval=0.504260,,0.7164580747485161,11.977707967162132,12.71620811894536
2026-08-10T16:35:20.138215+00:00,measurement_drift_01,meter_03,113,none,none,none,none,none,none,0.9966985539081777,0.5020085155853208,0,,0,0,drift_not_confirmed,,voltage_rolling_mean=230.608773;source_publish_interval=0.504259,,0.6160829216241837,9.575667092576623,10.209667030721903
2026-08-10T16:35:20.605099+00:00,measurement_drift_01,meter_01,114,none,none,none,none,none,none,0.9999924878948594,0.4690320503123149,0,,0,0,drift_not_confirmed,,voltage_rolling_mean=231.597654;source_publish_interval=0.504261,,0.7157500367611647,11.39758387580514,12.137708952650428
2026-08-10T16:35:20.617342+00:00,measurement_drift_01,meter_02,114,none,none,none,none,none,none,0.9999907479956924,0.45534981843836775,0,,0,0,drift_not_confirmed,,voltage_rolling_mean=231.437507;source_publish_interval=0.504260,,0.5397500935941935,9.399125119671226,9.956542169675231
2026-08-10T16:35:20.627367+00:00,measurement_drift_01,meter_03,114,none,none,none,none,none,none,0.9997918574703439,0.5371802150734707,0,,0,0,drift_not_confirmed,,voltage_rolling_mean=230.608773;source_publish_interval=0.504259,,0.46366709284484386,8.227667072787881,8.707374799996614
2026-08-10T16:35:21.111364+00:00,measurement_drift_01,meter_01,115,none,none,none,none,none,none,0.9999975420632082,0.4729644915564684,0,,0,0,drift_not_confirmed,,voltage_rolling_mean=231.597654;source_publish_interval=0.504261,,2.552499994635582,22.176207974553108,24.768375093117356
2026-08-10T16:35:21.136532+00:00,measurement_drift_01,meter_02,115,none,none,none,none,none,none,0.9996822824567778,0.493507821004767,0,,0,0,drift_not_confirmed,,voltage_rolling_mean=231.437507;source_publish_interval=0.504260,,0.8025839924812317,12.34512496739626,13.17225000821054
2026-08-10T16:35:21.149823+00:00,measurement_drift_01,meter_03,115,none,none,none,none,none,none,0.975848010536641,0.5566699854560203,0,,0,0,drift_not_confirmed,,voltage_rolling_mean=230.608773;source_publish_interval=0.504259,,0.6135001312941313,9.575834032148123,10.20737481303513
2026-08-10T16:35:21.616763+00:00,measurement_drift_01,meter_01,116,none,none,none,none,none,none,0.9999966438502449,0.44305266624116346,0,,0,0,drift_not_confirmed,,voltage_rolling_mean=231.597654;source_publish_interval=0.504261,,2.8636669740080833,17.320875078439713,20.22695797495544
2026-08-10T16:35:21.637347+00:00,measurement_drift_01,meter_02,116,none,none,none,none,none,none,0.9999329761890481,0.4592818674886797,0,,0,0,drift_not_confirmed,,voltage_rolling_mean=231.437507;source_publish_interval=0.504260,,0.7465409580618143,11.183209018781781,11.948833940550685
2026-08-10T16:35:21.649385+00:00,measurement_drift_01,meter_03,116,none,none,none,none,none,none,0.9980582690148512,0.45003236786400863,0,,0,0,drift_not_confirmed,,voltage_rolling_mean=230.608773;source_publish_interval=0.504259,,0.5407079588621855,9.254375007003546,9.81141603551805
2026-08-10T16:35:22.121614+00:00,measurement_drift_01,meter_01,117,none,none,none,none,none,none,0.9999960700022783,0.4553372758862476,0,,0,0,drift_not_confirmed,,voltage_rolling_mean=231.597654;source_publish_interval=0.504261,,1.9263329450041056,21.21729194186628,23.185832891613245
2026-08-10T16:35:22.145118+00:00,measurement_drift_01,meter_02,117,none,none,none,none,none,none,0.999309708505807,0.4703846664385053,0,,0,0,drift_not_confirmed,,voltage_rolling_mean=231.437507;source_publish_interval=0.504260,,0.7645420264452696,11.886999942362309,12.67408300191164
2026-08-10T16:35:22.157885+00:00,measurement_drift_01,meter_03,117,none,none,none,none,none,none,0.9983201377058601,0.4911368498078956,0,,0,0,drift_not_confirmed,,voltage_rolling_mean=230.608773;source_publish_interval=0.504259,,0.6242080125957727,9.767833165824413,10.410124901682138
2026-08-10T16:35:22.623984+00:00,measurement_drift_01,meter_01,118,none,none,none,none,none,none,0.9999945274308562,0.4593977911610262,0,,0,0,drift_not_confirmed,,voltage_rolling_mean=231.597654;source_publish_interval=0.504261,,2.503541996702552,18.292624969035387,20.830250112339854
2026-08-10T16:35:22.645184+00:00,measurement_drift_01,meter_02,118,none,none,none,none,none,none,0.9997141333054531,0.4949653929032851,0,,0,0,drift_not_confirmed,,voltage_rolling_mean=231.437507;source_publish_interval=0.504260,,0.7243750151246786,11.276874924078584,12.023042188957334
2026-08-10T16:35:22.657303+00:00,measurement_drift_01,meter_03,118,none,none,none,none,none,none,0.9981526617988045,0.4678187621208025,0,,0,0,drift_not_confirmed,,voltage_rolling_mean=230.608773;source_publish_interval=0.504259,,0.550542026758194,9.30529204197228,9.875291027128696
2026-08-10T16:35:23.128237+00:00,measurement_drift_01,meter_01,119,none,none,none,none,none,none,0.9999991112462715,0.5278150147279225,0,,0,0,drift_not_confirmed,,voltage_rolling_mean=231.597654;source_publish_interval=0.504261,,2.5068330578505993,19.95895802974701,22.503041895106435
2026-08-10T16:35:23.151128+00:00,measurement_drift_01,meter_02,119,none,none,none,none,none,none,0.9990789620444789,0.48367208236326514,0,,0,0,drift_not_confirmed,,voltage_rolling_mean=231.437507;source_publish_interval=0.504260,,0.7984580006450415,11.666333070024848,12.48637493699789
2026-08-10T16:35:23.163737+00:00,measurement_drift_01,meter_03,119,none,none,none,none,none,none,0.99490358929661,0.4648884460524706,0,,0,0,drift_not_confirmed,,voltage_rolling_mean=230.608773;source_publish_interval=0.504259,,0.5584580358117819,9.405124932527542,9.981000097468495
2026-08-10T16:35:23.630560+00:00,measurement_drift_01,meter_01,120,none,none,none,none,none,none,0.9999971342572065,0.5227122408282675,0,,0,0,drift_not_confirmed,,voltage_rolling_mean=231.597654;source_publish_interval=0.504261,,2.5219579692929983,18.572499975562096,21.127291955053806
2026-08-10T16:35:23.652045+00:00,measurement_drift_01,meter_02,120,none,none,none,none,none,none,0.9992569620623349,0.45650194846137965,0,,0,0,drift_not_confirmed,,voltage_rolling_mean=231.437507;source_publish_interval=0.504260,,0.7254169322550297,11.487375013530254,12.233166955411434
2026-08-10T16:35:23.664366+00:00,measurement_drift_01,meter_03,120,none,none,none,none,none,none,0.9970369715089848,0.45652325409503275,0,,0,0,drift_not_confirmed,,voltage_rolling_mean=230.608773;source_publish_interval=0.504259,,0.5288340616971254,9.411332895979285,9.956832975149155
2026-08-10T16:35:24.135503+00:00,measurement_drift_01,meter_01,121,none,none,none,none,none,none,0.9999949791778445,0.45946740850340967,0,,0,0,drift_not_confirmed,,voltage_rolling_mean=231.597654;source_publish_interval=0.504261,,2.2560840006917715,19.083958119153976,21.378207951784134
2026-08-10T16:35:24.157235+00:00,measurement_drift_01,meter_02,121,none,none,none,none,none,none,0.9969205073954397,0.4723843457986227,0,,0,0,drift_not_confirmed,,voltage_rolling_mean=231.437507;source_publish_interval=0.504260,,0.7221249397844076,11.619375087320805,12.361625209450722
2026-08-10T16:35:24.169696+00:00,measurement_drift_01,meter_03,121,none,none,none,none,none,none,0.9937500280589738,0.5173359779330641,0,,0,0,drift_not_confirmed,,voltage_rolling_mean=230.608773;source_publish_interval=0.504259,,0.5390001460909843,9.384500095620751,9.942499920725822
2026-08-10T16:35:24.638899+00:00,measurement_drift_01,meter_01,122,none,none,none,none,none,none,0.9999960867891362,0.5241714229961852,0,,0,0,drift_not_confirmed,,voltage_rolling_mean=231.597654;source_publish_interval=0.504261,,2.373958006501198,18.70787492953241,21.111875073984265
2026-08-10T16:35:24.660362+00:00,measurement_drift_01,meter_02,122,none,none,none,none,none,none,0.999905165965915,0.5629551781377171,0,,0,0,drift_not_confirmed,,voltage_rolling_mean=231.437507;source_publish_interval=0.504260,,0.6986248772591352,11.528250062838197,12.247083010151982
2026-08-10T16:35:24.672698+00:00,measurement_drift_01,meter_03,122,none,none,none,none,none,none,0.9997301960478923,0.5273875875319283,0,,0,0,drift_not_confirmed,,voltage_rolling_mean=230.608773;source_publish_interval=0.504259,,0.5337500479072332,9.388457983732224,9.93854203261435
2026-08-10T16:35:25.143929+00:00,measurement_drift_01,meter_01,123,none,none,none,none,none,none,0.9999912872067981,0.46130029164405006,0,,0,0,drift_not_confirmed,,voltage_rolling_mean=231.597654;source_publish_interval=0.504261,,1.9446671940386295,21.168041974306107,23.14712479710579
2026-08-10T16:35:25.167367+00:00,measurement_drift_01,meter_02,123,none,none,none,none,none,none,0.9996526296944124,0.5020901466296043,0,,0,0,drift_not_confirmed,,voltage_rolling_mean=231.437507;source_publish_interval=0.504260,,0.705125043168664,11.825707973912358,12.55245809443295
2026-08-10T16:35:25.180008+00:00,measurement_drift_01,meter_03,123,none,none,none,none,none,none,0.9875189334441176,0.4558713277773332,0,,0,0,drift_not_confirmed,,voltage_rolling_mean=230.608773;source_publish_interval=0.504259,,0.5947081372141838,9.655083063989878,10.267375037074089
2026-08-10T16:35:25.648045+00:00,measurement_drift_01,meter_01,124,none,none,none,none,none,none,0.9999939763520802,0.542258206888831,0,,0,0,drift_not_confirmed,,voltage_rolling_mean=231.597654;source_publish_interval=0.504261,,1.2672499287873507,20.28437494300306,21.584999980404973
2026-08-10T16:35:25.669858+00:00,measurement_drift_01,meter_02,124,none,none,none,none,none,none,0.9970178964690126,0.4494550903220765,0,,0,0,drift_not_confirmed,,voltage_rolling_mean=231.437507;source_publish_interval=0.504260,,0.8033341728150845,12.990791816264391,13.834874844178557
2026-08-10T16:35:25.683864+00:00,measurement_drift_01,meter_03,124,none,none,none,none,none,none,0.998378926074608,0.466896164036726,0,,0,0,drift_not_confirmed,,voltage_rolling_mean=230.608773;source_publish_interval=0.504259,,0.6245831027626991,9.962833020836115,10.60541719198227
2026-08-10T16:35:26.150820+00:00,measurement_drift_01,meter_01,125,none,none,none,none,none,none,0.9999765965412548,0.46820230159526244,0,,0,0,drift_not_confirmed,,voltage_rolling_mean=231.597654;source_publish_interval=0.504261,,2.9321250040084124,22.604083875194192,25.576916988939047
2026-08-10T16:35:26.176771+00:00,measurement_drift_01,meter_02,125,none,none,none,none,none,none,0.9966462549332316,0.4738110907419804,0,,0,0,drift_not_confirmed,,voltage_rolling_mean=231.437507;source_publish_interval=0.504260,,0.8430411107838154,12.180875055491924,13.045750092715025
2026-08-10T16:35:26.189953+00:00,measurement_drift_01,meter_03,125,none,none,none,none,none,none,0.9933487426190242,0.45505299373819635,0,,0,0,drift_not_confirmed,,voltage_rolling_mean=230.608773;source_publish_interval=0.504259,,0.618708087131381,9.601791854947805,10.238999966531992
2026-08-10T16:35:26.653500+00:00,measurement_drift_01,meter_01,126,none,none,none,none,none,none,0.999971715551773,0.46415587579680667,0,,0,0,drift_not_confirmed,,voltage_rolling_mean=231.597654;source_publish_interval=0.504261,,1.6479999758303165,21.661417093127966,23.342832922935486
2026-08-10T16:35:26.677060+00:00,measurement_drift_01,meter_02,126,none,none,none,none,none,none,0.9979539225934533,0.44892684952072576,0,,0,0,drift_not_confirmed,,voltage_rolling_mean=231.437507;source_publish_interval=0.504260,,0.8053330238908529,12.345666997134686,13.173167128115892
2026-08-10T16:35:26.690330+00:00,measurement_drift_01,meter_03,126,none,none,none,none,none,none,0.9986875646012027,0.5085137324899547,0,,0,0,drift_not_confirmed,,voltage_rolling_mean=230.608773;source_publish_interval=0.504259,,0.6089159287512302,9.617374977096915,10.24420908652246
2026-08-10T16:35:27.159320+00:00,measurement_drift_01,meter_01,127,none,none,none,none,none,none,0.9999798862469539,0.5022450539442174,0,,0,0,drift_not_confirmed,,voltage_rolling_mean=231.597654;source_publish_interval=0.504261,,2.702499972656369,17.708250088617206,20.44062502682209
2026-08-10T16:35:27.180140+00:00,measurement_drift_01,meter_02,127,none,none,none,none,none,none,0.9877002926814169,0.4486643642671651,0,,0,0,drift_not_confirmed,,voltage_rolling_mean=231.437507;source_publish_interval=0.504260,,0.6718330550938845,11.2298340536654,11.920791119337082
2026-08-10T16:35:27.192152+00:00,measurement_drift_01,meter_03,127,none,none,none,none,none,none,0.9986617266904272,0.5063348165620162,0,,0,0,drift_not_confirmed,,voltage_rolling_mean=230.608773;source_publish_interval=0.504259,,0.53258310072124,9.415250038728118,9.965542005375028
2026-08-10T16:35:27.664187+00:00,measurement_drift_01,meter_01,128,none,none,none,none,none,none,0.9999715453771666,0.5006414572230613,0,,0,0,drift_not_confirmed,,voltage_rolling_mean=231.597654;source_publish_interval=0.504261,,2.3500421084463596,22.225915919989347,24.616874987259507
2026-08-10T16:35:27.689130+00:00,measurement_drift_01,meter_02,128,none,none,none,none,none,none,0.9847905326492616,0.5477694657268628,0,,0,0,drift_not_confirmed,,voltage_rolling_mean=231.437507;source_publish_interval=0.504260,,0.8172090165317059,12.07337505184114,12.913208920508623
2026-08-10T16:35:27.702158+00:00,measurement_drift_01,meter_03,128,none,none,none,none,none,none,0.9916792503643153,0.45311824430753384,0,,0,0,drift_not_confirmed,,voltage_rolling_mean=230.608773;source_publish_interval=0.504259,,0.5991249345242977,9.545624954625964,10.163583094254136
2026-08-10T16:35:28.169485+00:00,measurement_drift_01,meter_01,129,none,none,none,none,none,none,0.999919168054101,0.47766711450056315,0,,0,0,drift_not_confirmed,,voltage_rolling_mean=231.597654;source_publish_interval=0.504261,,2.6164581067860126,22.348332917317748,25.00254102051258
2026-08-10T16:35:28.194842+00:00,measurement_drift_01,meter_02,129,none,none,none,none,none,none,0.9527400877996599,0.45544250089122534,0,,0,0,drift_not_confirmed,,voltage_rolling_mean=231.437507;source_publish_interval=0.504260,,0.8022079709917307,12.195041868835688,13.019375037401915
2026-08-10T16:35:28.207961+00:00,measurement_drift_01,meter_03,129,none,none,none,none,none,none,0.9991976660221273,0.5317402766815363,0,,0,0,drift_not_confirmed,,voltage_rolling_mean=230.608773;source_publish_interval=0.504259,,0.601625069975853,9.505458176136017,10.125000029802322
2026-08-10T16:35:28.674370+00:00,measurement_drift_01,meter_01,130,none,none,none,none,none,none,0.9999708492323673,0.4849745463841522,0,,0,0,drift_not_confirmed,,voltage_rolling_mean=231.597654;source_publish_interval=0.504261,,2.798458095639944,19.458417082205415,22.289250046014786
2026-08-10T16:35:28.696995+00:00,measurement_drift_01,meter_02,130,none,none,none,none,none,none,0.9989355182906419,0.5142094466519599,0,,0,0,drift_not_confirmed,,voltage_rolling_mean=231.437507;source_publish_interval=0.504260,,0.6835421081632376,11.494959006085992,12.198083801195025
2026-08-10T16:35:28.709280+00:00,measurement_drift_01,meter_03,130,none,none,none,none,none,none,0.9982280583597678,0.4920123345919895,0,,0,0,drift_not_confirmed,,voltage_rolling_mean=230.608773;source_publish_interval=0.504259,,0.5262079648673534,9.543624939396977,10.087666101753712
2026-08-10T16:35:29.179746+00:00,measurement_drift_01,meter_01,131,none,none,none,none,none,none,0.9997393867347436,0.5012570781456666,0,,0,0,drift_not_confirmed,,voltage_rolling_mean=231.597654;source_publish_interval=0.504261,,2.0314999856054783,21.737082861363888,23.80079193972051
2026-08-10T16:35:29.203827+00:00,measurement_drift_01,meter_02,131,none,none,none,none,none,none,0.9751904542065354,0.45269589603859767,0,,0,0,drift_not_confirmed,,voltage_rolling_mean=231.437507;source_publish_interval=0.504260,,0.7903329096734524,12.054665945470333,12.86658295430243
2026-08-10T16:35:29.216795+00:00,measurement_drift_01,meter_03,131,none,none,none,none,none,none,0.9688758742523207,0.446696842851941,0,,0,0,drift_not_confirmed,,voltage_rolling_mean=230.608773;source_publish_interval=0.504259,,0.5897500086575747,9.525166125968099,10.132832918316126
2026-08-10T16:35:29.682314+00:00,measurement_drift_01,meter_01,132,none,none,none,none,none,none,0.9999121057914261,0.4669429390694641,0,,0,0,drift_not_confirmed,,voltage_rolling_mean=231.597654;source_publish_interval=0.504261,,2.46029207482934,22.310584085062146,24.8050419613719
2026-08-10T16:35:29.707454+00:00,measurement_drift_01,meter_02,132,none,none,none,none,none,none,0.9724201411735864,0.5341876153122119,0,,0,0,drift_not_confirmed,,voltage_rolling_mean=231.437507;source_publish_interval=0.504260,,0.8304170332849026,12.112917145714164,12.965042144060135
2026-08-10T16:35:29.720514+00:00,measurement_drift_01,meter_03,132,none,none,none,none,none,none,0.9962330345187017,0.5840582495755327,0,,0,0,drift_not_confirmed,,voltage_rolling_mean=230.608773;source_publish_interval=0.504259,,0.5959579721093178,9.486082941293716,10.099667124450207
2026-08-10T16:35:30.187726+00:00,measurement_drift_01,meter_01,133,none,none,none,none,none,none,0.9999077112731971,0.45928726035388984,0,,0,0,drift_not_confirmed,,voltage_rolling_mean=231.597654;source_publish_interval=0.504261,,2.001542132347822,21.81020798161626,23.843874922022223
2026-08-10T16:35:30.211836+00:00,measurement_drift_01,meter_02,133,none,none,none,none,none,none,0.9907704957433532,0.45540819125235865,0,,0,0,drift_not_confirmed,,voltage_rolling_mean=231.437507;source_publish_interval=0.504260,,0.8107498288154602,11.845625005662441,12.67783297225833
2026-08-10T16:35:30.224609+00:00,measurement_drift_01,meter_03,133,none,none,none,none,none,none,0.9748751608391546,0.4346677878882647,0,,0,0,drift_not_confirmed,,voltage_rolling_mean=230.608773;source_publish_interval=0.504259,,0.5894170608371496,9.419708978384733,10.026874952018261
2026-08-10T16:35:30.692623+00:00,measurement_drift_01,meter_01,134,none,none,none,none,none,none,0.9997380159142825,0.48559492652687025,0,,0,0,drift_not_confirmed,,voltage_rolling_mean=231.597654;source_publish_interval=0.504261,,2.5316248647868633,18.988917116075754,21.551250014454126
2026-08-10T16:35:30.714507+00:00,measurement_drift_01,meter_02,134,none,none,none,none,none,none,0.9788928035933353,0.4655897432696313,0,,0,0,drift_not_confirmed,,voltage_rolling_mean=231.437507;source_publish_interval=0.504260,,0.6933750119060278,11.512916069477797,12.225084006786346
2026-08-10T16:35:30.726817+00:00,measurement_drift_01,meter_03,134,none,none,none,none,none,none,0.9883115774717747,0.4454520030884687,0,,0,0,drift_not_confirmed,,voltage_rolling_mean=230.608773;source_publish_interval=0.504259,,0.5352080333977938,9.404458105564117,9.957291185855865
2026-08-10T16:35:31.197809+00:00,measurement_drift_01,meter_01,135,none,none,none,none,none,none,0.9997196864601271,0.5312123557504397,0,,0,0,drift_not_confirmed,,voltage_rolling_mean=231.597654;source_publish_interval=0.504261,,2.418707823380828,19.449708983302116,21.935833152383566
2026-08-10T16:35:31.220195+00:00,measurement_drift_01,meter_02,135,none,none,none,unknown,unknown,unknown,0.9345607048033592,0.4632678539488935,0,,0,0,drift_not_confirmed,,voltage_rolling_mean=231.437507;source_publish_interval=0.504260,,0.7826669607311487,11.655959067866206,12.464500032365322
2026-08-10T16:35:31.232816+00:00,measurement_drift_01,meter_03,135,none,none,none,none,none,none,0.9989584933538532,0.46393753685198175,0,,0,0,drift_not_confirmed,,voltage_rolling_mean=230.608773;source_publish_interval=0.504259,,0.5579169373959303,9.429542114958167,10.007833130657673
2026-08-10T16:35:31.702634+00:00,measurement_drift_01,meter_01,136,none,none,none,none,none,none,0.9993455993453288,0.47921860772584973,0,,0,0,drift_not_confirmed,,voltage_rolling_mean=231.597654;source_publish_interval=0.504261,,2.347875153645873,23.14041694626212,25.54437518119812
2026-08-10T16:35:31.728601+00:00,measurement_drift_01,meter_02,136,none,none,none,none,none,none,0.9612958512022739,0.49953534235448965,0,,0,0,drift_not_confirmed,,voltage_rolling_mean=231.437507;source_publish_interval=0.504260,,0.8740839548408985,12.017207918688655,12.917666928842664
2026-08-10T16:35:31.741664+00:00,measurement_drift_01,meter_03,136,none,none,none,none,none,none,0.9898034900639019,0.45359725416114116,0,,0,0,drift_not_confirmed,,voltage_rolling_mean=230.608773;source_publish_interval=0.504259,,0.5561660509556532,9.414125001057982,9.990875143557787
2026-08-10T16:35:32.207830+00:00,measurement_drift_01,meter_01,137,none,none,none,none,none,none,0.9994712119449182,0.4655475539901086,0,,0,0,drift_not_confirmed,,voltage_rolling_mean=231.597654;source_publish_interval=0.504261,,2.068208996206522,22.11608295328915,24.219790939241648
2026-08-10T16:35:32.232421+00:00,measurement_drift_01,meter_02,137,none,none,none,none,none,none,0.9870064779856847,0.45949363544754757,0,,0,0,drift_not_confirmed,,voltage_rolling_mean=231.437507;source_publish_interval=0.504260,,0.8062920533120632,11.828375048935413,12.657666811719537
2026-08-10T16:35:32.245183+00:00,measurement_drift_01,meter_03,137,none,none,none,none,none,none,0.9944661636470642,0.4365455698753903,0,,0,0,drift_not_confirmed,,voltage_rolling_mean=230.608773;source_publish_interval=0.504259,,0.583999790251255,9.416624903678894,10.01924998126924
2026-08-10T16:35:32.712942+00:00,measurement_drift_01,meter_01,138,none,none,none,none,none,none,0.9998359053165281,0.45748873788814304,0,,0,0,drift_not_confirmed,,voltage_rolling_mean=231.597654;source_publish_interval=0.504261,,2.1405830048024654,22.43645815178752,24.614041903987527
2026-08-10T16:35:32.737942+00:00,measurement_drift_01,meter_02,138,none,none,none,none,none,none,0.9801393230374399,0.4457406209325802,0,,0,0,drift_not_confirmed,,voltage_rolling_mean=231.437507;source_publish_interval=0.504260,,0.7451670244336128,11.753709055483341,12.519542127847672
2026-08-10T16:35:32.750566+00:00,measurement_drift_01,meter_03,138,none,none,none,none,none,none,0.9985266981330714,0.5164959456596768,0,,0,0,drift_not_confirmed,,voltage_rolling_mean=230.608773;source_publish_interval=0.504259,,0.533167039975524,9.377333102747798,9.928624844178557
2026-08-10T16:35:33.217908+00:00,measurement_drift_01,meter_01,139,none,none,none,none,none,none,0.9997562140253515,0.45844237039409363,0,,0,0,drift_not_confirmed,,voltage_rolling_mean=231.597654;source_publish_interval=0.504261,,2.2456669248640537,22.42608298547566,24.717291817069054
2026-08-10T16:35:33.243103+00:00,measurement_drift_01,meter_02,139,none,none,none,none,none,none,0.9878309184398789,0.44172059705458144,0,,0,0,drift_not_confirmed,,voltage_rolling_mean=231.437507;source_publish_interval=0.504260,,0.9055000264197588,12.046708958223462,12.978667160496116
2026-08-10T16:35:33.256223+00:00,measurement_drift_01,meter_03,139,none,none,none,none,none,none,0.9981694151994402,0.4433221208238102,0,,0,0,drift_not_confirmed,,voltage_rolling_mean=230.608773;source_publish_interval=0.504259,,0.5531669594347477,9.39808296971023,9.970457991585135
2026-08-10T16:35:33.719213+00:00,measurement_drift_01,meter_01,140,none,none,none,none,none,none,0.9999356396645127,0.48994205311811767,0,,0,0,drift_not_confirmed,,voltage_rolling_mean=231.597654;source_publish_interval=0.504261,,1.3713331427425146,20.819124998524785,22.239041049033403
2026-08-10T16:35:33.741733+00:00,measurement_drift_01,meter_02,140,none,none,none,none,none,none,0.9985967338179612,0.4830505047796775,0,,0,0,drift_not_confirmed,,voltage_rolling_mean=231.437507;source_publish_interval=0.504260,,0.90954196639359,12.635709019377828,13.572042109444737
2026-08-10T16:35:33.755440+00:00,measurement_drift_01,meter_03,140,none,none,none,none,none,none,0.998218930044277,0.4317191532569124,0,,0,0,drift_not_confirmed,,voltage_rolling_mean=230.608773;source_publish_interval=0.504259,,0.624750042334199,9.696334134787321,10.341082932427526
2026-08-10T16:35:34.224198+00:00,measurement_drift_01,meter_01,141,none,none,none,none,none,none,0.999062456913467,0.47387511656154147,0,,0,0,drift_not_confirmed,,voltage_rolling_mean=231.597654;source_publish_interval=0.504261,,1.368541968986392,20.936124958097935,22.342583863064647
2026-08-10T16:35:34.246809+00:00,measurement_drift_01,meter_02,141,none,none,none,none,none,none,0.9776067798969851,0.45595217329179216,0,,0,0,drift_not_confirmed,,voltage_rolling_mean=231.437507;source_publish_interval=0.504260,,0.8424997795373201,13.476249994710088,14.341834001243114
2026-08-10T16:35:34.261273+00:00,measurement_drift_01,meter_03,141,none,none,none,none,none,none,0.9973493206757241,0.4570267138570139,0,,0,0,drift_not_confirmed,,voltage_rolling_mean=230.608773;source_publish_interval=0.504259,,0.6093750707805157,10.060666827484965,10.68954193033278
2026-08-10T16:35:34.730729+00:00,measurement_drift_01,meter_01,142,none,none,none,none,none,none,0.9973213029864121,0.44512785688300244,0,,0,0,drift_not_confirmed,,voltage_rolling_mean=231.597654;source_publish_interval=0.504261,,2.179000061005354,21.27837506122887,23.495624773204327
2026-08-10T16:35:34.754564+00:00,measurement_drift_01,meter_02,142,none,none,none,none,none,none,0.9584422643895726,0.4430157621726611,0,,0,0,drift_not_confirmed,,voltage_rolling_mean=231.437507;source_publish_interval=0.504260,,0.7352090906351805,11.755333049222827,12.51333300024271
2026-08-10T16:35:34.767191+00:00,measurement_drift_01,meter_03,142,none,none,none,none,none,none,0.9955005040735178,0.5844872564128549,0,,0,0,drift_not_confirmed,,voltage_rolling_mean=230.608773;source_publish_interval=0.504259,,0.5961251445114613,9.659417206421494,10.275040986016393
2026-08-10T16:35:35.235210+00:00,measurement_drift_01,meter_01,143,none,none,none,none,none,none,0.9997788833809346,0.4559761071608692,0,,0,0,drift_not_confirmed,,voltage_rolling_mean=231.597654;source_publish_interval=0.504261,,2.155708149075508,22.16074988245964,24.352958891540766
2026-08-10T16:35:35.259948+00:00,measurement_drift_01,meter_02,143,none,none,none,none,none,none,0.9912502846223564,0.5228485946061147,0,,0,0,drift_not_confirmed,,voltage_rolling_mean=231.437507;source_publish_interval=0.504260,,0.8369579445570707,12.156083947047591,13.017625082284212
2026-08-10T16:35:35.273099+00:00,measurement_drift_01,meter_03,143,none,none,none,none,none,none,0.9790399603293204,0.4780597247111588,0,,0,0,drift_not_confirmed,,voltage_rolling_mean=230.608773;source_publish_interval=0.504259,,0.5815001204609871,9.429041994735599,10.028917109593749
2026-08-10T16:35:35.735318+00:00,measurement_drift_01,meter_01,144,none,none,none,none,none,none,0.9987856615053914,0.5192052394027011,0,,0,0,drift_not_confirmed,,voltage_rolling_mean=231.597654;source_publish_interval=0.504261,,2.0001670345664024,22.269458044320345,24.30699998512864
2026-08-10T16:35:35.759924+00:00,measurement_drift_01,meter_02,144,none,none,none,none,none,none,0.998092351947998,0.5672420563572941,0,,0,0,drift_not_confirmed,,voltage_rolling_mean=231.437507;source_publish_interval=0.504260,,0.823040958493948,11.706332908943295,12.552124913781881
2026-08-10T16:35:35.772585+00:00,measurement_drift_01,meter_03,144,none,none,none,none,none,none,0.9985192996857134,0.47450911532447665,0,,0,0,drift_not_confirmed,,voltage_rolling_mean=230.608773;source_publish_interval=0.504259,,0.5260000471025705,9.349542204290628,9.89462505094707
2026-08-10T16:35:36.236207+00:00,measurement_drift_01,meter_01,145,none,none,none,none,none,none,0.9999489773294689,0.5183340751780132,0,,0,0,drift_not_confirmed,,voltage_rolling_mean=231.597654;source_publish_interval=0.504261,,2.2575841285288334,22.091625025495887,24.384082993492484
2026-08-10T16:35:36.260975+00:00,measurement_drift_01,meter_02,145,none,none,none,none,none,none,0.9928945363442041,0.4518827507739255,0,,0,0,drift_not_confirmed,,voltage_rolling_mean=231.437507;source_publish_interval=0.504260,,0.8192500099539757,11.934875044971704,12.775624869391322
2026-08-10T16:35:36.273850+00:00,measurement_drift_01,meter_03,145,none,none,none,none,none,none,0.9873365506864412,0.46381237700215555,0,,0,0,drift_not_confirmed,,voltage_rolling_mean=230.608773;source_publish_interval=0.504259,,0.5572501104325056,9.412042098119855,9.987166849896312
2026-08-10T16:35:36.737962+00:00,measurement_drift_01,meter_01,146,none,none,none,none,none,none,0.9990811486791911,0.45540118219254244,0,,0,0,drift_not_confirmed,,voltage_rolling_mean=231.597654;source_publish_interval=0.504261,,2.587374998256564,21.455167094245553,24.0775840356946
2026-08-10T16:35:36.762371+00:00,measurement_drift_01,meter_02,146,none,none,none,none,none,none,0.9958515613789806,0.45938320349042056,0,,0,0,drift_not_confirmed,,voltage_rolling_mean=231.437507;source_publish_interval=0.504260,,0.8124168962240219,11.786041082814336,12.620541034266353
2026-08-10T16:35:36.775092+00:00,measurement_drift_01,meter_03,146,none,none,none,none,none,none,0.9826532904064635,0.4471914980834055,0,,0,0,drift_not_confirmed,,voltage_rolling_mean=230.608773;source_publish_interval=0.504259,,0.5087088793516159,9.454458020627499,9.980916976928711
2026-08-10T16:35:37.243000+00:00,measurement_drift_01,meter_01,147,none,none,none,none,none,none,0.9960579159495581,0.5743249081054791,0,,0,0,drift_not_confirmed,,voltage_rolling_mean=231.597654;source_publish_interval=0.504261,,2.3583329748362303,18.552000168710947,20.94404213130474
2026-08-10T16:35:37.264349+00:00,measurement_drift_01,meter_02,147,none,none,none,none,none,none,0.9623065393305906,0.5098442473303328,0,,0,0,drift_not_confirmed,,voltage_rolling_mean=231.437507;source_publish_interval=0.504260,,0.7200408726930618,11.33537502028048,12.075125006958842
2026-08-10T16:35:37.276516+00:00,measurement_drift_01,meter_03,147,none,none,none,none,none,none,0.990364227755093,0.4495389793857226,0,,0,0,drift_not_confirmed,,voltage_rolling_mean=230.608773;source_publish_interval=0.504259,,0.5115829408168793,9.359000017866492,9.88941709510982
2026-08-10T16:35:37.748111+00:00,measurement_drift_01,meter_01,148,none,none,none,none,none,none,0.9942158412914671,0.48260491774669967,0,,0,0,drift_not_confirmed,,voltage_rolling_mean=231.597654;source_publish_interval=0.504261,,2.0822500810027122,22.27670792490244,24.39541695639491
2026-08-10T16:35:37.772966+00:00,measurement_drift_01,meter_02,148,none,none,none,none,none,none,0.962685428579457,0.4520767179628472,0,,0,0,drift_not_confirmed,,voltage_rolling_mean=231.437507;source_publish_interval=0.504260,,0.8253338746726513,11.70695899054408,12.554333079606295
2026-08-10T16:35:37.785622+00:00,measurement_drift_01,meter_03,148,none,none,none,none,none,none,0.9938200374275877,0.43937073217016476,0,,0,0,drift_not_confirmed,,voltage_rolling_mean=230.608773;source_publish_interval=0.504259,,0.5332501605153084,9.389375103637576,9.940499905496836
2026-08-10T16:35:38.251391+00:00,measurement_drift_01,meter_01,149,none,none,none,none,none,none,0.9994079596735295,0.45606150266516576,0,,0,0,drift_not_confirmed,,voltage_rolling_mean=231.597654;source_publish_interval=0.504261,,1.391290919855237,21.13779215142131,22.56645797751844
2026-08-10T16:35:38.274264+00:00,measurement_drift_01,meter_02,149,none,none,none,none,none,none,0.9837345776742419,0.43920068198861106,0,,0,0,drift_not_confirmed,,voltage_rolling_mean=231.437507;source_publish_interval=0.504260,,0.9057910647243261,13.127499958500266,14.055917039513588
2026-08-10T16:35:38.288437+00:00,measurement_drift_01,meter_03,149,none,none,none,unknown,unknown,unknown,0.9885217092085926,0.6216220564696882,0,,0,0,drift_not_confirmed,,voltage_rolling_mean=230.608773;source_publish_interval=0.504259,,0.5749999545514584,9.961667004972696,10.554583044722676
2026-08-10T16:35:38.751217+00:00,measurement_drift_01,meter_01,150,none,none,none,none,none,none,0.9993241196914422,0.469450556304857,0,,0,0,drift_not_confirmed,,voltage_rolling_mean=231.597654;source_publish_interval=0.504261,,0.9760840330272913,18.191457958891988,19.21316608786583
2026-08-10T16:35:38.770657+00:00,measurement_drift_01,meter_02,150,none,measurement_shift,none,unknown,unknown,unknown,0.9953833782571337,0.6895797100739881,0,,0,0,drift_not_confirmed,,voltage_rolling_mean=231.437507;source_publish_interval=0.504260,,1.0042500216513872,13.373458990827203,14.400208136066794
2026-08-10T16:35:38.785209+00:00,measurement_drift_01,meter_03,150,none,none,none,none,none,none,0.9979456441460439,0.4791709315986461,0,,0,0,drift_not_confirmed,,voltage_rolling_mean=230.608773;source_publish_interval=0.504259,,0.566916074603796,10.502916993573308,11.09133311547339
2026-08-10T16:35:39.256971+00:00,measurement_drift_01,meter_01,151,none,none,none,none,none,none,0.9995139034571275,0.46567846881000924,0,,0,0,drift_not_confirmed,,voltage_rolling_mean=231.597654;source_publish_interval=0.504261,,3.304624930024147,16.874999972060323,20.218917168676853
2026-08-10T16:35:39.277711+00:00,measurement_drift_01,meter_02,151,none,measurement_shift,none,unknown,unknown,unknown,0.8543212099196777,0.6855548798887149,0,,0,0,drift_not_confirmed,,voltage_rolling_mean=231.437507;source_publish_interval=0.504260,,0.7869580294936895,10.96808398142457,11.776749975979328
2026-08-10T16:35:39.289618+00:00,measurement_drift_01,meter_03,151,none,none,none,none,none,none,0.9867821729710389,0.5128837923512095,0,,0,0,drift_not_confirmed,,voltage_rolling_mean=230.608773;source_publish_interval=0.504259,,0.5245001520961523,9.173915954306722,9.716416010633111
2026-08-10T16:35:39.762383+00:00,measurement_drift_01,meter_01,152,none,none,none,none,none,none,0.9976637858299168,0.4459306301198911,0,,0,0,drift_not_confirmed,,voltage_rolling_mean=231.597654;source_publish_interval=0.504261,,2.6788341347128153,20.5228750128299,23.236125009134412
2026-08-10T16:35:39.786114+00:00,measurement_drift_01,meter_02,152,none,measurement_shift,none,unknown,unknown,unknown,0.511243723838133,0.6647635874802673,0,,0,0,drift_not_confirmed,,voltage_rolling_mean=231.437507;source_publish_interval=0.504260,,0.7249170448631048,11.542666936293244,12.289708014577627
2026-08-10T16:35:39.798515+00:00,measurement_drift_01,meter_03,152,none,none,none,none,none,none,0.9739367849127518,0.4433123423553986,0,,0,0,drift_not_confirmed,,voltage_rolling_mean=230.608773;source_publish_interval=0.504259,,0.5711670964956284,9.510834002867341,10.099416831508279
2026-08-10T16:35:40.264084+00:00,measurement_drift_01,meter_01,153,none,none,none,none,none,none,0.997225416041167,0.5010205343192049,0,,0,0,drift_not_confirmed,,voltage_rolling_mean=231.597654;source_publish_interval=0.504261,,2.1227500401437283,21.928458008915186,24.08650005236268
2026-08-10T16:35:40.288532+00:00,measurement_drift_01,meter_02,153,none,measurement_shift,random,unknown,unknown,unknown,0.681461880753975,0.6525923397028561,0,,0,0,drift_not_confirmed,,voltage_rolling_mean=231.437507;source_publish_interval=0.504260,,0.8797079790383577,11.787000112235546,12.68958393484354
2026-08-10T16:35:40.301343+00:00,measurement_drift_01,meter_03,153,none,none,none,none,none,none,0.9948935018387521,0.46892641416040765,0,,0,0,drift_not_confirmed,,voltage_rolling_mean=230.608773;source_publish_interval=0.504259,,0.5259159952402115,9.405750082805753,9.950583102181554
2026-08-10T16:35:40.767358+00:00,measurement_drift_01,meter_01,154,none,none,none,none,none,none,0.999130258211695,0.49770119292242176,0,,0,0,drift_not_confirmed,,voltage_rolling_mean=231.597654;source_publish_interval=0.504261,,1.4128750190138817,21.07454207725823,22.526249988004565
2026-08-10T16:35:40.790120+00:00,measurement_drift_01,meter_02,154,none,measurement_shift,random,unknown,unknown,unknown,0.8564286554297609,0.6444587715801162,0,,0,0,drift_not_confirmed,,voltage_rolling_mean=231.437507;source_publish_interval=0.504260,,0.9180831257253885,13.005916960537434,13.946375111117959
2026-08-10T16:35:40.804192+00:00,measurement_drift_01,meter_03,154,none,none,none,none,none,none,0.9993108151672168,0.43915470033750453,0,,0,0,drift_not_confirmed,,voltage_rolling_mean=230.608773;source_publish_interval=0.504259,,0.5751249846071005,10.062332963570952,10.659875115379691
2026-08-10T16:35:41.269235+00:00,measurement_drift_01,meter_01,155,none,none,none,none,none,none,0.9969077747268071,0.4866461365944977,0,,0,0,drift_not_confirmed,,voltage_rolling_mean=231.597654;source_publish_interval=0.504261,,2.373834140598774,22.241249913349748,24.65533302165568
2026-08-10T16:35:41.294290+00:00,measurement_drift_01,meter_02,155,none,measurement_shift,random,unknown,unknown,unknown,0.6825910094097328,0.6351956832879874,0,,0,0,drift_not_confirmed,,voltage_rolling_mean=231.437507;source_publish_interval=0.504260,,0.8750839624553919,11.922833044081926,12.819834053516388
2026-08-10T16:35:41.307234+00:00,measurement_drift_01,meter_03,155,none,none,none,none,none,none,0.99976676871333,0.539276036842366,0,,0,0,drift_not_confirmed,,voltage_rolling_mean=230.608773;source_publish_interval=0.504259,,0.5878331139683723,9.489667136222124,10.096041020005941
2026-08-10T16:35:41.773911+00:00,measurement_drift_01,meter_01,156,none,none,none,none,none,none,0.9986640108168812,0.45627146387247214,0,,0,0,drift_not_confirmed,,voltage_rolling_mean=231.597654;source_publish_interval=0.504261,,1.9804590847343206,22.062416188418865,24.092833045870066
2026-08-10T16:35:41.798343+00:00,measurement_drift_01,meter_02,156,none,measurement_shift,random,unknown,unknown,unknown,0.924009880724107,0.6297556728483265,0,,0,0,drift_not_confirmed,,voltage_rolling_mean=231.437507;source_publish_interval=0.504260,,0.9124591015279293,12.058665975928307,12.99737486988306
2026-08-10T16:35:41.811493+00:00,measurement_drift_01,meter_03,156,none,none,none,none,none,none,0.998196178289914,0.44024408287336986,0,,0,0,drift_not_confirmed,,voltage_rolling_mean=230.608773;source_publish_interval=0.504259,,0.5928750615566969,9.563833009451628,10.176375042647123
2026-08-10T16:35:42.277092+00:00,measurement_drift_01,meter_01,157,none,none,none,none,none,none,0.9973822649862956,0.4557615980483749,0,,0,0,drift_not_confirmed,,voltage_rolling_mean=231.597654;source_publish_interval=0.504261,,2.027417067438364,22.13429193943739,24.199499981477857
2026-08-10T16:35:42.301779+00:00,measurement_drift_01,meter_02,157,none,measurement_shift,random,random,random,random,0.9588380941683464,0.628361262623243,0,,0,0,drift_not_confirmed,,voltage_rolling_mean=231.437507;source_publish_interval=0.504260,,0.8480409160256386,11.916666058823466,12.7874999307096
2026-08-10T16:35:42.314681+00:00,measurement_drift_01,meter_03,157,none,none,none,none,none,none,0.999712049498188,0.4673823216686883,0,,0,0,drift_not_confirmed,,voltage_rolling_mean=230.608773;source_publish_interval=0.504259,,0.5701668560504913,9.372500004246831,9.960582945495844
2026-08-10T16:35:42.782044+00:00,measurement_drift_01,meter_01,158,none,none,none,none,none,none,0.9954351873068845,0.44466655514482073,0,,0,0,drift_not_confirmed,,voltage_rolling_mean=231.597654;source_publish_interval=0.504261,,2.4721671361476183,22.366000106558204,24.878457887098193
2026-08-10T16:35:42.807320+00:00,measurement_drift_01,meter_02,158,none,measurement_shift,random,random,random,random,0.9740114054118837,0.628361262623243,0,,0,0,drift_not_confirmed,,voltage_rolling_mean=231.437507;source_publish_interval=0.504260,,0.7640419062227011,11.737291933968663,12.524666963145137
2026-08-10T16:35:42.819984+00:00,measurement_drift_01,meter_03,158,none,none,none,none,none,none,0.9994263485088991,0.48782962145708186,0,,0,0,drift_not_confirmed,,voltage_rolling_mean=230.608773;source_publish_interval=0.504259,,0.5837499629706144,9.261166909709573,9.857958881184459
2026-08-10T16:35:43.287044+00:00,measurement_drift_01,meter_01,159,none,none,none,none,none,none,0.9828248626591091,0.4533818654015501,0,,0,0,drift_not_confirmed,,voltage_rolling_mean=231.597654;source_publish_interval=0.504261,,2.001208020374179,21.683082915842533,23.71774986386299
2026-08-10T16:35:43.311056+00:00,measurement_drift_01,meter_02,159,none,measurement_shift,random,unknown,unknown,unknown,0.9376557633762816,0.6226359730728701,0,,0,0,drift_not_confirmed,,voltage_rolling_mean=231.437507;source_publish_interval=0.504260,,0.842750072479248,12.02158397063613,12.888208031654358
2026-08-10T16:35:43.324059+00:00,measurement_drift_01,meter_03,159,none,none,none,none,none,none,0.9996974340906909,0.4626855161645409,0,,0,0,drift_not_confirmed,,voltage_rolling_mean=230.608773;source_publish_interval=0.504259,,0.5640829913318157,9.430124890059233,10.011917212978005
2026-08-10T16:35:43.791793+00:00,measurement_drift_01,meter_01,160,none,none,none,none,none,none,0.9920919536694451,0.45222693010079634,0,,0,0,drift_not_confirmed,,voltage_rolling_mean=231.597654;source_publish_interval=0.504261,,2.5193749461323023,22.420749999582767,24.97695805504918
2026-08-10T16:35:43.817159+00:00,measurement_drift_01,meter_02,160,none,measurement_shift,random,random,random,random,0.9868711169398869,0.6268088587091124,0,,0,0,drift_not_confirmed,,voltage_rolling_mean=231.437507;source_publish_interval=0.504260,,0.887374859303236,12.156416894868016,13.06670787744224
2026-08-10T16:35:43.830362+00:00,measurement_drift_01,meter_03,160,none,none,none,none,none,none,0.999709775075773,0.4953653516587241,0,,0,0,drift_not_confirmed,,voltage_rolling_mean=230.608773;source_publish_interval=0.504259,,0.5865001585334539,9.555041091516614,10.160749778151512
2026-08-10T16:35:44.297263+00:00,measurement_drift_01,meter_01,161,none,none,none,none,none,none,0.9981173635837204,0.45530651109665204,0,,0,0,drift_not_confirmed,,voltage_rolling_mean=231.597654;source_publish_interval=0.504261,,2.729375148192048,19.650917034596205,22.41487498395145
2026-08-10T16:35:44.320057+00:00,measurement_drift_01,meter_02,161,none,measurement_shift,random,unknown,unknown,unknown,0.8907177589197244,0.6228487905641247,0,,0,0,drift_not_confirmed,,voltage_rolling_mean=231.437507;source_publish_interval=0.504260,,0.7354579865932465,11.516709113493562,12.275165878236294
2026-08-10T16:35:44.332446+00:00,measurement_drift_01,meter_03,161,none,none,none,none,none,none,0.9999414470917842,0.5072902916665275,0,,0,0,drift_not_confirmed,,voltage_rolling_mean=230.608773;source_publish_interval=0.504259,,0.5779999773949385,9.636332979425788,10.232750093564391
2026-08-10T16:35:44.800283+00:00,measurement_drift_01,meter_01,162,none,none,none,none,none,none,0.9893593328061542,0.46850972159981547,0,,0,0,drift_not_confirmed,,voltage_rolling_mean=231.597654;source_publish_interval=0.504261,,1.961665926501155,23.471332853659987,25.47295787371695
2026-08-10T16:35:44.826172+00:00,measurement_drift_01,meter_02,162,none,measurement_shift,random,unknown,unknown,unknown,0.9066668345895762,0.623837149555995,0,,0,0,drift_not_confirmed,,voltage_rolling_mean=231.437507;source_publish_interval=0.504260,,0.9184579830616713,12.192249996587634,13.134458102285862
2026-08-10T16:35:44.839441+00:00,measurement_drift_01,meter_03,162,none,none,none,none,none,none,0.9999410099993266,0.4531549668495242,0,,0,0,drift_not_confirmed,,voltage_rolling_mean=230.608773;source_publish_interval=0.504259,,0.579749932512641,9.558166144415736,10.156332980841398
2026-08-10T16:35:45.305869+00:00,measurement_drift_01,meter_01,163,none,none,none,none,none,none,0.9559575900261894,0.46159995792436204,0,,0,0,drift_not_confirmed,,voltage_rolling_mean=231.597654;source_publish_interval=0.504261,,2.068541944026947,21.82995807379484,23.93445814959705
2026-08-10T16:35:45.330113+00:00,measurement_drift_01,meter_02,163,none,measurement_shift,random,random,random,random,0.9440477058110205,0.6222871626379859,0,,0,0,drift_not_confirmed,,voltage_rolling_mean=231.437507;source_publish_interval=0.504260,,0.8920419495552778,11.846417095512152,12.760250130668283
2026-08-10T16:35:45.342996+00:00,measurement_drift_01,meter_03,163,none,none,none,none,none,none,0.9999792015406512,0.49759683597206567,0,,0,0,drift_not_confirmed,,voltage_rolling_mean=230.608773;source_publish_interval=0.504259,,0.5560831632465124,9.468709118664265,10.043291840702295
2026-08-10T16:35:45.810143+00:00,measurement_drift_01,meter_01,164,none,none,none,none,none,none,0.9974546879336313,0.5659636581663778,0,,0,0,drift_not_confirmed,,voltage_rolling_mean=231.597654;source_publish_interval=0.504261,,1.5048750210553408,23.50179199129343,25.05095792002976
2026-08-10T16:35:45.835477+00:00,measurement_drift_01,meter_02,164,none,measurement_shift,random,random,random,random,0.953981035160106,0.621379643887252,0,,0,0,drift_not_confirmed,,voltage_rolling_mean=231.437507;source_publish_interval=0.504260,,0.9689999278634787,12.236875016242266,13.230999931693077
2026-08-10T16:35:45.848856+00:00,measurement_drift_01,meter_03,164,none,none,none,none,none,none,0.9999644377925286,0.4468252874102442,0,,0,0,drift_not_confirmed,,voltage_rolling_mean=230.608773;source_publish_interval=0.504259,,0.6301249377429485,9.93758300319314,10.587875032797456
2026-08-10T16:35:46.315300+00:00,measurement_drift_01,meter_01,165,none,none,none,none,none,none,0.9768385646307504,0.45138992269687706,0,,0,0,drift_not_confirmed,,voltage_rolling_mean=231.597654;source_publish_interval=0.504261,,2.5687499437481165,20.607500104233623,23.210624931380153
2026-08-10T16:35:46.338862+00:00,measurement_drift_01,meter_02,165,none,measurement_shift,random,unknown,unknown,unknown,0.902892473228735,0.6169313858800933,0,,0,0,drift_not_confirmed,,voltage_rolling_mean=231.437507;source_publish_interval=0.504260,,0.7325410842895508,11.78287505172193,12.537916889414191
2026-08-10T16:35:46.351512+00:00,measurement_drift_01,meter_03,165,none,none,none,none,none,none,0.999989932779677,0.5088380236575589,0,,0,0,drift_not_confirmed,,voltage_rolling_mean=230.608773;source_publish_interval=0.504259,,0.5867090076208115,9.67275002039969,10.278042173013091
2026-08-10T16:35:46.820098+00:00,measurement_drift_01,meter_01,166,none,none,none,none,none,none,0.9939643452119171,0.5060730042745274,0,,0,0,drift_not_confirmed,,voltage_rolling_mean=231.597654;source_publish_interval=0.504261,,2.0182919688522816,21.63341687992215,23.685666965320706
2026-08-10T16:35:46.844107+00:00,measurement_drift_01,meter_02,166,none,measurement_shift,random,unknown,unknown,unknown,0.6604426458256243,0.6201840480849294,0,,0,0,drift_not_confirmed,,voltage_rolling_mean=231.437507;source_publish_interval=0.504260,,0.8655830752104521,11.891790898516774,12.780167162418365
2026-08-10T16:35:46.857008+00:00,measurement_drift_01,meter_03,166,none,none,none,none,none,none,0.9999772069231929,0.4486166338122747,0,,0,0,drift_not_confirmed,,voltage_rolling_mean=230.608773;source_publish_interval=0.504259,,0.5970830097794533,9.461916983127594,10.077832965180278
2026-08-10T16:35:47.321197+00:00,measurement_drift_01,meter_01,167,none,none,none,none,none,none,0.9972323387729003,0.49904090397806306,0,,0,0,drift_not_confirmed,,voltage_rolling_mean=231.597654;source_publish_interval=0.504261,,1.427208073437214,21.099917124956846,22.560874931514263
2026-08-10T16:35:47.344053+00:00,measurement_drift_01,meter_02,167,none,measurement_shift,none,unknown,unknown,unknown,0.5811428453125355,0.6118888415378718,0,,0,0,drift_not_confirmed,,voltage_rolling_mean=231.437507;source_publish_interval=0.504260,,0.8464581333100796,12.403999920934439,13.27695813961327
2026-08-10T16:35:47.357453+00:00,measurement_drift_01,meter_03,167,none,none,none,none,none,none,0.9999711704293212,0.45574135657077103,0,,0,0,drift_not_confirmed,,voltage_rolling_mean=230.608773;source_publish_interval=0.504259,,0.6062500178813934,9.757583029568195,10.381957981735468
2026-08-10T16:35:47.826951+00:00,measurement_drift_01,meter_01,168,none,none,none,none,none,none,0.9971071636325692,0.4889278468537876,0,,0,0,drift_not_confirmed,,voltage_rolling_mean=231.597654;source_publish_interval=0.504261,,2.24220915697515,18.242417136207223,20.513833966106176
2026-08-10T16:35:47.847821+00:00,measurement_drift_01,meter_02,168,none,measurement_shift,none,unknown,unknown,unknown,0.6901555393332691,0.5859790080498375,0,,0,0,drift_not_confirmed,,voltage_rolling_mean=231.437507;source_publish_interval=0.504260,,0.7116249762475491,11.203625006601214,11.93395908921957
2026-08-10T16:35:47.859846+00:00,measurement_drift_01,meter_03,168,none,none,none,none,none,none,0.9999803355321115,0.4606987679254183,0,,0,0,drift_not_confirmed,,voltage_rolling_mean=230.608773;source_publish_interval=0.504259,,0.5355419125407934,9.316790848970413,9.870707988739014
2026-08-10T16:35:48.331943+00:00,measurement_drift_01,meter_01,169,none,none,none,none,none,none,0.9807676990889627,0.43841055369068,0,,0,0,drift_not_confirmed,,voltage_rolling_mean=231.597654;source_publish_interval=0.504261,,2.2376670967787504,22.147207986563444,24.419166147708893
2026-08-10T16:35:48.356764+00:00,measurement_drift_01,meter_02,169,none,measurement_shift,none,unknown,unknown,unknown,0.9073691768485452,0.559942768941939,0,,0,0,drift_not_confirmed,,voltage_rolling_mean=231.437507;source_publish_interval=0.504260,,0.8632501121610403,11.8212909437716,12.7058329526335
2026-08-10T16:35:48.369590+00:00,measurement_drift_01,meter_03,169,none,none,none,none,none,none,0.9999670720146435,0.4957165002662488,0,,0,0,drift_not_confirmed,,voltage_rolling_mean=230.608773;source_publish_interval=0.504259,,0.5979998968541622,9.418583009392023,10.035707848146558
2026-08-10T16:35:48.837041+00:00,measurement_drift_01,meter_01,170,none,none,none,none,none,none,0.9945048301623407,0.4439726653100013,0,,0,0,drift_not_confirmed,,voltage_rolling_mean=231.597654;source_publish_interval=0.504261,,2.432666951790452,22.419790970161557,24.89187498576939
2026-08-10T16:35:48.862321+00:00,measurement_drift_01,meter_02,170,none,measurement_shift,none,none,none,none,0.9913257232011857,0.530346589361809,0,,0,0,drift_not_confirmed,,voltage_rolling_mean=231.437507;source_publish_interval=0.504260,,0.8585839532315731,12.04187492839992,12.923582922667265
2026-08-10T16:35:48.875353+00:00,measurement_drift_01,meter_03,170,none,none,none,none,none,none,0.9999870413102053,0.46807719008885,0,,0,0,drift_not_confirmed,,voltage_rolling_mean=230.608773;source_publish_interval=0.504259,,0.5949581973254681,9.488458978012204,10.10158285498619
2026-08-10T16:35:49.342232+00:00,measurement_drift_01,meter_01,171,none,none,none,none,none,none,0.9848541832839829,0.46857461803369027,0,,0,0,drift_not_confirmed,,voltage_rolling_mean=231.597654;source_publish_interval=0.504261,,2.776332898065448,18.50529108196497,21.313499892130494
2026-08-10T16:35:49.363912+00:00,measurement_drift_01,meter_02,171,none,measurement_shift,none,none,none,none,0.9960185742167681,0.5525430244288626,0,,0,0,drift_not_confirmed,,voltage_rolling_mean=231.437507;source_publish_interval=0.504260,,0.7273340597748756,11.21150003746152,11.960000032559037
2026-08-10T16:35:49.375970+00:00,measurement_drift_01,meter_03,171,none,none,none,none,none,none,0.9999725811108918,0.4579094379001728,0,,0,0,drift_not_confirmed,,voltage_rolling_mean=230.608773;source_publish_interval=0.504259,,0.5267499946057796,9.294332936406136,9.839375037699938
2026-08-10T16:35:49.847145+00:00,measurement_drift_01,meter_01,172,none,none,none,none,none,none,0.9916612987972562,0.4362414869137191,0,,0,0,drift_not_confirmed,,voltage_rolling_mean=231.597654;source_publish_interval=0.504261,,2.245417097583413,22.18458312563598,24.46474996395409
2026-08-10T16:35:49.871993+00:00,measurement_drift_01,meter_02,172,none,measurement_shift,none,none,none,none,0.9843341107786308,0.5349419081555155,0,,0,0,drift_not_confirmed,,voltage_rolling_mean=231.437507;source_publish_interval=0.504260,,0.8327909745275974,11.920124990865588,12.77433312498033
2026-08-10T16:35:49.884869+00:00,measurement_drift_01,meter_03,172,none,none,none,none,none,none,0.9999770209931222,0.44954148439171154,0,,0,0,drift_not_confirmed,,voltage_rolling_mean=230.608773;source_publish_interval=0.504259,,0.5884170532226562,9.688915917649865,10.295500047504902
2026-08-10T16:35:50.352313+00:00,measurement_drift_01,meter_01,173,none,none,none,none,none,none,0.9940354929448447,0.440660217744781,0,,0,0,drift_not_confirmed,,voltage_rolling_mean=231.597654;source_publish_interval=0.504261,,2.354542026296258,21.779790986329317,24.168584030121565
2026-08-10T16:35:50.376923+00:00,measurement_drift_01,meter_02,173,none,measurement_shift,none,none,none,none,0.9943756168308665,0.5314913354034893,0,,0,0,drift_not_confirmed,,voltage_rolling_mean=231.437507;source_publish_interval=0.504260,,0.7517088670283556,11.732707964256406,12.50716601498425
2026-08-10T16:35:50.389541+00:00,measurement_drift_01,meter_03,173,none,none,none,none,none,none,0.9999848435950619,0.4450470350715659,0,,0,0,drift_not_confirmed,,voltage_rolling_mean=230.608773;source_publish_interval=0.504259,,0.575000187382102,9.565375046804547,10.158624965697527
2026-08-10T16:35:50.857333+00:00,measurement_drift_01,meter_01,174,none,none,none,none,none,none,0.9948807732982057,0.4542167327046931,0,,0,0,drift_not_confirmed,,voltage_rolling_mean=231.597654;source_publish_interval=0.504261,,2.139125019311905,22.020707838237286,24.192749988287687
2026-08-10T16:35:50.881940+00:00,measurement_drift_01,meter_02,174,none,measurement_shift,none,none,none,none,0.9977027503045767,0.5637614063660907,0,,0,0,drift_not_confirmed,,voltage_rolling_mean=231.437507;source_publish_interval=0.504260,,0.8295830339193344,11.937582865357399,12.78845896013081
2026-08-10T16:35:50.894830+00:00,measurement_drift_01,meter_03,174,none,none,none,none,none,none,0.9999929928085699,0.46362055943428104,0,,0,0,drift_not_confirmed,,voltage_rolling_mean=230.608773;source_publish_interval=0.504259,,0.5634578410536051,9.476957842707634,10.057667037472129
2026-08-10T16:35:51.362344+00:00,measurement_drift_01,meter_01,175,none,none,none,none,none,none,0.9978116566178767,0.45978394998122674,0,,0,0,drift_not_confirmed,,voltage_rolling_mean=231.597654;source_publish_interval=0.504261,,2.048416994512081,21.12520788796246,23.211624938994646
2026-08-10T16:35:51.385902+00:00,measurement_drift_01,meter_02,175,none,measurement_shift,none,none,none,none,0.9989766687426059,0.539803171033656,0,,0,0,drift_not_confirmed,,voltage_rolling_mean=231.437507;source_publish_interval=0.504260,,0.7511249277740717,11.707500088959932,12.480166973546147
2026-08-10T16:35:51.398486+00:00,measurement_drift_01,meter_03,175,none,none,none,none,none,none,0.9999946647029075,0.46106137572819006,0,,0,0,drift_not_confirmed,,voltage_rolling_mean=230.608773;source_publish_interval=0.504259,,0.5867078434675932,9.621582925319672,10.22612489759922
2026-08-10T16:35:51.867420+00:00,measurement_drift_01,meter_01,176,none,none,none,none,none,none,0.9992151547791204,0.5010812837933354,0,,0,0,drift_not_confirmed,,voltage_rolling_mean=231.597654;source_publish_interval=0.504261,,2.6447090785950422,20.23245790041983,22.913791937753558
2026-08-10T16:35:51.890695+00:00,measurement_drift_01,meter_02,176,none,measurement_shift,none,none,none,none,0.9946697371995498,0.5322905235297091,0,,0,0,drift_not_confirmed,,voltage_rolling_mean=231.437507;source_publish_interval=0.504260,,0.7515419274568558,11.648374842479825,12.419208185747266
2026-08-10T16:35:51.903206+00:00,measurement_drift_01,meter_03,176,none,none,none,none,none,none,0.9999710326150941,0.49395215572726664,0,,0,0,drift_not_confirmed,,voltage_rolling_mean=230.608773;source_publish_interval=0.504259,,0.5340417847037315,9.36708296649158,9.919290896505117
2026-08-10T16:35:52.372332+00:00,measurement_drift_01,meter_01,177,none,none,none,none,none,none,0.9990829290949617,0.5670195592469917,0,,0,0,drift_not_confirmed,,voltage_rolling_mean=231.597654;source_publish_interval=0.504261,,2.476166933774948,18.908166093751788,21.413124864920974
2026-08-10T16:35:52.394079+00:00,measurement_drift_01,meter_02,177,none,measurement_shift,none,none,none,none,0.9979397114081452,0.5417776165062286,0,,0,0,drift_not_confirmed,,voltage_rolling_mean=231.437507;source_publish_interval=0.504260,,0.7027499377727509,11.575833894312382,12.297749985009432
2026-08-10T16:35:52.406461+00:00,measurement_drift_01,meter_03,177,none,none,none,none,none,none,0.997806272852398,0.4518333647552783,0,,0,0,drift_not_confirmed,,voltage_rolling_mean=230.608773;source_publish_interval=0.504259,,0.5304999649524689,9.352375054731965,9.901540819555521
2026-08-10T16:35:52.877229+00:00,measurement_drift_01,meter_01,178,none,none,none,none,none,none,0.9935443295294378,0.451180073526578,0,,0,0,drift_not_confirmed,,voltage_rolling_mean=231.597654;source_publish_interval=0.504261,,2.041792031377554,22.026834078133106,24.10691697150469
2026-08-10T16:35:52.901657+00:00,measurement_drift_01,meter_02,178,none,measurement_shift,none,none,none,none,0.9994215599160392,0.5323391041056346,0,,0,0,drift_not_confirmed,,voltage_rolling_mean=231.437507;source_publish_interval=0.504260,,0.856500118970871,11.901999823749065,12.780332937836647
2026-08-10T16:35:52.914543+00:00,measurement_drift_01,meter_03,178,none,none,none,none,none,none,0.9999566824763615,0.4543748274930805,0,,0,0,drift_not_confirmed,,voltage_rolling_mean=230.608773;source_publish_interval=0.504259,,0.5676660221070051,9.440790861845016,10.026040952652693
2026-08-10T16:35:53.382435+00:00,measurement_drift_01,meter_01,179,none,none,none,none,none,none,0.997971310033177,0.4800998473843968,0,,0,0,drift_not_confirmed,,voltage_rolling_mean=231.597654;source_publish_interval=0.504261,,2.000875072553754,21.319624967873096,23.356040939688683
2026-08-10T16:35:53.406115+00:00,measurement_drift_01,meter_02,179,none,measurement_shift,none,none,none,none,0.99731471294905,0.534227388068277,0,,0,0,drift_not_confirmed,,voltage_rolling_mean=231.437507;source_publish_interval=0.504260,,0.7707078475505114,11.664499994367361,12.4568329192698
2026-08-10T16:35:53.418669+00:00,measurement_drift_01,meter_03,179,none,none,none,none,none,none,0.9999965702608545,0.4363095327967244,0,,0,0,drift_not_confirmed,,voltage_rolling_mean=230.608773;source_publish_interval=0.504259,,0.6052921526134014,9.55875008367002,10.181667050346732
2026-08-10T16:35:53.887678+00:00,measurement_drift_01,meter_01,180,none,none,none,none,none,none,0.999789457984185,0.5891233161249867,0,,0,0,drift_not_confirmed,,voltage_rolling_mean=231.597654;source_publish_interval=0.504261,,2.3300000466406345,22.902583004906774,25.271540973335505
2026-08-10T16:35:53.913295+00:00,measurement_drift_01,meter_02,180,none,measurement_shift,none,none,none,none,0.9986043170998925,0.5476728621851168,0,,0,0,drift_not_confirmed,,voltage_rolling_mean=231.437507;source_publish_interval=0.504260,,0.8616659324616194,11.97141595184803,12.854833854362369
2026-08-10T16:35:53.926246+00:00,measurement_drift_01,meter_03,180,none,none,none,none,none,none,0.999987940816004,0.46167198755167266,0,,0,0,drift_not_confirmed,,voltage_rolling_mean=230.608773;source_publish_interval=0.504259,,0.5802500527352095,9.555249940603971,10.153334122151136
2026-08-10T16:35:54.389310+00:00,measurement_drift_01,meter_01,181,none,none,none,none,none,none,0.9989231558824503,0.45278679451499176,0,,0,0,drift_not_confirmed,,voltage_rolling_mean=231.597654;source_publish_interval=0.504261,,2.846458926796913,14.478834113106132,17.35058380290866
2026-08-10T16:35:54.407017+00:00,measurement_drift_01,meter_02,181,none,measurement_shift,none,none,none,none,0.9996875240749941,0.5432807937356504,0,,0,0,drift_not_confirmed,,voltage_rolling_mean=231.437507;source_publish_interval=0.504260,,0.67491689696908,10.337874991819263,11.031708912923932
2026-08-10T16:35:54.418130+00:00,measurement_drift_01,meter_03,181,none,none,none,none,none,none,0.9999989449924392,0.5146398904643982,0,,0,0,drift_not_confirmed,,voltage_rolling_mean=230.608773;source_publish_interval=0.504259,,0.531249912455678,8.94595799036324,9.49404202401638
2026-08-10T16:35:54.894550+00:00,measurement_drift_01,meter_01,182,none,none,none,none,none,none,0.9988287019930499,0.4365723115026779,0,,0,0,drift_not_confirmed,,voltage_rolling_mean=231.597654;source_publish_interval=0.504261,,2.6485419366508722,18.571667140349746,21.254000021144748
2026-08-10T16:35:54.916169+00:00,measurement_drift_01,meter_02,182,none,measurement_shift,none,none,none,none,0.9991881006538511,0.5528634062672679,0,,0,0,drift_not_confirmed,,voltage_rolling_mean=231.437507;source_publish_interval=0.504260,,0.7183749694377184,11.403042124584317,12.143291998654604
2026-08-10T16:35:54.928399+00:00,measurement_drift_01,meter_03,182,none,none,none,none,none,none,0.9999968257781915,0.47119890454659125,0,,0,0,drift_not_confirmed,,voltage_rolling_mean=230.608773;source_publish_interval=0.504259,,0.559499952942133,9.489916963502765,10.066709015518427
2026-08-10T16:35:55.398907+00:00,measurement_drift_01,meter_01,183,none,none,none,none,none,none,0.9991181841193831,0.4380020718203793,0,,0,0,drift_not_confirmed,,voltage_rolling_mean=231.597654;source_publish_interval=0.504261,,2.0595828536897898,22.5834168959409,24.676291970536113
2026-08-10T16:35:55.423900+00:00,measurement_drift_01,meter_02,183,none,measurement_shift,none,none,none,none,0.9984114962171629,0.5427288744224402,0,,0,0,drift_not_confirmed,,voltage_rolling_mean=231.437507;source_publish_interval=0.504260,,0.8415421470999718,12.161249993368983,13.024209067225456
2026-08-10T16:35:55.437028+00:00,measurement_drift_01,meter_03,183,none,none,none,none,none,none,0.9999833530333773,0.45698182290169814,0,,0,0,drift_not_confirmed,,voltage_rolling_mean=230.608773;source_publish_interval=0.504259,,0.6139168981462717,9.641291806474328,10.272416984662414
2026-08-10T16:35:55.903053+00:00,measurement_drift_01,meter_01,184,none,none,none,none,none,none,0.9981639740898003,0.4370620817960987,0,,0,0,drift_not_confirmed,,voltage_rolling_mean=231.597654;source_publish_interval=0.504261,,1.3322089798748493,22.795208962634206,24.163041030988097
2026-08-10T16:35:55.927492+00:00,measurement_drift_01,meter_02,184,none,measurement_shift,none,none,none,none,0.9998827413339487,0.5511570093297691,0,,0,0,drift_not_confirmed,,voltage_rolling_mean=231.437507;source_publish_interval=0.504260,,0.8206248749047518,12.009666999801993,12.855124892666936
2026-08-10T16:35:55.940456+00:00,measurement_drift_01,meter_03,184,none,none,none,none,none,none,0.999998342856132,0.4764747994812411,0,,0,0,drift_not_confirmed,,voltage_rolling_mean=230.608773;source_publish_interval=0.504259,,0.606499845162034,9.536332916468382,10.16041706316173
2026-08-10T16:35:56.404958+00:00,measurement_drift_01,meter_01,185,none,none,none,none,none,none,0.9914023158364283,0.4633202543409552,0,,0,0,drift_not_confirmed,,voltage_rolling_mean=231.597654;source_publish_interval=0.504261,,2.7619160246104,18.31174991093576,21.10708295367658
2026-08-10T16:35:56.426405+00:00,measurement_drift_01,meter_02,185,none,measurement_shift,none,none,none,none,0.9998299001934332,0.5535985983936801,0,,0,0,drift_not_confirmed,,voltage_rolling_mean=231.437507;source_publish_interval=0.504260,,0.7436249870806932,11.234082980081439,11.997041990980506
2026-08-10T16:35:56.438487+00:00,measurement_drift_01,meter_03,185,none,none,none,none,none,none,0.9999988224977022,0.4646783243888428,0,,0,0,drift_not_confirmed,,voltage_rolling_mean=230.608773;source_publish_interval=0.504259,,0.5491671618074179,9.26225003786385,9.82887507416308
2026-08-10T16:35:56.910271+00:00,measurement_drift_01,meter_01,186,none,none,none,none,none,none,0.9872695532939952,0.48699336576791846,0,,0,0,drift_not_confirmed,,voltage_rolling_mean=231.597654;source_publish_interval=0.504261,,2.558459062129259,18.349042162299156,20.93874989077449
2026-08-10T16:35:56.931567+00:00,measurement_drift_01,meter_02,186,none,measurement_shift,none,none,none,none,0.999899416494998,0.5516470316510379,0,,0,0,drift_not_confirmed,,voltage_rolling_mean=231.437507;source_publish_interval=0.504260,,0.6905831396579742,11.18608401156962,11.896040989086032
2026-08-10T16:35:56.943548+00:00,measurement_drift_01,meter_03,186,none,none,none,none,none,none,0.9998299258310457,0.4372332255331523,0,,0,0,drift_not_confirmed,,voltage_rolling_mean=230.608773;source_publish_interval=0.504259,,0.5311248824000359,9.342583129182458,9.891249937936664
2026-08-10T16:35:57.415379+00:00,measurement_drift_01,meter_01,187,none,none,none,none,none,none,0.9996225035647085,0.4404115767711902,0,,0,0,drift_not_confirmed,,voltage_rolling_mean=231.597654;source_publish_interval=0.504261,,2.470458159223199,18.531000008806586,21.03450009599328
2026-08-10T16:35:57.436764+00:00,measurement_drift_01,meter_02,187,none,measurement_shift,none,none,none,none,0.9988063807604666,0.5507948417632847,0,,0,0,drift_not_confirmed,,voltage_rolling_mean=231.437507;source_publish_interval=0.504260,,0.6794591899961233,11.437999783083797,12.137125013396144
2026-08-10T16:35:57.448981+00:00,measurement_drift_01,meter_03,187,none,none,none,none,none,none,0.9999746990646878,0.4558385143560329,0,,0,0,drift_not_confirmed,,voltage_rolling_mean=230.608773;source_publish_interval=0.504259,,0.5356250330805779,9.537917096167803,10.092957876622677
2026-08-10T16:35:57.920462+00:00,measurement_drift_01,meter_01,188,none,none,none,none,none,none,0.9997477069271142,0.5274237462087714,0,,0,0,drift_not_confirmed,,voltage_rolling_mean=231.597654;source_publish_interval=0.504261,,2.048749942332506,21.772915963083506,23.85649993084371
2026-08-10T16:35:57.944623+00:00,measurement_drift_01,meter_02,188,none,measurement_shift,none,none,none,none,0.9998665492497584,0.5507397574780021,0,,0,0,drift_not_confirmed,,voltage_rolling_mean=231.437507;source_publish_interval=0.504260,,0.8624999318271875,12.00250000692904,12.890500016510487
2026-08-10T16:35:57.957618+00:00,measurement_drift_01,meter_03,188,none,none,none,none,none,none,0.9999964209374237,0.46023037824354635,0,,0,0,drift_not_confirmed,,voltage_rolling_mean=230.608773;source_publish_interval=0.504259,,0.5778330378234386,9.49608301743865,10.092207929119468
2026-08-10T16:35:58.425605+00:00,measurement_drift_01,meter_01,189,none,none,none,none,none,none,0.999186524957022,0.4364726827937654,0,,0,0,drift_not_confirmed,,voltage_rolling_mean=231.597654;source_publish_interval=0.504261,,2.0104998257011175,21.17937500588596,23.231332888826728
2026-08-10T16:35:58.449110+00:00,measurement_drift_01,meter_02,189,none,measurement_shift,none,none,none,none,0.9982147084741063,0.5373081227070816,0,,0,0,drift_not_confirmed,,voltage_rolling_mean=231.437507;source_publish_interval=0.504260,,0.7297499105334282,11.64850010536611,12.399750063195825
2026-08-10T16:35:58.461613+00:00,measurement_drift_01,meter_03,189,none,none,none,none,none,none,0.9999981546239466,0.4556182223062578,0,,0,0,drift_not_confirmed,,voltage_rolling_mean=230.608773;source_publish_interval=0.504259,,0.5930420011281967,9.624958969652653,10.235457913950086
2026-08-10T16:35:58.930076+00:00,measurement_drift_01,meter_01,190,none,none,none,none,none,none,0.9989892727433053,0.4663008365136484,0,,0,0,drift_not_confirmed,,voltage_rolling_mean=231.597654;source_publish_interval=0.504261,,2.2243340499699116,22.1348749473691,24.39224999397993
2026-08-10T16:35:58.954788+00:00,measurement_drift_01,meter_02,190,none,measurement_shift,none,none,none,none,0.9998115129696888,0.5512411238593266,0,,0,0,drift_not_confirmed,,voltage_rolling_mean=231.437507;source_publish_interval=0.504260,,0.8399160578846931,12.04562489874661,12.906624935567379
2026-08-10T16:35:58.967781+00:00,measurement_drift_01,meter_03,190,none,none,none,none,none,none,0.9999987107139263,0.43738641079066476,0,,0,0,drift_not_confirmed,,voltage_rolling_mean=230.608773;source_publish_interval=0.504259,,0.6092090625315905,9.549790993332863,10.176082840189338
2026-08-10T16:35:59.435687+00:00,measurement_drift_01,meter_01,191,none,none,none,none,none,none,0.9991395296260093,0.46067706619647675,0,,0,0,drift_not_confirmed,,voltage_rolling_mean=231.597654;source_publish_interval=0.504261,,2.3057919461280107,19.17329104617238,21.51341689750552
2026-08-10T16:35:59.457579+00:00,measurement_drift_01,meter_02,191,none,measurement_shift,none,none,none,none,0.9999474287104388,0.5528613519237401,0,,0,0,drift_not_confirmed,,voltage_rolling_mean=231.437507;source_publish_interval=0.504260,,0.7204168941825628,11.522209038957953,12.267624959349632
2026-08-10T16:35:59.469944+00:00,measurement_drift_01,meter_03,191,none,none,none,none,none,none,0.9999994678353784,0.4519489368932314,0,,0,0,drift_not_confirmed,,voltage_rolling_mean=230.608773;source_publish_interval=0.504259,,0.5500421393662691,9.403083007782698,9.971583029255271
2026-08-10T16:35:59.937420+00:00,measurement_drift_01,meter_01,192,none,none,none,none,none,none,0.9997603683029959,0.4569320979657545,0,,0,0,drift_not_confirmed,,voltage_rolling_mean=231.597654;source_publish_interval=0.504261,,2.0111671183258295,21.50920801796019,23.54825008660555
2026-08-10T16:35:59.961255+00:00,measurement_drift_01,meter_02,192,none,measurement_shift,none,none,none,none,0.9999813506805904,0.5505029200586985,0,,0,0,drift_not_confirmed,,voltage_rolling_mean=231.437507;source_publish_interval=0.504260,,0.7178341038525105,11.822292115539312,12.562124989926815
2026-08-10T16:35:59.973912+00:00,measurement_drift_01,meter_03,192,none,none,none,none,none,none,0.9999984208497489,0.43931400446722507,0,,0,0,drift_not_confirmed,,voltage_rolling_mean=230.608773;source_publish_interval=0.504259,,0.5924999713897705,9.542166953906417,10.152458911761642
2026-08-10T16:36:00.439693+00:00,measurement_drift_01,meter_01,193,none,none,none,none,none,none,0.9998191336541928,0.45242230158914215,0,,0,0,drift_not_confirmed,,voltage_rolling_mean=231.597654;source_publish_interval=0.504261,,3.0606668442487717,16.777541022747755,19.870375050231814
2026-08-10T16:36:00.459910+00:00,measurement_drift_01,meter_02,193,none,measurement_shift,none,none,none,none,0.9999605554952549,0.5492773793939042,0,,0,0,drift_not_confirmed,,voltage_rolling_mean=231.437507;source_publish_interval=0.504260,,0.7331660017371178,10.972707998007536,11.724292067810893
2026-08-10T16:36:00.471717+00:00,measurement_drift_01,meter_03,193,none,none,none,none,none,none,0.9999996093332971,0.5544534175747741,0,,0,0,drift_not_confirmed,,voltage_rolling_mean=230.608773;source_publish_interval=0.504259,,0.5383749958127737,9.211542084813118,9.766458068042994
2026-08-10T16:36:00.944463+00:00,measurement_drift_01,meter_01,194,none,none,none,none,none,none,0.9998765245293841,0.5754361743186281,0,,0,0,drift_not_confirmed,,voltage_rolling_mean=231.597654;source_publish_interval=0.504261,,2.435666974633932,22.860458819195628,25.33308300189674
2026-08-10T16:36:00.970131+00:00,measurement_drift_01,meter_02,194,none,measurement_shift,none,none,none,none,0.9999227946821494,0.5460494416044406,0,,0,0,drift_not_confirmed,,voltage_rolling_mean=231.437507;source_publish_interval=0.504260,,0.8437088690698147,11.960000032559037,12.824834091588855
2026-08-10T16:36:00.983050+00:00,measurement_drift_01,meter_03,194,none,none,none,none,none,none,0.9999977110898701,0.46474077220047216,0,,0,0,drift_not_confirmed,,voltage_rolling_mean=230.608773;source_publish_interval=0.504259,,0.6089580710977316,9.957792004570365,10.584708070382476
2026-08-10T16:36:01.448884+00:00,measurement_drift_01,meter_01,195,none,none,none,none,none,none,0.9999447947010841,0.5131082437486446,0,,0,0,drift_not_confirmed,,voltage_rolling_mean=231.597654;source_publish_interval=0.504261,,1.4882090035825968,21.882457891479135,23.407666012644768
2026-08-10T16:36:01.472558+00:00,measurement_drift_01,meter_02,195,none,measurement_shift,none,none,none,none,0.9999885399839438,0.5840212187709285,0,,0,0,drift_not_confirmed,,voltage_rolling_mean=231.437507;source_publish_interval=0.504260,,0.85658417083323,12.497958028689027,13.377250172197819
2026-08-10T16:36:01.486038+00:00,measurement_drift_01,meter_03,195,none,none,none,none,none,none,0.9999992301470246,0.5494190308614544,0,,0,0,drift_not_confirmed,,voltage_rolling_mean=230.608773;source_publish_interval=0.504259,,0.6109168753027916,9.736791020259261,10.365875205025077
2026-08-10T16:36:01.951352+00:00,measurement_drift_01,meter_01,196,none,none,none,none,none,none,0.9998389135328261,0.4883686571654359,0,,0,0,drift_not_confirmed,,voltage_rolling_mean=231.597654;source_publish_interval=0.504261,,2.094290917739272,21.808332996442914,23.936874931678176
2026-08-10T16:36:01.975575+00:00,measurement_drift_01,meter_02,196,none,measurement_shift,none,unknown,unknown,unknown,0.9999849440924573,0.6465750115641424,0,,0,0,drift_not_confirmed,,voltage_rolling_mean=231.437507;source_publish_interval=0.504260,,0.8339171763509512,11.923499871045351,12.779332930222154
2026-08-10T16:36:01.988463+00:00,measurement_drift_01,meter_03,196,none,none,none,none,none,none,0.9999993169674415,0.43256000405557865,0,,0,0,drift_not_confirmed,,voltage_rolling_mean=230.608773;source_publish_interval=0.504259,,0.5846249405294657,9.550707880407572,10.155458934605122
2026-08-10T16:36:02.453132+00:00,measurement_drift_01,meter_01,197,none,none,none,none,none,none,0.9989077748884085,0.4611420048948231,0,,0,0,drift_not_confirmed,,voltage_rolling_mean=231.597654;source_publish_interval=0.504261,,2.3873329628258944,18.965959083288908,21.385957952588797
2026-08-10T16:36:02.474894+00:00,measurement_drift_01,meter_02,197,none,measurement_shift,none,none,none,normal_drift,0.9998056209814891,0.5429279894269246,1,voltage_rolling_mean,1,0,collecting_candidates;drift_not_confirmed,voltage_rolling_mean,voltage_rolling_mean=231.437507;source_publish_interval=0.504260,voltage_rolling_mean,0.7387499790638685,11.520874919369817,12.28987518697977
2026-08-10T16:36:02.487296+00:00,measurement_drift_01,meter_03,197,none,none,none,none,none,none,0.9999994734667,0.5412223653521844,0,,0,0,drift_not_confirmed,,voltage_rolling_mean=230.608773;source_publish_interval=0.504259,,0.5551248323172331,9.593040915206075,10.167458094656467
2026-08-10T16:36:02.958410+00:00,measurement_drift_01,meter_01,198,none,none,none,none,none,none,0.9996126857485479,0.4573296755785626,0,,0,0,drift_not_confirmed,,voltage_rolling_mean=231.597654;source_publish_interval=0.504261,,2.515750005841255,19.499291898682714,22.062834119424224
2026-08-10T16:36:02.980903+00:00,measurement_drift_01,meter_02,198,none,measurement_shift,none,none,none,normal_drift,0.9999369915437574,0.5741148835896567,0,,1,0,collecting_candidates;drift_not_confirmed,voltage_rolling_mean,voltage_rolling_mean=231.437507;source_publish_interval=0.504260,voltage_rolling_mean,0.8342498913407326,11.757374973967671,12.621124973520637
2026-08-10T16:36:02.993701+00:00,measurement_drift_01,meter_03,198,none,none,none,none,none,none,0.9999983316289099,0.4575873187790749,0,,0,0,drift_not_confirmed,,voltage_rolling_mean=230.608773;source_publish_interval=0.504259,,0.569166149944067,9.46125015616417,10.049249976873398
2026-08-10T16:36:03.463357+00:00,measurement_drift_01,meter_01,199,none,none,none,none,none,none,0.9998985753411309,0.4550149409353089,0,,0,0,drift_not_confirmed,,voltage_rolling_mean=231.597654;source_publish_interval=0.504261,,1.9834579434245825,22.244291147217155,24.2705000564456
2026-08-10T16:36:03.488007+00:00,measurement_drift_01,meter_02,199,none,measurement_shift,none,none,none,normal_drift,0.999825254400501,0.5683255991530911,0,,1,0,collecting_candidates;drift_not_confirmed,voltage_rolling_mean,voltage_rolling_mean=231.437507;source_publish_interval=0.504260,voltage_rolling_mean,0.9302501566708088,12.05933396704495,13.016207842156291
2026-08-10T16:36:03.501171+00:00,measurement_drift_01,meter_03,199,none,none,none,none,none,none,0.9999984019118958,0.5583986285853421,0,,0,0,drift_not_confirmed,,voltage_rolling_mean=230.608773;source_publish_interval=0.504259,,0.6282080430537462,9.752833051607013,10.40041702799499
2026-08-10T16:36:03.965525+00:00,measurement_drift_01,meter_01,200,none,none,none,none,none,none,0.9999780507241463,0.44387308084071464,0,,0,0,drift_not_confirmed,,voltage_rolling_mean=231.597654;source_publish_interval=0.504261,,2.1842920687049627,21.48333308286965,23.709333036094904
2026-08-10T16:36:03.989663+00:00,measurement_drift_01,meter_02,200,none,measurement_shift,none,none,none,normal_drift,0.9999781643095574,0.5567295977840442,0,,1,0,collecting_candidates;drift_not_confirmed,voltage_rolling_mean,voltage_rolling_mean=231.437507;source_publish_interval=0.504260,voltage_rolling_mean,0.8264170028269291,11.861500097438693,12.715457938611507
2026-08-10T16:36:04.002523+00:00,measurement_drift_01,meter_03,200,none,none,none,none,none,none,0.9999991510947112,0.47035908012273825,0,,0,0,drift_not_confirmed,,voltage_rolling_mean=230.608773;source_publish_interval=0.504259,,0.6208750419318676,9.624707978218794,10.265082819387317
2026-08-10T16:36:04.469614+00:00,measurement_drift_01,meter_01,201,none,none,none,none,none,none,0.9999918599348645,0.46749635476922163,0,,0,0,drift_not_confirmed,,voltage_rolling_mean=231.597654;source_publish_interval=0.504261,,2.9668330680578947,16.628750134259462,19.63312504813075
2026-08-10T16:36:04.489620+00:00,measurement_drift_01,meter_02,201,none,measurement_shift,none,none,none,normal_drift,0.9998978901559766,0.5529345726835291,0,,1,0,collecting_candidates;drift_not_confirmed,voltage_rolling_mean,voltage_rolling_mean=231.437507;source_publish_interval=0.504260,voltage_rolling_mean,0.7892081048339605,10.869499994441867,11.680209077894688
2026-08-10T16:36:04.501414+00:00,measurement_drift_01,meter_03,201,none,none,none,none,none,none,0.9999988532341365,0.4478580934281305,0,,0,0,drift_not_confirmed,,voltage_rolling_mean=230.608773;source_publish_interval=0.504259,,0.5387079436331987,9.12829115986824,9.685040917247534
2026-08-10T16:36:04.974114+00:00,measurement_drift_01,meter_01,202,none,none,none,none,none,none,0.9999122731081166,0.4636516448536505,0,,0,0,drift_not_confirmed,,voltage_rolling_mean=231.597654;source_publish_interval=0.504261,,1.3524999376386404,21.672667004168034,23.07754196226597
2026-08-10T16:36:04.997483+00:00,measurement_drift_01,meter_02,202,none,measurement_shift,none,none,none,normal_drift,0.9999760414823248,0.5548747402276126,0,,1,0,collecting_candidates;drift_not_confirmed,voltage_rolling_mean,voltage_rolling_mean=231.437507;source_publish_interval=0.504260,voltage_rolling_mean,0.9592080023139715,13.38749984279275,14.390042051672935
2026-08-10T16:36:05.012057+00:00,measurement_drift_01,meter_03,202,none,none,none,none,none,none,0.9999994270113916,0.43670533079802354,0,,0,0,drift_not_confirmed,,voltage_rolling_mean=230.608773;source_publish_interval=0.504259,,0.6231670267879963,10.147541994228959,10.790750151500106
2026-08-10T16:36:05.477008+00:00,measurement_drift_01,meter_01,203,none,none,none,none,none,none,0.999993807788158,0.46964653244228277,0,,0,0,drift_not_confirmed,,voltage_rolling_mean=231.597654;source_publish_interval=0.504261,,1.9814588595181704,21.64054219610989,23.656625067815185
2026-08-10T16:36:05.501005+00:00,measurement_drift_01,meter_02,203,none,measurement_shift,none,none,none,normal_drift,0.999940818724558,0.5545169213136776,0,,1,0,collecting_candidates;drift_not_confirmed,voltage_rolling_mean,voltage_rolling_mean=231.437507;source_publish_interval=0.504260,voltage_rolling_mean,0.7807500660419464,12.225375045090914,13.031208189204335
2026-08-10T16:36:05.514165+00:00,measurement_drift_01,meter_03,203,none,none,none,none,none,none,0.9999996607615714,0.4665084348670684,0,,0,0,drift_not_confirmed,,voltage_rolling_mean=230.608773;source_publish_interval=0.504259,,0.6183339282870293,9.543250082060695,10.179708944633603
2026-08-10T16:36:05.977890+00:00,measurement_drift_01,meter_01,204,none,none,none,none,none,none,0.9999942353911594,0.5315901331549038,0,,0,0,drift_not_confirmed,,voltage_rolling_mean=231.597654;source_publish_interval=0.504261,,2.7816249057650566,23.344708140939474,26.16579202003777
2026-08-10T16:36:06.004434+00:00,measurement_drift_01,meter_02,204,none,measurement_shift,none,none,none,normal_drift,0.9999482349562036,0.5714169651153109,0,,1,0,collecting_candidates;drift_not_confirmed,voltage_rolling_mean,voltage_rolling_mean=231.437507;source_publish_interval=0.504260,voltage_rolling_mean,0.8934589568525553,12.13895808905363,13.058209093287587
2026-08-10T16:36:06.017615+00:00,measurement_drift_01,meter_03,204,none,none,none,none,none,none,0.9999996281956401,0.43709760835475103,0,,0,0,drift_not_confirmed,,voltage_rolling_mean=230.608773;source_publish_interval=0.504259,,0.6430409848690033,9.683166164904833,10.345874819904566
2026-08-10T16:36:06.481979+00:00,measurement_drift_01,meter_01,205,none,none,none,none,none,none,0.9999871710926409,0.4578002761433936,0,,0,0,drift_not_confirmed,,voltage_rolling_mean=231.597654;source_publish_interval=0.504261,,2.4030411150306463,22.42016582749784,24.86762497574091
2026-08-10T16:36:06.507319+00:00,measurement_drift_01,meter_02,205,none,measurement_shift,none,none,none,normal_drift,0.9999769729970948,0.583883778231021,0,,1,0,collecting_candidates;drift_not_confirmed,voltage_rolling_mean,voltage_rolling_mean=231.437507;source_publish_interval=0.504260,voltage_rolling_mean,0.8980000857263803,12.12995802052319,13.051124988123775
2026-08-10T16:36:06.520515+00:00,measurement_drift_01,meter_03,205,none,none,none,none,none,none,0.999999410498672,0.48158053128729544,0,,0,0,drift_not_confirmed,,voltage_rolling_mean=230.608773;source_publish_interval=0.504259,,0.5675000138580799,9.698292007669806,10.288708843290806
2026-08-10T16:36:06.983074+00:00,measurement_drift_01,meter_01,206,none,none,none,none,none,none,0.9999584531529911,0.4614143441046038,0,,0,0,drift_not_confirmed,,voltage_rolling_mean=231.597654;source_publish_interval=0.504261,,2.2238329984247684,22.750207921490073,25.015749968588352
2026-08-10T16:36:07.008362+00:00,measurement_drift_01,meter_02,206,none,measurement_shift,none,none,none,normal_drift,0.9999884419794511,0.5545984379097731,0,,1,0,collecting_candidates;drift_not_confirmed,voltage_rolling_mean,voltage_rolling_mean=231.437507;source_publish_interval=0.504260,voltage_rolling_mean,0.9113750420510769,12.12833309546113,13.064041966572404
2026-08-10T16:36:07.021568+00:00,measurement_drift_01,meter_03,206,none,none,none,none,none,none,0.9999988567419246,0.48813007366353134,0,,0,0,drift_not_confirmed,,voltage_rolling_mean=230.608773;source_publish_interval=0.504259,,0.5657922010868788,9.490208001807332,10.074540972709656
2026-08-10T16:36:07.489164+00:00,measurement_drift_01,meter_01,207,none,none,none,none,none,none,0.9999863324520183,0.4553431442051634,0,,0,0,drift_not_confirmed,,voltage_rolling_mean=231.597654;source_publish_interval=0.504261,,1.9853750709444284,21.822999930009246,23.843832779675722
2026-08-10T16:36:07.513342+00:00,measurement_drift_01,meter_02,207,none,measurement_shift,none,none,none,normal_drift,0.9988530277077906,0.5920712489916481,0,,1,0,collecting_candidates;drift_not_confirmed,voltage_rolling_mean,voltage_rolling_mean=231.437507;source_publish_interval=0.504260,voltage_rolling_mean,0.8404578547924757,12.094332836568356,12.95858295634389
2026-08-10T16:36:07.526416+00:00,measurement_drift_01,meter_03,207,none,none,none,none,none,none,0.9999988374018656,0.46278113419388084,0,,0,0,drift_not_confirmed,,voltage_rolling_mean=230.608773;source_publish_interval=0.504259,,0.5622080061584711,9.489207994192839,10.069291107356548
2026-08-10T16:36:07.993924+00:00,measurement_drift_01,meter_01,208,none,none,none,none,none,none,0.9999875663153627,0.4549197053990843,0,,0,0,drift_not_confirmed,,voltage_rolling_mean=231.597654;source_publish_interval=0.504261,,1.6401659231632948,21.70145884156227,23.378584068268538
2026-08-10T16:36:08.017564+00:00,measurement_drift_01,meter_02,208,none,measurement_shift,none,none,none,normal_drift,0.9992784964212241,0.5519555841165293,0,,1,0,collecting_candidates;drift_not_confirmed,voltage_rolling_mean,voltage_rolling_mean=231.437507;source_publish_interval=0.504260,voltage_rolling_mean,0.8865420240908861,13.09379213489592,14.005084056407213
2026-08-10T16:36:08.031701+00:00,measurement_drift_01,meter_03,208,none,none,none,none,none,none,0.9999994519504581,0.45161782470009837,0,,0,0,drift_not_confirmed,,voltage_rolling_mean=230.608773;source_publish_interval=0.504259,,0.6187078543007374,10.085958987474442,10.722708888351917
2026-08-10T16:36:08.499102+00:00,measurement_drift_01,meter_01,209,none,none,none,none,none,none,0.9999883140342605,0.45327677644363634,0,,0,0,drift_not_confirmed,,voltage_rolling_mean=231.597654;source_publish_interval=0.504261,,2.0379170309752226,22.281666984781623,24.378000060096383
2026-08-10T16:36:08.523939+00:00,measurement_drift_01,meter_02,209,none,measurement_shift,none,none,none,normal_drift,0.9999349559076369,0.6073150605979086,0,,1,0,collecting_candidates;drift_not_confirmed,voltage_rolling_mean,voltage_rolling_mean=231.437507;source_publish_interval=0.504260,voltage_rolling_mean,0.9552917908877134,12.353209080174565,13.33462493494153
2026-08-10T16:36:08.537442+00:00,measurement_drift_01,meter_03,209,none,none,none,none,none,none,0.9999996084550574,0.46514553655705365,0,,0,0,drift_not_confirmed,,voltage_rolling_mean=230.608773;source_publish_interval=0.504259,,0.5692918784916401,9.609207976609468,10.198333067819476
2026-08-10T16:36:09.001327+00:00,measurement_drift_01,meter_01,210,none,none,none,none,none,none,0.9999675565206518,0.45172728597441847,0,,0,0,drift_not_confirmed,,voltage_rolling_mean=231.597654;source_publish_interval=0.504261,,2.455167006701231,22.410999983549118,24.90470907650888
2026-08-10T16:36:09.026628+00:00,measurement_drift_01,meter_02,210,none,measurement_shift,none,none,none,normal_drift,0.9999387582439363,0.5522507036655077,0,,1,0,collecting_candidates;drift_not_confirmed,voltage_rolling_mean,voltage_rolling_mean=231.437507;source_publish_interval=0.504260,voltage_rolling_mean,0.8768339175730944,12.135207885876298,13.038000091910362
2026-08-10T16:36:09.039791+00:00,measurement_drift_01,meter_03,210,none,none,none,none,none,none,0.9999996020058585,0.470281516609084,0,,0,0,drift_not_confirmed,,voltage_rolling_mean=230.608773;source_publish_interval=0.504259,,0.6115001160651445,9.574249852448702,10.205625090748072
2026-08-10T16:36:09.506483+00:00,measurement_drift_01,meter_01,211,none,none,none,none,none,none,0.9999879353856334,0.449559648209871,0,,0,0,drift_not_confirmed,,voltage_rolling_mean=231.597654;source_publish_interval=0.504261,,2.3898330982774496,22.06554193980992,24.498499929904938
2026-08-10T16:36:09.531388+00:00,measurement_drift_01,meter_02,211,none,measurement_shift,none,none,none,normal_drift,0.9999580129349416,0.5807453665163641,0,,1,0,collecting_candidates;drift_not_confirmed,voltage_rolling_mean,voltage_rolling_mean=231.437507;source_publish_interval=0.504260,voltage_rolling_mean,0.7664170116186142,12.264041928574443,13.056374853476882
2026-08-10T16:36:09.544578+00:00,measurement_drift_01,meter_03,211,none,none,none,none,none,none,0.9999988899181108,0.4554818614473788,0,,0,0,drift_not_confirmed,,voltage_rolling_mean=230.608773;source_publish_interval=0.504259,,0.5738749168813229,9.518458042293787,10.11066697537899
2026-08-10T16:36:10.007201+00:00,measurement_drift_01,meter_01,212,none,none,none,none,none,none,0.9999909749705761,0.4524045826067967,0,,0,0,drift_not_confirmed,,voltage_rolling_mean=231.597654;source_publish_interval=0.504261,,3.382208989933133,16.9126249384135,20.32875013537705
2026-08-10T16:36:10.027936+00:00,measurement_drift_01,meter_02,212,none,measurement_shift,none,none,none,normal_drift,0.9999973258147087,0.5570005775218774,0,,1,0,collecting_candidates;drift_not_confirmed,voltage_rolling_mean,voltage_rolling_mean=231.437507;source_publish_interval=0.504260,voltage_rolling_mean,0.7602500263601542,11.044541839510202,11.831874959170818
2026-08-10T16:36:10.039879+00:00,measurement_drift_01,meter_03,212,none,none,none,none,none,none,0.9999996214083179,0.42955302899405867,0,,0,0,drift_not_confirmed,,voltage_rolling_mean=230.608773;source_publish_interval=0.504259,,0.5515827797353268,9.120333939790726,9.689957834780216
2026-08-10T16:36:10.512371+00:00,measurement_drift_01,meter_01,213,none,none,none,none,none,none,0.999982420870027,0.4573231518891345,0,,0,0,drift_not_confirmed,,voltage_rolling_mean=231.597654;source_publish_interval=0.504261,,2.4416670203208923,20.744292065501213,23.223625030368567
2026-08-10T16:36:10.536025+00:00,measurement_drift_01,meter_02,213,none,measurement_shift,none,none,none,normal_drift,0.9999934785917135,0.560138495696569,0,,1,0,collecting_candidates;drift_not_confirmed,voltage_rolling_mean,voltage_rolling_mean=231.437507;source_publish_interval=0.504260,voltage_rolling_mean,0.7814590353518724,11.758457869291306,12.565333163365722
2026-08-10T16:36:10.548722+00:00,measurement_drift_01,meter_03,213,none,none,none,none,none,none,0.9999993007357462,0.4715010688515583,0,,0,0,drift_not_confirmed,,voltage_rolling_mean=230.608773;source_publish_interval=0.504259,,0.6112088449299335,9.493749821558595,10.123667074367404
2026-08-10T16:36:11.017335+00:00,measurement_drift_01,meter_01,214,none,none,none,none,none,none,0.9999912430806192,0.5409710812658685,0,,0,0,drift_not_confirmed,,voltage_rolling_mean=231.597654;source_publish_interval=0.504261,,2.793333027511835,18.235500203445554,21.06508403085172
2026-08-10T16:36:11.038768+00:00,measurement_drift_01,meter_02,214,none,measurement_shift,none,none,none,normal_drift,0.9999939906741755,0.5930591670996853,0,,1,0,collecting_candidates;drift_not_confirmed,voltage_rolling_mean,voltage_rolling_mean=231.437507;source_publish_interval=0.504260,voltage_rolling_mean,0.7133751641958952,11.35079120285809,12.085708091035485
2026-08-10T16:36:11.050950+00:00,measurement_drift_01,meter_03,214,none,none,none,none,none,none,0.9999995455085632,0.4506544568758797,0,,0,0,drift_not_confirmed,,voltage_rolling_mean=230.608773;source_publish_interval=0.504259,,0.540875131264329,9.299583034589887,9.858374949544668
2026-08-10T16:36:11.522686+00:00,measurement_drift_01,meter_01,215,none,none,none,none,none,none,0.9999956921963665,0.5268098684492829,0,,0,0,drift_not_confirmed,,voltage_rolling_mean=231.597654;source_publish_interval=0.504261,,2.4098751600831747,21.104958141222596,23.55662500485778
2026-08-10T16:36:11.546691+00:00,measurement_drift_01,meter_02,215,none,measurement_shift,none,none,none,normal_drift,0.9999961440639435,0.5547399525759621,0,,1,0,collecting_candidates;drift_not_confirmed,voltage_rolling_mean,voltage_rolling_mean=231.437507;source_publish_interval=0.504260,voltage_rolling_mean,0.7808750960975885,12.085042195394635,12.890000129118562
2026-08-10T16:36:11.559709+00:00,measurement_drift_01,meter_03,215,none,none,none,none,none,none,0.9999990155136289,0.447093021736622,0,,0,0,drift_not_confirmed,,voltage_rolling_mean=230.608773;source_publish_interval=0.504259,,0.5381249357014894,9.58449998870492,10.140749858692288
2026-08-10T16:36:12.023095+00:00,measurement_drift_01,meter_01,216,none,none,none,none,none,none,0.9999922533119202,0.5305686226023101,0,,0,0,drift_not_confirmed,,voltage_rolling_mean=231.597654;source_publish_interval=0.504261,,1.9911248236894608,21.99791604653001,24.02666606940329
2026-08-10T16:36:12.047478+00:00,measurement_drift_01,meter_02,216,none,measurement_shift,none,none,none,normal_drift,0.9999963971660562,0.5583943252316865,0,,1,1,drift_not_confirmed;reference_updated,voltage_rolling_mean,voltage_rolling_mean=232.437507;source_publish_interval=0.504260,voltage_rolling_mean,0.8687078952789307,12.164124986156821,13.064458034932613
2026-08-10T16:36:12.060676+00:00,measurement_drift_01,meter_03,216,none,none,none,none,none,none,0.9999991871524111,0.4524132538674312,0,,0,0,drift_not_confirmed,,voltage_rolling_mean=230.608773;source_publish_interval=0.504259,,0.5574589595198631,9.64483292773366,10.221125092357397
2026-08-10T16:36:12.527675+00:00,measurement_drift_01,meter_01,217,none,none,none,none,none,none,0.9999801233653285,0.47759207925449265,0,,0,0,drift_not_confirmed,,voltage_rolling_mean=231.597654;source_publish_interval=0.504261,,1.9546670373529196,21.906333975493908,23.911125026643276
2026-08-10T16:36:12.551931+00:00,measurement_drift_01,meter_02,217,none,measurement_shift,none,none,none,normal_drift,0.9999975569184224,0.5937481678541385,0,,1,0,collecting_candidates;drift_not_confirmed,voltage_rolling_mean,voltage_rolling_mean=232.437507;source_publish_interval=0.504260,voltage_rolling_mean,0.8871660102158785,12.085041031241417,12.99770805053413
2026-08-10T16:36:12.565058+00:00,measurement_drift_01,meter_03,217,none,none,none,none,none,none,0.9999994447565345,0.5388900821196765,0,,0,0,drift_not_confirmed,,voltage_rolling_mean=230.608773;source_publish_interval=0.504259,,0.5330420099198818,9.501999942585826,10.053624864667654
2026-08-10T16:36:13.031073+00:00,measurement_drift_01,meter_01,218,none,none,none,none,none,none,0.999995179108493,0.5104927441609826,0,,0,0,drift_not_confirmed,,voltage_rolling_mean=231.597654;source_publish_interval=0.504261,,2.27462500333786,18.727916991338134,21.038957871496677
2026-08-10T16:36:13.052494+00:00,measurement_drift_01,meter_02,218,none,measurement_shift,none,none,none,normal_drift,0.999998461159281,0.58357684495158,0,,1,0,collecting_candidates;drift_not_confirmed,voltage_rolling_mean,voltage_rolling_mean=232.437507;source_publish_interval=0.504260,voltage_rolling_mean,0.7697090040892363,11.458707973361015,12.251291889697313
2026-08-10T16:36:13.064857+00:00,measurement_drift_01,meter_03,218,none,none,none,none,none,none,0.9999992944177118,0.48971620073583705,0,,0,0,drift_not_confirmed,,voltage_rolling_mean=230.608773;source_publish_interval=0.504259,,0.5280000623315573,9.481250075623393,10.02883305773139
2026-08-10T16:36:13.535743+00:00,measurement_drift_01,meter_01,219,none,none,none,none,none,none,0.9999882932533641,0.4438370305883216,0,,0,0,drift_not_confirmed,,voltage_rolling_mean=231.597654;source_publish_interval=0.504261,,1.6151249874383211,21.56141703017056,23.212083848193288
2026-08-10T16:36:13.559246+00:00,measurement_drift_01,meter_02,219,none,measurement_shift,none,unknown,unknown,normal_drift,0.99999750452848,0.6286371706951758,0,,1,0,collecting_candidates;drift_not_confirmed,voltage_rolling_mean,voltage_rolling_mean=232.437507;source_publish_interval=0.504260,voltage_rolling_mean,0.9065000340342522,12.685582973062992,13.616291107609868
2026-08-10T16:36:13.572985+00:00,measurement_drift_01,meter_03,219,none,none,none,none,none,none,0.9999989689444954,0.4530809237145721,0,,0,0,drift_not_confirmed,,voltage_rolling_mean=230.608773;source_publish_interval=0.504259,,0.5818330682814121,9.750459110364318,10.350541910156608
2026-08-10T16:36:14.041248+00:00,measurement_drift_01,meter_01,220,none,none,none,none,none,none,0.9999628989699672,0.455160819370577,0,,0,0,drift_not_confirmed,,voltage_rolling_mean=231.597654;source_publish_interval=0.504261,,2.0196668338030577,21.94699994288385,24.00337508879602
2026-08-10T16:36:14.065581+00:00,measurement_drift_01,meter_02,220,none,measurement_shift,none,none,none,normal_drift,0.9999970684263783,0.5540341336985511,0,,1,0,collecting_candidates;drift_not_confirmed,voltage_rolling_mean,voltage_rolling_mean=232.437507;source_publish_interval=0.504260,voltage_rolling_mean,0.8599590510129929,12.124417116865516,13.00849998369813
2026-08-10T16:36:14.078699+00:00,measurement_drift_01,meter_03,220,none,none,none,none,none,none,0.9999992208492721,0.4879212954120379,0,,0,0,drift_not_confirmed,,voltage_rolling_mean=230.608773;source_publish_interval=0.504259,,0.5562498699873686,9.45216603577137,10.026500094681978
2026-08-10T16:36:14.543738+00:00,measurement_drift_01,meter_01,221,none,none,none,none,none,none,0.9999930563825358,0.4435594509455152,0,,0,0,drift_not_confirmed,,voltage_rolling_mean=231.597654;source_publish_interval=0.504261,,1.9717090763151646,21.716542076319456,23.733957903459668
2026-08-10T16:36:14.567782+00:00,measurement_drift_01,meter_02,221,none,measurement_shift,none,none,none,normal_drift,0.9999972713066427,0.5755552002978797,0,,1,0,collecting_candidates;drift_not_confirmed,voltage_rolling_mean,voltage_rolling_mean=232.437507;source_publish_interval=0.504260,voltage_rolling_mean,0.8798749186098576,12.015041895210743,12.920500012114644
2026-08-10T16:36:14.580833+00:00,measurement_drift_01,meter_03,221,none,none,none,none,none,none,0.9999990118124478,0.5149563590398158,0,,0,0,drift_not_confirmed,,voltage_rolling_mean=230.608773;source_publish_interval=0.504259,,0.5367500707507133,9.425457799807191,9.980166098102927
2026-08-10T16:36:15.046715+00:00,measurement_drift_01,meter_01,222,none,none,none,none,none,none,0.999993263440435,0.4501340890806566,0,,0,0,drift_not_confirmed,,voltage_rolling_mean=231.597654;source_publish_interval=0.504261,,1.3587088324129581,20.569041837006807,21.967625012621284
2026-08-10T16:36:15.068970+00:00,measurement_drift_01,meter_02,222,none,measurement_shift,none,none,none,normal_drift,0.9999961493545899,0.5564672843931489,0,,1,0,collecting_candidates;drift_not_confirmed,voltage_rolling_mean,voltage_rolling_mean=232.437507;source_publish_interval=0.504260,voltage_rolling_mean,0.915624899789691,13.413166860118508,14.369958080351353
2026-08-10T16:36:15.083481+00:00,measurement_drift_01,meter_03,222,none,none,none,none,none,none,0.9999986796833082,0.45249672659677453,0,,0,0,drift_not_confirmed,,voltage_rolling_mean=230.608773;source_publish_interval=0.504259,,0.5917921662330627,10.056415805593133,10.671457974240184
2026-08-10T16:36:15.552412+00:00,measurement_drift_01,meter_01,223,none,none,none,none,none,none,0.9999782512064088,0.4612006466900678,0,,0,0,drift_not_confirmed,,voltage_rolling_mean=231.597654;source_publish_interval=0.504261,,2.044958993792534,21.309500094503164,23.397875018417835
2026-08-10T16:36:15.576158+00:00,measurement_drift_01,meter_02,223,none,measurement_shift,none,none,none,normal_drift,0.9999971518145359,0.5586522600089295,0,,1,0,collecting_candidates;drift_not_confirmed,voltage_rolling_mean,voltage_rolling_mean=232.437507;source_publish_interval=0.504260,voltage_rolling_mean,0.7844590581953526,11.747958837077022,12.559749884530902
2026-08-10T16:36:15.588857+00:00,measurement_drift_01,meter_03,223,none,none,none,none,none,none,0.9999992233834808,0.49053219509295726,0,,0,0,drift_not_confirmed,,voltage_rolling_mean=230.608773;source_publish_interval=0.504259,,0.593333039432764,9.58904204890132,10.202624835073948
2026-08-10T16:36:16.055015+00:00,measurement_drift_01,meter_01,224,none,none,none,none,none,none,0.9999750682182573,0.43956679926156017,0,,0,0,drift_not_confirmed,,voltage_rolling_mean=231.597654;source_publish_interval=0.504261,,2.1808750461786985,22.80470891855657,25.031249970197678
2026-08-10T16:36:16.080466+00:00,measurement_drift_01,meter_02,224,none,measurement_shift,none,none,none,normal_drift,0.9999974012727576,0.5663327705267722,0,,1,0,collecting_candidates;drift_not_confirmed,voltage_rolling_mean,voltage_rolling_mean=232.437507;source_publish_interval=0.504260,voltage_rolling_mean,0.9105829522013664,11.972749838605523,12.907166965305805
2026-08-10T16:36:16.093503+00:00,measurement_drift_01,meter_03,224,none,none,none,none,none,none,0.9999994205578249,0.45397728954831507,0,,0,0,drift_not_confirmed,,voltage_rolling_mean=230.608773;source_publish_interval=0.504259,,0.5571669898927212,9.654541034251451,10.230124928057194
2026-08-10T16:36:16.560069+00:00,measurement_drift_01,meter_01,225,none,none,none,none,none,none,0.9999682437112538,0.5989995261212615,0,,0,0,drift_not_confirmed,,voltage_rolling_mean=231.597654;source_publish_interval=0.504261,,2.8011249378323555,18.601167015731335,21.44137490540743
2026-08-10T16:36:16.581910+00:00,measurement_drift_01,meter_02,225,none,measurement_shift,none,unknown,unknown,normal_drift,0.9999977313141699,0.6146234331541353,0,,1,0,collecting_candidates;drift_not_confirmed,voltage_rolling_mean,voltage_rolling_mean=232.437507;source_publish_interval=0.504260,voltage_rolling_mean,0.7452499121427536,11.617332929745317,12.385749956592917
2026-08-10T16:36:16.594420+00:00,measurement_drift_01,meter_03,225,none,none,none,none,none,none,0.999999268129581,0.44347559046532786,0,,0,0,drift_not_confirmed,,voltage_rolling_mean=230.608773;source_publish_interval=0.504259,,0.5335831083357334,9.49754100292921,10.049834148958325
2026-08-10T16:36:17.065320+00:00,measurement_drift_01,meter_01,226,none,none,none,none,none,none,0.9999908542994231,0.43629371709171466,0,,0,0,drift_not_confirmed,,voltage_rolling_mean=231.597654;source_publish_interval=0.504261,,2.647374989464879,18.5635001398623,21.25008380971849
2026-08-10T16:36:17.086957+00:00,measurement_drift_01,meter_02,226,none,measurement_shift,none,none,none,normal_drift,0.9999698401132683,0.5820235634221137,0,,1,0,collecting_candidates;drift_not_confirmed,voltage_rolling_mean,voltage_rolling_mean=232.437507;source_publish_interval=0.504260,voltage_rolling_mean,0.7894590962678194,11.368207866325974,12.180374935269356
2026-08-10T16:36:17.099261+00:00,measurement_drift_01,meter_03,226,none,none,none,none,none,none,0.9999995802976217,0.5053232573256795,0,,0,0,drift_not_confirmed,,voltage_rolling_mean=230.608773;source_publish_interval=0.504259,,0.5329579580575228,9.385457960888743,9.93612501770258
2026-08-10T16:36:17.570366+00:00,measurement_drift_01,meter_01,227,none,none,none,none,none,none,0.9999492734037269,0.4411581856277905,0,,0,0,drift_not_confirmed,,voltage_rolling_mean=231.597654;source_publish_interval=0.504261,,2.7336671482771635,21.82699996046722,24.59945809096098
2026-08-10T16:36:17.595385+00:00,measurement_drift_01,meter_02,227,none,measurement_shift,none,none,none,normal_drift,0.9999781898139974,0.5745827301235018,0,,1,0,collecting_candidates;drift_not_confirmed,voltage_rolling_mean,voltage_rolling_mean=232.437507;source_publish_interval=0.504260,voltage_rolling_mean,0.882584135979414,11.993624968454242,12.899166904389858
2026-08-10T16:36:17.608403+00:00,measurement_drift_01,meter_03,227,none,none,none,none,none,none,0.9999987824813443,0.44943966565353494,0,,0,0,drift_not_confirmed,,voltage_rolling_mean=230.608773;source_publish_interval=0.504259,,0.5245828069746494,9.56112495623529,10.104459011927247
2026-08-10T16:36:18.075486+00:00,measurement_drift_01,meter_01,228,none,none,none,none,none,none,0.999991592146918,0.47654207980856705,0,,0,0,drift_not_confirmed,,voltage_rolling_mean=231.597654;source_publish_interval=0.504261,,2.700208919122815,18.806208856403828,21.543208975344896
2026-08-10T16:36:18.097416+00:00,measurement_drift_01,meter_02,228,none,measurement_shift,none,unknown,unknown,normal_drift,0.9999966308397624,0.6262663786145154,0,,1,0,collecting_candidates;drift_not_confirmed,voltage_rolling_mean,voltage_rolling_mean=232.437507;source_publish_interval=0.504260,voltage_rolling_mean,0.7711658254265785,11.415916960686445,12.209165841341019
2026-08-10T16:36:18.109747+00:00,measurement_drift_01,meter_03,228,none,none,none,none,none,none,0.9999993352222919,0.4438487077576903,0,,0,0,drift_not_confirmed,,voltage_rolling_mean=230.608773;source_publish_interval=0.504259,,0.521915964782238,9.418499888852239,9.958000155165792
2026-08-10T16:36:18.580749+00:00,measurement_drift_01,meter_01,229,none,none,none,none,none,none,0.9999851041196766,0.4684464846927798,0,,0,0,drift_not_confirmed,,voltage_rolling_mean=231.597654;source_publish_interval=0.504261,,2.6151668280363083,18.71320907957852,21.363541018217802
2026-08-10T16:36:18.602494+00:00,measurement_drift_01,meter_02,229,none,measurement_shift,none,none,none,normal_drift,0.9999907006539359,0.6014152383642377,0,,1,0,collecting_candidates;drift_not_confirmed,voltage_rolling_mean,voltage_rolling_mean=232.437507;source_publish_interval=0.504260,voltage_rolling_mean,0.7548748981207609,11.488666059449315,12.265333905816078
2026-08-10T16:36:18.614863+00:00,measurement_drift_01,meter_03,229,none,none,none,none,none,none,0.9999989963037481,0.4436774206664911,0,,0,0,drift_not_confirmed,,voltage_rolling_mean=230.608773;source_publish_interval=0.504259,,0.5144590977579355,9.461082983762026,9.992041857913136
2026-08-10T16:36:19.081138+00:00,measurement_drift_01,meter_01,230,none,none,none,none,none,none,0.9999944544894376,0.45730525254102916,0,,0,0,drift_not_confirmed,,voltage_rolling_mean=231.597654;source_publish_interval=0.504261,,2.113084075972438,22.620958974584937,24.77995795197785
2026-08-10T16:36:19.106335+00:00,measurement_drift_01,meter_02,230,none,measurement_shift,none,none,none,normal_drift,0.9999896346716044,0.5636112086276345,0,,1,0,collecting_candidates;drift_not_confirmed,voltage_rolling_mean,voltage_rolling_mean=232.437507;source_publish_interval=0.504260,voltage_rolling_mean,0.9382921271026134,12.606665957719088,13.57079204171896
2026-08-10T16:36:19.120043+00:00,measurement_drift_01,meter_03,230,none,none,none,none,none,none,0.9999975263494502,0.4384047889291306,0,,0,0,drift_not_confirmed,,voltage_rolling_mean=230.608773;source_publish_interval=0.504259,,0.5859159864485264,9.636417031288147,10.240542003884912
2026-08-10T16:36:19.583864+00:00,measurement_drift_01,meter_01,231,none,none,none,none,none,none,0.9999740151382635,0.44325568005202653,0,,0,0,drift_not_confirmed,,voltage_rolling_mean=231.597654;source_publish_interval=0.504261,,1.9712091889232397,21.83783403597772,23.841624846681952
2026-08-10T16:36:19.608006+00:00,measurement_drift_01,meter_02,231,none,measurement_shift,none,none,none,normal_drift,0.9999932418164371,0.5673199680250607,0,,1,0,collecting_candidates;drift_not_confirmed,voltage_rolling_mean,voltage_rolling_mean=232.437507;source_publish_interval=0.504260,voltage_rolling_mean,0.8718750905245543,12.143166037276387,13.039125129580498
2026-08-10T16:36:19.621152+00:00,measurement_drift_01,meter_03,231,none,none,none,none,none,none,0.9999992120133593,0.460598562770696,0,,0,0,drift_not_confirmed,,voltage_rolling_mean=230.608773;source_publish_interval=0.504259,,0.5620419979095459,9.546667104586959,10.126791894435883
2026-08-10T16:36:20.085216+00:00,measurement_drift_01,meter_01,232,none,none,none,none,none,none,0.9999968014964755,0.46775343502104944,0,,0,0,drift_not_confirmed,,voltage_rolling_mean=231.597654;source_publish_interval=0.504261,,1.9488329999148846,21.987083135172725,23.97112501785159
2026-08-10T16:36:20.109526+00:00,measurement_drift_01,meter_02,232,none,measurement_shift,none,none,none,normal_drift,0.9999920905006461,0.5808582100820208,0,,1,0,collecting_candidates;drift_not_confirmed,voltage_rolling_mean,voltage_rolling_mean=232.437507;source_publish_interval=0.504260,voltage_rolling_mean,0.8570000063627958,11.914625065401196,12.794999871402979
2026-08-10T16:36:20.122440+00:00,measurement_drift_01,meter_03,232,none,none,none,none,none,none,0.99999924123035,0.43985036561197915,0,,0,0,drift_not_confirmed,,voltage_rolling_mean=230.608773;source_publish_interval=0.504259,,0.5746250972151756,9.426874807104468,10.018874891102314
2026-08-10T16:36:20.590040+00:00,measurement_drift_01,meter_01,233,none,none,none,none,none,none,0.9999967081224701,0.4369974214165909,0,,0,0,drift_not_confirmed,,voltage_rolling_mean=231.597654;source_publish_interval=0.504261,,2.657082863152027,22.392832906916738,25.08179098367691
2026-08-10T16:36:20.615464+00:00,measurement_drift_01,meter_02,233,none,measurement_shift,none,none,none,normal_drift,0.9999955132547533,0.5772656246202624,0,,1,0,collecting_candidates;drift_not_confirmed,voltage_rolling_mean,voltage_rolling_mean=232.437507;source_publish_interval=0.504260,voltage_rolling_mean,0.8620831649750471,12.038541957736015,12.923375004902482
2026-08-10T16:36:20.628493+00:00,measurement_drift_01,meter_03,233,none,none,none,none,none,none,0.9999975391993425,0.45255170115108906,0,,0,0,drift_not_confirmed,,voltage_rolling_mean=230.608773;source_publish_interval=0.504259,,0.5772090516984463,9.624707978218794,10.222250130027533
2026-08-10T16:36:21.095283+00:00,measurement_drift_01,meter_01,234,none,none,none,none,none,none,0.9999963285307466,0.44241544909289243,0,,0,0,drift_not_confirmed,,voltage_rolling_mean=231.597654;source_publish_interval=0.504261,,2.0216249395161867,21.800416987389326,23.858374916017056
2026-08-10T16:36:21.119465+00:00,measurement_drift_01,meter_02,234,none,measurement_shift,none,none,none,normal_drift,0.9999950167355154,0.5809975703836743,0,,1,0,collecting_candidates;drift_not_confirmed,voltage_rolling_mean,voltage_rolling_mean=232.437507;source_publish_interval=0.504260,voltage_rolling_mean,0.8939579129219055,12.033166829496622,12.950915843248367
2026-08-10T16:36:21.132535+00:00,measurement_drift_01,meter_03,234,none,none,none,none,none,none,0.9999981646010859,0.4630984585338913,0,,0,0,drift_not_confirmed,,voltage_rolling_mean=230.608773;source_publish_interval=0.504259,,0.5395419429987669,9.55558312125504,10.113292140886188
2026-08-10T16:36:21.600262+00:00,measurement_drift_01,meter_01,235,none,none,none,none,none,none,0.9999898888106892,0.4437106844334247,0,,0,0,drift_not_confirmed,,voltage_rolling_mean=231.597654;source_publish_interval=0.504261,,2.5729998014867306,21.443374920636415,24.05937504954636
2026-08-10T16:36:21.624754+00:00,measurement_drift_01,meter_02,235,none,measurement_shift,none,none,none,normal_drift,0.9999862896606685,0.5680174520614789,0,,1,0,collecting_candidates;drift_not_confirmed,voltage_rolling_mean,voltage_rolling_mean=232.437507;source_publish_interval=0.504260,voltage_rolling_mean,0.9146248921751976,12.077291961759329,13.015582924708724
2026-08-10T16:36:21.637904+00:00,measurement_drift_01,meter_03,235,none,none,none,none,none,none,0.9999994281476802,0.5794886956047041,0,,0,0,drift_not_confirmed,,voltage_rolling_mean=230.608773;source_publish_interval=0.504259,,0.540207838639617,9.542542044073343,10.102625004947186
2026-08-10T16:36:22.102260+00:00,measurement_drift_01,meter_01,236,none,none,none,none,none,none,0.9999894578175251,0.44956867468291567,0,,0,0,drift_not_confirmed,,voltage_rolling_mean=231.597654;source_publish_interval=0.504261,,2.0427079871296883,21.862708032131195,23.946250090375543
2026-08-10T16:36:22.126561+00:00,measurement_drift_01,meter_02,236,none,measurement_shift,none,none,none,normal_drift,0.9999939374052542,0.5849965572376699,0,,1,1,drift_not_confirmed;reference_updated,voltage_rolling_mean,voltage_rolling_mean=233.437507;source_publish_interval=0.504260,voltage_rolling_mean,0.7680840790271759,11.812791926786304,12.610417092218995
2026-08-10T16:36:22.139302+00:00,measurement_drift_01,meter_03,236,none,none,none,none,none,none,0.9999980034750462,0.48615986709064607,0,,0,0,drift_not_confirmed,,voltage_rolling_mean=230.608773;source_publish_interval=0.504259,,0.6023328751325607,9.677249938249588,10.299582965672016
2026-08-10T16:36:22.604650+00:00,measurement_drift_01,meter_01,237,none,none,none,none,none,none,0.9999977196557494,0.43499664565538443,0,,0,0,drift_not_confirmed,,voltage_rolling_mean=231.597654;source_publish_interval=0.504261,,2.15300009585917,21.61858300678432,23.80187506787479
2026-08-10T16:36:22.628820+00:00,measurement_drift_01,meter_02,237,none,measurement_shift,none,none,none,normal_drift,0.9999958454614631,0.5596692490141884,0,,1,0,collecting_candidates;drift_not_confirmed,voltage_rolling_mean,voltage_rolling_mean=233.437507;source_publish_interval=0.504260,voltage_rolling_mean,0.7278330158442259,11.641374789178371,12.392583070322871
2026-08-10T16:36:22.641316+00:00,measurement_drift_01,meter_03,237,none,none,none,none,none,none,0.9999986218656308,0.5738170568010897,0,,0,0,drift_not_confirmed,,voltage_rolling_mean=230.608773;source_publish_interval=0.504259,,0.5841250531375408,9.491250151768327,10.092916898429394
2026-08-10T16:36:23.107501+00:00,measurement_drift_01,meter_01,238,none,none,none,none,none,none,0.9999971738206638,0.4446622238675706,0,,0,0,drift_not_confirmed,,voltage_rolling_mean=231.597654;source_publish_interval=0.504261,,1.9650841131806374,20.58795909397304,22.584750084206462
2026-08-10T16:36:23.130397+00:00,measurement_drift_01,meter_02,238,none,measurement_shift,none,none,none,normal_drift,0.9999695225314101,0.5646590807001308,0,,1,0,collecting_candidates;drift_not_confirmed,voltage_rolling_mean,voltage_rolling_mean=233.437507;source_publish_interval=0.504260,voltage_rolling_mean,0.7835421711206436,11.619833996519446,12.423875043168664
2026-08-10T16:36:23.142926+00:00,measurement_drift_01,meter_03,238,none,none,none,none,none,none,0.9999982323623259,0.4535754278257805,0,,0,0,drift_not_confirmed,,voltage_rolling_mean=230.608773;source_publish_interval=0.504259,,0.5279169417917728,9.771208046004176,10.31704107299447
2026-08-10T16:36:23.612098+00:00,measurement_drift_01,meter_01,239,none,none,none,none,none,none,0.9999983667837726,0.44241160372229393,0,,0,0,drift_not_confirmed,,voltage_rolling_mean=231.597654;source_publish_interval=0.504261,,2.314917044714093,23.119250079616904,25.47529200091958
2026-08-10T16:36:23.637952+00:00,measurement_drift_01,meter_02,239,none,measurement_shift,none,none,none,normal_drift,0.9999918884347869,0.5801181681968876,0,,1,0,collecting_candidates;drift_not_confirmed,voltage_rolling_mean,voltage_rolling_mean=233.437507;source_publish_interval=0.504260,voltage_rolling_mean,0.8840830996632576,12.266832869499922,13.175041880458593
2026-08-10T16:36:23.651251+00:00,measurement_drift_01,meter_03,239,none,none,none,none,none,none,0.9999980577348672,0.4502464228580436,0,,0,0,drift_not_confirmed,,voltage_rolling_mean=230.608773;source_publish_interval=0.504259,,0.5734581500291824,9.831999894231558,10.428041918203235
2026-08-10T16:36:24.115584+00:00,measurement_drift_01,meter_01,240,none,none,none,none,none,none,0.999993006109541,0.43756299509966146,0,,0,0,drift_not_confirmed,,voltage_rolling_mean=231.597654;source_publish_interval=0.504261,,2.3818749468773603,19.510250072926283,21.92445914261043
2026-08-10T16:36:24.137872+00:00,measurement_drift_01,meter_02,240,none,measurement_shift,none,none,none,normal_drift,0.9999954263751243,0.5559992357670425,0,,1,0,collecting_candidates;drift_not_confirmed,voltage_rolling_mean,voltage_rolling_mean=233.437507;source_publish_interval=0.504260,voltage_rolling_mean,0.7065411191433668,11.563291074708104,12.295459164306521
2026-08-10T16:36:24.150292+00:00,measurement_drift_01,meter_03,240,none,none,none,none,none,none,0.9999978998579565,0.457490310353136,0,,0,0,drift_not_confirmed,,voltage_rolling_mean=230.608773;source_publish_interval=0.504259,,0.5771659780293703,9.53058316372335,10.1265839766711
2026-08-10T16:36:24.620736+00:00,measurement_drift_01,meter_01,241,none,none,none,none,none,none,0.9999947795041131,0.44508545476946243,0,,0,0,drift_not_confirmed,,voltage_rolling_mean=231.597654;source_publish_interval=0.504261,,2.724457997828722,16.914791893213987,19.675708143040538
2026-08-10T16:36:24.640782+00:00,measurement_drift_01,meter_02,241,none,measurement_shift,none,none,none,normal_drift,0.9999965817963317,0.5755654795486972,0,,1,0,collecting_candidates;drift_not_confirmed,voltage_rolling_mean,voltage_rolling_mean=233.437507;source_publish_interval=0.504260,voltage_rolling_mean,0.7280418649315834,10.97329193726182,11.72208390198648
2026-08-10T16:36:24.652605+00:00,measurement_drift_01,meter_03,241,none,none,none,none,none,none,0.999999081220588,0.4799668177345216,0,,0,0,drift_not_confirmed,,voltage_rolling_mean=230.608773;source_publish_interval=0.504259,,0.5480831023305655,9.19195800088346,9.75629105232656
2026-08-10T16:36:25.125459+00:00,measurement_drift_01,meter_01,242,none,none,none,none,none,none,0.9999969746673061,0.4368867091278245,0,,0,0,drift_not_confirmed,,voltage_rolling_mean=231.597654;source_publish_interval=0.504261,,2.6948750019073486,17.624041065573692,20.35041688941419
2026-08-10T16:36:25.146161+00:00,measurement_drift_01,meter_02,242,none,measurement_shift,none,none,none,normal_drift,0.9999609403217004,0.5653385525812011,0,,1,0,collecting_candidates;drift_not_confirmed,voltage_rolling_mean,voltage_rolling_mean=233.437507;source_publish_interval=0.504260,voltage_rolling_mean,0.7140410598367453,11.147875105962157,11.881958926096559
2026-08-10T16:36:25.158136+00:00,measurement_drift_01,meter_03,242,none,none,none,none,none,none,0.999999061871445,0.4778897741938106,0,,0,0,drift_not_confirmed,,voltage_rolling_mean=230.608773;source_publish_interval=0.504259,,0.5374578759074211,9.458082960918546,10.013957973569632
2026-08-10T16:36:25.630762+00:00,measurement_drift_01,meter_01,243,none,none,none,none,none,none,0.9999980017303122,0.43022795870054803,0,,0,0,drift_not_confirmed,,voltage_rolling_mean=231.597654;source_publish_interval=0.504261,,2.7860000263899565,17.802291084080935,20.625540986657143
2026-08-10T16:36:25.651767+00:00,measurement_drift_01,meter_02,243,none,measurement_shift,none,none,none,normal_drift,0.999992753671258,0.5591719315091098,0,,1,0,collecting_candidates;drift_not_confirmed,voltage_rolling_mean,voltage_rolling_mean=233.437507;source_publish_interval=0.504260,voltage_rolling_mean,0.7622090633958578,11.174042010679841,11.957666836678982
2026-08-10T16:36:25.663827+00:00,measurement_drift_01,meter_03,243,none,none,none,none,none,none,0.9999974040655658,0.4613066377526091,0,,0,0,drift_not_confirmed,,voltage_rolling_mean=230.608773;source_publish_interval=0.504259,,0.5512919742614031,9.44079109467566,10.010750032961369
2026-08-10T16:36:26.135611+00:00,measurement_drift_01,meter_01,244,none,none,none,none,none,none,0.999996263594183,0.4910272075776785,0,,0,0,drift_not_confirmed,,voltage_rolling_mean=231.597654;source_publish_interval=0.504261,,2.630957867950201,18.66787509061396,21.331541938707232
2026-08-10T16:36:26.157312+00:00,measurement_drift_01,meter_02,244,none,measurement_shift,none,none,none,normal_drift,0.9999965505950352,0.5509830844996951,0,,1,0,collecting_candidates;drift_not_confirmed,voltage_rolling_mean,voltage_rolling_mean=233.437507;source_publish_interval=0.504260,voltage_rolling_mean,0.720249954611063,11.617874959483743,12.361624976620078
2026-08-10T16:36:26.169792+00:00,measurement_drift_01,meter_03,244,none,none,none,none,none,none,0.9999978264624934,0.5060418311448918,0,,0,0,drift_not_confirmed,,voltage_rolling_mean=230.608773;source_publish_interval=0.504259,,0.5441668909043074,9.494541911408305,10.057750158011913
2026-08-10T16:36:26.640912+00:00,measurement_drift_01,meter_01,245,none,none,none,none,none,none,0.9999953820425616,0.4549084043411787,0,,0,0,drift_not_confirmed,,voltage_rolling_mean=231.597654;source_publish_interval=0.504261,,1.9994170870631933,21.884416928514838,23.92133278772235
2026-08-10T16:36:26.665152+00:00,measurement_drift_01,meter_02,245,none,measurement_shift,none,none,none,normal_drift,0.9999933798692505,0.5610708954251696,0,,1,0,collecting_candidates;drift_not_confirmed,voltage_rolling_mean,voltage_rolling_mean=233.437507;source_publish_interval=0.504260,voltage_rolling_mean,0.8715838193893433,12.018708046525717,12.914665974676609
2026-08-10T16:36:26.678212+00:00,measurement_drift_01,meter_03,245,none,none,none,none,none,none,0.9999989150666573,0.49344089561708704,0,,0,0,drift_not_confirmed,,voltage_rolling_mean=230.608773;source_publish_interval=0.504259,,0.5603330209851265,9.495874866843224,10.077290935441852
2026-08-10T16:36:27.143768+00:00,measurement_drift_01,meter_01,246,none,none,none,none,none,none,0.9999972221734624,0.497711895716545,0,,0,0,drift_not_confirmed,,voltage_rolling_mean=231.597654;source_publish_interval=0.504261,,1.9951658323407173,22.329250117763877,24.367542006075382
2026-08-10T16:36:27.168480+00:00,measurement_drift_01,meter_02,246,none,measurement_shift,none,none,none,normal_drift,0.9999967249179101,0.554515339452747,0,,1,0,collecting_candidates;drift_not_confirmed,voltage_rolling_mean,voltage_rolling_mean=233.437507;source_publish_interval=0.504260,voltage_rolling_mean,0.9079580195248127,12.07379112020135,13.005541870370507
2026-08-10T16:36:27.181620+00:00,measurement_drift_01,meter_03,246,none,none,none,none,none,none,0.9999984392569564,0.4573154964937298,0,,0,0,drift_not_confirmed,,voltage_rolling_mean=230.608773;source_publish_interval=0.504259,,0.5586249753832817,9.487083880230784,10.064583970233798
2026-08-10T16:36:27.648877+00:00,measurement_drift_01,meter_01,247,none,none,none,none,none,none,0.999985612687917,0.4387552472526106,0,,0,0,drift_not_confirmed,,voltage_rolling_mean=231.597654;source_publish_interval=0.504261,,2.1953750401735306,20.85908385924995,23.09724991209805
2026-08-10T16:36:27.672366+00:00,measurement_drift_01,meter_02,247,none,measurement_shift,none,none,none,normal_drift,0.9999940071163802,0.5733192720811087,0,,1,0,collecting_candidates;drift_not_confirmed,voltage_rolling_mean,voltage_rolling_mean=233.437507;source_publish_interval=0.504260,voltage_rolling_mean,0.8723330684006214,12.054541846737266,12.953000143170357
2026-08-10T16:36:27.685435+00:00,measurement_drift_01,meter_03,247,none,none,none,none,none,none,0.9999928927428526,0.48218388312070376,0,,0,0,drift_not_confirmed,,voltage_rolling_mean=230.608773;source_publish_interval=0.504259,,0.5471250042319298,9.567500092089176,10.132583091035485
2026-08-10T16:36:28.153945+00:00,measurement_drift_01,meter_01,248,none,none,none,none,none,none,0.9999914465636228,0.45437327690521245,0,,0,0,drift_not_confirmed,,voltage_rolling_mean=231.597654;source_publish_interval=0.504261,,1.9509999547153711,22.004249971359968,23.997749900445342
2026-08-10T16:36:28.178289+00:00,measurement_drift_01,meter_02,248,none,measurement_shift,none,none,none,normal_drift,0.9999953540441544,0.5773750745101471,0,,1,0,collecting_candidates;drift_not_confirmed,voltage_rolling_mean,voltage_rolling_mean=233.437507;source_publish_interval=0.504260,voltage_rolling_mean,0.8697500452399254,12.076999992132187,12.971499934792519
2026-08-10T16:36:28.191384+00:00,measurement_drift_01,meter_03,248,none,none,none,none,none,none,0.9999964953125253,0.4674605298142828,0,,0,0,drift_not_confirmed,,voltage_rolling_mean=230.608773;source_publish_interval=0.504259,,0.5795829929411411,9.568125009536743,10.166499996557832
2026-08-10T16:36:28.654350+00:00,measurement_drift_01,meter_01,249,none,none,none,none,none,none,0.9999963271517305,0.4900766151640867,0,,0,0,drift_not_confirmed,,voltage_rolling_mean=231.597654;source_publish_interval=0.504261,,1.325082965195179,22.54920802079141,23.917209124192595
2026-08-10T16:36:28.678600+00:00,measurement_drift_01,meter_02,249,none,measurement_shift,none,none,none,normal_drift,0.9999972121713183,0.5510174820087604,0,,1,0,collecting_candidates;drift_not_confirmed,voltage_rolling_mean,voltage_rolling_mean=233.437507;source_publish_interval=0.504260,voltage_rolling_mean,0.8812081068754196,12.83208280801773,13.740333030000329
2026-08-10T16:36:28.692480+00:00,measurement_drift_01,meter_03,249,none,none,none,none,none,none,0.9999987337917141,0.5475179692940414,0,,0,0,drift_not_confirmed,,voltage_rolling_mean=230.608773;source_publish_interval=0.504259,,0.6355000659823418,9.959291899576783,10.612750193104148
2026-08-10T16:36:29.160201+00:00,measurement_drift_01,meter_01,250,none,none,none,none,none,none,0.9999940979746698,0.4440104447541642,0,,0,0,drift_not_confirmed,,voltage_rolling_mean=231.597654;source_publish_interval=0.504261,,1.947707962244749,21.932374918833375,23.913708049803972
2026-08-10T16:36:29.184486+00:00,measurement_drift_01,meter_02,250,none,measurement_shift,none,none,none,normal_drift,0.9999966827429035,0.550486073964998,0,,1,0,collecting_candidates;drift_not_confirmed,voltage_rolling_mean,voltage_rolling_mean=233.437507;source_publish_interval=0.504260,voltage_rolling_mean,0.8363749366253614,12.034333078190684,12.896749889478087
2026-08-10T16:36:29.197484+00:00,measurement_drift_01,meter_03,250,none,none,none,none,none,none,0.9999997420782848,0.5615146146403579,0,,0,0,drift_not_confirmed,,voltage_rolling_mean=230.608773;source_publish_interval=0.504259,,0.6014159880578518,9.595832787454128,10.215542046353221
2026-08-10T16:36:29.665062+00:00,measurement_drift_01,meter_01,251,none,none,none,none,none,none,0.9999924732850661,0.45181698828340944,0,,0,0,drift_not_confirmed,,voltage_rolling_mean=231.597654;source_publish_interval=0.504261,,1.9760418217629194,21.741542033851147,23.753375047817826
2026-08-10T16:36:29.689072+00:00,measurement_drift_01,meter_02,251,none,measurement_shift,none,none,none,normal_drift,0.9999970418709703,0.5548509228305812,0,,1,0,collecting_candidates;drift_not_confirmed,voltage_rolling_mean,voltage_rolling_mean=233.437507;source_publish_interval=0.504260,voltage_rolling_mean,0.8176250848919153,11.988166952505708,12.829083018004894
2026-08-10T16:36:29.702022+00:00,measurement_drift_01,meter_03,251,none,none,none,none,none,none,0.9999981188187806,0.45578661439782825,0,,0,0,drift_not_confirmed,,voltage_rolling_mean=230.608773;source_publish_interval=0.504259,,0.5700830370187759,9.626667015254498,10.217665927484632
2026-08-10T16:36:30.167028+00:00,measurement_drift_01,meter_01,252,none,none,none,none,none,none,0.9999978252906612,0.5215536422190332,0,,0,0,drift_not_confirmed,,voltage_rolling_mean=231.597654;source_publish_interval=0.504261,,1.916541950777173,21.9717500731349,23.92804203554988
2026-08-10T16:36:30.191322+00:00,measurement_drift_01,meter_02,252,none,measurement_shift,none,none,none,normal_drift,0.9999951527259431,0.5724803655840672,0,,1,0,collecting_candidates;drift_not_confirmed,voltage_rolling_mean,voltage_rolling_mean=233.437507;source_publish_interval=0.504260,voltage_rolling_mean,0.8845000993460417,12.209584005177021,13.119249837473035
2026-08-10T16:36:30.204573+00:00,measurement_drift_01,meter_03,252,none,none,none,none,none,none,0.9999989679833975,0.46447018450419686,0,,0,0,drift_not_confirmed,,voltage_rolling_mean=230.608773;source_publish_interval=0.504259,,0.5474588833749294,9.623750112950802,10.189624968916178
2026-08-10T16:36:30.668470+00:00,measurement_drift_01,meter_01,253,none,none,none,none,none,none,0.9999975282247432,0.44454982622364264,0,,0,0,drift_not_confirmed,,voltage_rolling_mean=231.597654;source_publish_interval=0.504261,,2.3159170523285866,24.01670813560486,26.369832921773195
2026-08-10T16:36:30.695174+00:00,measurement_drift_01,meter_02,253,none,measurement_shift,none,none,none,normal_drift,0.9999971979332086,0.5554788178577441,0,,1,0,collecting_candidates;drift_not_confirmed,voltage_rolling_mean,voltage_rolling_mean=233.437507;source_publish_interval=0.504260,voltage_rolling_mean,0.8868328295648098,43.23170892894268,44.149624882265925
2026-08-10T16:36:30.739501+00:00,measurement_drift_01,meter_03,253,none,none,none,none,none,none,0.9999915415377171,0.4562258530936789,0,,0,0,drift_not_confirmed,,voltage_rolling_mean=230.608773;source_publish_interval=0.504259,,0.4621250554919243,7.406541844829917,7.886582985520363
2026-08-10T16:36:31.173573+00:00,measurement_drift_01,meter_01,254,none,none,none,none,none,none,0.9999965938132921,0.5179406385038735,0,,0,0,drift_not_confirmed,,voltage_rolling_mean=231.597654;source_publish_interval=0.504261,,2.220374997705221,19.40420805476606,21.685207961127162
2026-08-10T16:36:31.195637+00:00,measurement_drift_01,meter_02,254,none,measurement_shift,none,none,none,normal_drift,0.9999977478497266,0.5691128634223455,0,,1,0,collecting_candidates;drift_not_confirmed,voltage_rolling_mean,voltage_rolling_mean=233.437507;source_publish_interval=0.504260,voltage_rolling_mean,0.8281250484287739,11.920207878574729,12.78725010342896
2026-08-10T16:36:31.208584+00:00,measurement_drift_01,meter_03,254,none,none,none,none,none,none,0.9999998983322985,0.4626127056274722,0,,0,0,drift_not_confirmed,,voltage_rolling_mean=230.608773;source_publish_interval=0.504259,,0.5780828651040792,9.639790980145335,10.23812498897314
2026-08-10T16:36:31.678977+00:00,measurement_drift_01,meter_01,255,none,none,none,none,none,none,0.9999946989295614,0.4463110428929714,0,,0,0,drift_not_confirmed,,voltage_rolling_mean=231.597654;source_publish_interval=0.504261,,1.9445419311523438,21.942999912425876,23.9339591935277
2026-08-10T16:36:31.703298+00:00,measurement_drift_01,meter_02,255,none,measurement_shift,none,none,none,normal_drift,0.9999914811270262,0.5509786396645232,0,,1,0,collecting_candidates;drift_not_confirmed,voltage_rolling_mean,voltage_rolling_mean=233.437507;source_publish_interval=0.504260,voltage_rolling_mean,0.9504170157015324,12.194624869152904,13.169457903131843
2026-08-10T16:36:31.716610+00:00,measurement_drift_01,meter_03,255,none,none,none,none,none,none,0.9999988084228814,0.4558006168848016,0,,0,0,drift_not_confirmed,,voltage_rolling_mean=230.608773;source_publish_interval=0.504259,,0.5510828923434019,9.496042039245367,10.067166993394494
2026-08-10T16:36:32.180990+00:00,measurement_drift_01,meter_01,256,none,none,none,none,none,none,0.9999981402309095,0.5274027889543436,0,,0,0,drift_not_confirmed,,voltage_rolling_mean=231.597654;source_publish_interval=0.504261,,2.409708919003606,19.30199982598424,21.75591723062098
2026-08-10T16:36:32.203178+00:00,measurement_drift_01,meter_02,256,none,measurement_shift,none,none,none,normal_drift,0.9999969524636036,0.533580000824433,0,,1,1,drift_not_confirmed;reference_updated,voltage_rolling_mean,voltage_rolling_mean=233.575239;source_publish_interval=0.504260,voltage_rolling_mean,0.8278340101242065,11.6328748408705,12.490333057940006
2026-08-10T16:36:32.215819+00:00,measurement_drift_01,meter_03,256,none,none,none,none,none,none,0.9999987971836778,0.46016018313373025,0,,0,0,drift_not_confirmed,,voltage_rolling_mean=230.608773;source_publish_interval=0.504259,,0.5588338244706392,9.410459082573652,9.990582941100001
2026-08-10T16:36:32.686228+00:00,measurement_drift_01,meter_01,257,none,none,none,none,none,none,0.9999967568580195,0.4417519126350553,0,,0,0,drift_not_confirmed,,voltage_rolling_mean=231.597654;source_publish_interval=0.504261,,2.4547078646719456,20.72187513113022,23.22162501513958
2026-08-10T16:36:32.709884+00:00,measurement_drift_01,meter_02,257,none,measurement_shift,none,none,none,normal_drift,0.9999979357154338,0.5510333296697077,0,,1,0,collecting_candidates;drift_not_confirmed,voltage_rolling_mean,voltage_rolling_mean=233.575239;source_publish_interval=0.504260,voltage_rolling_mean,0.8403330575674772,12.015708023682237,12.882500188425183
2026-08-10T16:36:32.722904+00:00,measurement_drift_01,meter_03,257,none,none,none,none,none,none,0.9999961128274695,0.45501797669520155,0,,0,0,drift_not_confirmed,,voltage_rolling_mean=230.608773;source_publish_interval=0.504259,,0.5695840809494257,9.643458062782884,10.23066695779562
2026-08-10T16:36:33.189966+00:00,measurement_drift_01,meter_01,258,none,none,none,none,none,none,0.9999694420744462,0.5073062388723321,0,,0,0,drift_not_confirmed,,voltage_rolling_mean=231.597654;source_publish_interval=0.504261,,2.1862920839339495,21.332541946321726,23.56041711755097
2026-08-10T16:36:33.213922+00:00,measurement_drift_01,meter_02,258,none,measurement_shift,none,none,none,normal_drift,0.9999966626135364,0.5357402552862477,0,,1,0,collecting_candidates;drift_not_confirmed,voltage_rolling_mean,voltage_rolling_mean=233.575239;source_publish_interval=0.504260,voltage_rolling_mean,0.8329160045832396,11.790874879807234,12.647290946915746
2026-08-10T16:36:33.226703+00:00,measurement_drift_01,meter_03,258,none,none,none,none,none,none,0.9999988986193513,0.469200328955254,0,,0,0,drift_not_confirmed,,voltage_rolling_mean=230.608773;source_publish_interval=0.504259,,0.5365419201552868,9.517750004306436,10.07333304733038
2026-08-10T16:36:33.693950+00:00,measurement_drift_01,meter_01,259,none,none,none,none,none,none,0.9999907800443041,0.44872399637114996,0,,0,0,drift_not_confirmed,,voltage_rolling_mean=231.597654;source_publish_interval=0.504261,,2.3200828582048416,22.33212487772107,24.70987499691546
2026-08-10T16:36:33.719063+00:00,measurement_drift_01,meter_02,259,none,measurement_shift,none,none,none,normal_drift,0.999993516420004,0.544541322196249,0,,1,0,collecting_candidates;drift_not_confirmed,voltage_rolling_mean,voltage_rolling_mean=233.575239;source_publish_interval=0.504260,voltage_rolling_mean,0.8778339251875877,12.010624865069985,12.913540937006474
2026-08-10T16:36:33.732111+00:00,measurement_drift_01,meter_03,259,none,none,none,none,none,none,0.9999981886613007,0.5004356385452958,0,,0,0,drift_not_confirmed,,voltage_rolling_mean=230.608773;source_publish_interval=0.504259,,0.5732499994337559,9.499874897301197,10.091665899381042
2026-08-10T16:36:34.198427+00:00,measurement_drift_01,meter_01,260,none,none,none,none,none,none,0.9999987003735723,0.5871467643867827,0,,0,0,drift_not_confirmed,,voltage_rolling_mean=231.597654;source_publish_interval=0.504261,,1.4251249376684427,21.33287489414215,22.794541902840137
2026-08-10T16:36:34.221500+00:00,measurement_drift_01,meter_02,260,none,measurement_shift,none,none,none,normal_drift,0.9999940160145888,0.5423730530960172,0,,1,0,collecting_candidates;drift_not_confirmed,voltage_rolling_mean,voltage_rolling_mean=233.575239;source_publish_interval=0.504260,voltage_rolling_mean,0.8802080992609262,12.274583103135228,13.18020885810256
2026-08-10T16:36:34.234809+00:00,measurement_drift_01,meter_03,260,none,none,none,none,none,none,0.9999979235920853,0.47588998001296645,0,,0,0,drift_not_confirmed,,voltage_rolling_mean=230.608773;source_publish_interval=0.504259,,0.5947919562458992,9.912417037412524,10.525792138651013
2026-08-10T16:36:34.700462+00:00,measurement_drift_01,meter_01,261,none,none,none,none,none,none,0.9999971078339578,0.46721366022520944,0,,0,0,drift_not_confirmed,,voltage_rolling_mean=231.597654;source_publish_interval=0.504261,,1.4339580666273832,21.392791997641325,22.876291070133448
2026-08-10T16:36:34.723675+00:00,measurement_drift_01,meter_02,261,none,measurement_shift,none,none,none,normal_drift,0.9999958496361019,0.5511989010475621,0,,1,0,collecting_candidates;drift_not_confirmed,voltage_rolling_mean,voltage_rolling_mean=233.575239;source_publish_interval=0.504260,voltage_rolling_mean,0.9454169776290655,12.425624998286366,13.40070809237659
2026-08-10T16:36:34.737228+00:00,measurement_drift_01,meter_03,261,none,none,none,none,none,none,0.9999965506409497,0.47947386692331506,0,,0,0,drift_not_confirmed,,voltage_rolling_mean=230.608773;source_publish_interval=0.504259,,0.5914999637752771,9.69679094851017,10.309875011444092
2026-08-10T16:36:35.205751+00:00,measurement_drift_01,meter_01,262,none,none,none,none,none,none,0.999999091571735,0.47443208980378004,0,,0,0,drift_not_confirmed,,voltage_rolling_mean=231.597654;source_publish_interval=0.504261,,2.437375020235777,19.088709028437734,21.55612502247095
2026-08-10T16:36:35.227678+00:00,measurement_drift_01,meter_02,262,none,measurement_shift,none,unknown,unknown,normal_drift,0.9999982022540024,0.6236035038120344,0,,1,0,collecting_candidates;drift_not_confirmed,voltage_rolling_mean,voltage_rolling_mean=233.575239;source_publish_interval=0.504260,voltage_rolling_mean,0.7461251225322485,11.429750127717853,12.196832802146673
2026-08-10T16:36:35.239973+00:00,measurement_drift_01,meter_03,262,none,none,none,none,none,none,0.9998226095754265,0.4870405034790894,0,,0,0,drift_not_confirmed,,voltage_rolling_mean=230.608773;source_publish_interval=0.504259,,0.5242908373475075,9.378792019560933,9.92133398540318
2026-08-10T16:36:35.709785+00:00,measurement_drift_01,meter_01,263,none,none,none,none,none,none,0.999998779001193,0.4631013769873935,0,,0,0,drift_not_confirmed,,voltage_rolling_mean=231.597654;source_publish_interval=0.504261,,1.9693330395966768,21.784542128443718,23.79220793955028
2026-08-10T16:36:35.733880+00:00,measurement_drift_01,meter_02,263,none,measurement_shift,none,none,none,normal_drift,0.9999970361768094,0.5395107286870297,0,,1,0,collecting_candidates;drift_not_confirmed,voltage_rolling_mean,voltage_rolling_mean=233.575239;source_publish_interval=0.504260,voltage_rolling_mean,0.8909159805625677,11.887667002156377,12.80495896935463
2026-08-10T16:36:35.746810+00:00,measurement_drift_01,meter_03,263,none,none,none,none,none,none,0.9999927865348838,0.4531867030026455,0,,0,0,drift_not_confirmed,,voltage_rolling_mean=230.608773;source_publish_interval=0.504259,,0.5268747918307781,9.500583866611123,10.046416893601418
2026-08-10T16:36:36.212579+00:00,measurement_drift_01,meter_01,264,none,none,none,none,none,none,0.999999150910895,0.48819059305470397,0,,0,0,drift_not_confirmed,,voltage_rolling_mean=231.597654;source_publish_interval=0.504261,,2.302665961906314,21.47699985653162,23.813957814127207
2026-08-10T16:36:36.236777+00:00,measurement_drift_01,meter_02,264,none,measurement_shift,none,none,none,normal_drift,0.9999981942000009,0.5694532286379042,0,,1,0,collecting_candidates;drift_not_confirmed,voltage_rolling_mean,voltage_rolling_mean=233.575239;source_publish_interval=0.504260,voltage_rolling_mean,0.8434171322733164,11.686291079968214,12.553500011563301
2026-08-10T16:36:36.249436+00:00,measurement_drift_01,meter_03,264,none,none,none,none,none,none,0.999997427569504,0.4761284173821079,0,,0,0,drift_not_confirmed,,voltage_rolling_mean=230.608773;source_publish_interval=0.504259,,0.5805001128464937,9.651499800384045,10.249458020552993
2026-08-10T16:36:36.717665+00:00,measurement_drift_01,meter_01,265,none,none,none,none,none,none,0.9999980927584435,0.509943380891607,0,,0,0,drift_not_confirmed,,voltage_rolling_mean=231.597654;source_publish_interval=0.504261,,1.9956249743700027,21.858958061784506,23.88987480662763
2026-08-10T16:36:36.741857+00:00,measurement_drift_01,meter_02,265,none,measurement_shift,none,none,none,normal_drift,0.9999956346478022,0.5423520433379396,0,,1,0,collecting_candidates;drift_not_confirmed,voltage_rolling_mean,voltage_rolling_mean=233.575239;source_publish_interval=0.504260,voltage_rolling_mean,0.8677500300109386,11.810707859694958,12.703041080385447
2026-08-10T16:36:36.754670+00:00,measurement_drift_01,meter_03,265,none,none,none,none,none,none,0.9999994420535459,0.5930824580223478,0,,0,0,drift_not_confirmed,,voltage_rolling_mean=230.608773;source_publish_interval=0.504259,,0.5530000198632479,9.508792078122497,10.079958010464907
2026-08-10T16:36:37.219893+00:00,measurement_drift_01,meter_01,266,none,none,none,none,none,none,0.9999988706769922,0.5575956953762676,0,,0,0,drift_not_confirmed,,voltage_rolling_mean=231.597654;source_publish_interval=0.504261,,2.1607079543173313,21.514750085771084,23.712290916591883
2026-08-10T16:36:37.243894+00:00,measurement_drift_01,meter_02,266,none,measurement_shift,none,none,none,normal_drift,0.999995611077188,0.5338471675526539,0,,1,0,collecting_candidates;drift_not_confirmed,voltage_rolling_mean,voltage_rolling_mean=233.575239;source_publish_interval=0.504260,voltage_rolling_mean,0.8628331124782562,11.947625083848834,12.834290973842144
2026-08-10T16:36:37.256839+00:00,measurement_drift_01,meter_03,266,none,none,none,none,none,none,0.9999990850307267,0.4776074231269182,0,,0,0,drift_not_confirmed,,voltage_rolling_mean=230.608773;source_publish_interval=0.504259,,0.588166993111372,9.397583082318306,10.004207957535982
2026-08-10T16:36:37.725004+00:00,measurement_drift_01,meter_01,267,none,none,none,none,none,none,0.999995647624643,0.44083981464086025,0,,0,0,drift_not_confirmed,,voltage_rolling_mean=231.597654;source_publish_interval=0.504261,,3.1794579699635506,17.097874777391553,20.30629082582891
2026-08-10T16:36:37.745658+00:00,measurement_drift_01,meter_02,267,none,measurement_shift,none,none,none,normal_drift,0.999876670002533,0.5346700338516014,0,,1,0,collecting_candidates;drift_not_confirmed,voltage_rolling_mean,voltage_rolling_mean=233.575239;source_publish_interval=0.504260,voltage_rolling_mean,0.7277501281350851,11.268709087744355,12.019083136692643
2026-08-10T16:36:37.757773+00:00,measurement_drift_01,meter_03,267,none,none,none,none,none,none,0.9999968047092104,0.46817343236767117,0,,0,0,drift_not_confirmed,,voltage_rolling_mean=230.608773;source_publish_interval=0.504259,,0.5376669578254223,9.316625073552132,9.871790884062648
2026-08-10T16:36:38.228588+00:00,measurement_drift_01,meter_01,268,none,none,none,none,none,none,0.9999951446866556,0.4415407155072012,0,,0,0,drift_not_confirmed,,voltage_rolling_mean=231.597654;source_publish_interval=0.504261,,2.099874895066023,21.94395801052451,24.104458978399634
2026-08-10T16:36:38.253059+00:00,measurement_drift_01,meter_02,268,none,measurement_shift,none,none,none,normal_drift,0.9999851200937326,0.5371232587777108,0,,1,0,collecting_candidates;drift_not_confirmed,voltage_rolling_mean,voltage_rolling_mean=233.575239;source_publish_interval=0.504260,voltage_rolling_mean,0.8567080367356539,11.86795812100172,12.749166926369071
2026-08-10T16:36:38.265915+00:00,measurement_drift_01,meter_03,268,none,none,none,unknown,unknown,unknown,0.9999884431603852,0.6206107961965381,0,,0,0,drift_not_confirmed,,voltage_rolling_mean=230.608773;source_publish_interval=0.504259,,0.596584053710103,9.390667080879211,10.005541844293475
2026-08-10T16:36:38.733503+00:00,measurement_drift_01,meter_01,269,none,none,none,none,none,none,0.9999982191486854,0.46296728971093654,0,,0,0,drift_not_confirmed,,voltage_rolling_mean=231.597654;source_publish_interval=0.504261,,2.3092080373317003,19.09933309070766,21.44245896488428
2026-08-10T16:36:38.755311+00:00,measurement_drift_01,meter_02,269,none,measurement_shift,none,none,none,normal_drift,0.999996181207965,0.551808324843463,0,,1,0,collecting_candidates;drift_not_confirmed,voltage_rolling_mean,voltage_rolling_mean=233.575239;source_publish_interval=0.504260,voltage_rolling_mean,0.763332936912775,11.391583131626248,12.178542092442513
2026-08-10T16:36:38.767598+00:00,measurement_drift_01,meter_03,269,none,none,none,none,none,none,0.9999990729510092,0.4793128592419697,0,,0,0,drift_not_confirmed,,voltage_rolling_mean=230.608773;source_publish_interval=0.504259,,0.5513338837772608,9.554666932672262,10.125250089913607
2026-08-10T16:36:39.236930+00:00,measurement_drift_01,meter_01,270,none,none,none,none,none,none,0.9999988868540269,0.4526398978346412,0,,0,0,drift_not_confirmed,,voltage_rolling_mean=231.597654;source_publish_interval=0.504261,,1.9888749811798334,22.082915995270014,24.114874890074134
2026-08-10T16:36:39.261393+00:00,measurement_drift_01,meter_02,270,none,measurement_shift,none,none,none,normal_drift,0.9999949701853063,0.5369079152259093,0,,1,0,collecting_candidates;drift_not_confirmed,voltage_rolling_mean,voltage_rolling_mean=233.575239;source_publish_interval=0.504260,voltage_rolling_mean,0.853958074003458,12.008458143100142,12.886958196759224
2026-08-10T16:36:39.274406+00:00,measurement_drift_01,meter_03,270,none,none,none,none,none,none,0.9999973963170875,0.447986903402967,0,,0,0,drift_not_confirmed,,voltage_rolling_mean=230.608773;source_publish_interval=0.504259,,0.5582498852163553,9.56541602499783,10.145500069484115
2026-08-10T16:36:39.737417+00:00,measurement_drift_01,meter_01,271,none,none,none,none,none,none,0.9999991620800079,0.5027532939633095,0,,0,0,drift_not_confirmed,,voltage_rolling_mean=231.597654;source_publish_interval=0.504261,,2.666375134140253,19.094499992206693,21.790375001728535
2026-08-10T16:36:39.759573+00:00,measurement_drift_01,meter_02,271,none,measurement_shift,none,none,none,normal_drift,0.9999980401156867,0.5350630803012738,0,,1,0,collecting_candidates;drift_not_confirmed,voltage_rolling_mean,voltage_rolling_mean=233.575239;source_publish_interval=0.504260,voltage_rolling_mean,0.7201251573860645,11.431083083152771,12.172000017017126
2026-08-10T16:36:39.771835+00:00,measurement_drift_01,meter_03,271,none,none,none,none,none,none,0.9999991067534862,0.47634530514436546,0,,0,0,drift_not_confirmed,,voltage_rolling_mean=230.608773;source_publish_interval=0.504259,,0.5349589046090841,9.424500167369843,9.977167006582022
2026-08-10T16:36:40.240148+00:00,measurement_drift_01,meter_01,272,none,none,none,none,none,none,0.9999990394288626,0.4742809754394848,0,,0,0,drift_not_confirmed,,voltage_rolling_mean=231.597654;source_publish_interval=0.504261,,1.1390410363674164,23.03133299574256,24.210709147155285
2026-08-10T16:36:40.264623+00:00,measurement_drift_01,meter_02,272,none,measurement_shift,none,none,none,normal_drift,0.9999935519585904,0.5854539428706322,0,,1,0,collecting_candidates;drift_not_confirmed,voltage_rolling_mean,voltage_rolling_mean=233.575239;source_publish_interval=0.504260,voltage_rolling_mean,0.9009998757392168,12.638333020731807,13.566042063757777
2026-08-10T16:36:40.278332+00:00,measurement_drift_01,meter_03,272,none,none,none,none,none,none,0.9999976590567459,0.44770027002420965,0,,0,0,drift_not_confirmed,,voltage_rolling_mean=230.608773;source_publish_interval=0.504259,,0.6028749048709869,9.71366697922349,10.336250066757202
2026-08-10T16:36:40.745821+00:00,measurement_drift_01,meter_01,273,none,none,none,none,none,none,0.9999988831479388,0.4639556788383247,0,,0,0,drift_not_confirmed,,voltage_rolling_mean=231.597654;source_publish_interval=0.504261,,2.7942080050706863,17.620166996493936,20.44887514784932
2026-08-10T16:36:40.766634+00:00,measurement_drift_01,meter_02,273,none,measurement_shift,none,none,none,normal_drift,0.9999960774545337,0.5347409784953636,0,,1,0,collecting_candidates;drift_not_confirmed,voltage_rolling_mean,voltage_rolling_mean=233.575239;source_publish_interval=0.504260,voltage_rolling_mean,0.749208964407444,11.370875174179673,12.14050012640655
2026-08-10T16:36:40.778870+00:00,measurement_drift_01,meter_03,273,none,none,none,none,none,none,0.999999000968071,0.4471101662474293,0,,0,0,drift_not_confirmed,,voltage_rolling_mean=230.608773;source_publish_interval=0.504259,,0.5202081520110369,9.431875078007579,9.970415849238634
2026-08-10T16:36:41.250827+00:00,measurement_drift_01,meter_01,274,none,none,none,none,none,none,0.9999986366830237,0.45148819405320634,0,,0,0,drift_not_confirmed,,voltage_rolling_mean=231.597654;source_publish_interval=0.504261,,2.560833003371954,18.313500098884106,20.90841601602733
2026-08-10T16:36:41.272115+00:00,measurement_drift_01,meter_02,274,none,measurement_shift,none,none,none,normal_drift,0.9999981337507003,0.5341573519344219,0,,1,0,collecting_candidates;drift_not_confirmed,voltage_rolling_mean,voltage_rolling_mean=233.575239;source_publish_interval=0.504260,voltage_rolling_mean,0.7376670837402344,11.318291071802378,12.078083120286465
2026-08-10T16:36:41.284301+00:00,measurement_drift_01,meter_03,274,none,none,none,none,none,none,0.9999994180364106,0.46926920301436953,0,,0,0,drift_not_confirmed,,voltage_rolling_mean=230.608773;source_publish_interval=0.504259,,0.517082866281271,9.560624836012721,10.09841705672443
2026-08-10T16:36:41.754717+00:00,measurement_drift_01,meter_01,275,none,none,none,none,none,none,0.9999990465674813,0.47193418261469816,0,,0,0,drift_not_confirmed,,voltage_rolling_mean=231.597654;source_publish_interval=0.504261,,2.421249868348241,17.49524986371398,19.94941709563136
2026-08-10T16:36:41.775045+00:00,measurement_drift_01,meter_02,275,none,measurement_shift,none,none,none,normal_drift,0.9999972523716285,0.5582049856421295,0,,1,0,collecting_candidates;drift_not_confirmed,voltage_rolling_mean,voltage_rolling_mean=233.575239;source_publish_interval=0.504260,voltage_rolling_mean,0.7417500019073486,11.346083134412766,12.10870803333819
2026-08-10T16:36:41.787266+00:00,measurement_drift_01,meter_03,275,none,none,none,none,none,none,0.9999992603992692,0.45072705628733784,0,,0,0,drift_not_confirmed,,voltage_rolling_mean=230.608773;source_publish_interval=0.504259,,0.52837491966784,9.262749925255775,9.808124974370003
2026-08-10T16:36:42.259968+00:00,measurement_drift_01,meter_01,276,none,none,none,unknown,unknown,unknown,0.9999995214537346,0.6281351478991042,0,,0,0,drift_not_confirmed,,voltage_rolling_mean=231.597654;source_publish_interval=0.504261,,2.0299588795751333,21.955249831080437,24.02091701515019
2026-08-10T16:36:42.284315+00:00,measurement_drift_01,meter_02,276,none,measurement_shift,none,none,none,normal_drift,0.9999976716287183,0.5423724654357533,0,,1,1,drift_not_confirmed;reference_updated,voltage_rolling_mean,voltage_rolling_mean=233.335255;source_publish_interval=0.504260,voltage_rolling_mean,0.8462921250611544,12.077749939635396,12.95054191723466
2026-08-10T16:36:42.297374+00:00,measurement_drift_01,meter_03,276,none,none,none,none,none,none,0.9999967936862832,0.44864506092254264,0,,0,0,drift_not_confirmed,,voltage_rolling_mean=230.608773;source_publish_interval=0.504259,,0.5665000062435865,9.517541853711009,10.102665983140469
2026-08-10T16:36:42.765928+00:00,measurement_drift_01,meter_01,277,none,none,none,none,none,none,0.9999992119790108,0.4625317974784152,0,,0,0,drift_not_confirmed,,voltage_rolling_mean=231.597654;source_publish_interval=0.504261,,2.0813329610973597,21.881582913920283,24.001958081498742
2026-08-10T16:36:42.790355+00:00,measurement_drift_01,meter_02,277,none,measurement_shift,none,none,none,normal_drift,0.9999974385632571,0.5346991363216056,0,,1,0,collecting_candidates;drift_not_confirmed,voltage_rolling_mean,voltage_rolling_mean=233.335255;source_publish_interval=0.504260,voltage_rolling_mean,0.8807920385152102,11.941833887249231,12.845457997173071
2026-08-10T16:36:42.803337+00:00,measurement_drift_01,meter_03,277,none,none,none,none,none,none,0.9999992515265907,0.49925689359712394,0,,0,0,drift_not_confirmed,,voltage_rolling_mean=230.608773;source_publish_interval=0.504259,,0.5474160425364971,9.61233302950859,10.17937483265996
2026-08-10T16:36:43.270288+00:00,measurement_drift_01,meter_01,278,none,none,none,none,none,none,0.999999774900949,0.5204280474749752,0,,0,0,drift_not_confirmed,,voltage_rolling_mean=231.597654;source_publish_interval=0.504261,,2.175375120714307,18.169332994148135,20.378332817927003
2026-08-10T16:36:43.291048+00:00,measurement_drift_01,meter_02,278,none,measurement_shift,none,none,none,normal_drift,0.9999802938202296,0.5326235969134138,0,,1,0,collecting_candidates;drift_not_confirmed,voltage_rolling_mean,voltage_rolling_mean=233.335255;source_publish_interval=0.504260,voltage_rolling_mean,0.7410410325974226,11.38650020584464,12.149000074714422
2026-08-10T16:36:43.303304+00:00,measurement_drift_01,meter_03,278,none,none,none,none,none,none,0.9999992686827192,0.5062880956126101,0,,0,0,drift_not_confirmed,,voltage_rolling_mean=230.608773;source_publish_interval=0.504259,,0.5432500038295984,9.438292123377323,9.99820907600224
2026-08-10T16:36:43.773935+00:00,measurement_drift_01,meter_01,279,none,none,none,none,none,none,0.9999994427217064,0.46236235882784177,0,,0,0,drift_not_confirmed,,voltage_rolling_mean=231.597654;source_publish_interval=0.504261,,2.3453328758478165,19.207207951694727,21.589375101029873
2026-08-10T16:36:43.795925+00:00,measurement_drift_01,meter_02,279,none,measurement_shift,none,none,none,normal_drift,0.9999965809909405,0.5623381578254224,0,,1,0,collecting_candidates;drift_not_confirmed,voltage_rolling_mean,voltage_rolling_mean=233.335255;source_publish_interval=0.504260,voltage_rolling_mean,0.730541069060564,11.572750052437186,12.325332965701818
2026-08-10T16:36:43.808346+00:00,measurement_drift_01,meter_03,279,none,none,none,none,none,none,0.9999977028155289,0.5286714374479307,0,,0,0,drift_not_confirmed,,voltage_rolling_mean=230.608773;source_publish_interval=0.504259,,0.5489159375429153,9.43737500347197,10.002583963796496
2026-08-10T16:36:44.278702+00:00,measurement_drift_01,meter_01,280,none,none,none,none,none,none,0.9999994069982713,0.4596999013707407,0,,0,0,drift_not_confirmed,,voltage_rolling_mean=231.597654;source_publish_interval=0.504261,,2.034708159044385,22.011625114828348,24.08520900644362
2026-08-10T16:36:44.303162+00:00,measurement_drift_01,meter_02,280,none,measurement_shift,none,none,none,normal_drift,0.9999963593411235,0.5352238121232732,0,,1,0,collecting_candidates;drift_not_confirmed,voltage_rolling_mean,voltage_rolling_mean=233.335255;source_publish_interval=0.504260,voltage_rolling_mean,0.8505419827997684,12.200459139421582,13.077916810289025
2026-08-10T16:36:44.316381+00:00,measurement_drift_01,meter_03,280,none,none,none,none,none,none,0.9999983532743267,0.44413765576255737,0,,0,0,drift_not_confirmed,,voltage_rolling_mean=230.608773;source_publish_interval=0.504259,,0.5729999393224716,9.533165954053402,10.12562494724989
2026-08-10T16:36:44.780296+00:00,measurement_drift_01,meter_01,281,none,none,none,none,none,none,0.9999937393709519,0.4573131996408564,0,,0,0,drift_not_confirmed,,voltage_rolling_mean=231.597654;source_publish_interval=0.504261,,1.9924999214708805,21.85654081404209,23.904040921479464
2026-08-10T16:36:44.804590+00:00,measurement_drift_01,meter_02,281,none,measurement_shift,none,none,none,normal_drift,0.9999974239061955,0.5476675668941126,0,,1,0,collecting_candidates;drift_not_confirmed,voltage_rolling_mean,voltage_rolling_mean=233.335255;source_publish_interval=0.504260,voltage_rolling_mean,0.929499976336956,12.253000168129802,13.209291035309434
2026-08-10T16:36:44.817945+00:00,measurement_drift_01,meter_03,281,none,none,none,none,none,none,0.9999980086866042,0.47465140499869507,0,,0,0,drift_not_confirmed,,voltage_rolling_mean=230.608773;source_publish_interval=0.504259,,0.6114579737186432,9.750124998390675,10.383167071267962
2026-08-10T16:36:45.285363+00:00,measurement_drift_01,meter_01,282,none,none,none,none,none,none,0.9999976934682188,0.4723623801325811,0,,0,0,drift_not_confirmed,,voltage_rolling_mean=231.597654;source_publish_interval=0.504261,,2.0620839204639196,22.29487500153482,24.401540867984295
2026-08-10T16:36:45.310117+00:00,measurement_drift_01,meter_02,282,none,measurement_shift,none,none,none,normal_drift,0.9999986503068277,0.530630073188839,0,,1,0,collecting_candidates;drift_not_confirmed,voltage_rolling_mean,voltage_rolling_mean=233.335255;source_publish_interval=0.504260,voltage_rolling_mean,0.8940000552684069,12.150958878919482,13.069000095129013
2026-08-10T16:36:45.323323+00:00,measurement_drift_01,meter_03,282,none,none,none,none,none,none,0.999995315935449,0.4574979087940272,0,,0,0,drift_not_confirmed,,voltage_rolling_mean=230.608773;source_publish_interval=0.504259,,0.5534160882234573,9.501292137429118,10.07349998690188
2026-08-10T16:36:45.788154+00:00,measurement_drift_01,meter_01,283,none,none,none,none,none,none,0.999999484797104,0.47809731210381456,0,,0,0,drift_not_confirmed,,voltage_rolling_mean=231.597654;source_publish_interval=0.504261,,1.1971250642091036,22.584999911487103,23.82295811548829
2026-08-10T16:36:45.812331+00:00,measurement_drift_01,meter_02,283,none,measurement_shift,none,none,none,normal_drift,0.999997929444937,0.5810514538369688,0,,1,0,collecting_candidates;drift_not_confirmed,voltage_rolling_mean,voltage_rolling_mean=233.335255;source_publish_interval=0.504260,voltage_rolling_mean,0.8589588105678558,12.402875116094947,13.287666952237487
2026-08-10T16:36:45.825744+00:00,measurement_drift_01,meter_03,283,none,none,none,none,none,none,0.9999989665011727,0.45110149707223046,0,,0,0,drift_not_confirmed,,voltage_rolling_mean=230.608773;source_publish_interval=0.504259,,0.5997081752866507,9.771916083991528,10.391457937657833
2026-08-10T16:36:46.293726+00:00,measurement_drift_01,meter_01,284,none,none,none,none,none,none,0.9999981794097529,0.499134182073568,0,,0,0,drift_not_confirmed,,voltage_rolling_mean=231.597654;source_publish_interval=0.504261,,2.1984160412102938,18.90108408406377,21.142834099009633
2026-08-10T16:36:46.315321+00:00,measurement_drift_01,meter_02,284,none,measurement_shift,none,none,none,normal_drift,0.9999975541249584,0.5460899173519272,0,,1,0,collecting_candidates;drift_not_confirmed,voltage_rolling_mean,voltage_rolling_mean=233.335255;source_publish_interval=0.504260,voltage_rolling_mean,0.7830841932445765,11.817166116088629,12.628416996449232
2026-08-10T16:36:46.328088+00:00,measurement_drift_01,meter_03,284,none,none,none,none,none,none,0.9999984554979297,0.4382792768786415,0,,0,0,drift_not_confirmed,,voltage_rolling_mean=230.608773;source_publish_interval=0.504259,,0.5516670644283295,9.429709054529667,10.000249836593866
2026-08-10T16:36:46.795843+00:00,measurement_drift_01,meter_01,285,none,none,none,none,none,none,0.9999987097495967,0.4862228078078068,0,,0,0,drift_not_confirmed,,voltage_rolling_mean=231.597654;source_publish_interval=0.504261,,2.619875129312277,18.652917118743062,21.311416057869792
2026-08-10T16:36:46.817570+00:00,measurement_drift_01,meter_02,285,none,measurement_shift,none,none,none,normal_drift,0.9999971444554878,0.5332608922749329,0,,1,0,collecting_candidates;drift_not_confirmed,voltage_rolling_mean,voltage_rolling_mean=233.335255;source_publish_interval=0.504260,voltage_rolling_mean,0.7521659135818481,11.79804210551083,12.5728331040591
2026-08-10T16:36:46.830263+00:00,measurement_drift_01,meter_03,285,none,none,none,none,none,none,0.9999984359352461,0.46388387627433764,0,,0,0,drift_not_confirmed,,voltage_rolling_mean=230.608773;source_publish_interval=0.504259,,0.5827080458402634,9.463542141020298,10.064957896247506
2026-08-10T16:36:47.301416+00:00,measurement_drift_01,meter_01,286,none,none,none,none,none,none,0.9999991271608801,0.4601701958968828,0,,0,0,drift_not_confirmed,,voltage_rolling_mean=231.597654;source_publish_interval=0.504261,,2.057457808405161,22.124124923720956,24.22745805233717
2026-08-10T16:36:47.325993+00:00,measurement_drift_01,meter_02,286,none,measurement_shift,none,none,none,normal_drift,0.9999970828834779,0.5618280601212595,0,,1,0,collecting_candidates;drift_not_confirmed,voltage_rolling_mean,voltage_rolling_mean=233.335255;source_publish_interval=0.504260,voltage_rolling_mean,0.8499580435454845,12.033540988340974,12.906583026051521
2026-08-10T16:36:47.339026+00:00,measurement_drift_01,meter_03,286,none,none,none,none,none,none,0.9999977680652243,0.5082383395470824,0,,0,0,drift_not_confirmed,,voltage_rolling_mean=230.608773;source_publish_interval=0.504259,,0.5357079207897186,9.56866703927517,10.12487499974668
2026-08-10T16:36:47.806283+00:00,measurement_drift_01,meter_01,287,none,none,none,none,none,none,0.9999993399494811,0.47960609063296605,0,,0,0,drift_not_confirmed,,voltage_rolling_mean=231.597654;source_publish_interval=0.504261,,1.7370420973747969,21.580541972070932,23.355582961812615
2026-08-10T16:36:47.829968+00:00,measurement_drift_01,meter_02,287,none,measurement_shift,none,none,none,normal_drift,0.9999971903569691,0.5448530098375222,0,,1,0,collecting_candidates;drift_not_confirmed,voltage_rolling_mean,voltage_rolling_mean=233.335255;source_publish_interval=0.504260,voltage_rolling_mean,0.8622088935226202,12.079957872629166,12.969208881258965
2026-08-10T16:36:47.843067+00:00,measurement_drift_01,meter_03,287,none,none,none,none,none,none,0.9999975139114325,0.4493706175384115,0,,0,0,drift_not_confirmed,,voltage_rolling_mean=230.608773;source_publish_interval=0.504259,,0.6081669125705957,9.477917104959488,10.104500222951174
2026-08-10T16:36:48.309604+00:00,measurement_drift_01,meter_01,288,none,none,none,none,none,none,0.9999989943661763,0.4552635520474414,0,,0,0,drift_not_confirmed,,voltage_rolling_mean=231.597654;source_publish_interval=0.504261,,1.3363328762352467,20.91670804657042,22.286708932369947
2026-08-10T16:36:48.332147+00:00,measurement_drift_01,meter_02,288,none,measurement_shift,none,none,none,normal_drift,0.9999981482402509,0.5890509980039501,0,,1,0,collecting_candidates;drift_not_confirmed,voltage_rolling_mean,voltage_rolling_mean=233.335255;source_publish_interval=0.504260,voltage_rolling_mean,0.8552907966077328,13.104083016514778,13.984417077153921
2026-08-10T16:36:48.346245+00:00,measurement_drift_01,meter_03,288,none,none,none,unknown,unknown,unknown,0.9999962223547704,0.6364543860198215,0,,0,0,drift_not_confirmed,,voltage_rolling_mean=230.608773;source_publish_interval=0.504259,,0.6276657804846764,9.990542195737362,10.636416962370276
2026-08-10T16:36:48.813970+00:00,measurement_drift_01,meter_01,289,none,none,none,none,none,none,0.9999994734851524,0.4705129354118988,0,,0,0,drift_not_confirmed,,voltage_rolling_mean=231.597654;source_publish_interval=0.504261,,2.7110839728266,21.998082986101508,24.758874904364347
2026-08-10T16:36:48.839148+00:00,measurement_drift_01,meter_02,289,none,measurement_shift,none,none,none,normal_drift,0.9999914248030833,0.5434686057385416,0,,1,0,collecting_candidates;drift_not_confirmed,voltage_rolling_mean,voltage_rolling_mean=233.335255;source_publish_interval=0.504260,voltage_rolling_mean,0.760124996304512,12.197749922052026,12.98737502656877
2026-08-10T16:36:48.852283+00:00,measurement_drift_01,meter_03,289,none,none,none,none,none,none,0.9999887373841477,0.49901508064364897,0,,0,0,drift_not_confirmed,,voltage_rolling_mean=230.608773;source_publish_interval=0.504259,,0.6341671105474234,9.573583025485277,10.229166829958558
2026-08-10T16:36:49.317397+00:00,measurement_drift_01,meter_01,290,none,none,none,none,none,none,0.999999818084264,0.5244498921744981,0,,0,0,drift_not_confirmed,,voltage_rolling_mean=231.597654;source_publish_interval=0.504261,,2.0807920955121517,22.693667095154524,24.812541902065277
2026-08-10T16:36:49.342620+00:00,measurement_drift_01,meter_02,290,none,measurement_shift,none,none,none,normal_drift,0.9999973820041982,0.5326649621599078,0,,1,0,collecting_candidates;drift_not_confirmed,voltage_rolling_mean,voltage_rolling_mean=233.335255;source_publish_interval=0.504260,voltage_rolling_mean,0.8901248220354319,12.297625187784433,13.214125065132976
2026-08-10T16:36:49.355965+00:00,measurement_drift_01,meter_03,290,none,none,none,none,none,none,0.9999984829316497,0.4954165913768739,0,,0,0,drift_not_confirmed,,voltage_rolling_mean=230.608773;source_publish_interval=0.504259,,0.6229171995073557,9.65220807120204,10.294291889294982
2026-08-10T16:36:49.822324+00:00,measurement_drift_01,meter_01,291,none,none,none,none,none,none,0.9999996298819431,0.506790750709649,0,,0,0,drift_not_confirmed,,voltage_rolling_mean=231.597654;source_publish_interval=0.504261,,2.0916250068694353,21.425249986350536,23.550125071778893
2026-08-10T16:36:49.846237+00:00,measurement_drift_01,meter_02,291,none,measurement_shift,none,none,none,normal_drift,0.9999977916390707,0.5336237496194639,0,,1,0,collecting_candidates;drift_not_confirmed,voltage_rolling_mean,voltage_rolling_mean=233.335255;source_publish_interval=0.504260,voltage_rolling_mean,0.6898329593241215,11.67629100382328,12.38749991171062
2026-08-10T16:36:49.858722+00:00,measurement_drift_01,meter_03,291,none,none,none,none,none,none,0.9999326243155755,0.4849692170730738,0,,0,0,drift_not_confirmed,,voltage_rolling_mean=230.608773;source_publish_interval=0.504259,,0.5392918828874826,9.571915958076715,10.129500180482864
2026-08-10T16:36:50.324771+00:00,measurement_drift_01,meter_01,292,none,none,none,none,none,none,0.9999996849770074,0.498990772681626,0,,0,0,drift_not_confirmed,,voltage_rolling_mean=231.597654;source_publish_interval=0.504261,,2.113542053848505,21.072749979794025,23.22145807556808
2026-08-10T16:36:50.348270+00:00,measurement_drift_01,meter_02,292,none,measurement_shift,none,none,none,normal_drift,0.9999981949455026,0.5380057573681019,0,,1,0,collecting_candidates;drift_not_confirmed,voltage_rolling_mean,voltage_rolling_mean=233.335255;source_publish_interval=0.504260,voltage_rolling_mean,0.6997920572757721,11.745958123356104,12.469707988202572
2026-08-10T16:36:50.360863+00:00,measurement_drift_01,meter_03,292,none,none,none,none,none,none,0.9999827517355602,0.4620584102443898,0,,0,0,drift_not_confirmed,,voltage_rolling_mean=230.608773;source_publish_interval=0.504259,,0.610999995842576,9.561792016029358,10.191250126808882
2026-08-10T16:36:50.825105+00:00,measurement_drift_01,meter_01,293,none,none,none,none,none,none,0.9999984219141208,0.5013292362813552,0,,0,0,drift_not_confirmed,,voltage_rolling_mean=231.597654;source_publish_interval=0.504261,,2.9909999575465918,16.914750216528773,19.93637508712709
2026-08-10T16:36:50.845390+00:00,measurement_drift_01,meter_02,293,none,measurement_shift,none,none,none,normal_drift,0.999998196426057,0.5473907090171174,0,,1,0,collecting_candidates;drift_not_confirmed,voltage_rolling_mean,voltage_rolling_mean=233.335255;source_publish_interval=0.504260,voltage_rolling_mean,0.6934578996151686,10.777124902233481,11.491458863019943
2026-08-10T16:36:50.856988+00:00,measurement_drift_01,meter_03,293,none,none,none,none,none,none,0.9999976694618011,0.4839280079719209,0,,0,0,drift_not_confirmed,,voltage_rolling_mean=230.608773;source_publish_interval=0.504259,,0.5561669822782278,9.03420802205801,9.607166051864624
2026-08-10T16:36:51.328685+00:00,measurement_drift_01,meter_01,294,none,none,none,none,none,none,0.9999996841466948,0.5147982223663552,0,,0,0,drift_not_confirmed,,voltage_rolling_mean=231.597654;source_publish_interval=0.504261,,2.7498749550431967,21.05512493290007,23.83824996650219
2026-08-10T16:36:51.352900+00:00,measurement_drift_01,meter_02,294,none,measurement_shift,none,none,none,normal_drift,0.999996026255529,0.5311285959419869,0,,1,0,collecting_candidates;drift_not_confirmed,voltage_rolling_mean,voltage_rolling_mean=233.335255;source_publish_interval=0.504260,voltage_rolling_mean,0.7028330583125353,11.797291925176978,12.527207843959332
2026-08-10T16:36:51.365538+00:00,measurement_drift_01,meter_03,294,none,none,none,none,none,none,0.9999781737968383,0.44511838903295736,0,,0,0,drift_not_confirmed,,voltage_rolling_mean=230.608773;source_publish_interval=0.504259,,0.6099578458815813,9.425166994333267,10.052958969026804
2026-08-10T16:36:51.832275+00:00,measurement_drift_01,meter_01,295,none,none,none,none,none,none,0.9999996369389575,0.4753578188504878,0,,0,0,drift_not_confirmed,,voltage_rolling_mean=231.597654;source_publish_interval=0.504261,,1.9711251370608807,22.326959064230323,24.337916867807508
2026-08-10T16:36:51.856973+00:00,measurement_drift_01,meter_02,295,none,measurement_shift,none,none,none,normal_drift,0.9999908913111111,0.5320148485264518,0,,1,0,collecting_candidates;drift_not_confirmed,voltage_rolling_mean,voltage_rolling_mean=233.335255;source_publish_interval=0.504260,voltage_rolling_mean,0.808625016361475,12.011833023279905,12.844208860769868
2026-08-10T16:36:51.869926+00:00,measurement_drift_01,meter_03,295,none,none,none,none,none,none,0.9999917810597305,0.49543730100810623,0,,0,0,drift_not_confirmed,,voltage_rolling_mean=230.608773;source_publish_interval=0.504259,,0.6051249802112579,9.440083056688309,10.062959045171738
2026-08-10T16:36:52.337288+00:00,measurement_drift_01,meter_01,296,none,none,none,none,none,none,0.9999995353883486,0.4974927548440746,0,,0,0,drift_not_confirmed,,voltage_rolling_mean=231.597654;source_publish_interval=0.504261,,2.0280000753700733,19.826249917969108,21.886917063966393
2026-08-10T16:36:52.359478+00:00,measurement_drift_01,meter_02,296,none,measurement_shift,none,none,none,normal_drift,0.9999925013239241,0.5344659284705123,0,,1,1,drift_not_confirmed;reference_updated,voltage_rolling_mean,voltage_rolling_mean=233.475204;source_publish_interval=0.504260,voltage_rolling_mean,0.7006670348346233,11.722249910235405,12.448499910533428
2026-08-10T16:36:52.372040+00:00,measurement_drift_01,meter_03,296,none,none,none,none,none,none,0.9999899733044639,0.4493254164328688,0,,0,0,drift_not_confirmed,,voltage_rolling_mean=230.608773;source_publish_interval=0.504259,,0.5498749669641256,9.706499986350536,10.277541121467948
2026-08-10T16:36:52.841382+00:00,measurement_drift_01,meter_01,297,none,none,none,none,none,none,0.9999998384631225,0.4752813502511093,0,,0,0,drift_not_confirmed,,voltage_rolling_mean=231.597654;source_publish_interval=0.504261,,2.0331668201833963,21.943457890301943,24.010083870962262
2026-08-10T16:36:52.865745+00:00,measurement_drift_01,meter_02,297,none,measurement_shift,none,none,none,normal_drift,0.9999965905891889,0.5328629483954651,0,,1,0,collecting_candidates;drift_not_confirmed,voltage_rolling_mean,voltage_rolling_mean=233.475204;source_publish_interval=0.504260,voltage_rolling_mean,0.8039579261094332,11.877124896273017,12.705540983006358
2026-08-10T16:36:52.878565+00:00,measurement_drift_01,meter_03,297,none,none,none,none,none,none,0.9999716793533988,0.4444158188386022,0,,0,0,drift_not_confirmed,,voltage_rolling_mean=230.608773;source_publish_interval=0.504259,,0.5783750675618649,9.440041845664382,10.037166997790337
2026-08-10T16:36:53.344441+00:00,measurement_drift_01,meter_01,298,none,none,none,none,none,none,0.9999994799567045,0.44906330369467073,0,,0,0,drift_not_confirmed,,voltage_rolling_mean=231.597654;source_publish_interval=0.504261,,2.142540877684951,22.173583041876554,24.353708140552044
2026-08-10T16:36:53.369167+00:00,measurement_drift_01,meter_02,298,none,measurement_shift,none,none,none,normal_drift,0.9999062652804145,0.5649159777736282,0,,1,0,collecting_candidates;drift_not_confirmed,voltage_rolling_mean,voltage_rolling_mean=233.475204;source_publish_interval=0.504260,voltage_rolling_mean,0.7904581725597382,12.052542064338923,12.869790894910693
2026-08-10T16:36:53.382143+00:00,measurement_drift_01,meter_03,298,none,none,none,none,none,none,0.9999940339936167,0.4445460352295845,0,,0,0,drift_not_confirmed,,voltage_rolling_mean=230.608773;source_publish_interval=0.504259,,0.5945840384811163,9.542041923850775,10.154957883059978
2026-08-10T16:36:53.849438+00:00,measurement_drift_01,meter_01,299,none,none,none,none,none,none,0.9999995892255962,0.5085668828450862,0,,0,0,drift_not_confirmed,,voltage_rolling_mean=231.597654;source_publish_interval=0.504261,,2.0299169700592756,21.907542133703828,23.97479093633592
2026-08-10T16:36:53.873730+00:00,measurement_drift_01,meter_02,299,none,measurement_shift,none,none,none,normal_drift,0.9999943457234731,0.5862324832393837,0,,1,0,collecting_candidates;drift_not_confirmed,voltage_rolling_mean,voltage_rolling_mean=233.475204;source_publish_interval=0.504260,voltage_rolling_mean,0.8196248672902584,12.017417000606656,12.862500036135316
2026-08-10T16:36:53.886720+00:00,measurement_drift_01,meter_03,299,none,none,none,none,none,none,0.9999942345303244,0.43441542843092973,0,,0,0,drift_not_confirmed,,voltage_rolling_mean=230.608773;source_publish_interval=0.504259,,0.5638748407363892,9.4713328871876,10.053500067442656
2026-08-10T16:36:54.352228+00:00,measurement_drift_01,meter_01,300,none,none,none,none,none,none,0.9999993877596058,0.4841143294928616,0,,0,0,drift_not_confirmed,,voltage_rolling_mean=231.597654;source_publish_interval=0.504261,,2.1527500357478857,22.12870796211064,24.318000068888068
2026-08-10T16:36:54.376916+00:00,measurement_drift_01,meter_02,300,none,measurement_shift,none,none,none,normal_drift,0.9999946232441407,0.5324953630107042,0,,1,0,collecting_candidates;drift_not_confirmed,voltage_rolling_mean,voltage_rolling_mean=233.475204;source_publish_interval=0.504260,voltage_rolling_mean,0.8221669122576714,11.940416879951954,12.789750006049871
2026-08-10T16:36:54.389820+00:00,measurement_drift_01,meter_03,300,none,none,none,none,none,none,0.999995954894974,0.44711978918786816,0,,0,0,drift_not_confirmed,,voltage_rolling_mean=230.608773;source_publish_interval=0.504259,,0.5909581668674946,9.540874976664782,10.14979206956923
2026-08-10T16:36:54.857353+00:00,measurement_drift_01,meter_01,301,none,none,none,none,none,none,0.9999983909761961,0.45766522055016623,0,,0,0,drift_not_confirmed,,voltage_rolling_mean=231.597654;source_publish_interval=0.504261,,1.9007499795407057,21.053333999589086,22.98758295364678
2026-08-10T16:36:54.880837+00:00,measurement_drift_01,meter_02,301,none,measurement_shift,none,unknown,unknown,normal_drift,0.9999956742761442,0.6701591892298034,0,,1,0,collecting_candidates;drift_not_confirmed,voltage_rolling_mean,voltage_rolling_mean=233.475204;source_publish_interval=0.504260,voltage_rolling_mean,0.7249170448631048,11.930790962651372,12.679707957431674
2026-08-10T16:36:54.893626+00:00,measurement_drift_01,meter_03,301,none,none,none,none,none,none,0.9999887987145099,0.5023279356166074,0,,0,0,drift_not_confirmed,,voltage_rolling_mean=230.608773;source_publish_interval=0.504259,,0.5577919073402882,9.530417155474424,10.106666013598442
2026-08-10T16:36:55.362085+00:00,measurement_drift_01,meter_01,302,none,none,none,none,none,none,0.9999997865191355,0.5005722616069289,0,,0,0,drift_not_confirmed,,voltage_rolling_mean=231.597654;source_publish_interval=0.504261,,3.0304170213639736,17.66691613011062,20.727625116705894
2026-08-10T16:36:55.383166+00:00,measurement_drift_01,meter_02,302,none,measurement_shift,none,none,none,normal_drift,0.9999781791537231,0.5403420736751594,0,,1,0,collecting_candidates;drift_not_confirmed,voltage_rolling_mean,voltage_rolling_mean=233.475204;source_publish_interval=0.504260,voltage_rolling_mean,0.7092920131981373,11.009000008925796,11.739416979253292
2026-08-10T16:36:55.395004+00:00,measurement_drift_01,meter_03,302,none,none,none,none,none,none,0.9999964782158235,0.4787056458892404,0,,0,0,drift_not_confirmed,,voltage_rolling_mean=230.608773;source_publish_interval=0.504259,,0.5432500038295984,9.259290993213654,9.819500148296356
2026-08-10T16:36:55.865423+00:00,measurement_drift_01,meter_01,303,none,none,none,none,none,none,0.9999996877985138,0.45143520262493875,0,,0,0,drift_not_confirmed,,voltage_rolling_mean=231.597654;source_publish_interval=0.504261,,1.8202089704573154,22.29616604745388,24.150250013917685
2026-08-10T16:36:55.889936+00:00,measurement_drift_01,meter_02,303,none,measurement_shift,none,none,none,normal_drift,0.9999921674967077,0.5400783754299225,0,,1,0,collecting_candidates;drift_not_confirmed,voltage_rolling_mean,voltage_rolling_mean=233.475204;source_publish_interval=0.504260,voltage_rolling_mean,0.8277501910924911,12.092042015865445,12.943833135068417
2026-08-10T16:36:55.902994+00:00,measurement_drift_01,meter_03,303,none,none,none,none,none,none,0.9999778804853909,0.4636504158495357,0,,0,0,drift_not_confirmed,,voltage_rolling_mean=230.608773;source_publish_interval=0.504259,,0.5998329725116491,9.495124919340014,10.113624855875969
2026-08-10T16:36:56.370279+00:00,measurement_drift_01,meter_01,304,none,none,none,none,none,none,0.9999998145086253,0.5004231996886039,0,,0,0,drift_not_confirmed,,voltage_rolling_mean=231.597654;source_publish_interval=0.504261,,2.034833887591958,21.903709042817354,23.969209054484963
2026-08-10T16:36:56.394531+00:00,measurement_drift_01,meter_02,304,none,measurement_shift,none,none,none,normal_drift,0.9999946961873067,0.5324580670419413,0,,1,0,collecting_candidates;drift_not_confirmed,voltage_rolling_mean,voltage_rolling_mean=233.475204;source_publish_interval=0.504260,voltage_rolling_mean,0.7042910438030958,11.940582888200879,12.670791009441018
2026-08-10T16:36:56.407300+00:00,measurement_drift_01,meter_03,304,none,none,none,none,none,none,0.99998933032181,0.44167595046055386,0,,0,0,drift_not_confirmed,,voltage_rolling_mean=230.608773;source_publish_interval=0.504259,,0.5899579264223576,9.478375082835555,10.086416034027934
2026-08-10T16:36:56.872121+00:00,measurement_drift_01,meter_01,305,none,none,none,none,none,none,0.9999980656160172,0.47380473940033613,0,,0,0,drift_not_confirmed,,voltage_rolling_mean=231.597654;source_publish_interval=0.504261,,2.0010829903185368,22.148082964122295,24.186667054891586
2026-08-10T16:36:56.896683+00:00,measurement_drift_01,meter_02,305,none,measurement_shift,none,none,none,normal_drift,0.999993845533709,0.5339913653004941,0,,1,0,collecting_candidates;drift_not_confirmed,voltage_rolling_mean,voltage_rolling_mean=233.475204;source_publish_interval=0.504260,voltage_rolling_mean,0.8465000428259373,11.94645813666284,12.819042196497321
2026-08-10T16:36:56.909621+00:00,measurement_drift_01,meter_03,305,none,none,none,none,none,none,0.9999867633586046,0.45673956297057616,0,,0,0,drift_not_confirmed,,voltage_rolling_mean=230.608773;source_publish_interval=0.504259,,0.6043750327080488,9.504332905635238,10.128499940037727
2026-08-10T16:36:57.372971+00:00,measurement_drift_01,meter_01,306,none,none,none,none,none,none,0.9999987613457354,0.4532906704625187,0,,0,0,drift_not_confirmed,,voltage_rolling_mean=231.597654;source_publish_interval=0.504261,,2.474708016961813,22.185124922543764,24.692040868103504
2026-08-10T16:36:57.398020+00:00,measurement_drift_01,meter_02,306,none,measurement_shift,none,none,none,normal_drift,0.9999946376196863,0.5312815857414958,0,,1,0,collecting_candidates;drift_not_confirmed,voltage_rolling_mean,voltage_rolling_mean=233.475204;source_publish_interval=0.504260,voltage_rolling_mean,0.8132080547511578,11.8561249691993,12.692583026364446
2026-08-10T16:36:57.410823+00:00,measurement_drift_01,meter_03,306,none,none,none,none,none,none,0.9999852510742742,0.47798184926226445,0,,0,0,drift_not_confirmed,,voltage_rolling_mean=230.608773;source_publish_interval=0.504259,,0.584250083193183,9.557416196912527,10.15929109416902
2026-08-10T16:36:57.878162+00:00,measurement_drift_01,meter_01,307,none,none,none,none,none,none,0.9999995688725036,0.45846633697870953,0,,0,0,drift_not_confirmed,,voltage_rolling_mean=231.597654;source_publish_interval=0.504261,,3.4246668219566345,15.535166952759027,18.993667094036937
2026-08-10T16:36:57.897530+00:00,measurement_drift_01,meter_02,307,none,measurement_shift,none,none,none,normal_drift,0.9999908824681338,0.5726279383981989,0,,1,0,collecting_candidates;drift_not_confirmed,voltage_rolling_mean,voltage_rolling_mean=233.475204;source_publish_interval=0.504260,voltage_rolling_mean,0.7136249914765358,10.91499999165535,11.649166932329535
2026-08-10T16:36:57.909268+00:00,measurement_drift_01,meter_03,307,none,none,none,none,none,none,0.999970657648626,0.47885105444995757,0,,0,0,drift_not_confirmed,,voltage_rolling_mean=230.608773;source_publish_interval=0.504259,,0.5422499962151051,9.12945787422359,9.69554204493761
2026-08-10T16:36:58.383260+00:00,measurement_drift_01,meter_01,308,none,none,none,none,none,none,0.9999995993286157,0.4449071737224138,0,,0,0,drift_not_confirmed,,voltage_rolling_mean=231.597654;source_publish_interval=0.504261,,2.5030840188264847,19.96537484228611,22.498375037685037
2026-08-10T16:36:58.406127+00:00,measurement_drift_01,meter_02,308,none,measurement_shift,none,none,none,normal_drift,0.9999892769743712,0.5478634604996991,0,,1,0,collecting_candidates;drift_not_confirmed,voltage_rolling_mean,voltage_rolling_mean=233.475204;source_publish_interval=0.504260,voltage_rolling_mean,0.7011250127106905,11.703875148668885,12.426665984094143
2026-08-10T16:36:58.418672+00:00,measurement_drift_01,meter_03,308,none,none,none,none,none,none,0.9999152698300187,0.4453074899576425,0,,0,0,drift_not_confirmed,,voltage_rolling_mean=230.608773;source_publish_interval=0.504259,,0.5329158157110214,9.413166902959347,9.96445887722075
2026-08-10T16:36:58.888223+00:00,measurement_drift_01,meter_01,309,none,none,none,none,none,none,0.9999991757652656,0.5489835938803035,0,,0,0,drift_not_confirmed,,voltage_rolling_mean=231.597654;source_publish_interval=0.504261,,1.9626659341156483,21.766917081549764,23.760957876220345
2026-08-10T16:36:58.912274+00:00,measurement_drift_01,meter_02,309,none,measurement_shift,none,none,none,normal_drift,0.9997677607222083,0.5832578365962129,0,,1,0,collecting_candidates;drift_not_confirmed,voltage_rolling_mean,voltage_rolling_mean=233.475204;source_publish_interval=0.504260,voltage_rolling_mean,0.6898751016706228,11.882042046636343,12.596000218763947
2026-08-10T16:36:58.924974+00:00,measurement_drift_01,meter_03,309,none,none,none,none,none,none,0.9999461485266571,0.4401782190605374,0,,0,0,drift_not_confirmed,,voltage_rolling_mean=230.608773;source_publish_interval=0.504259,,0.5922080017626286,9.532999945804477,10.143041145056486
2026-08-10T16:36:59.393266+00:00,measurement_drift_01,meter_01,310,none,none,none,none,none,none,0.9999991255927497,0.45450529304000004,0,,0,0,drift_not_confirmed,,voltage_rolling_mean=231.597654;source_publish_interval=0.504261,,2.0177499391138554,21.963957929983735,24.01570789515972
2026-08-10T16:36:59.417595+00:00,measurement_drift_01,meter_02,310,none,measurement_shift,none,none,none,normal_drift,0.9999304787816843,0.5925208990387287,0,,1,0,collecting_candidates;drift_not_confirmed,voltage_rolling_mean,voltage_rolling_mean=233.475204;source_publish_interval=0.504260,voltage_rolling_mean,0.8450830355286598,12.014499865472317,12.883584015071392
2026-08-10T16:36:59.430600+00:00,measurement_drift_01,meter_03,310,none,none,none,none,none,none,0.9999277750947805,0.45140978124771725,0,,0,0,drift_not_confirmed,,voltage_rolling_mean=230.608773;source_publish_interval=0.504259,,0.5547921173274517,9.523916989564896,10.097207967191935
2026-08-10T16:36:59.897390+00:00,measurement_drift_01,meter_01,311,none,none,none,none,none,none,0.9999994293573927,0.49066002525333,0,,0,0,drift_not_confirmed,,voltage_rolling_mean=231.597654;source_publish_interval=0.504261,,1.9774171523749828,20.45870921574533,22.467415779829025
2026-08-10T16:36:59.920170+00:00,measurement_drift_01,meter_02,311,none,measurement_shift,none,none,none,normal_drift,0.9999824975541352,0.5640203699017666,0,,1,0,collecting_candidates;drift_not_confirmed,voltage_rolling_mean,voltage_rolling_mean=233.475204;source_publish_interval=0.504260,voltage_rolling_mean,0.7174999918788671,12.200416065752506,12.943042209371924
2026-08-10T16:36:59.933217+00:00,measurement_drift_01,meter_03,311,none,none,none,none,none,none,0.9999218346503024,0.5470243025419743,0,,0,0,drift_not_confirmed,,voltage_rolling_mean=230.608773;source_publish_interval=0.504259,,0.5450411699712276,9.517708094790578,10.0811249576509
2026-08-10T16:37:00.402501+00:00,measurement_drift_01,meter_01,312,none,none,none,none,none,none,0.9999997826171689,0.4987390166587539,0,,0,0,drift_not_confirmed,,voltage_rolling_mean=231.597654;source_publish_interval=0.504261,,2.4814170319586992,21.67583303526044,24.19537492096424
2026-08-10T16:37:00.427069+00:00,measurement_drift_01,meter_02,312,none,measurement_shift,none,unknown,unknown,normal_drift,0.9999573208301797,0.6279036004515722,0,,1,0,collecting_candidates;drift_not_confirmed,voltage_rolling_mean,voltage_rolling_mean=233.475204;source_publish_interval=0.504260,voltage_rolling_mean,0.7940831128507853,11.806000024080276,12.623416958376765
2026-08-10T16:37:00.439795+00:00,measurement_drift_01,meter_03,312,none,none,none,none,none,none,0.9999551350595387,0.48373146324839117,0,,0,0,drift_not_confirmed,,voltage_rolling_mean=230.608773;source_publish_interval=0.504259,,0.5862079560756683,9.631125023588538,10.235040914267302
2026-08-10T16:37:00.907517+00:00,measurement_drift_01,meter_01,313,none,none,none,none,none,none,0.9999997083900392,0.4477835794950559,0,,0,0,drift_not_confirmed,,voltage_rolling_mean=231.597654;source_publish_interval=0.504261,,2.5815831031650305,21.837165812030435,24.456667015329003
2026-08-10T16:37:00.932433+00:00,measurement_drift_01,meter_02,313,none,measurement_shift,none,unknown,unknown,normal_drift,0.9999749192031524,0.6152023579615434,0,,1,0,collecting_candidates;drift_not_confirmed,voltage_rolling_mean,voltage_rolling_mean=233.475204;source_publish_interval=0.504260,voltage_rolling_mean,0.8370410650968552,11.822041124105453,12.684291927143931
2026-08-10T16:37:00.945240+00:00,measurement_drift_01,meter_03,313,none,none,none,none,none,none,0.9999874486686059,0.4630155999544663,0,,0,0,drift_not_confirmed,,voltage_rolling_mean=230.608773;source_publish_interval=0.504259,,0.6060418672859669,9.708791971206665,10.333749931305647
2026-08-10T16:37:01.410548+00:00,measurement_drift_01,meter_01,314,none,none,none,none,none,none,0.9999992377937491,0.5207385089316918,0,,0,0,drift_not_confirmed,,voltage_rolling_mean=231.597654;source_publish_interval=0.504261,,2.3165829479694366,19.627624889835715,21.98691596277058
2026-08-10T16:37:01.433001+00:00,measurement_drift_01,meter_02,314,none,measurement_shift,none,none,none,normal_drift,0.9999667293763477,0.5739595075382548,0,,1,0,collecting_candidates;drift_not_confirmed,voltage_rolling_mean,voltage_rolling_mean=233.475204;source_publish_interval=0.504260,voltage_rolling_mean,0.8126248139888048,11.856707977131009,12.693582801148295
2026-08-10T16:37:01.445827+00:00,measurement_drift_01,meter_03,314,none,none,none,none,none,none,0.9999803421338129,0.46609466848375664,0,,0,0,drift_not_confirmed,,voltage_rolling_mean=230.608773;source_publish_interval=0.504259,,0.5622920580208302,9.602374862879515,10.184708051383495
2026-08-10T16:37:01.912772+00:00,measurement_drift_01,meter_01,315,none,none,none,none,none,none,0.9999994336063631,0.5121395445928615,0,,0,0,drift_not_confirmed,,voltage_rolling_mean=231.597654;source_publish_interval=0.504261,,2.0115419756621122,21.85945911332965,23.914832854643464
2026-08-10T16:37:01.937016+00:00,measurement_drift_01,meter_02,315,none,measurement_shift,none,none,none,normal_drift,0.9999568560418826,0.5585854338650099,0,,1,0,collecting_candidates;drift_not_confirmed,voltage_rolling_mean,voltage_rolling_mean=233.475204;source_publish_interval=0.504260,voltage_rolling_mean,0.8736248128116131,11.971208034083247,12.86974991671741
2026-08-10T16:37:01.950012+00:00,measurement_drift_01,meter_03,315,none,none,none,none,none,none,0.9999700982126698,0.45601634194683727,0,,0,0,drift_not_confirmed,,voltage_rolling_mean=230.608773;source_publish_interval=0.504259,,0.5662499461323023,9.491999866440892,10.075957980006933
2026-08-10T16:37:02.415526+00:00,measurement_drift_01,meter_01,316,none,none,none,none,none,none,0.9999988721385398,0.4610892072761092,0,,0,0,drift_not_confirmed,,voltage_rolling_mean=231.597654;source_publish_interval=0.504261,,2.40899994969368,20.49379190430045,22.935250075533986
2026-08-10T16:37:02.438836+00:00,measurement_drift_01,meter_02,316,none,measurement_shift,none,none,none,normal_drift,0.999863860805157,0.5355254783353133,0,,1,1,drift_not_confirmed;reference_updated,voltage_rolling_mean,voltage_rolling_mean=234.162759;source_publish_interval=0.504260,voltage_rolling_mean,0.7334589026868343,11.628624983131886,12.388417031615973
2026-08-10T16:37:02.451330+00:00,measurement_drift_01,meter_03,316,none,none,none,none,none,none,0.9999671843240994,0.46806376962619,0,,0,0,drift_not_confirmed,,voltage_rolling_mean=230.608773;source_publish_interval=0.504259,,0.5922499112784863,9.490499971434474,10.101041058078408
2026-08-10T16:37:02.916386+00:00,measurement_drift_01,meter_01,317,none,none,none,none,none,none,0.9999994936632909,0.45226980087012286,0,,0,0,drift_not_confirmed,,voltage_rolling_mean=231.597654;source_publish_interval=0.504261,,2.2571668960154057,21.979500073939562,24.280250072479248
2026-08-10T16:37:02.941066+00:00,measurement_drift_01,meter_02,317,none,measurement_shift,none,unknown,unknown,normal_drift,0.9999237491287452,0.6322263873440874,0,,1,0,collecting_candidates;drift_not_confirmed,voltage_rolling_mean,voltage_rolling_mean=234.162759;source_publish_interval=0.504260,voltage_rolling_mean,0.8653330150991678,12.067500036209822,12.957624858245254
2026-08-10T16:37:02.954147+00:00,measurement_drift_01,meter_03,317,none,none,none,none,none,none,0.9998916059426107,0.44798377594122846,0,,0,0,drift_not_confirmed,,voltage_rolling_mean=230.608773;source_publish_interval=0.504259,,0.5900829564779997,9.482125053182244,10.091332951560616
2026-08-10T16:37:03.418389+00:00,measurement_drift_01,meter_01,318,none,none,none,none,none,none,0.9999954520990204,0.5628189176603332,0,,0,0,drift_not_confirmed,,voltage_rolling_mean=231.597654;source_publish_interval=0.504261,,1.936791930347681,22.143999813124537,24.12045910023153
2026-08-10T16:37:03.442885+00:00,measurement_drift_01,meter_02,318,none,measurement_shift,none,none,none,normal_drift,0.9998063704683001,0.5459955331052593,0,,1,0,collecting_candidates;drift_not_confirmed,voltage_rolling_mean,voltage_rolling_mean=234.162759;source_publish_interval=0.504260,voltage_rolling_mean,0.871292082592845,12.0749999769032,12.971374904736876
2026-08-10T16:37:03.455988+00:00,measurement_drift_01,meter_03,318,none,none,none,none,none,none,0.9998683224313485,0.44238897067185273,0,,0,0,drift_not_confirmed,,voltage_rolling_mean=230.608773;source_publish_interval=0.504259,,0.5900000687688589,9.696667082607746,10.30658301897347
2026-08-10T16:37:03.921785+00:00,measurement_drift_01,meter_01,319,none,none,none,none,none,none,0.9999988418052064,0.47813544191214763,0,,0,0,drift_not_confirmed,,voltage_rolling_mean=231.597654;source_publish_interval=0.504261,,2.5037499144673347,20.2075419947505,22.76662504300475
2026-08-10T16:37:03.944915+00:00,measurement_drift_01,meter_02,319,none,measurement_shift,none,none,none,normal_drift,0.9999348284217721,0.5366094202230667,0,,1,0,collecting_candidates;drift_not_confirmed,voltage_rolling_mean,voltage_rolling_mean=234.162759;source_publish_interval=0.504260,voltage_rolling_mean,0.7690419442951679,11.656375136226416,12.447624932974577
2026-08-10T16:37:03.957474+00:00,measurement_drift_01,meter_03,319,none,none,none,none,none,none,0.9998752446796223,0.488179778355065,0,,0,0,drift_not_confirmed,,voltage_rolling_mean=230.608773;source_publish_interval=0.504259,,0.5317500326782465,9.439416928216815,9.989709127694368
2026-08-10T16:37:04.425587+00:00,measurement_drift_01,meter_01,320,none,none,none,none,none,none,0.999999383521566,0.4441750166771549,0,,0,0,drift_not_confirmed,,voltage_rolling_mean=231.597654;source_publish_interval=0.504261,,2.191375009715557,22.328916005790234,24.561999831348658
2026-08-10T16:37:04.450550+00:00,measurement_drift_01,meter_02,320,none,measurement_shift,none,none,none,normal_drift,0.9998951141564857,0.5464527086993973,0,,1,0,collecting_candidates;drift_not_confirmed,voltage_rolling_mean,voltage_rolling_mean=234.162759;source_publish_interval=0.504260,voltage_rolling_mean,0.9144588839262724,12.099457904696465,13.038416858762503
2026-08-10T16:37:04.463711+00:00,measurement_drift_01,meter_03,320,none,none,none,none,none,none,0.9994831009843923,0.48494650040737236,0,,0,0,drift_not_confirmed,,voltage_rolling_mean=230.608773;source_publish_interval=0.504259,,0.5517920944839716,9.492042008787394,10.062082903459668
2026-08-10T16:37:04.930661+00:00,measurement_drift_01,meter_01,321,none,none,none,none,none,none,0.9999993424142447,0.5426360759111819,0,,0,0,drift_not_confirmed,,voltage_rolling_mean=231.597654;source_publish_interval=0.504261,,2.0237499848008156,21.323499968275428,23.385166889056563
2026-08-10T16:37:04.954386+00:00,measurement_drift_01,meter_02,321,none,measurement_shift,none,none,none,normal_drift,0.9989688478172858,0.5330352569736481,0,,1,0,collecting_candidates;drift_not_confirmed,voltage_rolling_mean,voltage_rolling_mean=234.162759;source_publish_interval=0.504260,voltage_rolling_mean,0.7769169751554728,11.959000024944544,12.761458056047559
2026-08-10T16:37:04.967274+00:00,measurement_drift_01,meter_03,321,none,none,none,none,none,none,0.9998806324614875,0.4622033869023658,0,,0,0,drift_not_confirmed,,voltage_rolling_mean=230.608773;source_publish_interval=0.504259,,0.6154580041766167,9.747875155881047,10.382791981101036
2026-08-10T16:37:05.435309+00:00,measurement_drift_01,meter_01,322,none,none,none,none,none,none,0.9999994232551173,0.44513728743352265,0,,0,0,drift_not_confirmed,,voltage_rolling_mean=231.597654;source_publish_interval=0.504261,,2.63404194265604,21.1131670512259,23.786542005836964
2026-08-10T16:37:05.459490+00:00,measurement_drift_01,meter_02,322,none,measurement_shift,none,none,none,normal_drift,0.9999247683939115,0.5343360444167348,0,,1,0,collecting_candidates;drift_not_confirmed,voltage_rolling_mean,voltage_rolling_mean=234.162759;source_publish_interval=0.504260,voltage_rolling_mean,0.7686670869588852,11.934958165511489,12.728624977171421
2026-08-10T16:37:05.472338+00:00,measurement_drift_01,meter_03,322,none,none,none,none,none,none,0.9996460679598811,0.4462270057021326,0,,0,0,drift_not_confirmed,,voltage_rolling_mean=230.608773;source_publish_interval=0.504259,,0.5898331291973591,9.512207936495543,10.120291030034423
2026-08-10T16:37:05.940285+00:00,measurement_drift_01,meter_01,323,none,none,none,none,none,none,0.9999991883177819,0.4411656997259823,0,,0,0,drift_not_confirmed,,voltage_rolling_mean=231.597654;source_publish_interval=0.504261,,2.0438749343156815,21.136708091944456,23.224833887070417
2026-08-10T16:37:05.963872+00:00,measurement_drift_01,meter_02,323,none,measurement_shift,none,none,none,normal_drift,0.9998616675742099,0.5449620663349911,0,,1,0,collecting_candidates;drift_not_confirmed,voltage_rolling_mean,voltage_rolling_mean=234.162759;source_publish_interval=0.504260,voltage_rolling_mean,0.7942088413983583,12.153000105172396,12.972458964213729
2026-08-10T16:37:05.976965+00:00,measurement_drift_01,meter_03,323,none,none,none,none,none,none,0.999955539024971,0.5081354884634125,0,,0,0,drift_not_confirmed,,voltage_rolling_mean=230.608773;source_publish_interval=0.504259,,0.6055000703781843,9.647750062867999,10.271416045725346
2026-08-10T16:37:06.443502+00:00,measurement_drift_01,meter_01,324,none,none,none,none,none,none,0.9999991045511423,0.4614492377749703,0,,0,0,drift_not_confirmed,,voltage_rolling_mean=231.597654;source_publish_interval=0.504261,,2.489333041012287,19.44137504324317,21.96354209445417
2026-08-10T16:37:06.465833+00:00,measurement_drift_01,meter_02,324,none,measurement_shift,none,none,none,normal_drift,0.9984836910947991,0.5322435174176423,0,,1,0,collecting_candidates;drift_not_confirmed,voltage_rolling_mean,voltage_rolling_mean=234.162759;source_publish_interval=0.504260,voltage_rolling_mean,0.7495000027120113,11.746415868401527,12.519957963377237
2026-08-10T16:37:06.478469+00:00,measurement_drift_01,meter_03,324,none,none,none,none,none,none,0.9996899057922046,0.4484794753396171,0,,0,0,drift_not_confirmed,,voltage_rolling_mean=230.608773;source_publish_interval=0.504259,,0.5404169205576181,9.514832869172096,10.072166798636317
2026-08-10T16:37:06.943506+00:00,measurement_drift_01,meter_01,325,none,none,none,none,none,none,0.9999992135892264,0.4718058512233874,0,,0,0,drift_not_confirmed,,voltage_rolling_mean=231.597654;source_publish_interval=0.504261,,2.7475841343402863,15.407250029966235,18.185332883149385
2026-08-10T16:37:06.962089+00:00,measurement_drift_01,meter_02,325,none,measurement_shift,none,none,none,normal_drift,0.9999588977749401,0.54234528402304,0,,1,0,collecting_candidates;drift_not_confirmed,voltage_rolling_mean,voltage_rolling_mean=234.162759;source_publish_interval=0.504260,voltage_rolling_mean,0.7074999157339334,10.621165856719017,11.350458022207022
2026-08-10T16:37:06.973544+00:00,measurement_drift_01,meter_03,325,none,none,none,none,none,none,0.9996130714121261,0.4528486984452589,0,,0,0,drift_not_confirmed,,voltage_rolling_mean=230.608773;source_publish_interval=0.504259,,0.5372501909732819,9.029250126332045,9.58516588434577
2026-08-10T16:37:07.446024+00:00,measurement_drift_01,meter_01,326,none,none,none,none,none,none,0.9999989179987826,0.47803135772345356,0,,0,0,drift_not_confirmed,,voltage_rolling_mean=231.597654;source_publish_interval=0.504261,,2.0996250677853823,18.857458839192986,21.000917069613934
2026-08-10T16:37:07.467341+00:00,measurement_drift_01,meter_02,326,none,measurement_shift,none,none,none,normal_drift,0.9999180674020305,0.5341262195554868,0,,1,0,collecting_candidates;drift_not_confirmed,voltage_rolling_mean,voltage_rolling_mean=234.162759;source_publish_interval=0.504260,voltage_rolling_mean,0.5949169863015413,13.237749924883246,13.864832930266857
2026-08-10T16:37:07.481365+00:00,measurement_drift_01,meter_03,326,none,none,none,none,none,none,0.9964432637306078,0.45343302896609045,0,,0,0,drift_not_confirmed,,voltage_rolling_mean=230.608773;source_publish_interval=0.504259,,0.6525830831378698,10.135416872799397,10.81066601909697
2026-08-10T16:37:07.952327+00:00,measurement_drift_01,meter_01,327,none,none,none,none,none,none,0.9999985306182076,0.4567386555707776,0,,0,0,drift_not_confirmed,,voltage_rolling_mean=231.597654;source_publish_interval=0.504261,,1.9666659645736217,21.885665832087398,23.910624906420708
2026-08-10T16:37:07.976602+00:00,measurement_drift_01,meter_02,327,none,measurement_shift,none,none,none,normal_drift,0.9993153845954739,0.5307361292927987,0,,1,0,collecting_candidates;drift_not_confirmed,voltage_rolling_mean,voltage_rolling_mean=234.162759;source_publish_interval=0.504260,voltage_rolling_mean,0.9216668549925089,11.964458972215652,12.916540959849954
2026-08-10T16:37:07.989739+00:00,measurement_drift_01,meter_03,327,none,none,none,none,none,none,0.9721428973552454,0.4674689607123296,0,,0,0,drift_not_confirmed,,voltage_rolling_mean=230.608773;source_publish_interval=0.504259,,0.5838749930262566,9.393083164468408,9.997249813750386
2026-08-10T16:37:08.456745+00:00,measurement_drift_01,meter_01,328,none,none,none,none,none,none,0.9999949386729442,0.4552237742622939,0,,0,0,drift_not_confirmed,,voltage_rolling_mean=231.597654;source_publish_interval=0.504261,,2.895750105381012,20.066000055521727,23.011625045910478
2026-08-10T16:37:08.480209+00:00,measurement_drift_01,meter_02,328,none,measurement_shift,none,none,none,normal_drift,0.9998356309476109,0.5577841752986744,0,,1,0,collecting_candidates;drift_not_confirmed,voltage_rolling_mean,voltage_rolling_mean=234.162759;source_publish_interval=0.504260,voltage_rolling_mean,0.7660419214516878,12.04008306376636,12.830666964873672
2026-08-10T16:37:08.493174+00:00,measurement_drift_01,meter_03,328,none,none,none,none,none,none,0.9994456551402021,0.47711435088295034,0,,0,0,drift_not_confirmed,,voltage_rolling_mean=230.608773;source_publish_interval=0.504259,,0.5609581712633371,9.629667038097978,10.21012500859797
2026-08-10T16:37:08.962133+00:00,measurement_drift_01,meter_01,329,none,none,none,none,none,none,0.9999720312098952,0.5769551053186089,0,,0,0,drift_not_confirmed,,voltage_rolling_mean=231.597654;source_publish_interval=0.504261,,2.1762498654425144,22.795917000621557,25.019749999046326
2026-08-10T16:37:08.987600+00:00,measurement_drift_01,meter_02,329,none,measurement_shift,none,none,none,normal_drift,0.9999157044418165,0.5460895326072415,0,,1,0,collecting_candidates;drift_not_confirmed,voltage_rolling_mean,voltage_rolling_mean=234.162759;source_publish_interval=0.504260,voltage_rolling_mean,0.841416185721755,11.859958991408348,12.725499924272299
2026-08-10T16:37:09.000462+00:00,measurement_drift_01,meter_03,329,none,none,none,none,none,none,0.9943228724657265,0.4624929147260572,0,,0,0,drift_not_confirmed,,voltage_rolling_mean=230.608773;source_publish_interval=0.504259,,0.5566668696701527,9.387499885633588,9.964083088561893
2026-08-10T16:37:09.464202+00:00,measurement_drift_01,meter_01,330,none,none,none,none,none,none,0.9999873755372318,0.46862579126867976,0,,0,0,drift_not_confirmed,,voltage_rolling_mean=231.597654;source_publish_interval=0.504261,,1.9812500104308128,22.120708134025335,24.157000007107854
2026-08-10T16:37:09.488741+00:00,measurement_drift_01,meter_02,330,none,measurement_shift,none,none,none,normal_drift,0.9999716344160406,0.5694866405133052,0,,1,0,collecting_candidates;drift_not_confirmed,voltage_rolling_mean,voltage_rolling_mean=234.162759;source_publish_interval=0.504260,voltage_rolling_mean,0.9399580303579569,12.183708837255836,13.152166968211532
2026-08-10T16:37:09.502074+00:00,measurement_drift_01,meter_03,330,none,none,none,none,none,none,0.996671945840419,0.47192075233517217,0,,0,0,drift_not_confirmed,,voltage_rolling_mean=230.608773;source_publish_interval=0.504259,,0.5650829989463091,9.76487505249679,10.35074982792139
2026-08-10T16:37:09.967572+00:00,measurement_drift_01,meter_01,331,none,none,none,none,none,none,0.9999977978866256,0.4456592790994067,0,,0,0,drift_not_confirmed,,voltage_rolling_mean=231.597654;source_publish_interval=0.504261,,2.147125080227852,22.33262499794364,24.520125007256866
2026-08-10T16:37:09.992453+00:00,measurement_drift_01,meter_02,331,none,measurement_shift,none,none,none,normal_drift,0.9999327183865393,0.5350415435869628,0,,1,0,collecting_candidates;drift_not_confirmed,voltage_rolling_mean,voltage_rolling_mean=234.162759;source_publish_interval=0.504260,voltage_rolling_mean,0.8622088935226202,12.072165962308645,12.960332911461592
2026-08-10T16:37:10.005547+00:00,measurement_drift_01,meter_03,331,none,none,none,none,none,none,0.9914306561950056,0.4473912508558618,0,,0,0,drift_not_confirmed,,voltage_rolling_mean=230.608773;source_publish_interval=0.504259,,0.6352921482175589,9.658958064392209,10.313292033970356
2026-08-10T16:37:10.472807+00:00,measurement_drift_01,meter_01,332,none,none,none,none,none,none,0.9999940099702052,0.4690470964105491,0,,0,0,drift_not_confirmed,,voltage_rolling_mean=231.597654;source_publish_interval=0.504261,,1.999499974772334,21.765083074569702,23.806832963600755
2026-08-10T16:37:10.496954+00:00,measurement_drift_01,meter_02,332,none,measurement_shift,none,none,none,normal_drift,0.9998873102657275,0.5314722232436349,0,,1,0,collecting_candidates;drift_not_confirmed,voltage_rolling_mean,voltage_rolling_mean=234.162759;source_publish_interval=0.504260,voltage_rolling_mean,0.8428751025348902,11.918291915208101,12.785500148311257
2026-08-10T16:37:10.509865+00:00,measurement_drift_01,meter_03,332,none,none,none,none,none,none,0.9972404242874361,0.44454249786778893,0,,0,0,drift_not_confirmed,,voltage_rolling_mean=230.608773;source_publish_interval=0.504259,,0.5739158950746059,9.612082969397306,10.204791091382504
2026-08-10T16:37:10.975155+00:00,measurement_drift_01,meter_01,333,none,none,none,none,none,none,0.9999952128167342,0.45022138308626286,0,,0,0,drift_not_confirmed,,voltage_rolling_mean=231.597654;source_publish_interval=0.504261,,1.995583064854145,22.11399981752038,24.14916711859405
2026-08-10T16:37:10.999592+00:00,measurement_drift_01,meter_02,333,none,measurement_shift,none,none,none,normal_drift,0.9998841168692046,0.5309657078492973,0,,1,0,collecting_candidates;drift_not_confirmed,voltage_rolling_mean,voltage_rolling_mean=234.162759;source_publish_interval=0.504260,voltage_rolling_mean,0.8515829686075449,12.164958054199815,13.04324995726347
2026-08-10T16:37:11.012781+00:00,measurement_drift_01,meter_03,333,none,none,none,none,none,none,0.999260834827135,0.4778974991140888,0,,0,0,drift_not_confirmed,,voltage_rolling_mean=230.608773;source_publish_interval=0.504259,,0.6234170868992805,9.802290936931968,10.445374995470047
2026-08-10T16:37:11.480276+00:00,measurement_drift_01,meter_01,334,none,none,none,none,none,none,0.9999789234118812,0.4352584988490169,0,,0,0,drift_not_confirmed,,voltage_rolling_mean=231.597654;source_publish_interval=0.504261,,3.0317080672830343,17.282958142459393,20.3555419575423
2026-08-10T16:37:11.501037+00:00,measurement_drift_01,meter_02,334,none,measurement_shift,none,none,none,normal_drift,0.9997505199286538,0.5330223374009064,0,,1,0,collecting_candidates;drift_not_confirmed,voltage_rolling_mean,voltage_rolling_mean=234.162759;source_publish_interval=0.504260,voltage_rolling_mean,0.7819999009370804,11.3022499717772,12.108583003282547
2026-08-10T16:37:11.513276+00:00,measurement_drift_01,meter_03,334,none,none,none,none,none,none,0.9998099576516395,0.5672556833864348,0,,0,0,drift_not_confirmed,,voltage_rolling_mean=230.608773;source_publish_interval=0.504259,,0.5605828482657671,9.3039998319,9.884458966553211
2026-08-10T16:37:11.984559+00:00,measurement_drift_01,meter_01,335,none,none,none,none,none,none,0.9999965235320623,0.45124911073316354,0,,0,0,drift_not_confirmed,,voltage_rolling_mean=231.597654;source_publish_interval=0.504261,,2.5863749906420708,22.548000095412135,25.172207970172167
2026-08-10T16:37:12.010131+00:00,measurement_drift_01,meter_02,335,none,measurement_shift,none,none,none,normal_drift,0.9984363078405234,0.5519206454806921,0,,1,0,collecting_candidates;drift_not_confirmed,voltage_rolling_mean,voltage_rolling_mean=234.162759;source_publish_interval=0.504260,voltage_rolling_mean,0.859124818816781,12.246084166690707,13.134790817275643
2026-08-10T16:37:12.023422+00:00,measurement_drift_01,meter_03,335,none,none,none,none,none,none,0.9922340748326656,0.4397280713986765,0,,0,0,drift_not_confirmed,,voltage_rolling_mean=230.608773;source_publish_interval=0.504259,,0.6087501533329487,9.507792070508003,10.136165888980031
2026-08-10T16:37:12.486701+00:00,measurement_drift_01,meter_01,336,none,none,none,none,none,none,0.9999961258788672,0.4429128452648539,0,,0,0,drift_not_confirmed,,voltage_rolling_mean=231.597654;source_publish_interval=0.504261,,3.0975418630987406,20.621208008378744,23.767665959894657
2026-08-10T16:37:12.510928+00:00,measurement_drift_01,meter_02,336,none,measurement_shift,none,none,none,normal_drift,0.9998156815489538,0.5582049856421295,0,,1,1,drift_not_confirmed;reference_updated,voltage_rolling_mean,voltage_rolling_mean=235.162759;source_publish_interval=0.504260,voltage_rolling_mean,0.8092909120023251,11.97895803488791,12.81387498602271
2026-08-10T16:37:12.523863+00:00,measurement_drift_01,meter_03,336,none,none,none,none,none,none,0.9990291381683528,0.4696970030613308,0,,0,0,drift_not_confirmed,,voltage_rolling_mean=230.608773;source_publish_interval=0.504259,,0.5587500054389238,9.526749840006232,10.104667162522674
2026-08-10T16:37:12.991862+00:00,measurement_drift_01,meter_01,337,none,none,none,none,none,none,0.9999965652850494,0.4673621200423948,0,,0,0,drift_not_confirmed,,voltage_rolling_mean=231.597654;source_publish_interval=0.504261,,2.4967920035123825,18.96579097956419,21.49541606195271
2026-08-10T16:37:13.013686+00:00,measurement_drift_01,meter_02,337,none,measurement_shift,none,none,none,normal_drift,0.9989988744815356,0.5518711241331498,0,,1,0,collecting_candidates;drift_not_confirmed,voltage_rolling_mean,voltage_rolling_mean=235.162759;source_publish_interval=0.504260,voltage_rolling_mean,0.7677499670535326,11.666208039969206,12.456082971766591
2026-08-10T16:37:13.026271+00:00,measurement_drift_01,meter_03,337,none,none,none,none,none,none,0.9917826670847794,0.4448827364330422,0,,0,0,drift_not_confirmed,,voltage_rolling_mean=230.608773;source_publish_interval=0.504259,,0.5492919590324163,9.437749860808253,10.006041964516044
2026-08-10T16:37:13.495908+00:00,measurement_drift_01,meter_01,338,none,none,none,none,none,none,0.9998976089829097,0.46156207764037177,0,,0,0,drift_not_confirmed,,voltage_rolling_mean=231.597654;source_publish_interval=0.504261,,2.900957828387618,16.704584006220102,19.65208281762898
2026-08-10T16:37:13.516004+00:00,measurement_drift_01,meter_02,338,none,measurement_shift,none,none,none,normal_drift,0.998889764631869,0.5346276714593232,0,,1,0,collecting_candidates;drift_not_confirmed,voltage_rolling_mean,voltage_rolling_mean=235.162759;source_publish_interval=0.504260,voltage_rolling_mean,0.814375001937151,10.779707925394177,11.617082869634032
2026-08-10T16:37:13.527738+00:00,measurement_drift_01,meter_03,338,none,none,none,none,none,none,0.9665453697211455,0.44687049117549504,0,,0,0,drift_not_confirmed,,voltage_rolling_mean=230.608773;source_publish_interval=0.504259,,0.5414588376879692,9.025416802614927,9.584916988387704
2026-08-10T16:37:14.000959+00:00,measurement_drift_01,meter_01,339,none,none,none,none,none,none,0.9999936858399378,0.45072723552040644,0,,0,0,drift_not_confirmed,,voltage_rolling_mean=231.597654;source_publish_interval=0.504261,,2.4999589659273624,22.559457924216986,25.096457917243242
2026-08-10T16:37:14.026467+00:00,measurement_drift_01,meter_02,339,none,measurement_shift,none,none,none,normal_drift,0.99588062182644,0.5563156194046899,0,,1,0,collecting_candidates;drift_not_confirmed,voltage_rolling_mean,voltage_rolling_mean=235.162759;source_publish_interval=0.504260,voltage_rolling_mean,0.9002501610666513,12.241083197295666,13.170333812013268
2026-08-10T16:37:14.039770+00:00,measurement_drift_01,meter_03,339,none,none,none,none,none,none,0.963566096678483,0.44389247855372066,0,,0,0,drift_not_confirmed,,voltage_rolling_mean=230.608773;source_publish_interval=0.504259,,0.5650001112371683,9.641916025429964,10.224625002592802
2026-08-10T16:37:14.505974+00:00,measurement_drift_01,meter_01,340,none,none,none,none,none,none,0.9999803842311052,0.43689022110205467,0,,0,0,drift_not_confirmed,,voltage_rolling_mean=231.597654;source_publish_interval=0.504261,,2.8323328588157892,20.368707831948996,23.243541829288006
2026-08-10T16:37:14.529717+00:00,measurement_drift_01,meter_02,340,none,measurement_shift,none,none,none,normal_drift,0.9957692281892142,0.5316084634732682,0,,1,0,collecting_candidates;drift_not_confirmed,voltage_rolling_mean,voltage_rolling_mean=235.162759;source_publish_interval=0.504260,voltage_rolling_mean,0.8337500039488077,12.076250044628978,12.934666825458407
2026-08-10T16:37:14.542771+00:00,measurement_drift_01,meter_03,340,none,none,none,none,none,none,0.9975362914558628,0.4817612622376461,0,,0,0,drift_not_confirmed,,voltage_rolling_mean=230.608773;source_publish_interval=0.504259,,0.5527501925826073,9.986249962821603,10.560333030298352
2026-08-10T16:37:15.008392+00:00,measurement_drift_01,meter_01,341,none,none,none,none,none,none,0.9999954517679501,0.4369821059612922,0,,0,0,drift_not_confirmed,,voltage_rolling_mean=231.597654;source_publish_interval=0.504261,,1.9632920157164335,21.185000194236636,23.186707869172096
2026-08-10T16:37:15.031868+00:00,measurement_drift_01,meter_02,341,none,measurement_shift,none,none,none,normal_drift,0.9982713943948603,0.5501957279619619,0,,1,0,collecting_candidates;drift_not_confirmed,voltage_rolling_mean,voltage_rolling_mean=235.162759;source_publish_interval=0.504260,voltage_rolling_mean,0.7766671478748322,12.113708071410656,12.915832921862602
2026-08-10T16:37:15.044917+00:00,measurement_drift_01,meter_03,341,none,none,none,none,none,none,0.996740938152529,0.46277344276837046,0,,0,0,drift_not_confirmed,,voltage_rolling_mean=230.608773;source_publish_interval=0.504259,,0.601958017796278,9.71633312292397,10.337250074371696
2026-08-10T16:37:15.513358+00:00,measurement_drift_01,meter_01,342,none,none,none,none,none,none,0.9999966660277443,0.4706463582149322,0,,0,0,drift_not_confirmed,,voltage_rolling_mean=231.597654;source_publish_interval=0.504261,,2.2873328998684883,18.51012511178851,20.831333938986063
2026-08-10T16:37:15.534573+00:00,measurement_drift_01,meter_02,342,none,measurement_shift,none,none,none,normal_drift,0.9982578363112236,0.5338930365053088,0,,1,0,collecting_candidates;drift_not_confirmed,voltage_rolling_mean,voltage_rolling_mean=235.162759;source_publish_interval=0.504260,voltage_rolling_mean,0.8027921430766582,11.685834033414721,12.510791886597872
2026-08-10T16:37:15.547197+00:00,measurement_drift_01,meter_03,342,none,none,none,none,none,none,0.9496958422057407,0.4678133607275779,0,,0,0,drift_not_confirmed,,voltage_rolling_mean=230.608773;source_publish_interval=0.504259,,0.5502090789377689,9.37562482431531,9.944125078618526
2026-08-10T16:37:16.018373+00:00,measurement_drift_01,meter_01,343,none,none,none,none,none,none,0.999997864932247,0.5159876530952622,0,,0,0,drift_not_confirmed,,voltage_rolling_mean=231.597654;source_publish_interval=0.504261,,2.029750030487776,22.116584004834294,24.18225002475083
2026-08-10T16:37:16.042865+00:00,measurement_drift_01,meter_02,343,none,measurement_shift,none,none,none,normal_drift,0.9942182572828056,0.5458850836676844,0,,1,0,collecting_candidates;drift_not_confirmed,voltage_rolling_mean,voltage_rolling_mean=235.162759;source_publish_interval=0.504260,voltage_rolling_mean,0.909874914214015,11.96595816873014,12.903166003525257
2026-08-10T16:37:16.055879+00:00,measurement_drift_01,meter_03,343,none,none,none,unknown,unknown,unknown,0.9384484690080946,0.48658080995570485,0,,0,0,drift_not_confirmed,,voltage_rolling_mean=230.608773;source_publish_interval=0.504259,,0.5592501256614923,9.476750157773495,10.053625097498298
2026-08-10T16:37:16.518373+00:00,measurement_drift_01,meter_01,344,none,none,none,none,none,none,0.9999961112687988,0.43459289315101357,0,,0,0,drift_not_confirmed,,voltage_rolling_mean=231.597654;source_publish_interval=0.504261,,2.01458390802145,21.942750085145235,23.99941603653133
2026-08-10T16:37:16.542738+00:00,measurement_drift_01,meter_02,344,none,measurement_shift,none,none,none,normal_drift,0.9972371712378567,0.5429279894269246,0,,1,0,collecting_candidates;drift_not_confirmed,voltage_rolling_mean,voltage_rolling_mean=235.162759;source_publish_interval=0.504260,voltage_rolling_mean,0.953917158767581,12.006500037387013,12.986958958208561
2026-08-10T16:37:16.555870+00:00,measurement_drift_01,meter_03,344,none,none,none,none,none,none,0.9926979479880936,0.5614634921457616,0,,0,0,drift_not_confirmed,,voltage_rolling_mean=230.608773;source_publish_interval=0.504259,,0.5485841538757086,9.437124943360686,10.005125077441335
2026-08-10T16:37:17.021047+00:00,measurement_drift_01,meter_01,345,none,none,none,none,none,none,0.9999975223786455,0.4391088600975511,0,,0,0,drift_not_confirmed,,voltage_rolling_mean=231.597654;source_publish_interval=0.504261,,2.5134580209851265,21.48520783521235,24.04049993492663
2026-08-10T16:37:17.045500+00:00,measurement_drift_01,meter_02,345,none,measurement_shift,none,none,none,normal_drift,0.995508558899431,0.5513046419844619,0,,1,0,collecting_candidates;drift_not_confirmed,voltage_rolling_mean,voltage_rolling_mean=235.162759;source_publish_interval=0.504260,voltage_rolling_mean,0.89404103346169,11.980208102613688,12.89754081517458
2026-08-10T16:37:17.058514+00:00,measurement_drift_01,meter_03,345,none,none,none,none,none,none,0.9990530192651313,0.4882872847882312,0,,0,0,drift_not_confirmed,,voltage_rolling_mean=230.608773;source_publish_interval=0.504259,,0.5308331456035376,9.670750005170703,10.221707867458463
2026-08-10T16:37:17.526187+00:00,measurement_drift_01,meter_01,346,none,none,none,none,none,none,0.9999923893507415,0.4767024012702097,0,,0,0,drift_not_confirmed,,voltage_rolling_mean=231.597654;source_publish_interval=0.504261,,3.0134578701108694,17.661125166341662,20.708750002086163
2026-08-10T16:37:17.547318+00:00,measurement_drift_01,meter_02,346,none,measurement_shift,none,none,none,normal_drift,0.9916909230907711,0.5458125665847805,0,,1,0,collecting_candidates;drift_not_confirmed,voltage_rolling_mean,voltage_rolling_mean=235.162759;source_publish_interval=0.504260,voltage_rolling_mean,0.7934169843792915,11.08095794916153,11.896750191226602
2026-08-10T16:37:17.559338+00:00,measurement_drift_01,meter_03,346,none,none,none,none,none,none,0.9986589942677784,0.5175660453937908,0,,0,0,drift_not_confirmed,,voltage_rolling_mean=230.608773;source_publish_interval=0.504259,,0.5321251228451729,9.253749856725335,9.803832974284887
2026-08-10T16:37:18.031254+00:00,measurement_drift_01,meter_01,347,none,none,none,none,none,none,0.9999867778500807,0.4436734917474345,0,,0,0,drift_not_confirmed,,voltage_rolling_mean=231.597654;source_publish_interval=0.504261,,2.0774591248482466,21.305999951437116,23.418541997671127
2026-08-10T16:37:18.055071+00:00,measurement_drift_01,meter_02,347,none,measurement_shift,none,none,none,normal_drift,0.9883339617171464,0.5499523347842614,0,,1,0,collecting_candidates;drift_not_confirmed,voltage_rolling_mean,voltage_rolling_mean=235.162759;source_publish_interval=0.504260,voltage_rolling_mean,0.7947089616209269,11.66524994187057,12.484041042625904
2026-08-10T16:37:18.067675+00:00,measurement_drift_01,meter_03,347,none,none,none,none,none,none,0.9825779207911047,0.4480137902906788,0,,0,0,drift_not_confirmed,,voltage_rolling_mean=230.608773;source_publish_interval=0.504259,,0.5794169846922159,9.648167062550783,10.246000019833446
2026-08-10T16:37:18.536013+00:00,measurement_drift_01,meter_01,348,none,none,none,none,none,none,0.9999726870754865,0.43688285690011086,0,,0,0,drift_not_confirmed,,voltage_rolling_mean=231.597654;source_publish_interval=0.504261,,2.2186250425875187,22.748125018551946,25.00695805065334
2026-08-10T16:37:18.561422+00:00,measurement_drift_01,meter_02,348,none,measurement_shift,none,unknown,unknown,unknown,0.9143588978207721,0.5441616296624179,0,,0,0,drift_not_confirmed;sample_not_trusted,,voltage_rolling_mean=235.162759;source_publish_interval=0.504260,voltage_rolling_mean,0.885708024725318,11.83112501166761,12.741749873384833
2026-08-10T16:37:18.574294+00:00,measurement_drift_01,meter_03,348,none,none,none,none,none,none,0.996441603819198,0.4523426837530998,0,,0,0,drift_not_confirmed,,voltage_rolling_mean=230.608773;source_publish_interval=0.504259,,0.593916978687048,9.713167091831565,10.326291900128126
2026-08-10T16:37:19.041155+00:00,measurement_drift_01,meter_01,349,none,none,none,none,none,none,0.9999029575789876,0.46667008310380054,0,,0,0,drift_not_confirmed,,voltage_rolling_mean=231.597654;source_publish_interval=0.504261,,1.915625063702464,17.101166071370244,19.05587501823902
2026-08-10T16:37:19.060476+00:00,measurement_drift_01,meter_02,349,none,measurement_shift,none,none,none,normal_drift,0.9822960524362764,0.5520572503600945,0,,1,0,collecting_candidates;drift_not_confirmed,voltage_rolling_mean,voltage_rolling_mean=235.162759;source_publish_interval=0.504260,voltage_rolling_mean,0.7843750063329935,11.000667000189424,11.806791881099343
2026-08-10T16:37:19.072380+00:00,measurement_drift_01,meter_03,349,none,none,none,none,none,none,0.9929007791432233,0.49645619768997173,0,,0,0,drift_not_confirmed,,voltage_rolling_mean=230.608773;source_publish_interval=0.504259,,0.5261250771582127,9.254457894712687,9.79970907792449
2026-08-10T16:37:19.546367+00:00,measurement_drift_01,meter_01,350,none,none,none,none,none,none,0.9999860076576325,0.5011541479792848,0,,0,0,drift_not_confirmed,,voltage_rolling_mean=231.597654;source_publish_interval=0.504261,,2.500958042219281,17.89729204028845,20.43616585433483
2026-08-10T16:37:19.567234+00:00,measurement_drift_01,meter_02,350,none,measurement_shift,none,none,none,normal_drift,0.9845995670250668,0.5450049283505165,0,,1,0,collecting_candidates;drift_not_confirmed,voltage_rolling_mean,voltage_rolling_mean=235.162759;source_publish_interval=0.504260,voltage_rolling_mean,0.765874981880188,11.17083290591836,11.957791866734624
2026-08-10T16:37:19.579302+00:00,measurement_drift_01,meter_03,350,none,none,none,none,none,none,0.9801477121069447,0.44756917598684537,0,,0,0,drift_not_confirmed,,voltage_rolling_mean=230.608773;source_publish_interval=0.504259,,0.5257080774754286,9.28637501783669,9.830750059336424
2026-08-10T16:37:20.051518+00:00,measurement_drift_01,meter_01,351,none,none,none,none,none,none,0.9998662248449428,0.4643392243160948,0,,0,0,drift_not_confirmed,,voltage_rolling_mean=231.597654;source_publish_interval=0.504261,,2.6775829028338194,19.684250000864267,22.401415975764394
2026-08-10T16:37:20.074336+00:00,measurement_drift_01,meter_02,351,none,measurement_shift,none,none,none,normal_drift,0.9849484805621187,0.5508888758706679,0,,1,0,collecting_candidates;drift_not_confirmed,voltage_rolling_mean,voltage_rolling_mean=235.162759;source_publish_interval=0.504260,voltage_rolling_mean,0.7459160406142473,11.749541154131293,12.521083001047373
2026-08-10T16:37:20.086971+00:00,measurement_drift_01,meter_03,351,none,none,none,none,none,none,0.9958055277138862,0.442739299083196,0,,0,0,drift_not_confirmed,,voltage_rolling_mean=230.608773;source_publish_interval=0.504259,,0.5322920624166727,9.59870801307261,10.148708941414952
2026-08-10T16:37:20.556614+00:00,measurement_drift_01,meter_01,352,none,none,none,none,none,none,0.999983711223445,0.5622129867954655,0,,0,0,drift_not_confirmed,,voltage_rolling_mean=231.597654;source_publish_interval=0.504261,,2.567624906077981,19.337458070367575,21.939375204965472
2026-08-10T16:37:20.578947+00:00,measurement_drift_01,meter_02,352,none,measurement_shift,none,none,none,none,0.9423028952179349,0.5427288744224402,0,,0,0,drift_not_confirmed;sample_not_trusted,,voltage_rolling_mean=235.162759;source_publish_interval=0.504260,voltage_rolling_mean,0.7388750091195107,11.521250009536743,12.283457908779383
2026-08-10T16:37:20.591333+00:00,measurement_drift_01,meter_03,352,none,none,none,none,none,none,0.966257969166328,0.45865662947052244,0,,0,0,drift_not_confirmed,,voltage_rolling_mean=230.608773;source_publish_interval=0.504259,,0.5381251685321331,9.438457898795605,9.993707993999124
2026-08-10T16:37:21.061307+00:00,measurement_drift_01,meter_01,353,none,none,none,none,none,none,0.9998637135108704,0.5912898031524326,0,,0,0,drift_not_confirmed,,voltage_rolling_mean=231.597654;source_publish_interval=0.504261,,2.5399159640073776,18.539042212069035,21.11670793965459
2026-08-10T16:37:21.082778+00:00,measurement_drift_01,meter_02,353,none,measurement_shift,none,none,none,none,0.9683764350828916,0.5963271649074616,0,,0,0,drift_not_confirmed;sample_not_trusted,,voltage_rolling_mean=235.162759;source_publish_interval=0.504260,voltage_rolling_mean,0.7146249990910292,11.294416850432754,12.030375190079212
2026-08-10T16:37:21.094890+00:00,measurement_drift_01,meter_03,353,none,none,none,none,none,none,0.9891424872710664,0.4413907733316665,0,,0,0,drift_not_confirmed,,voltage_rolling_mean=230.608773;source_publish_interval=0.504259,,0.5331251304596663,9.323207894340158,9.874957846477628
2026-08-10T16:37:21.566576+00:00,measurement_drift_01,meter_01,354,none,none,none,none,none,none,0.999855408242019,0.44983620211868103,0,,0,0,drift_not_confirmed,,voltage_rolling_mean=231.597654;source_publish_interval=0.504261,,2.18175002373755,18.834250047802925,21.044667111709714
2026-08-10T16:37:21.587968+00:00,measurement_drift_01,meter_02,354,none,measurement_shift,none,unknown,unknown,unknown,0.9324887300491773,0.5744137468522286,0,,0,0,drift_not_confirmed;sample_not_trusted,,voltage_rolling_mean=235.162759;source_publish_interval=0.504260,voltage_rolling_mean,0.7015410810709,11.430999962612987,12.152416864410043
2026-08-10T16:37:21.600214+00:00,measurement_drift_01,meter_03,354,none,none,none,none,none,none,0.9814386127403825,0.45955415063621724,0,,0,0,drift_not_confirmed,,voltage_rolling_mean=230.608773;source_publish_interval=0.504259,,0.5234158597886562,9.426499949768186,9.967583930119872
2026-08-10T16:37:22.071583+00:00,measurement_drift_01,meter_01,355,none,none,none,none,none,none,0.9995993839729032,0.45542391009123,0,,0,0,drift_not_confirmed,,voltage_rolling_mean=231.597654;source_publish_interval=0.504261,,2.366999862715602,20.43908298946917,22.850875044241548
2026-08-10T16:37:22.094864+00:00,measurement_drift_01,meter_02,355,none,measurement_shift,none,unknown,unknown,unknown,0.5386923060240767,0.6368486300208229,0,,0,0,drift_not_confirmed;sample_not_trusted,,voltage_rolling_mean=235.162759;source_publish_interval=0.504260,voltage_rolling_mean,0.776791013777256,12.024125084280968,12.82899989746511
2026-08-10T16:37:22.107830+00:00,measurement_drift_01,meter_03,355,none,none,none,none,none,none,0.9972974422000676,0.5324585239904348,0,,0,0,drift_not_confirmed,,voltage_rolling_mean=230.608773;source_publish_interval=0.504259,,0.5582498852163553,9.52499988488853,10.102041997015476
2026-08-10T16:37:22.572947+00:00,measurement_drift_01,meter_01,356,none,none,none,none,none,none,0.9997752210779361,0.44487125552611045,0,,0,0,drift_not_confirmed,,voltage_rolling_mean=231.597654;source_publish_interval=0.504261,,2.609959105029702,21.999958902597427,24.654833134263754
2026-08-10T16:37:22.598045+00:00,measurement_drift_01,meter_02,356,none,measurement_shift,none,unknown,unknown,unknown,0.9289848948097549,0.5535513440285478,0,,0,0,drift_not_confirmed;sample_not_trusted,,voltage_rolling_mean=235.162759;source_publish_interval=0.504260,voltage_rolling_mean,0.8549999911338091,11.967250145971775,12.846250087022781
2026-08-10T16:37:22.611011+00:00,measurement_drift_01,meter_03,356,none,none,none,none,none,none,0.989745137653502,0.47723492950325985,0,,0,0,drift_not_confirmed,,voltage_rolling_mean=230.608773;source_publish_interval=0.504259,,0.5910410545766354,9.64433397166431,10.254249908030033
2026-08-10T16:37:23.076347+00:00,measurement_drift_01,meter_01,357,none,none,none,none,none,none,0.999937722331502,0.4750536716188903,0,,0,0,drift_not_confirmed,,voltage_rolling_mean=231.597654;source_publish_interval=0.504261,,2.1685000974684954,19.328749971464276,21.54516684822738
2026-08-10T16:37:23.098317+00:00,measurement_drift_01,meter_02,357,none,measurement_shift,none,none,none,normal_drift,0.9831428403248359,0.5530643936274346,0,,1,0,collecting_candidates;drift_not_confirmed,voltage_rolling_mean,voltage_rolling_mean=235.162759;source_publish_interval=0.504260,voltage_rolling_mean,0.8465410210192204,11.747624957934022,12.618334032595158
2026-08-10T16:37:23.111067+00:00,measurement_drift_01,meter_03,357,none,none,none,none,none,none,0.9953665287527703,0.4403806300803302,0,,0,0,drift_not_confirmed,,voltage_rolling_mean=230.608773;source_publish_interval=0.504259,,0.5755829624831676,9.57370805554092,10.167125146836042
2026-08-10T16:37:23.581679+00:00,measurement_drift_01,meter_01,358,none,none,none,none,none,none,0.9996510678979492,0.44575931313893524,0,,0,0,drift_not_confirmed,,voltage_rolling_mean=231.597654;source_publish_interval=0.504261,,2.225582953542471,18.28983286395669,20.55395790375769
2026-08-10T16:37:23.602656+00:00,measurement_drift_01,meter_02,358,none,measurement_shift,none,none,none,normal_drift,0.985619463217883,0.5545984379097731,0,,1,0,collecting_candidates;drift_not_confirmed,voltage_rolling_mean,voltage_rolling_mean=235.162759;source_publish_interval=0.504260,voltage_rolling_mean,0.7919999770820141,11.375583009794354,12.191500049084425
2026-08-10T16:37:23.614978+00:00,measurement_drift_01,meter_03,358,none,none,none,none,none,none,0.9950458855174678,0.43333309623338934,0,,0,0,drift_not_confirmed,,voltage_rolling_mean=230.608773;source_publish_interval=0.504259,,0.5402080714702606,9.298833087086678,9.859125129878521
2026-08-10T16:37:24.086393+00:00,measurement_drift_01,meter_01,359,none,none,none,none,none,none,0.9995150368271142,0.44923218312453833,0,,0,0,drift_not_confirmed,,voltage_rolling_mean=231.597654;source_publish_interval=0.504261,,2.836707979440689,19.77404090575874,22.653833962976933
2026-08-10T16:37:24.109477+00:00,measurement_drift_01,meter_02,359,none,measurement_shift,none,none,none,none,0.9503714345269981,0.6031819080226727,0,,0,0,drift_not_confirmed;sample_not_trusted,,voltage_rolling_mean=235.162759;source_publish_interval=0.504260,voltage_rolling_mean,0.7867079693824053,11.84012508019805,12.649749871343374
2026-08-10T16:37:24.122243+00:00,measurement_drift_01,meter_03,359,none,none,none,none,none,none,0.9976860001517421,0.5272716584159517,0,,0,0,drift_not_confirmed,,voltage_rolling_mean=230.608773;source_publish_interval=0.504259,,0.55079092271626,9.497832972556353,10.065708076581359
2026-08-10T16:37:24.591698+00:00,measurement_drift_01,meter_01,360,none,none,none,none,none,none,0.9991427181894944,0.4355097458512083,0,,0,0,drift_not_confirmed,,voltage_rolling_mean=231.597654;source_publish_interval=0.504261,,2.404416911303997,18.545875092968345,20.988708827644587
2026-08-10T16:37:24.613084+00:00,measurement_drift_01,meter_02,360,none,measurement_shift,none,none,none,none,0.9469613643463499,0.5672069021865326,0,,0,0,drift_not_confirmed;sample_not_trusted,,voltage_rolling_mean=235.162759;source_publish_interval=0.504260,voltage_rolling_mean,0.7384158670902252,11.441625189036131,12.201332952827215
2026-08-10T16:37:24.625384+00:00,measurement_drift_01,meter_03,360,none,none,none,none,none,none,0.9987711398977674,0.49529628662459874,0,,0,0,drift_not_confirmed,,voltage_rolling_mean=230.608773;source_publish_interval=0.504259,,0.5338338669389486,9.395957924425602,9.949041996151209
2026-08-10T16:37:25.095991+00:00,measurement_drift_01,meter_01,361,none,none,none,none,none,none,0.9998798053209308,0.46789705585293084,0,,0,0,drift_not_confirmed,,voltage_rolling_mean=231.597654;source_publish_interval=0.504261,,2.5753341615200043,22.487249923869967,25.099792052060366
2026-08-10T16:37:25.121479+00:00,measurement_drift_01,meter_02,361,none,measurement_shift,none,unknown,unknown,unknown,0.7827934021947779,0.5785859609053772,0,,0,0,drift_not_confirmed;sample_not_trusted,,voltage_rolling_mean=235.162759;source_publish_interval=0.504260,voltage_rolling_mean,0.8704580832272768,12.201583944261074,13.094957917928696
2026-08-10T16:37:25.134699+00:00,measurement_drift_01,meter_03,361,none,none,none,none,none,none,0.9820173496684235,0.44237199476681766,0,,0,0,drift_not_confirmed,,voltage_rolling_mean=230.608773;source_publish_interval=0.504259,,0.5459159146994352,9.533125208690763,10.097417049109936
2026-08-10T16:37:25.601316+00:00,measurement_drift_01,meter_01,362,none,none,none,none,none,none,0.9904468223540592,0.5569409668521466,0,,0,0,drift_not_confirmed,,voltage_rolling_mean=231.597654;source_publish_interval=0.504261,,2.0254170522093773,21.91329188644886,23.975958116352558
2026-08-10T16:37:25.625592+00:00,measurement_drift_01,meter_02,362,none,measurement_shift,none,unknown,unknown,unknown,0.9140111456404019,0.5624128129352322,0,,0,0,drift_not_confirmed;sample_not_trusted,,voltage_rolling_mean=235.162759;source_publish_interval=0.504260,voltage_rolling_mean,0.8445419371128082,12.025957927107811,12.894249986857176
2026-08-10T16:37:25.638607+00:00,measurement_drift_01,meter_03,362,none,none,none,none,none,none,0.9847595007026744,0.43474432418360864,0,,0,0,drift_not_confirmed,,voltage_rolling_mean=230.608773;source_publish_interval=0.504259,,0.5617090500891209,9.870040928944945,10.451833019033074
2026-08-10T16:37:26.106157+00:00,measurement_drift_01,meter_01,363,none,none,none,none,none,none,0.9976096565951325,0.46912366457743887,0,,0,0,drift_not_confirmed,,voltage_rolling_mean=231.597654;source_publish_interval=0.504261,,2.4887919425964355,18.671375000849366,21.19591599330306
2026-08-10T16:37:26.127756+00:00,measurement_drift_01,meter_02,363,none,measurement_shift,none,none,none,none,0.9474340620790584,0.5716580338093168,0,,0,0,drift_not_confirmed;sample_not_trusted,,voltage_rolling_mean=235.162759;source_publish_interval=0.504260,voltage_rolling_mean,0.7767500355839729,11.49979094043374,12.298000045120716
2026-08-10T16:37:26.140165+00:00,measurement_drift_01,meter_03,363,none,none,none,none,none,none,0.9978866447372186,0.4388307951858036,0,,0,0,drift_not_confirmed,,voltage_rolling_mean=230.608773;source_publish_interval=0.504259,,0.554458936676383,9.536208119243383,10.109374998137355
2026-08-10T16:37:26.611480+00:00,measurement_drift_01,meter_01,364,none,none,none,none,none,none,0.9972583936523017,0.4629751466384634,0,,0,0,drift_not_confirmed,,voltage_rolling_mean=231.597654;source_publish_interval=0.504261,,2.668374916538596,19.129584077745676,21.84070902876556
2026-08-10T16:37:26.633698+00:00,measurement_drift_01,meter_02,364,none,measurement_shift,none,unknown,unknown,unknown,0.8665240200142701,0.5610557569999399,0,,0,0,drift_not_confirmed;sample_not_trusted,,voltage_rolling_mean=235.162759;source_publish_interval=0.504260,voltage_rolling_mean,0.6989578250795603,11.505208909511566,12.22899998538196
2026-08-10T16:37:26.646049+00:00,measurement_drift_01,meter_03,364,none,none,none,none,none,none,0.9861232274336544,0.4365978935300491,0,,0,0,drift_not_confirmed,,voltage_rolling_mean=230.608773;source_publish_interval=0.504259,,0.555667094886303,9.35845822095871,9.933500085026026
2026-08-10T16:37:27.116019+00:00,measurement_drift_01,meter_01,365,none,none,none,none,none,none,0.9996067296427739,0.48757529837975044,0,,0,0,drift_not_confirmed,,voltage_rolling_mean=231.597654;source_publish_interval=0.504261,,2.009666059166193,21.95512503385544,24.01341707445681
2026-08-10T16:37:27.140349+00:00,measurement_drift_01,meter_02,365,none,measurement_shift,none,none,none,none,0.9477577967331404,0.5528874127827493,0,,0,0,drift_not_confirmed;sample_not_trusted,,voltage_rolling_mean=235.162759;source_publish_interval=0.504260,voltage_rolling_mean,0.8594579994678497,11.91766606643796,12.799124931916595
2026-08-10T16:37:27.153246+00:00,measurement_drift_01,meter_03,365,none,none,none,none,none,none,0.9656831183222901,0.4530550664594061,0,,0,0,drift_not_confirmed,,voltage_rolling_mean=230.608773;source_publish_interval=0.504259,,0.5302911158651114,9.643125114962459,10.190416825935245
2026-08-10T16:37:27.621192+00:00,measurement_drift_01,meter_01,366,none,none,none,none,none,none,0.9973510439025635,0.45019242170463747,0,,0,0,drift_not_confirmed,,voltage_rolling_mean=231.597654;source_publish_interval=0.504261,,2.0370418205857277,21.795917069539428,23.8705410156399
2026-08-10T16:37:27.645381+00:00,measurement_drift_01,meter_02,366,none,measurement_shift,none,none,none,none,0.9532613019573511,0.5667030304165688,0,,0,0,drift_not_confirmed;sample_not_trusted,,voltage_rolling_mean=235.162759;source_publish_interval=0.504260,voltage_rolling_mean,0.8305420633405447,12.065208051353693,12.918916996568441
2026-08-10T16:37:27.658409+00:00,measurement_drift_01,meter_03,366,none,none,none,none,none,none,0.9962846995161463,0.4307898837370481,0,,0,0,drift_not_confirmed,,voltage_rolling_mean=230.608773;source_publish_interval=0.504259,,0.5822090897709131,9.552249917760491,10.154917137697339
2026-08-10T16:37:28.125445+00:00,measurement_drift_01,meter_01,367,none,none,none,none,none,none,0.9989437468571504,0.44360170685467515,0,,0,0,drift_not_confirmed,,voltage_rolling_mean=231.597654;source_publish_interval=0.504261,,2.023500157520175,21.84558310545981,23.907541995868087
2026-08-10T16:37:28.149720+00:00,measurement_drift_01,meter_02,367,none,measurement_shift,none,none,none,none,0.9548234689561398,0.5573008711236526,0,,0,0,drift_not_confirmed;sample_not_trusted,,voltage_rolling_mean=235.162759;source_publish_interval=0.504260,voltage_rolling_mean,0.8549580816179514,12.123999884352088,13.00387503579259
2026-08-10T16:37:28.162842+00:00,measurement_drift_01,meter_03,367,none,none,none,none,none,none,0.9935286830592315,0.4449738323053527,0,,0,0,drift_not_confirmed,,voltage_rolling_mean=230.608773;source_publish_interval=0.504259,,0.578500097617507,9.609375149011612,10.20712498575449
2026-08-10T16:37:28.626905+00:00,measurement_drift_01,meter_01,368,none,none,none,none,none,none,0.9991417530406246,0.4683879727004254,0,,0,0,drift_not_confirmed,,voltage_rolling_mean=231.597654;source_publish_interval=0.504261,,1.9153750035911798,20.765625173226,22.713750135153532
2026-08-10T16:37:28.649890+00:00,measurement_drift_01,meter_02,368,none,measurement_shift,none,none,none,normal_drift,0.9831612010334448,0.5527341903690798,0,,1,0,collecting_candidates;drift_not_confirmed,voltage_rolling_mean,voltage_rolling_mean=235.162759;source_publish_interval=0.504260,voltage_rolling_mean,0.7865829393267632,11.661374941468239,12.472167145460844
2026-08-10T16:37:28.662468+00:00,measurement_drift_01,meter_03,368,none,none,none,none,none,none,0.9728500335380056,0.4407957612731788,0,,0,0,drift_not_confirmed,,voltage_rolling_mean=230.608773;source_publish_interval=0.504259,,0.5348329432308674,9.479207918047905,10.031707817688584
2026-08-10T16:37:29.131670+00:00,measurement_drift_01,meter_01,369,none,none,none,none,none,none,0.9986168216270256,0.4453344821937176,0,,0,0,drift_not_confirmed,,voltage_rolling_mean=231.597654;source_publish_interval=0.504261,,2.042958978563547,21.076374920085073,23.155542090535164
2026-08-10T16:37:29.155191+00:00,measurement_drift_01,meter_02,369,none,measurement_shift,none,unknown,unknown,unknown,0.8770304429086789,0.5972561135285853,0,,0,0,drift_not_confirmed;sample_not_trusted,,voltage_rolling_mean=235.162759;source_publish_interval=0.504260,voltage_rolling_mean,0.7692088838666677,11.69162499718368,12.484208913519979
2026-08-10T16:37:29.167787+00:00,measurement_drift_01,meter_03,369,none,none,none,none,none,none,0.9580752056171097,0.4407130454007018,0,,0,0,drift_not_confirmed,,voltage_rolling_mean=230.608773;source_publish_interval=0.504259,,0.5989579949527979,9.556208970025182,10.173415997996926
2026-08-10T16:37:29.635211+00:00,measurement_drift_01,meter_01,370,none,none,none,none,none,none,0.9966441083403751,0.4449615312874501,0,,0,0,drift_not_confirmed,,voltage_rolling_mean=231.597654;source_publish_interval=0.504261,,2.2368330974131823,20.850082859396935,23.13029207289219
2026-08-10T16:37:29.658786+00:00,measurement_drift_01,meter_02,370,none,measurement_shift,none,unknown,unknown,unknown,0.9340299603935501,0.5661013025393878,0,,0,0,drift_not_confirmed;sample_not_trusted,,voltage_rolling_mean=235.162759;source_publish_interval=0.504260,voltage_rolling_mean,0.7713749073445797,11.760291876271367,12.55504204891622
2026-08-10T16:37:29.671483+00:00,measurement_drift_01,meter_03,370,none,none,none,none,none,none,0.9732899944872114,0.47405913169425706,0,,0,0,drift_not_confirmed,,voltage_rolling_mean=230.608773;source_publish_interval=0.504259,,0.5746670067310333,9.480124805122614,10.073832934722304
2026-08-10T16:37:30.140228+00:00,measurement_drift_01,meter_01,371,none,none,none,none,none,none,0.9935917217959099,0.4679022275804787,0,,0,0,drift_not_confirmed,,voltage_rolling_mean=231.597654;source_publish_interval=0.504261,,2.1201251074671745,18.438749946653843,20.594124915078282
2026-08-10T16:37:30.161186+00:00,measurement_drift_01,meter_02,371,none,measurement_shift,none,unknown,unknown,unknown,0.9338929442674376,0.5588378804640523,0,,0,0,drift_not_confirmed;sample_not_trusted,,voltage_rolling_mean=235.162759;source_publish_interval=0.504260,voltage_rolling_mean,0.7241670973598957,11.39945792965591,12.14433298446238
2026-08-10T16:37:30.173438+00:00,measurement_drift_01,meter_03,371,none,none,none,none,none,none,0.9991348596171817,0.4778285968377098,0,,0,0,drift_not_confirmed,,voltage_rolling_mean=230.608773;source_publish_interval=0.504259,,0.5493331700563431,9.424458025023341,9.993874933570623
2026-08-10T16:37:30.643180+00:00,measurement_drift_01,meter_01,372,none,none,none,none,none,none,0.9986443002334869,0.46801156902960944,0,,0,0,drift_not_confirmed,,voltage_rolling_mean=231.597654;source_publish_interval=0.504261,,1.9919159822165966,21.964999847114086,24.00254108943045
2026-08-10T16:37:30.667506+00:00,measurement_drift_01,meter_02,372,none,measurement_shift,none,unknown,unknown,unknown,0.9068181897168248,0.5537365819848139,0,,0,0,drift_not_confirmed;sample_not_trusted,,voltage_rolling_mean=235.162759;source_publish_interval=0.504260,voltage_rolling_mean,0.8467081934213638,12.33237492851913,13.204416958615184
2026-08-10T16:37:30.680842+00:00,measurement_drift_01,meter_03,372,none,none,none,none,none,none,0.9518881022099913,0.5072357882945363,0,,0,0,drift_not_confirmed,,voltage_rolling_mean=230.608773;source_publish_interval=0.504259,,0.6061671301722527,9.783708024770021,10.407666908577085
2026-08-10T16:37:31.148290+00:00,measurement_drift_01,meter_01,373,none,none,none,none,none,none,0.9969218261525377,0.4886082183021978,0,,0,0,drift_not_confirmed,,voltage_rolling_mean=231.597654;source_publish_interval=0.504261,,1.8652919679880142,20.439541898667812,22.36412512138486
2026-08-10T16:37:31.171139+00:00,measurement_drift_01,meter_02,373,none,measurement_shift,none,none,none,none,0.9666269619613495,0.5507658810665232,0,,0,0,drift_not_confirmed;sample_not_trusted,,voltage_rolling_mean=235.162759;source_publish_interval=0.504260,voltage_rolling_mean,0.8323339279741049,12.522292090579867,13.391999993473291
2026-08-10T16:37:31.184733+00:00,measurement_drift_01,meter_03,373,none,none,none,none,none,none,0.998797367364124,0.5336884041696404,0,,0,0,drift_not_confirmed,,voltage_rolling_mean=230.608773;source_publish_interval=0.504259,,0.6225830875337124,9.693791856989264,10.346832918003201
2026-08-10T16:37:31.651039+00:00,measurement_drift_01,meter_01,374,none,none,none,none,none,none,0.9986279868735217,0.4755525527597038,0,,0,0,drift_not_confirmed,,voltage_rolling_mean=231.597654;source_publish_interval=0.504261,,2.2267079912126064,20.439208019524813,22.722833091393113
2026-08-10T16:37:31.674210+00:00,measurement_drift_01,meter_02,374,none,measurement_shift,none,unknown,unknown,unknown,0.9329502640034468,0.6048191906276748,0,,0,0,drift_not_confirmed;sample_not_trusted,,voltage_rolling_mean=235.162759;source_publish_interval=0.504260,voltage_rolling_mean,0.7673329673707485,11.83079183101654,12.627959018573165
2026-08-10T16:37:31.686992+00:00,measurement_drift_01,meter_03,374,none,none,none,none,none,none,0.9990366707359749,0.4677003384330277,0,,0,0,drift_not_confirmed,,voltage_rolling_mean=230.608773;source_publish_interval=0.504259,,0.630292110145092,9.647542145103216,10.29845792800188
2026-08-10T16:37:32.155718+00:00,measurement_drift_01,meter_01,375,none,none,none,none,none,none,0.9904910420582415,0.47276859572361785,0,,0,0,drift_not_confirmed,,voltage_rolling_mean=231.597654;source_publish_interval=0.504261,,2.50925007276237,21.49008307605982,24.048209190368652
2026-08-10T16:37:32.180218+00:00,measurement_drift_01,meter_02,375,none,measurement_shift,none,unknown,unknown,unknown,0.9315402011248017,0.5555796639249407,0,,0,0,drift_not_confirmed;sample_not_trusted,,voltage_rolling_mean=235.162759;source_publish_interval=0.504260,voltage_rolling_mean,0.854334095492959,11.871750000864267,12.752166017889977
2026-08-10T16:37:32.193125+00:00,measurement_drift_01,meter_03,375,none,none,none,none,none,none,0.9969807173839342,0.5515803632748988,0,,0,0,drift_not_confirmed,,voltage_rolling_mean=230.608773;source_publish_interval=0.504259,,0.5662080366164446,9.402750059962273,9.990209015086293
2026-08-10T16:37:32.660927+00:00,measurement_drift_01,meter_01,376,none,none,none,none,none,none,0.9854651453549396,0.4555918764598524,0,,0,0,drift_not_confirmed,,voltage_rolling_mean=231.597654;source_publish_interval=0.504261,,2.2551671136170626,22.48583291657269,24.779832921922207
2026-08-10T16:37:32.686104+00:00,measurement_drift_01,meter_02,376,none,measurement_shift,none,unknown,unknown,unknown,0.9293448909172132,0.6283668842995536,0,,0,0,drift_not_confirmed;sample_not_trusted,,voltage_rolling_mean=235.162759;source_publish_interval=0.504260,voltage_rolling_mean,0.8341250941157341,11.961583979427814,12.820833129808307
2026-08-10T16:37:32.699053+00:00,measurement_drift_01,meter_03,376,none,none,none,none,none,none,0.995209499144929,0.4427589054542572,0,,0,0,drift_not_confirmed,,voltage_rolling_mean=230.608773;source_publish_interval=0.504259,,0.5897500086575747,9.481166955083609,10.09012502618134
2026-08-10T16:37:33.165873+00:00,measurement_drift_01,meter_01,377,none,none,none,none,none,none,0.9620401797104454,0.5304679040135883,0,,0,0,drift_not_confirmed,,voltage_rolling_mean=231.597654;source_publish_interval=0.504261,,2.1018749102950096,22.427582880482078,24.576625088229775
2026-08-10T16:37:33.190891+00:00,measurement_drift_01,meter_02,377,none,measurement_shift,none,none,none,none,0.9507850032844882,0.5700480269280612,0,,0,0,drift_not_confirmed;sample_not_trusted,,voltage_rolling_mean=235.162759;source_publish_interval=0.504260,voltage_rolling_mean,0.8608750067651272,12.28387514129281,13.171291211619973
2026-08-10T16:37:33.204204+00:00,measurement_drift_01,meter_03,377,none,none,none,none,none,none,0.9937311094379565,0.4493782166190115,0,,0,0,drift_not_confirmed,,voltage_rolling_mean=230.608773;source_publish_interval=0.504259,,0.5501250270754099,9.571166941896081,10.14208304695785
2026-08-10T16:37:33.670917+00:00,measurement_drift_01,meter_01,378,none,none,none,none,none,none,0.952139306259396,0.4806160726567033,0,,0,0,drift_not_confirmed,,voltage_rolling_mean=231.597654;source_publish_interval=0.504261,,2.462583128362894,19.989625085145235,22.48604199849069
2026-08-10T16:37:33.693811+00:00,measurement_drift_01,meter_02,378,none,measurement_shift,none,none,none,none,0.9501291137720611,0.5793085955774956,0,,0,0,drift_not_confirmed;sample_not_trusted,,voltage_rolling_mean=235.162759;source_publish_interval=0.504260,voltage_rolling_mean,0.7349580992013216,11.835291981697083,12.593416962772608
2026-08-10T16:37:33.706526+00:00,measurement_drift_01,meter_03,378,none,none,none,none,none,none,0.9959586162473493,0.46562134055852616,0,,0,0,drift_not_confirmed,,voltage_rolling_mean=230.608773;source_publish_interval=0.504259,,0.5454171914607286,9.52920806594193,10.093374876305461
2026-08-10T16:37:34.175119+00:00,measurement_drift_01,meter_01,379,none,none,none,none,none,none,0.9920586363803628,0.43713142673458827,0,,0,0,drift_not_confirmed,,voltage_rolling_mean=231.597654;source_publish_interval=0.504261,,1.2761249672621489,20.41004109196365,21.729375002905726
2026-08-10T16:37:34.197112+00:00,measurement_drift_01,meter_02,379,none,measurement_shift,none,none,none,none,0.9596616304403963,0.5824500285591858,0,,0,0,drift_not_confirmed;sample_not_trusted,,voltage_rolling_mean=235.162759;source_publish_interval=0.504260,voltage_rolling_mean,0.8487501181662083,12.75933301076293,13.632874935865402
2026-08-10T16:37:34.210874+00:00,measurement_drift_01,meter_03,379,none,none,none,none,none,none,0.9999661951723906,0.5177125000927391,0,,0,0,drift_not_confirmed,,voltage_rolling_mean=230.608773;source_publish_interval=0.504259,,0.5872079636901617,9.844457963481545,10.450792033225298
2026-08-10T16:37:34.680748+00:00,measurement_drift_01,meter_01,380,none,none,none,none,none,none,0.9994832323418289,0.5134582699624766,0,,0,0,drift_not_confirmed,,voltage_rolling_mean=231.597654;source_publish_interval=0.504261,,2.6342079509049654,20.073250168934464,22.74462510831654
2026-08-10T16:37:34.703882+00:00,measurement_drift_01,meter_02,380,none,measurement_shift,none,none,none,none,0.9511773977044048,0.576113253363523,0,,0,0,drift_not_confirmed;sample_not_trusted,,voltage_rolling_mean=235.162759;source_publish_interval=0.504260,voltage_rolling_mean,0.7319999858736992,11.738166911527514,12.496292125433683
2026-08-10T16:37:34.716496+00:00,measurement_drift_01,meter_03,380,none,none,none,none,none,none,0.9998672786502633,0.45018663175756635,0,,0,0,drift_not_confirmed,,voltage_rolling_mean=230.608773;source_publish_interval=0.504259,,0.525791896507144,9.669042192399502,10.213457979261875
2026-08-10T16:37:35.185662+00:00,measurement_drift_01,meter_01,381,none,none,none,none,none,none,0.9847340537534064,0.4361975501906459,0,,0,0,drift_not_confirmed,,voltage_rolling_mean=231.597654;source_publish_interval=0.504261,,2.695665927603841,21.358000114560127,24.090375052765012
2026-08-10T16:37:35.210135+00:00,measurement_drift_01,meter_02,381,none,measurement_shift,none,none,none,none,0.9520828779458048,0.5564806384304722,0,,0,0,drift_not_confirmed;sample_not_trusted,,voltage_rolling_mean=235.162759;source_publish_interval=0.504260,voltage_rolling_mean,0.8155419491231441,11.953833047300577,12.795875081792474
2026-08-10T16:37:35.223048+00:00,measurement_drift_01,meter_03,381,none,none,none,none,none,none,0.9998976997388478,0.43980560409463415,0,,0,0,drift_not_confirmed,,voltage_rolling_mean=230.608773;source_publish_interval=0.504259,,0.5432500038295984,9.401666931807995,9.963500080630183
2026-08-10T16:37:35.690818+00:00,measurement_drift_01,meter_01,382,none,none,none,none,none,none,0.9823377590225046,0.5054915923157813,0,,0,0,drift_not_confirmed,,voltage_rolling_mean=231.597654;source_publish_interval=0.504261,,2.528166165575385,16.81366702541709,19.370124908164144
2026-08-10T16:37:35.710492+00:00,measurement_drift_01,meter_02,382,none,measurement_shift,none,none,none,normal_drift,0.9885395560230694,0.5750412430150372,0,,1,0,collecting_candidates;drift_not_confirmed,voltage_rolling_mean,voltage_rolling_mean=235.162759;source_publish_interval=0.504260,voltage_rolling_mean,0.6850839126855135,10.877749882638454,11.584583902731538
2026-08-10T16:37:35.722178+00:00,measurement_drift_01,meter_03,382,none,none,none,none,none,none,0.9999882523676464,0.49074578654883705,0,,0,0,drift_not_confirmed,,voltage_rolling_mean=230.608773;source_publish_interval=0.504259,,0.5134588573127985,9.254541946575046,9.790875017642975
2026-08-10T16:37:36.193195+00:00,measurement_drift_01,meter_01,383,none,none,none,none,none,none,0.9860469122489921,0.5072462327571645,0,,0,0,drift_not_confirmed,,voltage_rolling_mean=231.597654;source_publish_interval=0.504261,,2.0947919692844152,22.528667002916336,24.66225018724799
2026-08-10T16:37:36.218263+00:00,measurement_drift_01,meter_02,383,none,measurement_shift,none,none,none,none,0.9587845419742153,0.5746655065754908,0,,0,0,drift_not_confirmed;sample_not_trusted,,voltage_rolling_mean=235.162759;source_publish_interval=0.504260,voltage_rolling_mean,0.8638328872621059,12.026790995150805,12.91633304208517
2026-08-10T16:37:36.231308+00:00,measurement_drift_01,meter_03,383,none,none,none,none,none,none,0.9998785002061356,0.4524551049462348,0,,0,0,drift_not_confirmed,,voltage_rolling_mean=230.608773;source_publish_interval=0.504259,,0.5462078843265772,9.513083845376968,10.078083956614137
2026-08-10T16:37:36.697821+00:00,measurement_drift_01,meter_01,384,none,none,none,none,none,none,0.9896251100106653,0.43326816448962835,0,,0,0,drift_not_confirmed,,voltage_rolling_mean=231.597654;source_publish_interval=0.504261,,2.6425840333104134,20.059040980413556,22.730082971975207
2026-08-10T16:37:36.720898+00:00,measurement_drift_01,meter_02,384,none,measurement_shift,none,none,none,none,0.9756274694604558,0.5748023340462581,0,,0,0,drift_not_confirmed;sample_not_trusted,,voltage_rolling_mean=235.162759;source_publish_interval=0.504260,voltage_rolling_mean,0.6837078835815191,11.804915964603424,12.512082932516932
2026-08-10T16:37:36.733502+00:00,measurement_drift_01,meter_03,384,none,none,none,none,none,none,0.9998220432831506,0.45451855494891397,0,,0,0,drift_not_confirmed,,voltage_rolling_mean=230.608773;source_publish_interval=0.504259,,0.5109170451760292,9.707500226795673,10.239207884296775
2026-08-10T16:37:37.202804+00:00,measurement_drift_01,meter_01,385,none,none,none,none,none,none,0.9605836229153871,0.46455422167136134,0,,0,0,drift_not_confirmed,,voltage_rolling_mean=231.597654;source_publish_interval=0.504261,,1.9882919732481241,21.825082832947373,23.85091595351696
2026-08-10T16:37:37.226978+00:00,measurement_drift_01,meter_02,385,none,measurement_shift,none,none,none,none,0.9444199392576857,0.5913686868900622,0,,0,0,drift_not_confirmed;sample_not_trusted,,voltage_rolling_mean=235.162759;source_publish_interval=0.504260,voltage_rolling_mean,0.8463750127702951,11.766290990635753,12.637250125408173
2026-08-10T16:37:37.239753+00:00,measurement_drift_01,meter_03,385,none,none,none,none,none,none,0.9997764251704322,0.4875661651908728,0,,0,0,drift_not_confirmed,,voltage_rolling_mean=230.608773;source_publish_interval=0.504259,,0.5793750751763582,9.373040869832039,9.971166960895061
2026-08-10T16:37:37.707165+00:00,measurement_drift_01,meter_01,386,none,none,none,none,none,none,0.9758898882116607,0.4368696096588746,0,,0,0,drift_not_confirmed,,voltage_rolling_mean=231.597654;source_publish_interval=0.504261,,2.014666795730591,22.19612500630319,24.244959000498056
2026-08-10T16:37:37.731793+00:00,measurement_drift_01,meter_02,386,none,measurement_shift,none,none,none,none,0.9646527110391558,0.5638391686865336,0,,0,0,drift_not_confirmed;sample_not_trusted,,voltage_rolling_mean=235.162759;source_publish_interval=0.504260,voltage_rolling_mean,0.8452909532934427,12.00470793992281,12.873249826952815
2026-08-10T16:37:37.744770+00:00,measurement_drift_01,meter_03,386,none,none,none,none,none,none,0.999988274233034,0.4997541528145295,0,,0,0,drift_not_confirmed,,voltage_rolling_mean=230.608773;source_publish_interval=0.504259,,0.5657079163938761,9.6177919767797,10.202083038166165
2026-08-10T16:37:38.209424+00:00,measurement_drift_01,meter_01,387,none,none,none,none,none,none,0.9911293900045172,0.48737156688757777,0,,0,0,drift_not_confirmed,,voltage_rolling_mean=231.597654;source_publish_interval=0.504261,,2.305916976183653,19.241166068241,21.582625107839704
2026-08-10T16:37:38.231405+00:00,measurement_drift_01,meter_02,387,none,measurement_shift,none,unknown,unknown,unknown,0.8938117984734205,0.5685846205131332,0,,0,0,drift_not_confirmed;sample_not_trusted,,voltage_rolling_mean=235.162759;source_publish_interval=0.504260,voltage_rolling_mean,0.7638330571353436,11.461457936093211,12.24779081530869
2026-08-10T16:37:38.243781+00:00,measurement_drift_01,meter_03,387,none,none,none,none,none,none,0.9999923187454383,0.4425159390859489,0,,0,0,drift_not_confirmed,,voltage_rolling_mean=230.608773;source_publish_interval=0.504259,,0.542457913979888,9.518041973933578,10.080874897539616
2026-08-10T16:37:38.711372+00:00,measurement_drift_01,meter_01,388,none,none,none,none,none,none,0.98047766783558,0.48143509910992116,0,,0,0,drift_not_confirmed,,voltage_rolling_mean=231.597654;source_publish_interval=0.504261,,2.1054581739008427,21.928791888058186,24.068583035841584
2026-08-10T16:37:38.735745+00:00,measurement_drift_01,meter_02,388,none,measurement_shift,none,unknown,unknown,unknown,0.8309973659603892,0.5638089832140261,0,,0,0,drift_not_confirmed;sample_not_trusted,,voltage_rolling_mean=235.162759;source_publish_interval=0.504260,voltage_rolling_mean,0.8529999759048223,11.866833083331585,12.743708211928606
2026-08-10T16:37:38.748609+00:00,measurement_drift_01,meter_03,388,none,none,none,none,none,none,0.9999980251158291,0.6018099122139106,0,,0,0,drift_not_confirmed,,voltage_rolling_mean=230.608773;source_publish_interval=0.504259,,0.5624580662697554,9.492333047091961,10.073082987219095
2026-08-10T16:37:39.214327+00:00,measurement_drift_01,meter_01,389,none,none,none,none,none,none,0.9894846979287157,0.4452878647880604,0,,0,0,drift_not_confirmed,,voltage_rolling_mean=231.597654;source_publish_interval=0.504261,,1.3378330040723085,21.237290930002928,22.622374817728996
2026-08-10T16:37:39.237211+00:00,measurement_drift_01,meter_02,389,none,measurement_shift,none,none,none,none,0.9679709469602029,0.5996655806923293,0,,0,0,drift_not_confirmed;sample_not_trusted,,voltage_rolling_mean=235.162759;source_publish_interval=0.504260,voltage_rolling_mean,0.8931250777095556,12.822957942262292,13.742625014856458
2026-08-10T16:37:39.251064+00:00,measurement_drift_01,meter_03,389,none,none,none,none,none,none,0.9999867257086287,0.4535957831242313,0,,0,0,drift_not_confirmed,,voltage_rolling_mean=230.608773;source_publish_interval=0.504259,,0.5857090000063181,10.275540873408318,10.8798339497298
2026-08-10T16:37:39.720097+00:00,measurement_drift_01,meter_01,390,none,none,none,none,none,none,0.9898527351249895,0.43503524405214694,0,,0,0,drift_not_confirmed,,voltage_rolling_mean=231.597654;source_publish_interval=0.504261,,2.300499938428402,20.314249908551574,22.646292112767696
2026-08-10T16:37:39.743101+00:00,measurement_drift_01,meter_02,390,none,measurement_shift,none,unknown,unknown,unknown,0.9088101112551505,0.5585947974917901,0,,0,0,drift_not_confirmed;sample_not_trusted,,voltage_rolling_mean=235.162759;source_publish_interval=0.504260,voltage_rolling_mean,0.7162080146372318,11.583584127947688,12.32237508520484
2026-08-10T16:37:39.755528+00:00,measurement_drift_01,meter_03,390,none,none,none,none,none,none,0.9999985381953541,0.5543945348077345,0,,0,0,drift_not_confirmed,,voltage_rolling_mean=230.608773;source_publish_interval=0.504259,,0.5507080350071192,9.539125021547079,10.10733307339251
2026-08-10T16:37:40.223508+00:00,measurement_drift_01,meter_01,391,none,none,none,none,none,none,0.9922793700309562,0.45864433260520654,0,,0,0,drift_not_confirmed,,voltage_rolling_mean=231.597654;source_publish_interval=0.504261,,1.307459082454443,22.074999986216426,23.418791126459837
2026-08-10T16:37:40.247157+00:00,measurement_drift_01,meter_02,391,none,measurement_shift,none,none,none,normal_drift,0.9923814832231229,0.5822779739419267,0,,1,0,collecting_candidates;drift_not_confirmed,voltage_rolling_mean,voltage_rolling_mean=235.162759;source_publish_interval=0.504260,voltage_rolling_mean,0.9041659068316221,12.312083039432764,13.24237510561943
2026-08-10T16:37:40.260539+00:00,measurement_drift_01,meter_03,391,none,none,none,none,none,none,0.9999866841633284,0.47312441175730224,0,,0,0,drift_not_confirmed,,voltage_rolling_mean=230.608773;source_publish_interval=0.504259,,0.5602911114692688,9.682000149041414,10.260334005579352
2026-08-10T16:37:40.729741+00:00,measurement_drift_01,meter_01,392,none,none,none,none,none,none,0.993637412477705,0.43865589792942644,0,,0,0,drift_not_confirmed,,voltage_rolling_mean=231.597654;source_publish_interval=0.504261,,1.9949579145759344,21.633665775880218,23.664624895900488
2026-08-10T16:37:40.753761+00:00,measurement_drift_01,meter_02,392,none,measurement_shift,none,none,none,normal_drift,0.9855197270111882,0.6022021756940488,0,,1,1,drift_not_confirmed;reference_updated,voltage_rolling_mean,voltage_rolling_mean=235.859368;source_publish_interval=0.504260,voltage_rolling_mean,0.7231661584228277,11.727500008419156,12.478375108912587
2026-08-10T16:37:40.766359+00:00,measurement_drift_01,meter_03,392,none,none,none,none,none,none,0.9999754236960097,0.4501066522327849,0,,0,0,drift_not_confirmed,,voltage_rolling_mean=230.608773;source_publish_interval=0.504259,,0.5712918937206268,9.66974999755621,10.259292088449001
2026-08-10T16:37:41.234340+00:00,measurement_drift_01,meter_01,393,none,none,none,none,none,none,0.9639323031309619,0.48029365001972596,0,,0,0,drift_not_confirmed,,voltage_rolling_mean=231.597654;source_publish_interval=0.504261,,2.060041995719075,21.889541065320373,23.98754213936627
2026-08-10T16:37:41.258628+00:00,measurement_drift_01,meter_02,393,none,measurement_shift,none,none,none,none,0.9712606637643084,0.5627331296129617,0,,0,0,drift_not_confirmed;sample_not_trusted,,voltage_rolling_mean=235.859368;source_publish_interval=0.504260,voltage_rolling_mean,0.8370829746127129,11.695625027641654,12.558709131553769
2026-08-10T16:37:41.271299+00:00,measurement_drift_01,meter_03,393,none,none,none,none,none,none,0.9999917113177266,0.4861456770287506,0,,0,0,drift_not_confirmed,,voltage_rolling_mean=230.608773;source_publish_interval=0.504259,,0.5923749413341284,9.65829100459814,10.269541991874576
2026-08-10T16:37:41.737412+00:00,measurement_drift_01,meter_01,394,none,none,none,none,none,none,0.9699797501742693,0.4417724122967796,0,,0,0,drift_not_confirmed,,voltage_rolling_mean=231.597654;source_publish_interval=0.504261,,2.432249952107668,21.077292039990425,23.550292011350393
2026-08-10T16:37:41.761354+00:00,measurement_drift_01,meter_02,394,none,measurement_shift,none,none,none,normal_drift,0.9947043270654791,0.5614300306935144,0,,1,0,collecting_candidates;drift_not_confirmed,voltage_rolling_mean,voltage_rolling_mean=235.859368;source_publish_interval=0.504260,voltage_rolling_mean,0.8399588987231255,11.893457965925336,12.760666897520423
2026-08-10T16:37:41.774238+00:00,measurement_drift_01,meter_03,394,none,none,none,none,none,none,0.9999960801802725,0.5345503493673829,0,,0,0,drift_not_confirmed,,voltage_rolling_mean=230.608773;source_publish_interval=0.504259,,0.5442500114440918,9.472167119383812,10.03579213283956
2026-08-10T16:37:42.242535+00:00,measurement_drift_01,meter_01,395,none,none,none,none,none,none,0.9595725841585963,0.4501817578668813,0,,0,0,drift_not_confirmed,,voltage_rolling_mean=231.597654;source_publish_interval=0.504261,,2.02029081992805,21.995750023052096,24.0533750038594
2026-08-10T16:37:42.266906+00:00,measurement_drift_01,meter_02,395,none,measurement_shift,none,none,none,normal_drift,0.9967568662603783,0.5852519368654471,0,,1,0,collecting_candidates;drift_not_confirmed,voltage_rolling_mean,voltage_rolling_mean=235.859368;source_publish_interval=0.504260,voltage_rolling_mean,0.8515410590916872,11.880000121891499,12.757540913298726
2026-08-10T16:37:42.279784+00:00,measurement_drift_01,meter_03,395,none,none,none,none,none,none,0.9999664259616619,0.4642236168380696,0,,0,0,drift_not_confirmed,,voltage_rolling_mean=230.608773;source_publish_interval=0.504259,,0.5602079909294844,9.53333405777812,10.111792013049126
2026-08-10T16:37:42.747568+00:00,measurement_drift_01,meter_01,396,none,none,none,unknown,unknown,unknown,0.9392011829127475,0.5758015488657444,0,,0,0,drift_not_confirmed,,voltage_rolling_mean=231.597654;source_publish_interval=0.504261,,2.4649170227348804,21.551250014454126,24.051791988313198
2026-08-10T16:37:42.772044+00:00,measurement_drift_01,meter_02,396,none,measurement_shift,none,none,none,normal_drift,0.9975869687838971,0.552751251718427,0,,1,0,collecting_candidates;drift_not_confirmed,voltage_rolling_mean,voltage_rolling_mean=235.859368;source_publish_interval=0.504260,voltage_rolling_mean,0.8601250592619181,11.768458178266883,12.653833022341132
2026-08-10T16:37:42.784828+00:00,measurement_drift_01,meter_03,396,none,none,none,none,none,none,0.9999963969322675,0.4447149999567419,0,,0,0,drift_not_confirmed,,voltage_rolling_mean=230.608773;source_publish_interval=0.504259,,0.58787502348423,9.72495786845684,10.330749908462167
2026-08-10T16:37:43.252330+00:00,measurement_drift_01,meter_01,397,none,none,none,none,none,none,0.9707225855031438,0.5401845279150381,0,,0,0,drift_not_confirmed,,voltage_rolling_mean=231.597654;source_publish_interval=0.504261,,2.542374888435006,22.412209073081613,24.992458056658506
2026-08-10T16:37:43.277689+00:00,measurement_drift_01,meter_02,397,none,measurement_shift,none,none,none,normal_drift,0.9973240865593106,0.5709951951160134,0,,1,0,collecting_candidates;drift_not_confirmed,voltage_rolling_mean,voltage_rolling_mean=235.859368;source_publish_interval=0.504260,voltage_rolling_mean,0.8122920989990234,12.080916902050376,12.917709071189165
2026-08-10T16:37:43.290717+00:00,measurement_drift_01,meter_03,397,none,none,none,none,none,none,0.9999981699942799,0.4582359758090106,0,,0,0,drift_not_confirmed,,voltage_rolling_mean=230.608773;source_publish_interval=0.504259,,0.5722919013351202,9.560166858136654,10.156790958717465
2026-08-10T16:37:43.757277+00:00,measurement_drift_01,meter_01,398,none,none,none,unknown,unknown,unknown,0.931048464317045,0.4473593881466647,0,,0,0,drift_not_confirmed,,voltage_rolling_mean=231.597654;source_publish_interval=0.504261,,2.940707840025425,18.014749977737665,20.992166828364134
2026-08-10T16:37:43.778711+00:00,measurement_drift_01,meter_02,398,none,measurement_shift,none,none,none,normal_drift,0.9996301943933287,0.6084147378440166,0,,1,0,collecting_candidates;drift_not_confirmed,voltage_rolling_mean,voltage_rolling_mean=235.859368;source_publish_interval=0.504260,voltage_rolling_mean,0.7551668677479029,11.29404199309647,12.072666082531214
2026-08-10T16:37:43.790903+00:00,measurement_drift_01,meter_03,398,none,none,none,none,none,none,0.9999967099728825,0.4445628280851777,0,,0,0,drift_not_confirmed,,voltage_rolling_mean=230.608773;source_publish_interval=0.504259,,0.5316250026226044,9.552874835208058,10.104957967996597
2026-08-10T16:37:44.262359+00:00,measurement_drift_01,meter_01,399,none,none,none,none,none,none,0.9626162719313386,0.45651808818157075,0,,0,0,drift_not_confirmed,,voltage_rolling_mean=231.597654;source_publish_interval=0.504261,,2.4684579111635685,21.881208056584,24.381708120927215
2026-08-10T16:37:44.287156+00:00,measurement_drift_01,meter_02,399,none,measurement_shift,none,none,none,normal_drift,0.9981757827763132,0.5590632172062954,0,,1,0,collecting_candidates;drift_not_confirmed,voltage_rolling_mean,voltage_rolling_mean=235.859368;source_publish_interval=0.504260,voltage_rolling_mean,0.7205000147223473,12.334000086411834,13.080833945423365
2026-08-10T16:37:44.300359+00:00,measurement_drift_01,meter_03,399,none,none,none,none,none,none,0.9999963394625392,0.4446225316668738,0,,0,0,drift_not_confirmed,,voltage_rolling_mean=230.608773;source_publish_interval=0.504259,,0.5864170379936695,9.570333175361156,10.175833012908697
2026-08-10T16:37:44.767277+00:00,measurement_drift_01,meter_01,400,none,none,none,unknown,unknown,unknown,0.9128031526001756,0.507701979335991,0,,0,0,drift_not_confirmed,,voltage_rolling_mean=231.597654;source_publish_interval=0.504261,,2.0431249868124723,22.06379221752286,24.14795896038413
2026-08-10T16:37:44.791804+00:00,measurement_drift_01,meter_02,400,none,measurement_shift,none,none,none,normal_drift,0.9996071449671897,0.5542607183321188,0,,1,0,collecting_candidates;drift_not_confirmed,voltage_rolling_mean,voltage_rolling_mean=235.859368;source_publish_interval=0.504260,voltage_rolling_mean,0.8895830251276493,11.873750016093254,12.7871660515666
2026-08-10T16:37:44.804718+00:00,measurement_drift_01,meter_03,400,none,none,none,none,none,none,0.9999965390339426,0.468246705073426,0,,0,0,drift_not_confirmed,,voltage_rolling_mean=230.608773;source_publish_interval=0.504259,,0.5358338821679354,9.763499954715371,10.318499989807606
2026-08-10T16:37:45.272504+00:00,measurement_drift_01,meter_01,401,none,none,none,none,none,none,0.9998351924610879,0.6008827072791394,0,,0,0,drift_not_confirmed,,voltage_rolling_mean=231.597654;source_publish_interval=0.504261,,2.3635001853108406,22.389707854017615,24.789417162537575
2026-08-10T16:37:45.297672+00:00,measurement_drift_01,meter_02,401,none,measurement_shift,none,none,none,normal_drift,0.9998059945791437,0.5971540629998165,0,,1,0,collecting_candidates;drift_not_confirmed,voltage_rolling_mean,voltage_rolling_mean=235.859368;source_publish_interval=0.504260,voltage_rolling_mean,0.8511669002473354,12.136250035837293,13.011541916057467
2026-08-10T16:37:45.310812+00:00,measurement_drift_01,meter_03,401,none,none,none,none,none,none,0.9999982848576737,0.47878937489616946,0,,0,0,drift_not_confirmed,,voltage_rolling_mean=230.608773;source_publish_interval=0.504259,,0.588082941249013,9.511790936812758,10.118790902197361
2026-08-10T16:37:45.775999+00:00,measurement_drift_01,meter_01,402,none,none,none,none,none,none,0.9957127371608838,0.4365357276202394,0,,0,0,drift_not_confirmed,,voltage_rolling_mean=231.597654;source_publish_interval=0.504261,,1.2620000634342432,20.871457876637578,22.171540884301066
2026-08-10T16:37:45.798421+00:00,measurement_drift_01,meter_02,402,none,measurement_shift,none,none,none,normal_drift,0.9998674728816486,0.5669061988112224,0,,1,0,collecting_candidates;drift_not_confirmed,voltage_rolling_mean,voltage_rolling_mean=235.859368;source_publish_interval=0.504260,voltage_rolling_mean,0.9229171555489302,13.557709055021405,14.505916042253375
2026-08-10T16:37:45.813067+00:00,measurement_drift_01,meter_03,402,none,none,none,none,none,none,0.9999986898921143,0.4699806418111375,0,,0,0,drift_not_confirmed,,voltage_rolling_mean=230.608773;source_publish_interval=0.504259,,0.6027920171618462,10.369374882429838,10.991583112627268
2026-08-10T16:37:46.282268+00:00,measurement_drift_01,meter_01,403,none,none,none,none,none,none,0.9721046904125865,0.4667818136173727,0,,0,0,drift_not_confirmed,,voltage_rolling_mean=231.597654;source_publish_interval=0.504261,,2.1462501026690006,22.388790966942906,24.57300014793873
2026-08-10T16:37:46.307198+00:00,measurement_drift_01,meter_02,403,none,measurement_shift,none,none,none,normal_drift,0.9996710838337342,0.5466723937069927,0,,1,0,collecting_candidates;drift_not_confirmed,voltage_rolling_mean,voltage_rolling_mean=235.859368;source_publish_interval=0.504260,voltage_rolling_mean,0.8611669763922691,12.191707966849208,13.079500058665872
2026-08-10T16:37:46.320411+00:00,measurement_drift_01,meter_03,403,none,none,none,none,none,none,0.9999981853564575,0.45731581611474076,0,,0,0,drift_not_confirmed,,voltage_rolling_mean=230.608773;source_publish_interval=0.504259,,0.5582079757004976,9.558625053614378,10.135957971215248
2026-08-10T16:37:46.786624+00:00,measurement_drift_01,meter_01,404,none,none,none,none,none,none,0.9829709070796246,0.49372766635451737,0,,0,0,drift_not_confirmed,,voltage_rolling_mean=231.597654;source_publish_interval=0.504261,,1.6843329649418592,22.532542003318667,24.250541115179658
2026-08-10T16:37:46.811124+00:00,measurement_drift_01,meter_02,404,none,measurement_shift,none,none,none,normal_drift,0.9999553277608613,0.5593996258170847,0,,1,0,collecting_candidates;drift_not_confirmed,voltage_rolling_mean,voltage_rolling_mean=235.859368;source_publish_interval=0.504260,voltage_rolling_mean,0.8392499294131994,11.996832909062505,12.859875103458762
2026-08-10T16:37:46.824116+00:00,measurement_drift_01,meter_03,404,none,none,none,none,none,none,0.9999990734122749,0.4770184819596215,0,,0,0,drift_not_confirmed,,voltage_rolling_mean=230.608773;source_publish_interval=0.504259,,0.5730411503463984,9.438333101570606,10.029457975178957
2026-08-10T16:37:47.288524+00:00,measurement_drift_01,meter_01,405,none,none,none,none,none,none,0.998731869976767,0.5068207760503096,0,,0,0,drift_not_confirmed,,voltage_rolling_mean=231.597654;source_publish_interval=0.504261,,1.2692080345004797,20.831541158258915,22.136749932542443
2026-08-10T16:37:47.310884+00:00,measurement_drift_01,meter_02,405,none,measurement_shift,none,unknown,unknown,normal_drift,0.9999809349624118,0.6138365198929951,0,,1,0,collecting_candidates;drift_not_confirmed,voltage_rolling_mean,voltage_rolling_mean=235.859368;source_publish_interval=0.504260,voltage_rolling_mean,0.832374906167388,12.811791151762009,13.668166007846594
2026-08-10T16:37:47.324672+00:00,measurement_drift_01,meter_03,405,none,none,none,none,none,none,0.999996304445753,0.5443080960259861,0,,0,0,drift_not_confirmed,,voltage_rolling_mean=230.608773;source_publish_interval=0.504259,,0.5756670143455267,9.91995818912983,10.514500085264444
2026-08-10T16:37:47.794874+00:00,measurement_drift_01,meter_01,406,none,none,none,none,none,none,0.982251340394777,0.4445125111751881,0,,0,0,drift_not_confirmed,,voltage_rolling_mean=231.597654;source_publish_interval=0.504261,,2.0006250124424696,21.91383298486471,23.950374918058515
2026-08-10T16:37:47.819149+00:00,measurement_drift_01,meter_02,406,none,measurement_shift,none,none,none,normal_drift,0.9999551318193525,0.5572138170328075,0,,1,0,collecting_candidates;drift_not_confirmed,voltage_rolling_mean,voltage_rolling_mean=235.859368;source_publish_interval=0.504260,voltage_rolling_mean,0.8425419218838215,11.993208900094032,12.860832968726754
2026-08-10T16:37:47.832138+00:00,measurement_drift_01,meter_03,406,none,none,none,none,none,none,0.9999909820760878,0.45070090959674186,0,,0,0,drift_not_confirmed,,voltage_rolling_mean=230.608773;source_publish_interval=0.504259,,0.5278331227600574,9.806500049307942,10.354500031098723
2026-08-10T16:37:48.297091+00:00,measurement_drift_01,meter_01,407,none,none,none,none,none,none,0.985292591195403,0.5351220764076641,0,,0,0,drift_not_confirmed,,voltage_rolling_mean=231.597654;source_publish_interval=0.504261,,2.045957837253809,22.05575001426041,24.144832976162434
2026-08-10T16:37:48.321550+00:00,measurement_drift_01,meter_02,407,none,measurement_shift,none,none,none,normal_drift,0.9999117257892389,0.5441678470134208,0,,1,0,collecting_candidates;drift_not_confirmed,voltage_rolling_mean,voltage_rolling_mean=235.859368;source_publish_interval=0.504260,voltage_rolling_mean,0.8636671118438244,11.965707875788212,12.855832930654287
2026-08-10T16:37:48.334523+00:00,measurement_drift_01,meter_03,407,none,none,none,none,none,none,0.9999990948757226,0.48146567178786126,0,,0,0,drift_not_confirmed,,voltage_rolling_mean=230.608773;source_publish_interval=0.504259,,0.5457920487970114,9.444250026717782,10.008665965870023
2026-08-10T16:37:48.802254+00:00,measurement_drift_01,meter_01,408,none,none,none,none,none,none,0.9924851171114559,0.4450703733477286,0,,0,0,drift_not_confirmed,,voltage_rolling_mean=231.597654;source_publish_interval=0.504261,,2.5434999261051416,22.723665926605463,25.301165878772736
2026-08-10T16:37:48.827913+00:00,measurement_drift_01,meter_02,408,none,measurement_shift,none,none,none,normal_drift,0.9999472658708007,0.5465114493186275,0,,1,0,collecting_candidates;drift_not_confirmed,voltage_rolling_mean,voltage_rolling_mean=235.859368;source_publish_interval=0.504260,voltage_rolling_mean,0.8134159725159407,11.963875032961369,12.80000014230609
2026-08-10T16:37:48.840815+00:00,measurement_drift_01,meter_03,408,none,none,none,none,none,none,0.9999981523295121,0.4566800781721433,0,,0,0,drift_not_confirmed,,voltage_rolling_mean=230.608773;source_publish_interval=0.504259,,0.5646247882395983,9.498249972239137,10.080833919346333
2026-08-10T16:37:49.305662+00:00,measurement_drift_01,meter_01,409,none,none,none,none,none,none,0.9907340970151159,0.4641268823764719,0,,0,0,drift_not_confirmed,,voltage_rolling_mean=231.597654;source_publish_interval=0.504261,,3.0969998333603144,22.01616601087153,25.157582946121693
2026-08-10T16:37:49.331223+00:00,measurement_drift_01,meter_02,409,none,measurement_shift,none,none,none,normal_drift,0.9999818576727888,0.5584561954597448,0,,1,0,collecting_candidates;drift_not_confirmed,voltage_rolling_mean,voltage_rolling_mean=235.859368;source_publish_interval=0.504260,voltage_rolling_mean,0.8417088538408279,12.023916933685541,12.892375001683831
2026-08-10T16:37:49.344239+00:00,measurement_drift_01,meter_03,409,none,none,none,none,none,none,0.9999948954794451,0.4740170724342291,0,,0,0,drift_not_confirmed,,voltage_rolling_mean=230.608773;source_publish_interval=0.504259,,0.5850829184055328,9.810707997530699,10.415083030238748
2026-08-10T16:37:49.810494+00:00,measurement_drift_01,meter_01,410,none,none,none,none,none,none,0.9954224847164543,0.46681920249128317,0,,0,0,drift_not_confirmed,,voltage_rolling_mean=231.597654;source_publish_interval=0.504261,,2.2225419525057077,22.28333312086761,24.540290934965014
2026-08-10T16:37:49.835402+00:00,measurement_drift_01,meter_02,410,none,measurement_shift,none,none,none,normal_drift,0.9999698035407756,0.5716231571311773,0,,1,0,collecting_candidates;drift_not_confirmed,voltage_rolling_mean,voltage_rolling_mean=235.859368;source_publish_interval=0.504260,voltage_rolling_mean,0.8044580463320017,11.994499946013093,12.823583092540503
2026-08-10T16:37:49.848335+00:00,measurement_drift_01,meter_03,410,none,none,none,none,none,none,0.9999987743189881,0.448954978040881,0,,0,0,drift_not_confirmed,,voltage_rolling_mean=230.608773;source_publish_interval=0.504259,,0.5449580494314432,9.495207807049155,10.058291954919696
2026-08-10T16:37:50.314779+00:00,measurement_drift_01,meter_01,411,none,none,none,none,none,none,0.9998197043973207,0.47071174515675407,0,,0,0,drift_not_confirmed,,voltage_rolling_mean=231.597654;source_publish_interval=0.504261,,1.3965419493615627,22.748166928067803,24.18158296495676
2026-08-10T16:37:50.339232+00:00,measurement_drift_01,meter_02,411,none,measurement_shift,none,none,none,normal_drift,0.9999776405085343,0.5508221347291233,0,,1,0,collecting_candidates;drift_not_confirmed,voltage_rolling_mean,voltage_rolling_mean=235.859368;source_publish_interval=0.504260,voltage_rolling_mean,0.8302079513669014,12.019500136375427,12.876583030447364
2026-08-10T16:37:50.352225+00:00,measurement_drift_01,meter_03,411,none,none,none,none,none,none,0.99999936508584,0.46428507051261314,0,,0,0,drift_not_confirmed,,voltage_rolling_mean=230.608773;source_publish_interval=0.504259,,0.5652501713484526,9.489207994192839,10.072833858430386
2026-08-10T16:37:50.818791+00:00,measurement_drift_01,meter_01,412,none,none,none,none,none,none,0.9995789886219845,0.4360218437611053,0,,0,0,drift_not_confirmed,,voltage_rolling_mean=231.597654;source_publish_interval=0.504261,,2.266166964545846,21.27095893956721,23.577417014166713
2026-08-10T16:37:50.842739+00:00,measurement_drift_01,meter_02,412,none,measurement_shift,none,none,none,normal_drift,0.9999895174534364,0.553225528700652,0,,1,0,collecting_candidates;drift_not_confirmed,voltage_rolling_mean,voltage_rolling_mean=235.859368;source_publish_interval=0.504260,voltage_rolling_mean,0.7928749546408653,11.75591698847711,12.570458929985762
2026-08-10T16:37:50.855410+00:00,measurement_drift_01,meter_03,412,none,none,none,none,none,none,0.9999996792074631,0.49605214886991605,0,,0,0,drift_not_confirmed,,voltage_rolling_mean=230.608773;source_publish_interval=0.504259,,0.5004170816391706,9.445291012525558,9.963749907910824
2026-08-10T16:37:51.319287+00:00,measurement_drift_01,meter_01,413,none,none,none,none,none,none,0.9993899738238988,0.4444929884506463,0,,0,0,drift_not_confirmed,,voltage_rolling_mean=231.597654;source_publish_interval=0.504261,,2.046208130195737,21.312583005055785,23.392749950289726
2026-08-10T16:37:51.342968+00:00,measurement_drift_01,meter_02,413,none,measurement_shift,none,none,none,normal_drift,0.9999888952506056,0.5508482391949505,0,,1,1,drift_not_confirmed;reference_updated,voltage_rolling_mean,voltage_rolling_mean=234.859368;source_publish_interval=0.504260,voltage_rolling_mean,0.7981669623404741,12.21375004388392,13.037541881203651
2026-08-10T16:37:51.356128+00:00,measurement_drift_01,meter_03,413,none,none,none,none,none,none,0.9999993434603086,0.45748875003989653,0,,0,0,drift_not_confirmed,,voltage_rolling_mean=230.608773;source_publish_interval=0.504259,,0.5635828711092472,9.66237485408783,10.244041914120317
2026-08-10T16:37:51.822633+00:00,measurement_drift_01,meter_01,414,none,none,none,none,none,none,0.9990978252108421,0.4493943548167364,0,,0,0,drift_not_confirmed,,voltage_rolling_mean=231.597654;source_publish_interval=0.504261,,2.2071250714361668,21.956791868433356,24.199374951422215
2026-08-10T16:37:51.847182+00:00,measurement_drift_01,meter_02,414,none,measurement_shift,none,none,none,normal_drift,0.9999901161136354,0.552781628189357,0,,1,0,collecting_candidates;drift_not_confirmed,voltage_rolling_mean,voltage_rolling_mean=234.859368;source_publish_interval=0.504260,voltage_rolling_mean,0.6827081087976694,11.762874899432063,12.469667010009289
2026-08-10T16:37:51.859763+00:00,measurement_drift_01,meter_03,414,none,none,none,none,none,none,0.9999993157179643,0.4554081447100895,0,,0,0,drift_not_confirmed,,voltage_rolling_mean=230.608773;source_publish_interval=0.504259,,0.5579579155892134,9.572166018188,10.148750152438879
2026-08-10T16:37:52.324235+00:00,measurement_drift_01,meter_01,415,none,none,none,none,none,none,0.9996099931914217,0.47240872874330203,0,,0,0,drift_not_confirmed,,voltage_rolling_mean=231.597654;source_publish_interval=0.504261,,3.1057498417794704,23.02595879882574,26.16879204288125
2026-08-10T16:37:52.350742+00:00,measurement_drift_01,meter_02,415,none,measurement_shift,none,none,none,normal_drift,0.9999870416900648,0.5509250167745452,0,,1,0,collecting_candidates;drift_not_confirmed,voltage_rolling_mean,voltage_rolling_mean=234.859368;source_publish_interval=0.504260,voltage_rolling_mean,0.8073339704424143,12.033874867483974,12.866124976426363
2026-08-10T16:37:52.363722+00:00,measurement_drift_01,meter_03,415,none,none,none,none,none,none,0.9999997892005432,0.47737561348138696,0,,0,0,drift_not_confirmed,,voltage_rolling_mean=230.608773;source_publish_interval=0.504259,,0.5610408261418343,9.613417088985443,10.193499969318509
2026-08-10T16:37:52.827439+00:00,measurement_drift_01,meter_01,416,none,none,none,none,none,none,0.9997422190688231,0.5457156315595577,0,,0,0,drift_not_confirmed,,voltage_rolling_mean=231.597654;source_publish_interval=0.504261,,2.252291887998581,18.478875048458576,20.768415881320834
2026-08-10T16:37:52.848578+00:00,measurement_drift_01,meter_02,416,none,measurement_shift,none,none,none,normal_drift,0.9999932391618931,0.5428574136785879,0,,1,0,collecting_candidates;drift_not_confirmed,voltage_rolling_mean,voltage_rolling_mean=234.859368;source_publish_interval=0.504260,voltage_rolling_mean,0.6759159732609987,11.406041914597154,12.104250025004148
2026-08-10T16:37:52.860777+00:00,measurement_drift_01,meter_03,416,none,none,none,none,none,none,0.9999997183898985,0.44491973986872163,0,,0,0,drift_not_confirmed,,voltage_rolling_mean=230.608773;source_publish_interval=0.504259,,0.5090001504868269,9.437916800379753,9.964041877537966
2026-08-10T16:37:53.331390+00:00,measurement_drift_01,meter_01,417,none,none,none,none,none,none,0.9997513064653881,0.46514813954655737,0,,0,0,drift_not_confirmed,,voltage_rolling_mean=231.597654;source_publish_interval=0.504261,,2.5602499954402447,19.258624874055386,21.850958932191133
2026-08-10T16:37:53.353596+00:00,measurement_drift_01,meter_02,417,none,measurement_shift,none,none,none,normal_drift,0.9999838845177333,0.543466389077383,0,,1,0,collecting_candidates;drift_not_confirmed,voltage_rolling_mean,voltage_rolling_mean=234.859368;source_publish_interval=0.504260,voltage_rolling_mean,0.6847910117357969,11.703957803547382,12.418957892805338
2026-08-10T16:37:53.366125+00:00,measurement_drift_01,meter_03,417,none,none,none,none,none,none,0.999999319376751,0.5209191232000425,0,,0,0,drift_not_confirmed,,voltage_rolling_mean=230.608773;source_publish_interval=0.504259,,0.5314170848578215,9.479958098381758,10.029667057096958
2026-08-10T16:37:53.836604+00:00,measurement_drift_01,meter_01,418,none,none,none,none,none,none,0.999921707373509,0.47929826110369445,0,,0,0,drift_not_confirmed,,voltage_rolling_mean=231.597654;source_publish_interval=0.504261,,2.638000063598156,17.070084111765027,19.744208082556725
2026-08-10T16:37:53.856712+00:00,measurement_drift_01,meter_02,418,none,measurement_shift,none,none,none,normal_drift,0.9999915373650471,0.5456871967507614,0,,1,0,collecting_candidates;drift_not_confirmed,voltage_rolling_mean,voltage_rolling_mean=234.859368;source_publish_interval=0.504260,voltage_rolling_mean,0.7019159384071827,11.103458004072309,11.825582943856716
2026-08-10T16:37:53.868630+00:00,measurement_drift_01,meter_03,418,none,none,none,none,none,none,0.9999995753988506,0.48883650577517135,0,,0,0,drift_not_confirmed,,voltage_rolling_mean=230.608773;source_publish_interval=0.504259,,0.4937499761581421,9.195208083838224,9.705750038847327
2026-08-10T16:37:54.341510+00:00,measurement_drift_01,meter_01,419,none,none,none,none,none,none,0.9999748129190105,0.4632706248218129,0,,0,0,drift_not_confirmed,,voltage_rolling_mean=231.597654;source_publish_interval=0.504261,,2.5332910008728504,19.06562503427267,21.645584143698215
2026-08-10T16:37:54.363567+00:00,measurement_drift_01,meter_02,419,none,measurement_shift,none,none,none,normal_drift,0.9999829070492084,0.5530424752381408,0,,1,0,collecting_candidates;drift_not_confirmed,voltage_rolling_mean,voltage_rolling_mean=234.859368;source_publish_interval=0.504260,voltage_rolling_mean,0.7617911323904991,11.860375059768558,12.645125156268477
2026-08-10T16:37:54.376341+00:00,measurement_drift_01,meter_03,419,none,none,none,none,none,none,0.9999994531520884,0.4784085345685686,0,,0,0,drift_not_confirmed,,voltage_rolling_mean=230.608773;source_publish_interval=0.504259,,0.5081668496131897,9.526874870061874,10.05333405919373
2026-08-10T16:37:54.846844+00:00,measurement_drift_01,meter_01,420,none,none,none,none,none,none,0.9998128203269756,0.46065302435090444,0,,0,0,drift_not_confirmed,,voltage_rolling_mean=231.597654;source_publish_interval=0.504261,,2.345792017877102,18.138208892196417,20.51945892162621
2026-08-10T16:37:54.867775+00:00,measurement_drift_01,meter_02,420,none,measurement_shift,none,none,none,normal_drift,0.9999892740328761,0.5508407184356431,0,,1,0,collecting_candidates;drift_not_confirmed,voltage_rolling_mean,voltage_rolling_mean=234.859368;source_publish_interval=0.504260,voltage_rolling_mean,0.716750044375658,11.313583003357053,12.051332974806428
2026-08-10T16:37:54.879933+00:00,measurement_drift_01,meter_03,420,none,none,none,none,none,none,0.9999994484249908,0.4616475868290105,0,,0,0,drift_not_confirmed,,voltage_rolling_mean=230.608773;source_publish_interval=0.504259,,0.5037079099565744,9.302624966949224,9.824665961787105
2026-08-10T16:37:55.351173+00:00,measurement_drift_01,meter_01,421,none,none,none,none,none,none,0.9999303770214403,0.43971764436077493,0,,0,0,drift_not_confirmed,,voltage_rolling_mean=231.597654;source_publish_interval=0.504261,,3.0684159137308598,16.91929204389453,20.019707968458533
2026-08-10T16:37:55.371548+00:00,measurement_drift_01,meter_02,421,none,measurement_shift,none,none,none,normal_drift,0.9999897853883181,0.5549784223952011,0,,1,0,collecting_candidates;drift_not_confirmed,voltage_rolling_mean,voltage_rolling_mean=234.859368;source_publish_interval=0.504260,voltage_rolling_mean,0.7540842052549124,11.228916933760047,12.005124939605594
2026-08-10T16:37:55.383665+00:00,measurement_drift_01,meter_03,421,none,none,none,none,none,none,0.9999988112593376,0.502427160475798,0,,0,0,drift_not_confirmed,,voltage_rolling_mean=230.608773;source_publish_interval=0.504259,,0.5072909407317638,9.385416051372886,9.911375120282173
2026-08-10T16:37:55.856305+00:00,measurement_drift_01,meter_01,422,none,none,none,none,none,none,0.9999855911752311,0.46490852907081276,0,,0,0,drift_not_confirmed,,voltage_rolling_mean=231.597654;source_publish_interval=0.504261,,2.314459066838026,18.474915996193886,20.82191687077284
2026-08-10T16:37:55.877515+00:00,measurement_drift_01,meter_02,422,none,measurement_shift,none,none,none,normal_drift,0.9999782710238531,0.5519386821868292,0,,1,0,collecting_candidates;drift_not_confirmed,voltage_rolling_mean,voltage_rolling_mean=234.859368;source_publish_interval=0.504260,voltage_rolling_mean,0.7212089840322733,11.430959217250347,12.174583971500397
2026-08-10T16:37:55.889804+00:00,measurement_drift_01,meter_03,422,none,none,none,none,none,none,0.9999995932150054,0.46871894532869723,0,,0,0,drift_not_confirmed,,voltage_rolling_mean=230.608773;source_publish_interval=0.504259,,0.5036250222474337,9.315125178545713,9.836583863943815
2026-08-10T16:37:56.361162+00:00,measurement_drift_01,meter_01,423,none,none,none,none,none,none,0.9999855088824934,0.45662771567495763,0,,0,0,drift_not_confirmed,,voltage_rolling_mean=231.597654;source_publish_interval=0.504261,,3.1415000557899475,16.905999975278974,20.08320903405547
2026-08-10T16:37:56.381620+00:00,measurement_drift_01,meter_02,423,none,measurement_shift,none,none,none,normal_drift,0.9999840388291658,0.5443038212999833,0,,1,0,collecting_candidates;drift_not_confirmed,voltage_rolling_mean,voltage_rolling_mean=234.859368;source_publish_interval=0.504260,voltage_rolling_mean,0.7386249490082264,11.115708854049444,11.87520893290639
2026-08-10T16:37:56.393598+00:00,measurement_drift_01,meter_03,423,none,none,none,none,none,none,0.9999994555783431,0.45550576920495633,0,,0,0,drift_not_confirmed,,voltage_rolling_mean=230.608773;source_publish_interval=0.504259,,0.5017910152673721,9.351208107545972,9.872124996036291
2026-08-10T16:37:56.864982+00:00,measurement_drift_01,meter_01,424,none,none,none,none,none,none,0.9997036941648105,0.46992548763420633,0,,0,0,drift_not_confirmed,,voltage_rolling_mean=231.597654;source_publish_interval=0.504261,,2.0899169612675905,21.925417007878423,24.054500041529536
2026-08-10T16:37:56.889369+00:00,measurement_drift_01,meter_02,424,none,measurement_shift,none,none,none,normal_drift,0.9999926687378801,0.5450049283505165,0,,1,0,collecting_candidates;drift_not_confirmed,voltage_rolling_mean,voltage_rolling_mean=234.859368;source_publish_interval=0.504260,voltage_rolling_mean,0.8371251169592142,12.427333043888211,13.288750080391765
2026-08-10T16:37:56.902782+00:00,measurement_drift_01,meter_03,424,none,none,none,none,none,none,0.9999992112836652,0.5113947464329597,0,,0,0,drift_not_confirmed,,voltage_rolling_mean=230.608773;source_publish_interval=0.504259,,0.5797920748591423,9.804375004023314,10.406124871224165
2026-08-10T16:37:57.370161+00:00,measurement_drift_01,meter_01,425,none,none,none,none,none,none,0.9999243124404603,0.47842786420039923,0,,0,0,drift_not_confirmed,,voltage_rolling_mean=231.597654;source_publish_interval=0.504261,,2.257040934637189,21.966167027130723,24.2663340177387
2026-08-10T16:37:57.394894+00:00,measurement_drift_01,meter_02,425,none,measurement_shift,none,none,none,normal_drift,0.9999842887823182,0.5510360262800138,0,,1,0,collecting_candidates;drift_not_confirmed,voltage_rolling_mean,voltage_rolling_mean=234.859368;source_publish_interval=0.504260,voltage_rolling_mean,0.7763749454170465,12.475207913666964,13.278458965942264
2026-08-10T16:37:57.408329+00:00,measurement_drift_01,meter_03,425,none,none,none,none,none,none,0.9999988128898297,0.4732071016735758,0,,0,0,drift_not_confirmed,,voltage_rolling_mean=230.608773;source_publish_interval=0.504259,,0.5545830354094505,9.695500135421753,10.27058414183557
2026-08-10T16:37:57.875128+00:00,measurement_drift_01,meter_01,426,none,none,none,none,none,none,0.9999813737978734,0.4423317043801592,0,,0,0,drift_not_confirmed,,voltage_rolling_mean=231.597654;source_publish_interval=0.504261,,3.3521661534905434,16.834083944559097,20.223582861945033
2026-08-10T16:37:57.895764+00:00,measurement_drift_01,meter_02,426,none,measurement_shift,none,none,none,normal_drift,0.9999961429745848,0.5451431298135073,0,,1,0,collecting_candidates;drift_not_confirmed,voltage_rolling_mean,voltage_rolling_mean=234.859368;source_publish_interval=0.504260,voltage_rolling_mean,0.7040421478450298,11.007500113919377,11.734083062037826
2026-08-10T16:37:57.907612+00:00,measurement_drift_01,meter_03,426,none,none,none,none,none,none,0.999998960954223,0.4452342322561431,0,,0,0,drift_not_confirmed,,voltage_rolling_mean=230.608773;source_publish_interval=0.504259,,0.5134171806275845,9.26683284342289,9.799124905839562
2026-08-10T16:37:58.377582+00:00,measurement_drift_01,meter_01,427,none,none,none,none,none,none,0.9999925134824422,0.44796138889480647,0,,0,0,drift_not_confirmed,,voltage_rolling_mean=231.597654;source_publish_interval=0.504261,,2.9507919680327177,18.246958032250404,21.25254087150097
2026-08-10T16:37:58.399246+00:00,measurement_drift_01,meter_02,427,none,measurement_shift,none,none,none,normal_drift,0.9999940331590395,0.5384208765266738,0,,1,0,collecting_candidates;drift_not_confirmed,voltage_rolling_mean,voltage_rolling_mean=234.859368;source_publish_interval=0.504260,voltage_rolling_mean,0.7562499959021807,11.892542010173202,12.677042046561837
2026-08-10T16:37:58.412075+00:00,measurement_drift_01,meter_03,427,none,none,none,none,none,none,0.9999969377750743,0.44464173429218173,0,,0,0,drift_not_confirmed,,voltage_rolling_mean=230.608773;source_publish_interval=0.504259,,0.5540000274777412,9.428833145648241,10.00254089012742
2026-08-10T16:37:58.878501+00:00,measurement_drift_01,meter_01,428,none,none,none,none,none,none,0.9999892971247188,0.4987239297105473,0,,0,0,drift_not_confirmed,,voltage_rolling_mean=231.597654;source_publish_interval=0.504261,,2.2382079623639584,21.37045795097947,23.6714999191463
2026-08-10T16:37:58.902620+00:00,measurement_drift_01,meter_02,428,none,measurement_shift,none,none,none,normal_drift,0.99999223278836,0.5510291998107829,0,,1,0,collecting_candidates;drift_not_confirmed,voltage_rolling_mean,voltage_rolling_mean=234.859368;source_publish_interval=0.504260,voltage_rolling_mean,0.8090420160442591,12.094791047275066,12.934084050357342
2026-08-10T16:37:58.915726+00:00,measurement_drift_01,meter_03,428,none,none,none,none,none,none,0.999998774573996,0.4618540091977442,0,,0,0,drift_not_confirmed,,voltage_rolling_mean=230.608773;source_publish_interval=0.504259,,0.61766617000103,9.920332813635468,10.560041991993785
2026-08-10T16:37:59.382683+00:00,measurement_drift_01,meter_01,429,none,none,none,none,none,none,0.9999967870778115,0.49805691872399577,0,,0,0,drift_not_confirmed,,voltage_rolling_mean=231.597654;source_publish_interval=0.504261,,2.1248329430818558,22.043833043426275,24.20974988490343
2026-08-10T16:37:59.407301+00:00,measurement_drift_01,meter_02,429,none,measurement_shift,none,none,none,normal_drift,0.9999707414411643,0.5377277440041532,0,,1,0,collecting_candidates;drift_not_confirmed,voltage_rolling_mean,voltage_rolling_mean=234.859368;source_publish_interval=0.504260,voltage_rolling_mean,0.8208330255001783,12.169790919870138,13.01629189401865
2026-08-10T16:37:59.420443+00:00,measurement_drift_01,meter_03,429,none,none,none,none,none,none,0.9999996403262569,0.4667724172854423,0,,0,0,drift_not_confirmed,,voltage_rolling_mean=230.608773;source_publish_interval=0.504259,,0.5772500298917294,9.534667013213038,10.130667127668858
2026-08-10T16:37:59.887743+00:00,measurement_drift_01,meter_01,430,none,none,none,none,none,none,0.9999920696368599,0.5054310897505393,0,,0,0,drift_not_confirmed,,voltage_rolling_mean=231.597654;source_publish_interval=0.504261,,2.532165963202715,19.054540898650885,21.629667142406106
2026-08-10T16:37:59.909799+00:00,measurement_drift_01,meter_02,430,none,measurement_shift,none,none,none,normal_drift,0.9999955398464294,0.5363624768831236,0,,1,0,collecting_candidates;drift_not_confirmed,voltage_rolling_mean,voltage_rolling_mean=234.859368;source_publish_interval=0.504260,voltage_rolling_mean,0.750125152990222,11.553999967873096,12.330583995208144
2026-08-10T16:37:59.922252+00:00,measurement_drift_01,meter_03,430,none,none,none,none,none,none,0.9999996945163355,0.4455448617169078,0,,0,0,drift_not_confirmed,,voltage_rolling_mean=230.608773;source_publish_interval=0.504259,,0.5294580478221178,9.458959102630615,10.00716700218618
2026-08-10T16:38:00.392584+00:00,measurement_drift_01,meter_01,431,none,none,none,none,none,none,0.9999763123486808,0.4846173528854918,0,,0,0,drift_not_confirmed,,voltage_rolling_mean=231.597654;source_publish_interval=0.504261,,2.535042120143771,19.899165956303477,22.482499945908785
2026-08-10T16:38:00.415518+00:00,measurement_drift_01,meter_02,431,none,measurement_shift,none,none,none,normal_drift,0.9999061370751168,0.542905520047313,0,,1,0,collecting_candidates;drift_not_confirmed,voltage_rolling_mean,voltage_rolling_mean=234.859368;source_publish_interval=0.504260,voltage_rolling_mean,0.7527500856667757,11.998290894553065,12.774707982316613
2026-08-10T16:38:00.428414+00:00,measurement_drift_01,meter_03,431,none,none,none,none,none,none,0.9999993769440699,0.48171972438892796,0,,0,0,drift_not_confirmed,,voltage_rolling_mean=230.608773;source_publish_interval=0.504259,,0.537708168849349,9.548875037580729,10.105415945872664
2026-08-10T16:38:00.897766+00:00,measurement_drift_01,meter_01,432,none,none,none,none,none,none,0.9999842349694932,0.4635138281185763,0,,0,0,drift_not_confirmed,,voltage_rolling_mean=231.597654;source_publish_interval=0.504261,,2.186749828979373,21.893625147640705,24.12758395075798
2026-08-10T16:38:00.922295+00:00,measurement_drift_01,meter_02,432,none,measurement_shift,none,none,none,normal_drift,0.9999877015481563,0.5926746635869701,0,,1,0,collecting_candidates;drift_not_confirmed,voltage_rolling_mean,voltage_rolling_mean=234.859368;source_publish_interval=0.504260,voltage_rolling_mean,0.7787090726196766,12.005832977592945,12.811874970793724
2026-08-10T16:38:00.935247+00:00,measurement_drift_01,meter_03,432,none,none,none,none,none,none,0.9999996396027495,0.4563874353049264,0,,0,0,drift_not_confirmed,,voltage_rolling_mean=230.608773;source_publish_interval=0.504259,,0.6101669277995825,9.613125119358301,10.243500117212534
2026-08-10T16:38:01.401877+00:00,measurement_drift_01,meter_01,433,none,none,none,none,none,none,0.9999950582675375,0.46783295026665794,0,,0,0,drift_not_confirmed,,voltage_rolling_mean=231.597654;source_publish_interval=0.504261,,2.3584580048918724,22.60875003412366,25.02770791761577
2026-08-10T16:38:01.427392+00:00,measurement_drift_01,meter_02,433,none,measurement_shift,none,none,none,normal_drift,0.9999935414887768,0.5372214741544276,0,,1,1,drift_not_confirmed;reference_updated,voltage_rolling_mean,voltage_rolling_mean=233.986889;source_publish_interval=0.504260,voltage_rolling_mean,0.9766670409590006,12.333125108852983,13.33983289077878
2026-08-10T16:38:01.440915+00:00,measurement_drift_01,meter_03,433,none,none,none,none,none,none,0.9999988079469856,0.48215915097825723,0,,0,0,drift_not_confirmed,,voltage_rolling_mean=230.608773;source_publish_interval=0.504259,,0.5645831115543842,9.403875097632408,9.986749850213528
2026-08-10T16:38:01.905997+00:00,measurement_drift_01,meter_01,434,none,none,none,none,none,none,0.9999952635841437,0.4652203277622085,0,,0,0,drift_not_confirmed,,voltage_rolling_mean=231.597654;source_publish_interval=0.504261,,2.0556251984089613,21.052000112831593,23.151374887675047
2026-08-10T16:38:01.929519+00:00,measurement_drift_01,meter_02,434,none,measurement_shift,none,none,none,normal_drift,0.9999827052925001,0.5693215643631246,0,,1,0,collecting_candidates;drift_not_confirmed,voltage_rolling_mean,voltage_rolling_mean=233.986889;source_publish_interval=0.504260,voltage_rolling_mean,0.800000037997961,11.960749980062246,12.7871660515666
2026-08-10T16:38:01.942455+00:00,measurement_drift_01,meter_03,434,none,none,none,none,none,none,0.9999995049075217,0.47043520372005954,0,,0,0,drift_not_confirmed,,voltage_rolling_mean=230.608773;source_publish_interval=0.504259,,0.6026250775903463,9.66129102744162,10.282707866281271
2026-08-10T16:38:02.410203+00:00,measurement_drift_01,meter_01,435,none,none,none,none,none,none,0.9999981663533063,0.47425556059356505,0,,0,0,drift_not_confirmed,,voltage_rolling_mean=231.597654;source_publish_interval=0.504261,,2.3351248819381,22.85545808263123,25.232415879145265
2026-08-10T16:38:02.435826+00:00,measurement_drift_01,meter_02,435,none,measurement_shift,none,none,none,normal_drift,0.9999914091557538,0.5410687967273591,0,,1,0,collecting_candidates;drift_not_confirmed,voltage_rolling_mean,voltage_rolling_mean=233.986889;source_publish_interval=0.504260,voltage_rolling_mean,0.8670410607010126,12.19962490722537,13.092959066852927
2026-08-10T16:38:02.449055+00:00,measurement_drift_01,meter_03,435,none,none,none,none,none,none,0.9999996569412204,0.44715137873583644,0,,0,0,drift_not_confirmed,,voltage_rolling_mean=230.608773;source_publish_interval=0.504259,,0.5780830979347229,9.44208400323987,10.03875001333654
2026-08-10T16:38:02.915435+00:00,measurement_drift_01,meter_01,436,none,none,none,none,none,none,0.9999946696973695,0.49865206185309546,0,,0,0,drift_not_confirmed,,voltage_rolling_mean=231.597654;source_publish_interval=0.504261,,1.979541964828968,22.1256660297513,24.1502090357244
2026-08-10T16:38:02.939953+00:00,measurement_drift_01,meter_02,436,none,measurement_shift,none,none,none,normal_drift,0.9999703814581826,0.5646327226581711,0,,1,0,collecting_candidates;drift_not_confirmed,voltage_rolling_mean,voltage_rolling_mean=233.986889;source_publish_interval=0.504260,voltage_rolling_mean,0.8821249939501286,11.940708151087165,12.848457787185907
2026-08-10T16:38:02.952945+00:00,measurement_drift_01,meter_03,436,none,none,none,none,none,none,0.999998632791589,0.5949675531916665,0,,0,0,drift_not_confirmed,,voltage_rolling_mean=230.608773;source_publish_interval=0.504259,,0.5424169357866049,9.412833023816347,9.976124856621027
2026-08-10T16:38:03.415389+00:00,measurement_drift_01,meter_01,437,none,none,none,none,none,none,0.9999924926499124,0.4665776150529908,0,,0,0,drift_not_confirmed,,voltage_rolling_mean=231.597654;source_publish_interval=0.504261,,0.9642911609262228,20.89654211886227,21.913582924753428
2026-08-10T16:38:03.437548+00:00,measurement_drift_01,meter_02,437,none,measurement_shift,none,none,none,normal_drift,0.9999963854613518,0.5356966170245958,0,,1,0,collecting_candidates;drift_not_confirmed,voltage_rolling_mean,voltage_rolling_mean=233.986889;source_publish_interval=0.504260,voltage_rolling_mean,0.8834581822156906,11.56700006686151,12.480999808758497
2026-08-10T16:38:03.450199+00:00,measurement_drift_01,meter_03,437,none,none,none,none,none,none,0.9999996006328337,0.4633868898944968,0,,0,0,drift_not_confirmed,,voltage_rolling_mean=230.608773;source_publish_interval=0.504259,,0.6255828775465488,9.591375011950731,10.244958102703094
2026-08-10T16:38:03.921698+00:00,measurement_drift_01,meter_01,438,none,none,none,none,none,none,0.9999758411539937,0.524888673282314,0,,0,0,drift_not_confirmed,,voltage_rolling_mean=231.597654;source_publish_interval=0.504261,,2.9115001671016216,19.024333218112588,22.007666993886232
2026-08-10T16:38:03.944160+00:00,measurement_drift_01,meter_02,438,none,measurement_shift,none,none,none,normal_drift,0.9999901381928098,0.5321781716223858,0,,1,0,collecting_candidates;drift_not_confirmed,voltage_rolling_mean,voltage_rolling_mean=233.986889;source_publish_interval=0.504260,voltage_rolling_mean,0.8404578547924757,11.776583036407828,12.646208051592112
2026-08-10T16:38:03.957009+00:00,measurement_drift_01,meter_03,438,none,none,none,none,none,none,0.9999989895547408,0.4570148625995581,0,,0,0,drift_not_confirmed,,voltage_rolling_mean=230.608773;source_publish_interval=0.504259,,0.5671670660376549,9.468207834288478,10.056375060230494
2026-08-10T16:38:04.426669+00:00,measurement_drift_01,meter_01,439,none,none,none,none,none,none,0.9999864300952409,0.4489829512171425,0,,0,0,drift_not_confirmed,,voltage_rolling_mean=231.597654;source_publish_interval=0.504261,,2.5878329761326313,19.942916929721832,22.58070814423263
2026-08-10T16:38:04.449716+00:00,measurement_drift_01,meter_02,439,none,measurement_shift,none,none,none,normal_drift,0.9999621051164314,0.5764104989292698,0,,1,0,collecting_candidates;drift_not_confirmed,voltage_rolling_mean,voltage_rolling_mean=233.986889;source_publish_interval=0.504260,voltage_rolling_mean,0.8421659003943205,11.951291933655739,12.820833129808307
2026-08-10T16:38:04.462702+00:00,measurement_drift_01,meter_03,439,none,none,none,none,none,none,0.9999995317271367,0.4580696620801456,0,,0,0,drift_not_confirmed,,voltage_rolling_mean=230.608773;source_publish_interval=0.504259,,0.5633330438286066,9.534208802506328,10.119499871507287
2026-08-10T16:38:04.931929+00:00,measurement_drift_01,meter_01,440,none,none,none,none,none,none,0.9999961886854833,0.4592692108535427,0,,0,0,drift_not_confirmed,,voltage_rolling_mean=231.597654;source_publish_interval=0.504261,,3.0334170442074537,17.468499951064587,20.549416076391935
2026-08-10T16:38:04.952943+00:00,measurement_drift_01,meter_02,440,none,measurement_shift,none,none,none,normal_drift,0.9999978897674218,0.5305602505849158,0,,1,0,collecting_candidates;drift_not_confirmed,voltage_rolling_mean,voltage_rolling_mean=233.986889;source_publish_interval=0.504260,voltage_rolling_mean,0.7897908799350262,10.84858295507729,11.665374971926212
2026-08-10T16:38:04.964761+00:00,measurement_drift_01,meter_03,440,none,none,none,none,none,none,0.9999989648120895,0.5404261260847484,0,,0,0,drift_not_confirmed,,voltage_rolling_mean=230.608773;source_publish_interval=0.504259,,0.5614999681711197,9.288958040997386,9.870250010862947
2026-08-10T16:38:05.436665+00:00,measurement_drift_01,meter_01,441,none,none,none,none,none,none,0.9999913997929675,0.45507635676932384,0,,0,0,drift_not_confirmed,,voltage_rolling_mean=231.597654;source_publish_interval=0.504261,,2.050417009741068,22.170625161379576,24.26912495866418
2026-08-10T16:38:05.461283+00:00,measurement_drift_01,meter_02,441,none,measurement_shift,none,none,none,normal_drift,0.9999935875888379,0.5330910384300053,0,,1,0,collecting_candidates;drift_not_confirmed,voltage_rolling_mean,voltage_rolling_mean=233.986889;source_publish_interval=0.504260,voltage_rolling_mean,0.8258330635726452,11.955083115026355,12.807167135179043
2026-08-10T16:38:05.474221+00:00,measurement_drift_01,meter_03,441,none,none,none,none,none,none,0.9999971030827697,0.4767342798762374,0,,0,0,drift_not_confirmed,,voltage_rolling_mean=230.608773;source_publish_interval=0.504259,,0.6085839122533798,9.655125206336379,10.28337492607534
2026-08-10T16:38:05.941323+00:00,measurement_drift_01,meter_01,442,none,none,none,none,none,none,0.9999935652701226,0.45998617904822464,0,,0,0,drift_not_confirmed,,voltage_rolling_mean=231.597654;source_publish_interval=0.504261,,2.077834215015173,22.134916856884956,24.266708875074983
2026-08-10T16:38:05.966035+00:00,measurement_drift_01,meter_02,442,none,measurement_shift,none,none,none,normal_drift,0.9999980189582208,0.5638935543370422,0,,1,0,collecting_candidates;drift_not_confirmed,voltage_rolling_mean,voltage_rolling_mean=233.986889;source_publish_interval=0.504260,voltage_rolling_mean,0.8948750328272581,12.255416018888354,13.17549985833466
2026-08-10T16:38:05.979359+00:00,measurement_drift_01,meter_03,442,none,none,none,none,none,none,0.9999987135985001,0.47860510190544125,0,,0,0,drift_not_confirmed,,voltage_rolling_mean=230.608773;source_publish_interval=0.504259,,0.5554158706218004,9.675834095105529,10.251166997477412
2026-08-10T16:38:06.446919+00:00,measurement_drift_01,meter_01,443,none,none,none,none,none,none,0.9999929697856522,0.45576882699526855,0,,0,0,drift_not_confirmed,,voltage_rolling_mean=231.597654;source_publish_interval=0.504261,,2.5142498780041933,20.50508395768702,23.058958118781447
2026-08-10T16:38:06.470386+00:00,measurement_drift_01,meter_02,443,none,measurement_shift,none,none,none,normal_drift,0.9999984397407985,0.5397353353122271,0,,1,0,collecting_candidates;drift_not_confirmed,voltage_rolling_mean,voltage_rolling_mean=233.986889;source_publish_interval=0.504260,voltage_rolling_mean,0.7245000451803207,12.031917227432132,12.783249840140343
2026-08-10T16:38:06.483301+00:00,measurement_drift_01,meter_03,443,none,none,none,none,none,none,0.9999985745690633,0.4626518507364483,0,,0,0,drift_not_confirmed,,voltage_rolling_mean=230.608773;source_publish_interval=0.504259,,0.6274580955505371,9.566500084474683,10.214750189334154
2026-08-10T16:38:06.951850+00:00,measurement_drift_01,meter_01,444,none,none,none,unknown,unknown,unknown,0.9999987341425719,0.6103035774601104,0,,0,0,drift_not_confirmed,,voltage_rolling_mean=231.597654;source_publish_interval=0.504261,,2.3163328878581524,22.566125029698014,24.9332080129534
2026-08-10T16:38:06.977231+00:00,measurement_drift_01,meter_02,444,none,measurement_shift,none,none,none,normal_drift,0.999997644290004,0.597139121825882,0,,1,0,collecting_candidates;drift_not_confirmed,voltage_rolling_mean,voltage_rolling_mean=233.986889;source_publish_interval=0.504260,voltage_rolling_mean,0.8588330820202827,12.132582953199744,13.017458142712712
2026-08-10T16:38:06.990382+00:00,measurement_drift_01,meter_03,444,none,none,none,none,none,none,0.999998015481481,0.5594134258406706,0,,0,0,drift_not_confirmed,,voltage_rolling_mean=230.608773;source_publish_interval=0.504259,,0.5754169542342424,9.461167035624385,10.055958991870284
2026-08-10T16:38:07.453220+00:00,measurement_drift_01,meter_01,445,none,none,none,none,none,none,0.9999969265715081,0.4616026628586299,0,,0,0,drift_not_confirmed,,voltage_rolling_mean=231.597654;source_publish_interval=0.504261,,2.5737499818205833,21.39183389954269,24.013542104512453
2026-08-10T16:38:07.477645+00:00,measurement_drift_01,meter_02,445,none,measurement_shift,none,none,none,normal_drift,0.9999923332098268,0.5388659168622315,0,,1,0,collecting_candidates;drift_not_confirmed,voltage_rolling_mean,voltage_rolling_mean=233.986889;source_publish_interval=0.504260,voltage_rolling_mean,0.8672908879816532,11.943584075197577,12.835957808420062
2026-08-10T16:38:07.490618+00:00,measurement_drift_01,meter_03,445,none,none,none,none,none,none,0.9999994516801376,0.44089191778324643,0,,0,0,drift_not_confirmed,,voltage_rolling_mean=230.608773;source_publish_interval=0.504259,,0.5633330438286066,9.530042065307498,10.113833006471395
2026-08-10T16:38:07.958491+00:00,measurement_drift_01,meter_01,446,none,none,none,none,none,none,0.9999956427093267,0.4614238479125295,0,,0,0,drift_not_confirmed,,voltage_rolling_mean=231.597654;source_publish_interval=0.504261,,2.045874949544668,22.16074988245964,24.250792106613517
2026-08-10T16:38:07.983104+00:00,measurement_drift_01,meter_02,446,none,measurement_shift,none,none,none,normal_drift,0.9999979146527961,0.5406949354299563,0,,1,0,collecting_candidates;drift_not_confirmed,voltage_rolling_mean,voltage_rolling_mean=233.986889;source_publish_interval=0.504260,voltage_rolling_mean,0.8832078892737627,12.14333320967853,13.05429101921618
2026-08-10T16:38:07.996307+00:00,measurement_drift_01,meter_03,446,none,none,none,none,none,none,0.9999975845937552,0.5567281491635733,0,,0,0,drift_not_confirmed,,voltage_rolling_mean=230.608773;source_publish_interval=0.504259,,0.5496668163686991,9.570791153237224,10.141124948859215
2026-08-10T16:38:08.459609+00:00,measurement_drift_01,meter_01,447,none,none,none,none,none,none,0.9999368832791838,0.4808124244827824,0,,0,0,drift_not_confirmed,,voltage_rolling_mean=231.597654;source_publish_interval=0.504261,,1.3662499841302633,21.266582887619734,22.6736671756953
2026-08-10T16:38:08.482548+00:00,measurement_drift_01,meter_02,447,none,measurement_shift,none,none,none,normal_drift,0.9999975932797859,0.5670645440171987,0,,1,0,collecting_candidates;drift_not_confirmed,voltage_rolling_mean,voltage_rolling_mean=233.986889;source_publish_interval=0.504260,voltage_rolling_mean,0.8361670188605785,13.179041910916567,14.044499956071377
2026-08-10T16:38:08.496712+00:00,measurement_drift_01,meter_03,447,none,none,none,unknown,unknown,unknown,0.9999992270329017,0.6222308050070781,0,,0,0,drift_not_confirmed,,voltage_rolling_mean=230.608773;source_publish_interval=0.504259,,0.6323340348899364,10.202165925875306,10.8537080232054
2026-08-10T16:38:08.965029+00:00,measurement_drift_01,meter_01,448,none,none,none,none,none,none,0.9999913984071397,0.45363410351544875,0,,0,0,drift_not_confirmed,,voltage_rolling_mean=231.597654;source_publish_interval=0.504261,,2.1754999179393053,21.82916598394513,24.042292032390833
2026-08-10T16:38:08.989395+00:00,measurement_drift_01,meter_02,448,none,measurement_shift,none,none,none,normal_drift,0.999992545779532,0.5435422171519358,0,,1,0,collecting_candidates;drift_not_confirmed,voltage_rolling_mean,voltage_rolling_mean=233.986889;source_publish_interval=0.504260,voltage_rolling_mean,0.8432080503553152,11.906916974112391,12.776958057656884
2026-08-10T16:38:09.002305+00:00,measurement_drift_01,meter_03,448,none,none,none,none,none,none,0.9999982921429378,0.4394409949322176,0,,0,0,drift_not_confirmed,,voltage_rolling_mean=230.608773;source_publish_interval=0.504259,,0.5777920596301556,9.511125041171908,10.108542162925005
2026-08-10T16:38:09.466955+00:00,measurement_drift_01,meter_01,449,none,none,none,none,none,none,0.9999931689648442,0.4579762620832666,0,,0,0,drift_not_confirmed,,voltage_rolling_mean=231.597654;source_publish_interval=0.504261,,2.2305839229375124,22.239041049033403,24.506625020876527
2026-08-10T16:38:09.492095+00:00,measurement_drift_01,meter_02,449,none,measurement_shift,none,none,none,normal_drift,0.9999969654594756,0.5300553881981701,0,,1,0,collecting_candidates;drift_not_confirmed,voltage_rolling_mean,voltage_rolling_mean=233.986889;source_publish_interval=0.504260,voltage_rolling_mean,0.8692920673638582,11.943666031584144,12.838041875511408
2026-08-10T16:38:09.505049+00:00,measurement_drift_01,meter_03,449,none,none,none,none,none,none,0.9999991452586584,0.44522855168801057,0,,0,0,drift_not_confirmed,,voltage_rolling_mean=230.608773;source_publish_interval=0.504259,,0.5909588653594255,9.480749955400825,10.089999996125698
2026-08-10T16:38:09.966800+00:00,measurement_drift_01,meter_01,450,none,none,none,none,none,none,0.9999982009382785,0.5243824797281477,0,,0,0,drift_not_confirmed,,voltage_rolling_mean=231.597654;source_publish_interval=0.504261,,1.3973340392112732,20.972834201529622,22.4112079013139
2026-08-10T16:38:09.989554+00:00,measurement_drift_01,meter_02,450,none,none,none,unknown,unknown,normal_drift,0.9999997911362283,0.6361158691342998,0,,1,0,collecting_candidates;drift_not_confirmed,voltage_rolling_mean,voltage_rolling_mean=233.986889;source_publish_interval=0.504260,voltage_rolling_mean,0.8837080094963312,12.841082876548171,13.751041842624545
2026-08-10T16:38:10.003427+00:00,measurement_drift_01,meter_03,450,none,none,none,none,none,none,0.9999988661050131,0.4597164269966026,0,,0,0,drift_not_confirmed,,voltage_rolling_mean=230.608773;source_publish_interval=0.504259,,0.6175830494612455,10.144083993509412,10.781917022541165
2026-08-10T16:38:10.468651+00:00,measurement_drift_01,meter_01,451,none,none,none,none,none,none,0.9999992378753391,0.5065412472104938,0,,0,0,drift_not_confirmed,,voltage_rolling_mean=231.597654;source_publish_interval=0.504261,,2.0928331650793552,21.9822081271559,24.11095891147852
2026-08-10T16:38:10.493084+00:00,measurement_drift_01,meter_02,451,none,none,none,unknown,unknown,normal_drift,0.999997694996523,0.6230502180116596,0,,1,0,collecting_candidates;drift_not_confirmed,voltage_rolling_mean,voltage_rolling_mean=233.986889;source_publish_interval=0.504260,voltage_rolling_mean,0.844959169626236,11.929500149562955,12.799625052139163
2026-08-10T16:38:10.505993+00:00,measurement_drift_01,meter_03,451,none,none,none,none,none,none,0.9999992962637302,0.5821908118121786,0,,0,0,drift_not_confirmed,,voltage_rolling_mean=230.608773;source_publish_interval=0.504259,,0.5468339659273624,9.547417052090168,10.113042080774903
2026-08-10T16:38:10.971345+00:00,measurement_drift_01,meter_01,452,none,none,none,none,none,none,0.9999976720967315,0.5386183438276023,0,,0,0,drift_not_confirmed,,voltage_rolling_mean=231.597654;source_publish_interval=0.504261,,1.3073747977614403,20.88095899671316,22.22254197113216
2026-08-10T16:38:10.993821+00:00,measurement_drift_01,meter_02,452,none,none,none,none,none,normal_drift,0.9999950653672749,0.5942697456277239,0,,1,0,collecting_candidates;drift_not_confirmed,voltage_rolling_mean,voltage_rolling_mean=233.986889;source_publish_interval=0.504260,voltage_rolling_mean,0.8804998360574245,13.374458067119122,14.280167175456882
2026-08-10T16:38:11.008242+00:00,measurement_drift_01,meter_03,452,none,none,none,none,none,none,0.9999985318118383,0.44027842838011794,0,,0,0,drift_not_confirmed,,voltage_rolling_mean=230.608773;source_publish_interval=0.504259,,0.6254999898374081,10.178917087614536,10.82333317026496
2026-08-10T16:38:11.477507+00:00,measurement_drift_01,meter_01,453,none,none,none,none,none,none,0.9999978297544327,0.5056320498725608,0,,0,0,drift_not_confirmed,,voltage_rolling_mean=231.597654;source_publish_interval=0.504261,,2.487374935299158,22.756166057661176,25.28395806439221
2026-08-10T16:38:11.503259+00:00,measurement_drift_01,meter_02,453,none,none,none,none,none,normal_drift,0.9999915191725842,0.5332539684650631,0,,1,1,drift_not_confirmed;reference_updated,voltage_rolling_mean,voltage_rolling_mean=233.745557;source_publish_interval=0.504260,voltage_rolling_mean,0.8507079910486937,11.965541867539287,12.845083139836788
2026-08-10T16:38:11.516240+00:00,measurement_drift_01,meter_03,453,none,none,none,none,none,none,0.9999950572641451,0.4994056402855041,0,,0,0,drift_not_confirmed,,voltage_rolling_mean=230.608773;source_publish_interval=0.504259,,0.6065841298550367,9.841833030804992,10.468167020007968
2026-08-10T16:38:11.982244+00:00,measurement_drift_01,meter_01,454,none,none,none,none,none,none,0.9999989787690087,0.4635669890092273,0,,0,0,drift_not_confirmed,,voltage_rolling_mean=231.597654;source_publish_interval=0.504261,,1.6529581043869257,21.233625011518598,22.926708916202188
2026-08-10T16:38:12.005448+00:00,measurement_drift_01,meter_02,454,none,none,none,none,none,normal_drift,0.9999975309027609,0.5562937010443719,0,,1,0,collecting_candidates;drift_not_confirmed,voltage_rolling_mean,voltage_rolling_mean=233.745557;source_publish_interval=0.504260,voltage_rolling_mean,0.8709589019417763,12.912959093227983,13.81208305247128
2026-08-10T16:38:12.019394+00:00,measurement_drift_01,meter_03,454,none,none,none,none,none,none,0.9999968469323204,0.5439328472926922,0,,0,0,drift_not_confirmed,,voltage_rolling_mean=230.608773;source_publish_interval=0.504259,,0.6067079957574606,9.84333292581141,10.469333035871387
2026-08-10T16:38:12.483391+00:00,measurement_drift_01,meter_01,455,none,none,none,none,none,none,0.9999978469723793,0.5588685474653058,0,,0,0,drift_not_confirmed,,voltage_rolling_mean=231.597654;source_publish_interval=0.504261,,2.01662490144372,21.369583206251264,23.42541702091694
2026-08-10T16:38:12.507133+00:00,measurement_drift_01,meter_02,455,none,none,none,none,none,normal_drift,0.999994482792718,0.5651946361247743,0,,1,0,collecting_candidates;drift_not_confirmed,voltage_rolling_mean,voltage_rolling_mean=233.745557;source_publish_interval=0.504260,voltage_rolling_mean,0.754999928176403,11.857375036925077,12.637416832149029
2026-08-10T16:38:12.519928+00:00,measurement_drift_01,meter_03,455,none,none,none,none,none,none,0.9999993460511616,0.43371907901173495,0,,0,0,drift_not_confirmed,,voltage_rolling_mean=230.608773;source_publish_interval=0.504259,,0.5834579933434725,9.624958038330078,10.227541904896498
2026-08-10T16:38:12.988398+00:00,measurement_drift_01,meter_01,456,none,none,none,none,none,none,0.9999993018319777,0.5011387569349417,0,,0,0,drift_not_confirmed,,voltage_rolling_mean=231.597654;source_publish_interval=0.504261,,2.0205830223858356,21.724832942709327,23.779291193932295
2026-08-10T16:38:13.012452+00:00,measurement_drift_01,meter_02,456,none,none,none,none,none,normal_drift,0.9999645444273078,0.5261669603931391,0,,1,0,collecting_candidates;drift_not_confirmed,voltage_rolling_mean,voltage_rolling_mean=233.745557;source_publish_interval=0.504260,voltage_rolling_mean,0.8452089969068766,11.901125079020858,12.770458124578
2026-08-10T16:38:13.025330+00:00,measurement_drift_01,meter_03,456,none,none,none,none,none,none,0.9999978295227158,0.5411415897983474,0,,0,0,drift_not_confirmed,,voltage_rolling_mean=230.608773;source_publish_interval=0.504259,,0.5400830414146185,9.515207959339023,10.073458077386022
2026-08-10T16:38:13.491457+00:00,measurement_drift_01,meter_01,457,none,none,none,none,none,none,0.9999992614322065,0.44708226748864366,0,,0,0,drift_not_confirmed,,voltage_rolling_mean=231.597654;source_publish_interval=0.504261,,2.770791994407773,18.030375009402633,20.83291602320969
2026-08-10T16:38:13.512655+00:00,measurement_drift_01,meter_02,457,none,none,none,none,none,normal_drift,0.999987168865164,0.5357138006877431,0,,1,0,collecting_candidates;drift_not_confirmed,voltage_rolling_mean,voltage_rolling_mean=233.745557;source_publish_interval=0.504260,voltage_rolling_mean,0.7216250523924828,11.169750010594726,11.913500027731061
2026-08-10T16:38:13.524674+00:00,measurement_drift_01,meter_03,457,none,none,none,none,none,none,0.9999972545501721,0.44223448095884665,0,,0,0,drift_not_confirmed,,voltage_rolling_mean=230.608773;source_publish_interval=0.504259,,0.5122500006109476,9.29245911538601,9.822000050917268
2026-08-10T16:38:13.996299+00:00,measurement_drift_01,meter_01,458,none,none,none,none,none,none,0.9999993809977435,0.577765040695385,0,,0,0,drift_not_confirmed,,voltage_rolling_mean=231.597654;source_publish_interval=0.504261,,1.9637919031083584,22.601542063057423,24.610291002318263
2026-08-10T16:38:14.021215+00:00,measurement_drift_01,meter_02,458,none,none,none,none,none,normal_drift,0.9999915458824716,0.54991689592673,0,,1,0,collecting_candidates;drift_not_confirmed,voltage_rolling_mean,voltage_rolling_mean=233.745557;source_publish_interval=0.504260,voltage_rolling_mean,0.8594999089837074,11.764917057007551,12.64933287166059
2026-08-10T16:38:14.033979+00:00,measurement_drift_01,meter_03,458,none,none,none,none,none,none,0.9999964879502334,0.45472487517592713,0,,0,0,drift_not_confirmed,,voltage_rolling_mean=230.608773;source_publish_interval=0.504259,,0.5186249036341906,9.410124970600009,9.9484589882195
2026-08-10T16:38:14.501314+00:00,measurement_drift_01,meter_01,459,none,none,none,none,none,none,0.999997545060435,0.4538686650856473,0,,0,0,drift_not_confirmed,,voltage_rolling_mean=231.597654;source_publish_interval=0.504261,,2.491625025868416,20.933249965310097,23.46112485975027
2026-08-10T16:38:14.525141+00:00,measurement_drift_01,meter_02,459,none,none,none,unknown,unknown,normal_drift,0.9999960903048168,0.6549210497608856,0,,1,0,collecting_candidates;drift_not_confirmed,voltage_rolling_mean,voltage_rolling_mean=233.745557;source_publish_interval=0.504260,voltage_rolling_mean,0.7173330523073673,12.022125069051981,12.764791026711464
2026-08-10T16:38:14.538036+00:00,measurement_drift_01,meter_03,459,none,none,none,none,none,none,0.9999986930535553,0.5548791209994188,0,,0,0,drift_not_confirmed,,voltage_rolling_mean=230.608773;source_publish_interval=0.504259,,0.554458936676383,9.649915853515267,10.222542099654675
2026-08-10T16:38:15.006449+00:00,measurement_drift_01,meter_01,460,none,none,none,none,none,none,0.9999990936953036,0.4831972666743311,0,,0,0,drift_not_confirmed,,voltage_rolling_mean=231.597654;source_publish_interval=0.504261,,2.7370841708034277,17.497292021289468,20.264375023543835
2026-08-10T16:38:15.027075+00:00,measurement_drift_01,meter_02,460,none,none,none,none,none,normal_drift,0.9999869620038719,0.5192346089881091,0,,1,0,collecting_candidates;drift_not_confirmed,voltage_rolling_mean,voltage_rolling_mean=233.745557;source_publish_interval=0.504260,voltage_rolling_mean,0.745000084862113,11.093042092397809,11.860917089506984
2026-08-10T16:38:15.039033+00:00,measurement_drift_01,meter_03,460,none,none,none,none,none,none,0.9999989183333451,0.47546807565711774,0,,0,0,drift_not_confirmed,,voltage_rolling_mean=230.608773;source_publish_interval=0.504259,,0.5247499793767929,9.290208807215095,9.833249961957335
2026-08-10T16:38:15.511415+00:00,measurement_drift_01,meter_01,461,none,none,none,none,none,none,0.9999955651153534,0.4536546372626412,0,,0,0,drift_not_confirmed,,voltage_rolling_mean=231.597654;source_publish_interval=0.504261,,1.975958002731204,21.92433294840157,23.93695805221796
2026-08-10T16:38:15.535643+00:00,measurement_drift_01,meter_02,461,none,none,none,none,none,normal_drift,0.999969205930212,0.5190545505334462,0,,1,0,collecting_candidates;drift_not_confirmed,voltage_rolling_mean,voltage_rolling_mean=233.745557;source_publish_interval=0.504260,voltage_rolling_mean,0.8567920885980129,11.914958013221622,12.795417103916407
2026-08-10T16:38:15.548544+00:00,measurement_drift_01,meter_03,461,none,none,none,none,none,none,0.9999971204705121,0.452201461000333,0,,0,0,drift_not_confirmed,,voltage_rolling_mean=230.608773;source_publish_interval=0.504259,,0.5517909303307533,9.452915983274579,10.023915907368064
2026-08-10T16:38:16.016735+00:00,measurement_drift_01,meter_01,462,none,none,none,none,none,none,0.9999939376025916,0.46319040938686556,0,,0,0,drift_not_confirmed,,voltage_rolling_mean=231.597654;source_publish_interval=0.504261,,2.0650839433073997,22.145292023196816,24.256709031760693
2026-08-10T16:38:16.041363+00:00,measurement_drift_01,meter_02,462,none,none,none,none,none,normal_drift,0.9999677089687864,0.5249992522117132,0,,1,0,collecting_candidates;drift_not_confirmed,voltage_rolling_mean,voltage_rolling_mean=233.745557;source_publish_interval=0.504260,voltage_rolling_mean,0.8831669110804796,12.032542144879699,12.940499931573868
2026-08-10T16:38:16.054413+00:00,measurement_drift_01,meter_03,462,none,none,none,none,none,none,0.9999982842529996,0.46287521641538715,0,,0,0,drift_not_confirmed,,voltage_rolling_mean=230.608773;source_publish_interval=0.504259,,0.5287090316414833,9.579750010743737,10.12708293274045
2026-08-10T16:38:16.519837+00:00,measurement_drift_01,meter_01,463,none,none,none,none,none,none,0.9999970426114394,0.447891162196143,0,,0,0,drift_not_confirmed,,voltage_rolling_mean=231.597654;source_publish_interval=0.504261,,2.4313749745488167,19.70029203221202,22.17437489889562
2026-08-10T16:38:16.542402+00:00,measurement_drift_01,meter_02,463,none,none,none,none,none,normal_drift,0.9999718606382362,0.47296140248223434,0,,1,0,collecting_candidates;drift_not_confirmed,voltage_rolling_mean,voltage_rolling_mean=233.745557;source_publish_interval=0.504260,voltage_rolling_mean,0.793208135291934,11.805249843746424,12.620416935533285
2026-08-10T16:38:16.555127+00:00,measurement_drift_01,meter_03,463,none,none,none,none,none,none,0.9999978545202969,0.4592902117621991,0,,0,0,drift_not_confirmed,,voltage_rolling_mean=230.608773;source_publish_interval=0.504259,,0.5093340296298265,9.485542075708508,10.012916987761855
2026-08-10T16:38:17.021721+00:00,measurement_drift_01,meter_01,464,none,none,none,none,none,none,0.9999990545832184,0.4537601662841686,0,,0,0,drift_not_confirmed,,voltage_rolling_mean=231.597654;source_publish_interval=0.504261,,1.3989170547574759,20.556458039209247,21.99212508276105
2026-08-10T16:38:17.043975+00:00,measurement_drift_01,meter_02,464,none,none,none,none,none,normal_drift,0.9999894735068058,0.4709094069685914,0,,1,0,collecting_candidates;drift_not_confirmed,voltage_rolling_mean,voltage_rolling_mean=233.745557;source_publish_interval=0.504260,voltage_rolling_mean,0.8678750600665808,12.71541602909565,13.607374858111143
2026-08-10T16:38:17.057693+00:00,measurement_drift_01,meter_03,464,none,none,none,none,none,none,0.9999983939283088,0.44218996367910696,0,,0,0,drift_not_confirmed,,voltage_rolling_mean=230.608773;source_publish_interval=0.504259,,0.5632501561194658,9.77024994790554,10.351666947826743
2026-08-10T16:38:17.526190+00:00,measurement_drift_01,meter_01,465,none,none,none,none,none,none,0.9999977203345082,0.45434686033958854,0,,0,0,drift_not_confirmed,,voltage_rolling_mean=231.597654;source_publish_interval=0.504261,,1.724541885778308,21.424000151455402,23.188208928331733
2026-08-10T16:38:17.549681+00:00,measurement_drift_01,meter_02,465,none,none,none,none,none,normal_drift,0.9999920456630172,0.5100231823084309,0,,1,0,collecting_candidates;drift_not_confirmed,voltage_rolling_mean,voltage_rolling_mean=233.745557;source_publish_interval=0.504260,voltage_rolling_mean,0.7673341315239668,12.117709033191204,12.91179214604199
2026-08-10T16:38:17.562717+00:00,measurement_drift_01,meter_03,465,none,none,none,none,none,none,0.9999978257702404,0.4464783537096765,0,,0,0,drift_not_confirmed,,voltage_rolling_mean=230.608773;source_publish_interval=0.504259,,0.5712909623980522,9.724833071231842,10.315417079254985
2026-08-10T16:38:18.030289+00:00,measurement_drift_01,meter_01,466,none,none,none,none,none,none,0.9999985372894743,0.4588521798579871,0,,0,0,drift_not_confirmed,,voltage_rolling_mean=231.597654;source_publish_interval=0.504261,,2.5139169301837683,21.698083030059934,24.247708031907678
2026-08-10T16:38:18.054912+00:00,measurement_drift_01,meter_02,466,none,none,none,none,none,normal_drift,0.9999941888249401,0.510500772166257,0,,1,0,collecting_candidates;drift_not_confirmed,voltage_rolling_mean,voltage_rolling_mean=233.745557;source_publish_interval=0.504260,voltage_rolling_mean,0.8529999759048223,12.082333909347653,12.960833963006735
2026-08-10T16:38:18.067996+00:00,measurement_drift_01,meter_03,466,none,none,none,none,none,none,0.9999958822205735,0.4449982142230588,0,,0,0,drift_not_confirmed,,voltage_rolling_mean=230.608773;source_publish_interval=0.504259,,0.5738751497119665,9.65441600419581,10.24729199707508
2026-08-10T16:38:18.534930+00:00,measurement_drift_01,meter_01,467,none,none,none,none,none,none,0.9999977673088618,0.5345220389091679,0,,0,0,drift_not_confirmed,,voltage_rolling_mean=231.597654;source_publish_interval=0.504261,,2.3962499108165503,19.30270902812481,21.73666679300368
2026-08-10T16:38:18.557068+00:00,measurement_drift_01,meter_02,467,none,none,none,none,none,normal_drift,0.9999908025641989,0.46349599545674025,0,,1,0,collecting_candidates;drift_not_confirmed,voltage_rolling_mean,voltage_rolling_mean=233.745557;source_publish_interval=0.504260,voltage_rolling_mean,0.7957920897752047,11.557375080883503,12.378416955471039
2026-08-10T16:38:18.569567+00:00,measurement_drift_01,meter_03,467,none,none,none,none,none,none,0.9999962792637457,0.4494648612505358,0,,0,0,drift_not_confirmed,,voltage_rolling_mean=230.608773;source_publish_interval=0.504259,,0.5187499336898327,9.54383285716176,10.080167092382908
2026-08-10T16:38:19.036734+00:00,measurement_drift_01,meter_01,468,none,none,none,none,none,none,0.9999973221515643,0.47291397237404237,0,,0,0,drift_not_confirmed,,voltage_rolling_mean=231.597654;source_publish_interval=0.504261,,2.5799591094255447,18.636208027601242,21.24899998307228
2026-08-10T16:38:19.058355+00:00,measurement_drift_01,meter_02,468,none,none,none,none,none,normal_drift,0.999997219130672,0.45807720783354805,0,,1,0,collecting_candidates;drift_not_confirmed,voltage_rolling_mean,voltage_rolling_mean=233.745557;source_publish_interval=0.504260,voltage_rolling_mean,0.7817081641405821,11.610333109274507,12.413375079631805
2026-08-10T16:38:19.070868+00:00,measurement_drift_01,meter_03,468,none,none,none,none,none,none,0.9999970660885565,0.43614002175048244,0,,0,0,drift_not_confirmed,,voltage_rolling_mean=230.608773;source_publish_interval=0.504259,,0.5237499717622995,9.427249897271395,9.969542035833001
2026-08-10T16:38:19.538608+00:00,measurement_drift_01,meter_01,469,none,none,none,none,none,none,0.9999977967444065,0.5573189819767563,0,,0,0,drift_not_confirmed,,voltage_rolling_mean=231.597654;source_publish_interval=0.504261,,2.161291893571615,21.44520916044712,23.64637516438961
2026-08-10T16:38:19.562616+00:00,measurement_drift_01,meter_02,469,none,none,none,none,none,normal_drift,0.9999924323193685,0.444786395458735,0,,1,0,collecting_candidates;drift_not_confirmed,voltage_rolling_mean,voltage_rolling_mean=233.745557;source_publish_interval=0.504260,voltage_rolling_mean,0.736334128305316,11.746166972443461,12.509250082075596
2026-08-10T16:38:19.575238+00:00,measurement_drift_01,meter_03,469,none,none,none,none,none,none,0.9999978764901007,0.4392971171319503,0,,0,0,drift_not_confirmed,,voltage_rolling_mean=230.608773;source_publish_interval=0.504259,,0.5654999986290932,9.591040899977088,10.177000192925334
2026-08-10T16:38:20.042945+00:00,measurement_drift_01,meter_01,470,none,none,none,none,none,none,0.999995309759987,0.44617505145453346,0,,0,0,drift_not_confirmed,,voltage_rolling_mean=231.597654;source_publish_interval=0.504261,,1.4168750494718552,20.773750031366944,22.230208152905107
2026-08-10T16:38:20.065476+00:00,measurement_drift_01,meter_02,470,none,none,none,none,none,normal_drift,0.999994721122451,0.5472093158973597,0,,1,0,collecting_candidates;drift_not_confirmed,voltage_rolling_mean,voltage_rolling_mean=233.745557;source_publish_interval=0.504260,voltage_rolling_mean,0.8933749049901962,13.628541957587004,14.549790881574154
2026-08-10T16:38:20.080135+00:00,measurement_drift_01,meter_03,470,none,none,none,none,none,none,0.9999983203406648,0.4426312419542949,0,,0,0,drift_not_confirmed,,voltage_rolling_mean=230.608773;source_publish_interval=0.504259,,0.5731668788939714,10.171041823923588,10.765749961137772
2026-08-10T16:38:20.548585+00:00,measurement_drift_01,meter_01,471,none,none,none,none,none,none,0.9999976235873799,0.4492751752467472,0,,0,0,drift_not_confirmed,,voltage_rolling_mean=231.597654;source_publish_interval=0.504261,,2.2390419617295265,19.49195913039148,21.792749874293804
2026-08-10T16:38:20.570818+00:00,measurement_drift_01,meter_02,471,none,none,none,none,none,normal_drift,0.9999929599483371,0.5255659841104922,0,,1,0,collecting_candidates;drift_not_confirmed,voltage_rolling_mean,voltage_rolling_mean=233.745557;source_publish_interval=0.504260,voltage_rolling_mean,0.9450421202927828,18.757499987259507,19.7650829795748
2026-08-10T16:38:20.590900+00:00,measurement_drift_01,meter_03,471,none,none,none,none,none,none,0.9999927922358782,0.45110071757697606,0,,0,0,drift_not_confirmed,,voltage_rolling_mean=230.608773;source_publish_interval=0.504259,,0.8170839864760637,10.18974999897182,11.042250087484717
2026-08-10T16:38:21.051828+00:00,measurement_drift_01,meter_01,472,none,none,none,none,none,none,0.999996479101549,0.47677306004914854,0,,0,0,drift_not_confirmed,,voltage_rolling_mean=231.597654;source_publish_interval=0.504261,,2.5542909279465675,17.51095801591873,20.13400010764599
2026-08-10T16:38:21.072436+00:00,measurement_drift_01,meter_02,472,none,none,none,none,none,normal_drift,0.9999975979192854,0.4364866194602779,0,,1,0,collecting_candidates;drift_not_confirmed,voltage_rolling_mean,voltage_rolling_mean=233.745557;source_publish_interval=0.504260,voltage_rolling_mean,0.8369169663637877,11.308541987091303,12.173084076493979
2026-08-10T16:38:21.084765+00:00,measurement_drift_01,meter_03,472,none,none,none,none,none,none,0.9999984431179101,0.4524471494004959,0,,0,0,drift_not_confirmed,,voltage_rolling_mean=230.608773;source_publish_interval=0.504259,,0.5233339034020901,9.542000014334917,10.087999980896711
2026-08-10T16:38:21.556558+00:00,measurement_drift_01,meter_01,473,none,none,none,none,none,none,0.9999956092773659,0.5144072752286963,0,,0,0,drift_not_confirmed,,voltage_rolling_mean=231.597654;source_publish_interval=0.504261,,1.3610830064862967,20.99295798689127,22.40974991582334
2026-08-10T16:38:21.579253+00:00,measurement_drift_01,meter_02,473,none,none,none,none,none,normal_drift,0.999997832419254,0.4480419775742648,0,,1,1,drift_not_confirmed;reference_updated,voltage_rolling_mean,voltage_rolling_mean=232.745557;source_publish_interval=0.504260,voltage_rolling_mean,0.9467501658946276,13.407250167801976,14.388625044375658
2026-08-10T16:38:21.593837+00:00,measurement_drift_01,meter_03,473,none,none,none,none,none,none,0.9999960683793593,0.47817609262033267,0,,0,0,drift_not_confirmed,,voltage_rolling_mean=230.608773;source_publish_interval=0.504259,,0.6215411704033613,10.175208793953061,10.818499838933349
2026-08-10T16:38:22.059851+00:00,measurement_drift_01,meter_01,474,none,none,none,none,none,none,0.9999959498360987,0.4482874748624907,0,,0,0,drift_not_confirmed,,voltage_rolling_mean=231.597654;source_publish_interval=0.504261,,2.008209004998207,22.164249792695045,24.216333869844675
2026-08-10T16:38:22.084383+00:00,measurement_drift_01,meter_02,474,none,none,none,none,none,normal_drift,0.99999649777095,0.4910376746777417,0,,1,0,collecting_candidates;drift_not_confirmed,voltage_rolling_mean,voltage_rolling_mean=232.745557;source_publish_interval=0.504260,voltage_rolling_mean,0.8971248753368855,11.985999997705221,12.912207981571555
2026-08-10T16:38:22.097439+00:00,measurement_drift_01,meter_03,474,none,none,none,none,none,none,0.9999978466004948,0.45021401090981894,0,,0,0,drift_not_confirmed,,voltage_rolling_mean=230.608773;source_publish_interval=0.504259,,0.5403340328484774,9.5378328114748,10.098792146891356
2026-08-10T16:38:22.565085+00:00,measurement_drift_01,meter_01,475,none,none,none,none,none,none,0.999996659133474,0.5588905679789414,0,,0,0,drift_not_confirmed,,voltage_rolling_mean=231.597654;source_publish_interval=0.504261,,2.0659170113503933,21.719957934692502,23.820250062271953
2026-08-10T16:38:22.589320+00:00,measurement_drift_01,meter_02,475,none,none,none,none,none,normal_drift,0.9999983332556086,0.46290803746208,0,,1,0,collecting_candidates;drift_not_confirmed,voltage_rolling_mean,voltage_rolling_mean=232.745557;source_publish_interval=0.504260,voltage_rolling_mean,0.7221659179776907,11.965624988079071,12.712750118225813
2026-08-10T16:38:22.602159+00:00,measurement_drift_01,meter_03,475,none,none,none,none,none,none,0.999998191129639,0.44020308576641004,0,,0,0,drift_not_confirmed,,voltage_rolling_mean=230.608773;source_publish_interval=0.504259,,0.5874589551240206,9.58149996586144,10.188458021730185
2026-08-10T16:38:23.070267+00:00,measurement_drift_01,meter_01,476,none,none,none,none,none,none,0.9999882768803874,0.5827634156177843,0,,0,0,drift_not_confirmed,,voltage_rolling_mean=231.597654;source_publish_interval=0.504261,,2.213583094999194,21.999082993716,24.249625159427524
2026-08-10T16:38:23.094900+00:00,measurement_drift_01,meter_02,476,none,none,none,none,none,normal_drift,0.9999840027858201,0.4858675764214315,0,,1,0,collecting_candidates;drift_not_confirmed,voltage_rolling_mean,voltage_rolling_mean=232.745557;source_publish_interval=0.504260,voltage_rolling_mean,0.8149999193847179,12.000666931271553,12.840084033086896
2026-08-10T16:38:23.107848+00:00,measurement_drift_01,meter_03,476,none,none,none,none,none,none,0.9999941669587056,0.5365809848383846,0,,0,0,drift_not_confirmed,,voltage_rolling_mean=230.608773;source_publish_interval=0.504259,,0.5984168965369463,9.491333039477468,10.108082788065076
2026-08-10T16:38:23.575298+00:00,measurement_drift_01,meter_01,477,none,none,none,none,none,none,0.9999963247375556,0.45029033966370535,0,,0,0,drift_not_confirmed,,voltage_rolling_mean=231.597654;source_publish_interval=0.504261,,2.140291966497898,22.19304209575057,24.375583045184612
2026-08-10T16:38:23.600096+00:00,measurement_drift_01,meter_02,477,none,none,none,none,none,normal_drift,0.999992113813529,0.47181746958276183,0,,1,0,collecting_candidates;drift_not_confirmed,voltage_rolling_mean,voltage_rolling_mean=232.745557;source_publish_interval=0.504260,voltage_rolling_mean,0.8823340758681297,12.092916062101722,13.004041975364089
2026-08-10T16:38:23.613255+00:00,measurement_drift_01,meter_03,477,none,none,none,none,none,none,0.999996551927938,0.45032537199844863,0,,0,0,drift_not_confirmed,,voltage_rolling_mean=230.608773;source_publish_interval=0.504259,,0.6018748972564936,9.542874991893768,10.16499986872077
2026-08-10T16:38:24.078756+00:00,measurement_drift_01,meter_01,478,none,none,none,none,none,none,0.999997544060919,0.5239644312104732,0,,0,0,drift_not_confirmed,,voltage_rolling_mean=231.597654;source_publish_interval=0.504261,,1.4327920507639647,20.3449169639498,21.810333942994475
2026-08-10T16:38:24.100792+00:00,measurement_drift_01,meter_02,478,none,none,none,none,none,normal_drift,0.9999985567171045,0.4487403300434523,0,,1,0,collecting_candidates;drift_not_confirmed,voltage_rolling_mean,voltage_rolling_mean=232.745557;source_publish_interval=0.504260,voltage_rolling_mean,0.8257499430328608,13.170124962925911,14.020249946042895
2026-08-10T16:38:24.114939+00:00,measurement_drift_01,meter_03,478,none,none,none,none,none,none,0.9999972748960962,0.4546852386375162,0,,0,0,drift_not_confirmed,,voltage_rolling_mean=230.608773;source_publish_interval=0.504259,,0.6237078923732042,9.83950006775558,10.482165962457657
2026-08-10T16:38:24.581130+00:00,measurement_drift_01,meter_01,479,none,none,none,none,none,none,0.9999958012572386,0.44729404419066987,0,,0,0,drift_not_confirmed,,voltage_rolling_mean=231.597654;source_publish_interval=0.504261,,2.6771249249577522,22.373666055500507,25.08562500588596
2026-08-10T16:38:24.606677+00:00,measurement_drift_01,meter_02,479,none,none,none,none,none,normal_drift,0.9999945664985357,0.4533440775579027,0,,1,0,collecting_candidates;drift_not_confirmed,voltage_rolling_mean,voltage_rolling_mean=232.745557;source_publish_interval=0.504260,voltage_rolling_mean,0.8202919270843267,11.976500041782856,12.821541866287589
2026-08-10T16:38:24.619613+00:00,measurement_drift_01,meter_03,479,none,none,none,none,none,none,0.999996702703291,0.44695667658434396,0,,0,0,drift_not_confirmed,,voltage_rolling_mean=230.608773;source_publish_interval=0.504259,,0.5900419782847166,9.43712517619133,10.044916998595
2026-08-10T16:38:25.086183+00:00,measurement_drift_01,meter_01,480,none,none,none,none,none,none,0.9999959850972537,0.48888678507404426,0,,0,0,drift_not_confirmed,,voltage_rolling_mean=231.597654;source_publish_interval=0.504261,,2.0637090783566236,22.056875051930547,24.156457977369428
2026-08-10T16:38:25.110637+00:00,measurement_drift_01,meter_02,480,none,none,none,none,none,normal_drift,0.9999880030468273,0.5633219807512858,0,,1,0,collecting_candidates;drift_not_confirmed,voltage_rolling_mean,voltage_rolling_mean=232.745557;source_publish_interval=0.504260,voltage_rolling_mean,0.8283751085400581,11.978750117123127,12.83595897257328
2026-08-10T16:38:25.123584+00:00,measurement_drift_01,meter_03,480,none,none,none,none,none,none,0.9999968602943888,0.4621168392886078,0,,0,0,drift_not_confirmed,,voltage_rolling_mean=230.608773;source_publish_interval=0.504259,,0.5583749152719975,9.433249942958355,10.011167032644153
2026-08-10T16:38:25.591291+00:00,measurement_drift_01,meter_01,481,none,none,none,none,none,none,0.999995173783776,0.4762042707177978,0,,0,0,drift_not_confirmed,,voltage_rolling_mean=231.597654;source_publish_interval=0.504261,,2.10454105399549,21.41712512820959,23.5701659694314
2026-08-10T16:38:25.615203+00:00,measurement_drift_01,meter_02,481,none,none,none,none,none,normal_drift,0.9999954556354412,0.5800870601718052,0,,1,0,collecting_candidates;drift_not_confirmed,voltage_rolling_mean,voltage_rolling_mean=232.745557;source_publish_interval=0.504260,voltage_rolling_mean,0.7436659652739763,11.740624904632568,12.511959066614509
2026-08-10T16:38:25.627863+00:00,measurement_drift_01,meter_03,481,none,none,none,none,none,none,0.9999960276575168,0.4781080168715599,0,,0,0,drift_not_confirmed,,voltage_rolling_mean=230.608773;source_publish_interval=0.504259,,0.6187919061630964,9.538833983242512,10.178291006013751
2026-08-10T16:38:26.096194+00:00,measurement_drift_01,meter_01,482,none,none,none,none,none,none,0.9999919549228355,0.442910543817884,0,,0,0,drift_not_confirmed,,voltage_rolling_mean=231.597654;source_publish_interval=0.504261,,2.009791089221835,21.746958140283823,23.790666135028005
2026-08-10T16:38:26.120281+00:00,measurement_drift_01,meter_02,482,none,none,none,none,none,normal_drift,0.9999930095202683,0.4459867983064632,0,,1,0,collecting_candidates;drift_not_confirmed,voltage_rolling_mean,voltage_rolling_mean=232.745557;source_publish_interval=0.504260,voltage_rolling_mean,0.8280829060822725,11.84849999845028,12.699499959126115
2026-08-10T16:38:26.133086+00:00,measurement_drift_01,meter_03,482,none,none,none,none,none,none,0.9999962795588594,0.46390507621480953,0,,0,0,drift_not_confirmed,,voltage_rolling_mean=230.608773;source_publish_interval=0.504259,,0.5834170151501894,9.390958119183779,9.992250008508563
2026-08-10T16:38:26.601131+00:00,measurement_drift_01,meter_01,483,none,none,none,none,none,none,0.9999883079818905,0.4447310952711073,0,,0,0,drift_not_confirmed,,voltage_rolling_mean=231.597654;source_publish_interval=0.504261,,2.6213328819721937,22.517042001709342,25.175416842103004
2026-08-10T16:38:26.626695+00:00,measurement_drift_01,meter_02,483,none,none,none,none,none,normal_drift,0.999996012896454,0.5082511584797328,0,,1,0,collecting_candidates;drift_not_confirmed,voltage_rolling_mean,voltage_rolling_mean=232.745557;source_publish_interval=0.504260,voltage_rolling_mean,0.8622079622000456,12.082499917596579,12.969875009730458
2026-08-10T16:38:26.639789+00:00,measurement_drift_01,meter_03,483,none,none,none,none,none,none,0.9999964481686546,0.4702866923056227,0,,0,0,drift_not_confirmed,,voltage_rolling_mean=230.608773;source_publish_interval=0.504259,,0.5934161599725485,9.546125074848533,10.159249883145094
2026-08-10T16:38:27.106055+00:00,measurement_drift_01,meter_01,484,none,none,none,none,none,none,0.9999976051127658,0.5841274319143743,0,,0,0,drift_not_confirmed,,voltage_rolling_mean=231.597654;source_publish_interval=0.504261,,2.0228330977261066,21.80133294314146,23.859208915382624
2026-08-10T16:38:27.130207+00:00,measurement_drift_01,meter_02,484,none,none,none,none,none,normal_drift,0.9999976806135354,0.4448832637909631,0,,1,0,collecting_candidates;drift_not_confirmed,voltage_rolling_mean,voltage_rolling_mean=232.745557;source_publish_interval=0.504260,voltage_rolling_mean,0.8301250636577606,11.704792035743594,12.559334049001336
2026-08-10T16:38:27.142882+00:00,measurement_drift_01,meter_03,484,none,none,none,none,none,none,0.9999993970242737,0.4732498025163524,0,,0,0,drift_not_confirmed,,voltage_rolling_mean=230.608773;source_publish_interval=0.504259,,0.5606659688055515,9.383291006088257,9.962042095139623
2026-08-10T16:38:27.608327+00:00,measurement_drift_01,meter_01,485,none,none,none,unknown,unknown,unknown,0.9999995904218678,0.6135482611335706,0,,0,0,drift_not_confirmed,,voltage_rolling_mean=231.597654;source_publish_interval=0.504261,,2.9340828768908978,16.929958947002888,19.896166864782572
2026-08-10T16:38:27.628606+00:00,measurement_drift_01,meter_02,485,none,none,none,none,none,normal_drift,0.9999987376121078,0.44801287780271065,0,,1,0,collecting_candidates;drift_not_confirmed,voltage_rolling_mean,voltage_rolling_mean=232.745557;source_publish_interval=0.504260,voltage_rolling_mean,0.723790843039751,10.880541987717152,11.62570808082819
2026-08-10T16:38:27.640326+00:00,measurement_drift_01,meter_03,485,none,none,none,none,none,none,0.9999985237199354,0.43615862669345185,0,,0,0,drift_not_confirmed,,voltage_rolling_mean=230.608773;source_publish_interval=0.504259,,0.538000138476491,9.067750070244074,9.622457902878523
2026-08-10T16:38:28.109220+00:00,measurement_drift_01,meter_01,486,none,none,none,none,none,none,0.9999891071427504,0.45948008593933803,0,,0,0,drift_not_confirmed,,voltage_rolling_mean=231.597654;source_publish_interval=0.504261,,2.022540895268321,21.893583005294204,23.957875091582537
2026-08-10T16:38:28.133501+00:00,measurement_drift_01,meter_02,486,none,none,none,none,none,normal_drift,0.9999973330119772,0.46113228904044234,0,,1,0,collecting_candidates;drift_not_confirmed,voltage_rolling_mean,voltage_rolling_mean=232.745557;source_publish_interval=0.504260,voltage_rolling_mean,0.8419170044362545,11.927791871130466,12.79383385553956
2026-08-10T16:38:28.146413+00:00,measurement_drift_01,meter_03,486,none,none,none,none,none,none,0.9999763211789731,0.4456361045569219,0,,0,0,drift_not_confirmed,,voltage_rolling_mean=230.608773;source_publish_interval=0.504259,,0.551166944205761,9.409124962985516,9.978125104680657
2026-08-10T16:38:28.611731+00:00,measurement_drift_01,meter_01,487,none,none,none,none,none,none,0.9999978670407002,0.4659298244084506,0,,0,0,drift_not_confirmed,,voltage_rolling_mean=231.597654;source_publish_interval=0.504261,,1.3397079892456532,21.261875052005053,22.63837493956089
2026-08-10T16:38:28.634617+00:00,measurement_drift_01,meter_02,487,none,none,none,none,none,normal_drift,0.9999988316716598,0.4598619159249354,0,,1,0,collecting_candidates;drift_not_confirmed,voltage_rolling_mean,voltage_rolling_mean=232.745557;source_publish_interval=0.504260,voltage_rolling_mean,0.8554579690098763,13.383083045482635,14.268208993598819
2026-08-10T16:38:28.648998+00:00,measurement_drift_01,meter_03,487,none,none,none,none,none,none,0.9999983277441817,0.5035302487672946,0,,0,0,drift_not_confirmed,,voltage_rolling_mean=230.608773;source_publish_interval=0.504259,,0.6115410942584276,10.038584005087614,10.668584145605564
2026-08-10T16:38:29.117526+00:00,measurement_drift_01,meter_01,488,none,none,none,none,none,none,0.9999982011219025,0.4509548503976884,0,,0,0,drift_not_confirmed,,voltage_rolling_mean=231.597654;source_publish_interval=0.504261,,2.4402921553701162,21.931041963398457,24.407832883298397
2026-08-10T16:38:29.142307+00:00,measurement_drift_01,meter_02,488,none,none,none,none,none,normal_drift,0.9999991495227437,0.47484827980520106,0,,1,0,collecting_candidates;drift_not_confirmed,voltage_rolling_mean,voltage_rolling_mean=232.745557;source_publish_interval=0.504260,voltage_rolling_mean,0.7345420308411121,11.902791913598776,12.661291984841228
2026-08-10T16:38:29.155077+00:00,measurement_drift_01,meter_03,488,none,none,none,none,none,none,0.9998979721414626,0.45365171895731066,0,,0,0,drift_not_confirmed,,voltage_rolling_mean=230.608773;source_publish_interval=0.504259,,0.6032909732311964,9.524916065856814,10.14620903879404
2026-08-10T16:38:29.622413+00:00,measurement_drift_01,meter_01,489,none,none,none,none,none,none,0.9999746078084384,0.44778278750240647,0,,0,0,drift_not_confirmed,,voltage_rolling_mean=231.597654;source_publish_interval=0.504261,,2.2162499371916056,21.995167015120387,24.248499888926744
2026-08-10T16:38:29.647045+00:00,measurement_drift_01,meter_02,489,none,none,none,none,none,normal_drift,0.9999979903817036,0.44495747003804953,0,,1,0,collecting_candidates;drift_not_confirmed,voltage_rolling_mean,voltage_rolling_mean=232.745557;source_publish_interval=0.504260,voltage_rolling_mean,0.8261671755462885,11.960667092353106,12.811709195375443
2026-08-10T16:38:29.659982+00:00,measurement_drift_01,meter_03,489,none,none,none,none,none,none,0.9999879701847338,0.45917960237281336,0,,0,0,drift_not_confirmed,,voltage_rolling_mean=230.608773;source_publish_interval=0.504259,,0.5883330013602972,9.406542172655463,10.014041094109416
2026-08-10T16:38:30.126758+00:00,measurement_drift_01,meter_01,490,none,none,none,none,none,none,0.9999951954344053,0.46198315785447946,0,,0,0,drift_not_confirmed,,voltage_rolling_mean=231.597654;source_publish_interval=0.504261,,1.3362499885261059,20.85795789025724,22.227917099371552
2026-08-10T16:38:30.149240+00:00,measurement_drift_01,meter_02,490,none,none,none,none,none,normal_drift,0.999998787073089,0.4871850129039303,0,,1,0,collecting_candidates;drift_not_confirmed,voltage_rolling_mean,voltage_rolling_mean=232.745557;source_publish_interval=0.504260,voltage_rolling_mean,0.8005001582205296,12.891082791611552,13.715292094275355
2026-08-10T16:38:30.163061+00:00,measurement_drift_01,meter_03,490,none,none,none,none,none,none,0.9999441129430804,0.45097104493797247,0,,0,0,drift_not_confirmed,,voltage_rolling_mean=230.608773;source_publish_interval=0.504259,,0.6042909808456898,9.71887493506074,10.34212508238852
2026-08-10T16:38:30.632267+00:00,measurement_drift_01,meter_01,491,none,none,none,none,none,none,0.9999987760408829,0.4536485416593315,0,,0,0,drift_not_confirmed,,voltage_rolling_mean=231.597654;source_publish_interval=0.504261,,2.283040899783373,21.930375136435032,24.253542069345713
2026-08-10T16:38:30.656804+00:00,measurement_drift_01,meter_02,491,none,none,none,none,none,normal_drift,0.9999968908277068,0.44616458416172966,0,,1,0,collecting_candidates;drift_not_confirmed,voltage_rolling_mean,voltage_rolling_mean=232.745557;source_publish_interval=0.504260,voltage_rolling_mean,0.8202497847378254,11.865332955494523,12.712499825283885
2026-08-10T16:38:30.669658+00:00,measurement_drift_01,meter_03,491,none,none,none,none,none,none,0.9999743774269672,0.4493773000881585,0,,0,0,drift_not_confirmed,,voltage_rolling_mean=230.608773;source_publish_interval=0.504259,,0.6095420103520155,9.640416130423546,10.270000202581286
2026-08-10T16:38:31.137664+00:00,measurement_drift_01,meter_01,492,none,none,none,none,none,none,0.9999981759630081,0.4579869915525992,0,,0,0,drift_not_confirmed,,voltage_rolling_mean=231.597654;source_publish_interval=0.504261,,2.526083029806614,18.580333096906543,21.13491715863347
2026-08-10T16:38:31.159268+00:00,measurement_drift_01,meter_02,492,none,none,none,none,none,normal_drift,0.9999989564005993,0.525276092225196,0,,1,0,collecting_candidates;drift_not_confirmed,voltage_rolling_mean,voltage_rolling_mean=232.745557;source_publish_interval=0.504260,voltage_rolling_mean,0.6804999429732561,11.465624906122684,12.168334098532796
2026-08-10T16:38:31.171535+00:00,measurement_drift_01,meter_03,492,none,none,none,none,none,none,0.9999978120156492,0.4447132361460718,0,,0,0,drift_not_confirmed,,voltage_rolling_mean=230.608773;source_publish_interval=0.504259,,0.5320829804986715,9.393499931320548,9.943958139047027
2026-08-10T16:38:31.642383+00:00,measurement_drift_01,meter_01,493,none,none,none,none,none,none,0.9999983732334694,0.4957011678868784,0,,0,0,drift_not_confirmed,,voltage_rolling_mean=231.597654;source_publish_interval=0.504261,,1.448167022317648,22.077167173847556,23.58933398500085
2026-08-10T16:38:31.666361+00:00,measurement_drift_01,meter_02,493,none,none,none,none,none,normal_drift,0.9999975508521042,0.44555790037575554,0,,1,1,drift_not_confirmed;reference_updated,voltage_rolling_mean,voltage_rolling_mean=232.006797;source_publish_interval=0.504260,voltage_rolling_mean,0.9283751714974642,12.386583955958486,13.349124928936362
2026-08-10T16:38:31.679891+00:00,measurement_drift_01,meter_03,493,none,none,none,none,none,none,0.9999934345284704,0.4456186669950175,0,,0,0,drift_not_confirmed,,voltage_rolling_mean=230.608773;source_publish_interval=0.504259,,0.602334039285779,9.524666937068105,10.14820788986981
2026-08-10T16:38:32.147709+00:00,measurement_drift_01,meter_01,494,none,none,none,none,none,none,0.9999815899345347,0.5515696372619455,0,,0,0,drift_not_confirmed,,voltage_rolling_mean=231.597654;source_publish_interval=0.504261,,2.1343338303267956,22.128582932054996,24.30066606029868
2026-08-10T16:38:32.172359+00:00,measurement_drift_01,meter_02,494,none,none,none,none,none,normal_drift,0.99999824178386,0.44717147178188693,0,,1,0,collecting_candidates;drift_not_confirmed,voltage_rolling_mean,voltage_rolling_mean=232.006797;source_publish_interval=0.504260,voltage_rolling_mean,0.8325828239321709,12.028957949951291,12.88995798677206
2026-08-10T16:38:32.185374+00:00,measurement_drift_01,meter_03,494,none,none,none,none,none,none,0.9999982924353167,0.5204663049898982,0,,0,0,drift_not_confirmed,,voltage_rolling_mean=230.608773;source_publish_interval=0.504259,,0.595542136579752,9.721999987959862,10.337666841223836
2026-08-10T16:38:32.652347+00:00,measurement_drift_01,meter_01,495,none,none,none,none,none,none,0.99994619572037,0.5054220718379779,0,,0,0,drift_not_confirmed,,voltage_rolling_mean=231.597654;source_publish_interval=0.504261,,1.5116669237613678,21.543333074077964,23.110999958589673
2026-08-10T16:38:32.675768+00:00,measurement_drift_01,meter_02,495,none,none,none,none,none,normal_drift,0.9999981338391799,0.45802471735720235,0,,1,0,collecting_candidates;drift_not_confirmed,voltage_rolling_mean,voltage_rolling_mean=232.006797;source_publish_interval=0.504260,voltage_rolling_mean,0.9162500500679016,12.584040872752666,13.532458804547787
2026-08-10T16:38:32.689498+00:00,measurement_drift_01,meter_03,495,none,none,none,none,none,none,0.9999993289653031,0.5489308817107126,0,,0,0,drift_not_confirmed,,voltage_rolling_mean=230.608773;source_publish_interval=0.504259,,0.6129168905317783,9.673041058704257,10.308041935786605
2026-08-10T16:38:33.156301+00:00,measurement_drift_01,meter_01,496,none,none,none,none,none,none,0.9999960130244562,0.44758568952274985,0,,0,0,drift_not_confirmed,,voltage_rolling_mean=231.597654;source_publish_interval=0.504261,,1.8744580447673798,22.041583200916648,23.966999957337976
2026-08-10T16:38:33.180676+00:00,measurement_drift_01,meter_02,496,none,none,none,none,none,normal_drift,0.999998862078728,0.4706243306114373,0,,1,0,collecting_candidates;drift_not_confirmed,voltage_rolling_mean,voltage_rolling_mean=232.006797;source_publish_interval=0.504260,voltage_rolling_mean,0.8634170517325401,12.026832904666662,12.920082779601216
2026-08-10T16:38:33.193745+00:00,measurement_drift_01,meter_03,496,none,none,none,none,none,none,0.9999967570903217,0.4513086300710176,0,,0,0,drift_not_confirmed,,voltage_rolling_mean=230.608773;source_publish_interval=0.504259,,0.543458154425025,9.627250023186207,10.192458052188158
2026-08-10T16:38:33.661771+00:00,measurement_drift_01,meter_01,497,none,none,none,none,none,none,0.9999980564848593,0.48584931585297575,0,,0,0,drift_not_confirmed,,voltage_rolling_mean=231.597654;source_publish_interval=0.504261,,2.5108749978244305,22.57320797070861,25.138875003904104
2026-08-10T16:38:33.687351+00:00,measurement_drift_01,meter_02,497,none,none,none,none,none,normal_drift,0.9999962133562965,0.46542771574652586,0,,1,0,collecting_candidates;drift_not_confirmed,voltage_rolling_mean,voltage_rolling_mean=232.006797;source_publish_interval=0.504260,voltage_rolling_mean,0.905666034668684,12.152957962825894,13.089417014271021
2026-08-10T16:38:33.700607+00:00,measurement_drift_01,meter_03,497,none,none,none,none,none,none,0.9999964630274796,0.43936669330070743,0,,0,0,drift_not_confirmed,,voltage_rolling_mean=230.608773;source_publish_interval=0.504259,,0.5687088705599308,9.652792010456324,10.24308311752975
2026-08-10T16:38:34.166806+00:00,measurement_drift_01,meter_01,498,none,none,none,none,none,none,0.9999990286324515,0.4340408987193254,0,,0,0,drift_not_confirmed,,voltage_rolling_mean=231.597654;source_publish_interval=0.504261,,2.468958031386137,21.330332849174738,23.841124959290028
2026-08-10T16:38:34.191037+00:00,measurement_drift_01,meter_02,498,none,none,none,none,none,normal_drift,0.9999989565172762,0.540475308522952,1,voltage_rolling_mean,1,0,collecting_candidates;drift_not_confirmed,voltage_rolling_mean,voltage_rolling_mean=232.006797;source_publish_interval=0.504260,voltage_rolling_mean,0.8129579946398735,11.942332843318582,12.781792087480426
2026-08-10T16:38:34.203934+00:00,measurement_drift_01,meter_03,498,none,none,none,none,none,none,0.9999976796014186,0.44763952315137895,0,,0,0,drift_not_confirmed,,voltage_rolling_mean=230.608773;source_publish_interval=0.504259,,0.5394578911364079,9.501667227596045,10.0599171128124
2026-08-10T16:38:34.671898+00:00,measurement_drift_01,meter_01,499,none,none,none,none,none,none,0.9999981342018358,0.47835824074944094,0,,0,0,drift_not_confirmed,,voltage_rolling_mean=231.597654;source_publish_interval=0.504261,,1.9491249695420265,21.995084127411246,23.989374982193112
2026-08-10T16:38:34.696286+00:00,measurement_drift_01,meter_02,499,none,none,none,none,none,normal_drift,0.9999967465622692,0.4822446091089785,0,,1,0,collecting_candidates;drift_not_confirmed,voltage_rolling_mean,voltage_rolling_mean=232.006797;source_publish_interval=0.504260,voltage_rolling_mean,0.8746671956032515,11.964291799813509,12.867124984040856
2026-08-10T16:38:34.709302+00:00,measurement_drift_01,meter_03,499,none,none,none,none,none,none,0.9999974391298179,0.5137354002234715,0,,0,0,drift_not_confirmed,,voltage_rolling_mean=230.608773;source_publish_interval=0.504259,,0.5724579095840454,9.438249981030822,10.030874982476234
2026-08-10T16:38:35.176947+00:00,measurement_drift_01,meter_01,500,none,none,none,none,none,none,0.9999987951169436,0.45266838879844784,0,,0,0,drift_not_confirmed,,voltage_rolling_mean=231.597654;source_publish_interval=0.504261,,1.9870409741997719,21.737542003393173,23.764458019286394
2026-08-10T16:38:35.201036+00:00,measurement_drift_01,meter_02,500,none,none,none,none,none,normal_drift,0.999997179242061,0.5016612239560966,0,,1,0,collecting_candidates;drift_not_confirmed,voltage_rolling_mean,voltage_rolling_mean=232.006797;source_publish_interval=0.504260,voltage_rolling_mean,0.874167075380683,12.149499962106347,13.050582958385348
2026-08-10T16:38:35.214227+00:00,measurement_drift_01,meter_03,500,none,none,none,none,none,none,0.9999977121236089,0.4367485499268757,0,,0,0,drift_not_confirmed,,voltage_rolling_mean=230.608773;source_publish_interval=0.504259,,0.5723328795284033,9.461999870836735,10.053958976641297
2026-08-10T16:38:35.681420+00:00,measurement_drift_01,meter_01,501,none,none,none,none,none,none,0.9999965243239219,0.4778086151024296,0,,0,0,drift_not_confirmed,,voltage_rolling_mean=231.597654;source_publish_interval=0.504261,,2.470624865964055,22.404792020097375,24.913291912525892
2026-08-10T16:38:35.706728+00:00,measurement_drift_01,meter_02,501,none,none,none,none,none,normal_drift,0.9999982750922981,0.45625773368103056,0,,1,0,collecting_candidates;drift_not_confirmed,voltage_rolling_mean,voltage_rolling_mean=232.006797;source_publish_interval=0.504260,voltage_rolling_mean,0.80708391033113,12.06599990837276,12.898209039121866
2026-08-10T16:38:35.719751+00:00,measurement_drift_01,meter_03,501,none,none,none,none,none,none,0.9999972446030537,0.4780110487191092,0,,0,0,drift_not_confirmed,,voltage_rolling_mean=230.608773;source_publish_interval=0.504259,,0.5906249862164259,9.452041005715728,10.061000008136034
2026-08-10T16:38:36.184367+00:00,measurement_drift_01,meter_01,502,none,none,none,none,none,none,0.9999989080996893,0.45308824258269637,0,,0,0,drift_not_confirmed,,voltage_rolling_mean=231.597654;source_publish_interval=0.504261,,2.7864580042660236,17.970042070373893,20.79808386042714
2026-08-10T16:38:36.205549+00:00,measurement_drift_01,meter_02,502,none,none,none,none,none,normal_drift,0.999998926003135,0.49931895216654726,0,,1,0,collecting_candidates;drift_not_confirmed,voltage_rolling_mean,voltage_rolling_mean=232.006797;source_publish_interval=0.504260,voltage_rolling_mean,0.7127500139176846,11.277292156592011,12.013041181489825
2026-08-10T16:38:36.217666+00:00,measurement_drift_01,meter_03,502,none,none,none,none,none,none,0.9999973901670871,0.46030067478905495,0,,0,0,drift_not_confirmed,,voltage_rolling_mean=230.608773;source_publish_interval=0.504259,,0.5456248763948679,9.328666841611266,9.892083005979657
2026-08-10T16:38:36.686820+00:00,measurement_drift_01,meter_01,503,none,none,none,none,none,none,0.9999990558225931,0.44632981127582344,0,,0,0,drift_not_confirmed,,voltage_rolling_mean=231.597654;source_publish_interval=0.504261,,2.132583875209093,15.56329196318984,17.725417157635093
2026-08-10T16:38:36.704892+00:00,measurement_drift_01,meter_02,503,none,none,none,none,none,normal_drift,0.9999995154705904,0.5746090993873278,0,,1,0,collecting_candidates;drift_not_confirmed,voltage_rolling_mean,voltage_rolling_mean=232.006797;source_publish_interval=0.504260,voltage_rolling_mean,0.6718330550938845,10.741624981164932,11.43670896999538
2026-08-10T16:38:36.716440+00:00,measurement_drift_01,meter_03,503,none,none,none,none,none,none,0.999994747497636,0.43632308942296605,0,,0,0,drift_not_confirmed,,voltage_rolling_mean=230.608773;source_publish_interval=0.504259,,0.5603749305009842,9.329250082373619,9.9077089689672
2026-08-10T16:38:37.187202+00:00,measurement_drift_01,meter_01,504,none,none,none,none,none,none,0.9999995032234598,0.5965585715856643,0,,0,0,drift_not_confirmed,,voltage_rolling_mean=231.597654;source_publish_interval=0.504261,,3.0185829382389784,17.09808292798698,20.155292004346848
2026-08-10T16:38:37.207730+00:00,measurement_drift_01,meter_02,504,none,none,none,none,none,normal_drift,0.9999981062245994,0.4504472148983423,0,,1,0,collecting_candidates;drift_not_confirmed,voltage_rolling_mean,voltage_rolling_mean=232.006797;source_publish_interval=0.504260,voltage_rolling_mean,0.6985000800341368,10.982375126332045,11.703707976266742
2026-08-10T16:38:37.219545+00:00,measurement_drift_01,meter_03,504,none,none,none,none,none,none,0.9999948698862097,0.5020599237639958,0,,0,0,drift_not_confirmed,,voltage_rolling_mean=230.608773;source_publish_interval=0.504259,,0.5491669289767742,9.226582944393158,9.794750018045306
2026-08-10T16:38:37.691972+00:00,measurement_drift_01,meter_01,505,none,none,none,none,none,none,0.9999987615173143,0.4733541383277189,0,,0,0,drift_not_confirmed,,voltage_rolling_mean=231.597654;source_publish_interval=0.504261,,2.393958158791065,23.27316696755588,25.70391702465713
2026-08-10T16:38:37.717999+00:00,measurement_drift_01,meter_02,505,none,none,none,none,none,normal_drift,0.999996462695406,0.4625157147881025,0,,1,0,collecting_candidates;drift_not_confirmed,voltage_rolling_mean,voltage_rolling_mean=232.006797;source_publish_interval=0.504260,voltage_rolling_mean,0.8216670248657465,12.159249978139997,13.009999878704548
2026-08-10T16:38:37.731154+00:00,measurement_drift_01,meter_03,505,none,none,none,none,none,none,0.999997141343903,0.43371360727452385,0,,0,0,drift_not_confirmed,,voltage_rolling_mean=230.608773;source_publish_interval=0.504259,,0.6072910036891699,10.012458078563213,10.646542068570852
2026-08-10T16:38:38.196766+00:00,measurement_drift_01,meter_01,506,none,none,none,none,none,none,0.9999989671717648,0.4407454698400744,0,,0,0,drift_not_confirmed,,voltage_rolling_mean=231.597654;source_publish_interval=0.504261,,2.4114579427987337,17.666749889031053,20.126125076785684
2026-08-10T16:38:38.217324+00:00,measurement_drift_01,meter_02,506,none,none,none,none,none,normal_drift,0.9999977422893584,0.533184300534065,0,,1,0,collecting_candidates;drift_not_confirmed,voltage_rolling_mean,voltage_rolling_mean=232.006797;source_publish_interval=0.504260,voltage_rolling_mean,0.720582902431488,11.289999820291996,12.032875092700124
2026-08-10T16:38:38.229469+00:00,measurement_drift_01,meter_03,506,none,none,none,none,none,none,0.9999992678911638,0.46523334857495663,0,,0,0,drift_not_confirmed,,voltage_rolling_mean=230.608773;source_publish_interval=0.504259,,0.525791896507144,9.360375115647912,9.905125014483929
2026-08-10T16:38:38.701868+00:00,measurement_drift_01,meter_01,507,none,none,none,none,none,none,0.9999979724883815,0.4546376431333571,0,,0,0,drift_not_confirmed,,voltage_rolling_mean=231.597654;source_publish_interval=0.504261,,2.378165954723954,18.82791705429554,21.247500088065863
2026-08-10T16:38:38.723563+00:00,measurement_drift_01,meter_02,507,none,none,none,none,none,normal_drift,0.9999936113576563,0.468251899159384,0,,1,0,collecting_candidates;drift_not_confirmed,voltage_rolling_mean,voltage_rolling_mean=232.006797;source_publish_interval=0.504260,voltage_rolling_mean,0.7498329505324364,11.421832954511046,12.196500087156892
2026-08-10T16:38:38.735890+00:00,measurement_drift_01,meter_03,507,none,none,none,none,none,none,0.9999953679575948,0.4472914990756098,0,,0,0,drift_not_confirmed,,voltage_rolling_mean=230.608773;source_publish_interval=0.504259,,0.5770830903202295,9.447749936953187,10.044166818261147
2026-08-10T16:38:39.206617+00:00,measurement_drift_01,meter_01,508,none,none,none,none,none,none,0.9999990812736615,0.5588790915625135,0,,0,0,drift_not_confirmed,,voltage_rolling_mean=231.597654;source_publish_interval=0.504261,,2.8275828808546066,19.564040936529636,22.43849984370172
2026-08-10T16:38:39.229490+00:00,measurement_drift_01,meter_02,508,none,none,none,none,none,normal_drift,0.9999964134997814,0.46741650647764105,0,,1,0,collecting_candidates;drift_not_confirmed,voltage_rolling_mean,voltage_rolling_mean=232.006797;source_publish_interval=0.504260,voltage_rolling_mean,0.7512089796364307,11.666790815070271,12.44245795533061
2026-08-10T16:38:39.242064+00:00,measurement_drift_01,meter_03,508,none,none,none,none,none,none,0.9999964992047577,0.5708700823010677,0,,0,0,drift_not_confirmed,,voltage_rolling_mean=230.608773;source_publish_interval=0.504259,,0.5519168917089701,9.419583948329091,9.991125203669071
2026-08-10T16:38:39.708874+00:00,measurement_drift_01,meter_01,509,none,none,none,none,none,none,0.9999987622373996,0.4468565880316644,0,,0,0,drift_not_confirmed,,voltage_rolling_mean=231.597654;source_publish_interval=0.504261,,2.392707858234644,15.804374823346734,18.228708999231458
2026-08-10T16:38:39.727487+00:00,measurement_drift_01,meter_02,509,none,none,none,none,none,normal_drift,0.9999992451517248,0.44498292891111674,0,,1,0,collecting_candidates;drift_not_confirmed,voltage_rolling_mean,voltage_rolling_mean=232.006797;source_publish_interval=0.504260,voltage_rolling_mean,0.7047089748084545,11.015415890142322,11.74295786768198
2026-08-10T16:38:39.739336+00:00,measurement_drift_01,meter_03,509,none,none,none,none,none,none,0.999998761208823,0.4561053509725579,0,,0,0,drift_not_confirmed,,voltage_rolling_mean=230.608773;source_publish_interval=0.504259,,0.5403750110417604,9.200708009302616,9.759417036548257
2026-08-10T16:38:40.214102+00:00,measurement_drift_01,meter_01,510,none,none,none,none,none,none,0.9999974883630067,0.4706068133943435,0,,0,0,drift_not_confirmed,,voltage_rolling_mean=231.597654;source_publish_interval=0.504261,,2.038750099018216,22.109624929726124,24.19045800343156
2026-08-10T16:38:40.238649+00:00,measurement_drift_01,meter_02,510,none,none,none,none,none,normal_drift,0.9999976485661454,0.44125175197109595,0,,1,0,collecting_candidates;drift_not_confirmed,voltage_rolling_mean,voltage_rolling_mean=232.006797;source_publish_interval=0.504260,voltage_rolling_mean,0.8492919150739908,11.968916980549693,12.84329080954194
2026-08-10T16:38:40.251613+00:00,measurement_drift_01,meter_03,510,none,none,none,none,none,none,0.9999925082337194,0.45525383033181743,0,,0,0,drift_not_confirmed,,voltage_rolling_mean=230.608773;source_publish_interval=0.504259,,0.5382499657571316,9.51045798137784,10.067959083244205
2026-08-10T16:38:40.718914+00:00,measurement_drift_01,meter_01,511,none,none,none,none,none,none,0.9999886336761391,0.44562656887826496,0,,0,0,drift_not_confirmed,,voltage_rolling_mean=231.597654;source_publish_interval=0.504261,,2.0152498036623,21.704833023250103,23.75766704790294
2026-08-10T16:38:40.742981+00:00,measurement_drift_01,meter_02,511,none,none,none,none,none,normal_drift,0.9999985645581227,0.4613882417972895,0,,1,0,collecting_candidates;drift_not_confirmed,voltage_rolling_mean,voltage_rolling_mean=232.006797;source_publish_interval=0.504260,voltage_rolling_mean,0.8101249113678932,12.025916017591953,12.860334012657404
2026-08-10T16:38:40.755957+00:00,measurement_drift_01,meter_03,511,none,none,none,none,none,none,0.9999887944833089,0.4420997488425288,0,,0,0,drift_not_confirmed,,voltage_rolling_mean=230.608773;source_publish_interval=0.504259,,0.5776660982519388,9.506332920864224,10.102250147610903
2026-08-10T16:38:41.222876+00:00,measurement_drift_01,meter_01,512,none,none,none,none,none,none,0.9999976667414223,0.45301891383783677,0,,0,0,drift_not_confirmed,,voltage_rolling_mean=231.597654;source_publish_interval=0.504261,,2.1834999788552523,22.09545811638236,24.314292008057237
2026-08-10T16:38:41.247506+00:00,measurement_drift_01,meter_02,512,none,none,none,none,none,normal_drift,0.999999057278948,0.5660781054249099,0,,1,0,collecting_candidates;drift_not_confirmed,voltage_rolling_mean,voltage_rolling_mean=232.006797;source_publish_interval=0.504260,voltage_rolling_mean,0.8096250239759684,12.166749918833375,13.000458013266325
2026-08-10T16:38:41.260612+00:00,measurement_drift_01,meter_03,512,none,none,none,none,none,none,0.9999814004514894,0.45953048178111877,0,,0,0,drift_not_confirmed,,voltage_rolling_mean=230.608773;source_publish_interval=0.504259,,0.5959998816251755,9.548582835122943,10.162250138819218
2026-08-10T16:38:41.726542+00:00,measurement_drift_01,meter_01,513,none,none,none,none,none,none,0.9999989213980521,0.4538137250119576,0,,0,0,drift_not_confirmed,,voltage_rolling_mean=231.597654;source_publish_interval=0.504261,,2.046500099822879,21.49279206059873,23.586582858115435
2026-08-10T16:38:41.750570+00:00,measurement_drift_01,meter_02,513,none,none,none,none,none,normal_drift,0.9999985120938953,0.43613441913908135,0,,1,1,drift_not_confirmed;reference_updated,voltage_rolling_mean,voltage_rolling_mean=231.959075;source_publish_interval=0.504260,voltage_rolling_mean,0.7602919358760118,12.067042058333755,12.859042035415769
2026-08-10T16:38:41.763586+00:00,measurement_drift_01,meter_03,513,none,none,none,none,none,none,0.9999390638113905,0.5162286636123482,0,,0,0,drift_not_confirmed,,voltage_rolling_mean=230.608773;source_publish_interval=0.504259,,0.6076670251786709,9.712999919429421,10.341250104829669
2026-08-10T16:38:42.228176+00:00,measurement_drift_01,meter_01,514,none,none,none,none,none,none,0.9999991717600228,0.457293108002529,0,,0,0,drift_not_confirmed,,voltage_rolling_mean=231.597654;source_publish_interval=0.504261,,2.0516670774668455,21.913416916504502,24.00945802219212
2026-08-10T16:38:42.252569+00:00,measurement_drift_01,meter_02,514,none,none,none,none,none,normal_drift,0.999996915227208,0.46894990882474,0,,1,0,collecting_candidates;drift_not_confirmed,voltage_rolling_mean,voltage_rolling_mean=231.959075;source_publish_interval=0.504260,voltage_rolling_mean,0.8701251354068518,12.052749982103705,12.947625014930964
2026-08-10T16:38:42.265643+00:00,measurement_drift_01,meter_03,514,none,none,none,none,none,none,0.9999826161050486,0.4572123028455519,0,,0,0,drift_not_confirmed,,voltage_rolling_mean=230.608773;source_publish_interval=0.504259,,0.5405410192906857,9.452207945287228,10.011832928285003
2026-08-10T16:38:42.733254+00:00,measurement_drift_01,meter_01,515,none,none,none,none,none,none,0.9999994312812143,0.5333035591132231,0,,0,0,drift_not_confirmed,,voltage_rolling_mean=231.597654;source_publish_interval=0.504261,,2.904917113482952,18.75037490390241,21.695332834497094
2026-08-10T16:38:42.755364+00:00,measurement_drift_01,meter_02,515,none,none,none,none,none,normal_drift,0.9999955576927448,0.4546854200305487,0,,1,0,collecting_candidates;drift_not_confirmed,voltage_rolling_mean,voltage_rolling_mean=231.959075;source_publish_interval=0.504260,voltage_rolling_mean,0.7301671430468559,11.338000185787678,12.090874835848808
2026-08-10T16:38:42.767585+00:00,measurement_drift_01,meter_03,515,none,none,none,none,none,none,0.9999973698601127,0.46481620318120687,0,,0,0,drift_not_confirmed,,voltage_rolling_mean=230.608773;source_publish_interval=0.504259,,0.5571248475462198,9.399957954883575,9.974375134333968
2026-08-10T16:38:43.238481+00:00,measurement_drift_01,meter_01,516,none,none,none,none,none,none,0.9999993421394031,0.47860902099048463,0,,0,0,drift_not_confirmed,,voltage_rolling_mean=231.597654;source_publish_interval=0.504261,,2.144458005204797,20.579291973263025,22.760124877095222
2026-08-10T16:38:43.261663+00:00,measurement_drift_01,meter_02,516,none,none,none,none,none,normal_drift,0.999996636625746,0.4561414919307393,0,,1,0,collecting_candidates;drift_not_confirmed,voltage_rolling_mean,voltage_rolling_mean=231.959075;source_publish_interval=0.504260,voltage_rolling_mean,0.7591668982058764,11.868958128616214,12.654582969844341
2026-08-10T16:38:43.274454+00:00,measurement_drift_01,meter_03,516,none,none,none,none,none,none,0.9999971874492716,0.4613879890486884,0,,0,0,drift_not_confirmed,,voltage_rolling_mean=230.608773;source_publish_interval=0.504259,,0.5733328871428967,9.818457998335361,10.411082999780774
2026-08-10T16:38:43.740523+00:00,measurement_drift_01,meter_01,517,none,none,none,none,none,none,0.9999989657692607,0.4672543047215564,0,,0,0,drift_not_confirmed,,voltage_rolling_mean=231.597654;source_publish_interval=0.504261,,1.9883750937879086,22.001625038683414,24.02654103934765
2026-08-10T16:38:43.764909+00:00,measurement_drift_01,meter_02,517,none,none,none,none,none,normal_drift,0.9999984045140712,0.4660194100490286,0,,1,0,collecting_candidates;drift_not_confirmed,voltage_rolling_mean,voltage_rolling_mean=231.959075;source_publish_interval=0.504260,voltage_rolling_mean,0.8567092008888721,12.125334003940225,13.007957953959703
2026-08-10T16:38:43.778039+00:00,measurement_drift_01,meter_03,517,none,none,none,none,none,none,0.9999909792983606,0.4336171214496685,0,,0,0,drift_not_confirmed,,voltage_rolling_mean=230.608773;source_publish_interval=0.504259,,0.5702921189367771,9.573792107403278,10.163499973714352
2026-08-10T16:38:44.245823+00:00,measurement_drift_01,meter_01,518,none,none,none,none,none,none,0.9999996545535542,0.5228805733902195,0,,0,0,drift_not_confirmed,,voltage_rolling_mean=231.597654;source_publish_interval=0.504261,,2.3218330461531878,18.394332844763994,20.75612498447299
2026-08-10T16:38:44.266993+00:00,measurement_drift_01,meter_02,518,none,none,none,none,none,normal_drift,0.9999989423843793,0.43987963097834165,0,,1,0,collecting_candidates;drift_not_confirmed,voltage_rolling_mean,voltage_rolling_mean=231.959075;source_publish_interval=0.504260,voltage_rolling_mean,0.7552499882876873,11.351959081366658,12.129625072702765
2026-08-10T16:38:44.279236+00:00,measurement_drift_01,meter_03,518,none,none,none,none,none,none,0.999995396509702,0.4374588429401418,0,,0,0,drift_not_confirmed,,voltage_rolling_mean=230.608773;source_publish_interval=0.504259,,0.5294999573379755,9.36487503349781,9.91370901465416
2026-08-10T16:38:44.746883+00:00,measurement_drift_01,meter_01,519,none,none,none,none,none,none,0.9999995968918429,0.4591485965543052,0,,0,0,drift_not_confirmed,,voltage_rolling_mean=231.597654;source_publish_interval=0.504261,,2.045084023848176,22.018207935616374,24.10462498664856
2026-08-10T16:38:44.771332+00:00,measurement_drift_01,meter_02,519,none,none,none,none,none,normal_drift,0.9999977478125401,0.5425856617502167,0,,1,0,collecting_candidates;drift_not_confirmed,voltage_rolling_mean,voltage_rolling_mean=231.959075;source_publish_interval=0.504260,voltage_rolling_mean,0.8590000215917826,12.038749875500798,12.923583155497909
2026-08-10T16:38:44.784383+00:00,measurement_drift_01,meter_03,519,none,none,none,none,none,none,0.9999818073620932,0.43861825148070904,0,,0,0,drift_not_confirmed,,voltage_rolling_mean=230.608773;source_publish_interval=0.504259,,0.5524170119315386,9.495334001258016,10.067125083878636
2026-08-10T16:38:45.251619+00:00,measurement_drift_01,meter_01,520,none,none,none,none,none,none,0.9999994100719084,0.46342848261355907,0,,0,0,drift_not_confirmed,,voltage_rolling_mean=231.597654;source_publish_interval=0.504261,,2.0019588991999626,21.7034169472754,23.750915890559554
2026-08-10T16:38:45.275711+00:00,measurement_drift_01,meter_02,520,none,none,none,none,none,normal_drift,0.9999985549043906,0.43587310462232337,0,,1,0,collecting_candidates;drift_not_confirmed,voltage_rolling_mean,voltage_rolling_mean=231.959075;source_publish_interval=0.504260,voltage_rolling_mean,0.845208065584302,12.125958921387792,13.004165841266513
2026-08-10T16:38:45.288870+00:00,measurement_drift_01,meter_03,520,none,none,none,none,none,none,0.9999714021612394,0.5782397431034789,0,,0,0,drift_not_confirmed,,voltage_rolling_mean=230.608773;source_publish_interval=0.504259,,0.6067091599106789,9.77999996393919,10.4057090356946
2026-08-10T16:38:45.755986+00:00,measurement_drift_01,meter_01,521,none,none,none,none,none,none,0.9999985546866489,0.5208420731974994,0,,0,0,drift_not_confirmed,,voltage_rolling_mean=231.597654;source_publish_interval=0.504261,,2.09333305247128,22.602166049182415,24.745124857872725
2026-08-10T16:38:45.781081+00:00,measurement_drift_01,meter_02,521,none,none,none,none,none,normal_drift,0.9999989412846209,0.47403266474562994,0,,1,0,collecting_candidates;drift_not_confirmed,voltage_rolling_mean,voltage_rolling_mean=231.959075;source_publish_interval=0.504260,voltage_rolling_mean,0.898666912689805,12.164124986156821,13.089790940284729
2026-08-10T16:38:45.794309+00:00,measurement_drift_01,meter_03,521,none,none,none,none,none,none,0.9999930019067736,0.4374899765659066,0,,0,0,drift_not_confirmed,,voltage_rolling_mean=230.608773;source_publish_interval=0.504259,,0.5473748315125704,9.574707830324769,10.141165927052498
2026-08-10T16:38:46.261577+00:00,measurement_drift_01,meter_01,522,none,none,none,none,none,none,0.9999989047542625,0.45977518331213824,0,,0,0,drift_not_confirmed,,voltage_rolling_mean=231.597654;source_publish_interval=0.504261,,2.6014158502221107,22.48725015670061,25.1261661760509
2026-08-10T16:38:46.287073+00:00,measurement_drift_01,meter_02,522,none,none,none,none,none,normal_drift,0.9999985817329047,0.5665372138867717,0,,1,0,collecting_candidates;drift_not_confirmed,voltage_rolling_mean,voltage_rolling_mean=231.959075;source_publish_interval=0.504260,voltage_rolling_mean,0.8605839684605598,12.073124991729856,12.957290979102254
2026-08-10T16:38:46.300145+00:00,measurement_drift_01,meter_03,522,none,none,none,none,none,none,0.99998014346186,0.46426466771120034,0,,0,0,drift_not_confirmed,,voltage_rolling_mean=230.608773;source_publish_interval=0.504259,,0.5882498808205128,9.511500131338835,10.11787517927587
2026-08-10T16:38:46.765833+00:00,measurement_drift_01,meter_01,523,none,none,none,none,none,none,0.9999993473532137,0.449543195382479,0,,0,0,drift_not_confirmed,,voltage_rolling_mean=231.597654;source_publish_interval=0.504261,,1.3315831311047077,21.572916069999337,22.941250121220946
2026-08-10T16:38:46.789016+00:00,measurement_drift_01,meter_02,523,none,none,none,none,none,normal_drift,0.9999989608611064,0.4682358878061498,0,,1,0,collecting_candidates;drift_not_confirmed,voltage_rolling_mean,voltage_rolling_mean=231.959075;source_publish_interval=0.504260,voltage_rolling_mean,0.849124975502491,13.153124833479524,14.027000172063708
2026-08-10T16:38:46.803171+00:00,measurement_drift_01,meter_03,523,none,none,none,none,none,none,0.9999942996968908,0.44518407867473275,0,,0,0,drift_not_confirmed,,voltage_rolling_mean=230.608773;source_publish_interval=0.504259,,0.6323340348899364,10.531000094488263,11.185084003955126
2026-08-10T16:38:47.271949+00:00,measurement_drift_01,meter_01,524,none,none,none,none,none,none,0.9999995986124007,0.4952851912120729,0,,0,0,drift_not_confirmed,,voltage_rolling_mean=231.597654;source_publish_interval=0.504261,,2.2601671516895294,18.755124881863594,21.05212491005659
2026-08-10T16:38:47.293391+00:00,measurement_drift_01,meter_02,524,none,none,none,none,none,normal_drift,0.9999992962252849,0.4696398295549305,0,,1,0,collecting_candidates;drift_not_confirmed,voltage_rolling_mean,voltage_rolling_mean=231.959075;source_publish_interval=0.504260,voltage_rolling_mean,0.7390829268842936,11.235082987695932,11.995957931503654
2026-08-10T16:38:47.305496+00:00,measurement_drift_01,meter_03,524,none,none,none,none,none,none,0.9999853655274862,0.48016199576180624,0,,0,0,drift_not_confirmed,,voltage_rolling_mean=230.608773;source_publish_interval=0.504259,,0.5371249280869961,9.27504082210362,9.829833870753646
2026-08-10T16:38:47.776860+00:00,measurement_drift_01,meter_01,525,none,none,none,none,none,none,0.9999947559887108,0.4484206435663915,0,,0,0,drift_not_confirmed,,voltage_rolling_mean=231.597654;source_publish_interval=0.504261,,2.3803329095244408,22.971540922299027,25.395541917532682
2026-08-10T16:38:47.802666+00:00,measurement_drift_01,meter_02,525,none,none,none,none,none,normal_drift,0.9999987585256795,0.45584374304499053,0,,1,0,collecting_candidates;drift_not_confirmed,voltage_rolling_mean,voltage_rolling_mean=231.959075;source_publish_interval=0.504260,voltage_rolling_mean,0.8874170016497374,11.921124998480082,12.834042077884078
2026-08-10T16:38:47.815631+00:00,measurement_drift_01,meter_03,525,none,none,none,none,none,none,0.9998094507396568,0.44337730286836824,0,,0,0,drift_not_confirmed,,voltage_rolling_mean=230.608773;source_publish_interval=0.504259,,0.541541026905179,9.786291047930717,10.351584060117602
2026-08-10T16:38:48.282132+00:00,measurement_drift_01,meter_01,526,none,none,none,none,none,none,0.9999993939587364,0.48315790550196036,0,,0,0,drift_not_confirmed,,voltage_rolling_mean=231.597654;source_publish_interval=0.504261,,2.3570838384330273,22.60208292864263,24.996959138661623
2026-08-10T16:38:48.307576+00:00,measurement_drift_01,meter_02,526,none,none,none,none,none,normal_drift,0.999965840206052,0.4393920618520515,0,,1,0,collecting_candidates;drift_not_confirmed,voltage_rolling_mean,voltage_rolling_mean=231.959075;source_publish_interval=0.504260,voltage_rolling_mean,0.8305830415338278,11.978874914348125,12.835667002946138
2026-08-10T16:38:48.320541+00:00,measurement_drift_01,meter_03,526,none,none,none,none,none,none,0.9999215679455776,0.46314393749540445,0,,0,0,drift_not_confirmed,,voltage_rolling_mean=230.608773;source_publish_interval=0.504259,,0.5752500146627426,9.648750070482492,10.244916891679168
2026-08-10T16:38:48.784363+00:00,measurement_drift_01,meter_01,527,none,none,none,none,none,none,0.9999995569475362,0.5056438389098176,0,,0,0,drift_not_confirmed,,voltage_rolling_mean=231.597654;source_publish_interval=0.504261,,1.441792119294405,21.343874977901578,22.82395912334323
2026-08-10T16:38:48.807459+00:00,measurement_drift_01,meter_02,527,none,none,none,none,none,normal_drift,0.9999964972972016,0.4355829826178057,0,,1,0,collecting_candidates;drift_not_confirmed,voltage_rolling_mean,voltage_rolling_mean=231.959075;source_publish_interval=0.504260,voltage_rolling_mean,0.8455000352114439,13.177250046283007,14.046916970983148
2026-08-10T16:38:48.821621+00:00,measurement_drift_01,meter_03,527,none,none,none,none,none,none,0.9999946750948333,0.4898707637216913,0,,0,0,drift_not_confirmed,,voltage_rolling_mean=230.608773;source_publish_interval=0.504259,,0.6295829080045223,10.218458948656917,10.866750031709671
2026-08-10T16:38:49.290089+00:00,measurement_drift_01,meter_01,528,none,none,none,none,none,none,0.99999917937482,0.47752596609367665,0,,0,0,drift_not_confirmed,,voltage_rolling_mean=231.597654;source_publish_interval=0.504261,,2.670624991878867,22.452666889876127,25.158333126455545
2026-08-10T16:38:49.315617+00:00,measurement_drift_01,meter_02,528,none,none,none,none,none,normal_drift,0.999997802295483,0.4637830233652108,0,,1,0,collecting_candidates;drift_not_confirmed,voltage_rolling_mean,voltage_rolling_mean=231.959075;source_publish_interval=0.504260,voltage_rolling_mean,0.8405840490013361,12.026249896734953,12.891208054497838
2026-08-10T16:38:49.328615+00:00,measurement_drift_01,meter_03,528,none,none,none,none,none,none,0.9999811486062467,0.46305595099550817,0,,0,0,drift_not_confirmed,,voltage_rolling_mean=230.608773;source_publish_interval=0.504259,,0.5900831893086433,9.460665984079242,10.069125099107623
2026-08-10T16:38:49.795394+00:00,measurement_drift_01,meter_01,529,none,none,none,none,none,none,0.9999994949869001,0.47010929871414153,0,,0,0,drift_not_confirmed,,voltage_rolling_mean=231.597654;source_publish_interval=0.504261,,2.21145898103714,22.446541115641594,24.69400013796985
2026-08-10T16:38:49.820457+00:00,measurement_drift_01,meter_02,529,none,none,none,none,none,normal_drift,0.9999987001968518,0.5287157693792944,0,,1,0,collecting_candidates;drift_not_confirmed,voltage_rolling_mean,voltage_rolling_mean=231.959075;source_publish_interval=0.504260,voltage_rolling_mean,0.8585420437157154,11.999292066320777,12.883832911029458
2026-08-10T16:38:49.833455+00:00,measurement_drift_01,meter_03,529,none,none,none,none,none,none,0.9999934094645653,0.43255891147268377,0,,0,0,drift_not_confirmed,,voltage_rolling_mean=230.608773;source_publish_interval=0.504259,,0.590750016272068,9.533457923680544,10.14316687360406
2026-08-10T16:38:50.300056+00:00,measurement_drift_01,meter_01,530,none,none,none,none,none,none,0.9999993862614095,0.454224522258438,0,,0,0,drift_not_confirmed,,voltage_rolling_mean=231.597654;source_publish_interval=0.504261,,2.1532499231398106,22.55883300676942,24.762833025306463
2026-08-10T16:38:50.325244+00:00,measurement_drift_01,meter_02,530,none,none,none,none,none,normal_drift,0.9999982818053706,0.45064265641593554,0,,1,0,collecting_candidates;drift_not_confirmed,voltage_rolling_mean,voltage_rolling_mean=231.959075;source_publish_interval=0.504260,voltage_rolling_mean,0.9299160446971655,12.192707974463701,13.148625148460269
2026-08-10T16:38:50.338533+00:00,measurement_drift_01,meter_03,530,none,none,none,none,none,none,0.9999970469766668,0.5082566096654437,0,,0,0,drift_not_confirmed,,voltage_rolling_mean=230.608773;source_publish_interval=0.504259,,0.5517089739441872,9.607333922758698,10.179082863032818
2026-08-10T16:38:50.805351+00:00,measurement_drift_01,meter_01,531,none,none,none,none,none,none,0.9999996175108501,0.5111188262725085,0,,0,0,drift_not_confirmed,,voltage_rolling_mean=231.597654;source_publish_interval=0.504261,,2.0042499527335167,21.892415825277567,23.93175009638071
2026-08-10T16:38:50.829565+00:00,measurement_drift_01,meter_02,531,none,none,none,none,none,normal_drift,0.9999983065141673,0.4434248006100063,0,,1,0,collecting_candidates;drift_not_confirmed,voltage_rolling_mean,voltage_rolling_mean=231.959075;source_publish_interval=0.504260,voltage_rolling_mean,0.8446660358458757,12.252375017851591,13.123709009960294
2026-08-10T16:38:50.842817+00:00,measurement_drift_01,meter_03,531,none,none,none,none,none,none,0.9999772343200705,0.4479775138692578,0,,0,0,drift_not_confirmed,,voltage_rolling_mean=230.608773;source_publish_interval=0.504259,,0.5488749593496323,9.36666689813137,9.93474991992116
2026-08-10T16:38:51.310522+00:00,measurement_drift_01,meter_01,532,none,none,none,none,none,none,0.9999990602125678,0.4471656840627185,0,,0,0,drift_not_confirmed,,voltage_rolling_mean=231.597654;source_publish_interval=0.504261,,2.4603339843451977,21.815457846969366,24.309457978233695
2026-08-10T16:38:51.335220+00:00,measurement_drift_01,meter_02,532,none,none,none,none,none,normal_drift,0.9999982255480097,0.4917311194982858,0,,1,0,collecting_candidates;drift_not_confirmed,voltage_rolling_mean,voltage_rolling_mean=231.959075;source_publish_interval=0.504260,voltage_rolling_mean,0.7720841094851494,11.658750008791685,12.45504105463624
2026-08-10T16:38:51.347784+00:00,measurement_drift_01,meter_03,532,none,none,none,none,none,none,0.9999702543582962,0.45670794989276475,0,,0,0,drift_not_confirmed,,voltage_rolling_mean=230.608773;source_publish_interval=0.504259,,0.5819168873131275,9.625042090192437,10.225916979834437
2026-08-10T16:38:51.813399+00:00,measurement_drift_01,meter_01,533,none,none,none,none,none,none,0.9999993165388502,0.4704802088721201,0,,0,0,drift_not_confirmed,,voltage_rolling_mean=231.597654;source_publish_interval=0.504261,,1.3750409707427025,20.37195907905698,21.78029203787446
2026-08-10T16:38:51.835421+00:00,measurement_drift_01,meter_02,533,none,none,none,none,none,normal_drift,0.9999971526808771,0.5654289571688516,0,,1,1,drift_not_confirmed;reference_updated,voltage_rolling_mean,voltage_rolling_mean=231.645875;source_publish_interval=0.504260,voltage_rolling_mean,0.8802090305835009,12.928707990795374,13.835499994456768
2026-08-10T16:38:51.849377+00:00,measurement_drift_01,meter_03,533,none,none,none,none,none,none,0.9999925138211415,0.4302339181841795,0,,0,0,drift_not_confirmed,,voltage_rolling_mean=230.608773;source_publish_interval=0.504259,,0.6070840172469616,9.900332894176245,10.528875049203634
2026-08-10T16:38:52.318597+00:00,measurement_drift_01,meter_01,534,none,none,none,none,none,none,0.9999985517384695,0.4361744204556284,0,,0,0,drift_not_confirmed,,voltage_rolling_mean=231.597654;source_publish_interval=0.504261,,2.357332967221737,22.943041054531932,25.341792032122612
2026-08-10T16:38:52.344323+00:00,measurement_drift_01,meter_02,534,none,none,none,none,none,normal_drift,0.9999973863242287,0.446868864930447,0,,1,0,collecting_candidates;drift_not_confirmed,voltage_rolling_mean,voltage_rolling_mean=231.645875;source_publish_interval=0.504260,voltage_rolling_mean,0.8788330014795065,12.085500173270702,12.99258298240602
2026-08-10T16:38:52.357441+00:00,measurement_drift_01,meter_03,534,none,none,none,none,none,none,0.9999617533643242,0.4335642869819344,0,,0,0,drift_not_confirmed,,voltage_rolling_mean=230.608773;source_publish_interval=0.504259,,0.5926250014454126,9.625124977901578,10.236083064228296
2026-08-10T16:38:52.820514+00:00,measurement_drift_01,meter_01,535,none,none,none,none,none,none,0.999999213591735,0.4781380843145276,0,,0,0,drift_not_confirmed,,voltage_rolling_mean=231.597654;source_publish_interval=0.504261,,2.089874818921089,21.93870791234076,24.06458300538361
2026-08-10T16:38:52.844880+00:00,measurement_drift_01,meter_02,535,none,none,none,none,none,normal_drift,0.9999953517923356,0.5121024780914735,0,,1,0,collecting_candidates;drift_not_confirmed,voltage_rolling_mean,voltage_rolling_mean=231.645875;source_publish_interval=0.504260,voltage_rolling_mean,0.8604580070823431,12.001415947452188,12.887582881376147
2026-08-10T16:38:52.857886+00:00,measurement_drift_01,meter_03,535,none,none,none,none,none,none,0.999995988830563,0.4794659299418324,0,,0,0,drift_not_confirmed,,voltage_rolling_mean=230.608773;source_publish_interval=0.504259,,0.5352911539375782,9.540791157633066,10.094875004142523
2026-08-10T16:38:53.324037+00:00,measurement_drift_01,meter_01,536,none,none,none,none,none,none,0.9999986113013934,0.4800442086688697,0,,0,0,drift_not_confirmed,,voltage_rolling_mean=231.597654;source_publish_interval=0.504261,,2.512125065550208,22.520125145092607,25.06708400323987
2026-08-10T16:38:53.349470+00:00,measurement_drift_01,meter_02,536,none,none,none,none,none,normal_drift,0.9999927609335483,0.45837419896570847,0,,1,0,collecting_candidates;drift_not_confirmed,voltage_rolling_mean,voltage_rolling_mean=231.645875;source_publish_interval=0.504260,voltage_rolling_mean,0.8487498853355646,11.886375024914742,12.759207980707288
2026-08-10T16:38:53.362347+00:00,measurement_drift_01,meter_03,536,none,none,none,none,none,none,0.9999194705215069,0.45037356262660744,0,,0,0,drift_not_confirmed,,voltage_rolling_mean=230.608773;source_publish_interval=0.504259,,0.5827080458402634,9.386374847963452,9.98750003054738
2026-08-10T16:38:53.826839+00:00,measurement_drift_01,meter_01,537,none,none,none,none,none,none,0.9999994769642153,0.6045657188911956,0,,0,0,drift_not_confirmed,,voltage_rolling_mean=231.597654;source_publish_interval=0.504261,,2.4302920792251825,22.09724998101592,24.562875041738153
2026-08-10T16:38:53.851765+00:00,measurement_drift_01,meter_02,537,none,none,none,none,none,normal_drift,0.999995144606856,0.4424134194534324,0,,1,0,collecting_candidates;drift_not_confirmed,voltage_rolling_mean,voltage_rolling_mean=231.645875;source_publish_interval=0.504260,voltage_rolling_mean,0.8440830279141665,12.008207850158215,12.875792104750872
2026-08-10T16:38:53.864752+00:00,measurement_drift_01,meter_03,537,none,none,none,none,none,none,0.9999746062071901,0.44139609616615727,0,,0,0,drift_not_confirmed,,voltage_rolling_mean=230.608773;source_publish_interval=0.504259,,0.5709170363843441,9.417874971404672,10.006583062931895
2026-08-10T16:38:54.331046+00:00,measurement_drift_01,meter_01,538,none,none,none,none,none,none,0.9999991533104021,0.44707484351749494,0,,0,0,drift_not_confirmed,,voltage_rolling_mean=231.597654;source_publish_interval=0.504261,,1.4395839534699917,20.849041873589158,22.32654206454754
2026-08-10T16:38:54.353619+00:00,measurement_drift_01,meter_02,538,none,none,none,none,none,normal_drift,0.999998269007709,0.447840912443401,0,,1,0,collecting_candidates;drift_not_confirmed,voltage_rolling_mean,voltage_rolling_mean=231.645875;source_publish_interval=0.504260,voltage_rolling_mean,0.8709998801350594,12.714749900624156,13.61229200847447
2026-08-10T16:38:54.367375+00:00,measurement_drift_01,meter_03,538,none,none,none,none,none,none,0.999889783981903,0.5519763476655599,0,,0,0,drift_not_confirmed,,voltage_rolling_mean=230.608773;source_publish_interval=0.504259,,0.5828749854117632,10.062083136290312,10.66437503322959
2026-08-10T16:38:54.836771+00:00,measurement_drift_01,meter_01,539,none,none,none,none,none,none,0.9999989842059338,0.44718564347008016,0,,0,0,drift_not_confirmed,,voltage_rolling_mean=231.597654;source_publish_interval=0.504261,,2.549125114455819,17.825957853347063,20.411417121067643
2026-08-10T16:38:54.857564+00:00,measurement_drift_01,meter_02,539,none,none,none,none,none,normal_drift,0.9999920195009384,0.46668849350641256,0,,1,0,collecting_candidates;drift_not_confirmed,voltage_rolling_mean,voltage_rolling_mean=231.645875;source_publish_interval=0.504260,voltage_rolling_mean,0.7579170633107424,11.065541999414563,11.8454999756068
2026-08-10T16:38:54.869510+00:00,measurement_drift_01,meter_03,539,none,none,none,none,none,none,0.9999892717116411,0.48952348582189253,0,,0,0,drift_not_confirmed,,voltage_rolling_mean=230.608773;source_publish_interval=0.504259,,0.5227499641478062,9.397084126248956,9.938249830156565
2026-08-10T16:38:55.341850+00:00,measurement_drift_01,meter_01,540,none,none,none,none,none,none,0.9999991980172364,0.4778829888890763,0,,0,0,drift_not_confirmed,,voltage_rolling_mean=231.597654;source_publish_interval=0.504261,,2.045833971351385,21.133749978616834,23.216957924887538
2026-08-10T16:38:55.365417+00:00,measurement_drift_01,meter_02,540,none,none,none,none,none,normal_drift,0.9999938328557035,0.4426722263259944,0,,1,0,collecting_candidates;drift_not_confirmed,voltage_rolling_mean,voltage_rolling_mean=231.645875;source_publish_interval=0.504260,voltage_rolling_mean,0.7928330451250076,11.73516595736146,12.55041710101068
2026-08-10T16:38:55.378078+00:00,measurement_drift_01,meter_03,540,none,none,none,none,none,none,0.9996113689840727,0.44396091864918463,0,,0,0,drift_not_confirmed,,voltage_rolling_mean=230.608773;source_publish_interval=0.504259,,0.5404578987509012,9.555291151627898,10.114082833752036
2026-08-10T16:38:55.846838+00:00,measurement_drift_01,meter_01,541,none,none,none,none,none,none,0.9999984261182904,0.45905153337439375,0,,0,0,drift_not_confirmed,,voltage_rolling_mean=231.597654;source_publish_interval=0.504261,,2.9605000745505095,16.61654212512076,19.6172499563545
2026-08-10T16:38:55.866849+00:00,measurement_drift_01,meter_02,541,none,none,none,none,none,normal_drift,0.9999930934777995,0.4683318662292058,0,,1,0,collecting_candidates;drift_not_confirmed,voltage_rolling_mean,voltage_rolling_mean=231.645875;source_publish_interval=0.504260,voltage_rolling_mean,0.7704170420765877,10.932499775663018,11.72704086638987
2026-08-10T16:38:55.878690+00:00,measurement_drift_01,meter_03,541,none,none,none,none,none,none,0.9996424813948059,0.47093961327005,0,,0,0,drift_not_confirmed,,voltage_rolling_mean=230.608773;source_publish_interval=0.504259,,0.5462081171572208,9.202915942296386,9.768457850441337
2026-08-10T16:38:56.351782+00:00,measurement_drift_01,meter_01,542,none,none,none,none,none,none,0.9999981764040506,0.48136304413927855,0,,0,0,drift_not_confirmed,,voltage_rolling_mean=231.597654;source_publish_interval=0.504261,,2.6158748660236597,21.483917022123933,24.134499952197075
2026-08-10T16:38:56.376305+00:00,measurement_drift_01,meter_02,542,none,none,none,none,none,normal_drift,0.9999937180640169,0.43267907560782515,0,,1,0,collecting_candidates;drift_not_confirmed,voltage_rolling_mean,voltage_rolling_mean=231.645875;source_publish_interval=0.504260,voltage_rolling_mean,0.8614580146968365,11.708874953910708,12.59412500075996
2026-08-10T16:38:56.389006+00:00,measurement_drift_01,meter_03,542,none,none,none,none,none,none,0.9991837725866076,0.43924346026416244,0,,0,0,drift_not_confirmed,,voltage_rolling_mean=230.608773;source_publish_interval=0.504259,,0.5631670355796814,9.347209008410573,9.9287498742342
2026-08-10T16:38:56.856970+00:00,measurement_drift_01,meter_01,543,none,none,none,none,none,none,0.9999987731166005,0.48785189055823086,0,,0,0,drift_not_confirmed,,voltage_rolling_mean=231.597654;source_publish_interval=0.504261,,3.142792033031583,15.10020811110735,18.2695840485394
2026-08-10T16:38:56.875621+00:00,measurement_drift_01,meter_02,543,none,none,none,none,none,normal_drift,0.9999980547584167,0.4446872029272455,0,,1,0,collecting_candidates;drift_not_confirmed,voltage_rolling_mean,voltage_rolling_mean=231.645875;source_publish_interval=0.504260,voltage_rolling_mean,0.7359171286225319,10.675916913896799,11.432457948103547
2026-08-10T16:38:56.887159+00:00,measurement_drift_01,meter_03,543,none,none,none,none,none,none,0.9997015695894022,0.5635146455333984,0,,0,0,drift_not_confirmed,,voltage_rolling_mean=230.608773;source_publish_interval=0.504259,,0.5289579275995493,9.055749978870153,9.601792087778449
2026-08-10T16:38:57.361976+00:00,measurement_drift_01,meter_01,544,none,none,none,none,none,none,0.999996221678637,0.43572933722949303,0,,0,0,drift_not_confirmed,,voltage_rolling_mean=231.597654;source_publish_interval=0.504261,,3.212499897927046,17.287833150476217,20.536750089377165
2026-08-10T16:38:57.382872+00:00,measurement_drift_01,meter_02,544,none,none,none,none,none,normal_drift,0.9999855659914516,0.585635069761654,0,,1,0,collecting_candidates;drift_not_confirmed,voltage_rolling_mean,voltage_rolling_mean=231.645875;source_publish_interval=0.504260,voltage_rolling_mean,0.756541034206748,11.18899998255074,11.968290898948908
2026-08-10T16:38:57.394947+00:00,measurement_drift_01,meter_03,544,none,none,none,none,none,none,0.9984908124716115,0.4708232527325704,0,,0,0,drift_not_confirmed,,voltage_rolling_mean=230.608773;source_publish_interval=0.504259,,0.5403750110417604,9.259165963158011,9.818041929975152
2026-08-10T16:38:57.863902+00:00,measurement_drift_01,meter_01,545,none,none,none,none,none,none,0.9999967664773707,0.5227647878640076,0,,0,0,drift_not_confirmed,,voltage_rolling_mean=231.597654;source_publish_interval=0.504261,,2.8722500428557396,19.183707889169455,22.092249942943454
2026-08-10T16:38:57.886363+00:00,measurement_drift_01,meter_02,545,none,none,none,none,none,normal_drift,0.9999882159193981,0.4444546693472749,0,,1,0,collecting_candidates;drift_not_confirmed,voltage_rolling_mean,voltage_rolling_mean=231.645875;source_publish_interval=0.504260,voltage_rolling_mean,0.7444589864462614,11.40254084020853,12.16795900836587
2026-08-10T16:38:57.898631+00:00,measurement_drift_01,meter_03,545,none,none,none,none,none,none,0.9998719488091569,0.45033880257730685,0,,0,0,drift_not_confirmed,,voltage_rolling_mean=230.608773;source_publish_interval=0.504259,,0.5198339931666851,9.480750188231468,10.018000146374106
2026-08-10T16:38:58.368797+00:00,measurement_drift_01,meter_01,546,none,none,none,none,none,none,0.9999924943598989,0.48059709713587373,0,,0,0,drift_not_confirmed,,voltage_rolling_mean=231.597654;source_publish_interval=0.504261,,1.9482909701764584,22.190290968865156,24.18129099532962
2026-08-10T16:38:58.393345+00:00,measurement_drift_01,meter_02,546,none,none,none,none,none,normal_drift,0.9999946072465095,0.48666246378430955,0,,1,0,collecting_candidates;drift_not_confirmed,voltage_rolling_mean,voltage_rolling_mean=231.645875;source_publish_interval=0.504260,voltage_rolling_mean,0.897709047421813,12.056750012561679,12.978333979845047
2026-08-10T16:38:58.406431+00:00,measurement_drift_01,meter_03,546,none,none,none,none,none,none,0.9998789598823195,0.5089164234134765,0,,0,0,drift_not_confirmed,,voltage_rolling_mean=230.608773;source_publish_interval=0.504259,,0.5446660798043013,9.421750204637647,9.985208045691252
2026-08-10T16:38:58.873975+00:00,measurement_drift_01,meter_01,547,none,none,none,none,none,none,0.9999983345930912,0.44198114885488665,0,,0,0,drift_not_confirmed,,voltage_rolling_mean=231.597654;source_publish_interval=0.504261,,1.9570838194340467,21.920250030234456,23.924666922539473
2026-08-10T16:38:58.898200+00:00,measurement_drift_01,meter_02,547,none,none,none,none,none,normal_drift,0.9999790350769268,0.43921431384928256,0,,1,0,collecting_candidates;drift_not_confirmed,voltage_rolling_mean,voltage_rolling_mean=231.645875;source_publish_interval=0.504260,voltage_rolling_mean,0.8649169467389584,12.039249995723367,12.928333831951022
2026-08-10T16:38:58.911243+00:00,measurement_drift_01,meter_03,547,none,none,none,none,none,none,0.9994291650748205,0.442544138875506,0,,0,0,drift_not_confirmed,,voltage_rolling_mean=230.608773;source_publish_interval=0.504259,,0.5670830141752958,9.44850011728704,10.034333914518356
2026-08-10T16:38:59.379034+00:00,measurement_drift_01,meter_01,548,none,none,none,none,none,none,0.9999993222400352,0.44218447964122826,0,,0,0,drift_not_confirmed,,voltage_rolling_mean=231.597654;source_publish_interval=0.504261,,3.1383330933749676,16.299917129799724,19.474459113553166
2026-08-10T16:38:59.398871+00:00,measurement_drift_01,meter_02,548,none,none,none,none,none,normal_drift,0.999975616656289,0.4864888570519262,0,,1,0,collecting_candidates;drift_not_confirmed,voltage_rolling_mean,voltage_rolling_mean=231.645875;source_publish_interval=0.504260,voltage_rolling_mean,0.7381248287856579,10.929875075817108,11.690458049997687
2026-08-10T16:38:59.410659+00:00,measurement_drift_01,meter_03,548,none,none,none,none,none,none,0.9999498551675046,0.4500829402216332,0,,0,0,drift_not_confirmed,,voltage_rolling_mean=230.608773;source_publish_interval=0.504259,,0.5348750855773687,9.194334037601948,9.746833005920053
2026-08-10T16:38:59.882934+00:00,measurement_drift_01,meter_01,549,none,none,none,none,none,none,0.9999988765993045,0.45810382644347947,0,,0,0,drift_not_confirmed,,voltage_rolling_mean=231.597654;source_publish_interval=0.504261,,2.1571670658886433,22.138291969895363,24.34404194355011
2026-08-10T16:38:59.907669+00:00,measurement_drift_01,meter_02,549,none,none,none,none,none,normal_drift,0.9999419310123907,0.4630065319573015,0,,1,0,collecting_candidates;drift_not_confirmed,voltage_rolling_mean,voltage_rolling_mean=231.645875;source_publish_interval=0.504260,voltage_rolling_mean,0.8829159196466208,12.029084144160151,12.937666149809957
2026-08-10T16:38:59.920723+00:00,measurement_drift_01,meter_03,549,none,none,none,none,none,none,0.9989910858543474,0.45164590499200125,0,,0,0,drift_not_confirmed,,voltage_rolling_mean=230.608773;source_publish_interval=0.504259,,0.5895830690860748,9.700250113382936,10.309082921594381
2026-08-10T16:39:00.388361+00:00,measurement_drift_01,meter_01,550,none,none,none,none,none,none,0.9999977539057371,0.4367537610156911,0,,0,0,drift_not_confirmed,,voltage_rolling_mean=231.597654;source_publish_interval=0.504261,,2.4305409751832485,18.942459020763636,21.407749969512224
2026-08-10T16:39:00.410142+00:00,measurement_drift_01,meter_02,550,none,none,none,none,none,normal_drift,0.9996690827105756,0.46234243902780353,0,,1,0,collecting_candidates;drift_not_confirmed,voltage_rolling_mean,voltage_rolling_mean=231.645875;source_publish_interval=0.504260,voltage_rolling_mean,0.7457919418811798,11.664875084534287,12.433166848495603
2026-08-10T16:39:00.422696+00:00,measurement_drift_01,meter_03,550,none,none,none,none,none,none,0.9999861523587382,0.5992026318106175,0,,0,0,drift_not_confirmed,,voltage_rolling_mean=230.608773;source_publish_interval=0.504259,,0.542790861800313,9.420249843969941,9.981832932680845
2026-08-10T16:39:00.893083+00:00,measurement_drift_01,meter_01,551,none,none,none,none,none,none,0.999995994438681,0.43353086331349655,0,,0,0,drift_not_confirmed,,voltage_rolling_mean=231.597654;source_publish_interval=0.504261,,2.0179999992251396,21.538457833230495,23.587499978020787
2026-08-10T16:39:00.916960+00:00,measurement_drift_01,meter_02,551,none,none,none,none,none,normal_drift,0.9999079073549999,0.51056331166494,0,,1,0,collecting_candidates;drift_not_confirmed,voltage_rolling_mean,voltage_rolling_mean=231.645875;source_publish_interval=0.504260,voltage_rolling_mean,0.7408750243484974,12.085499940440059,12.851333944126964
2026-08-10T16:39:00.929924+00:00,measurement_drift_01,meter_03,551,none,none,none,none,none,none,0.9996977180791287,0.442474003106272,0,,0,0,drift_not_confirmed,,voltage_rolling_mean=230.608773;source_publish_interval=0.504259,,0.5792500451207161,9.555290918797255,10.152500122785568
2026-08-10T16:39:01.396118+00:00,measurement_drift_01,meter_01,552,none,none,none,none,none,none,0.999999218904467,0.47585930808255944,0,,0,0,drift_not_confirmed,,voltage_rolling_mean=231.597654;source_publish_interval=0.504261,,2.629457972943783,17.353124916553497,20.01812495291233
2026-08-10T16:39:01.416516+00:00,measurement_drift_01,meter_02,552,none,none,none,none,none,normal_drift,0.9997381350972061,0.44201783079523493,0,,1,0,collecting_candidates;drift_not_confirmed,voltage_rolling_mean,voltage_rolling_mean=231.645875;source_publish_interval=0.504260,voltage_rolling_mean,0.7464578375220299,11.115083005279303,11.882832972332835
2026-08-10T16:39:01.428505+00:00,measurement_drift_01,meter_03,552,none,none,none,none,none,none,0.9994292878388951,0.4789072003389276,0,,0,0,drift_not_confirmed,,voltage_rolling_mean=230.608773;source_publish_interval=0.504259,,0.5180840380489826,9.219500003382564,9.755166014656425
2026-08-10T16:39:01.901202+00:00,measurement_drift_01,meter_01,553,none,none,none,none,none,none,0.9999977143223878,0.45671676635312414,0,,0,0,drift_not_confirmed,,voltage_rolling_mean=231.597654;source_publish_interval=0.504261,,1.9940831698477268,22.03895803540945,24.070499930530787
2026-08-10T16:39:01.925613+00:00,measurement_drift_01,meter_02,553,none,none,none,none,none,normal_drift,0.9999673079484924,0.4663030899683014,0,,1,1,drift_not_confirmed;reference_updated,voltage_rolling_mean,voltage_rolling_mean=230.761729;source_publish_interval=0.504260,voltage_rolling_mean,0.8894170168787241,12.192917056381702,13.108582934364676
2026-08-10T16:39:01.938836+00:00,measurement_drift_01,meter_03,553,none,none,none,none,none,none,0.9993368693930265,0.4584789625900014,0,,0,0,drift_not_confirmed,,voltage_rolling_mean=230.608773;source_publish_interval=0.504259,,0.5344999954104424,9.712333092465997,10.265500051900744
2026-08-10T16:39:02.405691+00:00,measurement_drift_01,meter_01,554,none,none,none,none,none,none,0.9999992491288827,0.5134973064881401,0,,0,0,drift_not_confirmed,,voltage_rolling_mean=231.597654;source_publish_interval=0.504261,,2.350583905354142,19.287707982584834,21.67899999767542
2026-08-10T16:39:02.427765+00:00,measurement_drift_01,meter_02,554,none,none,none,unknown,unknown,normal_drift,0.9999890786846807,0.6662223327906638,0,,1,0,collecting_candidates;drift_not_confirmed,voltage_rolling_mean,voltage_rolling_mean=230.761729;source_publish_interval=0.504260,voltage_rolling_mean,0.7415420841425657,11.651959037408233,12.420042185112834
2026-08-10T16:39:02.440287+00:00,measurement_drift_01,meter_03,554,none,none,none,none,none,none,0.9998983296032103,0.45779821632232864,0,,0,0,drift_not_confirmed,,voltage_rolling_mean=230.608773;source_publish_interval=0.504259,,0.5445829592645168,9.451708989217877,10.014166124165058
2026-08-10T16:39:02.910394+00:00,measurement_drift_01,meter_01,555,none,none,none,none,none,none,0.9999967243978896,0.43834402239055,0,,0,0,drift_not_confirmed,,voltage_rolling_mean=231.597654;source_publish_interval=0.504261,,2.5306669995188713,22.45870791375637,25.03066696226597
2026-08-10T16:39:02.935911+00:00,measurement_drift_01,meter_02,555,none,none,none,none,none,normal_drift,0.9999624594533016,0.47647225910290225,0,,1,0,collecting_candidates;drift_not_confirmed,voltage_rolling_mean,voltage_rolling_mean=230.761729;source_publish_interval=0.504260,voltage_rolling_mean,0.8931669872254133,12.201291043311357,13.121708063408732
2026-08-10T16:39:02.949179+00:00,measurement_drift_01,meter_03,555,none,none,none,none,none,none,0.9971053388716037,0.45123901089370855,0,,0,0,drift_not_confirmed,,voltage_rolling_mean=230.608773;source_publish_interval=0.504259,,0.5998751148581505,9.57158301025629,10.190750006586313
2026-08-10T16:39:03.415272+00:00,measurement_drift_01,meter_01,556,none,none,none,none,none,none,0.9999974052136386,0.43644154310390926,0,,0,0,drift_not_confirmed,,voltage_rolling_mean=231.597654;source_publish_interval=0.504261,,2.044833032414317,22.239290876314044,24.321290897205472
2026-08-10T16:39:03.439951+00:00,measurement_drift_01,meter_02,556,none,none,none,none,none,normal_drift,0.9999423176259351,0.44772545136066705,0,,1,0,collecting_candidates;drift_not_confirmed,voltage_rolling_mean,voltage_rolling_mean=230.761729;source_publish_interval=0.504260,voltage_rolling_mean,0.8800840005278587,12.078583939000964,12.983458116650581
2026-08-10T16:39:03.453053+00:00,measurement_drift_01,meter_03,556,none,none,none,none,none,none,0.9944608492454489,0.4533327649518926,0,,0,0,drift_not_confirmed,,voltage_rolling_mean=230.608773;source_publish_interval=0.504259,,0.5430409219115973,9.719833033159375,10.28179214335978
2026-08-10T16:39:03.918429+00:00,measurement_drift_01,meter_01,557,none,none,none,none,none,none,0.9999977500022369,0.4710332066078673,0,,0,0,drift_not_confirmed,,voltage_rolling_mean=231.597654;source_publish_interval=0.504261,,2.3911669850349426,20.090957870706916,22.52204087562859
2026-08-10T16:39:03.941338+00:00,measurement_drift_01,meter_02,557,none,none,none,none,none,normal_drift,0.9999028921252587,0.4438594098300266,0,,1,0,collecting_candidates;drift_not_confirmed,voltage_rolling_mean,voltage_rolling_mean=230.761729;source_publish_interval=0.504260,voltage_rolling_mean,0.7429579272866249,11.707749916240573,12.473708018660545
2026-08-10T16:39:03.953924+00:00,measurement_drift_01,meter_03,557,none,none,none,none,none,none,0.9995365931738005,0.4486955042225341,0,,0,0,drift_not_confirmed,,voltage_rolling_mean=230.608773;source_publish_interval=0.504259,,0.5439158994704485,9.364499943330884,9.926792001351714
2026-08-10T16:39:04.423527+00:00,measurement_drift_01,meter_01,558,none,none,none,none,none,none,0.9999986758551097,0.5031401138996942,0,,0,0,drift_not_confirmed,,voltage_rolling_mean=231.597654;source_publish_interval=0.504261,,2.584083005785942,18.941791029646993,21.558707812801003
2026-08-10T16:39:04.445450+00:00,measurement_drift_01,meter_02,558,none,none,none,none,none,normal_drift,0.999872169737928,0.4401790531348821,0,,1,0,collecting_candidates;drift_not_confirmed,voltage_rolling_mean,voltage_rolling_mean=230.761729;source_publish_interval=0.504260,voltage_rolling_mean,0.749541912227869,11.57279103063047,12.345375027507544
2026-08-10T16:39:04.457898+00:00,measurement_drift_01,meter_03,558,none,none,none,unknown,unknown,unknown,0.9998803355508417,0.6443134602884346,0,,0,0,drift_not_confirmed,,voltage_rolling_mean=230.608773;source_publish_interval=0.504259,,0.549541087821126,9.485415881499648,10.053667007014155
2026-08-10T16:39:04.928476+00:00,measurement_drift_01,meter_01,559,none,none,none,none,none,none,0.9999980014804171,0.4363019651716019,0,,0,0,drift_not_confirmed,,voltage_rolling_mean=231.597654;source_publish_interval=0.504261,,2.4726660922169685,22.173959063366055,24.68599984422326
2026-08-10T16:39:04.953555+00:00,measurement_drift_01,meter_02,559,none,none,none,none,none,normal_drift,0.9999450866324746,0.4839966280937437,0,,1,0,collecting_candidates;drift_not_confirmed,voltage_rolling_mean,voltage_rolling_mean=230.761729;source_publish_interval=0.504260,voltage_rolling_mean,0.8797079790383577,12.122459011152387,13.02612479776144
2026-08-10T16:39:04.966710+00:00,measurement_drift_01,meter_03,559,none,none,none,none,none,none,0.9976411980847105,0.4529070307585577,0,,0,0,drift_not_confirmed,,voltage_rolling_mean=230.608773;source_publish_interval=0.504259,,0.5992909427732229,9.488292038440704,10.105584049597383
2026-08-10T16:39:05.433742+00:00,measurement_drift_01,meter_01,560,none,none,none,none,none,none,0.9999974376836621,0.5301346028020445,0,,0,0,drift_not_confirmed,,voltage_rolling_mean=231.597654;source_publish_interval=0.504261,,2.900291932746768,18.490083049982786,21.43129101023078
2026-08-10T16:39:05.455557+00:00,measurement_drift_01,meter_02,560,none,none,none,none,none,normal_drift,0.999972371807022,0.486716985668378,0,,1,0,collecting_candidates;drift_not_confirmed,voltage_rolling_mean,voltage_rolling_mean=230.761729;source_publish_interval=0.504260,voltage_rolling_mean,0.7369171362370253,11.259916005656123,12.019707821309566
2026-08-10T16:39:05.467689+00:00,measurement_drift_01,meter_03,560,none,none,none,none,none,none,0.9948147266002949,0.4675094639607507,0,,0,0,drift_not_confirmed,,voltage_rolling_mean=230.608773;source_publish_interval=0.504259,,0.5432500038295984,9.673750028014183,10.240208823233843
2026-08-10T16:39:05.935230+00:00,measurement_drift_01,meter_01,561,none,none,none,none,none,none,0.9999987586265977,0.5616647403015543,0,,0,0,drift_not_confirmed,,voltage_rolling_mean=231.597654;source_publish_interval=0.504261,,2.091666916385293,21.881332853809,24.02595803141594
2026-08-10T16:39:05.959730+00:00,measurement_drift_01,meter_02,561,none,none,none,none,none,normal_drift,0.9999158849564224,0.49218303707507305,0,,1,0,collecting_candidates;drift_not_confirmed,voltage_rolling_mean,voltage_rolling_mean=230.761729;source_publish_interval=0.504260,voltage_rolling_mean,0.946542015299201,12.228708947077394,13.204707996919751
2026-08-10T16:39:05.973090+00:00,measurement_drift_01,meter_03,561,none,none,none,none,none,none,0.9972829154586508,0.461098052408618,0,,0,0,drift_not_confirmed,,voltage_rolling_mean=230.608773;source_publish_interval=0.504259,,0.572666060179472,9.640624979510903,10.236541973426938
2026-08-10T16:39:06.438282+00:00,measurement_drift_01,meter_01,562,none,none,none,none,none,none,0.9999957119659431,0.44221172158832667,0,,0,0,drift_not_confirmed,,voltage_rolling_mean=231.597654;source_publish_interval=0.504261,,2.1097080316394567,21.80816698819399,23.955042008310556
2026-08-10T16:39:06.462659+00:00,measurement_drift_01,meter_02,562,none,none,none,none,none,normal_drift,0.999954221721681,0.4506786758858374,0,,1,0,collecting_candidates;drift_not_confirmed,voltage_rolling_mean,voltage_rolling_mean=230.761729;source_publish_interval=0.504260,voltage_rolling_mean,0.894750002771616,12.289832811802626,13.207875192165375
2026-08-10T16:39:06.475996+00:00,measurement_drift_01,meter_03,562,none,none,none,none,none,none,0.9992573587078023,0.4813465627199828,0,,0,0,drift_not_confirmed,,voltage_rolling_mean=230.608773;source_publish_interval=0.504259,,0.5415421910583973,9.548333007842302,10.108584072440863
2026-08-10T16:39:06.943116+00:00,measurement_drift_01,meter_01,563,none,none,none,none,none,none,0.9999902829608591,0.4490301614755917,0,,0,0,drift_not_confirmed,,voltage_rolling_mean=231.597654;source_publish_interval=0.504261,,2.908125054091215,19.390500150620937,22.34308305196464
2026-08-10T16:39:06.965896+00:00,measurement_drift_01,meter_02,563,none,none,none,none,none,normal_drift,0.9999381602943391,0.4399731647622126,0,,1,0,collecting_candidates;drift_not_confirmed,voltage_rolling_mean,voltage_rolling_mean=230.761729;source_publish_interval=0.504260,voltage_rolling_mean,0.796792097389698,11.716208886355162,12.536750175058842
2026-08-10T16:39:06.978566+00:00,measurement_drift_01,meter_03,563,none,none,none,none,none,none,0.9984516530784188,0.4597507611970956,0,,0,0,drift_not_confirmed,,voltage_rolling_mean=230.608773;source_publish_interval=0.504259,,0.5517080426216125,9.530541952699423,10.101125109940767
2026-08-10T16:39:07.447730+00:00,measurement_drift_01,meter_01,564,none,none,none,none,none,none,0.9995713302061583,0.4441916990249045,0,,0,0,drift_not_confirmed,,voltage_rolling_mean=231.597654;source_publish_interval=0.504261,,2.7607090305536985,20.847999956458807,23.66441604681313
2026-08-10T16:39:07.471795+00:00,measurement_drift_01,meter_02,564,none,none,none,none,none,normal_drift,0.999804348871866,0.4414407034202298,0,,1,0,collecting_candidates;drift_not_confirmed,voltage_rolling_mean,voltage_rolling_mean=230.761729;source_publish_interval=0.504260,voltage_rolling_mean,0.8178341668099165,12.261208146810532,13.11133406125009
2026-08-10T16:39:07.485076+00:00,measurement_drift_01,meter_03,564,none,none,none,none,none,none,0.9956593080968837,0.45780210907635904,0,,0,0,drift_not_confirmed,,voltage_rolling_mean=230.608773;source_publish_interval=0.504259,,0.5960830021649599,9.57387499511242,10.191290872171521
2026-08-10T16:39:07.953313+00:00,measurement_drift_01,meter_01,565,none,none,none,none,none,none,0.9999383867498766,0.43427384858838175,0,,0,0,drift_not_confirmed,,voltage_rolling_mean=231.597654;source_publish_interval=0.504261,,2.368250163272023,18.5650831554085,20.97862516529858
2026-08-10T16:39:07.974734+00:00,measurement_drift_01,meter_02,565,none,none,none,none,none,normal_drift,0.9992587440415887,0.4773128264952543,0,,1,0,collecting_candidates;drift_not_confirmed,voltage_rolling_mean,voltage_rolling_mean=230.761729;source_publish_interval=0.504260,voltage_rolling_mean,0.7901669014245272,11.5813750308007,12.395541882142425
2026-08-10T16:39:07.987281+00:00,measurement_drift_01,meter_03,565,none,none,none,none,none,none,0.9979947892356554,0.48347052580942523,0,,0,0,drift_not_confirmed,,voltage_rolling_mean=230.608773;source_publish_interval=0.504259,,0.5456670187413692,9.525207802653313,10.10279101319611
2026-08-10T16:39:08.458165+00:00,measurement_drift_01,meter_01,566,none,none,none,none,none,none,0.9999881499249303,0.44288033015838785,0,,0,0,drift_not_confirmed,,voltage_rolling_mean=231.597654;source_publish_interval=0.504261,,2.5953748263418674,19.482083851471543,22.117207990959287
2026-08-10T16:39:08.480692+00:00,measurement_drift_01,meter_02,566,none,none,none,none,none,normal_drift,0.9999366984279532,0.46156284993454183,0,,1,0,collecting_candidates;drift_not_confirmed,voltage_rolling_mean,voltage_rolling_mean=230.761729;source_publish_interval=0.504260,voltage_rolling_mean,0.7603748235851526,11.674332898110151,12.460957979783416
2026-08-10T16:39:08.493282+00:00,measurement_drift_01,meter_03,566,none,none,none,none,none,none,0.9971328386471972,0.45729655349843756,0,,0,0,drift_not_confirmed,,voltage_rolling_mean=230.608773;source_publish_interval=0.504259,,0.531249912455678,9.460999863222241,10.010125115513802
2026-08-10T16:39:08.962895+00:00,measurement_drift_01,meter_01,567,none,none,none,none,none,none,0.9999577137748872,0.4641485594255622,0,,0,0,drift_not_confirmed,,voltage_rolling_mean=231.597654;source_publish_interval=0.504261,,1.4807081315666437,20.60962514951825,22.128499811515212
2026-08-10T16:39:08.985330+00:00,measurement_drift_01,meter_02,567,none,none,none,none,none,normal_drift,0.9995446588417818,0.45355180038690024,0,,1,0,collecting_candidates;drift_not_confirmed,voltage_rolling_mean,voltage_rolling_mean=230.761729;source_publish_interval=0.504260,voltage_rolling_mean,0.879333121702075,12.621915899217129,13.527709059417248
2026-08-10T16:39:08.998999+00:00,measurement_drift_01,meter_03,567,none,none,none,none,none,none,0.9985128328664249,0.5057227678668312,0,,0,0,drift_not_confirmed,,voltage_rolling_mean=230.608773;source_publish_interval=0.504259,,0.6085829809308052,9.745459072291851,10.372833115980029
2026-08-10T16:39:09.468454+00:00,measurement_drift_01,meter_01,568,none,none,none,none,none,none,0.9999725877524778,0.48074892608769876,0,,0,0,drift_not_confirmed,,voltage_rolling_mean=231.597654;source_publish_interval=0.504261,,2.0296669099479914,22.221457911655307,24.28729203529656
2026-08-10T16:39:09.493032+00:00,measurement_drift_01,meter_02,568,none,none,none,none,none,normal_drift,0.9977117327828341,0.49394950825357925,0,,1,0,collecting_candidates;drift_not_confirmed,voltage_rolling_mean,voltage_rolling_mean=230.761729;source_publish_interval=0.504260,voltage_rolling_mean,0.8377919439226389,11.890375055372715,12.753833085298538
2026-08-10T16:39:09.505900+00:00,measurement_drift_01,meter_03,568,none,none,none,none,none,none,0.9907748626767692,0.45264748587551085,0,,0,0,drift_not_confirmed,,voltage_rolling_mean=230.608773;source_publish_interval=0.504259,,0.5438749212771654,9.442665847018361,10.005957912653685
2026-08-10T16:39:09.973282+00:00,measurement_drift_01,meter_01,569,none,none,none,none,none,none,0.9999858348078092,0.4918124638278161,0,,0,0,drift_not_confirmed,,voltage_rolling_mean=231.597654;source_publish_interval=0.504261,,2.0457920618355274,21.685332991182804,23.768208920955658
2026-08-10T16:39:09.997355+00:00,measurement_drift_01,meter_02,569,none,none,none,none,none,normal_drift,0.9996286175781288,0.45927894416400916,0,,1,0,collecting_candidates;drift_not_confirmed,voltage_rolling_mean,voltage_rolling_mean=230.761729;source_publish_interval=0.504260,voltage_rolling_mean,0.8315830491483212,11.962249875068665,12.82120798714459
2026-08-10T16:39:10.010304+00:00,measurement_drift_01,meter_03,569,none,none,none,none,none,none,0.9781940598765612,0.5214419238513074,0,,0,0,drift_not_confirmed,,voltage_rolling_mean=230.608773;source_publish_interval=0.504259,,0.5748751573264599,9.578917175531387,10.172042064368725
2026-08-10T16:39:10.478330+00:00,measurement_drift_01,meter_01,570,none,none,none,none,none,none,0.9999931563152458,0.4738920616258196,0,,0,0,drift_not_confirmed,,voltage_rolling_mean=231.597654;source_publish_interval=0.504261,,2.584707923233509,22.104416973888874,24.736375082284212
2026-08-10T16:39:10.503472+00:00,measurement_drift_01,meter_02,570,none,none,none,none,none,normal_drift,0.9990033651066275,0.4497051152989567,0,,1,0,collecting_candidates;drift_not_confirmed,voltage_rolling_mean,voltage_rolling_mean=230.761729;source_publish_interval=0.504260,voltage_rolling_mean,0.7539170328527689,11.911291861906648,12.692958116531372
2026-08-10T16:39:10.516301+00:00,measurement_drift_01,meter_03,570,none,none,none,none,none,none,0.9906395417414638,0.45213331310314725,0,,0,0,drift_not_confirmed,,voltage_rolling_mean=230.608773;source_publish_interval=0.504259,,0.610999995842576,9.730334160849452,10.361582972109318
2026-08-10T16:39:10.983095+00:00,measurement_drift_01,meter_01,571,none,none,none,none,none,none,0.9999912647010902,0.5117323633325304,0,,0,0,drift_not_confirmed,,voltage_rolling_mean=231.597654;source_publish_interval=0.504261,,2.435290953144431,17.598707927390933,20.063792122527957
2026-08-10T16:39:11.003513+00:00,measurement_drift_01,meter_02,571,none,none,none,none,none,normal_drift,0.998526494605943,0.4628783076545509,0,,1,0,collecting_candidates;drift_not_confirmed,voltage_rolling_mean,voltage_rolling_mean=230.761729;source_publish_interval=0.504260,voltage_rolling_mean,0.7133330218493938,11.31045795045793,12.045374838635325
2026-08-10T16:39:11.015668+00:00,measurement_drift_01,meter_03,571,none,none,none,none,none,none,0.9988441959364445,0.47769718104578746,0,,0,0,drift_not_confirmed,,voltage_rolling_mean=230.608773;source_publish_interval=0.504259,,0.5361670628190041,9.438125183805823,9.992958977818489
2026-08-10T16:39:11.488125+00:00,measurement_drift_01,meter_01,572,none,none,none,none,none,none,0.9999921350093284,0.4874425713330099,0,,0,0,drift_not_confirmed,,voltage_rolling_mean=231.597654;source_publish_interval=0.504261,,2.49066692776978,22.338708862662315,24.86837492324412
2026-08-10T16:39:11.513371+00:00,measurement_drift_01,meter_02,572,none,none,none,none,none,normal_drift,0.998809376500542,0.4767171380929645,0,,1,0,collecting_candidates;drift_not_confirmed,voltage_rolling_mean,voltage_rolling_mean=230.761729;source_publish_interval=0.504260,voltage_rolling_mean,0.8527080062776804,12.04399997368455,12.921666959300637
2026-08-10T16:39:11.526426+00:00,measurement_drift_01,meter_03,572,none,none,none,none,none,none,0.9717632269306868,0.4556944247599833,0,,0,0,drift_not_confirmed,,voltage_rolling_mean=230.608773;source_publish_interval=0.504259,,0.599707942456007,9.474207879975438,10.091958101838827
2026-08-10T16:39:11.993472+00:00,measurement_drift_01,meter_01,573,none,none,none,none,none,none,0.9999814626030851,0.4498239695098606,0,,0,0,drift_not_confirmed,,voltage_rolling_mean=231.597654;source_publish_interval=0.504261,,2.138208132237196,21.909917006269097,24.085375014692545
2026-08-10T16:39:12.017887+00:00,measurement_drift_01,meter_02,573,none,none,none,none,none,normal_drift,0.9933512646880471,0.45081072951792756,0,,1,1,drift_not_confirmed;reference_updated,voltage_rolling_mean,voltage_rolling_mean=229.761729;source_publish_interval=0.504260,voltage_rolling_mean,0.8506248705089092,11.97912497445941,12.857417110353708
2026-08-10T16:39:12.030862+00:00,measurement_drift_01,meter_03,573,none,none,none,none,none,none,0.9823014914700743,0.4507696404021343,0,,0,0,drift_not_confirmed,,voltage_rolling_mean=230.608773;source_publish_interval=0.504259,,0.532875070348382,9.546083165332675,10.097791906446218
2026-08-10T16:39:12.498449+00:00,measurement_drift_01,meter_01,574,none,none,none,none,none,none,0.9999706681929462,0.44415909222427924,0,,0,0,drift_not_confirmed,,voltage_rolling_mean=231.597654;source_publish_interval=0.504261,,1.821042038500309,22.2376249730587,24.09262489527464
2026-08-10T16:39:12.522809+00:00,measurement_drift_01,meter_02,574,none,none,none,none,none,normal_drift,0.9997295786003308,0.4977728597475038,0,,1,0,collecting_candidates;drift_not_confirmed,voltage_rolling_mean,voltage_rolling_mean=229.761729;source_publish_interval=0.504260,voltage_rolling_mean,0.8232500404119492,12.408833019435406,13.25587509199977
2026-08-10T16:39:12.536186+00:00,measurement_drift_01,meter_03,574,none,none,none,none,none,none,0.9814754473133425,0.46114089767151345,0,,0,0,drift_not_confirmed,,voltage_rolling_mean=230.608773;source_publish_interval=0.504259,,0.5756248719990253,9.58758289925754,10.180708020925522
2026-08-10T16:39:13.003585+00:00,measurement_drift_01,meter_01,575,none,none,none,none,none,none,0.9999008906877683,0.4468931952576933,0,,0,0,drift_not_confirmed,,voltage_rolling_mean=231.597654;source_publish_interval=0.504261,,1.9892079290002584,21.896874997764826,23.922624997794628
2026-08-10T16:39:13.027802+00:00,measurement_drift_01,meter_02,575,none,none,none,none,none,normal_drift,0.9989831657800562,0.4570352434921175,0,,1,0,collecting_candidates;drift_not_confirmed,voltage_rolling_mean,voltage_rolling_mean=229.761729;source_publish_interval=0.504260,voltage_rolling_mean,0.829166965559125,12.270167004317045,13.124958146363497
2026-08-10T16:39:13.041040+00:00,measurement_drift_01,meter_03,575,none,none,none,none,none,none,0.9616262284685202,0.5430195572089392,0,,0,0,drift_not_confirmed,,voltage_rolling_mean=230.608773;source_publish_interval=0.504259,,0.5512910429388285,9.626457933336496,10.196625022217631
2026-08-10T16:39:13.507238+00:00,measurement_drift_01,meter_01,576,none,none,none,none,none,none,0.9999150813841237,0.5351170309068063,0,,0,0,drift_not_confirmed,,voltage_rolling_mean=231.597654;source_publish_interval=0.504261,,2.348250010982156,22.694958141073585,25.086959125474095
2026-08-10T16:39:13.532652+00:00,measurement_drift_01,meter_02,576,none,none,none,none,none,normal_drift,0.9979009689531593,0.49969217964718665,0,,1,0,collecting_candidates;drift_not_confirmed,voltage_rolling_mean,voltage_rolling_mean=229.761729;source_publish_interval=0.504260,voltage_rolling_mean,0.8545410819351673,11.950000189244747,12.82962504774332
2026-08-10T16:39:13.545596+00:00,measurement_drift_01,meter_03,576,none,none,none,unknown,unknown,unknown,0.927768468334399,0.47535996977574946,0,,0,0,drift_not_confirmed,,voltage_rolling_mean=230.608773;source_publish_interval=0.504259,,0.5870000459253788,9.507500100880861,10.112832998856902
2026-08-10T16:39:14.011791+00:00,measurement_drift_01,meter_01,577,none,none,none,none,none,none,0.9999956892576375,0.5708927923812466,0,,0,0,drift_not_confirmed,,voltage_rolling_mean=231.597654;source_publish_interval=0.504261,,2.861583838239312,19.749541068449616,22.64016610570252
2026-08-10T16:39:14.034780+00:00,measurement_drift_01,meter_02,577,none,none,none,none,none,normal_drift,0.9997407093691075,0.5504756028150585,0,,1,0,collecting_candidates;drift_not_confirmed,voltage_rolling_mean,voltage_rolling_mean=229.761729;source_publish_interval=0.504260,voltage_rolling_mean,0.7194171193987131,11.673124972730875,12.419957900419831
2026-08-10T16:39:14.047311+00:00,measurement_drift_01,meter_03,577,none,none,none,none,none,none,0.998998041565936,0.4861537688613782,0,,0,0,drift_not_confirmed,,voltage_rolling_mean=230.608773;source_publish_interval=0.504259,,0.5793331656605005,9.716790867969394,10.317291831597686
2026-08-10T16:39:14.512893+00:00,measurement_drift_01,meter_01,578,none,none,none,none,none,none,0.9999733735661743,0.43555316730074867,0,,0,0,drift_not_confirmed,,voltage_rolling_mean=231.597654;source_publish_interval=0.504261,,2.2857910953462124,22.963166935369372,25.291291996836662
2026-08-10T16:39:14.538402+00:00,measurement_drift_01,meter_02,578,none,none,none,none,none,normal_drift,0.9966132996428795,0.4655767555499853,0,,1,0,collecting_candidates;drift_not_confirmed,voltage_rolling_mean,voltage_rolling_mean=229.761729;source_publish_interval=0.504260,voltage_rolling_mean,0.9565840009599924,12.561541981995106,13.544333865866065
2026-08-10T16:39:14.552120+00:00,measurement_drift_01,meter_03,578,none,none,none,none,none,none,0.9863017624147536,0.47628355161573355,0,,0,0,drift_not_confirmed,,voltage_rolling_mean=230.608773;source_publish_interval=0.504259,,0.6054581608623266,9.881791891530156,10.50987490452826
2026-08-10T16:39:15.019118+00:00,measurement_drift_01,meter_01,579,none,none,none,none,none,none,0.999810382800848,0.45345009534487485,0,,0,0,drift_not_confirmed,,voltage_rolling_mean=231.597654;source_publish_interval=0.504261,,2.2722501307725906,20.204416941851377,22.509082918986678
2026-08-10T16:39:15.042018+00:00,measurement_drift_01,meter_02,579,none,none,none,none,none,normal_drift,0.9996479383122656,0.4614512022971991,0,,1,0,collecting_candidates;drift_not_confirmed,voltage_rolling_mean,voltage_rolling_mean=229.761729;source_publish_interval=0.504260,voltage_rolling_mean,0.7342079188674688,11.682749958708882,12.453041970729828
2026-08-10T16:39:15.054582+00:00,measurement_drift_01,meter_03,579,none,none,none,none,none,none,0.9990868327671324,0.4700655376154227,0,,0,0,drift_not_confirmed,,voltage_rolling_mean=230.608773;source_publish_interval=0.504259,,0.5481659900397062,9.430124890059233,9.996416978538036
2026-08-10T16:39:15.524395+00:00,measurement_drift_01,meter_01,580,none,none,none,none,none,none,0.9994368462397969,0.45234760786794204,0,,0,0,drift_not_confirmed,,voltage_rolling_mean=231.597654;source_publish_interval=0.504261,,2.463334007188678,21.536041982471943,24.03579093515873
2026-08-10T16:39:15.548820+00:00,measurement_drift_01,meter_02,580,none,none,none,none,none,normal_drift,0.9966938952057457,0.4899567941304293,0,,1,0,collecting_candidates;drift_not_confirmed,voltage_rolling_mean,voltage_rolling_mean=229.761729;source_publish_interval=0.504260,voltage_rolling_mean,0.8057497907429934,11.75095816142857,12.580666923895478
2026-08-10T16:39:15.561509+00:00,measurement_drift_01,meter_03,580,none,none,none,none,none,none,0.9878595419955926,0.44722721213488426,0,,0,0,drift_not_confirmed,,voltage_rolling_mean=230.608773;source_publish_interval=0.504259,,0.5944168660789728,9.61583387106657,10.228707920759916
2026-08-10T16:39:16.027709+00:00,measurement_drift_01,meter_01,581,none,none,none,none,none,none,0.999975899725137,0.4891295282556476,0,,0,0,drift_not_confirmed,,voltage_rolling_mean=231.597654;source_publish_interval=0.504261,,1.3111250009387732,21.000541979447007,22.34633290208876
2026-08-10T16:39:16.050297+00:00,measurement_drift_01,meter_02,581,none,none,none,none,none,normal_drift,0.9974424273408075,0.46507929054207253,0,,1,0,collecting_candidates;drift_not_confirmed,voltage_rolling_mean,voltage_rolling_mean=229.761729;source_publish_interval=0.504260,voltage_rolling_mean,0.8987910114228725,13.72554199770093,14.648583019152284
2026-08-10T16:39:16.065071+00:00,measurement_drift_01,meter_03,581,none,none,none,none,none,none,0.993398908134063,0.44574178722160906,0,,0,0,drift_not_confirmed,,voltage_rolling_mean=230.608773;source_publish_interval=0.504259,,0.6372909992933273,10.492458008229733,11.148292105644941
2026-08-10T16:39:16.533989+00:00,measurement_drift_01,meter_01,582,none,none,none,none,none,none,0.9998529708048273,0.43896362731691535,0,,0,0,drift_not_confirmed,,voltage_rolling_mean=231.597654;source_publish_interval=0.504261,,1.9898328464478254,21.86683309264481,23.892167024314404
2026-08-10T16:39:16.558171+00:00,measurement_drift_01,meter_02,582,none,none,none,none,none,normal_drift,0.9965228205090733,0.45081996070261854,0,,1,0,collecting_candidates;drift_not_confirmed,voltage_rolling_mean,voltage_rolling_mean=229.761729;source_publish_interval=0.504260,voltage_rolling_mean,0.832458958029747,11.8106659501791,12.66741706058383
2026-08-10T16:39:16.570954+00:00,measurement_drift_01,meter_03,582,none,none,none,none,none,none,0.9961458737109443,0.44874759784185314,0,,0,0,drift_not_confirmed,,voltage_rolling_mean=230.608773;source_publish_interval=0.504259,,0.6006250623613596,9.581458987668157,10.201415978372097
2026-08-10T16:39:17.038296+00:00,measurement_drift_01,meter_01,583,none,none,none,none,none,none,0.9999308002026445,0.4454005749238382,0,,0,0,drift_not_confirmed,,voltage_rolling_mean=231.597654;source_publish_interval=0.504261,,1.5012919902801514,21.529209101572633,23.073583841323853
2026-08-10T16:39:17.061654+00:00,measurement_drift_01,meter_02,583,none,none,none,unknown,unknown,normal_drift,0.990903820356908,0.6167575892942135,0,,1,0,collecting_candidates;drift_not_confirmed,voltage_rolling_mean,voltage_rolling_mean=229.761729;source_publish_interval=0.504260,voltage_rolling_mean,0.8884579874575138,12.56604096852243,13.484375085681677
2026-08-10T16:39:17.075326+00:00,measurement_drift_01,meter_03,583,none,none,none,none,none,none,0.9945129086399515,0.45510927818934127,0,,0,0,drift_not_confirmed,,voltage_rolling_mean=230.608773;source_publish_interval=0.504259,,0.6272920873016119,10.042292065918446,10.689500020816922
2026-08-10T16:39:17.544025+00:00,measurement_drift_01,meter_01,584,none,none,none,none,none,none,0.9996166976642784,0.5213036543995485,0,,0,0,drift_not_confirmed,,voltage_rolling_mean=231.597654;source_publish_interval=0.504261,,2.090750029310584,21.97583415545523,24.10304080694914
2026-08-10T16:39:17.568434+00:00,measurement_drift_01,meter_02,584,none,none,none,none,none,normal_drift,0.9962932915014112,0.46662361603830166,0,,1,0,collecting_candidates;drift_not_confirmed,voltage_rolling_mean,voltage_rolling_mean=229.761729;source_publish_interval=0.504260,voltage_rolling_mean,0.8257499430328608,12.019250076264143,12.869250029325485
2026-08-10T16:39:17.581428+00:00,measurement_drift_01,meter_03,584,none,none,none,none,none,none,0.9981305901285005,0.4918619340679192,0,,0,0,drift_not_confirmed,,voltage_rolling_mean=230.608773;source_publish_interval=0.504259,,0.570167088881135,9.486542083323002,10.075250174850225
2026-08-10T16:39:18.049176+00:00,measurement_drift_01,meter_01,585,none,none,none,none,none,none,0.9999152530027235,0.5379913480596745,0,,0,0,drift_not_confirmed,,voltage_rolling_mean=231.597654;source_publish_interval=0.504261,,2.4283339735120535,21.278625121340156,23.74283387325704
2026-08-10T16:39:18.073341+00:00,measurement_drift_01,meter_02,585,none,none,none,none,none,normal_drift,0.9972777765440022,0.45086651724597765,0,,1,0,collecting_candidates;drift_not_confirmed,voltage_rolling_mean,voltage_rolling_mean=229.761729;source_publish_interval=0.504260,voltage_rolling_mean,0.7317080162465572,11.857457924634218,12.613959144800901
2026-08-10T16:39:18.086087+00:00,measurement_drift_01,meter_03,585,none,none,none,none,none,none,0.9956520832389965,0.48693755000572647,0,,0,0,drift_not_confirmed,,voltage_rolling_mean=230.608773;source_publish_interval=0.504259,,0.5516249220818281,9.482125053182244,10.052332887426019
2026-08-10T16:39:18.554053+00:00,measurement_drift_01,meter_01,586,none,none,none,none,none,none,0.9996647615321165,0.46801150093237903,0,,0,0,drift_not_confirmed,,voltage_rolling_mean=231.597654;source_publish_interval=0.504261,,2.051583956927061,21.95533295162022,24.0429169498384
2026-08-10T16:39:18.578407+00:00,measurement_drift_01,meter_02,586,none,none,none,none,none,normal_drift,0.9996089803077304,0.5308201914868279,0,,1,0,collecting_candidates;drift_not_confirmed,voltage_rolling_mean,voltage_rolling_mean=229.761729;source_publish_interval=0.504260,voltage_rolling_mean,0.8371248841285706,11.839292012155056,12.701832922175527
2026-08-10T16:39:18.591233+00:00,measurement_drift_01,meter_03,586,none,none,none,none,none,none,0.9983543298108521,0.47246227995027457,0,,0,0,drift_not_confirmed,,voltage_rolling_mean=230.608773;source_publish_interval=0.504259,,0.5687910597771406,9.509708033874631,10.097833117470145
2026-08-10T16:39:19.059326+00:00,measurement_drift_01,meter_01,587,none,none,none,none,none,none,0.9992953207340696,0.45724910037768113,0,,0,0,drift_not_confirmed,,voltage_rolling_mean=231.597654;source_publish_interval=0.504261,,1.962041947990656,21.855833008885384,23.85279117152095
2026-08-10T16:39:19.083504+00:00,measurement_drift_01,meter_02,587,none,none,none,none,none,normal_drift,0.9959887494245071,0.4534404813405297,0,,1,0,collecting_candidates;drift_not_confirmed,voltage_rolling_mean,voltage_rolling_mean=229.761729;source_publish_interval=0.504260,voltage_rolling_mean,0.8532078936696053,11.778333922848105,12.656333157792687
2026-08-10T16:39:19.096281+00:00,measurement_drift_01,meter_03,587,none,none,none,none,none,none,0.9821617369192956,0.47495080131247064,0,,0,0,drift_not_confirmed,,voltage_rolling_mean=230.608773;source_publish_interval=0.504259,,0.5752078723162413,9.455417050048709,10.049167089164257
2026-08-10T16:39:19.563583+00:00,measurement_drift_01,meter_01,588,none,none,none,none,none,none,0.9992166689570019,0.5275100781280989,0,,0,0,drift_not_confirmed,,voltage_rolling_mean=231.597654;source_publish_interval=0.504261,,2.091499976813793,22.17591693624854,24.301583878695965
2026-08-10T16:39:19.588284+00:00,measurement_drift_01,meter_02,588,none,none,none,none,none,normal_drift,0.9868504010235872,0.5079420823017313,0,,1,0,collecting_candidates;drift_not_confirmed,voltage_rolling_mean,voltage_rolling_mean=229.761729;source_publish_interval=0.504260,voltage_rolling_mean,0.8275418076664209,12.019958114251494,12.872041901573539
2026-08-10T16:39:19.601267+00:00,measurement_drift_01,meter_03,588,none,none,none,none,none,none,0.9887449472960473,0.4670920710813534,0,,0,0,drift_not_confirmed,,voltage_rolling_mean=230.608773;source_publish_interval=0.504259,,0.6084160413593054,9.485292015597224,10.111791081726551
2026-08-10T16:39:20.068682+00:00,measurement_drift_01,meter_01,589,none,none,none,none,none,none,0.9989430966975542,0.45261275035545434,0,,0,0,drift_not_confirmed,,voltage_rolling_mean=231.597654;source_publish_interval=0.504261,,2.024916000664234,21.875499980524182,23.93541601486504
2026-08-10T16:39:20.092917+00:00,measurement_drift_01,meter_02,589,none,none,none,none,none,none,0.9486840848289717,0.48506022310020136,0,,0,0,drift_not_confirmed;sample_not_trusted,,voltage_rolling_mean=229.761729;source_publish_interval=0.504260,voltage_rolling_mean,0.8292500860989094,11.968292063102126,12.820333940908313
2026-08-10T16:39:20.105839+00:00,measurement_drift_01,meter_03,589,none,none,none,none,none,none,0.9983591288399289,0.4462844959619853,0,,0,0,drift_not_confirmed,,voltage_rolling_mean=230.608773;source_publish_interval=0.504259,,0.5445419810712337,9.456667117774487,10.019083973020315
2026-08-10T16:39:20.571597+00:00,measurement_drift_01,meter_01,590,none,none,none,none,none,none,0.997971446702474,0.45456107090163134,0,,0,0,drift_not_confirmed,,voltage_rolling_mean=231.597654;source_publish_interval=0.504261,,2.0188328344374895,22.14249991811812,24.20033304952085
2026-08-10T16:39:20.596097+00:00,measurement_drift_01,meter_02,590,none,none,none,none,none,normal_drift,0.9927443992252429,0.48708634053094924,0,,1,0,collecting_candidates;drift_not_confirmed,voltage_rolling_mean,voltage_rolling_mean=229.761729;source_publish_interval=0.504260,voltage_rolling_mean,0.839125132188201,11.690834071487188,12.553875101730227
2026-08-10T16:39:20.608763+00:00,measurement_drift_01,meter_03,590,none,none,none,none,none,none,0.9982652698404932,0.5296620189236139,0,,0,0,drift_not_confirmed,,voltage_rolling_mean=230.608773;source_publish_interval=0.504259,,0.5648331716656685,9.418457979336381,10.001457994803786
2026-08-10T16:39:21.073719+00:00,measurement_drift_01,meter_01,591,none,none,none,none,none,none,0.9980817599815361,0.45706953538540734,0,,0,0,drift_not_confirmed,,voltage_rolling_mean=231.597654;source_publish_interval=0.504261,,2.4946671910583973,20.33770806156099,22.864833008497953
2026-08-10T16:39:21.096925+00:00,measurement_drift_01,meter_02,591,none,none,none,none,none,normal_drift,0.9995862335253677,0.4945938546588666,0,,1,0,collecting_candidates;drift_not_confirmed,voltage_rolling_mean,voltage_rolling_mean=229.761729;source_publish_interval=0.504260,voltage_rolling_mean,0.7043748628348112,11.657249880954623,12.385500129312277
2026-08-10T16:39:21.109413+00:00,measurement_drift_01,meter_03,591,none,none,none,none,none,none,0.9997884839952499,0.4741089931170761,0,,0,0,drift_not_confirmed,,voltage_rolling_mean=230.608773;source_publish_interval=0.504259,,0.6040420848876238,9.580291109159589,10.202375007793307
2026-08-10T16:39:21.579525+00:00,measurement_drift_01,meter_01,592,none,none,none,none,none,none,0.9917604711882936,0.48989470421692927,0,,0,0,drift_not_confirmed,,voltage_rolling_mean=231.597654;source_publish_interval=0.504261,,1.7502920236438513,21.16291713900864,22.980666952207685
2026-08-10T16:39:21.602959+00:00,measurement_drift_01,meter_02,592,none,none,none,none,none,normal_drift,0.9984455126478856,0.5414984089655109,0,,1,0,collecting_candidates;drift_not_confirmed,voltage_rolling_mean,voltage_rolling_mean=229.761729;source_publish_interval=0.504260,voltage_rolling_mean,0.9649579878896475,12.688708025962114,13.688582926988602
2026-08-10T16:39:21.616845+00:00,measurement_drift_01,meter_03,592,none,none,none,none,none,none,0.9961142686656143,0.46088401731222556,0,,0,0,drift_not_confirmed,,voltage_rolling_mean=230.608773;source_publish_interval=0.504259,,0.659208046272397,10.009041987359524,10.697457939386368
2026-08-10T16:39:22.083561+00:00,measurement_drift_01,meter_01,593,none,none,none,none,none,none,0.9975066798419507,0.4528398297818422,0,,0,0,drift_not_confirmed,,voltage_rolling_mean=231.597654;source_publish_interval=0.504261,,1.766667002812028,22.069500060752034,23.881832836195827
2026-08-10T16:39:22.107949+00:00,measurement_drift_01,meter_02,593,none,none,none,none,none,normal_drift,0.9960444382056778,0.46345682305500463,0,,1,0,collecting_candidates;drift_not_confirmed,voltage_rolling_mean,voltage_rolling_mean=229.761729;source_publish_interval=0.504260,voltage_rolling_mean,0.8582498412579298,11.959999799728394,12.843499891459942
2026-08-10T16:39:22.122158+00:00,measurement_drift_01,meter_03,593,none,none,none,none,none,none,0.9997631796945938,0.5379294142203037,0,,0,0,drift_not_confirmed,,voltage_rolling_mean=230.608773;source_publish_interval=0.504259,,0.5994171369820833,9.633500128984451,10.253125103190541
2026-08-10T16:39:22.587379+00:00,measurement_drift_01,meter_01,594,none,none,none,none,none,none,0.9899702180314583,0.4531081669243498,0,,0,0,drift_not_confirmed,,voltage_rolling_mean=231.597654;source_publish_interval=0.504261,,1.9749170169234276,22.1859160810709,24.196916026994586
2026-08-10T16:39:22.611942+00:00,measurement_drift_01,meter_02,594,none,none,none,none,none,normal_drift,0.986946108773866,0.4511907812112676,0,,1,1,drift_not_confirmed;reference_updated,voltage_rolling_mean,voltage_rolling_mean=228.961552;source_publish_interval=0.504260,voltage_rolling_mean,0.8518749382346869,11.894582770764828,12.773582944646478
2026-08-10T16:39:22.624848+00:00,measurement_drift_01,meter_03,594,none,none,none,none,none,none,0.9997393865306277,0.5209888377206436,0,,0,0,drift_not_confirmed,,voltage_rolling_mean=230.608773;source_publish_interval=0.504259,,0.6085000932216644,9.742707945406437,10.373750003054738
2026-08-10T16:39:23.092754+00:00,measurement_drift_01,meter_01,595,none,none,none,none,none,none,0.9977738320088263,0.4562023915265122,0,,0,0,drift_not_confirmed,,voltage_rolling_mean=231.597654;source_publish_interval=0.504261,,2.3599162232130766,22.952584084123373,25.34620789811015
2026-08-10T16:39:23.118476+00:00,measurement_drift_01,meter_02,595,none,none,none,none,none,normal_drift,0.9898123346679952,0.49871366104475445,0,,1,0,collecting_candidates;drift_not_confirmed,voltage_rolling_mean,voltage_rolling_mean=228.961552;source_publish_interval=0.504260,voltage_rolling_mean,0.7164999842643738,11.873875046148896,12.615458108484745
2026-08-10T16:39:23.131209+00:00,measurement_drift_01,meter_03,595,none,none,none,none,none,none,0.9924375750561102,0.5360016000971394,0,,0,0,drift_not_confirmed,,voltage_rolling_mean=230.608773;source_publish_interval=0.504259,,0.5548750050365925,9.575417032465339,10.149500099942088
